thread_id,v_rel_smoothed,initial_chi,final_chi,pre_p_mag,post_p_mag,pre_mass,post_mass,pre_s_sum,post_s_sum,pre_s_mean,post_s_mean,pre_age_a,pre_age_b,chi_max,duration,theta,stability_bin,pre_E_total,post_E_total
0,0.000000,1.000000,1.000000,0.000000,0.230585,7412.000000,300.000000,0.000000,33.333333,0.000000,16.666667,10,10,1.000000,1000.000000,0.000000,0.000000,0.000000,0.000000
0,0.000000,0.545455,0.545455,4.803768,0.000000,7454.000000,0.000000,18.675743,0.000000,9.337872,0.000000,20,10,0.545455,1000.000000,0.000000,5.000000,0.375518,0.000000
0,0.000000,0.833333,0.833333,0.052375,0.000000,522.250000,0.000000,50.897819,0.000000,25.448909,0.000000,30,10,0.833333,1000.000000,0.000000,25.000000,1.018042,0.000000
0,0.000000,0.125000,0.125000,2.808361,0.000000,2869.500000,0.000000,60.502421,0.000000,30.251211,0.000000,50,20,0.125000,1000.000000,0.000000,30.000000,1.211453,0.000000
0,0.000000,0.100000,0.100000,3.654465,0.351889,6105.500000,700.000000,60.527918,39.018740,30.263959,19.509370,50,50,0.100000,1000.000000,0.000000,30.000000,1.211969,0.000000
0,0.000000,0.125000,0.125000,2.808361,0.000000,2869.500000,0.000000,60.502421,0.000000,30.251211,0.000000,50,20,0.125000,1000.000000,0.000000,30.000000,1.211453,0.000000
0,0.000000,0.100000,0.100000,3.654465,0.351889,6105.500000,700.000000,60.527918,39.018740,30.263959,19.509370,50,50,0.100000,1000.000000,0.000000,30.000000,1.211969,0.000000
0,0.000000,0.285714,0.285714,0.040477,0.384563,87.500000,700.000000,33.011271,34.399064,16.505636,17.199532,50,10,0.285714,1000.000000,0.000000,15.000000,0.660240,0.000000
0,0.000000,0.250000,0.250000,0.040477,0.000000,70.138889,0.000000,49.250586,0.000000,24.625293,0.000000,50,10,0.250000,1000.000000,0.000000,20.000000,0.985026,0.000000
0,0.000909,0.500000,0.545455,1.014791,0.034614,3359.000000,800.000000,25.101551,34.931726,12.550776,17.465863,50,10,0.545455,1100.000000,0.000000,10.000000,0.502186,0.000000
0,0.000000,0.153846,0.153846,0.756821,0.034614,4479.080000,800.000000,64.237564,34.931726,32.118782,17.465863,60,60,0.153846,1000.000000,0.000000,30.000000,1.284823,0.000000
0,0.000000,0.333333,0.333333,0.003815,0.000000,396.160000,0.000000,40.651711,0.000000,20.325855,0.000000,70,10,0.333333,1000.000000,0.000000,20.000000,0.813034,0.000000
0,0.001429,0.500000,0.571429,5.763282,0.000000,3597.888889,0.000000,41.187547,0.000000,20.593773,0.000000,30,10,0.571429,1100.000000,0.000000,20.000000,0.828385,0.000000
0,0.000000,0.333333,0.333333,0.003815,0.000000,396.160000,0.000000,40.651711,0.000000,20.325855,0.000000,70,10,0.333333,1000.000000,0.000000,20.000000,0.813034,0.000000
0,0.001045,0.625000,0.583333,1.502061,2.549598,2155.000000,9000.000000,41.707361,45.000000,20.853680,22.500000,40,30,0.774194,1400.000000,0.000000,20.000000,0.834671,0.000000
0,0.001045,0.625000,0.583333,1.502061,2.549598,2155.000000,9000.000000,41.707361,45.000000,20.853680,22.500000,40,30,0.774194,1400.000000,0.000000,20.000000,0.834671,0.000000
0,0.007827,0.125000,0.583333,0.048547,2.549598,318.997732,9000.000000,30.311260,45.000000,15.155630,22.500000,40,10,0.583333,1300.000000,0.000000,15.000000,0.606229,0.000000
0,0.000000,1.000000,1.000000,0.245627,0.000000,600.000000,0.000000,49.092411,0.000000,24.546206,0.000000,20,20,1.000000,1500.000000,0.000000,20.000000,0.981904,0.000000
0,-0.000635,0.142857,0.111111,5.763282,0.264869,3615.250000,800.000000,24.948232,34.610300,12.474116,17.305150,30,10,0.142857,1100.000000,0.000000,10.000000,0.503598,0.000000
0,0.007827,0.125000,0.583333,0.048547,2.549598,318.997732,9000.000000,30.311260,45.000000,15.155630,22.500000,40,10,0.583333,1300.000000,0.000000,15.000000,0.606229,0.000000
0,-0.000952,0.500000,0.428571,0.066469,0.175212,622.612883,303.750000,38.554641,42.454621,19.277321,21.227310,30,10,0.500000,1200.000000,0.000000,15.000000,0.771097,0.000000
0,-0.002909,0.555556,0.428571,0.766309,0.000000,2083.437500,0.000000,57.143523,0.000000,28.571762,0.000000,50,40,0.615385,1300.000000,0.000000,25.000000,1.143011,0.000000
0,0.000000,0.058824,0.058824,0.282154,0.021654,243.699169,64.000000,54.459082,50.000000,27.229541,25.000000,70,30,0.058824,1000.000000,0.000000,25.000000,1.089346,0.000000
0,-0.002362,0.533333,0.428571,0.106946,0.000000,625.781250,0.000000,64.832278,0.000000,32.416139,0.000000,50,30,0.600000,1200.000000,0.000000,30.000000,1.296664,0.000000
0,-0.001786,0.714286,0.625000,0.308571,0.000000,3222.000000,0.000000,45.177422,0.000000,22.588711,0.000000,40,10,0.714286,1100.000000,0.000000,20.000000,0.903566,0.000000
0,-0.000762,0.333333,0.285714,0.171608,1.108148,324.777778,6845.000000,65.807273,37.500000,32.903636,18.750000,40,30,0.333333,1200.000000,0.000000,30.000000,1.316191,0.000000
0,-0.000031,0.028571,0.027027,0.126274,1.108148,824.955017,6845.000000,77.121063,37.500000,38.560531,18.750000,90,50,0.028571,1100.000000,0.000000,35.000000,1.542440,0.000000
0,0.000000,1.000000,1.000000,0.027791,1.129410,88.684747,7894.356401,57.268784,75.120571,28.634392,37.560285,100,10,1.000000,1000.000000,0.000000,25.000000,1.145381,1.502501
0,0.000000,0.200000,0.200000,0.027791,1.239091,138.795858,7345.000000,75.631847,87.500000,37.815923,43.750000,100,10,0.200000,1000.000000,0.000000,35.000000,1.512642,1.750107
0,0.000000,0.375000,0.375000,0.027791,1.144607,110.351414,6873.000000,48.487090,87.500000,24.243545,43.750000,100,10,0.375000,1000.000000,0.000000,20.000000,0.969747,1.750113
0,0.000000,0.090909,0.090909,2.481558,0.021262,3189.111111,1049.356401,42.955793,37.620571,21.477897,18.810285,20,10,0.090909,1000.000000,0.000000,20.000000,0.860086,0.000000
0,0.008500,0.125000,0.550000,0.076929,1.108148,202.177240,6845.000000,51.909152,37.500000,25.954576,18.750000,50,10,0.550000,1100.000000,0.000000,25.000000,1.038200,0.000000
0,0.000000,0.391304,0.391304,0.111689,1.239091,162.675858,7345.000000,81.064189,87.500000,40.532095,43.750000,100,50,0.391304,1000.000000,0.000000,40.000000,1.621329,1.750107
0,0.000000,0.454545,0.454545,0.006110,0.057720,46.288889,1077.356401,50.373372,87.620571,25.186686,43.810285,40,10,0.454545,1000.000000,0.000000,25.000000,1.007468,1.752435
0,0.001652,0.470588,0.550000,0.092863,1.108148,502.257778,6845.000000,48.046618,37.500000,24.023309,18.750000,80,10,0.550000,1200.000000,0.000000,20.000000,0.960957,0.000000
0,-0.000762,0.333333,0.285714,0.171608,1.108148,324.777778,6845.000000,65.807273,37.500000,32.903636,18.750000,80,30,0.333333,1200.000000,0.000000,30.000000,1.316191,0.000000
0,-0.002332,0.615385,0.461538,0.162601,0.000000,794.531250,0.000000,68.540098,0.000000,34.270049,0.000000,60,30,0.615385,1300.000000,0.000000,30.000000,1.370826,0.000000
0,0.000000,1.000000,1.000000,0.027791,1.129410,88.684747,7894.356401,57.268784,75.120571,28.634392,37.560285,60,10,1.000000,1000.000000,0.000000,25.000000,1.145381,1.502501
0,0.000000,0.090909,0.090909,0.523150,0.021262,3189.111111,1049.356401,42.955793,37.620571,21.477897,18.810285,30,10,0.090909,1000.000000,0.000000,20.000000,0.859159,0.000000
0,0.000000,0.125000,0.125000,0.253205,0.007929,951.722222,25.312500,73.630778,41.949365,36.815389,20.974683,80,20,0.125000,1100.000000,0.000000,35.000000,1.472650,0.000000
0,-0.000286,0.142857,0.125000,0.092863,1.116078,193.777778,6870.312500,71.455617,79.449365,35.727808,39.724683,80,10,0.142857,1200.000000,0.000000,35.000000,1.429137,1.589078
0,-0.000031,0.028571,0.027027,0.126274,1.108148,824.955017,6845.000000,77.121063,37.500000,38.560531,18.750000,50,50,0.028571,1100.000000,0.000000,35.000000,1.542440,0.000000
0,0.000000,0.200000,0.200000,0.027791,1.239091,138.795858,7345.000000,75.631847,87.500000,37.815923,43.750000,60,10,0.200000,1000.000000,0.000000,35.000000,1.512642,1.750107
0,0.001652,0.470588,0.550000,0.092863,1.108148,502.257778,6845.000000,48.046618,37.500000,24.023309,18.750000,40,10,0.550000,1200.000000,0.000000,20.000000,0.960957,0.000000
0,-0.001417,0.133333,0.062500,0.051570,0.272675,682.000000,900.000000,63.407200,39.616297,31.703600,19.808149,50,30,0.133333,1100.000000,0.000000,30.000000,1.268146,0.000000
0,-0.002432,0.222222,0.086957,0.330223,0.130943,812.583333,500.000000,63.143835,50.000000,31.571917,25.000000,40,30,0.222222,1200.000000,0.000000,30.000000,1.262944,0.000000
0,0.000000,0.095238,0.095238,0.075206,0.000000,703.240000,0.000000,69.960690,0.000000,34.980345,0.000000,50,40,0.095238,1100.000000,0.000000,30.000000,1.399222,0.000000
0,0.000000,0.560000,0.560000,0.033900,1.144607,107.195858,6873.000000,87.549032,87.500000,43.774516,43.750000,100,40,0.560000,1000.000000,0.000000,40.000000,1.750986,1.750113
0,0.000366,0.076923,0.095238,3.342894,0.130943,5345.240000,500.000000,60.080473,50.000000,30.040237,25.000000,40,40,0.095238,1100.000000,0.000000,30.000000,1.202655,0.000000
0,0.001500,0.125000,0.200000,0.116455,0.042893,493.375000,345.884444,43.703914,47.368421,21.851957,23.684211,30,10,0.200000,1100.000000,0.000000,20.000000,0.874093,0.000000
0,0.000000,0.050000,0.050000,2.487668,0.036458,3207.622222,28.000000,73.236042,50.000000,36.618021,25.000000,40,20,0.050000,1000.000000,0.000000,35.000000,1.465691,0.000000
0,0.000000,0.375000,0.375000,0.027791,1.144607,110.351414,6873.000000,48.487090,87.500000,24.243545,43.750000,60,10,0.375000,1000.000000,0.000000,20.000000,0.969747,1.750113
0,-0.001115,0.529412,0.473684,0.374594,0.018840,1052.051020,64.000000,60.005594,50.000000,30.002797,25.000000,80,30,0.529412,1100.000000,0.000000,30.000000,1.200215,0.000000
0,0.000000,0.391304,0.391304,0.111689,1.239091,162.675858,7345.000000,81.064189,87.500000,40.532095,43.750000,60,50,0.391304,1000.000000,0.000000,40.000000,1.621329,1.750107
0,0.000000,0.347826,0.347826,0.090008,0.167401,120.280000,528.000000,74.168777,100.000000,37.084388,50.000000,50,40,0.347826,1000.000000,0.000000,35.000000,1.483416,2.000041
0,-0.000286,0.142857,0.125000,0.092863,1.116078,193.777778,6870.312500,71.455617,79.449365,35.727808,39.724683,40,10,0.142857,1200.000000,0.000000,35.000000,1.429137,1.589078
0,0.000000,0.050000,0.050000,0.529260,0.036458,3207.622222,28.000000,73.236042,50.000000,36.618021,25.000000,40,30,0.050000,1000.000000,0.000000,35.000000,1.464765,0.000000
0,0.000000,0.090909,0.090909,0.027545,0.021262,67.128889,1049.356401,52.415123,37.620571,26.207561,18.810285,50,10,0.090909,1000.000000,0.000000,25.000000,1.048310,0.000000
0,-0.002667,0.200000,0.066667,0.049344,0.042893,695.375000,345.884444,39.301133,47.368421,19.650567,23.684211,50,10,0.200000,1100.000000,0.000000,15.000000,0.786025,0.000000
0,0.000000,0.125000,0.125000,0.083898,0.167401,123.435556,528.000000,35.106835,100.000000,17.553417,50.000000,50,10,0.125000,1000.000000,0.000000,15.000000,0.702177,2.000041
0,0.000000,0.454545,0.454545,0.083898,0.152204,101.768889,1549.356401,43.888529,87.620571,21.944264,43.810285,50,10,0.454545,1000.000000,0.000000,20.000000,0.877811,1.752429
0,-0.000124,0.058824,0.052632,0.185670,0.018840,777.551020,64.000000,59.677990,50.000000,29.838995,25.000000,50,30,0.058824,1100.000000,0.000000,25.000000,1.193635,0.000000
0,0.000000,0.200000,0.200000,0.916838,0.021158,4862.387755,63.000000,55.067962,41.389564,27.533981,20.694782,90,20,0.200000,1000.000000,0.000000,25.000000,1.101459,0.000000
0,0.000000,0.100000,0.100000,0.628625,0.039998,4252.102041,127.000000,49.994776,91.389564,24.997388,45.694782,40,20,0.100000,1000.000000,0.000000,20.000000,0.999943,1.827798
0,0.000000,0.560000,0.560000,0.033900,1.144607,107.195858,6873.000000,87.549032,87.500000,43.774516,43.750000,60,40,0.560000,1000.000000,0.000000,40.000000,1.750986,1.750113
0,0.008500,0.125000,0.550000,0.076929,1.108148,202.177240,6845.000000,51.909152,37.500000,25.954576,18.750000,90,10,0.550000,1100.000000,0.000000,25.000000,1.038200,0.000000
0,-0.001229,0.111111,0.043478,0.033124,0.671379,69.112948,1255.265306,67.486282,81.921294,33.743141,40.960647,20,20,0.133333,1300.000000,0.000000,30.000000,1.349734,1.638699
0,-0.009108,0.900000,0.384615,0.002225,0.338068,77.375000,1227.306122,37.355097,83.151307,18.677548,41.575654,30,10,0.900000,1200.000000,0.000000,15.000000,0.747102,1.663073
0,0.000000,0.125000,0.125000,0.002311,0.075449,156.259259,327.306122,59.237759,43.181818,29.618880,21.590909,50,10,0.125000,1000.000000,0.000000,25.000000,1.184755,0.000000
0,0.003268,0.055556,0.217391,0.098838,0.408760,183.446281,355.265306,57.227220,41.951805,28.613610,20.975903,30,20,0.217391,1300.000000,0.000000,25.000000,1.144571,0.000000
0,-0.005048,1.000000,0.714286,0.025861,0.000000,153.240000,0.000000,65.630496,0.000000,32.815248,0.000000,40,10,1.000000,1200.000000,0.000000,30.000000,1.312616,0.000000
0,-0.001371,0.857143,0.750000,0.078745,0.004888,163.000000,16.200000,51.044504,41.995974,25.522252,20.997987,30,10,0.857143,1300.000000,0.000000,25.000000,1.020911,0.000000
0,0.000000,0.200000,0.200000,0.070529,0.272660,187.590278,1005.875000,38.945260,77.340614,19.472630,38.670307,50,10,0.200000,1000.000000,0.000000,15.000000,0.778925,1.546851
0,0.000000,0.666667,0.666667,0.070529,0.338068,265.960648,1227.306122,46.870013,83.151307,23.435007,41.575654,50,10,0.666667,1000.000000,0.000000,20.000000,0.937420,1.663073
0,-0.000041,0.058824,0.055556,0.162187,0.535797,180.791020,384.000000,64.285444,33.333333,32.142722,16.666667,40,30,0.058824,1200.000000,0.000000,30.000000,1.285788,0.000000
0,0.000000,0.333333,0.333333,0.378399,0.020378,664.440000,63.000000,62.867294,41.425470,31.433647,20.712735,60,30,0.333333,1000.000000,0.000000,30.000000,1.257470,0.000000
0,0.002646,0.238095,0.370370,0.048505,0.522395,202.259259,1555.265306,56.058021,90.833333,28.029011,45.416667,50,10,0.370370,1100.000000,0.000000,25.000000,1.121180,1.816754
0,-0.000303,0.181818,0.166667,9.188304,0.251681,14052.000000,739.265306,56.407640,100.000000,28.203820,50.000000,50,20,0.181818,1100.000000,0.000000,25.000000,1.131158,2.000043
0,0.000000,0.133333,0.133333,12.519116,1.235493,35462.611111,3512.750000,70.097527,80.764198,35.048764,40.382099,110,40,0.133333,1000.000000,0.000000,35.000000,1.404168,1.615501
0,0.000000,0.133333,0.133333,12.516084,1.235493,35462.611111,3512.750000,70.097527,80.764198,35.048764,40.382099,110,20,0.133333,1000.000000,0.000000,35.000000,1.404167,1.615501
0,-0.000080,0.300000,0.370370,0.009342,0.522395,137.885000,1555.265306,39.816103,90.833333,19.908051,45.416667,30,10,0.538462,1300.000000,0.000000,15.000000,0.796323,1.816754
0,0.000000,0.428571,0.428571,0.002686,0.115374,118.560000,355.265306,56.600216,50.000000,28.300108,25.000000,60,10,0.428571,1000.000000,0.000000,25.000000,1.132004,0.000000
0,0.003000,0.050000,0.200000,2.565456,0.444698,3263.102222,600.000000,66.751199,41.666667,33.375599,20.833333,50,20,0.200000,1200.000000,0.000000,30.000000,1.336034,0.000000
0,0.000000,0.200000,0.200000,3.651065,0.444698,2538.777778,600.000000,75.674592,41.666667,37.837296,20.833333,40,30,0.200000,1000.000000,0.000000,35.000000,1.516739,0.000000
0,0.003000,0.050000,0.200000,0.607049,0.444698,3263.102222,600.000000,66.751199,41.666667,33.375599,20.833333,50,30,0.200000,1200.000000,0.000000,30.000000,1.335107,0.000000
0,0.001600,0.875000,1.000000,0.122137,0.000000,774.333333,0.000000,35.948949,0.000000,17.974474,0.000000,20,10,1.000000,1300.000000,0.000000,15.000000,0.718989,0.000000
0,0.000000,0.200000,0.200000,3.651065,0.444698,2538.777778,600.000000,75.674592,41.666667,37.837296,20.833333,50,30,0.200000,1000.000000,0.000000,35.000000,1.516739,0.000000
0,-0.000278,0.125000,0.111111,0.264295,0.018665,566.222222,63.000000,73.202013,41.428325,36.601007,20.714162,40,30,0.125000,1100.000000,0.000000,35.000000,1.464102,0.000000
0,-0.002849,0.285714,0.111111,0.020093,0.115374,52.446281,355.265306,62.875564,50.000000,31.437782,25.000000,20,10,0.285714,1400.000000,0.000000,30.000000,1.257517,0.000000
0,0.000000,0.142857,0.142857,0.449033,0.018665,609.560000,63.000000,58.768659,41.428325,29.384329,20.714162,40,10,0.142857,1000.000000,0.000000,25.000000,1.175560,0.000000
0,0.002321,0.071429,0.187500,2.588820,0.091596,5561.560000,384.000000,53.444552,50.000000,26.722276,25.000000,60,10,0.187500,1100.000000,0.000000,25.000000,1.069501,0.000000
0,0.000000,1.000000,1.000000,1.639947,0.000000,2735.735537,0.000000,58.643085,0.000000,29.321543,0.000000,40,30,1.000000,1000.000000,0.000000,25.000000,1.173355,0.000000
0,0.000909,0.500000,0.545455,0.002311,0.000000,1885.888889,0.000000,69.996593,0.000000,34.998296,0.000000,50,10,0.545455,1200.000000,0.000000,30.000000,1.399932,0.000000
0,0.000000,0.666667,0.666667,0.008126,0.000000,85.872500,0.000000,60.534786,0.000000,30.267393,0.000000,50,10,0.666667,1100.000000,0.000000,30.000000,1.210698,0.000000
0,0.001533,0.062500,0.166667,0.070529,0.364397,1995.590278,1000.000000,57.628847,35.999826,28.814423,17.999913,50,10,0.200000,1200.000000,0.000000,25.000000,1.152597,0.000000
0,0.000000,0.117647,0.117647,2.741310,2.363198,10307.074380,10240.000000,83.528637,78.969320,41.764319,39.484660,120,10,0.117647,1000.000000,0.000000,40.000000,1.670943,1.579674
0,-0.000267,0.250000,0.266667,0.151262,0.062284,154.773243,175.000000,67.627927,42.857143,33.813963,21.428571,30,20,0.333333,1500.000000,0.000000,30.000000,1.352635,0.000000
0,0.000000,0.235294,0.235294,0.699945,0.498234,3860.853333,1703.969136,69.188818,92.857143,34.594409,46.428571,140,40,0.235294,1000.000000,0.000000,30.000000,1.383970,1.857218
0,0.000000,0.235294,0.235294,0.699945,0.498234,3860.853333,1703.969136,69.188818,92.857143,34.594409,46.428571,100,40,0.235294,1000.000000,0.000000,30.000000,1.383970,1.857218
0,0.000000,0.500000,0.500000,0.006077,0.053570,120.277778,131.444444,75.000000,42.857143,37.500000,21.428571,90,10,0.500000,1000.000000,0.000000,35.000000,1.500000,0.000000
0,0.000000,0.066667,0.066667,0.013162,0.053570,123.787982,131.444444,82.499999,42.857143,41.249999,21.428571,70,50,0.066667,1000.000000,0.000000,40.000000,1.650001,0.000000
0,0.000462,0.200000,0.222222,0.076929,0.467052,274.955017,1504.166667,72.790869,50.000000,36.395434,25.000000,50,10,0.222222,1500.000000,0.000000,35.000000,1.455834,0.000000
0,-0.000176,0.058824,0.050000,0.223780,2.620149,4811.959184,8963.000000,81.346187,92.857143,40.673093,46.428571,70,30,0.058824,1100.000000,0.000000,40.000000,1.626932,1.857526
0,-0.000176,0.058824,0.050000,0.223780,2.620149,4811.959184,8963.000000,81.346187,92.857143,40.673093,46.428571,70,50,0.058824,1100.000000,0.000000,40.000000,1.626932,1.857526
0,0.000000,0.235294,0.235294,0.699945,0.498234,3860.853333,1703.969136,69.188818,92.857143,34.594409,46.428571,60,40,0.235294,1000.000000,0.000000,30.000000,1.383970,1.857218
0,0.000000,0.222222,0.222222,0.344689,0.467052,2084.281250,1504.166667,67.131787,50.000000,33.565894,25.000000,50,50,0.222222,1100.000000,0.000000,30.000000,1.342679,0.000000
0,0.000000,0.625000,0.625000,0.007084,0.000000,43.510204,0.000000,67.499999,0.000000,33.749999,0.000000,70,10,0.625000,1000.000000,0.000000,30.000000,1.350001,0.000000
0,0.000000,0.066667,0.066667,0.013162,0.053570,123.787982,131.444444,82.499999,42.857143,41.249999,21.428571,90,70,0.066667,1000.000000,0.000000,40.000000,1.650001,0.000000
0,0.000000,0.200000,0.200000,0.370525,0.589305,1180.281250,2104.166667,69.344378,89.957847,34.672189,44.978923,90,20,0.200000,1100.000000,0.000000,30.000000,1.386961,1.799242
0,-0.000171,0.080000,0.071429,0.194872,2.620149,4871.074380,8963.000000,77.774758,92.857143,38.887379,46.428571,70,10,0.080000,1100.000000,0.000000,35.000000,1.555499,1.857526
0,0.000000,0.200000,0.200000,0.370525,0.589305,1180.281250,2104.166667,69.344378,89.957847,34.672189,44.978923,50,20,0.200000,1100.000000,0.000000,30.000000,1.386961,1.799242
0,0.000000,0.500000,0.500000,0.006077,0.053570,120.277778,131.444444,75.000000,42.857143,37.500000,21.428571,50,10,0.500000,1000.000000,0.000000,35.000000,1.500000,0.000000
0,0.000000,0.200000,0.200000,0.370525,0.589305,1180.281250,2104.166667,69.344378,89.957847,34.672189,44.978923,130,20,0.200000,1100.000000,0.000000,30.000000,1.386961,1.799242
0,0.000462,0.200000,0.222222,0.076929,0.467052,274.955017,1504.166667,72.790869,50.000000,36.395434,25.000000,90,10,0.222222,1500.000000,0.000000,35.000000,1.455834,0.000000
0,-0.001368,0.571429,0.428571,0.000000,0.216346,45.138889,1200.000000,18.581532,36.380531,9.290766,18.190266,10,10,0.600000,1800.000000,0.000000,5.000000,0.371631,0.000000
0,0.000000,0.272727,0.272727,0.225059,0.119544,417.000000,600.000000,65.774511,39.996648,32.887255,19.998324,90,40,0.272727,1000.000000,0.000000,30.000000,1.315669,0.000000
0,0.000000,0.363636,0.363636,0.927345,0.331044,2300.000000,707.421875,83.342995,83.290980,41.671497,41.645490,100,50,0.363636,1000.000000,0.000000,40.000000,1.667082,1.665901
0,0.005000,0.375000,0.625000,0.017445,0.000000,38.375000,0.000000,57.886847,0.000000,28.943423,0.000000,70,10,0.625000,1100.000000,0.000000,25.000000,1.157745,0.000000
0,0.000000,1.000000,1.000000,0.128453,0.000000,216.625000,0.000000,41.810290,0.000000,20.905145,0.000000,60,10,1.000000,1000.000000,0.000000,20.000000,0.836251,0.000000
0,-0.005333,0.666667,0.400000,0.842386,11.875262,2028.611111,159120.000000,65.332192,78.831312,32.666096,39.415656,40,20,0.666667,1400.000000,0.000000,30.000000,1.306826,1.577182
0,-0.007467,0.800000,0.400000,0.000000,11.875262,206.370370,159120.000000,27.924690,78.831312,13.962345,39.415656,10,10,0.800000,1500.000000,0.000000,10.000000,0.558494,1.577182
0,0.000000,0.363636,0.363636,0.927345,0.331044,2300.000000,707.421875,83.342995,83.290980,41.671497,41.645490,70,50,0.363636,1000.000000,0.000000,40.000000,1.667082,1.665901
0,-0.004648,0.666667,0.400000,0.107845,11.875262,347.074380,159120.000000,87.640681,78.831312,43.820341,39.415656,30,10,0.666667,1300.000000,0.000000,40.000000,1.752846,1.577182
0,0.000000,0.250000,0.250000,0.213612,0.103973,148.000000,600.000000,42.967077,39.999733,21.483538,19.999867,40,10,0.250000,1100.000000,0.000000,20.000000,0.859520,0.000000
0,0.000000,0.057143,0.057143,0.342816,0.176259,2173.685078,788.906667,81.858775,40.136879,40.929387,20.068440,100,10,0.057143,1000.000000,0.000000,40.000000,1.637210,0.000000
0,-0.000222,0.111111,0.100000,0.440819,0.047085,694.897959,426.885813,80.733422,89.158413,40.366711,44.579206,70,40,0.111111,1100.000000,0.000000,40.000000,1.614809,1.783171
0,-0.000526,0.500000,0.473684,0.000000,0.000000,147.125000,0.000000,25.264805,0.000000,12.632403,0.000000,10,10,0.500000,1100.000000,0.000000,10.000000,0.505296,0.000000
0,0.000000,0.100000,0.100000,0.093589,0.012185,270.000000,109.102222,69.197912,47.058824,34.598956,23.529412,80,40,0.100000,1000.000000,0.000000,30.000000,1.383977,0.000000
0,0.000000,0.050000,0.050000,0.361932,0.218184,1729.584532,977.906667,69.271744,81.638915,34.635872,40.819457,100,30,0.050000,1000.000000,0.000000,30.000000,1.385479,1.632803
0,0.000000,0.037037,0.037037,0.252243,12.026183,1615.234005,220000.000000,85.976056,45.454545,42.988028,22.727273,120,50,0.037037,1000.000000,0.000000,40.000000,1.719541,0.000000
0,0.000000,0.037037,0.037037,0.252243,12.026183,1615.234005,220000.000000,85.976056,45.454545,42.988028,22.727273,120,90,0.037037,1000.000000,0.000000,40.000000,1.719541,0.000000
0,-0.000222,0.111111,0.100000,0.440819,0.047085,694.897959,426.885813,80.733422,89.158413,40.366711,44.579206,110,40,0.111111,1100.000000,0.000000,40.000000,1.614809,1.783171
0,0.000000,0.066667,0.066667,0.464778,0.151800,2182.391869,500.000000,77.886477,50.000000,38.943239,25.000000,60,10,0.066667,1000.000000,0.000000,35.000000,1.557792,0.000000
0,-0.000592,0.187500,0.157895,0.139364,0.019777,213.125000,98.000000,62.884216,50.000000,31.442108,25.000000,70,10,0.187500,1100.000000,0.000000,30.000000,1.257735,0.000000
0,-0.000642,0.090909,0.058824,0.027423,0.041924,92.909388,189.000000,65.322800,41.502035,32.661400,20.751018,50,20,0.090909,1100.000000,0.000000,30.000000,1.306461,0.000000
0,0.000000,0.105263,0.105263,0.349621,0.050191,1459.067851,300.000000,73.233195,39.999993,36.616597,19.999997,80,20,0.105263,1000.000000,0.000000,35.000000,1.464706,0.000000
0,0.000000,0.037037,0.037037,0.252243,12.026183,1615.234005,220000.000000,85.976056,45.454545,42.988028,22.727273,120,70,0.037037,1000.000000,0.000000,40.000000,1.719541,0.000000
0,0.000000,0.125000,0.125000,0.348547,0.176259,1730.543210,788.906667,78.265187,40.136879,39.132594,20.068440,100,30,0.125000,1000.000000,0.000000,35.000000,1.565339,0.000000
0,-0.000197,0.062500,0.052632,0.241804,0.176259,2311.431122,788.906667,46.088138,40.136879,23.044069,20.068440,90,10,0.062500,1100.000000,0.000000,20.000000,0.921776,0.000000
0,0.000000,0.074074,0.074074,0.553726,0.176259,3043.215085,788.906667,75.321462,40.136879,37.660731,20.068440,120,100,0.074074,1000.000000,0.000000,35.000000,1.506480,0.000000
0,0.000000,1.000000,1.000000,0.063437,0.047411,184.320000,258.860000,36.816689,39.981915,18.408344,19.990958,20,10,1.000000,1300.000000,0.000000,15.000000,0.736384,0.000000
0,0.000000,0.666667,0.666667,0.005732,0.000000,36.000000,0.000000,81.797674,0.000000,40.898837,0.000000,30,10,0.666667,1000.000000,0.000000,40.000000,1.635954,0.000000
0,0.002247,0.285714,0.450000,1.139376,0.041924,15680.500000,189.000000,32.732777,41.502035,16.366389,20.751018,100,10,0.545455,1200.000000,0.000000,15.000000,0.654697,0.000000
0,-0.000592,0.187500,0.157895,0.139364,0.019777,213.125000,98.000000,62.884216,50.000000,31.442108,25.000000,110,10,0.187500,1100.000000,0.000000,30.000000,1.257735,0.000000
0,0.000000,0.142857,0.142857,0.014229,0.000000,37.125000,0.000000,51.293870,0.000000,25.646935,0.000000,90,10,0.142857,1100.000000,0.000000,25.000000,1.025884,0.000000
0,0.000000,0.250000,0.250000,0.471380,0.176259,2283.360000,788.906667,47.487260,40.136879,23.743630,20.068440,80,10,0.250000,1200.000000,0.000000,20.000000,0.949794,0.000000
0,-0.001714,0.600000,0.514286,0.041333,13.524622,745.703999,100806.250000,92.513369,44.000000,46.256684,22.000000,90,10,0.600000,1100.000000,0.000000,45.000000,1.850270,0.000000
0,0.005882,0.125000,0.500000,4.041893,0.049279,7456.281888,300.000000,71.843219,39.999999,35.921610,20.000000,70,50,0.529412,1200.000000,0.000000,35.000000,1.437961,0.000000
0,0.000000,0.055556,0.055556,0.315348,0.198323,1365.306122,800.000000,70.810632,89.999999,35.405316,45.000000,90,10,0.055556,1000.000000,0.000000,35.000000,1.416253,1.800026
0,-0.000222,0.111111,0.100000,0.063665,0.000000,911.141869,0.000000,79.664439,0.000000,39.832219,0.000000,50,10,0.111111,1100.000000,0.000000,35.000000,1.593293,0.000000
0,0.000000,0.500000,0.500000,0.002698,0.000000,475.141869,0.000000,85.286462,0.000000,42.643231,0.000000,30,10,0.500000,1100.000000,0.000000,40.000000,1.705730,0.000000
0,0.000000,0.055556,0.055556,0.093403,0.149044,508.306122,500.000000,71.226079,50.000000,35.613040,25.000000,20,10,0.055556,1000.000000,0.000000,35.000000,1.424533,0.000000
0,0.000000,0.083333,0.083333,0.103484,0.063406,428.500000,180.625000,74.042152,36.363862,37.021076,18.181931,80,20,0.083333,1000.000000,0.000000,35.000000,1.480856,0.000000
0,-0.000993,0.500000,0.444444,1.897335,0.000000,3989.594388,0.000000,73.535410,0.000000,36.767705,0.000000,110,50,0.500000,1200.000000,0.000000,35.000000,1.471160,0.000000
0,0.002692,0.250000,0.384615,0.019117,0.016867,482.183191,228.217500,78.322060,38.232724,39.161030,19.116362,30,10,0.384615,1100.000000,0.000000,35.000000,1.566451,0.000000
0,0.000000,0.400000,0.400000,0.164724,0.160254,913.141869,800.000000,85.906839,39.568285,42.953419,19.784142,70,10,0.400000,1100.000000,0.000000,40.000000,1.718167,0.000000
0,-0.001714,0.600000,0.514286,0.041333,13.524622,745.703999,100806.250000,92.513369,44.000000,46.256684,22.000000,50,10,0.600000,1100.000000,0.000000,45.000000,1.850270,0.000000
0,-0.004000,0.500000,0.250000,0.092417,13.524622,310.377551,100806.250000,51.800428,44.000000,25.900214,22.000000,30,10,0.500000,1300.000000,0.000000,25.000000,1.036023,0.000000
0,-0.001714,0.600000,0.514286,0.041333,13.524622,745.703999,100806.250000,92.513369,44.000000,46.256684,22.000000,70,10,0.600000,1100.000000,0.000000,45.000000,1.850270,0.000000
0,-0.000800,0.250000,0.250000,0.035561,13.524622,100.923077,100806.250000,51.878603,44.000000,25.939301,22.000000,70,10,0.500000,1300.000000,0.000000,25.000000,1.037579,0.000000
0,0.000000,0.500000,0.500000,0.104439,0.000000,395.000000,0.000000,79.462751,0.000000,39.731376,0.000000,40,20,0.500000,1000.000000,0.000000,35.000000,1.589269,0.000000
0,-0.000800,0.250000,0.250000,0.035561,13.524622,100.923077,100806.250000,51.878603,44.000000,25.939301,22.000000,50,10,0.500000,1300.000000,0.000000,25.000000,1.037579,0.000000
0,0.000000,0.133333,0.133333,0.189626,0.013002,4641.687500,505.227709,69.655078,38.400499,34.827539,19.200249,180,120,0.133333,1000.000000,0.000000,30.000000,1.393137,0.000000
0,0.000000,1.000000,1.000000,0.122770,0.024934,386.040000,546.750000,43.219800,45.833333,21.609900,22.916667,120,10,1.000000,1000.000000,0.000000,20.000000,0.864416,0.000000
0,0.000000,0.400000,0.400000,0.234378,0.000000,312.062500,0.000000,79.428393,0.000000,39.714196,0.000000,70,30,0.400000,1000.000000,0.000000,35.000000,1.588662,0.000000
0,0.003968,0.037037,0.285714,0.559250,0.049456,2765.729726,300.000000,77.082076,40.000000,38.541038,20.000000,120,80,0.285714,1300.000000,0.000000,35.000000,1.541701,0.000000
0,0.000000,0.181818,0.181818,0.532170,0.103942,1015.777778,442.968750,49.419745,50.000000,24.709872,25.000000,100,10,0.181818,1000.000000,0.000000,20.000000,0.988538,0.000000
0,0.000000,0.090909,0.090909,0.022297,0.143978,136.937500,2042.300000,75.636270,80.597815,37.818135,40.298908,120,70,0.090909,1000.000000,0.000000,35.000000,1.512729,1.611962
0,0.000000,0.636364,0.636364,0.018385,0.000000,97.201247,0.000000,43.674746,0.000000,21.837373,0.000000,20,10,0.636364,1000.000000,0.000000,20.000000,0.873497,0.000000
0,0.000000,0.214286,0.214286,0.020273,0.110337,78.587302,335.239305,52.864582,82.815455,26.432291,41.407728,60,10,0.214286,1000.000000,0.000000,25.000000,1.057295,1.656333
0,0.000000,0.166667,0.166667,0.099158,0.049456,1294.356401,300.000000,77.367683,40.000000,38.683841,20.000000,110,30,0.166667,1000.000000,0.000000,35.000000,1.547366,0.000000
0,-0.000667,0.133333,0.100000,0.895362,0.051515,10445.644970,217.196676,70.222874,37.117677,35.111437,18.558839,90,60,0.133333,1200.000000,0.000000,35.000000,1.404496,0.000000
0,0.000000,0.181818,0.181818,0.532170,0.103942,1015.777778,442.968750,49.419745,50.000000,24.709872,25.000000,60,10,0.181818,1000.000000,0.000000,20.000000,0.988538,0.000000
0,-0.002000,1.000000,0.900000,0.095551,0.081712,942.560000,452.444444,47.022667,80.113635,23.511334,40.056818,100,10,1.000000,1100.000000,0.000000,20.000000,0.940458,1.602280
0,-0.002038,0.285714,0.166667,0.350759,0.049456,1286.250000,300.000000,77.780686,40.000000,38.890343,20.000000,90,40,0.285714,1200.000000,0.000000,35.000000,1.555665,0.000000
0,-0.000444,0.222222,0.200000,0.155724,0.018334,121.312500,84.500000,60.128507,50.000000,30.064253,25.000000,110,90,0.222222,1300.000000,0.000000,30.000000,1.202678,0.000000
0,0.000000,0.230769,0.230769,0.080889,3.754825,967.306122,29764.935109,79.154194,85.044542,39.577097,42.522271,110,80,0.230769,1000.000000,0.000000,35.000000,1.583093,1.701128
0,0.005755,0.142857,0.700000,0.092417,3.827029,314.377551,29254.396250,38.383363,81.866059,19.191682,40.933029,30,10,0.700000,1600.000000,0.000000,15.000000,0.767682,1.637598
0,-0.000548,0.142857,0.088235,0.041846,3.788610,133.923077,29458.240000,78.394914,98.275862,39.197457,49.137931,70,40,0.153846,1600.000000,0.000000,35.000000,1.567906,1.965765
0,-0.000296,0.111111,0.088235,0.056283,3.788610,349.828614,29458.240000,78.972139,98.275862,39.486070,49.137931,60,10,0.111111,1300.000000,0.000000,35.000000,1.579450,1.965765
0,0.000000,0.200000,0.200000,0.111374,3.662975,391.306122,28958.240000,93.181818,48.275862,46.590909,24.137931,110,30,0.200000,1000.000000,0.000000,45.000000,1.863655,0.000000
0,0.000000,0.500000,0.500000,0.085336,3.742025,354.306122,29342.240000,82.928906,88.233709,41.464453,44.116854,130,30,0.500000,1000.000000,0.000000,40.000000,1.658589,1.764914
0,0.000000,0.133333,0.133333,0.092477,3.662975,383.712372,28958.240000,84.686903,48.275862,42.343452,24.137931,110,30,0.133333,1000.000000,0.000000,40.000000,1.693749,0.000000
0,0.000363,0.200000,0.200000,0.133844,0.031429,211.000000,151.703704,65.283195,41.385668,32.641598,20.692834,60,20,0.200000,1500.000000,0.000000,30.000000,1.305710,0.000000
0,0.000000,0.200000,0.200000,0.111374,3.662975,391.306122,28958.240000,93.181818,48.275862,46.590909,24.137931,90,30,0.200000,1000.000000,0.000000,45.000000,1.863655,0.000000
0,0.000000,0.166667,0.166667,0.000000,0.000000,50.560000,0.000000,10.010893,0.000000,5.005446,0.000000,10,10,0.166667,1000.000000,0.000000,5.000000,0.200218,0.000000
0,-0.000298,0.125000,0.090909,1.138025,4.352061,3178.750000,31575.128889,78.068972,83.387689,39.034486,41.693845,80,40,0.125000,1500.000000,0.000000,35.000000,1.561583,1.668076
0,0.000000,0.200000,0.200000,0.111374,3.662975,391.306122,28958.240000,93.181818,48.275862,46.590909,24.137931,110,90,0.200000,1000.000000,0.000000,45.000000,1.863655,0.000000
0,0.000000,0.166667,0.166667,0.084929,0.000000,270.312500,0.000000,65.848195,0.000000,32.924098,0.000000,130,30,0.166667,1100.000000,0.000000,30.000000,1.316977,0.000000
0,0.000000,0.230769,0.230769,0.080889,3.754825,967.306122,29764.935109,79.154194,85.044542,39.577097,42.522271,90,80,0.230769,1000.000000,0.000000,35.000000,1.583093,1.701128
0,0.003882,0.428571,0.700000,0.035561,3.827029,104.923077,29254.396250,38.461538,81.866059,19.230769,40.933029,70,10,0.700000,1600.000000,0.000000,15.000000,0.769238,1.637598
0,-0.001414,0.181818,0.111111,0.021158,0.719757,87.142857,2769.760861,54.210575,85.111827,27.105288,42.555914,120,10,0.181818,1100.000000,0.000000,25.000000,1.084215,1.702330
0,0.000000,0.200000,0.200000,0.020189,0.108358,120.240000,600.000000,83.072265,39.999979,41.536132,19.999989,140,100,0.200000,1000.000000,0.000000,40.000000,1.661447,0.000000
0,0.000000,0.181818,0.181818,0.074739,0.007317,252.216805,30.375000,34.050747,41.136530,17.025374,20.568265,110,10,0.181818,1000.000000,0.000000,15.000000,0.681028,0.000000
0,0.000000,0.200000,0.200000,2.129864,0.018334,2422.866667,84.500000,73.306597,50.000000,36.653299,25.000000,140,20,0.200000,1000.000000,0.000000,35.000000,1.467071,0.000000
0,0.000000,0.333333,0.333333,2.209742,0.018334,2651.666667,84.500000,70.030302,50.000000,35.015151,25.000000,40,20,0.333333,1000.000000,0.000000,35.000000,1.401559,0.000000
0,0.000000,0.500000,0.500000,0.085336,3.742025,354.306122,29342.240000,82.928906,88.233709,41.464453,44.116854,90,30,0.500000,1000.000000,0.000000,40.000000,1.658589,1.764914
0,0.000000,0.200000,0.200000,0.111374,3.662975,391.306122,28958.240000,93.181818,48.275862,46.590909,24.137931,130,90,0.200000,1000.000000,0.000000,45.000000,1.863655,0.000000
0,-0.000620,0.153846,0.088235,1.651413,3.788610,3953.500000,29458.240000,57.155423,98.275862,28.577712,49.137931,50,40,0.153846,1500.000000,0.000000,25.000000,1.143482,1.965765
0,-0.000571,0.166667,0.090909,0.131496,4.352061,268.923077,31575.128889,77.138652,83.387689,38.569326,41.693845,70,70,0.166667,1600.000000,0.000000,35.000000,1.542806,1.668076
0,-0.000911,0.111111,0.055556,0.199354,0.018334,231.506173,84.500000,66.988502,50.000000,33.494251,25.000000,90,30,0.111111,1300.000000,0.000000,30.000000,1.339887,0.000000
0,0.000000,0.200000,0.200000,0.111374,3.662975,391.306122,28958.240000,93.181818,48.275862,46.590909,24.137931,130,30,0.200000,1000.000000,0.000000,45.000000,1.863655,0.000000
0,0.000000,0.133333,0.133333,0.092477,3.662975,383.712372,28958.240000,84.686903,48.275862,42.343452,24.137931,130,30,0.133333,1000.000000,0.000000,40.000000,1.693749,0.000000
0,-0.002248,0.333333,0.214286,0.461046,0.108358,2142.111111,600.000000,69.484952,39.999979,34.742476,19.999989,80,50,0.333333,1200.000000,0.000000,30.000000,1.389759,0.000000
0,-0.000296,0.111111,0.088235,0.056283,3.788610,349.828614,29458.240000,78.972139,98.275862,39.486070,49.137931,100,10,0.111111,1300.000000,0.000000,35.000000,1.579450,1.965765
0,-0.000571,0.166667,0.090909,0.131496,4.352061,268.923077,31575.128889,77.138652,83.387689,38.569326,41.693845,70,50,0.166667,1600.000000,0.000000,35.000000,1.542806,1.668076
0,0.000000,0.230769,0.230769,0.080889,3.754825,967.306122,29764.935109,79.154194,85.044542,39.577097,42.522271,130,80,0.230769,1000.000000,0.000000,35.000000,1.583093,1.701128
0,-0.000635,0.142857,0.111111,0.023409,0.162919,166.525670,579.013176,50.949271,83.340519,25.474635,41.670260,80,10,0.142857,1100.000000,0.000000,25.000000,1.018987,1.666834
0,0.003882,0.428571,0.700000,0.035561,3.827029,104.923077,29254.396250,38.461538,81.866059,19.230769,40.933029,50,10,0.700000,1600.000000,0.000000,15.000000,0.769238,1.637598
0,-0.000916,1.000000,0.900000,0.014229,0.000000,142.000000,0.000000,50.790243,0.000000,25.395122,0.000000,90,10,1.000000,1500.000000,0.000000,25.000000,1.015811,0.000000
0,-0.000296,0.111111,0.088235,0.056283,3.788610,349.828614,29458.240000,78.972139,98.275862,39.486070,49.137931,80,10,0.111111,1300.000000,0.000000,35.000000,1.579450,1.965765
0,0.000000,0.500000,0.500000,0.074739,0.007317,233.656805,30.375000,44.039855,41.136530,22.019927,20.568265,110,10,0.500000,1000.000000,0.000000,20.000000,0.880810,0.000000
0,0.000000,0.500000,0.500000,0.085336,3.742025,354.306122,29342.240000,82.928906,88.233709,41.464453,44.116854,110,30,0.500000,1000.000000,0.000000,40.000000,1.658589,1.764914
0,0.000000,0.090909,0.090909,0.017027,0.000000,90.966250,0.000000,41.515977,0.000000,20.757989,0.000000,30,10,0.090909,1000.000000,0.000000,20.000000,0.830322,0.000000
0,0.000000,0.200000,0.200000,0.111374,3.662975,391.306122,28958.240000,93.181818,48.275862,46.590909,24.137931,90,90,0.200000,1000.000000,0.000000,45.000000,1.863655,0.000000
0,0.000000,0.333333,0.333333,0.195687,0.018334,606.000000,84.500000,62.780178,50.000000,31.390089,25.000000,110,30,0.333333,1100.000000,0.000000,30.000000,1.255635,0.000000
0,0.000000,0.055556,0.055556,2.158205,0.018334,2561.044218,84.500000,67.393686,50.000000,33.696843,25.000000,60,20,0.055556,1000.000000,0.000000,30.000000,1.348815,0.000000
0,0.000000,0.133333,0.133333,0.092477,3.662975,383.712372,28958.240000,84.686903,48.275862,42.343452,24.137931,90,30,0.133333,1000.000000,0.000000,40.000000,1.693749,0.000000
0,-0.000548,0.142857,0.088235,0.041846,3.788610,133.923077,29458.240000,78.394914,98.275862,39.197457,49.137931,50,40,0.153846,1600.000000,0.000000,35.000000,1.567906,1.965765
0,0.000000,0.029412,0.029412,0.699785,0.119138,2734.639053,500.000000,89.843805,50.000000,44.921903,25.000000,180,110,0.029412,1000.000000,0.000000,40.000000,1.796977,0.000000
0,0.000000,0.166667,0.166667,0.358339,0.264270,813.639053,1109.840000,67.312958,100.000000,33.656479,50.000000,150,110,0.166667,1000.000000,0.000000,30.000000,1.346460,2.000031
0,0.000000,0.111111,0.111111,0.078913,0.000000,309.928571,0.000000,42.933261,0.000000,21.466631,0.000000,70,10,0.111111,1000.000000,0.000000,20.000000,0.858676,0.000000
0,-0.001342,0.200000,0.111111,1.137671,0.119138,1628.361111,500.000000,73.315116,50.000000,36.657558,25.000000,80,50,0.200000,1300.000000,0.000000,35.000000,1.466700,0.000000
0,0.000000,0.058824,0.058824,4.845622,0.119138,14120.639053,500.000000,83.658475,50.000000,41.829238,25.000000,170,50,0.058824,1000.000000,0.000000,40.000000,1.674021,0.000000
0,0.000000,0.029412,0.029412,0.699785,0.119138,2734.639053,500.000000,89.843805,50.000000,44.921903,25.000000,140,110,0.029412,1000.000000,0.000000,40.000000,1.796977,0.000000
0,0.000000,0.029412,0.029412,0.699785,0.119138,2734.639053,500.000000,89.843805,50.000000,44.921903,25.000000,140,50,0.029412,1000.000000,0.000000,40.000000,1.796977,0.000000
0,-0.000418,0.083333,0.060606,1.153344,0.000000,6981.111111,0.000000,77.728175,0.000000,38.864088,0.000000,120,50,0.083333,1200.000000,0.000000,35.000000,1.554661,0.000000
0,-0.002318,0.210526,0.062500,0.094870,0.019766,296.419753,274.556213,64.606636,36.674737,32.303318,18.337368,50,40,0.210526,1300.000000,0.000000,30.000000,1.292153,0.000000
0,0.000772,0.066667,0.105263,0.087768,0.119138,501.906250,500.000000,88.777739,50.000000,44.388870,25.000000,100,30,0.105263,1100.000000,0.000000,40.000000,1.775563,0.000000
0,0.000000,0.166667,0.166667,0.358339,0.264270,813.639053,1109.840000,67.312958,100.000000,33.656479,50.000000,150,50,0.166667,1000.000000,0.000000,30.000000,1.346460,2.000031
0,0.000000,0.500000,0.500000,4.799321,0.068134,13579.000000,302.500000,41.778936,40.677896,20.889468,20.338948,170,10,0.500000,1000.000000,0.000000,20.000000,0.836429,0.000000
0,0.002857,0.357143,0.500000,0.048530,0.361190,258.417551,486.000000,77.159354,33.333332,38.579677,16.666666,100,60,0.500000,1100.000000,0.000000,35.000000,1.543192,0.000000
0,0.000000,0.285714,0.285714,0.045373,0.017386,81.363636,84.500000,81.017891,50.000000,40.508946,25.000000,130,40,0.285714,1000.000000,0.000000,40.000000,1.620376,0.000000
0,0.000000,0.333333,0.333333,0.939287,0.007127,583.000000,36.000000,59.375932,40.198793,29.687966,20.099397,100,30,0.333333,1000.000000,0.000000,25.000000,1.188279,0.000000
0,0.000000,0.285714,0.285714,4.839428,0.017386,13597.000000,84.500000,79.658475,50.000000,39.829238,25.000000,170,30,0.285714,1000.000000,0.000000,35.000000,1.594037,0.000000
0,-0.000418,0.083333,0.060606,1.153344,0.000000,6981.111111,0.000000,77.728175,0.000000,38.864088,0.000000,200,50,0.083333,1200.000000,0.000000,35.000000,1.554661,0.000000
0,-0.000110,0.076923,0.071429,0.015480,0.698174,745.875000,4208.570312,73.343501,72.380818,36.671750,36.190409,110,80,0.076923,1100.000000,0.000000,35.000000,1.466871,1.447680
0,-0.001103,0.421053,0.346154,1.144070,0.749504,1625.171875,3749.000000,71.268269,85.555553,35.634135,42.777777,90,80,0.421053,1300.000000,0.000000,35.000000,1.425768,1.711186
0,-0.000285,0.076923,0.060606,0.068605,0.052235,278.493924,506.792244,78.356434,37.308626,39.178217,18.654313,80,50,0.076923,1200.000000,0.000000,35.000000,1.567138,0.000000
0,-0.000769,0.538462,0.500000,0.076180,0.186947,1085.500000,1459.570312,83.245030,86.825265,41.622515,43.412633,80,40,0.538462,1100.000000,0.000000,40.000000,1.664906,1.736522
0,0.000000,0.416667,0.416667,0.098711,0.119138,573.500000,500.000000,76.872354,50.000000,38.436177,25.000000,80,40,0.416667,1100.000000,0.000000,35.000000,1.537456,0.000000
0,0.000250,0.050000,0.062500,0.085811,0.138904,475.252066,774.556213,88.327201,86.674737,44.163601,43.337368,70,40,0.062500,1100.000000,0.000000,40.000000,1.766553,1.733510
0,0.000000,0.285714,0.285714,4.839428,0.017386,13597.000000,84.500000,79.658475,50.000000,39.829238,25.000000,170,130,0.285714,1000.000000,0.000000,35.000000,1.594037,0.000000
0,0.000000,0.029412,0.029412,0.699785,0.119138,2734.639053,500.000000,89.843805,50.000000,44.921903,25.000000,220,50,0.029412,1000.000000,0.000000,40.000000,1.796977,0.000000
0,0.000000,0.416667,0.416667,0.098711,0.119138,573.500000,500.000000,76.872354,50.000000,38.436177,25.000000,100,80,0.416667,1100.000000,0.000000,35.000000,1.537456,0.000000
0,0.000772,0.066667,0.105263,0.087768,0.119138,501.906250,500.000000,88.777739,50.000000,44.388870,25.000000,40,30,0.105263,1100.000000,0.000000,40.000000,1.775563,0.000000
0,0.000000,0.058824,0.058824,4.845622,0.119138,14120.639053,500.000000,83.658475,50.000000,41.829238,25.000000,170,110,0.058824,1000.000000,0.000000,40.000000,1.674021,0.000000
0,0.000000,0.029412,0.029412,0.699785,0.119138,2734.639053,500.000000,89.843805,50.000000,44.921903,25.000000,220,110,0.029412,1000.000000,0.000000,40.000000,1.796977,0.000000
0,0.004267,0.666667,1.000000,0.212076,0.000000,264.062500,0.000000,59.633893,0.000000,29.816946,0.000000,70,10,1.000000,1300.000000,0.000000,25.000000,1.192769,0.000000
0,-0.000769,0.538462,0.500000,0.076180,0.186947,1085.500000,1459.570312,83.245030,86.825265,41.622515,43.412633,100,80,0.538462,1100.000000,0.000000,40.000000,1.664906,1.736522
0,0.000000,0.333333,0.333333,0.939287,0.007127,583.000000,36.000000,59.375932,40.198793,29.687966,20.099397,40,30,0.333333,1000.000000,0.000000,25.000000,1.188279,0.000000
0,-0.006608,0.714286,0.111111,0.035411,0.119138,201.556122,500.000000,70.469888,50.000000,35.234944,25.000000,40,10,0.714286,1400.000000,0.000000,35.000000,1.409408,0.000000
0,0.000000,0.029412,0.029412,0.699785,0.119138,2734.639053,500.000000,89.843805,50.000000,44.921903,25.000000,180,50,0.029412,1000.000000,0.000000,40.000000,1.796977,0.000000
0,-0.000418,0.083333,0.060606,1.153344,0.000000,6981.111111,0.000000,77.728175,0.000000,38.864088,0.000000,160,50,0.083333,1200.000000,0.000000,35.000000,1.554661,0.000000
0,0.000000,0.285714,0.285714,0.045373,0.017386,81.363636,84.500000,81.017891,50.000000,40.508946,25.000000,40,30,0.285714,1000.000000,0.000000,40.000000,1.620376,0.000000
0,-0.001103,0.421053,0.346154,1.149479,0.749504,1625.171875,3749.000000,71.268269,85.555553,35.634135,42.777777,90,20,0.421053,1300.000000,0.000000,35.000000,1.425772,1.711186
0,0.000250,0.050000,0.062500,0.085811,0.138904,475.252066,774.556213,88.327201,86.674737,44.163601,43.337368,100,70,0.062500,1100.000000,0.000000,40.000000,1.766553,1.733510
0,-0.000278,0.125000,0.111111,0.095242,0.102120,664.639053,500.000000,77.248494,50.000000,38.624247,25.000000,110,50,0.125000,1100.000000,0.000000,35.000000,1.544984,0.000000
0,-0.000563,0.142857,0.111111,0.086488,0.095213,278.906805,490.055000,72.755513,83.052616,36.377757,41.526308,110,40,0.142857,1200.000000,0.000000,35.000000,1.455124,1.661062
0,-0.000076,0.045455,0.041667,0.482968,0.005947,772.758846,30.375000,72.070427,41.663315,36.035213,20.831657,110,110,0.045455,1200.000000,0.000000,35.000000,1.441571,0.000000
0,0.000000,0.166667,0.166667,0.056698,0.008057,431.631111,61.625000,42.137107,81.663315,21.068553,40.831657,120,10,0.166667,1100.000000,0.000000,20.000000,0.842747,1.633267
0,-0.000205,0.055556,0.041667,0.008929,0.005947,250.306122,30.375000,74.123987,41.663315,37.061994,20.831657,100,10,0.055556,1300.000000,0.000000,35.000000,1.482480,0.000000
0,0.000238,0.071429,0.083333,0.182611,0.130362,666.631111,935.632143,74.815894,80.801214,37.407947,40.400607,120,90,0.083333,1100.000000,0.000000,35.000000,1.496345,1.616033
0,0.000745,0.090909,0.181818,0.007162,0.225087,203.306122,3582.666667,67.009361,88.717745,33.504681,44.358873,100,10,0.181818,1500.000000,0.000000,30.000000,1.340188,1.774368
0,-0.000381,0.250000,0.181818,0.530994,0.225087,814.750000,3582.666667,58.876067,88.717745,29.438033,44.358873,80,50,0.250000,1700.000000,0.000000,25.000000,1.177695,1.774368
0,-0.000278,0.125000,0.111111,0.095242,0.102120,664.639053,500.000000,77.248494,50.000000,38.624247,25.000000,50,50,0.125000,1100.000000,0.000000,35.000000,1.544984,0.000000
0,0.000000,0.153846,0.153846,0.022912,0.201019,329.451653,354.855000,46.028476,74.996493,23.014238,37.498247,130,10,0.153846,1000.000000,0.000000,20.000000,0.920570,1.499989
0,-0.001930,0.625000,0.363636,0.005362,0.305869,660.000000,652.597222,51.606053,77.376077,25.803026,38.688039,50,10,0.625000,1800.000000,0.000000,25.000000,1.032121,1.547594
0,0.000000,0.222222,0.222222,0.056698,0.011346,1274.631111,57.597222,49.231707,81.675615,24.615853,40.837808,120,10,0.222222,1100.000000,0.000000,20.000000,0.984639,1.633513
0,0.000000,0.166667,0.166667,0.064848,0.005947,182.666667,30.375000,60.016040,41.663315,30.008020,20.831657,90,50,0.166667,1400.000000,0.000000,30.000000,1.200333,0.000000
0,-0.000943,0.200000,0.117647,0.131335,6.731068,185.032986,8624.000000,69.308581,32.438119,34.654290,16.219059,90,50,0.200000,1400.000000,0.000000,30.000000,1.386218,0.000000
0,0.000497,0.058824,0.083333,0.719015,0.424491,2364.000000,1155.421875,85.743630,35.539893,42.871815,17.769947,140,100,0.083333,1200.000000,0.000000,40.000000,1.714982,0.000000
0,0.000000,0.333333,0.333333,0.007066,0.011913,128.250000,36.000000,44.952191,39.205193,22.476096,19.602596,100,10,0.333333,1000.000000,0.000000,20.000000,0.899044,0.000000
0,0.000000,0.400000,0.400000,0.007753,0.074306,160.666667,600.000000,39.121407,26.663886,19.560703,13.331943,20,10,0.400000,1200.000000,0.000000,15.000000,0.782430,0.000000
0,0.009143,0.428571,1.000000,0.005265,0.000000,52.363636,0.000000,50.223925,0.000000,25.111963,0.000000,40,10,1.000000,1200.000000,0.000000,25.000000,1.004479,0.000000
0,0.000497,0.058824,0.083333,0.719015,0.424491,2364.000000,1155.421875,85.743630,35.539893,42.871815,17.769947,180,100,0.083333,1200.000000,0.000000,40.000000,1.714982,0.000000
0,-0.000178,0.111111,0.100000,0.653483,0.000000,2197.250000,0.000000,53.843805,0.000000,26.921903,0.000000,140,10,0.111111,1200.000000,0.000000,25.000000,1.076975,0.000000
0,-0.000478,0.142857,0.115385,0.779396,0.262322,2526.000000,3320.559917,86.523552,36.307957,43.261776,18.153979,140,90,0.142857,1200.000000,0.000000,40.000000,1.730592,0.000000
0,0.000000,0.071429,0.071429,0.363097,0.046446,1351.174603,239.335180,72.487153,50.000000,36.243577,25.000000,140,50,0.071429,1100.000000,0.000000,35.000000,1.449801,0.000000
0,-0.001538,0.250000,0.153846,0.038011,1.591363,233.875000,8624.000000,66.970825,39.398700,33.485412,19.699350,110,80,0.250000,1300.000000,0.000000,30.000000,1.339420,0.000000
0,0.000000,1.000000,1.000000,12.485242,0.000000,7053.333333,0.000000,53.287842,0.000000,26.643921,0.000000,80,40,1.000000,2200.000000,0.000000,25.000000,1.081273,0.000000
0,0.000000,0.500000,0.500000,0.003193,0.517492,39.527778,666.666667,48.212811,31.575898,24.106406,15.787949,90,10,0.500000,1100.000000,0.000000,20.000000,0.964257,0.000000
0,-0.000923,0.200000,0.153846,1.329899,0.000000,6522.000000,0.000000,79.985501,0.000000,39.992750,0.000000,140,60,0.200000,1200.000000,0.000000,35.000000,1.599861,0.000000
0,-0.000462,0.100000,0.076923,0.684168,0.074306,4372.666667,600.000000,73.200273,26.663886,36.600136,13.331943,60,20,0.100000,1200.000000,0.000000,35.000000,1.464060,0.000000
0,0.002091,0.062500,0.166667,0.080216,0.018112,380.100499,66.375000,75.242761,80.871593,37.621380,40.435796,120,80,0.166667,1200.000000,0.000000,35.000000,1.504864,1.617434
0,0.003192,0.125000,0.277778,0.677001,0.011913,2239.469388,36.000000,86.950418,39.205193,43.475209,19.602596,140,80,0.277778,1200.000000,0.000000,40.000000,1.739111,0.000000
0,0.000000,1.000000,1.000000,12.485242,0.000000,7053.333333,0.000000,53.287842,0.000000,26.643921,0.000000,120,40,1.000000,2200.000000,0.000000,25.000000,1.081273,0.000000
0,0.004000,0.200000,0.400000,0.065531,0.424491,342.000000,1155.421875,39.962655,35.539893,19.981328,17.769947,100,10,0.400000,1200.000000,0.000000,15.000000,0.799264,0.000000
0,0.000000,0.071429,0.071429,0.363097,0.046446,1351.174603,239.335180,72.487153,50.000000,36.243577,25.000000,50,40,0.071429,1100.000000,0.000000,35.000000,1.449801,0.000000
0,0.000000,0.071429,0.071429,0.014861,1.591363,456.637188,8624.000000,67.980286,39.398700,33.990143,19.699350,130,10,0.071429,1100.000000,0.000000,30.000000,1.359606,0.000000
0,0.000643,0.125000,0.142857,0.219601,0.031836,1055.020408,14.816327,42.948150,48.333067,21.474075,24.166533,90,10,0.142857,1500.000000,0.000000,20.000000,0.858987,0.000000
0,-0.000178,0.111111,0.100000,0.653483,0.000000,2197.250000,0.000000,53.843805,0.000000,26.921903,0.000000,180,10,0.111111,1200.000000,0.000000,25.000000,1.076975,0.000000
0,0.003192,0.125000,0.277778,0.677001,0.011913,2239.469388,36.000000,86.950418,39.205193,43.475209,19.602596,220,80,0.277778,1200.000000,0.000000,40.000000,1.739111,0.000000
0,-0.001429,0.416667,0.333333,1.758750,0.074306,6831.386667,600.000000,54.322182,26.663886,27.161091,13.331943,170,10,0.416667,1300.000000,0.000000,25.000000,1.086671,0.000000
0,-0.000923,0.200000,0.153846,1.329899,0.000000,6522.000000,0.000000,79.985501,0.000000,39.992750,0.000000,220,60,0.200000,1200.000000,0.000000,35.000000,1.599861,0.000000
0,-0.001429,0.416667,0.333333,1.758750,0.074306,6831.386667,600.000000,54.322182,26.663886,27.161091,13.331943,130,10,0.416667,1300.000000,0.000000,25.000000,1.086671,0.000000
0,0.000000,0.533333,0.533333,0.047776,0.026358,241.210000,154.234568,45.135006,40.730291,22.567503,20.365145,140,10,0.533333,1000.000000,0.000000,20.000000,0.902706,0.000000
0,0.003192,0.125000,0.277778,0.677001,0.011913,2239.469388,36.000000,86.950418,39.205193,43.475209,19.602596,180,80,0.277778,1200.000000,0.000000,40.000000,1.739111,0.000000
0,0.000000,0.133333,0.133333,0.025039,0.086219,228.250000,636.000000,76.353129,65.869079,38.176564,32.934539,100,40,0.133333,1000.000000,0.000000,35.000000,1.527064,1.317388
0,0.000000,0.066667,0.066667,0.023941,0.262322,140.019231,3320.559917,46.731725,36.307957,23.365863,18.153979,110,10,0.066667,1000.000000,0.000000,20.000000,0.934638,0.000000
0,-0.000178,0.111111,0.100000,0.653483,0.000000,2197.250000,0.000000,53.843805,0.000000,26.921903,0.000000,220,10,0.111111,1200.000000,0.000000,25.000000,1.076975,0.000000
0,-0.001111,0.222222,0.166667,0.000000,0.001187,212.555556,129.600000,41.467364,35.999827,20.733682,17.999914,10,10,0.222222,1100.000000,0.000000,20.000000,0.829347,0.000000
0,-0.000923,0.200000,0.153846,1.329899,0.000000,6522.000000,0.000000,79.985501,0.000000,39.992750,0.000000,180,60,0.200000,1200.000000,0.000000,35.000000,1.599861,0.000000
0,0.000000,0.166667,0.166667,0.020675,0.006199,72.250000,30.375000,34.547907,41.666400,17.273954,20.833200,140,10,0.166667,1000.000000,0.000000,15.000000,0.690972,0.000000
0,-0.001429,0.416667,0.333333,1.758750,0.074306,6831.386667,600.000000,54.322182,26.663886,27.161091,13.331943,210,10,0.416667,1300.000000,0.000000,25.000000,1.086671,0.000000
0,-0.000478,0.142857,0.115385,0.779396,0.262322,2526.000000,3320.559917,86.523552,36.307957,43.261776,18.153979,220,90,0.142857,1200.000000,0.000000,40.000000,1.730592,0.000000
0,-0.000377,0.100000,0.083333,0.025111,1.603276,135.627066,8660.000000,78.425672,78.603892,39.212836,39.301946,110,70,0.125000,1300.000000,0.000000,35.000000,1.568518,1.572227
0,0.000497,0.058824,0.083333,0.719015,0.424491,2364.000000,1155.421875,85.743630,35.539893,42.871815,17.769947,220,100,0.083333,1200.000000,0.000000,40.000000,1.714982,0.000000
0,-0.000478,0.142857,0.115385,0.779396,0.262322,2526.000000,3320.559917,86.523552,36.307957,43.261776,18.153979,180,90,0.142857,1200.000000,0.000000,40.000000,1.730592,0.000000
0,0.000643,0.125000,0.142857,0.219601,0.031836,1055.020408,14.816327,42.948150,48.333067,21.474075,24.166533,50,10,0.142857,1500.000000,0.000000,20.000000,0.858987,0.000000
0,-0.001111,0.222222,0.166667,0.064989,0.013100,254.944637,165.600000,39.016846,75.205020,19.508423,37.602510,90,10,0.222222,1100.000000,0.000000,15.000000,0.780363,1.504102
0,0.000135,0.625000,1.000000,0.155268,0.000000,725.569330,0.000000,30.902242,0.000000,15.451121,0.000000,50,10,1.000000,2900.000000,0.000000,15.000000,0.618062,0.000000
0,0.000000,0.083333,0.083333,0.060797,0.094406,276.046875,376.906667,75.760967,84.999998,37.880483,42.499999,40,10,0.083333,1000.000000,0.000000,35.000000,1.515228,1.700013
0,-0.000199,0.066667,0.050000,0.005008,0.000000,148.664147,0.000000,72.295014,0.000000,36.147507,0.000000,60,10,0.066667,1500.000000,0.000000,35.000000,1.445901,0.000000
0,0.000000,0.052632,0.052632,0.073042,0.233275,219.830038,1844.246914,80.318113,87.217202,40.159056,43.608601,150,60,0.052632,1000.000000,0.000000,40.000000,1.606386,1.744359
0,0.000000,1.000000,1.000000,0.428032,0.000000,2400.000000,0.000000,58.929465,0.000000,29.464733,0.000000,100,40,1.000000,1900.000000,0.000000,25.000000,1.178646,0.000000
0,-0.000303,0.181818,0.166667,0.135538,0.067316,1446.650794,363.806667,82.461578,81.153844,41.230789,40.576922,50,30,0.181818,1100.000000,0.000000,40.000000,1.649238,1.623086
0,0.000000,0.052632,0.052632,0.073042,0.233275,219.830038,1844.246914,80.318113,87.217202,40.159056,43.608601,160,150,0.052632,1000.000000,0.000000,40.000000,1.606386,1.744359
0,0.002598,0.222222,0.384615,0.018257,0.082813,2335.527778,375.000000,42.413009,39.330138,21.206504,19.665069,70,10,0.384615,1200.000000,0.000000,20.000000,0.848260,0.000000
0,0.006133,0.312500,0.833333,4.840057,0.023205,13896.960000,32.142857,84.203784,42.857143,42.101892,21.428571,170,120,1.000000,1300.000000,0.000000,40.000000,1.684928,0.000000
0,-0.000303,0.181818,0.166667,0.135538,0.067316,1446.650794,363.806667,82.461578,81.153844,41.230789,40.576922,150,30,0.181818,1100.000000,0.000000,40.000000,1.649238,1.623086
0,0.000000,0.142857,0.142857,0.019891,0.057275,76.066327,289.000000,55.091318,81.248112,27.545659,40.624056,20,10,0.142857,1000.000000,0.000000,25.000000,1.101830,1.624968
0,0.000000,0.285714,0.285714,0.479230,0.038309,1655.937500,211.600000,79.502983,35.363849,39.751491,17.681924,130,100,0.285714,1000.000000,0.000000,35.000000,1.590129,0.000000
0,0.000073,0.045455,0.050000,0.076019,0.000000,1710.342959,0.000000,71.142529,0.000000,35.571265,0.000000,130,90,0.050000,1200.000000,0.000000,35.000000,1.422858,0.000000
0,0.006133,0.312500,0.833333,4.840057,0.023205,13896.960000,32.142857,84.203784,42.857143,42.101892,21.428571,170,80,1.000000,1300.000000,0.000000,40.000000,1.684928,0.000000
0,-0.001441,0.166667,0.136364,0.037830,0.034369,93.361111,199.802469,75.074300,38.568553,37.537150,19.284277,80,40,0.333333,1700.000000,0.000000,35.000000,1.501499,0.000000
0,0.003603,0.400000,0.500000,0.187686,0.141373,827.888889,859.112603,82.390292,40.239483,41.195146,20.119741,110,60,0.500000,1700.000000,0.000000,40.000000,1.647828,0.000000
0,0.004760,0.105263,0.500000,3.722804,0.141373,10841.000000,859.112603,58.831683,40.239483,29.415841,20.119741,70,60,0.500000,2200.000000,0.000000,25.000000,1.177652,0.000000
0,0.000000,0.050000,0.050000,0.873715,0.000000,2027.163265,0.000000,80.993272,0.000000,40.496636,0.000000,110,20,0.050000,1000.000000,0.000000,40.000000,1.620055,0.000000
0,-0.000095,0.071429,0.066667,0.076959,0.372553,154.555556,2962.250000,65.426332,37.994028,32.713166,18.997014,100,10,0.071429,1200.000000,0.000000,30.000000,1.308552,0.000000
0,0.000000,0.142857,0.142857,0.047776,0.066107,246.210000,344.302469,58.587090,79.816039,29.293545,39.908020,140,10,0.142857,1100.000000,0.000000,25.000000,1.171748,1.596327
0,0.000168,0.076923,0.100000,0.735706,0.406922,1859.555556,3162.052469,61.667034,76.562582,30.833517,38.281291,110,80,0.125000,1400.000000,0.000000,30.000000,1.233559,1.531278
0,0.000000,0.052632,0.052632,0.073042,0.233275,219.830038,1844.246914,80.318113,87.217202,40.159056,43.608601,190,150,0.052632,1000.000000,0.000000,40.000000,1.606386,1.744359
0,0.000000,0.142857,0.142857,0.000991,0.094542,163.455038,496.042469,79.978973,88.568553,39.989487,44.284277,150,10,0.142857,1000.000000,0.000000,35.000000,1.599579,1.771380
0,0.000633,0.111111,0.166667,4.640173,0.025298,19820.000000,152.444444,42.843762,41.428572,21.421881,20.714286,140,10,0.200000,1600.000000,0.000000,20.000000,0.857419,0.000000
0,0.000000,0.047619,0.047619,0.074879,0.194997,273.741497,799.802469,76.904496,77.508102,38.452248,38.754051,150,50,0.047619,1000.000000,0.000000,35.000000,1.538107,1.550186
0,-0.004471,0.400000,0.176471,0.342816,0.052926,1774.543210,808.992000,46.399204,38.373865,23.199602,19.186933,100,10,0.400000,1900.000000,0.000000,20.000000,0.928018,0.000000
0,0.000000,0.066667,0.066667,0.354681,0.174618,1088.290249,514.250000,82.667044,35.247119,41.333522,17.623559,100,40,0.066667,1000.000000,0.000000,40.000000,1.653400,0.000000
0,0.000000,0.066667,0.066667,0.354681,0.174618,1088.290249,514.250000,82.667044,35.247119,41.333522,17.623559,60,40,0.066667,1000.000000,0.000000,40.000000,1.653400,0.000000
0,0.000000,0.176471,0.176471,0.379763,0.052926,1840.462222,808.992000,82.910143,38.373865,41.455071,19.186933,190,60,0.176471,1000.000000,0.000000,40.000000,1.658257,0.000000
0,-0.000083,0.066667,0.062500,0.026460,3.271840,416.484694,6417.000000,74.071851,66.194904,37.035925,33.097452,140,40,0.066667,1100.000000,0.000000,35.000000,1.481443,1.324759
0,0.000000,0.200000,0.200000,2.953193,0.000000,6754.375000,0.000000,38.917333,0.000000,19.458667,0.000000,250,10,0.200000,1100.000000,0.000000,15.000000,0.778995,0.000000
0,0.000000,0.041667,0.041667,0.074720,3.119857,587.745813,5749.785467,79.140328,79.834348,39.570164,39.917174,150,150,0.041667,1000.000000,0.000000,35.000000,1.582812,1.597535
0,0.000000,0.066667,0.066667,0.055366,0.017304,300.655918,16.785467,82.481965,49.090764,41.240983,24.545382,150,140,0.066667,1000.000000,0.000000,40.000000,1.649644,0.000000
0,-0.001068,0.333333,0.200000,0.053510,3.102553,559.644970,5733.000000,67.810226,30.743584,33.905113,15.371792,60,50,0.545455,1900.000000,0.000000,30.000000,1.356207,0.000000
0,0.000000,0.111111,0.111111,0.119662,0.172824,494.580247,249.545467,89.772570,89.999855,44.886285,44.999927,140,70,0.111111,1100.000000,0.000000,40.000000,1.795466,1.800058
0,0.000596,0.062500,0.090909,0.287352,0.112176,978.083333,600.000000,77.474366,39.993295,38.737183,19.996647,240,50,0.090909,1200.000000,0.000000,35.000000,1.549532,0.000000
0,0.000000,0.222222,0.222222,2.758067,0.012728,2089.795918,262.440000,72.500034,36.254817,36.250017,18.127409,160,140,0.222222,1000.000000,0.000000,35.000000,1.451848,0.000000
0,-0.001822,1.000000,0.857143,0.065531,3.102553,229.250000,5733.000000,47.899825,30.743584,23.949912,15.371792,100,10,1.000000,1500.000000,0.000000,20.000000,0.958007,0.000000
0,-0.000517,0.111111,0.071429,0.007753,0.112176,47.916667,600.000000,47.058577,39.993295,23.529288,19.996647,20,10,0.111111,1500.000000,0.000000,20.000000,0.941173,0.000000
0,-0.003043,0.500000,0.285714,0.119410,0.021835,521.361111,292.910467,79.238826,96.312986,39.619413,48.156493,110,30,0.500000,1400.000000,0.000000,35.000000,1.584790,1.926269
0,0.000492,0.461538,0.500000,0.615894,0.000000,2512.555556,0.000000,72.264848,0.000000,36.132424,0.000000,80,70,0.500000,1300.000000,0.000000,35.000000,1.445373,0.000000
0,-0.000517,0.111111,0.071429,0.018665,0.458452,94.250000,722.000000,49.428325,39.968384,24.714162,19.984192,140,10,0.111111,1500.000000,0.000000,20.000000,0.988569,0.000000
0,0.000000,0.111111,0.111111,0.119662,0.172824,494.580247,249.545467,89.772570,89.999855,44.886285,44.999927,170,140,0.111111,1100.000000,0.000000,40.000000,1.795466,1.800058
0,0.000000,0.222222,0.222222,1.731569,3.527441,3216.885813,6233.000000,68.363040,62.739562,34.181520,31.369781,150,100,0.222222,1000.000000,0.000000,30.000000,1.367765,1.255811
0,-0.003925,0.500000,0.200000,0.064989,0.000000,117.500192,0.000000,57.549513,0.000000,28.774756,0.000000,90,10,0.533333,1500.000000,0.000000,25.000000,1.151017,0.000000
0,-0.002144,0.250000,0.076923,0.412698,0.003197,1699.592593,16.925620,88.257674,50.000000,44.128837,25.000000,90,60,0.250000,1500.000000,0.000000,40.000000,1.765204,0.000000
0,0.004067,0.333333,0.600000,0.082987,0.033115,257.800000,256.888889,79.202559,39.603042,39.601279,19.801521,30,20,0.600000,1800.000000,0.000000,35.000000,1.584065,0.000000
0,0.002844,0.222222,0.352941,0.157239,0.055452,446.831633,386.925620,85.866375,47.222222,42.933188,23.611111,50,10,0.600000,1800.000000,0.000000,40.000000,1.717359,0.000000
0,-0.000036,0.043478,0.045455,0.054844,0.088789,250.849344,524.014377,90.569952,100.000000,45.284976,50.000000,150,10,0.055556,1300.000000,0.000000,45.000000,1.811407,2.000008
0,0.000000,0.050000,0.050000,0.064958,0.011021,330.935556,166.913580,67.339211,47.500000,33.669605,23.750000,80,40,0.050000,1000.000000,0.000000,30.000000,1.346791,0.000000
0,0.000000,1.000000,1.000000,0.031789,0.000000,162.944444,0.000000,50.681893,0.000000,25.340946,0.000000,140,10,1.000000,1000.000000,0.000000,25.000000,1.013641,0.000000
0,0.005690,0.062500,0.347826,0.078136,0.003197,133.486531,16.925620,69.310790,50.000000,34.655395,25.000000,170,20,0.347826,1200.000000,0.000000,30.000000,1.386271,0.000000
0,-0.002591,0.714286,0.578947,0.087459,0.088789,139.516263,524.014377,90.569952,100.000000,45.284976,50.000000,160,10,0.724138,1300.000000,0.000000,45.000000,1.811442,2.000008
0,-0.002144,0.250000,0.076923,0.412698,0.003197,1699.592593,16.925620,88.257674,50.000000,44.128837,25.000000,130,60,0.250000,1500.000000,0.000000,40.000000,1.765204,0.000000
0,-0.000505,0.100000,0.071429,0.454012,0.085593,2070.217993,507.088757,82.288089,50.000000,41.144044,25.000000,140,20,0.100000,1200.000000,0.000000,40.000000,1.645812,0.000000
0,0.001267,0.800000,1.000000,0.017720,0.000000,95.250000,0.000000,49.275097,0.000000,24.637549,0.000000,50,10,1.000000,1700.000000,0.000000,20.000000,0.985504,0.000000
0,0.001352,0.666667,0.352941,0.355935,0.055452,697.500000,386.925620,81.916727,47.222222,40.958364,23.611111,130,40,0.666667,1900.000000,0.000000,40.000000,1.638427,0.000000
0,0.000000,0.285714,0.285714,0.029353,0.678691,1011.312500,2682.122449,41.535246,35.306874,20.767623,17.653437,110,10,0.285714,1000.000000,0.000000,20.000000,0.830705,0.000000
0,0.000000,0.050000,0.050000,0.114325,0.014218,362.561728,183.839200,80.134350,97.500000,40.067175,48.750000,90,80,0.050000,1000.000000,0.000000,40.000000,1.602709,1.950001
0,0.000000,0.600000,0.600000,0.213194,0.277773,834.222222,1350.440000,75.283631,76.432481,37.641816,38.216241,210,170,0.600000,1000.000000,0.000000,35.000000,1.505702,1.528678
0,-0.000404,0.111111,0.090909,0.697911,0.013382,2754.000000,80.666667,54.977247,39.469885,27.488623,19.734942,110,10,0.111111,1200.000000,0.000000,25.000000,1.099635,0.000000
0,-0.005333,0.666667,0.400000,0.134738,0.027789,502.000000,208.000000,76.978656,38.456897,38.489328,19.228449,60,20,0.666667,1100.000000,0.000000,35.000000,1.539595,0.000000
0,0.000000,0.023256,0.023256,0.109854,0.316728,442.573945,1035.440000,66.392691,36.459387,33.196346,18.229694,160,140,0.023256,1000.000000,0.000000,30.000000,1.327875,0.000000
0,0.006585,0.047619,0.375000,0.052325,0.088789,579.332589,524.014377,77.709822,100.000000,38.854911,50.000000,130,10,0.375000,1300.000000,0.000000,35.000000,1.554199,2.000008
0,0.000000,0.500000,0.500000,0.010671,0.000000,71.000000,0.000000,40.896258,0.000000,20.448129,0.000000,110,10,0.500000,1300.000000,0.000000,20.000000,0.817926,0.000000
0,0.005690,0.062500,0.347826,0.078136,0.003197,133.486531,16.925620,69.310790,50.000000,34.655395,25.000000,70,20,0.347826,1200.000000,0.000000,30.000000,1.386271,0.000000
0,0.000000,0.285714,0.285714,0.003397,0.019884,27.111111,108.000000,41.003190,40.567868,20.501595,20.283934,50,10,0.285714,1200.000000,0.000000,20.000000,0.820064,0.000000
0,-0.000036,0.043478,0.045455,0.054844,0.088789,250.849344,524.014377,90.569952,100.000000,45.284976,50.000000,110,10,0.055556,1300.000000,0.000000,45.000000,1.811407,2.000008
0,0.000000,0.050000,0.050000,0.283746,0.014218,362.561728,183.839200,80.134350,97.500000,40.067175,48.750000,120,90,0.050000,1000.000000,0.000000,40.000000,1.602804,1.950001
0,-0.002591,0.714286,0.578947,0.087459,0.088789,139.516263,524.014377,90.569952,100.000000,45.284976,50.000000,60,10,0.724138,1300.000000,0.000000,45.000000,1.811442,2.000008
0,0.001352,0.666667,0.352941,0.355935,0.055452,697.500000,386.925620,81.916727,47.222222,40.958364,23.611111,100,40,0.666667,1900.000000,0.000000,40.000000,1.638427,0.000000
0,0.000000,0.050000,0.050000,0.114325,0.014218,362.561728,183.839200,80.134350,97.500000,40.067175,48.750000,190,80,0.050000,1000.000000,0.000000,40.000000,1.602709,1.950001
0,0.000000,0.050000,0.050000,0.234379,0.011021,330.935556,166.913580,67.339211,47.500000,33.669605,23.750000,120,40,0.050000,1000.000000,0.000000,30.000000,1.346887,0.000000
0,0.004112,0.153846,0.352941,0.114124,0.055452,2061.156250,386.925620,81.937597,47.222222,40.968798,23.611111,80,10,0.352941,1500.000000,0.000000,40.000000,1.638755,0.000000
0,0.000000,0.050000,0.050000,0.283746,0.014218,362.561728,183.839200,80.134350,97.500000,40.067175,48.750000,190,120,0.050000,1000.000000,0.000000,40.000000,1.602804,1.950001
0,0.000000,0.076923,0.076923,0.096935,0.021838,403.555556,574.750000,85.883775,47.368421,42.941888,23.684211,50,10,0.076923,1000.000000,0.000000,40.000000,1.717688,0.000000
0,0.000000,0.333333,0.333333,0.012541,0.111440,143.375000,764.111111,60.891555,40.522523,30.445777,20.261262,60,10,0.333333,1200.000000,0.000000,30.000000,1.217832,0.000000
0,-0.000299,0.111111,0.066667,0.150309,0.000000,283.502959,0.000000,60.217924,0.000000,30.108962,0.000000,90,60,0.111111,1600.000000,0.000000,30.000000,1.204399,0.000000
0,-0.000180,0.043478,0.034483,0.105144,1.133228,302.236445,4001.666667,57.864828,34.615942,28.932414,17.307971,160,40,0.043478,1100.000000,0.000000,25.000000,1.157318,0.000000
0,0.000667,0.333333,0.333333,0.017103,0.111440,138.888889,764.111111,47.991342,40.522523,23.995671,20.261262,40,10,0.333333,1400.000000,0.000000,20.000000,0.959828,0.000000
0,-0.000180,0.250000,0.200000,0.067606,1.341563,159.000000,8019.000000,74.676818,39.132393,37.338409,19.566197,140,50,0.250000,1700.000000,0.000000,35.000000,1.493552,0.000000
0,0.000000,0.076923,0.076923,0.552420,0.021838,403.555556,574.750000,85.883775,47.368421,42.941888,23.684211,30,10,0.076923,1000.000000,0.000000,40.000000,1.718082,0.000000
0,0.000495,0.100000,0.133333,0.226005,0.019190,873.783210,1523.520000,74.659196,37.966794,37.329598,18.983397,200,100,0.142857,1200.000000,0.000000,35.000000,1.493218,0.000000
0,-0.000670,0.222222,0.133333,0.129439,0.013188,275.527778,199.836735,42.039158,37.676568,21.019579,18.838284,60,10,0.222222,1600.000000,0.000000,20.000000,0.840816,0.000000
0,0.000000,0.034483,0.034483,0.587631,1.133228,565.435313,4001.666667,77.377909,34.615942,38.688954,17.307971,170,30,0.034483,1000.000000,0.000000,35.000000,1.547968,0.000000
0,0.000000,0.400000,0.400000,0.018003,0.218555,334.424209,1069.644082,86.682228,86.737513,43.341114,43.368757,60,10,0.400000,1000.000000,0.000000,40.000000,1.733647,1.734773
0,-0.000667,0.166667,0.125000,0.644475,0.030801,1348.851240,297.551020,91.030683,47.500000,45.515341,23.750000,190,180,0.166667,1200.000000,0.000000,45.000000,1.820798,0.000000
0,0.000000,1.000000,1.000000,0.005727,0.070861,277.098765,363.204082,94.117647,41.499418,47.058824,20.749709,40,10,1.000000,1000.000000,0.000000,45.000000,1.882354,0.000000
0,-0.000667,0.166667,0.125000,0.644475,0.030801,1348.851240,297.551020,91.030683,47.500000,45.515341,23.750000,190,50,0.166667,1200.000000,0.000000,45.000000,1.820798,0.000000
0,0.000000,0.500000,0.500000,0.049741,0.032401,246.444444,157.687500,91.084910,36.650838,45.542455,18.325419,100,80,0.500000,1100.000000,0.000000,45.000000,1.821703,0.000000
0,-0.001927,0.200000,0.062500,0.063429,0.703673,289.131944,1285.289256,92.857143,40.439356,46.428571,20.219678,80,50,0.200000,1600.000000,0.000000,45.000000,1.857154,0.000000
0,0.000000,0.818182,0.818182,0.015239,0.000000,167.063704,0.000000,45.556480,0.000000,22.778240,0.000000,160,10,0.818182,1000.000000,0.000000,20.000000,0.911130,0.000000
0,0.000000,0.500000,0.500000,0.049741,0.032401,246.444444,157.687500,91.084910,36.650838,45.542455,18.325419,190,80,0.500000,1100.000000,0.000000,45.000000,1.821703,0.000000
0,0.000000,0.100000,0.100000,0.025195,0.000000,152.819444,0.000000,81.742988,0.000000,40.871494,0.000000,200,10,0.100000,1000.000000,0.000000,40.000000,1.634862,0.000000
0,0.000000,0.100000,0.100000,0.029197,0.032401,130.375000,157.687500,73.144232,36.650838,36.572116,18.325419,90,10,0.100000,1000.000000,0.000000,35.000000,1.462888,0.000000
0,-0.000667,0.166667,0.125000,0.644475,0.030801,1348.851240,297.551020,91.030683,47.500000,45.515341,23.750000,220,90,0.166667,1200.000000,0.000000,45.000000,1.820798,0.000000
0,0.000000,0.181818,0.181818,0.002310,0.305622,311.656296,1366.413223,47.539689,38.585162,23.769845,19.292581,130,10,0.181818,1000.000000,0.000000,20.000000,0.950794,0.000000
0,0.000000,0.076923,0.076923,0.068656,0.000000,297.006944,0.000000,90.402042,0.000000,45.201021,0.000000,110,90,0.076923,1000.000000,0.000000,45.000000,1.808049,0.000000
0,0.000000,0.090909,0.090909,0.037241,0.000000,153.884444,0.000000,84.957047,0.000000,42.478524,0.000000,100,50,0.090909,1100.000000,0.000000,40.000000,1.699148,0.000000
0,-0.000667,0.166667,0.125000,0.644475,0.030801,1348.851240,297.551020,91.030683,47.500000,45.515341,23.750000,190,90,0.166667,1200.000000,0.000000,45.000000,1.820798,0.000000
0,-0.000667,0.166667,0.125000,0.644475,0.030801,1348.851240,297.551020,91.030683,47.500000,45.515341,23.750000,90,90,0.166667,1200.000000,0.000000,45.000000,1.820798,0.000000
0,-0.001927,0.200000,0.062500,0.063429,0.703673,289.131944,1285.289256,92.857143,40.439356,46.428571,20.219678,190,140,0.200000,1600.000000,0.000000,45.000000,1.857154,0.000000
0,0.000000,0.555556,0.555556,0.002391,0.149590,33.687500,225.000000,73.742986,32.222261,36.871493,16.111131,110,10,0.555556,1000.000000,0.000000,35.000000,1.474860,0.000000
0,0.000000,0.076923,0.076923,0.068656,0.000000,297.006944,0.000000,90.402042,0.000000,45.201021,0.000000,200,90,0.076923,1000.000000,0.000000,45.000000,1.808049,0.000000
0,-0.000667,0.166667,0.125000,0.644475,0.030801,1348.851240,297.551020,91.030683,47.500000,45.515341,23.750000,180,90,0.166667,1200.000000,0.000000,45.000000,1.820798,0.000000
0,0.002778,0.416667,0.555556,0.057503,0.149590,278.444444,225.000000,77.777765,32.222261,38.888882,16.111131,100,60,0.555556,1100.000000,0.000000,35.000000,1.555561,0.000000
0,0.002778,0.416667,0.555556,0.057503,0.149590,278.444444,225.000000,77.777765,32.222261,38.888882,16.111131,100,100,0.555556,1100.000000,0.000000,35.000000,1.555561,0.000000
0,0.006400,0.600000,1.000000,0.011112,0.000000,55.109694,0.000000,56.886144,0.000000,28.443072,0.000000,30,10,1.000000,1300.000000,0.000000,25.000000,1.137725,0.000000
0,0.002313,0.647059,1.000000,0.009859,0.000000,206.687500,0.000000,94.444444,0.000000,47.222222,0.000000,140,10,1.000000,1600.000000,0.000000,45.000000,1.888889,0.000000
0,-0.000667,0.166667,0.125000,0.644475,0.030801,1348.851240,297.551020,91.030683,47.500000,45.515341,23.750000,90,50,0.166667,1200.000000,0.000000,45.000000,1.820798,0.000000
0,0.000767,0.714286,1.000000,0.022246,0.000000,147.790497,0.000000,76.003061,0.000000,38.001531,0.000000,100,10,1.000000,2000.000000,0.000000,35.000000,1.520075,0.000000
0,-0.001927,0.200000,0.062500,0.063429,0.703673,289.131944,1285.289256,92.857143,40.439356,46.428571,20.219678,140,80,0.200000,1600.000000,0.000000,45.000000,1.857154,0.000000
0,-0.000667,0.166667,0.125000,0.408007,0.030801,513.297521,297.551020,90.548875,47.500000,45.274437,23.750000,160,40,0.166667,1400.000000,0.000000,45.000000,1.811153,0.000000
0,0.000000,0.090909,0.090909,0.037241,0.000000,153.884444,0.000000,84.957047,0.000000,42.478524,0.000000,190,50,0.090909,1100.000000,0.000000,40.000000,1.699148,0.000000
0,0.000000,1.000000,1.000000,0.005727,0.070861,277.098765,363.204082,94.117647,41.499418,47.058824,20.749709,60,10,1.000000,1000.000000,0.000000,45.000000,1.882354,0.000000
0,0.000000,0.100000,0.100000,0.025195,0.000000,152.819444,0.000000,81.742988,0.000000,40.871494,0.000000,110,10,0.100000,1000.000000,0.000000,40.000000,1.634862,0.000000
0,0.003835,0.125000,0.400000,0.073889,0.103596,175.222222,600.000000,45.502905,39.999997,22.751452,19.999998,50,10,0.400000,1500.000000,0.000000,20.000000,0.910075,0.000000
0,0.002313,0.647059,1.000000,0.009859,0.000000,206.687500,0.000000,94.444444,0.000000,47.222222,0.000000,50,10,1.000000,1600.000000,0.000000,45.000000,1.888889,0.000000
0,0.000000,0.800000,0.800000,0.030057,0.000000,125.250000,0.000000,69.248978,0.000000,34.624489,0.000000,90,10,0.800000,1000.000000,0.000000,30.000000,1.384987,0.000000
0,0.000000,0.100000,0.100000,0.025195,0.000000,152.819444,0.000000,81.742988,0.000000,40.871494,0.000000,70,10,0.100000,1000.000000,0.000000,40.000000,1.634862,0.000000
0,0.005448,0.100000,0.400000,0.047468,0.103596,196.345000,600.000000,62.173925,39.999997,31.086963,19.999998,70,10,0.400000,1300.000000,0.000000,30.000000,1.243485,0.000000
0,0.000000,0.090909,0.090909,0.037241,0.000000,153.884444,0.000000,84.957047,0.000000,42.478524,0.000000,60,50,0.090909,1100.000000,0.000000,40.000000,1.699148,0.000000
0,0.002778,0.416667,0.555556,0.057503,0.149590,278.444444,225.000000,77.777765,32.222261,38.888882,16.111131,190,100,0.555556,1100.000000,0.000000,35.000000,1.555561,0.000000
0,-0.001271,0.100000,0.062500,0.053570,0.703673,180.444444,1285.289256,87.301587,40.439356,43.650794,20.219678,150,10,0.181818,1600.000000,0.000000,40.000000,1.746043,0.000000
0,-0.001271,0.100000,0.062500,0.053570,0.703673,180.444444,1285.289256,87.301587,40.439356,43.650794,20.219678,80,10,0.181818,1600.000000,0.000000,40.000000,1.746043,0.000000
0,0.000000,0.500000,0.500000,0.049741,0.032401,246.444444,157.687500,91.084910,36.650838,45.542455,18.325419,80,60,0.500000,1100.000000,0.000000,45.000000,1.821703,0.000000
0,-0.000060,0.190476,0.181818,0.073889,0.251289,212.380208,1306.440000,78.065426,85.238092,39.032713,42.619046,50,10,0.190476,1500.000000,0.000000,35.000000,1.561325,1.704786
0,0.000000,0.038462,0.038462,0.051515,0.368603,474.295441,1803.804082,81.235324,81.071292,40.617662,40.535646,180,10,0.038462,1000.000000,0.000000,40.000000,1.624713,1.621464
0,-0.001271,0.100000,0.062500,0.053570,0.703673,180.444444,1285.289256,87.301587,40.439356,43.650794,20.219678,190,10,0.181818,1600.000000,0.000000,40.000000,1.746043,0.000000
0,-0.000667,0.166667,0.125000,0.408007,0.030801,513.297521,297.551020,90.548875,47.500000,45.274437,23.750000,70,40,0.166667,1400.000000,0.000000,45.000000,1.811153,0.000000
0,0.000000,0.272727,0.272727,0.034159,0.174457,661.567515,963.204082,82.461761,81.499414,41.230881,40.749707,100,10,0.272727,1000.000000,0.000000,40.000000,1.649237,1.630004
0,0.000000,0.090909,0.090909,0.061079,0.297742,236.636676,1440.600000,70.451009,39.571874,35.225504,19.785937,180,150,0.090909,1000.000000,0.000000,35.000000,1.409029,0.000000
0,-0.000667,0.166667,0.125000,0.644475,0.030801,1348.851240,297.551020,91.030683,47.500000,45.515341,23.750000,220,180,0.166667,1200.000000,0.000000,45.000000,1.820798,0.000000
0,0.000000,0.076923,0.076923,0.068656,0.000000,297.006944,0.000000,90.402042,0.000000,45.201021,0.000000,90,70,0.076923,1000.000000,0.000000,45.000000,1.808049,0.000000
0,-0.001927,0.200000,0.062500,0.063429,0.703673,289.131944,1285.289256,92.857143,40.439356,46.428571,20.219678,190,50,0.200000,1600.000000,0.000000,45.000000,1.857154,0.000000
0,0.015567,0.100000,1.000000,0.004387,0.147693,67.526235,706.440000,60.881929,45.238095,30.440964,22.619048,30,10,1.000000,1300.000000,0.000000,30.000000,1.217639,0.000000
0,-0.001927,0.200000,0.062500,0.063429,0.703673,289.131944,1285.289256,92.857143,40.439356,46.428571,20.219678,150,140,0.200000,1600.000000,0.000000,45.000000,1.857154,0.000000
0,-0.000667,0.166667,0.125000,0.644475,0.030801,1348.851240,297.551020,91.030683,47.500000,45.515341,23.750000,220,50,0.166667,1200.000000,0.000000,45.000000,1.820798,0.000000
0,0.011217,0.125000,1.000000,0.000000,0.147693,64.935764,706.440000,48.577382,45.238095,24.288691,22.619048,10,10,1.000000,1500.000000,0.000000,20.000000,0.971548,0.000000
0,-0.001927,0.200000,0.062500,0.063429,0.703673,289.131944,1285.289256,92.857143,40.439356,46.428571,20.219678,150,50,0.200000,1600.000000,0.000000,45.000000,1.857154,0.000000
0,-0.000667,0.166667,0.125000,0.408007,0.030801,513.297521,297.551020,90.548875,47.500000,45.274437,23.750000,40,30,0.166667,1400.000000,0.000000,45.000000,1.811153,0.000000
0,-0.002122,0.571429,0.333333,0.023941,0.026447,145.019231,151.755102,60.183808,40.625674,30.091904,20.312837,110,10,0.571429,1700.000000,0.000000,30.000000,1.203680,0.000000
0,0.000000,0.454545,0.454545,0.004501,0.250060,90.551111,1285.289256,81.624242,50.000000,40.812121,25.000000,70,10,0.454545,1000.000000,0.000000,40.000000,1.632485,0.000000
0,-0.000853,0.333333,0.250000,1.406147,0.255353,4441.795918,1945.453125,82.522729,45.238095,41.261364,22.619048,140,20,0.333333,1400.000000,0.000000,40.000000,1.650677,0.000000
0,0.000000,0.090909,0.090909,0.302707,0.031549,1252.597025,201.799308,91.624242,50.000000,45.812121,25.000000,220,70,0.090909,1000.000000,0.000000,45.000000,1.832521,0.000000
0,0.000000,0.090909,0.090909,0.302707,0.031549,1252.597025,201.799308,91.624242,50.000000,45.812121,25.000000,250,70,0.090909,1000.000000,0.000000,45.000000,1.832521,0.000000
0,0.000000,0.090909,0.090909,0.302707,0.031549,1252.597025,201.799308,91.624242,50.000000,45.812121,25.000000,120,70,0.090909,1000.000000,0.000000,45.000000,1.832521,0.000000
0,0.001273,0.636364,0.700000,0.060390,0.250060,607.440000,1285.289256,71.623595,50.000000,35.811797,25.000000,130,50,0.700000,1200.000000,0.000000,35.000000,1.432478,0.000000
0,-0.000228,0.125000,0.100000,0.033977,0.026447,126.375000,151.755102,43.796322,40.625674,21.898161,20.312837,30,10,0.125000,1500.000000,0.000000,20.000000,0.875932,0.000000
0,0.001273,0.636364,0.700000,0.060390,0.250060,607.440000,1285.289256,71.623595,50.000000,35.811797,25.000000,240,50,0.700000,1200.000000,0.000000,35.000000,1.432478,0.000000
0,-0.000321,0.200000,0.187500,0.453190,0.003343,2117.160000,23.148148,86.816561,50.000000,43.408280,25.000000,170,140,0.214286,1500.000000,0.000000,40.000000,1.736380,0.000000
0,0.001273,0.636364,0.700000,0.060390,0.250060,607.440000,1285.289256,71.623595,50.000000,35.811797,25.000000,200,50,0.700000,1200.000000,0.000000,35.000000,1.432478,0.000000
0,-0.000536,0.214286,0.187500,0.414530,0.003343,949.846372,23.148148,84.506146,50.000000,42.253073,25.000000,170,170,0.214286,1200.000000,0.000000,40.000000,1.690260,0.000000
0,-0.001707,0.666667,0.500000,0.014767,0.011259,72.888889,73.937500,61.257888,41.428571,30.628944,20.714286,120,10,0.666667,1600.000000,0.000000,30.000000,1.225160,0.000000
0,-0.001085,0.166667,0.250000,0.107306,0.255353,348.408163,1945.453125,69.353580,45.238095,34.676790,22.619048,140,80,0.500000,2000.000000,0.000000,30.000000,1.387089,0.000000
0,-0.000601,0.166667,0.125000,9.184221,0.000000,15838.000000,0.000000,66.254680,0.000000,33.127340,0.000000,150,120,0.166667,1400.000000,0.000000,30.000000,1.327786,0.000000
0,-0.000321,0.200000,0.187500,0.453190,0.003343,2117.160000,23.148148,86.816561,50.000000,43.408280,25.000000,140,70,0.214286,1500.000000,0.000000,40.000000,1.736380,0.000000
0,0.000000,0.166667,0.166667,0.072867,0.447157,339.179688,3283.320000,80.246761,79.302330,40.123381,39.651165,160,120,0.166667,1000.000000,0.000000,40.000000,1.604943,1.586077
0,0.000000,0.090909,0.090909,0.302707,0.031549,1252.597025,201.799308,91.624242,50.000000,45.812121,25.000000,90,70,0.090909,1000.000000,0.000000,45.000000,1.832521,0.000000
0,0.000000,0.076923,0.076923,0.022503,0.022290,289.372540,164.625850,77.769135,50.000000,38.884567,25.000000,180,90,0.076923,1000.000000,0.000000,35.000000,1.555384,0.000000
0,0.000000,0.100000,0.100000,0.024220,1.228433,154.608304,4144.140625,44.214606,36.262652,22.107303,18.131326,130,10,0.100000,1000.000000,0.000000,20.000000,0.884294,0.000000
0,0.000000,0.200000,0.200000,4.574160,0.107529,20126.088889,176.400000,58.000000,45.000000,29.000000,22.500000,200,10,0.200000,1000.000000,0.000000,25.000000,1.160520,0.000000
0,0.000000,0.071429,0.071429,0.204924,0.000000,598.656250,0.000000,70.539452,0.000000,35.269726,0.000000,170,100,0.071429,1100.000000,0.000000,35.000000,1.410837,0.000000
0,0.000000,0.200000,0.200000,4.574160,0.107529,20126.088889,176.400000,58.000000,45.000000,29.000000,22.500000,240,10,0.200000,1000.000000,0.000000,25.000000,1.160520,0.000000
0,0.000000,0.100000,0.100000,0.052235,0.676772,522.992244,2048.000000,45.308626,33.331077,22.654313,16.665539,200,10,0.100000,1000.000000,0.000000,20.000000,0.906175,0.000000
0,0.000000,0.111111,0.111111,0.027948,1.228433,98.492188,4144.140625,81.490975,36.262652,40.745488,18.131326,120,100,0.111111,1100.000000,0.000000,40.000000,1.629824,0.000000
0,-0.000853,0.400000,0.333333,0.109098,0.055171,215.755102,552.514172,42.420821,88.181817,21.210410,44.090909,60,10,0.400000,1400.000000,0.000000,20.000000,0.848456,1.763641
0,0.000000,0.200000,0.200000,4.574160,0.107529,20126.088889,176.400000,58.000000,45.000000,29.000000,22.500000,220,10,0.200000,1000.000000,0.000000,25.000000,1.160520,0.000000
0,0.000000,1.000000,1.000000,0.060306,0.001921,480.664286,627.200000,48.562265,39.339800,24.281132,19.669900,250,10,1.000000,1000.000000,0.000000,20.000000,0.971249,0.000000
0,0.000000,0.055556,0.055556,0.103932,0.338620,1763.816327,700.000000,70.279797,34.285714,35.139898,17.142857,150,130,0.055556,1000.000000,0.000000,35.000000,1.405599,0.000000
0,0.000000,0.222222,0.222222,0.300896,0.026162,1248.469525,218.037037,91.999680,47.619048,45.999840,23.809524,120,100,0.222222,1200.000000,0.000000,45.000000,1.840030,0.000000
0,0.000000,0.222222,0.222222,0.300896,0.026162,1248.469525,218.037037,91.999680,47.619048,45.999840,23.809524,250,100,0.222222,1200.000000,0.000000,45.000000,1.840030,0.000000
0,0.000000,0.500000,0.500000,0.034717,0.000000,269.578125,0.000000,44.882061,0.000000,22.441030,0.000000,120,10,0.500000,1700.000000,0.000000,20.000000,0.897644,0.000000
0,0.000000,0.222222,0.222222,0.300896,0.026162,1248.469525,218.037037,91.999680,47.619048,45.999840,23.809524,100,90,0.222222,1200.000000,0.000000,45.000000,1.840030,0.000000
0,-0.000095,0.071429,0.066667,0.080508,0.077340,2304.088889,676.000000,78.749800,46.000000,39.374900,23.000000,90,80,0.071429,1100.000000,0.000000,35.000000,1.575035,0.000000
0,0.000000,0.461538,0.461538,0.072665,0.197623,546.806213,391.851852,76.672500,36.666650,38.336250,18.333325,180,160,0.461538,1100.000000,0.000000,35.000000,1.533456,0.000000
0,-0.000364,0.200000,0.181818,0.027110,0.019024,312.056213,150.000000,77.811262,50.000000,38.905631,25.000000,180,70,0.200000,1100.000000,0.000000,35.000000,1.556227,0.000000
0,-0.000095,0.071429,0.066667,0.080508,0.077340,2304.088889,676.000000,78.749800,46.000000,39.374900,23.000000,90,40,0.071429,1100.000000,0.000000,35.000000,1.575035,0.000000
0,0.000655,0.100000,0.200000,0.006153,0.074623,410.125000,2586.111111,46.752113,37.392352,23.376056,18.696176,140,10,0.200000,1700.000000,0.000000,20.000000,0.935042,0.000000
0,-0.004356,0.500000,0.222222,0.343546,0.015013,950.112426,269.500000,76.694283,39.389297,38.347141,19.694649,230,90,0.500000,1300.000000,0.000000,35.000000,1.534049,0.000000
0,-0.000246,0.095238,0.080000,0.133043,0.340006,565.453125,727.000000,78.492245,74.285630,39.246123,37.142815,120,90,0.095238,1400.000000,0.000000,35.000000,1.569865,1.485795
0,-0.002237,0.750000,0.200000,0.072618,0.149227,306.092593,280.472472,89.133852,81.709401,44.566926,40.854700,130,50,0.750000,2000.000000,0.000000,40.000000,1.782686,1.634229
0,-0.000319,0.076923,0.083333,0.026967,0.202773,634.714286,447.020408,54.087296,35.224900,27.043648,17.612450,110,10,0.142857,1800.000000,0.000000,25.000000,1.081747,0.000000
0,0.000856,0.230769,0.779412,0.020509,0.000000,669.752066,0.000000,77.026922,0.000000,38.513461,0.000000,80,70,0.872340,2200.000000,0.000000,35.000000,1.540542,0.000000
0,-0.000089,0.043478,0.040000,0.158256,0.353633,500.192222,969.500000,77.596895,73.675011,38.798448,36.837506,210,80,0.047619,1500.000000,0.000000,35.000000,1.551963,1.473583
0,-0.000128,0.083333,0.076923,0.083774,0.051782,141.388889,400.000000,81.249800,50.000000,40.624900,25.000000,230,90,0.083333,1100.000000,0.000000,40.000000,1.625037,0.000000
0,0.000000,0.222222,0.222222,0.300896,0.026162,1248.469525,218.037037,91.999680,47.619048,45.999840,23.809524,220,100,0.222222,1200.000000,0.000000,45.000000,1.840030,0.000000
0,-0.002237,0.750000,0.200000,0.072618,0.149227,306.092593,280.472472,89.133852,81.709401,44.566926,40.854700,90,50,0.750000,2000.000000,0.000000,40.000000,1.782686,1.634229
0,-0.000667,0.500000,0.466667,0.100403,0.004865,233.876543,32.666667,74.106943,50.000000,37.053471,25.000000,120,90,0.500000,1100.000000,0.000000,35.000000,1.482181,0.000000
0,0.003149,0.250000,0.680000,0.157711,0.413243,290.715110,3286.111111,42.346082,71.678067,21.173041,35.839033,90,10,0.733333,2200.000000,0.000000,20.000000,0.846967,1.433644
0,-0.001333,0.333333,0.250000,0.195610,0.387378,500.000000,2733.250000,71.995633,50.000000,35.997817,25.000000,100,50,0.333333,1500.000000,0.000000,35.000000,1.439955,0.000000
0,-0.004523,0.294118,0.062500,0.261540,0.117155,803.968750,821.777778,73.345404,38.024346,36.672702,19.012173,190,170,0.294118,1200.000000,0.000000,35.000000,1.466963,0.000000
0,0.000000,0.027027,0.027027,0.056329,0.398129,436.666524,2652.250000,76.803594,40.807395,38.401797,20.403698,190,140,0.027027,1000.000000,0.000000,35.000000,1.536076,0.000000
0,-0.000667,0.500000,0.466667,0.100403,0.004865,233.876543,32.666667,74.106943,50.000000,37.053471,25.000000,160,90,0.500000,1100.000000,0.000000,35.000000,1.482181,0.000000
0,-0.000128,0.083333,0.076923,0.083774,0.051782,141.388889,400.000000,81.249800,50.000000,40.624900,25.000000,130,90,0.083333,1100.000000,0.000000,40.000000,1.625037,0.000000
0,0.000000,0.062500,0.062500,0.164054,0.026729,337.482781,194.495868,37.681590,40.485533,18.840795,20.242767,170,10,0.062500,1200.000000,0.000000,15.000000,0.753677,0.000000
0,0.000000,0.200000,0.200000,0.021923,0.338620,250.091049,700.000000,46.446522,34.285714,23.223261,17.142857,60,10,0.200000,1700.000000,0.000000,20.000000,0.928932,0.000000
0,-0.006545,1.000000,0.166667,0.182147,0.338620,305.333333,700.000000,65.109955,34.285714,32.554978,17.142857,50,20,1.000000,1800.000000,0.000000,30.000000,1.302257,0.000000
0,0.000000,0.111111,0.111111,0.021334,0.036694,123.965561,300.000000,82.839781,50.000000,41.419891,25.000000,210,100,0.111111,1200.000000,0.000000,40.000000,1.656797,0.000000
0,-0.000250,0.066667,0.047619,0.079862,0.115211,751.653061,793.469388,74.825370,50.000000,37.412685,25.000000,240,150,0.066667,1500.000000,0.000000,35.000000,1.496513,0.000000
0,-0.000019,0.095238,0.095238,0.103321,0.007026,324.281829,59.693878,82.299531,50.000000,41.149765,25.000000,160,110,0.100000,1400.000000,0.000000,40.000000,1.646014,0.000000
0,0.007564,0.083333,0.461538,0.037353,0.057239,190.562500,444.444444,48.461444,50.000000,24.230722,25.000000,110,10,0.461538,1200.000000,0.000000,20.000000,0.969233,0.000000
0,-0.000225,0.051282,0.038462,0.348471,0.362256,1484.370230,2266.907623,87.117677,81.836660,43.558839,40.918330,180,110,0.051282,1400.000000,0.000000,40.000000,1.742394,1.636765
0,0.000000,0.285714,0.285714,0.054605,0.333205,248.446676,2342.157470,77.117677,75.937376,38.558839,37.968688,180,90,0.285714,1400.000000,0.000000,35.000000,1.542360,1.518771
0,0.000000,0.444444,0.444444,0.012608,0.061516,708.447545,391.355030,71.792040,41.397165,35.896020,20.698583,260,150,0.444444,1100.000000,0.000000,35.000000,1.435841,0.000000
0,-0.001263,0.571429,0.190476,0.047468,0.003886,106.625000,27.000000,78.185252,39.999993,39.092626,19.999997,70,40,0.571429,2300.000000,0.000000,35.000000,1.563720,0.000000
0,-0.000119,0.033333,0.025641,0.157508,0.621332,509.320891,4200.732272,72.831814,77.353267,36.415907,38.676634,190,120,0.033333,1300.000000,0.000000,35.000000,1.456661,1.547111
0,-0.000225,0.051282,0.038462,0.348471,0.362256,1484.370230,2266.907623,87.117677,81.836660,43.558839,40.918330,240,180,0.051282,1400.000000,0.000000,40.000000,1.742394,1.636765
0,0.000897,0.473684,0.523810,0.029804,1.030283,171.953704,3240.000000,51.459636,36.999679,25.729818,18.499840,180,10,0.523810,1200.000000,0.000000,25.000000,1.029196,0.000000
0,0.000000,0.055556,0.055556,0.021309,0.394348,279.612245,2636.386593,76.898971,91.168781,38.449485,45.584391,150,30,0.055556,1000.000000,0.000000,35.000000,1.537980,1.823405
0,-0.000076,0.071429,0.066667,0.339077,0.078034,1535.657025,258.117500,86.949255,45.652174,43.474628,22.826087,220,100,0.071429,1300.000000,0.000000,40.000000,1.739024,0.000000
0,0.000710,0.571429,0.400000,0.007066,0.000000,133.250000,0.000000,58.404275,0.000000,29.202137,0.000000,100,10,0.571429,2000.000000,0.000000,25.000000,1.168086,0.000000
0,-0.000076,0.071429,0.066667,0.339077,0.078034,1535.657025,258.117500,86.949255,45.652174,43.474628,22.826087,100,90,0.071429,1300.000000,0.000000,40.000000,1.739024,0.000000
0,0.004718,0.166667,0.400000,0.050206,0.053054,201.128099,400.000000,83.393540,50.000000,41.696770,25.000000,200,150,0.400000,1500.000000,0.000000,40.000000,1.667877,0.000000
0,0.004542,0.625000,0.709091,0.310259,0.377334,522.897959,2631.012346,70.628230,79.041629,35.314115,39.520814,80,40,0.709091,2800.000000,0.000000,35.000000,1.412657,1.580860
0,0.000000,0.200000,0.200000,0.035212,0.316993,253.879758,2408.790123,60.071844,76.184486,30.035922,38.092243,170,10,0.200000,1500.000000,0.000000,30.000000,1.201440,1.523711
0,-0.000225,0.051282,0.038462,0.348471,0.362256,1484.370230,2266.907623,87.117677,81.836660,43.558839,40.918330,210,180,0.051282,1400.000000,0.000000,40.000000,1.742394,1.636765
0,-0.000266,0.105263,0.090909,0.112297,1.034169,479.930000,3267.000000,47.626046,76.999672,23.813023,38.499836,150,10,0.105263,1200.000000,0.000000,20.000000,0.952535,1.540158
0,0.003009,0.055556,0.200000,0.067103,0.004985,167.253099,32.666667,84.643540,50.000000,42.321770,25.000000,150,130,0.200000,1500.000000,0.000000,40.000000,1.692890,0.000000
0,-0.005653,0.444444,0.181818,7.140392,0.000000,12831.333333,0.000000,72.075690,0.000000,36.037845,0.000000,160,160,0.500000,1300.000000,0.000000,35.000000,1.443503,0.000000
0,-0.000123,0.080000,0.112500,0.543259,0.345738,2793.204082,2400.145153,63.937344,77.581651,31.968672,38.790826,90,40,0.178571,2800.000000,0.000000,30.000000,1.278850,1.551658
0,0.004718,0.166667,0.400000,0.050206,0.053054,201.128099,400.000000,83.393540,50.000000,41.696770,25.000000,150,100,0.400000,1500.000000,0.000000,40.000000,1.667877,0.000000
0,0.000000,0.142857,0.142857,0.048058,0.142095,341.198225,955.589569,74.715785,82.610033,37.357892,41.305016,260,130,0.142857,1000.000000,0.000000,35.000000,1.494319,1.652211
0,0.004738,0.111111,0.454545,0.114124,0.000000,2179.750000,0.000000,48.404945,0.000000,24.202473,0.000000,80,10,0.454545,2100.000000,0.000000,20.000000,0.968102,0.000000
0,-0.000595,0.125000,0.071429,0.095578,0.000000,285.153061,0.000000,73.116382,0.000000,36.558191,0.000000,150,60,0.125000,1500.000000,0.000000,35.000000,1.462347,0.000000
0,0.000000,0.100000,0.100000,0.197410,1.917829,597.000000,5304.444444,79.370243,87.999999,39.685121,43.999999,150,90,0.100000,1000.000000,0.000000,35.000000,1.587453,1.760360
0,0.000000,0.142857,0.142857,0.014062,0.048983,194.903061,333.367347,72.148964,39.752890,36.074482,19.876445,150,120,0.142857,1100.000000,0.000000,35.000000,1.442980,0.000000
0,0.003009,0.055556,0.200000,0.067103,0.004985,167.253099,32.666667,84.643540,50.000000,42.321770,25.000000,150,90,0.200000,1500.000000,0.000000,40.000000,1.692890,0.000000
0,-0.000225,0.051282,0.038462,0.348471,0.362256,1484.370230,2266.907623,87.117677,81.836660,43.558839,40.918330,180,80,0.051282,1400.000000,0.000000,40.000000,1.742394,1.636765
0,-0.000019,0.095238,0.095238,0.103321,0.007026,324.281829,59.693878,82.299531,50.000000,41.149765,25.000000,210,160,0.100000,1400.000000,0.000000,40.000000,1.646014,0.000000
0,-0.001681,0.166667,0.071429,0.145567,0.284222,459.356445,2008.790123,69.519487,36.184486,34.759744,18.092243,160,50,0.166667,1600.000000,0.000000,30.000000,1.390416,0.000000
0,0.000000,0.500000,0.500000,0.057892,0.300497,244.196676,2044.790123,74.105599,76.174430,37.052799,38.087215,180,20,0.500000,1400.000000,0.000000,35.000000,1.482119,1.523512
0,-0.000076,0.071429,0.066667,0.339077,0.078034,1535.657025,258.117500,86.949255,45.652174,43.474628,22.826087,250,100,0.071429,1300.000000,0.000000,40.000000,1.739024,0.000000
0,-0.000067,0.066667,0.062500,0.196446,0.296820,729.328704,2125.977623,74.134647,77.017819,37.067323,38.508909,190,60,0.066667,1300.000000,0.000000,35.000000,1.482720,1.540377
0,-0.000250,0.066667,0.047619,0.079862,0.115211,751.653061,793.469388,74.825370,50.000000,37.412685,25.000000,200,150,0.066667,1500.000000,0.000000,35.000000,1.496513,0.000000
0,0.002139,0.043478,0.145455,0.484461,0.154628,2834.972222,1013.577252,72.686801,84.254308,36.343400,42.127154,210,200,0.145455,1600.000000,0.000000,35.000000,1.453783,1.685098
0,-0.000433,0.153846,0.095238,0.020870,0.053951,55.030736,378.201183,34.605987,50.000000,17.302993,25.000000,90,10,0.153846,2100.000000,0.000000,15.000000,0.692127,0.000000
0,-0.000364,0.200000,0.181818,0.018461,0.006361,85.255000,191.660000,81.588153,35.714284,40.794077,17.857142,170,170,0.200000,1200.000000,0.000000,40.000000,1.631765,0.000000
0,-0.001905,0.166667,0.071429,0.839481,0.006361,6041.067500,191.660000,79.651775,35.714284,39.825888,17.857142,170,170,0.166667,1200.000000,0.000000,35.000000,1.593094,0.000000
0,0.000000,0.100000,0.100000,0.103070,1.917829,597.000000,5304.444444,79.370243,87.999999,39.685121,43.999999,90,30,0.100000,1000.000000,0.000000,35.000000,1.587414,1.760360
0,-0.000250,0.066667,0.047619,0.079862,0.115211,751.653061,793.469388,74.825370,50.000000,37.412685,25.000000,150,130,0.066667,1500.000000,0.000000,35.000000,1.496513,0.000000
0,-0.000324,0.111111,0.090909,0.037563,0.337110,137.179688,2191.942149,80.627846,41.168781,40.313923,20.584391,160,120,0.111111,1300.000000,0.000000,40.000000,1.612562,0.000000
0,0.000000,0.600000,0.600000,0.022952,0.028024,187.881944,248.062500,52.857147,39.646590,26.428574,19.823295,160,10,0.600000,1000.000000,0.000000,25.000000,1.057145,0.000000
0,-0.000019,0.095238,0.095238,0.103321,0.007026,324.281829,59.693878,82.299531,50.000000,41.149765,25.000000,180,160,0.100000,1400.000000,0.000000,40.000000,1.646014,0.000000
0,0.000000,0.500000,0.500000,0.049167,0.284222,621.174036,2008.790123,71.651895,36.184486,35.825948,18.092243,210,150,0.500000,1100.000000,0.000000,35.000000,1.433040,0.000000
0,0.000000,0.055556,0.055556,0.115649,0.394348,279.612245,2636.386593,76.898971,91.168781,38.449485,45.584391,150,150,0.055556,1000.000000,0.000000,35.000000,1.538019,1.823405
0,-0.000208,0.062500,0.047619,0.031429,0.115211,222.814815,793.469388,81.385668,50.000000,40.692834,25.000000,170,10,0.062500,1300.000000,0.000000,40.000000,1.627717,0.000000
0,-0.000076,0.071429,0.066667,0.339077,0.078034,1535.657025,258.117500,86.949255,45.652174,43.474628,22.826087,120,100,0.071429,1300.000000,0.000000,40.000000,1.739024,0.000000
0,0.000000,0.045455,0.045455,0.003592,1.396638,62.776476,3840.000000,68.416186,86.999679,34.208093,43.499840,90,30,0.045455,1000.000000,0.000000,30.000000,1.368324,1.740269
0,-0.002340,0.235294,0.181818,0.219107,0.061516,1261.472222,391.355030,73.001751,41.397165,36.500876,20.698583,210,130,0.727273,1600.000000,0.000000,35.000000,1.460061,0.000000
0,0.000000,0.142857,0.142857,0.065787,0.110499,736.362426,724.722377,76.698307,81.150055,38.349153,40.575028,230,90,0.142857,1400.000000,0.000000,35.000000,1.533969,1.623010
0,0.001108,0.444444,0.461538,0.068093,0.057239,276.000000,444.444444,75.677843,50.000000,37.838921,25.000000,90,70,0.555556,1600.000000,0.000000,35.000000,1.513566,0.000000
0,-0.000147,0.125000,0.117647,0.519491,0.061547,1915.081633,558.117500,49.408577,100.000000,24.704289,50.000000,150,10,0.125000,1100.000000,0.000000,20.000000,0.988244,2.000003
0,-0.001259,0.100000,0.034483,0.897438,0.115326,2851.416667,949.317500,89.319694,100.000000,44.659847,50.000000,230,20,0.100000,1300.000000,0.000000,40.000000,1.786549,2.000007
0,-0.001112,0.083333,0.034483,0.025916,0.115326,170.297521,949.317500,90.548875,100.000000,45.274437,50.000000,100,40,0.100000,1900.000000,0.000000,45.000000,1.810980,2.000007
0,-0.000110,0.076923,0.071429,0.033844,1.470474,34.885771,1202.500000,86.165317,53.348572,43.082659,26.674286,200,30,0.076923,1100.000000,0.000000,40.000000,1.723341,1.068208
0,-0.001259,0.100000,0.034483,0.897438,0.115326,2851.416667,949.317500,89.319694,100.000000,44.659847,50.000000,130,20,0.100000,1300.000000,0.000000,40.000000,1.786549,2.000007
0,-0.000721,0.357143,0.312500,0.005017,0.785869,52.250000,1690.000000,50.329463,86.681905,25.164731,43.340953,30,10,0.357143,1300.000000,0.000000,25.000000,1.006590,1.733924
0,-0.000133,0.300000,0.300000,0.023005,0.000000,344.592778,0.000000,45.658716,0.000000,22.829358,0.000000,130,10,0.333333,1900.000000,0.000000,20.000000,0.913175,0.000000
0,0.002667,0.500000,0.666667,0.207391,0.080746,1052.194444,758.117500,79.998801,90.000000,39.999400,45.000000,260,50,0.666667,1300.000000,0.000000,35.000000,1.600001,1.800004
0,-0.000667,0.333333,0.300000,0.028215,0.008983,211.000000,71.442500,63.487596,41.576331,31.743798,20.788166,90,10,0.333333,1100.000000,0.000000,30.000000,1.269754,0.000000
0,-0.001259,0.100000,0.034483,0.897438,0.115326,2851.416667,949.317500,89.319694,100.000000,44.659847,50.000000,100,20,0.100000,1300.000000,0.000000,40.000000,1.786549,2.000007
0,0.000000,0.038462,0.038462,0.781813,0.029336,5182.559917,258.117500,76.827617,50.000000,38.413809,25.000000,250,210,0.038462,1100.000000,0.000000,35.000000,1.536635,0.000000
0,-0.001070,0.076923,0.034483,0.570334,0.115326,1034.413740,949.317500,85.475141,100.000000,42.737571,50.000000,230,190,0.100000,1700.000000,0.000000,40.000000,1.709680,2.000007
0,0.000000,0.038462,0.038462,0.781813,0.029336,5182.559917,258.117500,76.827617,50.000000,38.413809,25.000000,280,210,0.038462,1100.000000,0.000000,35.000000,1.536635,0.000000
0,-0.000044,0.100000,0.100000,0.013314,0.060755,67.875000,600.000000,82.803184,50.000000,41.401592,25.000000,70,70,0.111111,1300.000000,0.000000,40.000000,1.656065,0.000000
0,-0.001070,0.076923,0.034483,0.570334,0.115326,1034.413740,949.317500,85.475141,100.000000,42.737571,50.000000,230,90,0.100000,1700.000000,0.000000,40.000000,1.709680,2.000007
0,0.002667,0.500000,0.666667,0.207391,0.080746,1052.194444,758.117500,79.998801,90.000000,39.999400,45.000000,230,50,0.666667,1300.000000,0.000000,35.000000,1.600001,1.800004
0,0.000000,0.038462,0.038462,0.781813,0.029336,5182.559917,258.117500,76.827617,50.000000,38.413809,25.000000,210,150,0.038462,1100.000000,0.000000,35.000000,1.536635,0.000000
0,-0.000110,0.076923,0.071429,0.033844,1.470474,34.885771,1202.500000,86.165317,53.348572,43.082659,26.674286,240,30,0.076923,1100.000000,0.000000,40.000000,1.723341,1.068208
0,-0.001070,0.076923,0.034483,0.570334,0.115326,1034.413740,949.317500,85.475141,100.000000,42.737571,50.000000,190,120,0.100000,1700.000000,0.000000,40.000000,1.709680,2.000007
0,-0.001112,0.083333,0.034483,0.025916,0.115326,170.297521,949.317500,90.548875,100.000000,45.274437,50.000000,210,40,0.100000,1900.000000,0.000000,45.000000,1.810980,2.000007
0,-0.001070,0.076923,0.034483,0.570334,0.115326,1034.413740,949.317500,85.475141,100.000000,42.737571,50.000000,190,90,0.100000,1700.000000,0.000000,40.000000,1.709680,2.000007
0,-0.000044,0.100000,0.100000,0.058869,0.063643,302.625000,416.160000,81.664422,39.343385,40.832211,19.671692,160,70,0.111111,1300.000000,0.000000,40.000000,1.633294,0.000000
0,-0.000147,0.125000,0.117647,0.519491,0.061547,1915.081633,558.117500,49.408577,100.000000,24.704289,50.000000,120,10,0.125000,1100.000000,0.000000,20.000000,0.988244,2.000003
0,0.002667,0.500000,0.666667,0.207391,0.080746,1052.194444,758.117500,79.998801,90.000000,39.999400,45.000000,130,50,0.666667,1300.000000,0.000000,35.000000,1.600001,1.800004
0,0.000000,0.111111,0.111111,0.071195,0.083740,470.750000,203.062500,75.651056,37.424368,37.825528,18.712184,100,90,0.111111,1100.000000,0.000000,35.000000,1.513027,0.000000
0,-0.000147,0.125000,0.117647,0.519491,0.061547,1915.081633,558.117500,49.408577,100.000000,24.704289,50.000000,280,10,0.125000,1100.000000,0.000000,20.000000,0.988244,2.000003
0,0.002667,0.500000,0.666667,0.207391,0.080746,1052.194444,758.117500,79.998801,90.000000,39.999400,45.000000,100,50,0.666667,1300.000000,0.000000,35.000000,1.600001,1.800004
0,-0.001070,0.076923,0.034483,0.570334,0.115326,1034.413740,949.317500,85.475141,100.000000,42.737571,50.000000,220,120,0.100000,1700.000000,0.000000,40.000000,1.709680,2.000007
0,-0.001070,0.076923,0.034483,0.570334,0.115326,1034.413740,949.317500,85.475141,100.000000,42.737571,50.000000,120,90,0.100000,1700.000000,0.000000,40.000000,1.709680,2.000007
0,-0.000147,0.125000,0.117647,0.519491,0.061547,1915.081633,558.117500,49.408577,100.000000,24.704289,50.000000,250,10,0.125000,1100.000000,0.000000,20.000000,0.988244,2.000003
0,-0.001070,0.076923,0.034483,0.570334,0.115326,1034.413740,949.317500,85.475141,100.000000,42.737571,50.000000,230,220,0.100000,1700.000000,0.000000,40.000000,1.709680,2.000007
0,0.000000,0.038462,0.038462,0.781813,0.029336,5182.559917,258.117500,76.827617,50.000000,38.413809,25.000000,210,120,0.038462,1100.000000,0.000000,35.000000,1.536635,0.000000
0,-0.001112,0.083333,0.034483,0.025916,0.115326,170.297521,949.317500,90.548875,100.000000,45.274437,50.000000,170,40,0.100000,1900.000000,0.000000,45.000000,1.810980,2.000007
0,-0.001070,0.076923,0.034483,0.570334,0.115326,1034.413740,949.317500,85.475141,100.000000,42.737571,50.000000,190,190,0.100000,1700.000000,0.000000,40.000000,1.709680,2.000007
0,-0.001259,0.100000,0.034483,0.897438,0.115326,2851.416667,949.317500,89.319694,100.000000,44.659847,50.000000,260,20,0.100000,1300.000000,0.000000,40.000000,1.786549,2.000007
0,-0.001070,0.076923,0.034483,0.570334,0.115326,1034.413740,949.317500,85.475141,100.000000,42.737571,50.000000,220,190,0.100000,1700.000000,0.000000,40.000000,1.709680,2.000007
0,-0.000348,0.076923,0.020833,0.273719,0.065814,530.633602,422.500000,79.171760,100.000000,39.585880,50.000000,90,60,0.076923,2800.000000,0.000000,35.000000,1.583516,2.000005
0,0.000000,0.222222,0.222222,0.113850,0.051177,1276.992000,2208.987521,78.124433,80.548251,39.062216,40.274126,290,260,0.222222,1000.000000,0.000000,35.000000,1.562494,1.610968
0,-0.000048,0.050000,0.047619,0.015548,0.308976,177.303719,2380.472222,82.097853,40.989175,41.048927,20.494588,160,10,0.050000,1100.000000,0.000000,40.000000,1.641958,0.000000
0,0.001563,0.125000,0.210526,0.109346,0.069737,709.500000,1097.600000,71.624107,42.857717,35.812053,21.428859,240,60,0.266667,1700.000000,0.000000,35.000000,1.432500,0.000000
0,-0.000348,0.076923,0.020833,0.273719,0.065814,530.633602,422.500000,79.171760,100.000000,39.585880,50.000000,100,90,0.076923,2800.000000,0.000000,35.000000,1.583516,2.000005
0,-0.003688,0.625000,0.263158,0.079363,0.003433,345.500000,27.000000,74.989916,40.000000,37.494958,20.000000,120,60,0.625000,1700.000000,0.000000,35.000000,1.499815,0.000000
0,-0.002977,0.500000,0.020833,0.042893,0.065814,370.027302,422.500000,60.189432,100.000000,30.094716,50.000000,80,10,0.500000,2600.000000,0.000000,30.000000,1.203791,2.000005
0,-0.002337,0.250000,0.142857,0.060306,0.084502,492.464286,673.134444,48.617318,91.279081,24.308659,45.639540,250,10,0.444444,1400.000000,0.000000,20.000000,0.972350,1.825587
0,-0.001445,0.400000,0.285714,0.133660,0.605928,1984.800000,4852.666667,78.973206,89.998170,39.486603,44.999085,220,60,0.400000,1600.000000,0.000000,35.000000,1.579469,1.800001
0,-0.000178,0.066667,0.055556,0.085099,0.033936,821.736578,228.690000,74.163756,41.279081,37.081878,20.639540,270,120,0.066667,1200.000000,0.000000,35.000000,1.483280,0.000000
0,-0.000821,0.230769,0.166667,0.108934,1.095404,538.916667,2830.280000,80.416489,86.281123,40.208244,43.140561,170,140,0.230769,1300.000000,0.000000,40.000000,1.608348,1.725843
0,0.000000,0.142857,0.142857,0.028551,0.063279,147.798611,484.733728,39.691108,50.000000,19.845554,25.000000,80,10,0.142857,1600.000000,0.000000,15.000000,0.793825,0.000000
0,-0.000733,0.307692,0.266667,0.030670,0.102572,176.399750,786.000000,52.271923,90.000571,26.135961,45.000286,220,10,0.307692,1500.000000,0.000000,25.000000,1.045442,1.800018
0,0.000351,0.019231,0.037037,0.565350,0.140194,2171.948225,1104.559524,75.235445,92.500000,37.617722,46.250000,280,260,0.037037,1200.000000,0.000000,35.000000,1.504785,1.850009
0,0.001563,0.125000,0.210526,0.109346,0.069737,709.500000,1097.600000,71.624107,42.857717,35.812053,21.428859,200,60,0.266667,1700.000000,0.000000,35.000000,1.432500,0.000000
0,-0.000333,0.350000,0.333333,0.141373,0.033936,880.608471,228.690000,83.572816,41.279081,41.786408,20.639540,280,10,0.350000,1100.000000,0.000000,40.000000,1.671468,0.000000
0,0.000351,0.019231,0.037037,0.565350,0.140194,2171.948225,1104.559524,75.235445,92.500000,37.617722,46.250000,260,150,0.037037,1200.000000,0.000000,35.000000,1.504785,1.850009
0,-0.000112,0.029412,0.020833,3.693645,0.065814,29111.111972,422.500000,98.275862,100.000000,49.137931,50.000000,190,190,0.029412,1500.000000,0.000000,45.000000,1.965752,2.000005
0,-0.000250,0.200000,0.187500,0.148655,0.045838,1070.712603,318.538889,75.870833,84.136252,37.935416,42.068126,280,60,0.200000,1100.000000,0.000000,35.000000,1.517428,1.682728
0,0.000351,0.019231,0.037037,0.565350,0.140194,2171.948225,1104.559524,75.235445,92.500000,37.617722,46.250000,260,250,0.037037,1200.000000,0.000000,35.000000,1.504785,1.850009
0,0.000000,0.285714,0.285714,0.207967,0.141501,1121.826990,942.506667,67.832259,86.666653,33.916129,43.333326,270,50,0.285714,1100.000000,0.000000,30.000000,1.356681,1.733347
0,0.000000,1.000000,1.000000,0.002085,0.035649,52.437642,273.842975,40.910709,40.649698,20.455354,20.324849,20,10,1.000000,1500.000000,0.000000,20.000000,0.818214,0.000000
0,-0.000161,0.050000,0.040000,0.116634,0.111839,309.265625,784.733728,84.691013,100.000000,42.345506,50.000000,180,80,0.058824,1600.000000,0.000000,40.000000,1.693846,2.000008
0,-0.000733,0.307692,0.266667,0.030670,0.102572,176.399750,786.000000,52.271923,90.000571,26.135961,45.000286,120,10,0.307692,1500.000000,0.000000,25.000000,1.045442,1.800018
0,-0.000112,0.029412,0.020833,3.693645,0.065814,29111.111972,422.500000,98.275862,100.000000,49.137931,50.000000,210,190,0.029412,1500.000000,0.000000,45.000000,1.965752,2.000005
0,0.000000,0.117647,0.117647,0.550196,0.000000,1129.440000,0.000000,68.839718,0.000000,34.419859,0.000000,180,130,0.117647,1000.000000,0.000000,30.000000,1.376992,0.000000
0,-0.003403,0.333333,0.142857,0.094836,0.084502,529.757487,673.134444,80.153165,91.279081,40.076583,45.639540,240,120,0.444444,1500.000000,0.000000,40.000000,1.603074,1.825587
0,0.004392,0.055556,0.352941,0.134919,0.112082,3246.319728,881.666667,70.866710,50.000000,35.433355,25.000000,250,150,0.444444,1300.000000,0.000000,35.000000,1.417337,0.000000
0,0.000127,0.015152,0.028986,0.128115,0.033936,1424.034598,228.690000,77.387530,41.279081,38.693765,20.639540,250,190,0.032787,1400.000000,0.000000,35.000000,1.547757,0.000000
0,-0.000131,0.117647,0.111111,0.159260,0.584237,949.112603,4289.940000,80.212167,80.791447,40.106083,40.395723,280,230,0.117647,1100.000000,0.000000,40.000000,1.604257,1.615869
0,-0.000821,0.230769,0.166667,0.108934,1.095404,538.916667,2830.280000,80.416489,86.281123,40.208244,43.140561,210,170,0.230769,1300.000000,0.000000,40.000000,1.608348,1.725843
0,-0.000680,0.666667,0.632653,0.142822,0.115328,1103.555385,918.401361,73.335934,92.070983,36.667967,46.035491,270,10,0.666667,1100.000000,0.000000,35.000000,1.466728,1.841427
0,-0.002977,0.500000,0.020833,0.042893,0.065814,370.027302,422.500000,60.189432,100.000000,30.094716,50.000000,100,10,0.500000,2600.000000,0.000000,30.000000,1.203791,2.000005
0,-0.000898,1.000000,0.930233,0.102578,0.342911,576.937175,2609.162222,77.144461,82.268256,38.572230,41.134128,240,120,1.000000,1500.000000,0.000000,35.000000,1.542899,1.645388
0,-0.002977,0.500000,0.020833,0.042893,0.065814,370.027302,422.500000,60.189432,100.000000,30.094716,50.000000,120,10,0.500000,2600.000000,0.000000,30.000000,1.203791,2.000005
0,0.000351,0.019231,0.037037,0.565350,0.140194,2171.948225,1104.559524,75.235445,92.500000,37.617722,46.250000,260,120,0.037037,1200.000000,0.000000,35.000000,1.504785,1.850009
0,-0.000083,0.066667,0.062500,0.022830,0.320878,367.407851,2470.321111,74.395870,83.846347,37.197935,41.923173,160,60,0.066667,1100.000000,0.000000,35.000000,1.487918,1.676948
0,-0.000348,0.076923,0.020833,0.273719,0.065814,530.633602,422.500000,79.171760,100.000000,39.585880,50.000000,90,80,0.076923,2800.000000,0.000000,35.000000,1.583516,2.000005
0,0.000000,0.250000,0.250000,0.061981,0.033936,820.992000,228.690000,78.373855,41.279081,39.186928,20.639540,290,70,0.250000,1000.000000,0.000000,35.000000,1.567482,0.000000
0,-0.001836,0.461538,0.352941,0.147028,0.033936,656.319987,228.690000,69.901786,41.279081,34.950893,20.639540,240,100,0.500000,1500.000000,0.000000,30.000000,1.398057,0.000000
0,0.001849,0.083333,0.210526,0.011912,0.069737,118.431111,1097.600000,80.492704,42.857717,40.246352,21.428859,80,10,0.266667,1500.000000,0.000000,40.000000,1.609856,0.000000
0,-0.000281,0.066667,0.052632,0.015456,0.003246,221.728395,36.734694,73.548482,42.070983,36.774241,21.035491,120,10,0.066667,1100.000000,0.000000,35.000000,1.470970,0.000000
0,-0.000821,0.230769,0.166667,0.108934,1.095404,538.916667,2830.280000,80.416489,86.281123,40.208244,43.140561,240,170,0.230769,1300.000000,0.000000,40.000000,1.608348,1.725843
0,0.000168,1.000000,0.833333,0.045389,0.721510,932.906667,4460.690000,66.471870,76.647504,33.235935,38.323752,190,10,1.000000,2000.000000,0.000000,30.000000,1.329439,1.533008
0,0.000000,0.461538,0.461538,0.059031,0.112082,1233.179169,881.666667,72.097499,50.000000,36.048749,25.000000,280,250,0.461538,1000.000000,0.000000,35.000000,1.441951,0.000000
0,0.000000,0.028571,0.028571,1.147985,0.067148,1801.242000,528.690000,75.648464,91.279081,37.824232,45.639540,290,260,0.028571,1000.000000,0.000000,35.000000,1.513575,1.825586
0,-0.000664,0.062500,0.028571,0.083912,0.067148,745.218211,528.690000,47.052846,91.279081,23.526423,45.639540,270,10,0.062500,1200.000000,0.000000,20.000000,0.941062,1.825586
0,-0.000161,0.050000,0.040000,0.116634,0.111839,309.265625,784.733728,84.691013,100.000000,42.345506,50.000000,110,80,0.058824,1600.000000,0.000000,40.000000,1.693846,2.000008
0,0.000089,0.166667,0.166667,0.063711,0.996549,328.179688,6612.472222,81.490950,76.357599,40.745475,38.178799,120,60,0.200000,1500.000000,0.000000,40.000000,1.629826,1.527228
0,0.001563,0.125000,0.210526,0.109346,0.069737,709.500000,1097.600000,71.624107,42.857717,35.812053,21.428859,130,60,0.266667,1700.000000,0.000000,35.000000,1.432500,0.000000
0,0.000000,0.333333,0.333333,0.142822,0.113995,1057.826990,901.666667,46.469357,90.000000,23.234678,45.000000,270,10,0.333333,1100.000000,0.000000,20.000000,0.929397,1.800007
0,-0.000306,0.076923,0.058824,0.094969,0.308976,245.742188,2380.472222,71.739915,40.989175,35.869958,20.494588,120,100,0.083333,1500.000000,0.000000,35.000000,1.434817,0.000000
0,-0.000112,0.029412,0.020833,3.693645,0.065814,29111.111972,422.500000,98.275862,100.000000,49.137931,50.000000,230,190,0.029412,1500.000000,0.000000,45.000000,1.965752,2.000005
0,0.000000,0.062500,0.062500,0.080666,0.120876,503.988225,974.259259,75.624818,91.666667,37.812409,45.833333,260,90,0.062500,1200.000000,0.000000,35.000000,1.512503,1.833341
0,-0.000161,0.050000,0.040000,0.116634,0.111839,309.265625,784.733728,84.691013,100.000000,42.345506,50.000000,210,80,0.058824,1600.000000,0.000000,40.000000,1.693846,2.000008
0,-0.000733,0.307692,0.266667,0.030670,0.102572,176.399750,786.000000,52.271923,90.000571,26.135961,45.000286,190,10,0.307692,1500.000000,0.000000,25.000000,1.045442,1.800018
0,-0.001019,0.166667,0.105263,0.700998,0.112082,2664.208889,881.666667,75.604531,50.000000,37.802265,25.000000,230,80,0.166667,1500.000000,0.000000,35.000000,1.512183,0.000000
0,-0.000026,0.037037,0.035714,0.213845,0.044144,23422.911846,1981.555556,85.147286,85.198540,42.573643,42.599270,260,100,0.037037,1100.000000,0.000000,40.000000,1.702954,1.703976
0,-0.000026,0.037037,0.035714,0.213845,0.044144,23422.911846,1981.555556,85.147286,85.198540,42.573643,42.599270,280,100,0.037037,1100.000000,0.000000,40.000000,1.702954,1.703976
0,-0.000157,0.066667,0.058824,0.077520,0.069527,505.159722,229.877551,82.539226,41.239765,41.269613,20.619883,150,10,0.066667,1100.000000,0.000000,40.000000,1.650791,0.000000
0,0.005714,0.714286,1.000000,0.005398,0.000000,43.222222,0.000000,60.086310,0.000000,30.043155,0.000000,120,10,1.000000,1400.000000,0.000000,30.000000,1.201727,0.000000
0,-0.000026,0.037037,0.035714,0.213845,0.044144,23422.911846,1981.555556,85.147286,85.198540,42.573643,42.599270,240,100,0.037037,1100.000000,0.000000,40.000000,1.702954,1.703976
0,0.000000,0.142857,0.142857,0.065145,0.009830,141.728395,97.574694,68.229480,83.223586,34.114740,41.611793,50,10,0.142857,1200.000000,0.000000,30.000000,1.364616,1.664472
0,0.000000,0.086957,0.086957,0.097931,0.082515,505.929722,1394.393176,87.086521,89.850876,43.543260,44.925438,310,10,0.086957,1100.000000,0.000000,40.000000,1.741741,1.797028
0,0.000000,0.086957,0.086957,0.097931,0.082515,505.929722,1394.393176,87.086521,89.850876,43.543260,44.925438,270,10,0.086957,1100.000000,0.000000,40.000000,1.741741,1.797028
0,0.005851,0.285714,0.857143,0.009824,0.437803,288.250000,3953.562500,56.740498,40.787206,28.370249,20.393603,170,10,0.857143,1400.000000,0.000000,25.000000,1.134810,0.000000
0,0.000000,0.333333,0.333333,0.016956,0.748028,48.000000,1183.000000,44.209719,34.285753,22.104859,17.142877,60,10,0.333333,1100.000000,0.000000,20.000000,0.884199,0.000000
0,0.008896,0.428571,0.857143,0.039270,0.437803,545.250000,3953.562500,81.917237,40.787206,40.958618,20.393603,150,100,0.857143,1600.000000,0.000000,40.000000,1.638347,0.000000
0,0.000000,0.666667,0.666667,0.053736,0.000000,316.000000,0.000000,48.984592,0.000000,24.492296,0.000000,150,10,0.666667,1100.000000,0.000000,20.000000,0.979697,0.000000
0,-0.000476,0.166667,0.142857,0.000000,0.004261,77.728395,36.734694,46.866577,42.465886,23.433289,21.232943,10,10,0.166667,1200.000000,0.000000,20.000000,0.937332,0.000000
0,0.000000,0.714286,0.714286,0.169286,0.043049,695.111111,417.959184,45.451320,50.000000,22.725660,25.000000,150,10,0.714286,1000.000000,0.000000,20.000000,0.909047,0.000000
0,0.000000,0.285714,0.285714,0.032750,0.028127,65.555556,273.842975,46.974701,40.665317,23.487350,20.332659,70,10,0.285714,1000.000000,0.000000,20.000000,0.939504,0.000000
0,0.000000,0.086957,0.086957,0.097931,0.082515,505.929722,1394.393176,87.086521,89.850876,43.543260,44.925438,60,10,0.086957,1100.000000,0.000000,40.000000,1.741741,1.797028
0,0.000000,0.086957,0.086957,0.097931,0.082515,505.929722,1394.393176,87.086521,89.850876,43.543260,44.925438,200,10,0.086957,1100.000000,0.000000,40.000000,1.741741,1.797028
0,0.000000,0.142857,0.142857,0.004531,0.011082,307.375000,76.416667,55.373655,91.539294,27.686827,45.769647,210,10,0.142857,1100.000000,0.000000,25.000000,1.107473,1.830787
0,0.000000,0.117647,0.117647,0.059649,0.633155,367.083333,900.000000,90.394292,100.000000,45.197146,50.000000,290,160,0.117647,1000.000000,0.000000,45.000000,1.807891,2.000399
0,-0.001296,0.272727,0.176471,0.943359,0.228334,1093.218750,400.000000,82.193942,37.500000,41.096971,18.750000,190,80,0.294118,1900.000000,0.000000,40.000000,1.644445,0.000000
0,0.000000,0.500000,0.500000,0.033785,0.012200,233.555556,125.000000,40.908945,40.000000,20.454472,20.000000,160,10,0.500000,1100.000000,0.000000,20.000000,0.818182,0.000000
0,0.000000,0.062500,0.062500,0.004269,0.167669,79.694444,1483.750000,61.474862,91.049950,30.737431,45.524975,90,10,0.062500,1000.000000,0.000000,30.000000,1.229497,1.821009
0,-0.000311,0.285714,0.285714,0.076576,0.004562,324.055556,32.666667,75.030100,50.000000,37.515050,25.000000,80,50,0.333333,2000.000000,0.000000,35.000000,1.500611,0.000000
0,-0.000311,0.285714,0.285714,0.245997,0.004562,324.055556,32.666667,75.030100,50.000000,37.515050,25.000000,120,50,0.333333,2000.000000,0.000000,35.000000,1.500707,0.000000
0,0.000000,0.035714,0.035714,0.043699,0.565920,372.358025,432.666667,87.894292,100.000000,43.947146,50.000000,180,160,0.035714,1000.000000,0.000000,40.000000,1.757889,2.000394
0,0.000222,0.055556,0.066667,0.015412,0.030724,130.687500,229.591837,82.816894,40.379710,41.408447,20.189855,130,10,0.066667,1300.000000,0.000000,40.000000,1.656339,0.000000
0,-0.000573,0.333333,0.470588,0.056722,0.076360,200.000000,532.666667,89.936675,100.000000,44.968337,50.000000,170,60,0.538462,2200.000000,0.000000,40.000000,1.798742,2.000005
0,-0.000952,0.500000,0.470588,0.240704,0.076360,320.833333,532.666667,87.634350,100.000000,43.817175,50.000000,120,90,0.538462,2000.000000,0.000000,40.000000,1.752791,2.000005
0,0.000000,0.058824,0.058824,0.130121,0.074294,808.222222,3121.200000,79.558528,35.656339,39.779264,17.828169,270,160,0.058824,1100.000000,0.000000,35.000000,1.591181,0.000000
0,-0.003486,0.454545,0.176471,1.022272,0.228334,1008.540816,400.000000,77.012259,37.500000,38.506130,18.750000,100,80,0.454545,1900.000000,0.000000,35.000000,1.540843,0.000000
0,-0.000615,0.538462,0.500000,0.008923,0.005595,211.964444,36.734694,73.285295,42.497287,36.642647,21.248644,250,20,0.538462,1200.000000,0.000000,35.000000,1.465706,0.000000
0,-0.003654,0.235294,0.050000,0.017762,0.005595,460.764444,36.734694,78.911347,42.497287,39.455673,21.248644,180,20,0.235294,1200.000000,0.000000,35.000000,1.578227,0.000000
0,-0.000952,0.500000,0.470588,0.240704,0.076360,320.833333,532.666667,87.634350,100.000000,43.817175,50.000000,190,120,0.538462,2000.000000,0.000000,40.000000,1.752791,2.000005
0,0.000000,0.285714,0.285714,0.155520,0.078317,264.010000,543.750000,49.060523,91.539294,24.530262,45.769647,280,10,0.285714,1100.000000,0.000000,20.000000,0.981262,1.830792
0,0.000000,0.117647,0.117647,0.059649,0.633155,367.083333,900.000000,90.394292,100.000000,45.197146,50.000000,190,160,0.117647,1000.000000,0.000000,45.000000,1.807891,2.000399
0,-0.000573,0.333333,0.470588,0.056722,0.076360,200.000000,532.666667,89.936675,100.000000,44.968337,50.000000,70,60,0.538462,2200.000000,0.000000,40.000000,1.798742,2.000005
0,-0.000667,0.333333,0.300000,0.045242,0.000000,906.592500,0.000000,78.989144,0.000000,39.494572,0.000000,190,10,0.333333,1100.000000,0.000000,35.000000,1.579785,0.000000
0,0.000000,0.294118,0.294118,0.031963,0.052140,250.250000,400.000000,61.266922,41.049950,30.633461,20.524975,170,10,0.294118,1000.000000,0.000000,30.000000,1.225341,0.000000
0,0.000000,0.428571,0.428571,0.012728,0.000000,602.752500,0.000000,77.566388,0.000000,38.783194,0.000000,260,10,0.428571,1100.000000,0.000000,35.000000,1.551328,0.000000
0,0.000000,0.142857,0.142857,0.004531,0.011082,307.375000,76.416667,55.373655,91.539294,27.686827,45.769647,170,10,0.142857,1100.000000,0.000000,25.000000,1.107473,1.830787
0,-0.001296,0.272727,0.176471,0.943359,0.228334,1093.218750,400.000000,82.193942,37.500000,41.096971,18.750000,150,80,0.294118,1900.000000,0.000000,40.000000,1.644445,0.000000
0,-0.003486,0.454545,0.176471,1.150849,0.228334,1008.540816,400.000000,77.012259,37.500000,38.506130,18.750000,170,80,0.454545,1900.000000,0.000000,35.000000,1.540927,0.000000
0,0.000000,0.035714,0.035714,0.043699,0.565920,372.358025,432.666667,87.894292,100.000000,43.947146,50.000000,220,160,0.035714,1000.000000,0.000000,40.000000,1.757889,2.000394
0,-0.000577,0.153846,0.058824,0.183448,2.363155,1065.340278,5457.375000,77.323552,33.180843,38.661776,16.590422,180,90,0.153846,1800.000000,0.000000,35.000000,1.546488,0.000000
0,0.000000,0.083333,0.083333,0.007786,0.095107,98.574444,625.000000,63.211830,80.663789,31.605915,40.331895,60,10,0.083333,1000.000000,0.000000,30.000000,1.264237,1.613283
0,0.000000,0.058824,0.058824,0.348691,0.028441,1241.995556,3205.720000,77.368467,34.877252,38.684233,17.438626,260,170,0.058824,1000.000000,0.000000,35.000000,1.547420,0.000000
0,-0.001020,0.500000,0.428571,0.042256,0.071797,158.777778,500.000000,87.395750,50.000000,43.697875,25.000000,190,50,0.500000,2000.000000,0.000000,40.000000,1.747921,0.000000
0,-0.003486,0.454545,0.176471,1.022272,0.228334,1008.540816,400.000000,77.012259,37.500000,38.506130,18.750000,200,80,0.454545,1900.000000,0.000000,35.000000,1.540843,0.000000
0,0.000000,0.285714,0.285714,0.155520,0.078317,264.010000,543.750000,49.060523,91.539294,24.530262,45.769647,180,10,0.285714,1100.000000,0.000000,20.000000,0.981262,1.830792
0,-0.001020,0.500000,0.428571,0.042256,0.071797,158.777778,500.000000,87.395750,50.000000,43.697875,25.000000,90,50,0.500000,2000.000000,0.000000,40.000000,1.747921,0.000000
0,-0.000719,0.222222,0.181818,0.305302,0.118385,3616.309917,363.687500,76.244726,37.255326,38.122363,18.627663,210,100,0.222222,1500.000000,0.000000,35.000000,1.524908,0.000000
0,0.000773,0.071429,0.107143,0.102965,0.005117,713.354711,1063.299383,92.513369,98.648649,46.256684,49.324324,270,200,0.107143,1300.000000,0.000000,45.000000,1.850278,1.972973
0,0.000000,0.050000,0.050000,0.021732,0.003741,196.665646,32.666667,88.667316,50.000000,44.333658,25.000000,220,30,0.050000,1100.000000,0.000000,40.000000,1.773349,0.000000
0,0.000000,0.125000,0.125000,0.003649,0.027861,57.283951,300.000000,55.852465,39.999999,27.926233,20.000000,50,10,0.125000,1000.000000,0.000000,25.000000,1.117050,0.000000
0,0.000773,0.071429,0.107143,0.102965,0.005117,713.354711,1063.299383,92.513369,98.648649,46.256684,49.324324,200,60,0.107143,1300.000000,0.000000,45.000000,1.850278,1.972973
0,0.000063,0.034483,0.035714,0.457184,0.001376,3397.805556,1030.632716,82.994028,48.648649,41.497014,24.324324,300,220,0.035714,1400.000000,0.000000,40.000000,1.659912,0.000000
0,-0.000091,0.035714,0.030303,0.519091,0.045684,3646.250000,400.000000,79.403447,40.000000,39.701724,20.000000,220,180,0.035714,1400.000000,0.000000,35.000000,1.588108,0.000000
0,0.000063,0.034483,0.035714,0.457184,0.001376,3397.805556,1030.632716,82.994028,48.648649,41.497014,24.324324,220,50,0.035714,1400.000000,0.000000,40.000000,1.659912,0.000000
0,-0.000585,0.241379,0.212121,0.066473,0.025994,553.839200,732.104167,94.722222,98.387097,47.361111,49.193548,290,180,0.241379,1100.000000,0.000000,45.000000,1.894449,1.967743
0,-0.000195,0.150000,0.136364,0.125685,0.056961,377.037037,632.666667,83.774240,100.000000,41.887120,50.000000,150,100,0.150000,1400.000000,0.000000,40.000000,1.675530,2.000003
0,0.000000,0.166667,0.166667,0.057582,0.005117,641.860162,1063.299383,90.909091,98.648649,45.454545,49.324324,190,10,0.166667,1000.000000,0.000000,45.000000,1.818185,1.972973
0,0.000042,0.111111,0.117647,0.387965,0.000000,3061.250000,0.000000,74.977589,0.000000,37.488795,0.000000,220,130,0.133333,1400.000000,0.000000,35.000000,1.499576,0.000000
0,0.000000,0.333333,0.333333,0.176246,0.857460,3655.222222,700.000000,69.434580,28.571429,34.717290,14.285714,260,30,0.333333,1000.000000,0.000000,30.000000,1.388701,0.000000
0,-0.000855,0.400000,0.055556,0.226533,0.014187,267.055556,149.666667,77.592197,92.288237,38.796099,46.144118,120,30,0.400000,2100.000000,0.000000,35.000000,1.551946,1.845765
0,0.000157,0.074074,0.083333,0.078418,0.056587,578.413223,2115.604167,84.770213,89.875868,42.385106,44.937934,160,100,0.083333,1300.000000,0.000000,40.000000,1.695412,1.797518
0,-0.000037,0.031250,0.029412,0.038975,0.008329,494.747900,69.401361,88.895945,92.499784,44.447972,46.249892,180,40,0.031250,1100.000000,0.000000,40.000000,1.777920,1.849996
0,-0.000409,0.062500,0.023810,0.262322,0.028216,3373.641550,300.000000,45.196874,50.000000,22.598437,25.000000,210,10,0.062500,1500.000000,0.000000,20.000000,0.903948,0.000000
0,0.000088,0.071429,0.076923,0.355271,0.000000,2998.156888,0.000000,46.368913,0.000000,23.184456,0.000000,240,10,0.076923,1200.000000,0.000000,20.000000,0.927399,0.000000
0,0.000773,0.071429,0.107143,0.102965,0.005117,713.354711,1063.299383,92.513369,98.648649,46.256684,49.324324,310,160,0.107143,1300.000000,0.000000,45.000000,1.850278,1.972973
0,0.000000,0.166667,0.166667,0.057582,0.005117,641.860162,1063.299383,90.909091,98.648649,45.454545,49.324324,230,10,0.166667,1000.000000,0.000000,45.000000,1.818185,1.972973
0,0.000000,0.200000,0.200000,0.079864,0.148393,677.207101,1208.666667,85.390116,91.624492,42.695058,45.812246,190,50,0.200000,1000.000000,0.000000,40.000000,1.707807,1.832499
0,-0.000069,0.028571,0.023810,1.455354,0.028216,3908.916667,300.000000,76.385669,50.000000,38.192835,25.000000,260,230,0.028571,1300.000000,0.000000,35.000000,1.528340,0.000000
0,-0.001290,0.300000,0.151515,0.067354,0.078284,272.085956,632.666667,80.263583,100.000000,40.131791,50.000000,80,40,0.300000,2100.000000,0.000000,40.000000,1.605281,2.000005
0,0.000000,0.050000,0.050000,0.021732,0.003741,196.665646,32.666667,88.667316,50.000000,44.333658,25.000000,180,30,0.050000,1100.000000,0.000000,40.000000,1.773349,0.000000
0,-0.000585,0.241379,0.212121,0.066473,0.025994,553.839200,732.104167,94.722222,98.387097,47.361111,49.193548,190,180,0.241379,1100.000000,0.000000,45.000000,1.894449,1.967743
0,-0.000360,0.692308,0.416667,0.161837,0.430042,266.295616,400.000000,47.345142,30.000000,23.672571,15.000000,120,10,0.800000,2400.000000,0.000000,20.000000,0.946955,0.000000
0,0.000000,0.062500,0.062500,0.134407,0.027861,3562.222222,300.000000,52.188428,39.999999,26.094214,20.000000,260,10,0.062500,1000.000000,0.000000,25.000000,1.043771,0.000000
0,-0.001600,1.000000,0.875000,0.006068,0.003485,37.495868,27.000000,93.333333,50.000000,46.666667,25.000000,160,10,1.000000,1400.000000,0.000000,45.000000,1.866668,0.000000
0,-0.000585,0.241379,0.212121,0.066473,0.025994,553.839200,732.104167,94.722222,98.387097,47.361111,49.193548,320,180,0.241379,1100.000000,0.000000,45.000000,1.894449,1.967743
0,-0.001600,1.000000,0.875000,0.006068,0.003485,37.495868,27.000000,93.333333,50.000000,46.666667,25.000000,40,10,1.000000,1400.000000,0.000000,45.000000,1.866668,0.000000
0,-0.001856,0.461538,0.151515,0.041063,0.078284,78.625000,632.666667,93.571429,100.000000,46.785714,50.000000,130,10,0.461538,2000.000000,0.000000,45.000000,1.871445,2.000005
0,0.000063,0.034483,0.035714,0.457184,0.001376,3397.805556,1030.632716,82.994028,48.648649,41.497014,24.324324,220,190,0.035714,1400.000000,0.000000,40.000000,1.659912,0.000000
0,-0.000081,0.055556,0.047619,0.001583,0.093560,78.707031,1100.000000,58.357245,89.898832,29.178622,44.949416,90,10,0.055556,1500.000000,0.000000,25.000000,1.167145,1.797981
0,-0.000196,0.052632,0.045455,0.212940,0.238421,1569.410312,1589.031111,86.825265,49.671256,43.412633,24.835628,250,190,0.066667,1700.000000,0.000000,40.000000,1.736525,0.000000
0,-0.000855,0.400000,0.055556,0.057112,0.014187,267.055556,149.666667,77.592197,92.288237,38.796099,46.144118,80,30,0.400000,2100.000000,0.000000,35.000000,1.551850,1.845765
0,0.001719,0.240000,0.318182,0.037443,0.028935,316.922068,262.258503,89.583333,91.097106,44.791667,45.548553,190,10,0.318182,1400.000000,0.000000,40.000000,1.791669,1.821944
0,-0.000585,0.241379,0.212121,0.066473,0.025994,553.839200,732.104167,94.722222,98.387097,47.361111,49.193548,320,220,0.241379,1100.000000,0.000000,45.000000,1.894449,1.967743
0,0.000324,0.100000,0.136364,0.075152,0.053220,997.070312,600.000000,77.961790,50.000000,38.980895,25.000000,190,70,0.150000,1700.000000,0.000000,35.000000,1.559239,0.000000
0,-0.000585,0.241379,0.212121,0.066473,0.025994,553.839200,732.104167,94.722222,98.387097,47.361111,49.193548,180,160,0.241379,1100.000000,0.000000,45.000000,1.894449,1.967743
0,-0.000252,0.071429,0.058824,0.336134,0.025934,2922.542222,238.775510,80.317631,40.769028,40.158815,20.384514,280,250,0.071429,1100.000000,0.000000,40.000000,1.606372,0.000000
0,-0.000458,0.153846,0.100000,0.120708,0.010246,1231.820312,125.000000,76.823028,50.000000,38.411514,25.000000,190,160,0.153846,1700.000000,0.000000,35.000000,1.536468,0.000000
0,-0.000037,0.031250,0.029412,0.038975,0.008329,494.747900,69.401361,88.895945,92.499784,44.447972,46.249892,220,40,0.031250,1100.000000,0.000000,40.000000,1.777920,1.849996
0,-0.000585,0.241379,0.212121,0.066473,0.025994,553.839200,732.104167,94.722222,98.387097,47.361111,49.193548,220,190,0.241379,1100.000000,0.000000,45.000000,1.894449,1.967743
0,-0.000603,0.090909,0.058824,0.168290,2.972075,750.495868,5625.000000,81.106642,32.671094,40.553321,16.335547,100,10,0.125000,1400.000000,0.000000,40.000000,1.622152,0.000000
0,-0.000177,0.076923,0.062500,0.069709,0.032082,186.090278,295.750000,34.520543,40.077465,17.260271,20.038732,100,10,0.076923,1800.000000,0.000000,15.000000,0.690426,0.000000
0,-0.000290,0.111111,0.090909,0.421219,0.265337,3384.666667,2167.500000,78.861637,40.575087,39.430819,20.287543,260,230,0.111111,1300.000000,0.000000,35.000000,1.577259,0.000000
0,-0.000032,0.025641,0.023810,0.407168,0.028216,4439.475459,300.000000,86.128001,50.000000,43.064000,25.000000,240,20,0.025641,1200.000000,0.000000,40.000000,1.722582,0.000000
0,0.000209,0.086957,0.100000,0.360295,0.000000,2957.076389,0.000000,80.743045,0.000000,40.371523,0.000000,230,10,0.100000,1300.000000,0.000000,40.000000,1.614883,0.000000
0,0.000157,0.074074,0.083333,0.078418,0.056587,578.413223,2115.604167,84.770213,89.875868,42.385106,44.937934,200,100,0.083333,1300.000000,0.000000,40.000000,1.695412,1.797518
0,0.000773,0.071429,0.107143,0.102965,0.005117,713.354711,1063.299383,92.513369,98.648649,46.256684,49.324324,160,60,0.107143,1300.000000,0.000000,45.000000,1.850278,1.972973
0,0.000000,0.062500,0.062500,0.390428,0.094733,2998.250000,1083.750000,77.993972,50.000000,38.996986,25.000000,220,60,0.062500,1400.000000,0.000000,35.000000,1.559907,0.000000
0,0.003200,0.250000,0.500000,0.063583,2.972075,336.000000,5625.000000,81.868447,32.671094,40.934223,16.335547,110,70,0.500000,1300.000000,0.000000,40.000000,1.637377,0.000000
0,-0.000913,0.166667,0.117647,1.617387,0.457467,1711.495868,3205.720000,78.060417,40.279258,39.030208,20.139629,230,10,0.176471,1400.000000,0.000000,35.000000,1.561982,0.000000
0,-0.000367,0.666667,0.619048,0.262322,0.040340,3356.559917,500.000000,64.081266,39.898832,32.040633,19.949416,210,10,0.666667,1500.000000,0.000000,30.000000,1.281636,0.000000
0,-0.000195,0.150000,0.136364,0.125685,0.056961,377.037037,632.666667,83.774240,100.000000,41.887120,50.000000,190,100,0.150000,1400.000000,0.000000,40.000000,1.675530,2.000003
0,-0.003880,0.352941,0.117647,0.175770,0.000000,321.495868,0.000000,70.854280,0.000000,35.427140,0.000000,140,10,0.388889,1400.000000,0.000000,35.000000,1.417137,0.000000
0,0.000051,0.058824,0.058824,0.017888,0.671550,111.495868,5457.375000,83.306017,39.876160,41.653009,19.938080,230,10,0.058824,1400.000000,0.000000,40.000000,1.666122,0.000000
0,0.001719,0.240000,0.318182,0.037443,0.028935,316.922068,262.258503,89.583333,91.097106,44.791667,45.548553,150,10,0.318182,1400.000000,0.000000,40.000000,1.791669,1.821944
0,0.000198,0.058824,0.086957,0.189335,0.671550,1314.507609,5457.375000,76.523887,39.876160,38.261943,19.938080,190,180,0.111111,1800.000000,0.000000,35.000000,1.530492,0.000000
0,-0.000590,0.166667,0.125000,0.474179,0.053220,3462.250000,600.000000,79.993683,50.000000,39.996842,25.000000,220,120,0.166667,1400.000000,0.000000,35.000000,1.599907,0.000000
0,0.000063,0.034483,0.035714,0.457184,0.001376,3397.805556,1030.632716,82.994028,48.648649,41.497014,24.324324,260,220,0.035714,1400.000000,0.000000,40.000000,1.659912,0.000000
0,-0.000585,0.241379,0.212121,0.066473,0.025994,553.839200,732.104167,94.722222,98.387097,47.361111,49.193548,220,160,0.241379,1100.000000,0.000000,45.000000,1.894449,1.967743
0,0.000773,0.071429,0.107143,0.102965,0.005117,713.354711,1063.299383,92.513369,98.648649,46.256684,49.324324,200,160,0.107143,1300.000000,0.000000,45.000000,1.850278,1.972973
0,-0.001856,0.461538,0.151515,0.041063,0.078284,78.625000,632.666667,93.571429,100.000000,46.785714,50.000000,90,10,0.461538,2000.000000,0.000000,45.000000,1.871445,2.000005
0,0.000773,0.071429,0.107143,0.102965,0.005117,713.354711,1063.299383,92.513369,98.648649,46.256684,49.324324,200,200,0.107143,1300.000000,0.000000,45.000000,1.850278,1.972973
0,0.000000,0.200000,0.200000,0.079864,0.148393,677.207101,1208.666667,85.390116,91.624492,42.695058,45.812246,230,50,0.200000,1000.000000,0.000000,40.000000,1.707807,1.832499
0,0.000318,0.054054,0.076923,0.129468,0.000000,1024.639643,0.000000,77.584581,0.000000,38.792290,0.000000,200,140,0.080000,1600.000000,0.000000,35.000000,1.551700,0.000000
0,-0.000196,0.052632,0.045455,0.212940,0.238421,1569.410312,1589.031111,86.825265,49.671256,43.412633,24.835628,190,70,0.066667,1700.000000,0.000000,40.000000,1.736525,0.000000
0,-0.001290,0.300000,0.151515,0.236775,0.078284,272.085956,632.666667,80.263583,100.000000,40.131791,50.000000,120,40,0.300000,2100.000000,0.000000,40.000000,1.605377,2.000005
0,0.000773,0.071429,0.107143,0.102965,0.005117,713.354711,1063.299383,92.513369,98.648649,46.256684,49.324324,310,200,0.107143,1300.000000,0.000000,45.000000,1.850278,1.972973
0,0.000773,0.071429,0.107143,0.102965,0.005117,713.354711,1063.299383,92.513369,98.648649,46.256684,49.324324,270,160,0.107143,1300.000000,0.000000,45.000000,1.850278,1.972973
0,-0.000585,0.241379,0.212121,0.066473,0.025994,553.839200,732.104167,94.722222,98.387097,47.361111,49.193548,290,220,0.241379,1100.000000,0.000000,45.000000,1.894449,1.967743
0,-0.000089,0.062500,0.055556,0.026793,0.050273,534.352500,161.840000,82.220662,39.284278,41.110331,19.642139,120,10,0.062500,1300.000000,0.000000,40.000000,1.644415,0.000000
0,0.000000,0.285714,0.285714,0.046639,0.000000,385.312500,0.000000,73.159819,0.000000,36.579909,0.000000,30,10,0.285714,1300.000000,0.000000,35.000000,1.463221,0.000000
0,0.000000,0.333333,0.333333,0.115703,0.032279,723.297521,400.000000,65.529836,50.000000,32.764918,25.000000,270,20,0.333333,1000.000000,0.000000,30.000000,1.310606,0.000000
0,0.000072,0.086957,0.095238,0.057096,0.026617,1502.299722,300.000000,87.879782,50.000000,43.939891,25.000000,20,20,0.100000,1300.000000,0.000000,40.000000,1.757597,0.000000
0,0.000074,0.200000,0.176471,0.082535,0.024464,368.375000,238.775510,80.707310,40.769215,40.353655,20.384607,210,90,0.200000,1900.000000,0.000000,40.000000,1.614155,0.000000
0,-0.000591,0.166667,0.046512,0.066364,0.148105,270.022491,1272.000000,81.788212,100.000000,40.894106,50.000000,100,80,0.166667,3200.000000,0.000000,40.000000,1.635773,2.000009
0,0.000000,0.500000,0.500000,0.238342,0.026617,1662.222222,300.000000,86.679907,50.000000,43.339953,25.000000,110,50,0.500000,1000.000000,0.000000,40.000000,1.733619,0.000000
0,0.000000,0.166667,0.166667,0.021288,0.041584,155.239669,291.775510,65.920812,38.220416,32.960406,19.110208,270,100,0.166667,1000.000000,0.000000,30.000000,1.318418,0.000000
0,-0.000591,0.166667,0.046512,0.066364,0.148105,270.022491,1272.000000,81.788212,100.000000,40.894106,50.000000,80,80,0.166667,3200.000000,0.000000,40.000000,1.635773,2.000009
0,-0.000133,0.057143,0.046512,0.814347,0.148105,24084.583333,1272.000000,84.710497,100.000000,42.355248,50.000000,240,30,0.057143,1400.000000,0.000000,40.000000,1.694439,2.000009
0,0.000072,0.086957,0.095238,0.673886,0.026617,1032.659722,300.000000,78.906574,50.000000,39.453287,25.000000,30,10,0.100000,1400.000000,0.000000,35.000000,1.578360,0.000000
0,-0.000457,0.285714,0.250000,0.012666,0.102861,420.312500,1000.000000,81.256958,39.688094,40.628479,19.844047,70,10,0.285714,1300.000000,0.000000,40.000000,1.625140,0.000000
0,-0.000117,0.037037,0.029412,0.055027,0.028737,731.992500,800.000000,91.311571,48.437500,45.655785,24.218750,280,10,0.037037,1300.000000,0.000000,45.000000,1.826235,0.000000
0,0.000519,0.642857,0.714286,0.051897,0.026617,1482.461429,300.000000,54.067330,50.000000,27.033665,25.000000,20,10,0.769231,1300.000000,0.000000,25.000000,1.081348,0.000000
0,0.000000,0.058824,0.058824,0.698130,0.049840,3866.132653,500.000000,89.999827,50.000000,44.999914,25.000000,320,170,0.058824,1100.000000,0.000000,40.000000,1.800060,0.000000
0,0.000519,0.642857,0.714286,0.070843,0.026617,1482.461429,300.000000,54.067330,50.000000,27.033665,25.000000,40,10,0.769231,1300.000000,0.000000,25.000000,1.081348,0.000000
0,-0.000073,0.051282,0.046512,2.613879,0.148105,27813.001111,1272.000000,95.663209,100.000000,47.831605,50.000000,270,20,0.051282,1300.000000,0.000000,45.000000,1.913390,2.000009
0,0.000269,0.133333,0.176471,0.008664,0.301664,2026.538776,700.000000,83.727100,42.857143,41.863550,21.428571,120,60,0.200000,1600.000000,0.000000,40.000000,1.674542,0.000000
0,-0.000117,0.037037,0.029412,0.055027,0.028737,731.992500,800.000000,91.311571,48.437500,45.655785,24.218750,310,10,0.037037,1300.000000,0.000000,45.000000,1.826235,0.000000
0,0.000519,0.642857,0.714286,0.070843,0.026617,1482.461429,300.000000,54.067330,50.000000,27.033665,25.000000,270,10,0.769231,1300.000000,0.000000,25.000000,1.081348,0.000000
0,-0.001688,0.166667,0.529412,0.123834,0.051081,336.010204,538.775510,67.002276,90.769215,33.501138,45.384607,80,80,0.857143,3200.000000,0.000000,30.000000,1.340070,1.815387
0,-0.006284,0.861111,0.378378,0.002205,0.004328,407.534722,36.734694,81.125220,42.499983,40.562610,21.249991,30,10,0.861111,1300.000000,0.000000,40.000000,1.622504,0.000000
0,-0.000117,0.037037,0.029412,0.055027,0.028737,731.992500,800.000000,91.311571,48.437500,45.655785,24.218750,180,10,0.037037,1300.000000,0.000000,45.000000,1.826235,0.000000
0,-0.000028,0.038462,0.037037,1.354812,0.000000,7776.578125,0.000000,79.879312,0.000000,39.939656,0.000000,190,20,0.038462,1200.000000,0.000000,35.000000,1.597710,0.000000
0,-0.000591,0.166667,0.046512,0.066364,0.148105,270.022491,1272.000000,81.788212,100.000000,40.894106,50.000000,80,60,0.166667,3200.000000,0.000000,40.000000,1.635773,2.000009
0,-0.000133,0.057143,0.046512,0.814347,0.148105,24084.583333,1272.000000,84.710497,100.000000,42.355248,50.000000,280,30,0.057143,1400.000000,0.000000,40.000000,1.694439,2.000009
0,-0.001870,0.333333,0.176471,0.015864,0.066799,155.250000,1955.755102,48.961148,39.078335,24.480574,19.539168,150,10,0.333333,1300.000000,0.000000,20.000000,0.979224,0.000000
0,0.000000,0.071429,0.071429,0.021621,0.000000,334.444444,0.000000,72.914828,0.000000,36.457414,0.000000,110,40,0.071429,1000.000000,0.000000,35.000000,1.458301,0.000000
0,-0.000073,0.051282,0.046512,2.613879,0.148105,27813.001111,1272.000000,95.663209,100.000000,47.831605,50.000000,290,20,0.051282,1300.000000,0.000000,45.000000,1.913390,2.000009
0,0.000000,0.058824,0.058824,0.698130,0.049840,3866.132653,500.000000,89.999827,50.000000,44.999914,25.000000,170,140,0.058824,1100.000000,0.000000,40.000000,1.800060,0.000000
0,-0.001235,0.615385,0.529412,0.091397,0.051081,1664.952500,538.775510,87.614706,90.769215,43.807353,45.384607,270,20,0.615385,1300.000000,0.000000,40.000000,1.752299,1.815387
0,0.000000,0.333333,0.333333,0.013307,0.032279,723.297521,400.000000,65.529836,50.000000,32.764918,25.000000,270,180,0.333333,1000.000000,0.000000,30.000000,1.310597,0.000000
0,-0.000133,0.057143,0.046512,0.814347,0.148105,24084.583333,1272.000000,84.710497,100.000000,42.355248,50.000000,260,30,0.057143,1400.000000,0.000000,40.000000,1.694439,2.000009
0,-0.000117,0.037037,0.029412,0.055027,0.028737,731.992500,800.000000,91.311571,48.437500,45.655785,24.218750,150,10,0.037037,1300.000000,0.000000,45.000000,1.826235,0.000000
0,0.000072,0.086957,0.095238,1.095059,0.026617,1032.659722,300.000000,78.906574,50.000000,39.453287,25.000000,260,10,0.100000,1400.000000,0.000000,35.000000,1.578736,0.000000
0,0.000000,0.500000,0.500000,0.238342,0.026617,1662.222222,300.000000,86.679907,50.000000,43.339953,25.000000,300,110,0.500000,1000.000000,0.000000,40.000000,1.733619,0.000000
0,0.003014,0.100000,0.529412,0.006199,0.051081,83.456633,538.775510,50.555317,90.769215,25.277659,45.384607,240,10,0.615385,1600.000000,0.000000,25.000000,1.011107,1.815387
0,0.000000,0.500000,0.500000,0.238342,0.026617,1662.222222,300.000000,86.679907,50.000000,43.339953,25.000000,110,70,0.500000,1000.000000,0.000000,40.000000,1.733619,0.000000
0,0.000000,0.076923,0.076923,0.089037,0.071127,429.750000,1992.489796,72.262096,81.578318,36.131048,40.789159,60,40,0.076923,1000.000000,0.000000,35.000000,1.445251,1.631568
0,0.000269,0.133333,0.176471,0.008664,0.301664,2026.538776,700.000000,83.727100,42.857143,41.863550,21.428571,120,100,0.200000,1600.000000,0.000000,40.000000,1.674542,0.000000
0,-0.000073,0.051282,0.046512,2.613879,0.148105,27813.001111,1272.000000,95.663209,100.000000,47.831605,50.000000,250,20,0.051282,1300.000000,0.000000,45.000000,1.913390,2.000009
0,0.000000,0.062500,0.062500,0.235460,0.077131,332.000000,800.000000,69.230453,79.313278,34.615226,39.656639,160,20,0.062500,1100.000000,0.000000,30.000000,1.384698,1.586269
0,0.000000,0.100000,0.100000,2.428790,0.131251,24168.204082,743.250000,95.042735,86.153843,47.521368,43.076921,330,10,0.100000,1000.000000,0.000000,45.000000,1.900979,1.723089
0,0.000000,0.125000,0.125000,1.133228,0.650078,4033.666667,2487.159763,49.218357,76.664770,24.609179,38.332385,270,10,0.125000,1200.000000,0.000000,20.000000,0.984528,1.533386
0,0.000000,0.666667,0.666667,0.104445,0.058922,490.888889,500.000000,85.239794,50.000000,42.619897,25.000000,280,160,0.666667,1200.000000,0.000000,40.000000,1.704809,0.000000
0,-0.000023,0.040000,0.100000,0.843045,0.759338,3661.647959,2918.409763,68.907587,82.818616,34.453793,41.409308,80,40,0.166667,3500.000000,0.000000,30.000000,1.378289,1.656474
0,-0.000023,0.040000,0.100000,1.430678,0.759338,3661.647959,2918.409763,68.907587,82.818616,34.453793,41.409308,40,40,0.166667,3500.000000,0.000000,30.000000,1.378444,1.656474
0,0.000000,0.666667,0.666667,0.104445,0.058922,490.888889,500.000000,85.239794,50.000000,42.619897,25.000000,220,160,0.666667,1200.000000,0.000000,40.000000,1.704809,0.000000
0,0.000000,0.625000,0.625000,0.009966,0.540569,104.297521,5757.375000,55.414671,80.450888,27.707336,40.225444,270,10,0.625000,1200.000000,0.000000,25.000000,1.108294,1.609043
0,-0.000254,0.058824,0.035714,0.017888,0.521750,151.728395,5485.500000,76.839262,82.950887,38.419631,41.475443,230,10,0.058824,1600.000000,0.000000,35.000000,1.536787,1.659043
0,-0.000457,0.285714,0.250000,0.047382,0.018892,306.875000,99.000000,48.540573,29.977188,24.270287,14.988594,140,10,0.285714,1400.000000,0.000000,20.000000,0.970816,0.000000
0,0.000000,0.500000,0.500000,2.430937,0.149599,23832.000000,1131.250000,88.888889,86.153846,44.444444,43.076923,330,200,0.500000,1000.000000,0.000000,40.000000,1.777902,1.723089
0,0.000000,0.500000,0.500000,2.430937,0.149599,23832.000000,1131.250000,88.888889,86.153846,44.444444,43.076923,310,200,0.500000,1000.000000,0.000000,40.000000,1.777902,1.723089
0,-0.000694,0.200000,0.117647,3.670292,0.227425,28988.615000,1101.535714,89.412392,84.010988,44.706196,42.005494,210,190,0.200000,2000.000000,0.000000,40.000000,1.788480,1.680244
0,0.000000,0.500000,0.500000,2.430937,0.149599,23832.000000,1131.250000,88.888889,86.153846,44.444444,43.076923,290,200,0.500000,1000.000000,0.000000,40.000000,1.777902,1.723089
0,-0.000758,0.454545,0.416667,0.096154,0.583308,401.785714,6157.375000,77.635788,80.442269,38.817894,40.221135,280,120,0.454545,1100.000000,0.000000,35.000000,1.552732,1.608873
0,-0.000105,0.117647,0.111111,0.053448,0.002715,394.128889,28.125000,83.379066,42.499999,41.689533,21.249999,160,50,0.117647,1200.000000,0.000000,40.000000,1.667585,0.000000
0,-0.000128,0.083333,0.076923,0.007505,0.058698,86.880000,1133.333333,57.459307,76.380387,28.729654,38.190193,70,10,0.083333,1200.000000,0.000000,25.000000,1.149187,1.527609
0,-0.000694,0.200000,0.117647,3.670292,0.227425,28988.615000,1101.535714,89.412392,84.010988,44.706196,42.005494,230,210,0.200000,2000.000000,0.000000,40.000000,1.788480,1.680244
0,-0.000694,0.200000,0.117647,3.670292,0.227425,28988.615000,1101.535714,89.412392,84.010988,44.706196,42.005494,210,210,0.200000,2000.000000,0.000000,40.000000,1.788480,1.680244
0,-0.000152,0.090909,0.083333,0.057282,0.085807,356.000000,1000.000000,78.523441,79.991381,39.261720,39.995690,120,20,0.090909,1100.000000,0.000000,35.000000,1.570473,1.599831
0,0.000000,0.100000,0.100000,2.428790,0.131251,24168.204082,743.250000,95.042735,86.153843,47.521368,43.076921,290,10,0.100000,1000.000000,0.000000,45.000000,1.900979,1.723089
0,0.000000,0.100000,0.100000,2.428790,0.131251,24168.204082,743.250000,95.042735,86.153843,47.521368,43.076921,310,10,0.100000,1000.000000,0.000000,45.000000,1.900979,1.723089
0,-0.000946,0.200000,0.050000,0.673973,1.147580,2569.000000,7644.534763,69.400599,77.115658,34.700299,38.557829,120,120,0.210526,2700.000000,0.000000,30.000000,1.388103,1.542428
0,-0.000023,0.040000,0.100000,0.843045,0.759338,3661.647959,2918.409763,68.907587,82.818616,34.453793,41.409308,60,40,0.166667,3500.000000,0.000000,30.000000,1.378289,1.656474
0,0.000000,0.187500,0.187500,0.040525,0.024248,278.240000,328.125000,56.166811,82.499999,28.083405,41.249999,50,10,0.187500,1200.000000,0.000000,25.000000,1.123340,1.650001
0,-0.000152,0.090909,0.083333,0.060262,0.101437,378.880000,1533.333333,82.150111,76.371768,41.075055,38.185884,120,80,0.090909,1100.000000,0.000000,40.000000,1.643007,1.527439
0,0.000000,0.222222,0.222222,0.163474,0.373374,525.250000,2906.666667,74.624408,91.104425,37.312204,45.552213,280,140,0.222222,1300.000000,0.000000,35.000000,1.492515,1.822113
0,0.000000,0.111111,0.111111,0.155073,0.157702,746.530612,1300.000000,83.766177,100.000000,41.883088,50.000000,230,220,0.111111,1300.000000,0.000000,40.000000,1.675341,2.000010
0,-0.000618,0.272727,0.250000,0.144273,0.132568,433.937500,1234.812500,82.686230,90.000000,41.343115,45.000000,160,80,0.333333,2700.000000,0.000000,40.000000,1.653749,1.800007
0,0.000000,0.250000,0.250000,0.000000,0.019280,240.645833,56.888889,37.021173,35.004991,18.510587,17.502496,10,10,0.250000,1100.000000,0.000000,15.000000,0.740423,0.000000
0,-0.000060,0.100000,0.090909,0.171836,0.080178,836.444444,697.440000,82.837991,76.363636,41.418995,38.181818,180,170,0.100000,1700.000000,0.000000,40.000000,1.656778,1.527277
0,-0.002222,1.000000,0.888889,0.022093,0.202266,260.888889,1800.000000,76.380007,39.610301,38.190004,19.805151,110,10,1.000000,1100.000000,0.000000,35.000000,1.527607,0.000000
0,-0.000548,0.066667,0.043478,0.035827,0.193591,267.850000,4474.198541,48.950907,77.886676,24.475453,38.943338,220,10,0.200000,1500.000000,0.000000,20.000000,0.979021,1.557739
0,0.000000,0.125000,0.125000,0.022093,0.221546,50.868056,1856.888889,40.641115,74.615293,20.320558,37.307646,110,10,0.125000,1100.000000,0.000000,20.000000,0.812829,1.492320
0,0.000000,0.222222,0.222222,0.055650,0.085731,358.312500,614.471074,66.155454,90.884990,33.077727,45.442495,230,10,0.222222,1200.000000,0.000000,30.000000,1.323114,1.817706
0,-0.000898,0.375000,0.250000,0.053264,0.132568,311.111111,1234.812500,81.783931,90.000000,40.891965,45.000000,140,10,0.375000,2100.000000,0.000000,40.000000,1.635685,1.800007
0,0.000000,0.600000,0.600000,0.305622,0.066445,1430.413223,700.000000,68.585160,80.000000,34.292580,40.000000,230,10,0.600000,1200.000000,0.000000,30.000000,1.371737,1.600003
0,-0.000131,0.117647,0.111111,0.034051,0.071786,2680.441645,569.710744,75.407605,80.437759,37.703802,40.218880,290,220,0.117647,1300.000000,0.000000,35.000000,1.508154,1.608760
0,0.000000,0.111111,0.111111,0.155073,0.157702,746.530612,1300.000000,83.766177,100.000000,41.883088,50.000000,280,230,0.111111,1300.000000,0.000000,40.000000,1.675341,2.000010
0,-0.000618,0.272727,0.250000,0.144273,0.132568,433.937500,1234.812500,82.686230,90.000000,41.343115,45.000000,90,80,0.333333,2700.000000,0.000000,40.000000,1.653749,1.800007
0,-0.000618,0.272727,0.250000,0.144273,0.132568,433.937500,1234.812500,82.686230,90.000000,41.343115,45.000000,200,80,0.333333,2700.000000,0.000000,40.000000,1.653749,1.800007
0,0.000000,0.222222,0.222222,0.055650,0.085731,358.312500,614.471074,66.155454,90.884990,33.077727,45.442495,290,10,0.222222,1200.000000,0.000000,30.000000,1.323114,1.817706
0,-0.000254,0.071429,0.032258,0.479973,0.375689,1634.235556,2948.828125,78.323218,81.369835,39.161609,40.684918,160,70,0.071429,1900.000000,0.000000,35.000000,1.566538,1.627421
0,0.002466,0.055556,0.250000,0.013615,0.132568,2671.543686,1234.812500,83.864481,90.000000,41.932241,45.000000,220,10,0.257143,1300.000000,0.000000,40.000000,1.677290,1.800007
0,0.000000,0.222222,0.222222,0.163474,0.373374,525.250000,2906.666667,74.624408,91.104425,37.312204,45.552213,220,140,0.222222,1300.000000,0.000000,35.000000,1.492515,1.822113
0,-0.000058,0.055556,0.052632,0.005189,0.000000,385.994490,0.000000,68.591406,0.000000,34.295703,0.000000,200,10,0.055556,1100.000000,0.000000,30.000000,1.371828,0.000000
0,0.000000,1.000000,1.000000,0.058900,0.286588,178.514739,1614.222222,49.734809,97.058824,24.867404,48.529412,180,10,1.000000,1200.000000,0.000000,20.000000,0.994707,1.941205
0,-0.001538,0.666667,0.562500,0.025533,0.214950,71.665467,1333.333333,89.050617,89.977113,44.525308,44.988557,180,50,0.666667,1600.000000,0.000000,40.000000,1.781022,1.799560
0,-0.000211,0.058824,0.047619,0.030844,0.042872,158.666955,400.000000,94.166533,50.000000,47.083267,25.000000,160,70,0.058824,1200.000000,0.000000,45.000000,1.883334,0.000000
0,0.000798,0.095238,0.187500,0.029534,0.150157,150.118800,1200.000000,86.585635,100.000000,43.292818,50.000000,250,120,0.206897,1600.000000,0.000000,40.000000,1.731722,2.000010
0,-0.000211,0.058824,0.047619,0.030844,0.042872,158.666955,400.000000,94.166533,50.000000,47.083267,25.000000,160,150,0.058824,1200.000000,0.000000,45.000000,1.883334,0.000000
0,0.000943,0.200000,0.562500,0.074078,0.214950,78.191327,1333.333333,79.015909,89.977113,39.507954,44.988557,240,20,0.666667,1900.000000,0.000000,35.000000,1.580366,1.799560
0,0.000515,0.034483,0.066667,2.435172,0.149489,23828.916955,1071.875000,93.055422,50.000000,46.527711,25.000000,310,150,0.066667,1200.000000,0.000000,45.000000,1.861233,0.000000
0,0.000000,0.090909,0.090909,0.012861,0.761786,91.674603,5403.222222,51.915551,97.058824,25.957775,48.529412,290,10,0.090909,1200.000000,0.000000,25.000000,1.038312,1.941235
0,0.000515,0.034483,0.066667,2.435172,0.149489,23828.916955,1071.875000,93.055422,50.000000,46.527711,25.000000,330,150,0.066667,1200.000000,0.000000,45.000000,1.861233,0.000000
0,0.000000,0.125000,0.125000,0.005587,0.000000,46.555556,0.000000,50.684801,0.000000,25.342400,0.000000,30,10,0.125000,1000.000000,0.000000,25.000000,1.013696,0.000000
0,-0.000250,0.200000,0.187500,0.062243,0.150157,187.773998,1200.000000,89.734809,100.000000,44.867404,50.000000,310,180,0.200000,1200.000000,0.000000,40.000000,1.794707,2.000010
0,-0.001580,0.300000,0.166667,0.088242,0.162530,123.489969,1937.500000,85.857573,88.515520,42.928786,44.257760,100,10,0.300000,1800.000000,0.000000,40.000000,1.717194,1.770317
0,0.000000,0.375000,0.375000,0.046653,0.313991,367.766440,2401.000000,48.674691,41.248251,24.337345,20.624126,180,10,0.375000,1000.000000,0.000000,20.000000,0.973497,0.000000
0,0.000000,0.125000,0.125000,0.008201,0.489292,87.826389,3840.000000,49.436614,40.029080,24.718307,20.014540,190,10,0.125000,1000.000000,0.000000,20.000000,0.988733,0.000000
0,0.004290,0.375000,0.666667,0.005751,0.286588,69.018141,1614.222222,39.994787,97.058824,19.997394,48.529412,50,10,0.666667,2300.000000,0.000000,15.000000,0.799896,1.941205
0,0.000000,1.000000,1.000000,0.014934,0.286588,178.514739,1614.222222,49.734809,97.058824,24.867404,48.529412,160,10,1.000000,1200.000000,0.000000,20.000000,0.994697,1.941205
0,0.000515,0.034483,0.066667,2.435172,0.149489,23828.916955,1071.875000,93.055422,50.000000,46.527711,25.000000,290,150,0.066667,1200.000000,0.000000,45.000000,1.861233,0.000000
0,-0.000211,0.058824,0.047619,0.030844,0.042872,158.666955,400.000000,94.166533,50.000000,47.083267,25.000000,150,60,0.058824,1200.000000,0.000000,45.000000,1.883334,0.000000
0,0.000943,0.200000,0.562500,0.074078,0.214950,78.191327,1333.333333,79.015909,89.977113,39.507954,44.988557,200,20,0.666667,1900.000000,0.000000,35.000000,1.580366,1.799560
0,0.000515,0.034483,0.066667,2.435172,0.149489,23828.916955,1071.875000,93.055422,50.000000,46.527711,25.000000,330,70,0.066667,1200.000000,0.000000,45.000000,1.861233,0.000000
0,-0.000263,0.384615,0.187500,0.033419,0.150157,57.523358,1200.000000,78.917003,100.000000,39.458501,50.000000,240,90,0.384615,1900.000000,0.000000,35.000000,1.578374,2.000010
0,-0.000263,0.384615,0.187500,0.033419,0.150157,57.523358,1200.000000,78.917003,100.000000,39.458501,50.000000,200,90,0.384615,1900.000000,0.000000,35.000000,1.578374,2.000010
0,0.000000,0.133333,0.133333,1.270340,0.397405,2897.875850,1463.888889,87.689204,99.090912,43.844602,49.545456,180,170,0.133333,1100.000000,0.000000,40.000000,1.754071,1.981891
0,-0.000095,0.071429,0.066667,1.296682,0.462197,2837.290000,1597.222222,75.113571,89.068025,37.556786,44.534013,180,100,0.071429,1100.000000,0.000000,35.000000,1.502568,1.781441
0,-0.000112,0.062500,0.055556,0.338169,0.193449,1726.343893,1771.183673,72.974575,100.000000,36.487288,50.000000,150,50,0.062500,1300.000000,0.000000,35.000000,1.459531,2.000011
0,-0.000056,0.034483,0.031250,0.205133,0.056023,907.181418,2591.418685,82.610544,39.999272,41.305272,19.999636,150,70,0.034483,1200.000000,0.000000,40.000000,1.652234,0.000000
0,-0.001013,0.250000,0.142857,0.148415,0.225408,388.042469,1700.000000,90.024240,100.000000,45.012120,50.000000,100,70,0.250000,1800.000000,0.000000,45.000000,1.800533,2.000015
0,-0.001067,0.200000,0.133333,0.045990,0.397405,317.070295,1463.888889,79.662301,99.090912,39.831150,49.545456,230,160,0.200000,1200.000000,0.000000,35.000000,1.593250,1.981891
0,-0.002840,0.333333,0.181818,0.035115,0.015271,173.687500,99.000000,76.635762,38.158825,38.317881,19.079413,190,40,0.333333,1300.000000,0.000000,35.000000,1.532719,0.000000
0,-0.000799,0.230769,0.187500,0.069727,0.208079,236.625850,1533.333333,77.234808,89.977113,38.617404,44.988557,180,90,0.230769,1200.000000,0.000000,35.000000,1.544708,1.799557
0,0.000000,0.142857,0.142857,0.153771,0.029455,1073.251808,1048.489796,69.973393,47.368421,34.986697,23.684211,240,210,0.142857,1100.000000,0.000000,30.000000,1.399479,0.000000
0,0.000515,0.034483,0.066667,2.435172,0.149489,23828.916955,1071.875000,93.055422,50.000000,46.527711,25.000000,310,70,0.066667,1200.000000,0.000000,45.000000,1.861233,0.000000
0,-0.000065,0.058824,0.055556,0.717864,0.193449,2070.181406,1771.183673,86.163380,100.000000,43.081690,50.000000,180,60,0.058824,1200.000000,0.000000,40.000000,1.723392,2.000011
0,0.000147,0.035714,0.045455,0.081526,0.618484,134.351830,5189.000000,74.452797,100.000000,37.226399,50.000000,280,150,0.047619,1300.000000,0.000000,35.000000,1.489081,2.000037
0,-0.000056,0.034483,0.031250,0.205133,0.056023,907.181418,2591.418685,82.610544,39.999272,41.305272,19.999636,150,150,0.034483,1200.000000,0.000000,40.000000,1.652234,0.000000
0,-0.000250,0.200000,0.187500,0.062243,0.150157,187.773998,1200.000000,89.734809,100.000000,44.867404,50.000000,220,180,0.200000,1200.000000,0.000000,40.000000,1.794707,2.000010
0,-0.000121,0.090909,0.083333,0.082686,0.153765,668.111111,1000.000000,61.653179,50.000000,30.826590,25.000000,130,10,0.090909,1200.000000,0.000000,30.000000,1.233069,0.000000
0,0.000000,0.040000,0.040000,0.007051,0.000000,45.057778,0.000000,88.000000,0.000000,44.000000,0.000000,170,80,0.040000,1000.000000,0.000000,40.000000,1.760001,0.000000
0,0.000000,0.272727,0.272727,0.010827,0.351381,85.888889,1747.555556,47.499999,87.035937,23.749999,43.517968,90,10,0.272727,1200.000000,0.000000,20.000000,0.950001,1.740755
0,-0.000081,0.170732,0.166667,0.082337,0.162530,207.659450,1937.500000,75.425299,88.515520,37.712650,44.257760,180,70,0.170732,1200.000000,0.000000,35.000000,1.508523,1.770317
0,0.000119,0.136364,0.136364,0.043087,0.625355,104.265467,4989.000000,85.757153,100.000000,42.878577,50.000000,280,250,0.157895,1600.000000,0.000000,40.000000,1.715156,2.000039
0,0.001719,0.166667,0.272727,0.108162,0.313991,407.562500,2401.000000,74.248275,41.248251,37.124137,20.624126,100,60,0.272727,2200.000000,0.000000,35.000000,1.484983,0.000000
0,0.000000,0.133333,0.133333,1.270340,0.397405,2897.875850,1463.888889,87.689204,99.090912,43.844602,49.545456,190,180,0.133333,1100.000000,0.000000,40.000000,1.754071,1.981891
0,0.000119,0.136364,0.136364,0.043087,0.625355,104.265467,4989.000000,85.757153,100.000000,42.878577,50.000000,250,250,0.157895,1600.000000,0.000000,40.000000,1.715156,2.000039
0,0.000000,0.040000,0.040000,0.007051,0.000000,45.057778,0.000000,88.000000,0.000000,44.000000,0.000000,90,80,0.040000,1000.000000,0.000000,40.000000,1.760001,0.000000
0,-0.001420,0.166667,0.090909,0.123858,0.329262,709.600000,2500.000000,79.947948,79.407076,39.973974,39.703538,150,40,0.166667,1300.000000,0.000000,35.000000,1.598970,1.588163
0,0.000119,0.136364,0.136364,0.034068,0.625355,104.265467,4989.000000,85.757153,100.000000,42.878577,50.000000,250,230,0.157895,1600.000000,0.000000,40.000000,1.715149,2.000039
0,-0.000459,0.222222,0.187500,0.034764,0.208079,99.250000,1533.333333,35.679432,89.977113,17.839716,44.988557,80,10,0.300000,2000.000000,0.000000,15.000000,0.713597,1.799557
0,0.000798,0.095238,0.187500,0.029534,0.150157,150.118800,1200.000000,86.585635,100.000000,43.292818,50.000000,280,120,0.206897,1600.000000,0.000000,40.000000,1.731722,2.000010
0,-0.001346,0.333333,0.187500,0.003397,0.351381,50.596451,1747.555556,41.233682,87.035937,20.616841,43.517968,40,10,0.333333,2000.000000,0.000000,20.000000,0.824674,1.740755
0,-0.000112,0.062500,0.055556,0.625403,0.193449,1726.343893,1771.183673,72.974575,100.000000,36.487288,50.000000,320,150,0.062500,1300.000000,0.000000,35.000000,1.459608,2.000011
0,-0.000070,0.146341,0.142857,0.141586,0.225408,818.848073,1700.000000,85.386983,100.000000,42.693491,50.000000,180,170,0.146341,1200.000000,0.000000,40.000000,1.707755,2.000015
0,-0.000211,0.058824,0.047619,0.030844,0.042872,158.666955,400.000000,94.166533,50.000000,47.083267,25.000000,70,60,0.058824,1200.000000,0.000000,45.000000,1.883334,0.000000
0,-0.000738,0.166667,0.125000,4.815249,0.838722,12143.625850,6353.687500,72.171087,90.511861,36.085544,45.255930,180,150,0.166667,1200.000000,0.000000,35.000000,1.444377,1.810293
0,-0.000738,0.166667,0.125000,4.771283,0.838722,12143.625850,6353.687500,72.171087,90.511861,36.085544,45.255930,160,150,0.166667,1200.000000,0.000000,35.000000,1.444367,1.810293
0,-0.001538,0.666667,0.562500,0.025533,0.214950,71.665467,1333.333333,89.050617,89.977113,44.525308,44.988557,280,50,0.666667,1600.000000,0.000000,40.000000,1.781022,1.799560
0,0.000606,0.545455,0.583333,0.087174,0.313991,495.555556,2401.000000,55.998065,41.248251,27.999033,20.624126,160,10,0.583333,1200.000000,0.000000,25.000000,1.119969,0.000000
0,-0.000552,0.100000,0.066667,0.041883,0.462197,224.444444,1597.222222,77.427491,89.068025,38.713745,44.534013,230,90,0.100000,1200.000000,0.000000,35.000000,1.548554,1.781441
0,-0.000065,0.058824,0.055556,0.717864,0.193449,2070.181406,1771.183673,86.163380,100.000000,43.081690,50.000000,330,180,0.058824,1200.000000,0.000000,40.000000,1.723392,2.000011
0,-0.003000,0.750000,0.600000,0.005189,0.007963,175.973657,56.888889,32.852514,39.602810,16.426257,19.801405,200,10,0.750000,1200.000000,0.000000,15.000000,0.657050,0.000000
0,0.000000,0.250000,0.250000,0.026729,0.000000,208.384757,0.000000,48.493576,0.000000,24.246788,0.000000,130,10,0.250000,1000.000000,0.000000,20.000000,0.969873,0.000000
0,0.000121,0.909091,0.916667,0.005189,0.000000,174.550046,0.000000,48.212379,0.000000,24.106190,0.000000,200,10,0.916667,1200.000000,0.000000,20.000000,0.964248,0.000000
0,-0.000632,0.222222,0.312500,0.038795,0.683277,147.812500,5322.333333,35.681198,89.977113,17.840599,44.988557,210,10,0.416667,2000.000000,0.000000,15.000000,0.713630,1.799587
0,0.000119,0.136364,0.136364,0.034068,0.625355,104.265467,4989.000000,85.757153,100.000000,42.878577,50.000000,270,250,0.157895,1600.000000,0.000000,40.000000,1.715149,2.000039
0,-0.001538,0.666667,0.562500,0.025533,0.214950,71.665467,1333.333333,89.050617,89.977113,44.525308,44.988557,250,50,0.666667,1600.000000,0.000000,40.000000,1.781022,1.799560
0,0.000798,0.095238,0.187500,0.029534,0.150157,150.118800,1200.000000,86.585635,100.000000,43.292818,50.000000,180,120,0.206897,1600.000000,0.000000,40.000000,1.731722,2.000010
0,-0.000121,0.090909,0.083333,0.082686,0.153765,668.111111,1000.000000,61.653179,50.000000,30.826590,25.000000,170,10,0.090909,1200.000000,0.000000,30.000000,1.233069,0.000000
0,-0.000090,0.055556,0.050000,0.084350,0.004923,400.000000,64.000000,75.956897,40.000000,37.978449,20.000000,170,130,0.055556,1500.000000,0.000000,35.000000,1.519148,0.000000
0,-0.002840,0.333333,0.181818,0.002727,0.015271,29.888889,99.000000,55.999807,38.158825,27.999903,19.079413,50,10,0.333333,1200.000000,0.000000,25.000000,1.119996,0.000000
0,-0.000182,0.050000,0.035714,0.113382,0.153765,715.088757,1000.000000,88.456897,50.000000,44.228449,25.000000,170,100,0.050000,1500.000000,0.000000,40.000000,1.769147,0.000000
0,0.000147,0.035714,0.045455,0.071761,0.618484,242.411565,5189.000000,81.650360,100.000000,40.825180,50.000000,290,180,0.047619,1200.000000,0.000000,40.000000,1.633019,2.000037
0,0.006632,0.200000,0.666667,0.187728,0.286588,185.795918,1614.222222,30.000058,97.058824,15.000029,48.529412,70,10,0.666667,2300.000000,0.000000,15.000000,0.600124,1.941205
0,-0.000250,0.200000,0.187500,0.062243,0.150157,187.773998,1200.000000,89.734809,100.000000,44.867404,50.000000,270,180,0.200000,1200.000000,0.000000,40.000000,1.794707,2.000010
0,0.000119,0.136364,0.136364,0.043087,0.625355,104.265467,4989.000000,85.757153,100.000000,42.878577,50.000000,250,180,0.157895,1600.000000,0.000000,40.000000,1.715156,2.000039
0,-0.000136,0.062500,0.050000,0.126607,0.076566,285.842469,764.000000,80.933326,90.000000,40.466663,45.000000,100,100,0.062500,1800.000000,0.000000,40.000000,1.618713,1.800004
0,0.000515,0.034483,0.066667,2.435172,0.149489,23828.916955,1071.875000,93.055422,50.000000,46.527711,25.000000,290,70,0.066667,1200.000000,0.000000,45.000000,1.861233,0.000000
0,-0.001013,0.250000,0.142857,0.148415,0.225408,388.042469,1700.000000,90.024240,100.000000,45.012120,50.000000,110,100,0.250000,1800.000000,0.000000,45.000000,1.800533,2.000015
0,-0.000182,0.050000,0.035714,0.113382,0.153765,715.088757,1000.000000,88.456897,50.000000,44.228449,25.000000,170,140,0.050000,1500.000000,0.000000,40.000000,1.769147,0.000000
0,-0.000089,0.062500,0.055556,0.030296,0.761786,123.480000,5403.222222,77.851802,97.058824,38.925901,48.529412,250,80,0.062500,1600.000000,0.000000,35.000000,1.557040,1.941235
0,-0.001067,0.200000,0.133333,0.089957,0.397405,317.070295,1463.888889,79.662301,99.090912,39.831150,49.545456,230,180,0.200000,1200.000000,0.000000,35.000000,1.593260,1.981891
0,-0.000053,0.052632,0.050000,0.080949,0.076566,317.687075,764.000000,80.566466,90.000000,40.283233,45.000000,180,160,0.052632,1200.000000,0.000000,40.000000,1.611341,1.800004
0,-0.000250,0.200000,0.187500,0.062243,0.150157,187.773998,1200.000000,89.734809,100.000000,44.867404,50.000000,290,180,0.200000,1200.000000,0.000000,40.000000,1.794707,2.000010
0,-0.000070,0.146341,0.142857,0.141586,0.225408,818.848073,1700.000000,85.386983,100.000000,42.693491,50.000000,180,130,0.146341,1200.000000,0.000000,40.000000,1.707755,2.000015
0,-0.000250,0.200000,0.187500,0.062243,0.150157,187.773998,1200.000000,89.734809,100.000000,44.867404,50.000000,320,180,0.200000,1200.000000,0.000000,40.000000,1.794707,2.000010
0,0.000000,1.000000,1.000000,0.128614,0.000000,196.937500,0.000000,68.526906,0.000000,34.263453,0.000000,90,10,1.000000,1900.000000,0.000000,30.000000,1.370596,0.000000
0,-0.000556,0.473684,0.631579,0.003197,0.130890,60.620064,1051.578125,70.357843,90.826659,35.178922,45.413329,240,10,0.800000,1600.000000,0.000000,35.000000,1.407157,1.816541
0,-0.000427,0.200000,0.166667,0.024134,2.516095,730.805556,37191.710059,68.672434,74.588399,34.336217,37.294200,310,10,0.200000,1300.000000,0.000000,30.000000,1.373449,1.491923
0,-0.000339,0.071429,0.050000,0.056407,0.154135,1110.442026,1320.125000,87.924287,100.000000,43.962143,50.000000,280,260,0.100000,1800.000000,0.000000,40.000000,1.758487,2.000009
0,-0.001363,0.333333,0.171429,0.085626,0.987846,598.921875,4056.710059,80.621255,37.681840,40.310627,18.840920,260,170,0.333333,1800.000000,0.000000,40.000000,1.612431,0.000000
0,0.002547,0.083333,0.333333,0.064633,0.089715,316.591837,735.000000,89.290752,40.665210,44.645376,20.332605,290,40,0.357143,1600.000000,0.000000,40.000000,1.785822,0.000000
0,-0.000061,0.076923,0.333333,0.088083,0.312803,214.374043,1652.000000,45.000063,97.222222,22.500032,48.611111,210,10,0.437500,2400.000000,0.000000,20.000000,0.900024,1.944475
0,-0.000510,0.100000,0.062500,0.034399,0.323182,175.592593,1472.000000,89.927492,95.833333,44.963746,47.916667,230,220,0.100000,1300.000000,0.000000,40.000000,1.798553,1.916704
0,-0.000170,0.090909,0.062500,0.198906,0.022616,1697.381944,658.240000,77.175555,48.529412,38.587778,24.264706,260,10,0.090909,1900.000000,0.000000,35.000000,1.543523,0.000000
0,-0.000919,0.068182,0.022222,0.084842,1.490652,1050.460000,12758.120000,85.563232,82.358167,42.781616,41.179083,190,90,0.068182,1100.000000,0.000000,40.000000,1.711269,1.647254
0,0.000000,1.000000,1.000000,0.009263,0.000000,77.369615,0.000000,92.857143,0.000000,46.428571,0.000000,120,10,1.000000,1600.000000,0.000000,45.000000,1.857144,0.000000
0,-0.000125,0.037037,0.022727,0.132199,1.534020,736.457500,13347.238185,92.121212,95.454545,46.060606,47.727273,270,120,0.037037,1800.000000,0.000000,45.000000,1.842437,1.909179
0,-0.004242,0.545455,0.333333,0.003343,0.312803,37.037037,1652.000000,60.000000,97.222222,30.000000,48.611111,270,10,0.545455,1300.000000,0.000000,30.000000,1.200000,1.944475
0,-0.000201,0.062500,0.050000,0.303751,0.154135,1695.729335,1320.125000,86.864578,100.000000,43.432289,50.000000,310,50,0.062500,1400.000000,0.000000,40.000000,1.737319,2.000009
0,-0.000556,0.473684,0.631579,0.003197,0.130890,60.620064,1051.578125,70.357843,90.826659,35.178922,45.413329,290,10,0.800000,1600.000000,0.000000,35.000000,1.407157,1.816541
0,-0.000201,0.062500,0.050000,0.303751,0.154135,1695.729335,1320.125000,86.864578,100.000000,43.432289,50.000000,280,50,0.062500,1400.000000,0.000000,40.000000,1.737319,2.000009
0,0.000335,0.529412,0.555556,0.032031,0.015869,713.124082,161.660900,83.632757,81.611720,41.816379,40.805860,310,10,0.555556,1300.000000,0.000000,40.000000,1.672657,1.632235
0,-0.004242,0.545455,0.333333,0.003343,0.312803,37.037037,1652.000000,60.000000,97.222222,30.000000,48.611111,220,10,0.545455,1300.000000,0.000000,30.000000,1.200000,1.944475
0,-0.004242,0.545455,0.333333,0.003343,0.312803,37.037037,1652.000000,60.000000,97.222222,30.000000,48.611111,290,10,0.545455,1300.000000,0.000000,30.000000,1.200000,1.944475
0,-0.000125,0.037037,0.022727,0.132199,1.534020,736.457500,13347.238185,92.121212,95.454545,46.060606,47.727273,200,120,0.037037,1800.000000,0.000000,45.000000,1.842437,1.909179
0,0.002547,0.083333,0.333333,0.064633,0.089715,316.591837,735.000000,89.290752,40.665210,44.645376,20.332605,290,120,0.357143,1600.000000,0.000000,40.000000,1.785822,0.000000
0,-0.000170,0.090909,0.062500,0.198906,0.022616,1697.381944,658.240000,77.175555,48.529412,38.587778,24.264706,130,10,0.090909,1900.000000,0.000000,35.000000,1.543523,0.000000
0,-0.000111,0.076923,0.062500,10.628877,0.022616,6739.680000,658.240000,84.124349,48.529412,42.062175,24.264706,180,110,0.076923,1700.000000,0.000000,40.000000,1.691297,0.000000
0,-0.000170,0.090909,0.062500,0.198906,0.022616,1697.381944,658.240000,77.175555,48.529412,38.587778,24.264706,290,10,0.090909,1900.000000,0.000000,35.000000,1.543523,0.000000
0,-0.001311,0.500000,0.250000,0.002826,0.109113,327.000000,900.000000,64.814815,89.936770,32.407407,44.968385,270,10,0.500000,1800.000000,0.000000,30.000000,1.296296,1.798742
0,-0.000011,0.095238,0.074074,0.104620,1.058298,618.452134,4556.710059,87.740347,87.681840,43.870174,43.840920,270,230,0.095238,1700.000000,0.000000,40.000000,1.754817,1.753762
0,-0.002144,0.666667,0.454545,0.025315,0.731648,43.591837,5760.000000,92.484916,39.974695,46.242458,19.987348,40,40,0.666667,1600.000000,0.000000,45.000000,1.849708,0.000000
0,0.000723,0.037037,0.083333,0.107652,1.505680,601.516012,15565.961938,84.378056,85.351886,42.189028,42.675943,120,100,0.090909,1800.000000,0.000000,40.000000,1.687571,1.707123
0,-0.000011,0.095238,0.074074,0.104620,1.058298,618.452134,4556.710059,87.740347,87.681840,43.870174,43.840920,270,270,0.095238,1700.000000,0.000000,40.000000,1.754817,1.753762
0,-0.004242,0.545455,0.333333,0.003343,0.312803,37.037037,1652.000000,60.000000,97.222222,30.000000,48.611111,310,10,0.545455,1300.000000,0.000000,30.000000,1.200000,1.944475
0,-0.002370,0.192308,0.062500,0.036854,0.085401,1032.467975,441.046875,83.098395,37.806478,41.549197,18.903239,340,70,0.192308,1300.000000,0.000000,40.000000,1.661969,0.000000
0,-0.000125,0.037037,0.022727,0.132199,1.534020,736.457500,13347.238185,92.121212,95.454545,46.060606,47.727273,310,80,0.037037,1800.000000,0.000000,45.000000,1.842437,1.909179
0,-0.000984,0.153846,0.333333,0.103942,0.312803,484.764668,1652.000000,50.000063,97.222222,25.000032,48.611111,200,10,0.461538,2400.000000,0.000000,25.000000,1.000013,1.944475
0,-0.000236,0.111111,0.090909,0.013382,0.011106,130.444444,96.694215,82.327028,41.292245,41.163514,20.646123,130,10,0.111111,1600.000000,0.000000,40.000000,1.646542,0.000000
0,-0.000556,0.473684,0.631579,0.003197,0.130890,60.620064,1051.578125,70.357843,90.826659,35.178922,45.413329,280,10,0.800000,1600.000000,0.000000,35.000000,1.407157,1.816541
0,0.000000,0.250000,0.250000,0.012167,0.109113,43.785467,900.000000,87.235360,89.936770,43.617680,44.968385,230,20,0.250000,1700.000000,0.000000,40.000000,1.744710,1.798742
0,-0.000045,0.034483,0.031250,0.076297,0.021047,502.694299,42.120000,81.283929,36.903622,40.641964,18.451811,150,70,0.034483,1300.000000,0.000000,40.000000,1.625685,0.000000
0,-0.004242,0.545455,0.333333,0.003343,0.312803,37.037037,1652.000000,60.000000,97.222222,30.000000,48.611111,320,10,0.545455,1300.000000,0.000000,30.000000,1.200000,1.944475
0,-0.000510,0.100000,0.062500,0.034399,0.323182,175.592593,1472.000000,89.927492,95.833333,44.963746,47.916667,290,230,0.100000,1300.000000,0.000000,40.000000,1.798553,1.916704
0,-0.001311,0.500000,0.250000,0.002826,0.109113,327.000000,900.000000,64.814815,89.936770,32.407407,44.968385,240,10,0.500000,1800.000000,0.000000,30.000000,1.296296,1.798742
0,0.000000,0.066667,0.066667,0.022334,0.102402,96.409972,900.000000,84.982061,89.205127,42.491031,44.602563,290,40,0.066667,1100.000000,0.000000,40.000000,1.699644,1.784109
0,0.000000,0.100000,0.100000,0.050034,0.009349,386.093750,101.555556,47.156541,82.436570,23.578270,41.218285,40,10,0.100000,1000.000000,0.000000,20.000000,0.943134,1.648732
0,-0.000111,0.076923,0.062500,10.628877,0.022616,6739.680000,658.240000,84.124349,48.529412,42.062175,24.264706,280,110,0.076923,1700.000000,0.000000,40.000000,1.691297,0.000000
0,-0.000083,0.066667,0.062500,1.250649,0.323182,2756.398148,1472.000000,87.689204,95.833333,43.844602,47.916667,320,180,0.066667,1200.000000,0.000000,40.000000,1.754069,1.916704
0,-0.000201,0.062500,0.050000,0.303751,0.154135,1695.729335,1320.125000,86.864578,100.000000,43.432289,50.000000,260,50,0.062500,1400.000000,0.000000,40.000000,1.737319,2.000009
0,0.000000,0.066667,0.066667,0.022334,0.102402,96.409972,900.000000,84.982061,89.205127,42.491031,44.602563,330,40,0.066667,1100.000000,0.000000,40.000000,1.699644,1.784109
0,-0.000083,0.066667,0.062500,1.250649,0.323182,2756.398148,1472.000000,87.689204,95.833333,43.844602,47.916667,230,180,0.066667,1200.000000,0.000000,40.000000,1.754069,1.916704
0,-0.000984,0.153846,0.333333,0.103942,0.312803,484.764668,1652.000000,50.000063,97.222222,25.000032,48.611111,160,10,0.461538,2400.000000,0.000000,25.000000,1.000013,1.944475
0,-0.000459,0.100000,0.050000,0.475756,0.154135,738.785467,1320.125000,89.059147,100.000000,44.529574,50.000000,290,280,0.100000,1700.000000,0.000000,40.000000,1.781337,2.000009
0,-0.000125,0.037037,0.022727,0.132199,1.534020,736.457500,13347.238185,92.121212,95.454545,46.060606,47.727273,310,120,0.037037,1800.000000,0.000000,45.000000,1.842437,1.909179
0,-0.000339,0.071429,0.050000,0.056407,0.154135,1110.442026,1320.125000,87.924287,100.000000,43.962143,50.000000,280,220,0.100000,1800.000000,0.000000,40.000000,1.758487,2.000009
0,0.000274,0.833333,0.772727,0.060172,1.565735,327.927500,14142.359375,95.833333,83.602505,47.916667,41.801253,110,10,0.851852,1900.000000,0.000000,45.000000,1.916673,1.672138
0,-0.000919,0.068182,0.022222,0.084842,1.490652,1050.460000,12758.120000,85.563232,82.358167,42.781616,41.179083,150,90,0.068182,1100.000000,0.000000,40.000000,1.711269,1.647254
0,-0.000556,0.473684,0.631579,0.003197,0.130890,60.620064,1051.578125,70.357843,90.826659,35.178922,45.413329,190,10,0.800000,1600.000000,0.000000,35.000000,1.407157,1.816541
0,-0.000556,0.473684,0.631579,0.003197,0.130890,60.620064,1051.578125,70.357843,90.826659,35.178922,45.413329,260,10,0.800000,1600.000000,0.000000,35.000000,1.407157,1.816541
0,-0.000011,0.095238,0.074074,0.113640,1.058298,618.452134,4556.710059,87.740347,87.681840,43.870174,43.840920,270,180,0.095238,1700.000000,0.000000,40.000000,1.754824,1.753762
0,-0.000125,0.037037,0.022727,0.132199,1.534020,736.457500,13347.238185,92.121212,95.454545,46.060606,47.727273,270,80,0.037037,1800.000000,0.000000,45.000000,1.842437,1.909179
0,-0.000125,0.037037,0.022727,0.132199,1.534020,736.457500,13347.238185,92.121212,95.454545,46.060606,47.727273,80,60,0.037037,1800.000000,0.000000,45.000000,1.842437,1.909179
0,-0.002218,0.500000,0.272727,0.016052,0.731648,65.777778,5760.000000,85.342059,39.974695,42.671030,19.987348,40,10,0.500000,1600.000000,0.000000,40.000000,1.706849,0.000000
0,-0.001311,0.500000,0.250000,0.002826,0.109113,327.000000,900.000000,64.814815,89.936770,32.407407,44.968385,170,10,0.500000,1800.000000,0.000000,30.000000,1.296296,1.798742
0,-0.000111,0.076923,0.062500,10.628877,0.022616,6739.680000,658.240000,84.124349,48.529412,42.062175,24.264706,150,110,0.076923,1700.000000,0.000000,40.000000,1.691297,0.000000
0,0.000000,1.000000,1.000000,0.009263,0.000000,77.369615,0.000000,92.857143,0.000000,46.428571,0.000000,40,10,1.000000,1600.000000,0.000000,45.000000,1.857144,0.000000
0,-0.000170,0.090909,0.062500,0.198906,0.022616,1697.381944,658.240000,77.175555,48.529412,38.587778,24.264706,160,10,0.090909,1900.000000,0.000000,35.000000,1.543523,0.000000
0,-0.000062,0.027778,0.022727,0.942002,1.534020,1991.729256,13347.238185,85.677452,95.454545,42.838726,47.727273,120,20,0.027778,1400.000000,0.000000,40.000000,1.713810,1.909179
0,-0.000510,0.100000,0.062500,0.034399,0.323182,175.592593,1472.000000,89.927492,95.833333,44.963746,47.916667,270,230,0.100000,1300.000000,0.000000,40.000000,1.798553,1.916704
0,-0.000083,0.066667,0.062500,1.250649,0.323182,2756.398148,1472.000000,87.689204,95.833333,43.844602,47.916667,330,180,0.066667,1200.000000,0.000000,40.000000,1.754069,1.916704
0,-0.000111,0.076923,0.062500,10.628877,0.022616,6739.680000,658.240000,84.124349,48.529412,42.062175,24.264706,310,110,0.076923,1700.000000,0.000000,40.000000,1.691297,0.000000
0,-0.000045,0.034483,0.031250,0.076297,0.021047,502.694299,42.120000,81.283929,36.903622,40.641964,18.451811,70,70,0.034483,1300.000000,0.000000,40.000000,1.625685,0.000000
0,-0.000125,0.037037,0.022727,0.132199,1.534020,736.457500,13347.238185,92.121212,95.454545,46.060606,47.727273,120,60,0.037037,1800.000000,0.000000,45.000000,1.842437,1.909179
0,0.000000,0.066667,0.066667,0.022334,0.102402,96.409972,900.000000,84.982061,89.205127,42.491031,44.602563,310,40,0.066667,1100.000000,0.000000,40.000000,1.699644,1.784109
0,-0.001051,0.461538,0.050000,0.886623,1.474022,567.000000,12780.000000,71.298701,85.454545,35.649351,42.727273,40,10,0.461538,2500.000000,0.000000,35.000000,1.426703,1.709176
0,-0.000459,0.100000,0.050000,0.475756,0.154135,738.785467,1320.125000,89.059147,100.000000,44.529574,50.000000,290,180,0.100000,1700.000000,0.000000,40.000000,1.781337,2.000009
0,-0.002144,0.666667,0.454545,0.025315,0.731648,43.591837,5760.000000,92.484916,39.974695,46.242458,19.987348,120,40,0.666667,1600.000000,0.000000,45.000000,1.849708,0.000000
0,-0.000277,0.066667,0.050000,0.034982,0.085401,1036.551020,441.046875,81.789004,37.806478,40.894502,18.903239,340,40,0.066667,1300.000000,0.000000,40.000000,1.635781,0.000000
0,-0.000061,0.076923,0.333333,0.088083,0.312803,214.374043,1652.000000,45.000063,97.222222,22.500032,48.611111,110,10,0.437500,2400.000000,0.000000,20.000000,0.900024,1.944475
0,0.006986,0.250000,0.909091,10.677156,0.011106,6529.500000,96.694215,67.457682,41.292245,33.728841,20.646123,120,110,0.909091,1700.000000,0.000000,30.000000,1.357989,0.000000
0,-0.000201,0.062500,0.050000,0.303751,0.154135,1695.729335,1320.125000,86.864578,100.000000,43.432289,50.000000,300,50,0.062500,1400.000000,0.000000,40.000000,1.737319,2.000009
0,-0.000201,0.062500,0.050000,0.303751,0.154135,1695.729335,1320.125000,86.864578,100.000000,43.432289,50.000000,210,50,0.062500,1400.000000,0.000000,40.000000,1.737319,2.000009
0,-0.000459,0.100000,0.050000,0.475756,0.154135,738.785467,1320.125000,89.059147,100.000000,44.529574,50.000000,290,250,0.100000,1700.000000,0.000000,40.000000,1.781337,2.000009
0,0.000000,0.250000,0.250000,0.012167,0.109113,43.785467,900.000000,87.235360,89.936770,43.617680,44.968385,270,20,0.250000,1700.000000,0.000000,40.000000,1.744710,1.798742
0,-0.000083,0.066667,0.062500,1.250649,0.323182,2756.398148,1472.000000,87.689204,95.833333,43.844602,47.916667,300,180,0.066667,1200.000000,0.000000,40.000000,1.754069,1.916704
0,-0.000061,0.076923,0.333333,0.088083,0.312803,214.374043,1652.000000,45.000063,97.222222,22.500032,48.611111,180,10,0.437500,2400.000000,0.000000,20.000000,0.900024,1.944475
0,-0.002370,0.192308,0.062500,0.036854,0.085401,1032.467975,441.046875,83.098395,37.806478,41.549197,18.903239,340,150,0.192308,1300.000000,0.000000,40.000000,1.661969,0.000000
0,0.000274,0.833333,0.772727,0.060172,1.565735,327.927500,14142.359375,95.833333,83.602505,47.916667,41.801253,70,10,0.851852,1900.000000,0.000000,45.000000,1.916673,1.672138
0,-0.000510,0.100000,0.062500,0.034399,0.323182,175.592593,1472.000000,89.927492,95.833333,44.963746,47.916667,310,230,0.100000,1300.000000,0.000000,40.000000,1.798553,1.916704
0,-0.000062,0.027778,0.022727,0.942002,1.534020,1991.729256,13347.238185,85.677452,95.454545,42.838726,47.727273,160,20,0.027778,1400.000000,0.000000,40.000000,1.713810,1.909179
0,0.000000,0.066667,0.066667,0.022334,0.102402,96.409972,900.000000,84.982061,89.205127,42.491031,44.602563,340,40,0.066667,1100.000000,0.000000,40.000000,1.699644,1.784109
0,0.000000,0.066667,0.066667,0.022334,0.102402,96.409972,900.000000,84.982061,89.205127,42.491031,44.602563,240,40,0.066667,1100.000000,0.000000,40.000000,1.699644,1.784109
0,0.000723,0.037037,0.083333,0.107652,1.505680,601.516012,15565.961938,84.378056,85.351886,42.189028,42.675943,100,80,0.090909,1800.000000,0.000000,40.000000,1.687571,1.707123
0,-0.000510,0.100000,0.062500,0.034399,0.323182,175.592593,1472.000000,89.927492,95.833333,44.963746,47.916667,320,230,0.100000,1300.000000,0.000000,40.000000,1.798553,1.916704
0,-0.000649,0.100000,0.050000,0.018864,1.474022,53.030400,12780.000000,82.587079,85.454545,41.293540,42.727273,40,30,0.400000,2600.000000,0.000000,40.000000,1.651746,1.709176
0,-0.000125,0.037037,0.022727,0.132199,1.534020,736.457500,13347.238185,92.121212,95.454545,46.060606,47.727273,200,80,0.037037,1800.000000,0.000000,45.000000,1.842437,1.909179
0,-0.000011,0.095238,0.074074,0.113640,1.058298,618.452134,4556.710059,87.740347,87.681840,43.870174,43.840920,270,250,0.095238,1700.000000,0.000000,40.000000,1.754824,1.753762
0,-0.000083,0.066667,0.062500,1.250649,0.323182,2756.398148,1472.000000,87.689204,95.833333,43.844602,47.916667,280,180,0.066667,1200.000000,0.000000,40.000000,1.754069,1.916704
0,0.000000,0.076923,0.076923,0.024446,1.120316,625.525556,5256.710059,73.672365,77.395695,36.836182,38.697848,310,110,0.076923,1300.000000,0.000000,35.000000,1.473448,1.548041
0,0.006836,0.285714,0.909091,0.017724,0.011106,132.937500,96.694215,68.526906,41.292245,34.263453,20.646123,100,10,0.909091,1900.000000,0.000000,30.000000,1.370540,0.000000
0,-0.000011,0.095238,0.074074,0.113640,1.058298,618.452134,4556.710059,87.740347,87.681840,43.870174,43.840920,280,270,0.095238,1700.000000,0.000000,40.000000,1.754824,1.753762
0,-0.000667,0.200000,0.166667,0.511421,1.887634,3516.750000,4451.000000,79.611208,84.284278,39.805604,42.142139,200,160,0.200000,1200.000000,0.000000,35.000000,1.592261,1.686103
0,-0.000113,0.045455,0.038462,0.053255,0.034044,424.111111,835.700617,92.307446,98.571429,46.153723,49.285714,260,230,0.045455,1300.000000,0.000000,45.000000,1.846152,1.971430
0,-0.000113,0.045455,0.038462,0.053255,0.034044,424.111111,835.700617,92.307446,98.571429,46.153723,49.285714,260,200,0.045455,1300.000000,0.000000,45.000000,1.846152,1.971430
0,-0.000113,0.045455,0.038462,0.053255,0.034044,424.111111,835.700617,92.307446,98.571429,46.153723,49.285714,360,260,0.045455,1300.000000,0.000000,45.000000,1.846152,1.971430
0,-0.000113,0.045455,0.038462,0.053255,0.034044,424.111111,835.700617,92.307446,98.571429,46.153723,49.285714,330,260,0.045455,1300.000000,0.000000,45.000000,1.846152,1.971430
0,0.001088,0.222222,0.642857,0.042980,0.406828,331.750000,3622.222222,67.710077,78.044560,33.855039,39.022280,100,10,0.750000,2200.000000,0.000000,30.000000,1.354205,1.560914
0,0.000000,0.250000,0.250000,0.030561,0.600468,249.892857,886.000000,82.500000,78.332934,41.250000,39.166467,400,110,0.250000,1000.000000,0.000000,40.000000,1.650002,1.566985
0,-0.000667,0.200000,0.166667,0.037401,0.068954,109.360000,811.750000,83.203934,89.996648,41.601967,44.998324,70,40,0.200000,1600.000000,0.000000,40.000000,1.664088,1.799936
0,-0.000777,0.166667,0.097561,0.519491,0.608563,1898.000000,1086.000000,68.292969,78.329981,34.146484,39.164991,120,10,0.210526,2200.000000,0.000000,30.000000,1.365932,1.566926
0,0.000000,0.062500,0.062500,0.471705,0.073852,597.500000,782.419753,95.263138,96.875000,47.631569,48.437500,360,60,0.062500,1000.000000,0.000000,45.000000,1.905481,1.937503
0,-0.000589,0.352941,0.304348,0.013761,0.049933,133.673469,715.976331,78.401321,81.045566,39.200661,40.522783,140,80,0.352941,1500.000000,0.000000,35.000000,1.568027,1.620913
0,0.001554,0.166667,0.357143,0.030561,0.061665,61.360000,708.000000,80.697657,81.396571,40.348829,40.698285,70,40,0.416667,1600.000000,0.000000,40.000000,1.613962,1.627934
0,0.001120,0.083333,0.133333,1.126634,0.106548,6451.320000,881.347656,80.808740,40.389079,40.404370,20.194539,300,260,0.133333,1500.000000,0.000000,40.000000,1.616273,0.000000
0,0.000844,0.050000,0.090909,0.157003,0.561734,741.799308,486.000000,94.453983,38.333333,47.226992,19.166667,350,50,0.090909,1500.000000,0.000000,45.000000,1.889097,0.000000
0,-0.000385,0.111111,0.071429,0.110849,0.382126,471.750000,3233.972222,76.920330,88.047912,38.460165,44.023956,180,100,0.111111,2200.000000,0.000000,35.000000,1.538423,1.760981
0,-0.000777,0.166667,0.097561,0.519491,0.608563,1898.000000,1086.000000,68.292969,78.329981,34.146484,39.164991,250,10,0.210526,2200.000000,0.000000,30.000000,1.365932,1.566926
0,0.000000,0.666667,0.666667,0.094280,0.196344,655.000000,1921.000000,85.263138,89.997410,42.631569,44.998705,210,190,0.666667,1000.000000,0.000000,40.000000,1.705270,1.799958
0,0.002951,0.500000,0.500000,0.003673,0.099286,70.694444,951.578125,60.210306,80.951186,30.105153,40.475593,30,10,0.500000,1800.000000,0.000000,30.000000,1.204206,1.619029
0,0.000000,0.200000,0.200000,0.061516,0.037432,491.355030,831.560000,78.897165,78.547254,39.448583,39.273627,370,10,0.200000,1200.000000,0.000000,35.000000,1.577948,1.570947
0,-0.000286,0.142857,0.125000,0.098775,0.063167,586.416667,289.000000,49.253234,46.875000,24.626617,23.437500,300,10,0.142857,1400.000000,0.000000,20.000000,0.985073,0.000000
0,-0.000120,0.187500,0.192308,0.006454,0.046829,77.326531,600.000000,68.866543,39.996648,34.433272,19.998324,40,10,0.222222,2200.000000,0.000000,30.000000,1.377331,0.000000
0,-0.000038,0.062500,0.062500,0.243070,0.073852,22122.988522,782.419753,83.300499,96.875000,41.650249,48.437500,310,140,0.066667,1700.000000,0.000000,40.000000,1.666053,1.937503
0,0.003660,0.111111,0.409091,0.067869,0.068954,212.000000,811.750000,64.756871,89.996648,32.378435,44.998324,180,10,0.409091,2200.000000,0.000000,30.000000,1.295150,1.799936
0,-0.000038,0.062500,0.062500,0.370038,0.073852,22122.988522,782.419753,83.300499,96.875000,41.650249,48.437500,310,40,0.066667,1700.000000,0.000000,40.000000,1.666284,1.937503
0,0.000000,0.083333,0.083333,0.406652,0.048826,2014.469388,1954.361059,78.958542,39.895341,39.479271,19.947671,190,90,0.083333,1100.000000,0.000000,35.000000,1.579268,0.000000
0,0.000800,0.040000,0.080000,0.205651,0.622286,412.981698,1037.578125,85.625000,79.284919,42.812500,39.642460,390,80,0.080000,1100.000000,0.000000,40.000000,1.712602,1.586026
0,-0.000667,0.200000,0.166667,0.025584,2.592079,173.752066,3969.000000,81.051151,41.868798,40.525575,20.934399,50,40,0.200000,1700.000000,0.000000,40.000000,1.621025,0.000000
0,0.000000,0.250000,0.250000,0.030561,0.600468,249.892857,886.000000,82.500000,78.332934,41.250000,39.166467,370,110,0.250000,1000.000000,0.000000,40.000000,1.650002,1.566985
0,0.000000,0.250000,0.250000,0.030561,0.600468,249.892857,886.000000,82.500000,78.332934,41.250000,39.166467,270,110,0.250000,1000.000000,0.000000,40.000000,1.650002,1.566985
0,0.000000,0.666667,0.666667,0.473533,0.196344,655.000000,1921.000000,85.263138,89.997410,42.631569,44.998705,190,60,0.666667,1000.000000,0.000000,40.000000,1.705481,1.799958
0,-0.000172,0.058824,0.045455,0.073726,0.025230,477.204082,327.726331,81.986356,91.048918,40.993178,45.524459,250,140,0.058824,1500.000000,0.000000,40.000000,1.639733,1.820980
0,-0.000478,0.066667,0.031250,0.036536,0.106548,252.009722,881.347656,81.263321,40.389079,40.631661,20.194539,210,10,0.066667,2000.000000,0.000000,40.000000,1.625270,0.000000
0,0.000000,0.666667,0.666667,0.094280,0.196344,655.000000,1921.000000,85.263138,89.997410,42.631569,44.998705,190,110,0.666667,1000.000000,0.000000,40.000000,1.705270,1.799958
0,-0.001854,0.260870,0.066667,0.002357,0.017576,97.494167,537.890625,80.744058,38.867392,40.372029,19.433696,20,10,0.300000,2000.000000,0.000000,40.000000,1.614881,0.000000
0,0.000000,0.571429,0.571429,0.002836,0.000000,32.000000,0.000000,52.309910,0.000000,26.154955,0.000000,30,10,0.571429,1200.000000,0.000000,25.000000,1.046198,0.000000
0,0.000800,0.040000,0.080000,0.205651,0.622286,412.981698,1037.578125,85.625000,79.284919,42.812500,39.642460,360,80,0.080000,1100.000000,0.000000,40.000000,1.712602,1.586026
0,0.000000,0.500000,0.500000,0.439331,0.118844,918.777778,513.777778,75.360695,40.606271,37.680348,20.303135,90,90,0.500000,1100.000000,0.000000,35.000000,1.507319,0.000000
0,0.000000,1.000000,1.000000,0.026817,0.070146,296.604938,720.000000,87.500000,89.363862,43.750000,44.681931,90,10,1.000000,1200.000000,0.000000,40.000000,1.750002,1.787281
0,0.000385,0.250000,0.400000,0.000000,0.053218,63.000000,652.900000,27.773309,82.994477,13.886654,41.497239,10,10,0.444444,2200.000000,0.000000,10.000000,0.555466,1.659892
0,-0.000038,0.062500,0.062500,0.370038,0.073852,22122.988522,782.419753,83.300499,96.875000,41.650249,48.437500,290,40,0.066667,1700.000000,0.000000,40.000000,1.666284,1.937503
0,-0.002068,0.250000,0.266667,0.052926,0.044372,835.992000,911.560000,78.373823,89.183392,39.186911,44.591696,290,10,0.500000,2000.000000,0.000000,35.000000,1.567478,1.783670
0,0.000000,1.000000,1.000000,0.026817,0.070146,296.604938,720.000000,87.500000,89.363862,43.750000,44.681931,190,10,1.000000,1200.000000,0.000000,40.000000,1.750002,1.787281
0,0.000000,0.250000,0.250000,0.030561,0.600468,249.892857,886.000000,82.500000,78.332934,41.250000,39.166467,240,110,0.250000,1000.000000,0.000000,40.000000,1.650002,1.566985
0,0.000000,1.000000,1.000000,0.464410,0.070146,575.000000,720.000000,87.731523,89.363862,43.865761,44.681931,60,30,1.000000,1000.000000,0.000000,40.000000,1.754848,1.787281
0,-0.002000,1.000000,0.875000,0.164388,0.510099,273.142857,1200.000000,44.168287,37.301196,22.084144,18.650598,180,10,1.000000,1400.000000,0.000000,20.000000,0.883418,0.000000
0,0.000844,0.050000,0.090909,0.157003,0.561734,741.799308,486.000000,94.453983,38.333333,47.226992,19.166667,220,50,0.090909,1500.000000,0.000000,45.000000,1.889097,0.000000
0,0.000000,0.062500,0.062500,0.471705,0.073852,597.500000,782.419753,95.263138,96.875000,47.631569,48.437500,340,60,0.062500,1000.000000,0.000000,45.000000,1.905481,1.937503
0,0.000000,0.083333,0.083333,0.471923,4.344999,967.750000,8606.250000,70.479743,35.882251,35.239871,17.941125,200,90,0.083333,1100.000000,0.000000,35.000000,1.409710,0.000000
0,-0.000172,0.076923,0.062500,0.087622,0.046829,114.080000,600.000000,63.776804,39.996648,31.888402,19.998324,80,20,0.076923,1500.000000,0.000000,30.000000,1.275597,0.000000
0,0.000000,0.266667,0.266667,0.488386,0.044372,703.690000,911.560000,86.542219,89.183392,43.271109,44.591696,390,60,0.266667,1000.000000,0.000000,40.000000,1.731064,1.783670
0,0.000000,0.062500,0.062500,0.471705,0.073852,597.500000,782.419753,95.263138,96.875000,47.631569,48.437500,380,60,0.062500,1000.000000,0.000000,45.000000,1.905481,1.937503
0,0.000844,0.050000,0.090909,0.157003,0.561734,741.799308,486.000000,94.453983,38.333333,47.226992,19.166667,190,50,0.090909,1500.000000,0.000000,45.000000,1.889097,0.000000
0,-0.001246,0.142857,0.181818,0.005198,0.000000,60.981151,0.000000,48.120694,0.000000,24.060347,0.000000,20,10,0.583333,1900.000000,0.000000,20.000000,0.962414,0.000000
0,-0.000181,0.166667,0.125000,0.000000,0.317034,47.687500,2535.406250,55.833333,39.622638,27.916667,19.811319,10,10,0.166667,2100.000000,0.000000,25.000000,1.116667,0.000000
0,-0.000038,0.062500,0.062500,0.370038,0.073852,22122.988522,782.419753,83.300499,96.875000,41.650249,48.437500,270,40,0.066667,1700.000000,0.000000,40.000000,1.666284,1.937503
0,0.000457,0.333333,0.375000,0.038365,0.004426,210.040000,64.000000,50.909086,40.000000,25.454543,20.000000,100,10,0.375000,2100.000000,0.000000,25.000000,1.018186,0.000000
0,0.000844,0.050000,0.090909,0.157003,0.561734,741.799308,486.000000,94.453983,38.333333,47.226992,19.166667,320,50,0.090909,1500.000000,0.000000,45.000000,1.889097,0.000000
0,-0.000777,0.166667,0.097561,0.519491,0.608563,1898.000000,1086.000000,68.292969,78.329981,34.146484,39.164991,280,10,0.210526,2200.000000,0.000000,30.000000,1.365932,1.566926
0,-0.000038,0.062500,0.062500,0.243070,0.073852,22122.988522,782.419753,83.300499,96.875000,41.650249,48.437500,270,140,0.066667,1700.000000,0.000000,40.000000,1.666053,1.937503
0,-0.002377,0.333333,0.266667,0.082377,0.044372,833.992000,911.560000,75.988378,89.183392,37.994189,44.591696,290,110,0.500000,2000.000000,0.000000,35.000000,1.519787,1.783670
0,-0.000038,0.062500,0.062500,0.243070,0.073852,22122.988522,782.419753,83.300499,96.875000,41.650249,48.437500,290,140,0.066667,1700.000000,0.000000,40.000000,1.666053,1.937503
0,-0.000309,0.090909,0.071429,0.018300,0.363104,147.610969,3138.198554,81.110330,79.096829,40.555165,39.548415,170,140,0.090909,1500.000000,0.000000,40.000000,1.622208,1.581958
0,0.000800,0.040000,0.080000,0.205651,0.622286,412.981698,1037.578125,85.625000,79.284919,42.812500,39.642460,230,80,0.080000,1100.000000,0.000000,40.000000,1.712602,1.586026
0,-0.000777,0.166667,0.097561,0.519491,0.608563,1898.000000,1086.000000,68.292969,78.329981,34.146484,39.164991,150,10,0.210526,2200.000000,0.000000,30.000000,1.365932,1.566926
0,0.000800,0.040000,0.080000,0.205651,0.622286,412.981698,1037.578125,85.625000,79.284919,42.812500,39.642460,260,80,0.080000,1100.000000,0.000000,40.000000,1.712602,1.586026
0,0.000000,0.040000,0.040000,0.033618,0.060552,184.496851,551.578125,75.851157,40.951586,37.925578,20.475793,110,90,0.040000,1000.000000,0.000000,35.000000,1.517028,0.000000
0,0.005105,0.434783,0.666667,0.187630,0.030557,432.089722,486.000000,88.690799,50.000000,44.345399,25.000000,270,10,0.818182,2100.000000,0.000000,40.000000,1.773861,0.000000
0,0.005236,0.090909,0.416667,0.136721,0.030557,321.117500,486.000000,74.223374,50.000000,37.111687,25.000000,250,120,0.416667,1300.000000,0.000000,35.000000,1.484507,0.000000
0,-0.000266,0.066667,0.045455,0.032336,0.286648,261.000000,6194.444444,91.106642,86.148642,45.553321,43.074321,200,170,0.066667,1500.000000,0.000000,45.000000,1.822135,1.722980
0,-0.000776,0.727273,0.666667,0.089580,0.000000,168.795918,0.000000,68.306142,0.000000,34.153071,0.000000,120,90,0.727273,1300.000000,0.000000,30.000000,1.366155,0.000000
0,-0.004889,0.363636,0.047619,0.276704,0.271943,477.468112,5920.194444,76.810203,86.148642,38.405102,43.074321,220,130,0.400000,1900.000000,0.000000,35.000000,1.536284,1.722979
0,0.000259,0.090909,0.111111,0.098533,0.534677,635.090072,2100.000000,91.215839,83.098969,45.607920,41.549485,220,100,0.111111,1300.000000,0.000000,45.000000,1.824325,1.662097
0,0.000897,0.250000,0.500000,1.351440,0.349013,7362.930556,1300.000000,80.365430,36.922944,40.182715,18.461472,190,80,0.538462,1900.000000,0.000000,40.000000,1.607433,0.000000
0,0.000259,0.090909,0.111111,0.098533,0.534677,635.090072,2100.000000,91.215839,83.098969,45.607920,41.549485,100,60,0.111111,1300.000000,0.000000,45.000000,1.824325,1.662097
0,0.000000,0.142857,0.142857,0.048180,0.000000,519.751111,0.000000,81.080207,0.000000,40.540104,0.000000,100,80,0.142857,1000.000000,0.000000,40.000000,1.621606,0.000000
0,0.005105,0.434783,0.666667,0.187630,0.030557,432.089722,486.000000,88.690799,50.000000,44.345399,25.000000,170,10,0.818182,2100.000000,0.000000,40.000000,1.773861,0.000000
0,0.000000,0.500000,0.500000,1.046845,0.038058,2542.280000,611.750000,36.281123,90.000000,18.140561,45.000000,300,10,0.500000,1100.000000,0.000000,15.000000,0.725839,1.800001
0,0.000455,0.727273,0.750000,0.040057,0.494843,504.173728,989.000000,55.837523,78.410464,27.918762,39.205232,70,10,0.750000,1200.000000,0.000000,25.000000,1.116752,1.568337
0,0.000000,1.000000,1.000000,0.426185,0.000000,3312.000000,0.000000,68.491818,0.000000,34.245909,0.000000,220,10,1.000000,1600.000000,0.000000,30.000000,1.369865,0.000000
0,0.000000,0.166667,0.166667,0.011478,0.036243,40.164201,429.787037,73.451129,90.838784,36.725565,45.419392,110,80,0.166667,1000.000000,0.000000,35.000000,1.469025,1.816777
0,0.000000,0.166667,0.166667,0.008539,0.004825,88.000000,54.000000,53.352413,41.663313,26.676207,20.831657,180,10,0.166667,1000.000000,0.000000,25.000000,1.067049,0.000000
0,0.005236,0.090909,0.416667,0.136721,0.030557,321.117500,486.000000,74.223374,50.000000,37.111687,25.000000,350,120,0.416667,1300.000000,0.000000,35.000000,1.484507,0.000000
0,0.000797,0.666667,0.523810,0.064354,0.036243,418.843112,429.787037,56.890638,90.838784,28.445319,45.419392,240,10,0.666667,1700.000000,0.000000,25.000000,1.137818,1.816777
0,-0.000266,0.066667,0.045455,0.032336,0.286648,261.000000,6194.444444,91.106642,86.148642,45.553321,43.074321,360,170,0.066667,1500.000000,0.000000,45.000000,1.822135,1.722980
0,0.000455,0.727273,0.750000,0.040057,0.494843,504.173728,989.000000,55.837523,78.410464,27.918762,39.205232,230,10,0.750000,1200.000000,0.000000,25.000000,1.116752,1.568337
0,-0.000488,0.333333,0.285714,0.013815,0.037239,67.666667,401.111111,81.727986,40.993967,40.863993,20.496983,40,30,0.333333,1500.000000,0.000000,40.000000,1.634561,0.000000
0,-0.000027,0.041667,0.038462,0.134048,0.392207,846.537190,700.000000,72.924590,42.857143,36.462295,21.428571,100,20,0.041667,1700.000000,0.000000,35.000000,1.458502,0.000000
0,0.005191,0.200000,0.428571,0.000312,0.349013,182.720000,1300.000000,65.000067,36.922944,32.500033,18.461472,110,10,0.428571,1600.000000,0.000000,30.000000,1.300001,0.000000
0,0.000000,0.250000,0.250000,0.010940,0.042597,36.164201,618.037037,67.770438,80.838784,33.885219,40.419392,80,20,0.250000,1000.000000,0.000000,30.000000,1.355411,1.616777
0,-0.002184,0.142857,0.055556,0.012623,0.060288,120.409722,731.250000,81.631975,41.538338,40.815988,20.769169,110,10,0.400000,2100.000000,0.000000,40.000000,1.632641,0.000000
0,0.005236,0.090909,0.416667,0.136721,0.030557,321.117500,486.000000,74.223374,50.000000,37.111687,25.000000,220,120,0.416667,1300.000000,0.000000,35.000000,1.484507,0.000000
0,-0.000081,0.062500,0.038462,0.148181,0.392207,200.576531,700.000000,37.934322,42.857143,18.967161,21.428571,90,10,0.062500,2600.000000,0.000000,15.000000,0.758755,0.000000
0,0.005105,0.434783,0.666667,0.187630,0.030557,432.089722,486.000000,88.690799,50.000000,44.345399,25.000000,300,10,0.818182,2100.000000,0.000000,40.000000,1.773861,0.000000
0,-0.000496,0.727273,0.666667,0.026621,0.410560,459.221111,908.333333,58.826221,83.625571,29.413111,41.812786,200,10,0.727273,1500.000000,0.000000,25.000000,1.176525,1.672622
0,0.000000,0.571429,0.571429,0.285927,0.018371,2019.901235,1643.410431,78.683287,38.915074,39.341643,19.457537,320,50,0.571429,1300.000000,0.000000,35.000000,1.573686,0.000000
0,0.005105,0.434783,0.666667,0.187630,0.030557,432.089722,486.000000,88.690799,50.000000,44.345399,25.000000,140,10,0.818182,2100.000000,0.000000,40.000000,1.773861,0.000000
0,-0.000266,0.066667,0.045455,0.032336,0.286648,261.000000,6194.444444,91.106642,86.148642,45.553321,43.074321,230,170,0.066667,1500.000000,0.000000,45.000000,1.822135,1.722980
0,0.005236,0.090909,0.416667,0.136721,0.030557,321.117500,486.000000,74.223374,50.000000,37.111687,25.000000,380,120,0.416667,1300.000000,0.000000,35.000000,1.484507,0.000000
0,-0.000152,0.090909,0.083333,0.004322,0.120991,53.320000,497.333333,49.715810,76.321749,24.857905,38.160875,40,10,0.090909,1200.000000,0.000000,20.000000,0.994316,1.526454
0,-0.001463,1.000000,0.857143,0.024986,0.064446,167.370370,917.737024,49.713853,39.229934,24.856927,19.614967,250,10,1.000000,1700.000000,0.000000,20.000000,0.994279,0.000000
0,-0.000496,0.727273,0.666667,0.026621,0.410560,459.221111,908.333333,58.826221,83.625571,29.413111,41.812786,40,10,0.727273,1500.000000,0.000000,25.000000,1.176525,1.672622
0,-0.000266,0.066667,0.045455,0.032336,0.286648,261.000000,6194.444444,91.106642,86.148642,45.553321,43.074321,330,170,0.066667,1500.000000,0.000000,45.000000,1.822135,1.722980
0,0.000000,0.111111,0.111111,0.185681,0.088802,1344.960000,657.518519,58.000000,91.506012,29.000000,45.753006,100,10,0.111111,1000.000000,0.000000,25.000000,1.160013,1.830126
0,0.000000,1.000000,1.000000,0.015651,0.103449,82.891156,733.495868,45.786603,81.974926,22.893302,40.987463,270,10,1.000000,1000.000000,0.000000,20.000000,0.915734,1.639506
0,0.000147,0.714286,0.538462,2.262654,0.045675,15025.750000,382.419753,69.300433,50.000000,34.650217,25.000000,250,40,0.714286,2500.000000,0.000000,30.000000,1.386214,0.000000
0,0.000000,0.111111,0.111111,0.010838,0.204353,98.968750,2149.470588,50.857143,80.256374,25.428572,40.128187,190,10,0.111111,1000.000000,0.000000,25.000000,1.017144,1.605138
0,0.000000,0.111111,0.111111,0.185681,0.088802,1344.960000,657.518519,58.000000,91.506012,29.000000,45.753006,390,10,0.111111,1000.000000,0.000000,25.000000,1.160013,1.830126
0,0.000147,0.714286,0.538462,2.262654,0.045675,15025.750000,382.419753,69.300433,50.000000,34.650217,25.000000,230,40,0.714286,2500.000000,0.000000,30.000000,1.386214,0.000000
0,-0.000071,0.083333,0.086957,0.027941,0.218291,213.406250,759.927500,79.997878,92.105263,39.998939,46.052632,240,120,0.117647,2200.000000,0.000000,35.000000,1.599959,1.842138
0,0.000000,0.055556,0.055556,0.201332,0.037312,1387.851156,313.014386,87.786603,90.468914,43.893302,45.234457,430,270,0.055556,1000.000000,0.000000,40.000000,1.755747,1.809381
0,0.002542,0.117647,0.500000,0.536461,0.377302,1666.413223,652.937500,68.585162,83.333312,34.292581,41.666656,230,160,0.500000,1800.000000,0.000000,30.000000,1.371826,1.666782
0,0.000000,0.055556,0.055556,0.201332,0.037312,1387.851156,313.014386,87.786603,90.468914,43.893302,45.234457,390,270,0.055556,1000.000000,0.000000,40.000000,1.755747,1.809381
0,0.000147,0.714286,0.538462,2.262654,0.045675,15025.750000,382.419753,69.300433,50.000000,34.650217,25.000000,210,40,0.714286,2500.000000,0.000000,30.000000,1.386214,0.000000
0,0.000000,0.111111,0.111111,0.185681,0.088802,1344.960000,657.518519,58.000000,91.506012,29.000000,45.753006,430,10,0.111111,1000.000000,0.000000,25.000000,1.160013,1.830126
0,0.000000,0.086957,0.086957,0.180811,0.086101,899.698980,787.635561,78.261070,90.292798,39.130535,45.146399,320,230,0.086957,1100.000000,0.000000,35.000000,1.565244,1.805861
0,0.000000,0.055556,0.055556,0.201332,0.037312,1387.851156,313.014386,87.786603,90.468914,43.893302,45.234457,320,270,0.055556,1000.000000,0.000000,40.000000,1.755747,1.809381
0,-0.000357,0.142857,0.125000,0.008653,0.005308,78.880000,40.899408,79.361439,40.706873,39.680719,20.353436,70,30,0.142857,1100.000000,0.000000,35.000000,1.587229,0.000000
0,0.000000,0.111111,0.111111,0.185681,0.088802,1344.960000,657.518519,58.000000,91.506012,29.000000,45.753006,320,10,0.111111,1000.000000,0.000000,25.000000,1.160013,1.830126
0,0.000000,0.055556,0.055556,0.201332,0.037312,1387.851156,313.014386,87.786603,90.468914,43.893302,45.234457,270,180,0.055556,1000.000000,0.000000,40.000000,1.755747,1.809381
0,0.000000,0.142857,0.142857,0.486477,0.213255,4368.000000,706.990000,48.040262,42.105263,24.020131,21.052632,320,10,0.142857,1400.000000,0.000000,20.000000,0.960832,0.000000
0,-0.000379,0.125000,0.076923,0.276947,0.196756,856.500000,1675.183391,64.578828,40.343027,32.289414,20.171514,300,80,0.125000,2100.000000,0.000000,30.000000,1.291621,0.000000
0,0.000000,0.055556,0.055556,0.201332,0.037312,1387.851156,313.014386,87.786603,90.468914,43.893302,45.234457,270,100,0.055556,1000.000000,0.000000,40.000000,1.755747,1.809381
0,0.000000,1.000000,1.000000,0.047559,0.005036,358.250000,52.937500,50.195199,50.000000,25.097599,25.000000,200,10,1.000000,1400.000000,0.000000,25.000000,1.003907,0.000000
0,0.000000,0.111111,0.111111,0.185681,0.088802,1344.960000,657.518519,58.000000,91.506012,29.000000,45.753006,180,10,0.111111,1000.000000,0.000000,25.000000,1.160013,1.830126
0,-0.000019,0.235294,0.240000,0.262394,0.125350,2019.126594,1014.000000,84.919853,50.000000,42.459927,25.000000,340,140,0.263158,1800.000000,0.000000,40.000000,1.698414,0.000000
0,-0.000293,0.210526,0.173913,0.349664,0.171100,2224.923580,1449.814815,86.666245,90.952381,43.333122,45.476190,180,60,0.210526,1600.000000,0.000000,40.000000,1.733352,1.819058
0,-0.000156,0.041667,0.023256,0.706452,0.136662,4113.249256,1135.759810,87.807777,98.000000,43.903889,49.000000,240,150,0.041667,1900.000000,0.000000,40.000000,1.756348,1.960008
0,-0.000683,0.400000,0.333333,0.343256,0.177673,2342.913580,1500.000000,60.063238,90.000000,30.031619,45.000000,360,10,0.400000,1600.000000,0.000000,30.000000,1.201292,1.800011
0,0.000000,0.083333,0.083333,0.070369,0.070985,2103.104167,485.000000,77.225313,100.000000,38.612656,50.000000,230,20,0.083333,1000.000000,0.000000,35.000000,1.544515,2.000005
0,-0.000156,0.041667,0.023256,0.706452,0.136662,4113.249256,1135.759810,87.807777,98.000000,43.903889,49.000000,350,150,0.041667,1900.000000,0.000000,40.000000,1.756348,1.960008
0,0.000000,0.555556,0.555556,0.270503,0.307156,1884.781111,2814.000000,89.748721,90.000000,44.874361,45.000000,240,190,0.555556,1000.000000,0.000000,40.000000,1.794994,1.800017
0,0.000314,0.054054,0.069767,0.628533,0.166135,4075.051745,1500.000000,100.000000,100.000000,50.000000,50.000000,410,260,0.069767,1100.000000,0.000000,50.000000,2.000049,2.000009
0,0.000000,0.333333,0.333333,0.269504,0.160312,1978.119792,1086.000000,86.904762,93.750000,43.452381,46.875000,250,160,0.333333,1800.000000,0.000000,40.000000,1.738115,1.875016
0,0.000314,0.054054,0.069767,0.628533,0.166135,4075.051745,1500.000000,100.000000,100.000000,50.000000,50.000000,420,410,0.069767,1100.000000,0.000000,50.000000,2.000049,2.000009
0,0.000314,0.054054,0.069767,0.628533,0.166135,4075.051745,1500.000000,100.000000,100.000000,50.000000,50.000000,410,290,0.069767,1100.000000,0.000000,50.000000,2.000049,2.000009
0,-0.000293,0.210526,0.173913,0.349664,0.171100,2224.923580,1449.814815,86.666245,90.952381,43.333122,45.476190,360,60,0.210526,1600.000000,0.000000,40.000000,1.733352,1.819058
0,0.000000,0.555556,0.555556,0.270503,0.307156,1884.781111,2814.000000,89.748721,90.000000,44.874361,45.000000,420,190,0.555556,1000.000000,0.000000,40.000000,1.794994,1.800017
0,-0.000156,0.041667,0.023256,0.706452,0.136662,4113.249256,1135.759810,87.807777,98.000000,43.903889,49.000000,350,330,0.041667,1900.000000,0.000000,40.000000,1.756348,1.960008
0,-0.000156,0.041667,0.023256,0.797088,0.136662,4113.249256,1135.759810,87.807777,98.000000,43.903889,49.000000,330,20,0.041667,1900.000000,0.000000,40.000000,1.756401,1.960008
0,0.000314,0.054054,0.069767,0.628533,0.166135,4075.051745,1500.000000,100.000000,100.000000,50.000000,50.000000,420,230,0.069767,1100.000000,0.000000,50.000000,2.000049,2.000009
0,-0.000156,0.041667,0.023256,0.706452,0.136662,4113.249256,1135.759810,87.807777,98.000000,43.903889,49.000000,310,150,0.041667,1900.000000,0.000000,40.000000,1.756348,1.960008
0,0.000000,0.333333,0.333333,0.269504,0.160312,1978.119792,1086.000000,86.904762,93.750000,43.452381,46.875000,210,160,0.333333,1800.000000,0.000000,40.000000,1.738115,1.875016
0,0.000314,0.054054,0.069767,0.628533,0.166135,4075.051745,1500.000000,100.000000,100.000000,50.000000,50.000000,410,390,0.069767,1100.000000,0.000000,50.000000,2.000049,2.000009
0,-0.000258,0.090909,0.071429,0.688570,0.137533,3862.822314,1139.000000,87.128319,100.000000,43.564160,50.000000,140,30,0.090909,2000.000000,0.000000,40.000000,1.742629,2.000008
0,-0.000156,0.041667,0.023256,0.706452,0.136662,4113.249256,1135.759810,87.807777,98.000000,43.903889,49.000000,330,100,0.041667,1900.000000,0.000000,40.000000,1.756348,1.960008
0,-0.000258,0.090909,0.071429,0.688570,0.137533,3862.822314,1139.000000,87.128319,100.000000,43.564160,50.000000,320,30,0.090909,2000.000000,0.000000,40.000000,1.742629,2.000008
0,-0.000156,0.041667,0.023256,0.706452,0.136662,4113.249256,1135.759810,87.807777,98.000000,43.903889,49.000000,150,100,0.041667,1900.000000,0.000000,40.000000,1.756348,1.960008
0,-0.000156,0.041667,0.023256,0.797088,0.136662,4113.249256,1135.759810,87.807777,98.000000,43.903889,49.000000,150,20,0.041667,1900.000000,0.000000,40.000000,1.756401,1.960008
0,-0.000019,0.235294,0.240000,0.262394,0.125350,2019.126594,1014.000000,84.919853,50.000000,42.459927,25.000000,160,140,0.263158,1800.000000,0.000000,40.000000,1.698414,0.000000
0,0.000314,0.054054,0.069767,0.628533,0.166135,4075.051745,1500.000000,100.000000,100.000000,50.000000,50.000000,260,230,0.069767,1100.000000,0.000000,50.000000,2.000049,2.000009
0,0.000000,0.333333,0.333333,0.269504,0.160312,1978.119792,1086.000000,86.904762,93.750000,43.452381,46.875000,340,210,0.333333,1800.000000,0.000000,40.000000,1.738115,1.875016
0,-0.000683,0.400000,0.333333,0.343256,0.177673,2342.913580,1500.000000,60.063238,90.000000,30.031619,45.000000,180,10,0.400000,1600.000000,0.000000,30.000000,1.201292,1.800011
0,-0.000156,0.041667,0.023256,0.706452,0.136662,4113.249256,1135.759810,87.807777,98.000000,43.903889,49.000000,330,240,0.041667,1900.000000,0.000000,40.000000,1.756348,1.960008
0,-0.000947,0.750000,0.611111,0.002779,0.125350,2847.960000,1014.000000,65.368421,50.000000,32.684211,25.000000,150,10,0.750000,1900.000000,0.000000,30.000000,1.307368,0.000000
0,0.000000,0.500000,0.500000,1.217841,0.255191,6939.000000,1024.000000,79.711785,38.107936,39.855893,19.053968,210,60,0.500000,1100.000000,0.000000,35.000000,1.594343,0.000000
0,-0.000156,0.041667,0.023256,0.211138,0.137533,3684.930000,1139.000000,83.822941,100.000000,41.911470,50.000000,330,140,0.041667,1900.000000,0.000000,40.000000,1.676484,2.000008
0,-0.000156,0.041667,0.023256,0.211138,0.137533,3684.930000,1139.000000,83.822941,100.000000,41.911470,50.000000,150,140,0.041667,1900.000000,0.000000,40.000000,1.676484,2.000008
0,0.000000,0.333333,0.333333,0.269504,0.160312,1978.119792,1086.000000,86.904762,93.750000,43.452381,46.875000,340,250,0.333333,1800.000000,0.000000,40.000000,1.738115,1.875016
0,-0.000047,0.027027,0.024390,0.187782,0.136003,3469.555556,2932.315200,80.747977,90.321861,40.373988,45.160931,370,210,0.027027,1200.000000,0.000000,40.000000,1.614970,1.806441
0,-0.000947,0.750000,0.611111,0.002779,0.125350,2847.960000,1014.000000,65.368421,50.000000,32.684211,25.000000,330,10,0.750000,1900.000000,0.000000,30.000000,1.307368,0.000000
0,0.000314,0.054054,0.069767,0.628533,0.166135,4075.051745,1500.000000,100.000000,100.000000,50.000000,50.000000,390,230,0.069767,1100.000000,0.000000,50.000000,2.000049,2.000009
0,-0.000156,0.041667,0.023256,0.706452,0.136662,4113.249256,1135.759810,87.807777,98.000000,43.903889,49.000000,330,310,0.041667,1900.000000,0.000000,40.000000,1.756348,1.960008
0,0.000314,0.054054,0.069767,0.628533,0.166135,4075.051745,1500.000000,100.000000,100.000000,50.000000,50.000000,290,230,0.069767,1100.000000,0.000000,50.000000,2.000049,2.000009
0,-0.000657,0.500000,0.545455,0.006454,0.007245,68.326531,65.308642,41.093235,42.000503,20.546617,21.000251,40,10,0.666667,2600.000000,0.000000,20.000000,0.821865,0.000000
0,-0.000064,0.181818,0.166667,0.029334,0.074543,209.855868,588.000000,46.663741,39.735339,23.331870,19.867670,120,10,0.181818,1800.000000,0.000000,20.000000,0.933277,0.000000
0,0.000000,0.200000,0.200000,0.237717,0.015402,912.000000,144.000000,67.024593,42.500000,33.512297,21.250000,110,30,0.200000,1200.000000,0.000000,30.000000,1.340557,0.000000
0,-0.000329,0.437500,0.411765,0.051144,0.037268,2330.470000,1890.057692,74.774025,37.959855,37.387012,18.979928,350,100,0.437500,1300.000000,0.000000,35.000000,1.495483,0.000000
0,-0.000555,0.187500,0.129032,0.525944,0.015502,1903.326531,37.555556,81.612894,42.500000,40.806447,21.250000,280,40,0.222222,2600.000000,0.000000,40.000000,1.632331,0.000000
0,-0.000555,0.187500,0.129032,0.525944,0.015502,1903.326531,37.555556,81.612894,42.500000,40.806447,21.250000,250,40,0.222222,2600.000000,0.000000,40.000000,1.632331,0.000000
0,-0.000555,0.187500,0.129032,0.525944,0.015502,1903.326531,37.555556,81.612894,42.500000,40.806447,21.250000,120,40,0.222222,2600.000000,0.000000,40.000000,1.632331,0.000000
0,0.000000,0.250000,0.250000,0.131879,0.157327,741.843750,931.222222,73.360529,37.476007,36.680265,18.738004,350,30,0.250000,1000.000000,0.000000,35.000000,1.467230,0.000000
0,-0.000555,0.187500,0.129032,0.525944,0.015502,1903.326531,37.555556,81.612894,42.500000,40.806447,21.250000,150,40,0.222222,2600.000000,0.000000,40.000000,1.632331,0.000000
0,-0.000573,0.181818,0.125000,0.032114,0.030130,181.937500,300.000000,76.385668,40.000000,38.192834,20.000000,150,90,0.181818,2100.000000,0.000000,35.000000,1.527716,0.000000
0,-0.000138,0.071429,0.064516,0.056102,0.157327,1023.826667,931.222222,79.336501,37.476007,39.668250,18.738004,340,190,0.071429,1100.000000,0.000000,35.000000,1.586732,0.000000
0,-0.000546,0.200000,0.153846,0.035649,0.040034,292.217975,300.000000,47.482112,39.999993,23.741056,19.999997,160,10,0.200000,1400.000000,0.000000,20.000000,0.949645,0.000000
0,0.000000,0.166667,0.166667,0.303107,0.000000,2114.275510,0.000000,78.203735,0.000000,39.101867,0.000000,200,100,0.166667,1000.000000,0.000000,35.000000,1.564096,0.000000
0,-0.000873,0.600000,0.545455,0.028127,0.015502,304.217975,37.555556,76.801869,42.500000,38.400934,21.250000,170,10,0.600000,1300.000000,0.000000,35.000000,1.536039,0.000000
0,0.000000,0.272727,0.272727,0.010446,0.025003,132.360000,230.284722,42.499004,82.346807,21.249502,41.173403,240,10,0.272727,1200.000000,0.000000,20.000000,0.849981,1.646938
0,0.000000,0.833333,0.833333,0.012598,0.022646,133.187500,203.062500,50.833333,40.348086,25.416666,20.174043,190,10,0.833333,1700.000000,0.000000,25.000000,1.016667,0.000000
0,-0.000727,0.545455,0.500000,0.008794,0.022646,112.032593,203.062500,54.996648,40.348086,27.498324,20.174043,210,10,0.545455,1500.000000,0.000000,25.000000,1.099933,0.000000
0,0.000074,0.454545,0.400000,0.046337,0.031391,399.690000,299.520000,53.325511,39.980391,26.662756,19.990196,100,10,0.454545,1500.000000,0.000000,25.000000,1.066513,0.000000
0,-0.000646,0.222222,0.181818,0.021193,0.012955,106.340136,115.600000,81.348425,50.000000,40.674212,25.000000,250,140,0.222222,2000.000000,0.000000,40.000000,1.626972,0.000000
0,-0.000313,0.375000,0.333333,0.038365,0.171548,225.727500,1509.235340,86.742420,80.659038,43.371210,40.329519,100,10,0.388889,2600.000000,0.000000,40.000000,1.734852,1.613191
0,-0.000623,0.181818,0.142857,0.028197,0.148902,247.995556,1306.172840,54.062144,40.310952,27.031072,20.155476,120,10,0.181818,1500.000000,0.000000,25.000000,1.081245,0.000000
0,0.000364,0.181818,0.200000,0.045693,0.783441,146.040000,503.062500,80.367319,67.014886,40.183659,33.507443,220,140,0.200000,1400.000000,0.000000,40.000000,1.607354,1.341264
0,0.000182,0.090909,0.100000,0.044202,0.909697,295.312189,1606.172840,79.480692,66.977752,39.740346,33.488876,140,130,0.100000,1400.000000,0.000000,35.000000,1.589617,1.340528
0,0.000000,0.166667,0.166667,0.006305,0.148902,61.146776,1306.172840,52.922781,40.310952,26.461390,20.155476,100,10,0.166667,1700.000000,0.000000,25.000000,1.058456,0.000000
0,0.000000,0.090909,0.090909,0.025194,0.151259,244.951837,1333.395062,41.307873,82.309672,20.653936,41.154836,150,10,0.090909,1200.000000,0.000000,20.000000,0.826159,1.646202
0,-0.000646,0.222222,0.181818,0.021193,0.012955,106.340136,115.600000,81.348425,50.000000,40.674212,25.000000,210,140,0.222222,2000.000000,0.000000,40.000000,1.626972,0.000000
0,-0.001502,0.272727,0.100000,0.178357,0.054036,497.437500,502.582500,71.942181,80.328478,35.971090,40.164239,180,70,0.272727,1800.000000,0.000000,35.000000,1.438881,1.606572
0,0.000000,0.166667,0.166667,0.002275,0.000000,35.440000,0.000000,55.640291,0.000000,27.820146,0.000000,30,10,0.166667,1500.000000,0.000000,25.000000,1.112806,0.000000
0,-0.002600,0.210526,0.066667,0.017606,0.205585,109.197500,575.000000,78.195273,37.391304,39.097636,18.695652,160,60,0.210526,1900.000000,0.000000,35.000000,1.563907,0.000000
0,0.000000,0.058824,0.058824,0.077917,0.042522,621.562500,300.000000,76.020649,38.939780,38.010325,19.469890,190,130,0.058824,1000.000000,0.000000,35.000000,1.520429,0.000000
0,-0.000517,0.222222,0.181818,0.011273,0.218295,58.676667,690.600000,86.666245,87.391304,43.333122,43.695652,270,60,0.222222,1900.000000,0.000000,40.000000,1.733326,1.747864
0,0.000000,0.142857,0.142857,0.126933,0.348680,1087.875000,645.793388,56.428572,49.047619,28.214286,24.523810,440,10,0.142857,1000.000000,0.000000,25.000000,1.128579,0.000000
0,-0.005472,0.384615,0.133333,0.087945,0.000000,127.753469,0.000000,64.738999,0.000000,32.369499,0.000000,140,20,0.450000,2100.000000,0.000000,30.000000,1.294841,0.000000
0,0.000000,0.142857,0.142857,0.126933,0.348680,1087.875000,645.793388,56.428572,49.047619,28.214286,24.523810,420,10,0.142857,1000.000000,0.000000,25.000000,1.128579,0.000000
0,-0.000517,0.222222,0.181818,0.011273,0.218295,58.676667,690.600000,86.666245,87.391304,43.333122,43.695652,230,60,0.222222,1900.000000,0.000000,40.000000,1.733326,1.747864
0,-0.004030,1.000000,0.571429,0.009735,0.002695,129.306122,27.000000,92.857143,50.000000,46.428571,25.000000,260,10,1.000000,1800.000000,0.000000,45.000000,1.857144,0.000000
0,-0.000315,0.250000,0.136364,0.208359,0.002512,876.970000,31.250000,54.454519,50.000000,27.227260,25.000000,140,10,0.250000,2200.000000,0.000000,25.000000,1.089116,0.000000
0,0.000000,1.000000,1.000000,0.044050,0.000000,359.793403,0.000000,50.671841,0.000000,25.335921,0.000000,450,10,1.000000,1000.000000,0.000000,25.000000,1.013440,0.000000
0,-0.000315,0.250000,0.136364,0.703673,0.012823,1305.289256,175.000000,58.439356,48.214286,29.219678,24.107143,240,10,0.250000,2200.000000,0.000000,25.000000,1.168980,0.000000
0,-0.000315,0.250000,0.136364,0.703673,0.012823,1305.289256,175.000000,58.439356,48.214286,29.219678,24.107143,100,10,0.250000,2200.000000,0.000000,25.000000,1.168980,0.000000
0,0.000000,0.090909,0.090909,0.068040,0.000000,633.840000,0.000000,71.257769,0.000000,35.628884,0.000000,110,60,0.090909,1200.000000,0.000000,35.000000,1.425163,0.000000
0,0.000000,1.000000,1.000000,0.030724,0.178712,245.591837,1719.308642,50.380967,38.505908,25.190483,19.252954,140,10,1.000000,1400.000000,0.000000,25.000000,1.007621,0.000000
0,-0.000315,0.250000,0.136364,0.703673,0.012823,1305.289256,175.000000,58.439356,48.214286,29.219678,24.107143,310,10,0.250000,2200.000000,0.000000,25.000000,1.168980,0.000000
0,-0.001034,0.444444,0.363636,0.095054,0.012709,86.746667,115.600000,66.723907,50.000000,33.361954,25.000000,210,20,0.444444,2100.000000,0.000000,30.000000,1.334542,0.000000
0,-0.001034,0.444444,0.363636,0.095054,0.012709,86.746667,115.600000,66.723907,50.000000,33.361954,25.000000,250,20,0.444444,2100.000000,0.000000,30.000000,1.334542,0.000000
0,-0.000704,0.333333,0.272727,0.018672,0.205585,90.010000,575.000000,75.494460,37.391304,37.747230,18.695652,60,40,0.333333,1900.000000,0.000000,35.000000,1.509891,0.000000
0,-0.004030,1.000000,0.571429,0.009735,0.002695,129.306122,27.000000,92.857143,50.000000,46.428571,25.000000,200,10,1.000000,1800.000000,0.000000,45.000000,1.857144,0.000000
0,-0.000315,0.250000,0.136364,0.794309,0.012823,1305.289256,175.000000,58.439356,48.214286,29.219678,24.107143,20,10,0.250000,2200.000000,0.000000,25.000000,1.169033,0.000000
0,-0.000315,0.250000,0.136364,0.703673,0.012823,1305.289256,175.000000,58.439356,48.214286,29.219678,24.107143,350,10,0.250000,2200.000000,0.000000,25.000000,1.168980,0.000000
0,-0.000361,0.125000,0.045455,0.012221,0.178712,100.190000,1719.308642,61.636221,38.505908,30.818111,19.252954,60,10,0.125000,2200.000000,0.000000,30.000000,1.232725,0.000000
0,0.000000,0.142857,0.142857,0.126933,0.348680,1087.875000,645.793388,56.428572,49.047619,28.214286,24.523810,400,10,0.142857,1000.000000,0.000000,25.000000,1.128579,0.000000
0,0.000000,0.142857,0.142857,0.333921,0.002512,2564.828125,31.250000,51.369835,50.000000,25.684918,25.000000,260,10,0.142857,1000.000000,0.000000,25.000000,1.027419,0.000000
0,-0.001462,0.166667,0.076923,0.936794,0.016372,3437.159763,136.446281,72.555905,90.000000,36.277953,45.000000,390,330,0.166667,1200.000000,0.000000,35.000000,1.451246,1.800001
0,0.000003,0.666667,1.000000,0.018457,0.000000,168.306122,0.000000,65.999476,0.000000,32.999738,0.000000,70,10,1.000000,4500.000000,0.000000,30.000000,1.319996,0.000000
0,-0.000995,0.400000,0.312500,0.687574,0.168404,4250.375000,1561.600000,42.200837,79.447402,21.100419,39.723701,210,10,0.400000,1700.000000,0.000000,20.000000,0.844073,1.588957
0,0.000000,0.142857,0.142857,0.300308,0.127406,2417.000000,1305.600000,51.228004,82.742574,25.614002,41.371287,270,10,0.142857,1100.000000,0.000000,25.000000,1.024579,1.654858
0,0.000000,0.076923,0.076923,0.085478,0.007192,3639.908481,67.696281,87.367693,100.000000,43.683846,50.000000,350,270,0.076923,1000.000000,0.000000,40.000000,1.747355,2.000000
0,-0.001462,0.166667,0.076923,1.277515,0.016372,3437.159763,136.446281,72.555905,90.000000,36.277953,45.000000,390,20,0.166667,1200.000000,0.000000,35.000000,1.451377,1.800001
0,0.000000,0.076923,0.076923,0.085478,0.007192,3639.908481,67.696281,87.367693,100.000000,43.683846,50.000000,270,40,0.076923,1000.000000,0.000000,40.000000,1.747355,2.000000
0,-0.000353,0.100000,0.062500,0.016365,0.538747,148.335000,800.000000,48.673124,69.204827,24.336562,34.602414,220,10,0.100000,1700.000000,0.000000,20.000000,0.973464,1.384395
0,0.000000,1.000000,1.000000,0.004477,0.064842,52.000000,544.000000,51.108840,81.704827,25.554420,40.852414,70,10,1.000000,1100.000000,0.000000,25.000000,1.022177,1.634101
0,-0.000311,0.083333,0.055556,0.053268,0.729950,243.000000,5256.000000,83.831045,85.202145,41.915523,42.601073,360,60,0.083333,2200.000000,0.000000,40.000000,1.676630,1.704149
0,0.000000,0.181818,0.181818,0.298305,0.086395,1197.621728,539.093333,91.136550,47.619048,45.568275,23.809524,420,120,0.181818,1000.000000,0.000000,45.000000,1.822768,0.000000
0,-0.007798,0.952381,0.562500,0.078169,0.882860,572.187178,10336.111111,77.986152,50.000000,38.993076,25.000000,360,10,0.952381,1100.000000,0.000000,35.000000,1.559729,0.000000
0,0.000000,0.031250,0.031250,0.316187,0.126855,1706.408667,1374.855168,88.724007,87.313852,44.362004,43.656926,390,60,0.031250,1000.000000,0.000000,40.000000,1.774518,1.746285
0,0.000000,0.166667,0.166667,0.022103,0.045739,579.346939,891.317390,76.224007,81.694484,38.112004,40.847242,390,10,0.166667,1000.000000,0.000000,35.000000,1.524481,1.633891
0,-0.008221,0.500000,0.076923,0.573488,0.882860,2314.000000,10336.111111,65.255041,50.000000,32.627520,25.000000,240,100,0.947368,2300.000000,0.000000,30.000000,1.305216,0.000000
0,0.000000,0.333333,0.333333,0.004221,0.005280,70.560000,55.555556,78.636550,41.999680,39.318275,20.999840,120,10,0.333333,1000.000000,0.000000,35.000000,1.572731,0.000000
0,-0.000360,0.111111,0.090909,0.336233,0.001923,2568.828125,31.250000,83.369515,50.000000,41.684758,25.000000,260,100,0.111111,1200.000000,0.000000,40.000000,1.667412,0.000000
0,0.000000,0.200000,0.200000,0.031384,0.316808,127.000000,4356.000000,53.826417,40.757701,26.913209,20.378850,60,10,0.200000,2200.000000,0.000000,25.000000,1.076536,0.000000
0,-0.000311,0.083333,0.055556,0.053268,0.729950,243.000000,5256.000000,83.831045,85.202145,41.915523,42.601073,330,60,0.083333,2200.000000,0.000000,40.000000,1.676630,1.704149
0,-0.000311,0.083333,0.055556,0.053268,0.729950,243.000000,5256.000000,83.831045,85.202145,41.915523,42.601073,200,60,0.083333,2200.000000,0.000000,40.000000,1.676630,1.704149
0,-0.000311,0.083333,0.055556,0.053268,0.729950,243.000000,5256.000000,83.831045,85.202145,41.915523,42.601073,230,60,0.083333,2200.000000,0.000000,40.000000,1.676630,1.704149
0,-0.000035,0.023256,0.021277,0.388805,0.042382,3006.822585,867.011834,81.818667,89.694804,40.909334,44.847402,370,260,0.023256,1200.000000,0.000000,40.000000,1.636399,1.793897
0,0.000000,0.181818,0.181818,0.298305,0.086395,1197.621728,539.093333,91.136550,47.619048,45.568275,23.809524,120,60,0.181818,1000.000000,0.000000,45.000000,1.822768,0.000000
0,-0.000935,0.125000,0.042553,0.290583,0.049325,2200.450123,935.761834,71.898770,79.694804,35.949385,39.847402,320,290,0.125000,2000.000000,0.000000,35.000000,1.437996,1.593897
0,-0.000719,0.222222,0.181818,0.220174,0.008866,1367.609375,100.000000,80.842950,40.000000,40.421475,20.000000,400,100,0.222222,1200.000000,0.000000,40.000000,1.616877,0.000000
0,0.000000,0.031250,0.031250,0.316187,0.126855,1706.408667,1374.855168,88.724007,87.313852,44.362004,43.656926,420,390,0.031250,1000.000000,0.000000,40.000000,1.774518,1.746285
0,0.000419,0.333333,0.909091,0.012625,0.040459,131.305785,835.761834,51.666888,39.694804,25.833444,19.847402,280,10,1.000000,2100.000000,0.000000,25.000000,1.033339,0.000000
0,0.000000,0.500000,0.500000,0.022253,0.127783,726.437500,994.111111,48.387097,87.142629,24.193548,43.571314,430,10,0.500000,1600.000000,0.000000,20.000000,0.967742,1.742869
0,0.000000,0.025000,0.025000,0.104861,0.119621,1622.998578,1134.197429,87.631076,78.613829,43.815538,39.306915,400,250,0.025000,1000.000000,0.000000,40.000000,1.752627,1.572298
0,0.002207,0.142857,0.320000,0.017724,0.083056,141.728395,915.027778,76.866577,82.633363,38.433289,41.316682,100,10,0.347826,3000.000000,0.000000,35.000000,1.537334,1.652671
0,0.000000,1.000000,1.000000,0.080935,0.318142,736.922495,1626.000000,62.506285,83.329981,31.253142,41.664991,440,10,1.000000,1200.000000,0.000000,30.000000,1.250130,1.666643
0,0.000962,0.155556,0.290323,0.198906,0.129246,1706.172840,1416.805556,85.515226,90.490515,42.757613,45.245257,260,10,0.346154,3000.000000,0.000000,40.000000,1.710317,1.809816
0,-0.000126,0.083333,0.050000,0.110822,0.273350,675.925620,2150.000000,86.512974,88.156628,43.256487,44.078314,290,290,0.083333,2700.000000,0.000000,40.000000,1.730269,1.763151
0,-0.001366,0.200000,0.111111,0.033721,0.120089,258.471074,2764.000000,80.884988,71.079608,40.442494,35.539804,130,100,0.200000,1300.000000,0.000000,40.000000,1.617702,1.421597
0,-0.002309,0.750000,0.538462,0.011600,0.081935,1050.632716,166.197429,80.740234,39.024387,40.370117,19.512193,190,20,0.750000,1600.000000,0.000000,40.000000,1.614807,0.000000
0,-0.000726,0.166667,0.100000,0.077671,0.146900,544.836735,1500.000000,77.292700,79.918088,38.646350,39.959044,110,60,0.166667,2000.000000,0.000000,35.000000,1.545861,1.598369
0,0.000000,0.500000,0.500000,0.022253,0.127783,726.437500,994.111111,48.387097,87.142629,24.193548,43.571314,300,10,0.500000,1600.000000,0.000000,20.000000,0.967742,1.742869
0,0.000415,0.166667,0.100000,0.203714,0.115329,1091.074444,1868.000000,89.963640,89.589443,44.981820,44.794721,260,170,0.166667,3300.000000,0.000000,40.000000,1.799292,1.791793
0,0.000000,0.200000,0.200000,0.021884,0.077643,244.000000,900.000000,69.995372,50.000000,34.997686,25.000000,360,10,0.200000,2300.000000,0.000000,30.000000,1.399909,0.000000
0,-0.000108,0.055556,0.040000,0.038292,0.126601,107.336735,1398.222222,79.903534,82.111523,39.951767,41.055761,200,60,0.055556,2000.000000,0.000000,35.000000,1.598078,1.642236
0,0.000962,0.155556,0.290323,0.198906,0.129246,1706.172840,1416.805556,85.515226,90.490515,42.757613,45.245257,130,10,0.346154,3000.000000,0.000000,40.000000,1.710317,1.809816
0,0.000000,0.166667,0.166667,0.331741,0.292251,2563.000000,1226.000000,53.898723,73.279395,26.949362,36.639698,190,10,0.166667,1200.000000,0.000000,25.000000,1.077996,1.465630
0,0.000000,0.025000,0.025000,0.104861,0.119621,1622.998578,1134.197429,87.631076,78.613829,43.815538,39.306915,460,400,0.025000,1000.000000,0.000000,40.000000,1.752627,1.572298
0,-0.002733,0.400000,0.222222,0.042709,0.102583,910.090909,2664.000000,88.484846,81.110933,44.242423,40.555467,330,100,0.400000,1300.000000,0.000000,40.000000,1.769699,1.622222
0,0.000059,0.153846,0.195122,0.040349,0.172791,272.480000,1900.000000,77.405669,89.968675,38.702835,44.984337,360,30,0.259259,2300.000000,0.000000,35.000000,1.548117,1.799381
0,-0.000126,0.083333,0.050000,0.110822,0.273350,675.925620,2150.000000,86.512974,88.156628,43.256487,44.078314,320,290,0.083333,2700.000000,0.000000,40.000000,1.730269,1.763151
0,-0.002733,0.400000,0.222222,0.042709,0.102583,910.090909,2664.000000,88.484846,81.110933,44.242423,40.555467,430,100,0.400000,1300.000000,0.000000,40.000000,1.769699,1.622222
0,-0.000223,0.444444,0.440000,0.017284,0.109096,126.297521,1298.222222,55.548610,92.142848,27.774305,46.071424,40,10,0.636364,3900.000000,0.000000,25.000000,1.110974,1.842862
0,0.000962,0.155556,0.290323,0.198906,0.129246,1706.172840,1416.805556,85.515226,90.490515,42.757613,45.245257,160,10,0.346154,3000.000000,0.000000,40.000000,1.710317,1.809816
0,-0.000402,0.083333,0.050000,0.081835,0.013574,1341.275510,158.106667,76.393759,50.000000,38.196879,25.000000,370,160,0.083333,1800.000000,0.000000,35.000000,1.527878,0.000000
0,-0.002733,0.400000,0.222222,0.042709,0.102583,910.090909,2664.000000,88.484846,81.110933,44.242423,40.555467,460,100,0.400000,1300.000000,0.000000,40.000000,1.769699,1.622222
0,-0.004000,1.000000,0.800000,0.048913,0.129395,406.122449,1400.000000,89.395943,89.949414,44.697972,44.974707,300,50,1.000000,2600.000000,0.000000,40.000000,1.787922,1.798994
0,0.000059,0.153846,0.195122,0.040349,0.172791,272.480000,1900.000000,77.405669,89.968675,38.702835,44.984337,230,30,0.259259,2300.000000,0.000000,35.000000,1.548117,1.799381
0,0.000415,0.166667,0.100000,0.203714,0.115329,1091.074444,1868.000000,89.963640,89.589443,44.981820,44.794721,230,170,0.166667,3300.000000,0.000000,40.000000,1.799292,1.791793
0,0.000000,0.025000,0.025000,0.104861,0.119621,1622.998578,1134.197429,87.631076,78.613829,43.815538,39.306915,500,400,0.025000,1000.000000,0.000000,40.000000,1.752627,1.572298
0,0.000000,1.000000,1.000000,0.080935,0.318142,736.922495,1626.000000,62.506285,83.329981,31.253142,41.664991,310,10,1.000000,1200.000000,0.000000,30.000000,1.250130,1.666643
0,-0.000126,0.083333,0.050000,0.110822,0.273350,675.925620,2150.000000,86.512974,88.156628,43.256487,44.078314,290,190,0.083333,2700.000000,0.000000,40.000000,1.730269,1.763151
0,-0.004000,1.000000,0.800000,0.048913,0.129395,406.122449,1400.000000,89.395943,89.949414,44.697972,44.974707,170,50,1.000000,2600.000000,0.000000,40.000000,1.787922,1.798994
0,-0.004000,1.000000,0.800000,0.048913,0.129395,406.122449,1400.000000,89.395943,89.949414,44.697972,44.974707,330,50,1.000000,2600.000000,0.000000,40.000000,1.787922,1.798994
0,-0.000185,0.045455,0.032258,0.022962,0.146752,64.906179,1516.805556,74.612621,80.459190,37.306310,40.229595,110,60,0.045455,2000.000000,0.000000,35.000000,1.492256,1.609191
0,-0.000228,0.555556,0.440000,0.024741,0.109096,161.421875,1298.222222,64.999735,92.142848,32.499868,46.071424,70,10,0.636364,3900.000000,0.000000,30.000000,1.299998,1.842862
0,-0.002309,0.750000,0.538462,0.011600,0.081935,1050.632716,166.197429,80.740234,39.024387,40.370117,19.512193,330,20,0.750000,1600.000000,0.000000,40.000000,1.614807,0.000000
0,0.000000,0.200000,0.200000,0.021884,0.077643,244.000000,900.000000,69.995372,50.000000,34.997686,25.000000,330,10,0.200000,2300.000000,0.000000,30.000000,1.399909,0.000000
0,0.000059,0.153846,0.195122,0.040349,0.172791,272.480000,1900.000000,77.405669,89.968675,38.702835,44.984337,200,30,0.259259,2300.000000,0.000000,35.000000,1.548117,1.799381
0,0.000000,0.500000,0.500000,0.022253,0.127783,726.437500,994.111111,48.387097,87.142629,24.193548,43.571314,400,10,0.500000,1600.000000,0.000000,20.000000,0.967742,1.742869
0,0.000000,1.000000,1.000000,0.080935,0.318142,736.922495,1626.000000,62.506285,83.329981,31.253142,41.664991,470,10,1.000000,1200.000000,0.000000,30.000000,1.250130,1.666643
0,0.000000,0.025000,0.025000,0.104861,0.119621,1622.998578,1134.197429,87.631076,78.613829,43.815538,39.306915,400,390,0.025000,1000.000000,0.000000,40.000000,1.752627,1.572298
0,0.000962,0.155556,0.290323,0.198906,0.129246,1706.172840,1416.805556,85.515226,90.490515,42.757613,45.245257,290,10,0.346154,3000.000000,0.000000,40.000000,1.710317,1.809816
0,-0.002309,0.750000,0.538462,0.011600,0.081935,1050.632716,166.197429,80.740234,39.024387,40.370117,19.512193,400,20,0.750000,1600.000000,0.000000,40.000000,1.614807,0.000000
0,0.001216,0.083333,0.142857,0.272842,0.021092,1920.500000,238.218750,81.209608,40.487093,40.604804,20.243546,100,90,0.142857,1500.000000,0.000000,40.000000,1.624212,0.000000
0,0.000000,0.200000,0.200000,0.021884,0.077643,244.000000,900.000000,69.995372,50.000000,34.997686,25.000000,230,10,0.200000,2300.000000,0.000000,30.000000,1.399909,0.000000
0,0.000059,0.153846,0.195122,0.040349,0.172791,272.480000,1900.000000,77.405669,89.968675,38.702835,44.984337,330,30,0.259259,2300.000000,0.000000,35.000000,1.548117,1.799381
0,-0.000228,0.555556,0.440000,0.024741,0.109096,161.421875,1298.222222,64.999735,92.142848,32.499868,46.071424,170,10,0.636364,3900.000000,0.000000,30.000000,1.299998,1.842862
0,-0.001145,0.200000,0.100000,0.062807,0.103356,390.240000,1016.805556,81.499966,80.439929,40.749983,40.219964,50,50,0.200000,2600.000000,0.000000,40.000000,1.630004,1.608804
0,-0.000228,0.555556,0.440000,0.024741,0.109096,161.421875,1298.222222,64.999735,92.142848,32.499868,46.071424,200,10,0.636364,3900.000000,0.000000,30.000000,1.299998,1.842862
0,0.000000,0.500000,0.500000,0.022253,0.127783,726.437500,994.111111,48.387097,87.142629,24.193548,43.571314,270,10,0.500000,1600.000000,0.000000,20.000000,0.967742,1.742869
0,0.000000,0.600000,0.600000,0.122635,0.004026,118.080000,64.000000,58.896063,40.000000,29.448031,20.000000,80,20,0.600000,1000.000000,0.000000,25.000000,1.177993,0.000000
0,0.000000,0.153846,0.153846,0.060395,0.037686,1056.857778,968.000000,71.481039,39.589443,35.740519,19.794721,400,80,0.153846,1000.000000,0.000000,35.000000,1.429632,0.000000
0,0.000000,0.025000,0.025000,0.104861,0.119621,1622.998578,1134.197429,87.631076,78.613829,43.815538,39.306915,400,170,0.025000,1000.000000,0.000000,40.000000,1.752627,1.572298
0,-0.000053,0.052632,0.050000,0.054963,0.095148,349.818013,1000.000000,78.530495,39.968675,39.265247,19.984337,230,150,0.052632,1100.000000,0.000000,35.000000,1.570614,0.000000
0,0.000000,0.250000,0.250000,0.007298,0.101744,48.560000,610.916667,79.070798,77.633144,39.535399,38.816572,180,40,0.250000,1300.000000,0.000000,35.000000,1.581417,1.552679
0,-0.000180,0.058824,0.043478,0.027331,0.148674,213.471074,1568.888889,68.921581,80.467583,34.460790,40.233791,150,120,0.058824,1400.000000,0.000000,30.000000,1.378434,1.609359
0,0.000000,0.200000,0.200000,0.021884,0.077643,244.000000,900.000000,69.995372,50.000000,34.997686,25.000000,200,10,0.200000,2300.000000,0.000000,30.000000,1.399909,0.000000
0,0.000000,1.000000,1.000000,0.080935,0.318142,736.922495,1626.000000,62.506285,83.329981,31.253142,41.664991,340,10,1.000000,1200.000000,0.000000,30.000000,1.250130,1.666643
0,0.000573,0.100000,0.166667,0.010190,0.172791,54.539201,1900.000000,67.087681,89.968675,33.543840,44.984337,80,10,0.166667,1800.000000,0.000000,30.000000,1.341756,1.799381
0,-0.002309,0.750000,0.538462,0.011600,0.081935,1050.632716,166.197429,80.740234,39.024387,40.370117,19.512193,110,20,0.750000,1600.000000,0.000000,40.000000,1.614807,0.000000
0,0.000000,0.333333,0.333333,0.020552,0.271952,132.694215,1124.222222,50.948358,75.472829,25.474179,37.736415,280,10,0.333333,1200.000000,0.000000,25.000000,1.018969,1.509498
0,-0.000126,0.083333,0.050000,0.110822,0.273350,675.925620,2150.000000,86.512974,88.156628,43.256487,44.078314,290,160,0.083333,2700.000000,0.000000,40.000000,1.730269,1.763151
0,0.000415,0.166667,0.100000,0.203714,0.115329,1091.074444,1868.000000,89.963640,89.589443,44.981820,44.794721,170,100,0.166667,3300.000000,0.000000,40.000000,1.799292,1.791793
0,0.000000,0.333333,0.333333,0.002758,0.292103,57.560000,1242.805556,55.853495,73.820496,27.926747,36.910248,190,10,0.333333,1200.000000,0.000000,25.000000,1.117070,1.476452
0,-0.000320,0.125000,0.100000,0.014533,0.001492,62.666667,15.312500,73.757985,41.999040,36.878993,20.999520,130,20,0.125000,1600.000000,0.000000,35.000000,1.475163,0.000000
0,0.000000,0.166667,0.166667,0.015684,0.335648,150.471074,1726.000000,53.545586,73.298656,26.772793,36.649328,140,10,0.166667,1200.000000,0.000000,25.000000,1.070913,1.466017
0,-0.002309,0.750000,0.538462,0.011600,0.081935,1050.632716,166.197429,80.740234,39.024387,40.370117,19.512193,440,20,0.750000,1600.000000,0.000000,40.000000,1.614807,0.000000
0,-0.002733,0.400000,0.222222,0.042709,0.102583,910.090909,2664.000000,88.484846,81.110933,44.242423,40.555467,300,100,0.400000,1300.000000,0.000000,40.000000,1.769699,1.622222
0,0.000000,1.000000,1.000000,0.040634,0.052634,313.440000,512.000000,49.710845,41.218369,24.855423,20.609185,220,10,1.000000,1200.000000,0.000000,20.000000,0.994220,0.000000
0,0.000415,0.166667,0.100000,0.203714,0.115329,1091.074444,1868.000000,89.963640,89.589443,44.981820,44.794721,170,130,0.166667,3300.000000,0.000000,40.000000,1.799292,1.791793
0,-0.000726,0.166667,0.100000,0.085152,0.083205,562.500000,898.222222,85.338557,82.092262,42.669278,41.046131,200,110,0.166667,2000.000000,0.000000,40.000000,1.706779,1.641849
0,-0.004000,1.000000,0.800000,0.048913,0.129395,406.122449,1400.000000,89.395943,89.949414,44.697972,44.974707,200,50,1.000000,2600.000000,0.000000,40.000000,1.787922,1.798994
0,0.000000,0.166667,0.166667,0.060840,2.569593,1433.221939,44100.000000,78.191658,35.189216,39.095829,17.594608,290,230,0.166667,1100.000000,0.000000,35.000000,1.563837,0.000000
0,-0.000134,0.052632,0.040000,0.053459,0.384133,1289.656888,5000.000000,76.561866,50.000000,38.280933,25.000000,270,190,0.052632,2100.000000,0.000000,35.000000,1.531249,0.000000
0,-0.001066,0.333333,0.250000,0.170077,0.034929,337.162500,300.000000,76.666653,39.999958,38.333326,19.999979,250,190,0.333333,1400.000000,0.000000,35.000000,1.533378,0.000000
0,-0.000018,0.025000,0.020408,0.145429,0.012919,1189.736686,156.564879,89.389297,50.000000,44.694649,25.000000,360,340,0.025000,2300.000000,0.000000,40.000000,1.787796,0.000000
0,-0.000439,0.200000,0.117647,0.033947,0.064544,176.543618,715.312500,83.260828,88.000000,41.630414,44.000000,230,120,0.200000,2500.000000,0.000000,40.000000,1.665220,1.760009
0,-0.000289,0.166667,0.080000,0.006448,0.000000,1839.435556,0.000000,79.290096,0.000000,39.645048,0.000000,210,70,0.166667,1900.000000,0.000000,35.000000,1.585802,0.000000
0,0.000024,0.050000,0.052632,0.347621,0.520462,2511.016529,6600.000000,78.695890,90.426007,39.347945,45.213003,350,280,0.055556,1300.000000,0.000000,35.000000,1.573943,1.808541
0,-0.001037,0.285714,0.181818,0.042681,0.059445,625.061728,573.028314,76.032329,87.626328,38.016165,43.813164,300,10,0.285714,1600.000000,0.000000,35.000000,1.520648,1.752530
0,0.000284,0.200000,0.428571,0.068146,0.012816,401.210000,156.568047,49.575046,50.000000,24.787523,25.000000,80,10,0.476190,2900.000000,0.000000,20.000000,0.991508,0.000000
0,-0.000508,0.142857,0.111111,0.327936,0.190893,779.888889,1779.312500,89.090912,77.293166,44.545456,38.646583,350,110,0.142857,1300.000000,0.000000,40.000000,1.781888,1.545879
0,-0.000557,0.222222,0.185185,0.126310,0.000000,1139.570512,0.000000,76.085254,0.000000,38.042627,0.000000,290,100,0.350000,3000.000000,0.000000,35.000000,1.521715,0.000000
0,0.000000,0.172414,0.172414,0.109652,0.192113,997.323988,1303.718935,81.437996,38.722641,40.718998,19.361321,410,290,0.172414,1000.000000,0.000000,40.000000,1.628766,0.000000
0,-0.001094,0.428571,0.181818,0.021740,0.064111,471.845041,674.333333,46.168672,38.571346,23.084336,19.285673,110,10,0.428571,2900.000000,0.000000,20.000000,0.923374,0.000000
0,-0.000053,0.066667,0.062500,0.463148,0.187736,6713.250000,1970.366124,86.639365,89.999999,43.319682,45.000000,230,30,0.066667,1400.000000,0.000000,40.000000,1.732807,1.800009
0,0.000331,0.095238,0.120000,0.316932,0.075297,4326.555556,816.181818,85.738768,50.000000,42.869384,25.000000,460,180,0.136364,1200.000000,0.000000,40.000000,1.714787,0.000000
0,0.000000,0.071429,0.071429,0.015797,0.051140,140.119189,600.000000,80.591432,40.010538,40.295716,20.005269,290,140,0.071429,1000.000000,0.000000,40.000000,1.611832,0.000000
0,0.000000,1.000000,1.000000,0.008715,0.384133,108.444444,5000.000000,50.505107,50.000000,25.252553,25.000000,360,10,1.000000,1200.000000,0.000000,25.000000,1.010103,0.000000
0,-0.000508,0.142857,0.111111,0.327936,0.190893,779.888889,1779.312500,89.090912,77.293166,44.545456,38.646583,290,110,0.142857,1300.000000,0.000000,40.000000,1.781888,1.545879
0,0.000000,0.250000,0.250000,0.025454,0.052889,538.782222,512.000000,81.171325,41.247485,40.585663,20.623742,490,40,0.250000,1000.000000,0.000000,40.000000,1.623434,0.000000
0,0.000000,0.125000,0.125000,0.054898,0.052889,68.121631,512.000000,62.821134,41.247485,31.410567,20.623742,160,40,0.125000,1000.000000,0.000000,30.000000,1.256445,0.000000
0,-0.000178,0.111111,0.100000,1.190322,0.160581,4286.587610,212.491124,87.681840,91.426417,43.840920,45.713208,440,360,0.111111,1200.000000,0.000000,40.000000,1.753846,1.828599
0,0.000000,0.100000,0.100000,0.689470,0.091699,5152.930556,937.491124,89.999712,90.376189,44.999856,45.188094,220,30,0.100000,1000.000000,0.000000,40.000000,1.800043,1.807528
0,-0.000078,0.090909,0.083333,0.038385,0.034929,65.002500,300.000000,79.957845,39.999958,39.978923,19.999979,190,80,0.090909,1400.000000,0.000000,35.000000,1.599171,0.000000
0,0.002026,0.375000,0.583333,0.020017,0.000000,131.190083,0.000000,77.842417,0.000000,38.921208,0.000000,220,50,0.583333,1700.000000,0.000000,35.000000,1.556850,0.000000
0,-0.000850,0.285714,0.181818,0.556867,0.059445,947.280000,573.028314,69.999976,87.626328,34.999988,43.813164,300,280,0.285714,1800.000000,0.000000,30.000000,1.400230,1.752530
0,-0.000018,0.025000,0.020408,0.145429,0.012919,1189.736686,156.564879,89.389297,50.000000,44.694649,25.000000,360,130,0.025000,2300.000000,0.000000,40.000000,1.787796,0.000000
0,0.000331,0.095238,0.120000,0.316932,0.075297,4326.555556,816.181818,85.738768,50.000000,42.869384,25.000000,440,180,0.136364,1200.000000,0.000000,40.000000,1.714787,0.000000
0,-0.000173,0.058824,0.023810,0.667297,0.000000,1264.812500,0.000000,80.642487,0.000000,40.321244,0.000000,360,70,0.058824,2300.000000,0.000000,40.000000,1.613064,0.000000
0,-0.000330,0.100000,0.117647,0.031057,0.064544,166.333333,715.312500,49.927492,88.000000,24.963746,44.000000,230,10,0.153846,2500.000000,0.000000,20.000000,0.998553,1.760009
0,0.000000,0.181818,0.181818,0.808871,0.059445,5395.555556,573.028314,80.616207,87.626328,40.308104,43.813164,350,20,0.181818,1100.000000,0.000000,40.000000,1.612385,1.752530
0,-0.000018,0.025000,0.020408,0.145429,0.012919,1189.736686,156.564879,89.389297,50.000000,44.694649,25.000000,380,360,0.025000,2300.000000,0.000000,40.000000,1.787796,0.000000
0,0.000000,0.125000,0.125000,0.256190,0.006667,1674.650794,15.673469,56.786726,35.831657,28.393363,17.915829,130,10,0.125000,1700.000000,0.000000,25.000000,1.135754,0.000000
0,-0.000053,0.066667,0.062500,0.463148,0.187736,6713.250000,1970.366124,86.639365,89.999999,43.319682,45.000000,340,230,0.066667,1400.000000,0.000000,40.000000,1.732807,1.800009
0,0.001182,0.285714,0.500000,0.003926,3.629678,73.000000,35972.000000,52.184740,39.610923,26.092370,19.805462,90,10,0.500000,2100.000000,0.000000,25.000000,1.043695,0.000000
0,0.000072,0.043478,0.052632,0.876562,0.136329,4428.743056,1600.000000,80.447455,40.426007,40.223727,20.213003,220,210,0.055556,1900.000000,0.000000,40.000000,1.609095,0.000000
0,0.000000,0.037037,0.037037,0.776841,0.039896,6216.271020,938.193906,78.817534,38.878594,39.408767,19.439297,300,200,0.037037,1000.000000,0.000000,35.000000,1.576404,0.000000
0,-0.000151,0.062500,0.136364,0.204471,0.023590,835.814815,300.000000,69.982822,38.862163,34.991411,19.431082,170,20,0.176471,2800.000000,0.000000,30.000000,1.399685,0.000000
0,0.000000,0.019231,0.019231,0.005829,0.013594,763.906154,175.000000,79.336310,42.144393,39.668155,21.072196,490,10,0.019231,1000.000000,0.000000,35.000000,1.586726,0.000000
0,-0.000380,0.133333,0.117647,1.250298,0.064544,2757.349174,715.312500,81.022537,88.000000,40.511269,44.000000,180,130,0.153846,2400.000000,0.000000,40.000000,1.620736,1.760009
0,0.000000,0.100000,0.100000,0.689470,0.091699,5152.930556,937.491124,89.999712,90.376189,44.999856,45.188094,380,220,0.100000,1000.000000,0.000000,40.000000,1.800043,1.807528
0,-0.000362,0.125000,0.045455,0.025655,0.064111,343.000000,674.333333,81.055690,38.571346,40.527845,19.285673,360,70,0.125000,2300.000000,0.000000,40.000000,1.621115,0.000000
0,0.000000,0.100000,0.100000,1.121049,0.160581,9411.831066,212.491124,79.705342,91.426417,39.852671,45.713208,450,20,0.100000,1100.000000,0.000000,35.000000,1.594180,1.828599
0,-0.000169,0.500000,0.444444,0.318631,0.000000,2927.000000,0.000000,82.055325,0.000000,41.027663,0.000000,250,20,0.500000,1500.000000,0.000000,40.000000,1.641124,0.000000
0,0.000000,0.062500,0.062500,1.144446,0.187736,7535.666667,1970.366124,81.014618,89.999999,40.507309,45.000000,260,20,0.062500,1100.000000,0.000000,40.000000,1.620379,1.800009
0,-0.000018,0.025000,0.020408,0.145429,0.012919,1189.736686,156.564879,89.389297,50.000000,44.694649,25.000000,360,270,0.025000,2300.000000,0.000000,40.000000,1.787796,0.000000
0,0.000000,0.625000,0.625000,0.068451,0.052889,1981.583281,512.000000,81.883274,41.247485,40.941637,20.623742,300,40,0.625000,1000.000000,0.000000,40.000000,1.637673,0.000000
0,0.000331,0.095238,0.120000,0.316932,0.075297,4326.555556,816.181818,85.738768,50.000000,42.869384,25.000000,420,180,0.136364,1200.000000,0.000000,40.000000,1.714787,0.000000
0,-0.000182,0.500000,0.500000,0.039032,0.021194,128.375000,238.218750,51.249976,40.696220,25.624988,20.348110,70,10,0.545455,1800.000000,0.000000,25.000000,1.025007,0.000000
0,-0.001032,0.285714,0.083333,0.002444,0.000000,1218.469388,0.000000,50.107304,0.000000,25.053652,0.000000,190,10,0.285714,2100.000000,0.000000,25.000000,1.002146,0.000000
0,0.000000,0.153846,0.153846,0.055081,0.002518,517.087442,27.222222,81.973042,42.000000,40.986521,21.000000,290,180,0.153846,1000.000000,0.000000,40.000000,1.639464,0.000000
0,0.000000,0.026316,0.026316,0.063701,0.095609,756.002907,1000.000000,76.326243,39.997509,38.163122,19.998755,490,170,0.026316,1000.000000,0.000000,35.000000,1.526532,0.000000
0,-0.000322,0.090909,0.117647,1.249883,0.064544,2747.138889,715.312500,77.144651,88.000000,38.572325,44.000000,180,20,0.153846,2400.000000,0.000000,35.000000,1.543178,1.760009
0,-0.000447,0.115385,0.071429,0.231703,0.156536,522.437500,175.000000,71.271590,41.426417,35.635795,20.713208,300,40,0.176471,2600.000000,0.000000,35.000000,1.425487,0.000000
0,0.000000,0.100000,0.100000,0.689470,0.091699,5152.930556,937.491124,89.999712,90.376189,44.999856,45.188094,220,70,0.100000,1000.000000,0.000000,40.000000,1.800043,1.807528
0,0.000000,0.142857,0.142857,0.330037,0.387265,596.016529,5043.750000,70.776554,91.428571,35.388277,45.714286,350,50,0.142857,1300.000000,0.000000,35.000000,1.415627,1.828586
0,-0.000178,0.111111,0.100000,1.190322,0.160581,4286.587610,212.491124,87.681840,91.426417,43.840920,45.713208,440,50,0.111111,1200.000000,0.000000,40.000000,1.753846,1.828599
0,0.000000,0.333333,0.333333,0.036076,0.019459,2874.961938,62.720000,89.897341,31.279730,44.948670,15.639865,280,10,0.333333,1200.000000,0.000000,40.000000,1.797947,0.000000
0,0.003222,0.222222,0.416667,0.367251,0.189322,2342.375000,1900.000000,55.000625,39.998689,27.500313,19.999344,140,10,0.454545,1800.000000,0.000000,25.000000,1.100042,0.000000
0,-0.000198,0.064516,0.038462,0.440670,0.091663,2938.290123,150.000000,74.220667,35.000000,37.110334,17.500000,320,180,0.064516,2200.000000,0.000000,35.000000,1.484447,0.000000
0,-0.000913,0.300000,0.173913,0.047180,0.002951,415.752066,27.222222,75.818453,39.848248,37.909227,19.924124,190,140,0.300000,2000.000000,0.000000,35.000000,1.516372,0.000000
0,0.000000,0.105263,0.105263,0.106697,0.095609,2198.803965,1000.000000,77.038192,39.997509,38.519096,19.998755,300,170,0.105263,1000.000000,0.000000,35.000000,1.540771,0.000000
0,-0.000417,0.285714,0.222222,0.178393,0.123174,2462.760000,1800.000000,76.327053,40.000000,38.163527,20.000000,160,100,0.500000,2000.000000,0.000000,35.000000,1.526548,0.000000
0,0.000348,0.200000,0.238095,0.026614,3.629678,175.190083,35972.000000,78.950225,39.610923,39.475113,19.805462,220,130,0.263158,1700.000000,0.000000,35.000000,1.579007,0.000000
0,0.000000,0.125000,0.125000,0.077497,0.148498,271.665129,1512.000000,79.130784,81.244994,39.565392,40.622497,170,40,0.125000,1000.000000,0.000000,35.000000,1.582630,1.624907
0,-0.000157,0.066667,0.058824,0.148444,0.210515,1434.394558,2138.218750,67.233399,80.694909,33.616699,40.347454,210,140,0.066667,1100.000000,0.000000,30.000000,1.344676,1.613909
0,-0.000018,0.025000,0.020408,0.145429,0.012919,1189.736686,156.564879,89.389297,50.000000,44.694649,25.000000,360,50,0.025000,2300.000000,0.000000,40.000000,1.787796,0.000000
0,0.000873,0.500000,0.411765,0.024342,3.892428,158.444444,41872.000000,76.819306,77.748158,38.409653,38.874079,140,20,0.500000,2900.000000,0.000000,35.000000,1.536388,1.555144
0,-0.001379,0.153846,0.066667,0.273362,0.077345,316.444444,335.263889,51.992522,87.142857,25.996261,43.571429,160,40,0.153846,1500.000000,0.000000,25.000000,1.039969,1.742866
0,0.000000,0.230769,0.230769,0.026978,3.864437,136.000000,41584.000000,75.760088,79.177130,37.880044,39.588565,200,20,0.230769,1100.000000,0.000000,35.000000,1.515205,1.583722
0,0.000821,0.333333,0.384615,0.696469,0.045770,4936.000000,512.000000,47.326447,81.428172,23.663224,40.714086,310,10,0.384615,1200.000000,0.000000,20.000000,0.946578,1.628565
0,0.000386,0.142857,0.200000,1.474675,0.046749,3856.000000,544.000000,42.648456,82.499600,21.324228,41.249800,280,10,0.250000,1500.000000,0.000000,20.000000,0.853252,1.649994
0,0.000000,0.111111,0.111111,0.036818,0.064099,397.732253,705.514793,58.000963,50.000000,29.000482,25.000000,490,10,0.111111,1100.000000,0.000000,25.000000,1.160021,0.000000
0,0.000000,0.250000,0.250000,0.096718,0.026496,762.000000,400.000000,40.666551,39.204827,20.333275,19.602414,460,10,0.250000,1300.000000,0.000000,20.000000,0.813337,0.000000
0,0.000000,0.111111,0.111111,0.036818,0.064099,397.732253,705.514793,58.000963,50.000000,29.000482,25.000000,450,10,0.111111,1100.000000,0.000000,25.000000,1.160021,0.000000
0,-0.000506,0.500000,0.300000,0.005487,0.433352,40.000000,1152.000000,80.720167,43.750000,40.360084,21.875000,50,30,0.500000,2000.000000,0.000000,40.000000,1.614404,0.000000
0,0.000000,0.888889,0.888889,0.461531,0.000000,1690.495891,0.000000,44.767418,0.000000,22.383709,0.000000,500,10,0.888889,1100.000000,0.000000,20.000000,0.895412,0.000000
0,0.005333,0.400000,0.666667,0.018682,0.018801,345.810000,214.906250,48.917000,50.000000,24.458500,25.000000,460,10,0.666667,1200.000000,0.000000,20.000000,0.978341,0.000000
0,0.000000,0.500000,0.500000,0.010061,0.033864,108.250000,419.081633,41.518883,41.174299,20.759442,20.587149,300,10,0.500000,1300.000000,0.000000,20.000000,0.830378,0.000000
0,0.000000,0.111111,0.111111,0.036818,0.064099,397.732253,705.514793,58.000963,50.000000,29.000482,25.000000,470,10,0.111111,1100.000000,0.000000,25.000000,1.160021,0.000000
0,-0.001429,0.500000,0.333333,0.048001,0.017842,149.555556,171.500000,80.395369,42.141306,40.197685,21.070653,80,40,0.500000,1700.000000,0.000000,40.000000,1.607916,0.000000
0,0.000000,0.666667,0.666667,0.689742,0.018801,255.357593,214.906250,74.177925,50.000000,37.088963,25.000000,210,30,0.666667,1000.000000,0.000000,35.000000,1.484565,0.000000
0,0.000000,0.500000,0.500000,0.690050,0.018801,256.315926,214.906250,83.471052,50.000000,41.735526,25.000000,210,150,0.500000,1000.000000,0.000000,40.000000,1.670427,0.000000
0,0.000000,0.083333,0.083333,0.079322,0.017842,559.166667,171.500000,74.712886,42.141306,37.356443,21.070653,110,30,0.083333,1000.000000,0.000000,35.000000,1.494263,0.000000
0,0.000000,0.166667,0.166667,0.059738,0.119619,520.166667,355.555556,75.206848,36.249999,37.603424,18.124999,130,30,0.166667,1000.000000,0.000000,35.000000,1.504140,0.000000
0,-0.000409,0.600000,0.500000,0.027162,0.018801,194.375000,214.906250,47.553020,50.000000,23.776510,25.000000,340,10,0.600000,2400.000000,0.000000,20.000000,0.951062,0.000000
0,0.000000,0.083333,0.083333,0.004013,0.000000,41.291667,0.000000,75.706873,0.000000,37.853437,0.000000,150,30,0.083333,1000.000000,0.000000,35.000000,1.514138,0.000000
0,-0.000083,0.066667,0.062500,0.002275,0.037127,182.732333,203.062500,88.653846,37.926207,44.326923,18.963103,140,10,0.066667,1100.000000,0.000000,40.000000,1.773077,0.000000
0,0.000000,0.090909,0.090909,0.618867,0.569209,280.777778,2089.000000,68.199902,83.649279,34.099951,41.824640,340,130,0.090909,1000.000000,0.000000,30.000000,1.364680,1.673064
0,-0.000530,0.318182,0.291667,1.268778,0.045569,4172.387524,575.000000,76.122858,80.009032,38.061429,40.004516,480,310,0.318182,1100.000000,0.000000,35.000000,1.522686,1.600182
0,0.000000,0.166667,0.166667,0.004024,0.152286,58.666667,1764.000000,90.090375,41.110756,45.045188,20.555378,150,10,0.166667,1200.000000,0.000000,45.000000,1.801808,0.000000
0,0.000000,0.333333,0.333333,0.121743,0.032455,1231.000000,400.000000,82.271093,40.000000,41.135546,20.000000,310,110,0.333333,1100.000000,0.000000,40.000000,1.645428,0.000000
0,0.000000,1.000000,1.000000,0.529647,0.000000,950.000000,0.000000,90.526276,0.000000,45.263138,0.000000,110,60,1.000000,2300.000000,0.000000,45.000000,1.810749,0.000000
0,-0.000790,1.000000,0.875000,0.078514,0.021651,441.333333,262.000000,87.500000,90.681930,43.750000,45.340965,350,10,1.000000,2600.000000,0.000000,40.000000,1.750009,1.813640
0,-0.000263,0.090909,0.074074,0.658964,0.043689,1919.444444,712.000000,56.428571,100.000000,28.214286,50.000000,330,10,0.111111,2800.000000,0.000000,25.000000,1.128685,2.000001
0,-0.000095,0.071429,0.066667,0.082014,0.018060,754.502857,211.111111,91.428629,100.000000,45.714314,50.000000,500,220,0.071429,1100.000000,0.000000,45.000000,1.828579,2.000001
0,-0.000095,0.071429,0.066667,0.082014,0.018060,754.502857,211.111111,91.428629,100.000000,45.714314,50.000000,500,350,0.071429,1100.000000,0.000000,45.000000,1.828579,2.000001
0,0.000000,0.058824,0.058824,0.195286,0.014969,1005.360000,186.777778,94.522462,100.000000,47.261231,50.000000,330,230,0.058824,1100.000000,0.000000,45.000000,1.890481,2.000001
0,-0.000089,0.062500,0.034483,1.291042,0.107096,2955.067034,1396.045714,77.303934,100.000000,38.651967,50.000000,350,320,0.062500,2900.000000,0.000000,35.000000,1.546375,2.000004
0,-0.000215,0.500000,0.034483,0.020731,0.107096,123.656805,1396.045714,89.979888,100.000000,44.989944,50.000000,340,40,0.500000,3000.000000,0.000000,40.000000,1.799600,2.000004
0,0.000000,0.058824,0.058824,0.195286,0.014969,1005.360000,186.777778,94.522462,100.000000,47.261231,50.000000,350,230,0.058824,1100.000000,0.000000,45.000000,1.890481,2.000001
0,-0.000089,0.062500,0.034483,1.291042,0.107096,2955.067034,1396.045714,77.303934,100.000000,38.651967,50.000000,320,100,0.062500,2900.000000,0.000000,35.000000,1.546375,2.000004
0,-0.000215,0.500000,0.034483,0.020731,0.107096,123.656805,1396.045714,89.979888,100.000000,44.989944,50.000000,300,40,0.500000,3000.000000,0.000000,40.000000,1.799600,2.000004
0,-0.000263,0.090909,0.074074,0.658964,0.043689,1919.444444,712.000000,56.428571,100.000000,28.214286,50.000000,60,10,0.111111,2800.000000,0.000000,25.000000,1.128685,2.000001
0,-0.001326,0.300000,0.200000,0.086129,0.004463,1158.125000,48.000000,89.999581,92.499598,44.999790,46.249799,460,70,0.300000,1500.000000,0.000000,40.000000,1.799996,1.849992
0,-0.000284,0.125000,0.074074,0.304302,0.043689,1705.777778,712.000000,77.975726,100.000000,38.987863,50.000000,110,50,0.125000,2900.000000,0.000000,35.000000,1.559542,2.000001
0,-0.000199,0.111111,0.100000,0.083682,0.013232,1257.445000,170.040816,96.153846,90.613136,48.076923,45.306568,190,10,0.111111,1500.000000,0.000000,45.000000,1.923081,1.812263
0,-0.000089,0.062500,0.034483,1.381677,0.107096,2955.067034,1396.045714,77.303934,100.000000,38.651967,50.000000,320,20,0.062500,2900.000000,0.000000,35.000000,1.546427,2.000004
0,0.000115,0.500000,1.000000,0.029451,0.000000,52.000000,0.000000,77.614471,0.000000,38.807235,0.000000,110,10,1.000000,3300.000000,0.000000,35.000000,1.552307,0.000000
0,-0.002182,0.200000,0.090909,0.073400,0.569209,95.250000,2089.000000,71.949410,83.649279,35.974705,41.824640,270,70,0.200000,1700.000000,0.000000,35.000000,1.439019,1.673064
0,0.000000,0.058824,0.058824,0.195286,0.014969,1005.360000,186.777778,94.522462,100.000000,47.261231,50.000000,500,330,0.058824,1100.000000,0.000000,45.000000,1.890481,2.000001
0,0.000000,1.000000,1.000000,0.529647,0.000000,950.000000,0.000000,90.526276,0.000000,45.263138,0.000000,210,60,1.000000,2300.000000,0.000000,45.000000,1.810749,0.000000
0,-0.000790,1.000000,0.875000,0.078514,0.021651,441.333333,262.000000,87.500000,90.681930,43.750000,45.340965,80,10,1.000000,2600.000000,0.000000,40.000000,1.750009,1.813640
0,0.000000,0.076923,0.076923,0.490344,0.564612,258.677186,2025.000000,81.287958,44.444444,40.643979,22.222222,190,130,0.076923,1000.000000,0.000000,40.000000,1.626299,0.000000
0,-0.000095,0.071429,0.066667,0.082014,0.018060,754.502857,211.111111,91.428629,100.000000,45.714314,50.000000,230,220,0.071429,1100.000000,0.000000,45.000000,1.828579,2.000001
0,0.000000,0.058824,0.058824,0.195286,0.014969,1005.360000,186.777778,94.522462,100.000000,47.261231,50.000000,500,350,0.058824,1100.000000,0.000000,45.000000,1.890481,2.000001
0,-0.001456,0.142857,0.076923,0.032880,0.564612,88.138889,2025.000000,66.954401,44.444444,33.477201,22.222222,120,70,0.285714,1700.000000,0.000000,30.000000,1.339094,0.000000
0,-0.000215,0.500000,0.034483,0.020731,0.107096,123.656805,1396.045714,89.979888,100.000000,44.989944,50.000000,230,40,0.500000,3000.000000,0.000000,40.000000,1.799600,2.000004
0,-0.000291,0.125000,0.074074,0.057067,0.043689,1114.299169,712.000000,79.969799,100.000000,39.984900,50.000000,280,70,0.200000,3300.000000,0.000000,35.000000,1.599398,2.000001
0,0.000000,0.500000,0.500000,0.003244,0.002559,59.666667,37.555556,39.469885,39.997536,19.734942,19.998768,170,10,0.500000,1600.000000,0.000000,15.000000,0.789398,0.000000
0,-0.000215,0.500000,0.034483,0.020731,0.107096,123.656805,1396.045714,89.979888,100.000000,44.989944,50.000000,90,40,0.500000,3000.000000,0.000000,40.000000,1.799600,2.000004
0,-0.000095,0.071429,0.066667,0.082014,0.018060,754.502857,211.111111,91.428629,100.000000,45.714314,50.000000,350,230,0.071429,1100.000000,0.000000,45.000000,1.828579,2.000001
0,0.000000,0.100000,0.100000,0.124926,0.359153,1260.375000,700.000000,81.437759,80.001634,40.718880,40.000817,310,240,0.100000,1100.000000,0.000000,40.000000,1.628761,1.600212
0,0.000000,0.068966,0.068966,1.218631,0.013607,3687.747524,187.000000,86.351766,90.009032,43.175883,45.004516,480,230,0.068966,1100.000000,0.000000,40.000000,1.727262,1.800181
0,-0.001326,0.300000,0.200000,0.086129,0.004463,1158.125000,48.000000,89.999581,92.499598,44.999790,46.249799,190,70,0.300000,1500.000000,0.000000,40.000000,1.799996,1.849992
0,-0.000089,0.062500,0.034483,1.291042,0.107096,2955.067034,1396.045714,77.303934,100.000000,38.651967,50.000000,320,310,0.062500,2900.000000,0.000000,35.000000,1.546375,2.000004
0,-0.000451,0.071429,0.041667,0.992976,0.032455,7325.340000,400.000000,80.678111,40.000000,40.339055,20.000000,430,230,0.071429,1900.000000,0.000000,40.000000,1.613630,0.000000
0,-0.000199,0.111111,0.100000,0.083682,0.013232,1257.445000,170.040816,96.153846,90.613136,48.076923,45.306568,460,10,0.111111,1500.000000,0.000000,45.000000,1.923081,1.812263
0,-0.000089,0.062500,0.034483,1.291042,0.107096,2955.067034,1396.045714,77.303934,100.000000,38.651967,50.000000,320,240,0.062500,2900.000000,0.000000,35.000000,1.546375,2.000004
0,0.000000,0.068966,0.068966,1.218631,0.013607,3687.747524,187.000000,86.351766,90.009032,43.175883,45.004516,500,480,0.068966,1100.000000,0.000000,40.000000,1.727262,1.800181
0,-0.000089,0.062500,0.034483,1.094443,0.107096,2955.067034,1396.045714,77.303934,100.000000,38.651967,50.000000,50,20,0.062500,2900.000000,0.000000,35.000000,1.546351,2.000004
0,0.000000,0.166667,0.166667,0.024591,0.029817,61.375000,300.000000,82.499712,40.000130,41.249856,20.000065,220,90,0.166667,1400.000000,0.000000,40.000000,1.650000,0.000000
0,0.000000,1.000000,1.000000,0.013188,0.000000,212.636735,0.000000,45.676568,0.000000,22.838284,0.000000,170,10,1.000000,3100.000000,0.000000,20.000000,0.913532,0.000000
0,0.002303,0.600000,0.928571,0.002980,0.028253,59.415000,300.000000,77.273101,40.000000,38.636551,20.000000,140,10,0.928571,2300.000000,0.000000,35.000000,1.545462,0.000000
0,-0.001625,0.090909,0.125000,0.003208,0.030324,44.400000,330.375000,41.874081,90.000000,20.937041,45.000000,160,10,0.333333,2100.000000,0.000000,20.000000,0.837482,1.800001
0,0.000000,0.071429,0.071429,0.022133,0.002072,93.961806,30.375000,84.474695,50.000000,42.237348,25.000000,410,30,0.071429,1000.000000,0.000000,40.000000,1.689497,0.000000
0,0.000000,0.666667,0.666667,0.052195,0.012286,2560.222222,175.000000,79.586704,41.428571,39.793352,20.714286,420,50,0.666667,1800.000000,0.000000,35.000000,1.591737,0.000000
0,0.006116,0.250000,0.928571,0.519491,0.028253,1889.000000,300.000000,40.519660,40.000000,20.259830,20.000000,120,10,0.928571,3600.000000,0.000000,20.000000,0.810466,0.000000
0,0.006116,0.250000,0.928571,0.519491,0.028253,1889.000000,300.000000,40.519660,40.000000,20.259830,20.000000,280,10,0.928571,3600.000000,0.000000,20.000000,0.810466,0.000000
0,0.000000,0.100000,0.100000,0.029838,0.114907,108.431241,569.120000,82.566689,87.222352,41.283345,43.611176,270,220,0.100000,1400.000000,0.000000,40.000000,1.651340,1.744462
0,0.000000,0.285714,0.285714,0.097657,0.512210,683.520000,824.000000,76.898835,73.289742,38.449417,36.644871,380,230,0.285714,1100.000000,0.000000,35.000000,1.537985,1.466000
0,0.000000,0.071429,0.071429,0.022133,0.002072,93.961806,30.375000,84.474695,50.000000,42.237348,25.000000,380,30,0.071429,1000.000000,0.000000,40.000000,1.689497,0.000000
0,0.000000,0.352941,0.352941,0.008874,0.030324,139.062500,330.375000,79.077488,90.000000,39.538744,45.000000,250,10,0.352941,1200.000000,0.000000,35.000000,1.581550,1.800001
0,0.006116,0.250000,0.928571,0.519491,0.028253,1889.000000,300.000000,40.519660,40.000000,20.259830,20.000000,150,10,0.928571,3600.000000,0.000000,20.000000,0.810466,0.000000
0,0.000000,0.071429,0.071429,0.022133,0.002072,93.961806,30.375000,84.474695,50.000000,42.237348,25.000000,540,30,0.071429,1000.000000,0.000000,40.000000,1.689497,0.000000
0,0.000000,0.071429,0.071429,0.022133,0.002072,93.961806,30.375000,84.474695,50.000000,42.237348,25.000000,510,30,0.071429,1000.000000,0.000000,40.000000,1.689497,0.000000
0,0.006116,0.250000,0.928571,0.519491,0.028253,1889.000000,300.000000,40.519660,40.000000,20.259830,20.000000,250,10,0.928571,3600.000000,0.000000,20.000000,0.810466,0.000000
0,0.000000,1.000000,1.000000,0.016275,0.000000,132.000000,0.000000,72.751009,0.000000,36.375504,0.000000,160,10,1.000000,2600.000000,0.000000,35.000000,1.455024,0.000000
0,0.000000,0.071429,0.071429,0.022133,0.002072,93.961806,30.375000,84.474695,50.000000,42.237348,25.000000,140,30,0.071429,1000.000000,0.000000,40.000000,1.689497,0.000000
0,0.000000,0.111111,0.111111,0.098335,0.008507,1769.725762,91.500000,79.302795,83.333312,39.651398,41.666656,440,100,0.111111,1500.000000,0.000000,35.000000,1.586059,1.666667
0,-0.001036,0.666667,0.478261,0.029182,11.541347,197.562500,93580.000000,55.455645,83.863636,27.727823,41.931818,150,10,0.800000,3100.000000,0.000000,25.000000,1.109115,1.678001
0,0.000090,0.333333,0.055556,0.334967,0.209531,790.222222,2288.268800,66.929897,39.374992,33.464949,19.687496,160,80,0.500000,4800.000000,0.000000,30.000000,1.338716,0.000000
0,-0.000711,0.250000,0.200000,0.153281,0.119148,3218.410431,1137.500000,78.914846,81.666634,39.457423,40.833317,450,170,0.250000,1400.000000,0.000000,35.000000,1.578303,1.633339
0,-0.000186,0.080000,0.066667,0.126910,0.042735,2098.145515,662.500000,84.553303,89.666645,42.276652,44.833323,480,440,0.080000,1500.000000,0.000000,40.000000,1.691070,1.793334
0,0.000000,1.000000,1.000000,0.031764,0.342513,275.111877,1276.400000,46.976809,77.363635,23.488405,38.681818,210,10,1.000000,1100.000000,0.000000,20.000000,0.939538,1.547321
0,-0.000186,0.080000,0.066667,0.126910,0.042735,2098.145515,662.500000,84.553303,89.666645,42.276652,44.833323,440,440,0.080000,1500.000000,0.000000,40.000000,1.691070,1.793334
0,0.000000,0.222222,0.222222,0.085870,0.055025,1893.942177,147.750000,79.029796,77.219952,39.514898,38.609976,490,280,0.222222,1000.000000,0.000000,35.000000,1.580598,1.544411
0,0.000000,0.076923,0.076923,0.706042,11.237236,5726.077098,92656.400000,47.190781,88.499999,23.595391,44.249999,350,10,0.076923,1100.000000,0.000000,20.000000,0.943859,1.770681
0,-0.000242,0.181818,0.166667,0.136420,0.005540,85.680000,64.000000,67.279439,39.994972,33.639720,19.997486,340,20,0.181818,1200.000000,0.000000,30.000000,1.345732,0.000000
0,-0.000036,0.051282,0.048780,0.084837,0.532843,1135.774061,3388.268800,80.068719,75.738628,40.034359,37.869314,420,180,0.051282,1400.000000,0.000000,40.000000,1.601378,1.514830
0,-0.000881,0.038462,0.366667,0.506940,0.038769,2360.283077,625.000000,72.531734,48.000000,36.265867,24.000000,80,70,0.533333,5600.000000,0.000000,35.000000,1.450691,0.000000
0,-0.000292,0.200000,0.117647,1.020669,0.564836,8389.720000,437.500000,70.079220,71.665846,35.039610,35.832923,360,190,0.200000,2300.000000,0.000000,35.000000,1.401679,1.433710
0,0.000000,0.083333,0.083333,0.054655,0.017233,382.680000,148.923077,55.822680,50.000000,27.911340,25.000000,110,10,0.083333,1300.000000,0.000000,25.000000,1.116458,0.000000
0,0.000000,0.083333,0.083333,0.054655,0.017233,382.680000,148.923077,55.822680,50.000000,27.911340,25.000000,110,10,0.083333,1300.000000,0.000000,25.000000,1.116458,0.000000
0,-0.000148,0.166667,0.111111,0.029668,0.004540,269.396122,54.000000,53.916684,41.666667,26.958342,20.833333,400,10,0.166667,2400.000000,0.000000,25.000000,1.078335,0.000000
0,-0.000881,0.076923,0.366667,0.563797,0.038769,2569.737551,625.000000,72.453559,48.000000,36.226779,24.000000,80,30,0.533333,5600.000000,0.000000,35.000000,1.449134,0.000000
0,-0.000881,0.038462,0.366667,0.506940,0.038769,2360.283077,625.000000,72.531734,48.000000,36.265867,24.000000,80,50,0.533333,5600.000000,0.000000,35.000000,1.450691,0.000000
0,0.000000,1.000000,1.000000,0.156859,0.035373,3349.720000,437.500000,64.687562,81.666645,32.343781,40.833323,360,30,1.000000,2300.000000,0.000000,30.000000,1.293809,1.633334
0,0.000000,0.125000,0.125000,0.061713,0.330838,284.701447,1172.000000,70.410778,77.611122,35.205389,38.805561,210,20,0.125000,1100.000000,0.000000,35.000000,1.408234,1.552270
0,-0.000115,0.071429,0.062500,0.024044,0.082966,1713.970431,98.750000,80.026744,75.666643,40.013372,37.833322,450,100,0.071429,1400.000000,0.000000,40.000000,1.600535,1.513384
0,-0.001040,0.333333,0.222222,0.024501,0.010848,1229.395062,100.220000,88.956275,81.666618,44.478138,40.833309,420,10,0.333333,1700.000000,0.000000,40.000000,1.779126,1.633333
0,0.000000,0.666667,0.666667,0.005308,0.000000,63.579408,0.000000,46.529552,0.000000,23.264776,0.000000,180,10,0.666667,1300.000000,0.000000,20.000000,0.930591,0.000000
0,-0.000186,0.080000,0.066667,0.126910,0.042735,2098.145515,662.500000,84.553303,89.666645,42.276652,44.833323,460,440,0.080000,1500.000000,0.000000,40.000000,1.691070,1.793334
0,0.000000,0.142857,0.142857,0.044449,0.008202,92.183673,96.000000,75.247461,41.663320,37.623730,20.831660,230,60,0.142857,1200.000000,0.000000,35.000000,1.504966,0.000000
0,0.000000,0.666667,0.666667,0.873028,0.064604,1976.000000,646.527778,82.177908,40.497576,41.088954,20.248788,180,140,0.666667,1300.000000,0.000000,40.000000,1.643752,0.000000
0,0.000000,0.444444,0.444444,0.005799,0.015158,73.440000,158.760000,53.333333,40.817951,26.666667,20.408976,210,10,0.444444,1000.000000,0.000000,25.000000,1.066667,0.000000
0,0.000000,0.363636,0.363636,0.032654,0.607619,142.750000,3240.000000,87.272582,45.000000,43.636291,22.500000,420,410,0.363636,1100.000000,0.000000,40.000000,1.745456,0.000000
0,-0.000145,0.100000,0.090909,0.083355,0.979382,435.750000,4374.000000,76.964086,85.714286,38.482043,42.857143,510,180,0.100000,1200.000000,0.000000,35.000000,1.539300,1.714404
0,-0.001690,0.400000,0.186441,0.285204,0.019629,791.891582,511.000000,77.688588,86.681721,38.844294,43.340861,300,110,0.423077,3200.000000,0.000000,35.000000,1.553832,1.733635
0,0.000625,0.285714,0.464286,0.003089,0.026747,288.348765,636.000000,84.117647,85.253150,42.058824,42.626575,90,10,0.500000,4200.000000,0.000000,40.000000,1.682353,1.705064
0,0.000000,0.363636,0.363636,0.032654,0.607619,142.750000,3240.000000,87.272582,45.000000,43.636291,22.500000,490,410,0.363636,1100.000000,0.000000,40.000000,1.745456,0.000000
0,-0.000205,0.125000,0.100000,0.265337,0.034788,2194.722222,255.083333,56.575087,79.760228,28.287543,39.880114,390,10,0.125000,2300.000000,0.000000,25.000000,1.131518,1.595208
0,-0.000045,0.188679,0.186441,0.294112,0.019629,2733.286133,511.000000,79.187507,86.681721,39.593754,43.340861,510,10,0.188679,1100.000000,0.000000,35.000000,1.583767,1.733635
0,0.000000,0.533333,0.533333,3.786807,0.011788,96147.183673,423.500000,88.852398,42.879725,44.426199,21.439862,270,210,0.533333,1400.000000,0.000000,40.000000,1.777123,0.000000
0,0.000000,0.444444,0.444444,0.009073,0.005610,126.250000,61.250000,50.000000,41.363862,25.000000,20.681931,150,10,0.444444,1000.000000,0.000000,25.000000,1.000001,0.000000
0,0.000397,0.444444,0.464286,0.035588,0.026747,413.947290,636.000000,80.213464,85.253150,40.106732,42.626575,400,10,0.464286,1100.000000,0.000000,40.000000,1.604271,1.705064
0,-0.000061,0.033333,0.030303,0.038462,0.040051,545.100948,781.500000,80.938440,86.614050,40.469220,43.307025,240,10,0.033333,1100.000000,0.000000,40.000000,1.618770,1.732282
0,0.000000,0.090909,0.090909,0.014206,1.601751,91.070000,4374.000000,91.356309,85.714286,45.678154,42.857143,530,130,0.090909,1000.000000,0.000000,45.000000,1.827127,1.714778
0,0.000000,0.363636,0.363636,0.032654,0.607619,142.750000,3240.000000,87.272582,45.000000,43.636291,22.500000,510,410,0.363636,1100.000000,0.000000,40.000000,1.745456,0.000000
0,0.000000,0.363636,0.363636,0.032654,0.607619,142.750000,3240.000000,87.272582,45.000000,43.636291,22.500000,470,410,0.363636,1100.000000,0.000000,40.000000,1.745456,0.000000
0,-0.000732,0.800000,0.666667,0.063990,0.189767,488.107266,2040.428571,60.166365,39.999918,30.083182,19.999959,80,10,0.800000,3000.000000,0.000000,30.000000,1.203332,0.000000
0,-0.000095,0.040000,0.030303,0.189567,0.040051,258.007055,781.500000,77.768217,86.614050,38.884108,43.307025,160,80,0.045455,2700.000000,0.000000,35.000000,1.555466,1.732282
0,0.000000,0.083333,0.083333,0.015031,0.572187,158.886667,328.543210,65.000000,59.167533,32.500000,29.583766,380,10,0.083333,1100.000000,0.000000,30.000000,1.300001,1.183892
0,0.000000,0.090909,0.090909,0.014206,1.601751,91.070000,4374.000000,91.356309,85.714286,45.678154,42.857143,520,130,0.090909,1000.000000,0.000000,45.000000,1.827127,1.714778
0,0.000000,0.090909,0.090909,0.014206,1.601751,91.070000,4374.000000,91.356309,85.714286,45.678154,42.857143,500,130,0.090909,1000.000000,0.000000,45.000000,1.827127,1.714778
0,0.000000,0.090909,0.090909,0.014206,1.601751,91.070000,4374.000000,91.356309,85.714286,45.678154,42.857143,480,130,0.090909,1000.000000,0.000000,45.000000,1.827127,1.714778
0,0.000000,0.083333,0.083333,0.015031,0.572187,158.886667,328.543210,65.000000,59.167533,32.500000,29.583766,360,10,0.083333,1100.000000,0.000000,30.000000,1.300001,1.183892
0,0.000000,0.533333,0.533333,3.786807,0.011788,96147.183673,423.500000,88.852398,42.879725,44.426199,21.439862,210,60,0.533333,1400.000000,0.000000,40.000000,1.777123,0.000000
0,0.000000,0.363636,0.363636,0.032654,0.607619,142.750000,3240.000000,87.272582,45.000000,43.636291,22.500000,520,410,0.363636,1100.000000,0.000000,40.000000,1.745456,0.000000
0,0.000312,0.062500,0.357143,0.327193,0.032854,1192.798611,475.000000,76.938784,81.428571,38.469392,40.714286,300,190,0.411765,3200.000000,0.000000,35.000000,1.538838,1.628573
0,0.000000,0.090909,0.090909,0.014206,1.601751,91.070000,4374.000000,91.356309,85.714286,45.678154,42.857143,430,130,0.090909,1000.000000,0.000000,45.000000,1.827127,1.714778
0,-0.000145,0.100000,0.090909,0.083355,0.979382,435.750000,4374.000000,76.964086,85.714286,38.482043,42.857143,410,180,0.100000,1200.000000,0.000000,35.000000,1.539300,1.714404
0,-0.000145,0.100000,0.090909,0.083355,0.979382,435.750000,4374.000000,76.964086,85.714286,38.482043,42.857143,500,180,0.100000,1200.000000,0.000000,35.000000,1.539300,1.714404
0,-0.000145,0.100000,0.090909,0.083355,0.979382,435.750000,4374.000000,76.964086,85.714286,38.482043,42.857143,480,180,0.100000,1200.000000,0.000000,35.000000,1.539300,1.714404
0,0.000000,0.555556,0.555556,0.002644,0.005602,74.000000,62.720000,55.333014,39.999998,27.666507,19.999999,90,10,0.555556,1000.000000,0.000000,25.000000,1.106660,0.000000
0,0.000000,0.636364,0.636364,0.019813,0.176294,243.440000,1926.234568,53.315261,50.000000,26.657630,25.000000,440,10,0.636364,1000.000000,0.000000,25.000000,1.066306,0.000000
0,-0.000205,0.125000,0.100000,0.152448,0.041905,210.895692,380.083333,56.656478,78.331656,28.328239,39.165828,280,10,0.125000,2300.000000,0.000000,25.000000,1.133193,1.566637
0,-0.002040,0.500000,0.250000,0.046895,0.185296,332.000000,2031.250000,78.727681,39.998414,39.363840,19.999207,130,100,0.500000,2200.000000,0.000000,35.000000,1.574557,0.000000
0,-0.000145,0.100000,0.090909,0.083355,0.979382,435.750000,4374.000000,76.964086,85.714286,38.482043,42.857143,460,180,0.100000,1200.000000,0.000000,35.000000,1.539300,1.714404
0,-0.000038,0.062500,0.058824,0.036284,0.011920,387.156250,190.037778,76.668021,69.999995,38.334011,34.999997,220,10,0.062500,1400.000000,0.000000,35.000000,1.533362,1.400000
0,0.000000,0.500000,0.500000,0.026270,0.087519,27.111111,900.000000,81.515137,39.971883,40.757569,19.985941,330,30,0.500000,1200.000000,0.000000,40.000000,1.630316,0.000000
0,-0.000610,0.333333,0.285714,0.004279,0.012168,220.899408,141.750000,55.242977,41.428570,27.621489,20.714285,170,10,0.333333,1600.000000,0.000000,25.000000,1.104860,0.000000
0,0.000000,0.285714,0.285714,0.112030,0.019435,1011.312500,217.561983,50.237112,50.000000,25.118556,25.000000,430,10,0.285714,1100.000000,0.000000,25.000000,1.004749,0.000000
0,-0.000181,0.333333,0.312500,0.258564,7.058425,746.142857,6484.000000,72.670445,89.999968,36.335222,44.999984,420,50,0.333333,1300.000000,0.000000,35.000000,1.453457,1.804055
0,0.000000,0.142857,0.142857,0.643715,0.223382,10352.111111,686.000000,82.838163,46.428571,41.419081,23.214286,110,20,0.142857,1000.000000,0.000000,40.000000,1.656783,0.000000
0,0.000000,0.142857,0.142857,0.643715,0.223382,10352.111111,686.000000,82.838163,46.428571,41.419081,23.214286,320,20,0.142857,1000.000000,0.000000,40.000000,1.656783,0.000000
0,-0.000794,0.181818,0.280000,9.683471,0.018129,4438.000000,190.863905,72.699818,50.000000,36.349909,25.000000,100,30,0.466667,2300.000000,0.000000,35.000000,1.464620,0.000000
0,0.000500,0.100000,0.125000,0.019334,0.005953,59.265306,72.000000,84.114229,41.249984,42.057115,20.624992,220,40,0.125000,1100.000000,0.000000,40.000000,1.682290,0.000000
0,0.000000,0.400000,0.400000,0.004110,0.036264,99.265306,500.000000,41.732933,40.000000,20.866467,20.000000,230,10,0.400000,1000.000000,0.000000,20.000000,0.834659,0.000000
0,0.000833,0.333333,0.375000,0.037484,0.000000,273.120000,0.000000,83.573932,0.000000,41.786966,0.000000,200,20,0.375000,1200.000000,0.000000,40.000000,1.671482,0.000000
0,0.000000,0.166667,0.166667,0.067477,0.010141,441.000000,62.920000,83.605970,46.153846,41.802985,23.076923,270,30,0.166667,1000.000000,0.000000,40.000000,1.672125,0.000000
0,0.000000,0.166667,0.166667,0.022438,0.167317,96.666667,1800.000000,80.681802,79.971691,40.340901,39.985845,70,30,0.166667,1200.000000,0.000000,40.000000,1.613643,1.599442
0,-0.000231,0.090909,0.071429,0.193036,0.022512,423.000000,254.863905,78.568555,89.999968,39.284278,44.999984,340,120,0.090909,1400.000000,0.000000,35.000000,1.571519,1.800000
0,-0.000169,0.083333,0.071429,0.027968,0.022512,137.166667,254.863905,79.637682,89.999968,39.818841,44.999984,240,20,0.090909,2400.000000,0.000000,35.000000,1.592762,1.800000
0,-0.000853,0.333333,0.250000,0.078426,0.041182,1168.000000,700.000000,100.000000,50.000000,50.000000,25.000000,170,10,0.333333,1600.000000,0.000000,50.000000,2.000003,0.000000
0,-0.000318,0.058824,0.041667,0.955679,0.036231,5492.632774,734.024691,75.317566,85.653265,37.658783,42.826632,340,320,0.058824,1200.000000,0.000000,35.000000,1.506435,1.713066
0,-0.001219,0.833333,0.714286,0.013078,0.079799,105.666667,900.000000,73.291180,39.999808,36.645590,19.999904,270,10,0.833333,1800.000000,0.000000,35.000000,1.465827,0.000000
0,-0.000905,0.285714,0.222222,0.044247,0.004453,90.899408,47.449704,58.300957,43.613371,29.150478,21.806685,160,40,0.285714,1700.000000,0.000000,25.000000,1.166035,0.000000
0,-0.000219,0.052632,0.041667,2.282136,0.036231,5415.480456,734.024691,78.148819,85.653265,39.074410,42.826632,350,20,0.052632,1100.000000,0.000000,35.000000,1.563721,1.713066
0,0.001053,1.000000,1.000000,0.093070,0.059006,179.698413,574.222222,79.524438,80.423196,39.762219,40.211598,240,140,1.000000,1700.000000,0.000000,35.000000,1.590513,1.608467
0,0.000000,0.333333,0.333333,0.071971,0.019011,557.460000,212.963989,80.572031,41.827313,40.286016,20.913657,100,30,0.333333,1000.000000,0.000000,40.000000,1.611445,0.000000
0,-0.000853,0.333333,0.250000,0.078426,0.041182,1168.000000,700.000000,100.000000,50.000000,50.000000,25.000000,280,10,0.333333,1600.000000,0.000000,50.000000,2.000003,0.000000
0,-0.001327,0.666667,0.280000,0.024820,0.018129,48.166667,190.863905,70.729268,50.000000,35.364634,25.000000,90,20,0.666667,2400.000000,0.000000,35.000000,1.414594,0.000000
0,0.001919,0.125000,0.500000,0.022049,0.004383,168.373724,64.000000,41.472798,39.999968,20.736399,19.999984,160,10,0.545455,3200.000000,0.000000,20.000000,0.829458,0.000000
0,0.001283,0.333333,0.700000,0.348531,0.093941,891.000000,1100.000000,83.333333,50.000000,41.666667,25.000000,470,130,0.833333,1900.000000,0.000000,40.000000,1.666764,0.000000
0,0.000000,0.166667,0.166667,0.067477,0.010141,441.000000,62.920000,83.605970,46.153846,41.802985,23.076923,400,30,0.166667,1000.000000,0.000000,40.000000,1.672125,0.000000
0,-0.000074,0.062500,0.058824,0.417708,0.053486,2346.376417,550.887574,77.095800,40.524030,38.547900,20.262015,220,170,0.062500,1100.000000,0.000000,35.000000,1.541953,0.000000
0,-0.000183,0.142857,0.125000,0.042891,0.016477,102.149408,252.000000,64.833200,41.428581,32.416600,20.714290,160,100,0.142857,1700.000000,0.000000,30.000000,1.296680,0.000000
0,0.000000,0.200000,0.200000,0.032458,0.040647,339.625000,564.000000,40.677591,79.999968,20.338796,39.999984,380,10,0.200000,1000.000000,0.000000,20.000000,0.813554,1.600001
0,0.000000,0.285714,0.285714,0.112030,0.019435,1011.312500,217.561983,50.237112,50.000000,25.118556,25.000000,110,10,0.285714,1100.000000,0.000000,25.000000,1.004749,0.000000
0,0.001283,0.333333,0.700000,0.348531,0.093941,891.000000,1100.000000,83.333333,50.000000,41.666667,25.000000,290,130,0.833333,1900.000000,0.000000,40.000000,1.666764,0.000000
0,0.000024,0.428571,0.333333,0.217120,0.056498,930.222222,1038.000000,87.058823,91.250000,43.529412,45.625000,130,110,0.428571,2100.000000,0.000000,40.000000,1.741202,1.825002
0,-0.002115,0.500000,0.058824,0.026040,0.033253,158.923469,561.979239,77.629720,90.000000,38.814860,45.000000,240,80,0.500000,2900.000000,0.000000,35.000000,1.552597,1.800001
0,0.000000,0.142857,0.142857,0.370867,0.033893,2335.135802,700.000000,56.163574,50.000000,28.081787,25.000000,240,10,0.142857,1000.000000,0.000000,25.000000,1.123301,0.000000
0,0.000000,0.090909,0.090909,0.467117,0.001422,1205.350000,27.222222,72.421993,40.000000,36.210997,20.000000,370,30,0.090909,1200.000000,0.000000,35.000000,1.448557,0.000000
0,-0.006857,0.571429,0.142857,2.782516,0.024771,7440.750000,448.000000,89.291759,41.428553,44.645880,20.714277,130,30,0.571429,1200.000000,0.000000,40.000000,1.786365,0.000000
0,-0.000152,0.090909,0.083333,0.180554,0.035901,1586.843750,737.555556,87.727255,90.000000,43.863627,45.000000,240,200,0.090909,1400.000000,0.000000,40.000000,1.754555,1.800001
0,0.000000,0.090909,0.090909,0.191782,0.001422,273.070000,27.222222,71.459366,40.000000,35.729683,20.000000,420,30,0.090909,1200.000000,0.000000,35.000000,1.429270,0.000000
0,0.000000,0.076923,0.076923,0.131502,0.141947,889.595000,1930.549745,91.225916,50.000000,45.612958,25.000000,480,430,0.076923,1100.000000,0.000000,45.000000,1.824537,0.000000
0,0.000000,0.111111,0.111111,0.012648,0.001422,59.062500,27.222222,82.178651,40.000000,41.089326,20.000000,280,50,0.111111,1000.000000,0.000000,40.000000,1.643576,0.000000
0,0.000000,1.000000,1.000000,0.038106,0.013440,456.250000,182.812500,60.000025,50.000000,30.000013,25.000000,130,10,1.000000,1000.000000,0.000000,30.000000,1.200002,0.000000
0,0.000297,0.040000,0.058824,0.095010,0.033253,429.686794,561.979239,81.439966,90.000000,40.719983,45.000000,480,370,0.066667,1600.000000,0.000000,40.000000,1.628811,1.800001
0,-0.006857,0.571429,0.142857,2.782516,0.024771,7440.750000,448.000000,89.291759,41.428553,44.645880,20.714277,420,30,0.571429,1200.000000,0.000000,40.000000,1.786365,0.000000
0,0.000000,0.142857,0.142857,0.370867,0.033893,2335.135802,700.000000,56.163574,50.000000,28.081787,25.000000,350,10,0.142857,1000.000000,0.000000,25.000000,1.123301,0.000000
0,0.000000,1.000000,1.000000,0.001768,0.002008,44.000000,37.555556,50.000000,40.000000,25.000000,20.000000,280,10,1.000000,1000.000000,0.000000,20.000000,1.000000,0.000000
0,0.000000,1.000000,1.000000,0.038106,0.013440,456.250000,182.812500,60.000025,50.000000,30.000013,25.000000,450,10,1.000000,1000.000000,0.000000,30.000000,1.200002,0.000000
0,0.000000,0.076923,0.076923,0.131502,0.141947,889.595000,1930.549745,91.225916,50.000000,45.612958,25.000000,480,140,0.076923,1100.000000,0.000000,45.000000,1.824537,0.000000
0,0.000024,0.428571,0.333333,0.217120,0.056498,930.222222,1038.000000,87.058823,91.250000,43.529412,45.625000,240,110,0.428571,2100.000000,0.000000,40.000000,1.741202,1.825002
0,-0.000152,0.090909,0.083333,0.180554,0.035901,1586.843750,737.555556,87.727255,90.000000,43.863627,45.000000,310,240,0.090909,1400.000000,0.000000,40.000000,1.754555,1.800001
0,0.000000,0.100000,0.100000,2.088518,0.713809,1594.527778,7492.500000,77.590397,90.974575,38.795199,45.487288,240,20,0.100000,1000.000000,0.000000,35.000000,1.553264,1.819526
0,0.000000,0.500000,0.500000,0.013301,0.000000,188.111111,0.000000,100.000000,0.000000,50.000000,0.000000,290,160,0.500000,1000.000000,0.000000,50.000000,2.000000,0.000000
0,-0.000160,0.052632,0.041667,0.737180,3.413795,5727.551882,43395.703125,89.248636,96.153846,44.624318,48.076923,410,340,0.052632,1600.000000,0.000000,40.000000,1.785020,1.923212
0,0.002420,0.357143,0.375000,0.562479,0.060183,2195.618056,303.381944,86.933917,39.285714,43.466959,19.642857,240,70,0.428571,4200.000000,0.000000,40.000000,1.738758,0.000000
0,0.000000,0.500000,0.500000,0.013301,0.000000,188.111111,0.000000,100.000000,0.000000,50.000000,0.000000,450,390,0.500000,1000.000000,0.000000,50.000000,2.000000,0.000000
0,0.000589,0.050000,0.076923,0.242340,0.303657,1315.959246,830.222222,77.085640,91.244772,38.542820,45.622386,420,250,0.076923,1800.000000,0.000000,35.000000,1.541755,1.824983
0,0.002980,0.038462,0.375000,0.291646,0.060183,1443.726756,303.381944,84.889502,39.285714,42.444751,19.642857,360,50,0.428571,3400.000000,0.000000,40.000000,1.697820,0.000000
0,0.002422,0.277778,0.375000,0.251020,0.060183,1399.612245,303.381944,86.428843,39.285714,43.214421,19.642857,130,10,0.428571,3600.000000,0.000000,40.000000,1.728601,0.000000
0,0.002980,0.038462,0.375000,0.291646,0.060183,1443.726756,303.381944,84.889502,39.285714,42.444751,19.642857,320,50,0.428571,3400.000000,0.000000,40.000000,1.697820,0.000000
0,0.002980,0.038462,0.375000,0.291646,0.060183,1443.726756,303.381944,84.889502,39.285714,42.444751,19.642857,50,30,0.428571,3400.000000,0.000000,40.000000,1.697820,0.000000
0,0.002980,0.038462,0.375000,0.291646,0.060183,1443.726756,303.381944,84.889502,39.285714,42.444751,19.642857,250,50,0.428571,3400.000000,0.000000,40.000000,1.697820,0.000000
0,-0.000160,0.052632,0.041667,0.737180,3.413795,5727.551882,43395.703125,89.248636,96.153846,44.624318,48.076923,340,100,0.052632,1600.000000,0.000000,40.000000,1.785020,1.923212
0,0.000000,0.500000,0.500000,0.013301,0.000000,188.111111,0.000000,100.000000,0.000000,50.000000,0.000000,390,160,0.500000,1000.000000,0.000000,50.000000,2.000000,0.000000
0,-0.000425,0.100000,0.076923,0.003978,0.046368,200.515496,549.388889,87.820511,80.554349,43.910256,40.277175,230,10,0.100000,1800.000000,0.000000,40.000000,1.756410,1.611089
0,0.000000,0.500000,0.500000,0.013301,0.000000,188.111111,0.000000,100.000000,0.000000,50.000000,0.000000,450,290,0.500000,1000.000000,0.000000,50.000000,2.000000,0.000000
0,-0.000427,0.200000,0.166667,0.004464,0.039348,189.375000,475.000000,71.666667,79.999999,35.833333,39.999999,270,10,0.200000,1400.000000,0.000000,35.000000,1.433334,1.600002
0,-0.000601,0.166667,0.125000,0.425740,0.000000,2168.630000,0.000000,72.489623,0.000000,36.244812,0.000000,230,210,0.166667,1800.000000,0.000000,35.000000,1.450184,0.000000
0,-0.001376,0.600000,0.538462,0.425546,0.038600,3340.835938,475.000000,80.864397,81.428571,40.432198,40.714286,460,220,0.636364,1900.000000,0.000000,40.000000,1.617318,1.628573
0,0.002420,0.357143,0.375000,0.562479,0.060183,2195.618056,303.381944,86.933917,39.285714,43.466959,19.642857,70,30,0.428571,4200.000000,0.000000,40.000000,1.738758,0.000000
0,0.002980,0.038462,0.375000,0.291646,0.060183,1443.726756,303.381944,84.889502,39.285714,42.444751,19.642857,110,50,0.428571,3400.000000,0.000000,40.000000,1.697820,0.000000
0,-0.000160,0.052632,0.041667,0.737180,3.413795,5727.551882,43395.703125,89.248636,96.153846,44.624318,48.076923,340,60,0.052632,1600.000000,0.000000,40.000000,1.785020,1.923212
0,-0.000190,0.047619,0.035714,0.321041,0.011264,2723.000000,175.000000,76.474030,41.428571,38.237015,20.714286,510,410,0.047619,1400.000000,0.000000,35.000000,1.529501,0.000000
0,0.000075,0.583333,0.900000,0.095374,0.244589,487.107266,2797.040000,74.002038,79.613542,37.001019,39.806771,80,60,1.000000,3300.000000,0.000000,35.000000,1.480053,1.592282
0,0.000000,0.041667,0.041667,0.155786,0.035064,5898.278828,499.000000,79.658455,82.539683,39.829228,41.269841,540,370,0.041667,1100.000000,0.000000,35.000000,1.593174,1.650795
0,0.002420,0.357143,0.375000,0.562479,0.060183,2195.618056,303.381944,86.933917,39.285714,43.466959,19.642857,280,70,0.428571,4200.000000,0.000000,40.000000,1.738758,0.000000
0,-0.000084,0.045455,0.034483,0.109909,0.047197,3882.622068,639.750000,80.865362,82.335689,40.432681,41.167844,470,210,0.045455,1800.000000,0.000000,40.000000,1.617310,1.646716
0,-0.003497,1.000000,0.600000,1.148788,0.053371,3101.387524,643.750000,66.351766,82.240818,33.175883,41.120409,480,10,1.000000,1700.000000,0.000000,30.000000,1.327258,1.644819
0,-0.002133,1.000000,0.833333,0.294112,0.023275,2768.000000,350.000000,69.201449,81.428570,34.600724,40.714285,510,10,1.000000,1400.000000,0.000000,30.000000,1.384045,1.628572
0,-0.000425,0.100000,0.076923,0.008499,0.292630,173.375000,2979.120000,81.666651,80.349535,40.833325,40.174768,270,180,0.100000,1400.000000,0.000000,40.000000,1.633333,1.607005
0,-0.000362,0.166667,0.100000,0.039052,0.713809,337.444444,7492.500000,79.868649,90.974575,39.934324,45.487288,360,130,0.166667,2100.000000,0.000000,35.000000,1.597375,1.819526
0,0.000442,0.173077,0.375000,0.048826,0.060183,2206.707212,303.381944,80.048259,39.285714,40.024130,19.642857,300,10,0.428571,1900.000000,0.000000,40.000000,1.600966,0.000000
0,0.000000,0.166667,0.166667,0.020050,0.697367,240.000000,7309.440000,50.712849,91.666135,25.356424,45.833068,450,10,0.166667,1200.000000,0.000000,25.000000,1.014258,1.833356
0,-0.000028,0.028571,0.027027,0.809213,0.014690,5979.772222,212.500000,88.625910,91.428571,44.312955,45.714286,530,510,0.028571,1200.000000,0.000000,40.000000,1.772573,1.828572
0,0.000267,0.083333,0.117647,0.058546,0.030295,3523.984787,424.388889,86.395698,81.982921,43.197849,40.991460,470,10,0.125000,1800.000000,0.000000,40.000000,1.727914,1.639660
0,0.002960,0.115385,1.000000,0.240337,0.000000,1041.701963,0.000000,73.333513,0.000000,36.666757,0.000000,150,50,1.000000,3400.000000,0.000000,35.000000,1.466698,0.000000
0,0.001134,0.714286,0.750000,0.006927,0.005588,81.671111,70.777778,81.116697,81.999680,40.558349,40.999840,100,40,0.750000,1800.000000,0.000000,40.000000,1.622334,1.639994
0,-0.000154,0.538462,0.500000,0.298147,0.276558,2752.000000,2854.120000,79.201433,81.778106,39.600716,40.889053,510,180,0.538462,1400.000000,0.000000,35.000000,1.584045,1.635576
0,-0.000028,0.028571,0.027027,0.809213,0.014690,5979.772222,212.500000,88.625910,91.428571,44.312955,45.714286,530,150,0.028571,1200.000000,0.000000,40.000000,1.772573,1.828572
0,0.000000,0.142857,0.142857,0.339663,0.015259,2704.000000,229.080000,72.464142,82.686525,36.232071,41.343263,510,20,0.142857,1400.000000,0.000000,35.000000,1.449312,1.653731
0,0.000942,0.023810,0.375000,0.629462,0.060183,4411.066154,303.381944,80.470459,39.285714,40.235230,19.642857,200,10,0.428571,1900.000000,0.000000,40.000000,1.609457,0.000000
0,-0.000255,0.074074,0.125000,0.080967,0.000000,372.103204,0.000000,76.357681,0.000000,38.178841,0.000000,100,20,0.166667,3900.000000,0.000000,35.000000,1.527162,0.000000
0,0.002420,0.357143,0.375000,0.562479,0.060183,2195.618056,303.381944,86.933917,39.285714,43.466959,19.642857,170,70,0.428571,4200.000000,0.000000,40.000000,1.738758,0.000000
0,0.000000,0.166667,0.166667,2.079247,0.697367,1498.527778,7309.440000,77.732463,91.666135,38.866231,45.833068,30,20,0.166667,1000.000000,0.000000,35.000000,1.556105,1.833356
0,-0.001015,0.200000,0.090909,0.136321,0.018600,799.000000,400.000000,83.166657,40.000000,41.583328,20.000000,470,80,0.200000,2000.000000,0.000000,40.000000,1.663355,0.000000
0,0.000000,0.125000,0.125000,0.021584,0.043507,72.083333,538.218750,85.833333,90.000000,42.916667,45.000000,200,180,0.125000,1100.000000,0.000000,40.000000,1.716670,1.800002
0,-0.000714,0.285714,0.250000,0.037742,0.119086,116.680000,211.750000,76.857117,37.142857,38.428559,18.571429,60,10,0.285714,1600.000000,0.000000,35.000000,1.537158,0.000000
0,-0.000046,0.062500,0.055556,0.245877,0.039160,2583.251607,602.005000,86.153835,80.555428,43.076918,40.277714,280,10,0.062500,1900.000000,0.000000,40.000000,1.723089,1.611110
0,-0.000234,0.285714,0.250000,0.397156,0.910652,2914.111111,12100.000000,79.978817,79.996863,39.989409,39.998432,250,120,0.285714,2200.000000,0.000000,35.000000,1.599604,1.599972
0,-0.000454,0.222222,0.111111,0.508517,0.025222,5759.000000,400.000000,70.924851,39.999968,35.462425,19.999984,320,230,0.222222,2400.000000,0.000000,35.000000,1.418582,0.000000
0,0.001071,0.571429,0.625000,0.769125,0.152651,11511.000000,688.138889,83.615359,87.142857,41.807680,43.571429,80,60,0.625000,1600.000000,0.000000,40.000000,1.672346,1.742892
0,0.000148,0.100000,0.125000,0.733613,0.051699,11511.375000,714.607639,99.615385,100.000000,49.807692,50.000000,290,290,0.157895,1600.000000,0.000000,45.000000,1.992331,2.000002
0,0.000000,0.571429,0.571429,0.050158,0.014982,286.250000,225.000000,79.362901,40.000000,39.681450,20.000000,280,50,0.571429,1000.000000,0.000000,35.000000,1.587265,0.000000
0,-0.000142,0.111111,0.100000,0.066088,0.075072,531.760000,1252.218750,92.398927,100.000000,46.199464,50.000000,360,300,0.111111,1500.000000,0.000000,45.000000,1.847983,2.000002
0,0.000000,0.133333,0.133333,0.466139,0.165547,7106.500000,944.388889,90.931120,88.458831,45.465560,44.229416,350,60,0.133333,1000.000000,0.000000,45.000000,1.818638,1.769196
0,0.000000,0.500000,0.500000,0.108735,0.060458,1227.500000,824.000000,56.298088,81.111086,28.149044,40.555543,370,10,0.500000,1200.000000,0.000000,25.000000,1.125967,1.622224
0,-0.000323,0.083333,0.043478,0.731384,0.033566,11537.680000,476.388889,92.472527,50.000000,46.236264,25.000000,290,10,0.083333,1600.000000,0.000000,45.000000,1.849474,0.000000
0,0.000341,0.666667,0.700000,0.064719,0.056939,528.870000,1014.000000,92.599397,50.000000,46.299698,25.000000,360,20,0.700000,1500.000000,0.000000,45.000000,1.851992,0.000000
0,0.000000,0.066667,0.066667,1.511977,0.033566,10541.733471,476.388889,81.638092,50.000000,40.819046,25.000000,350,320,0.066667,1000.000000,0.000000,40.000000,1.632936,0.000000
0,0.000000,0.125000,0.125000,0.021584,0.043507,72.083333,538.218750,85.833333,90.000000,42.916667,45.000000,340,180,0.125000,1100.000000,0.000000,40.000000,1.716670,1.800002
0,-0.000142,0.111111,0.100000,0.066088,0.075072,531.760000,1252.218750,92.398927,100.000000,46.199464,50.000000,420,360,0.111111,1500.000000,0.000000,45.000000,1.847983,2.000002
0,0.000000,0.066667,0.066667,1.511977,0.033566,10541.733471,476.388889,81.638092,50.000000,40.819046,25.000000,320,140,0.066667,1000.000000,0.000000,40.000000,1.632936,0.000000
0,-0.000153,0.700000,0.695652,0.002229,0.018133,117.055000,238.218750,92.857143,50.000000,46.428571,25.000000,410,10,0.727273,1600.000000,0.000000,45.000000,1.857143,0.000000
0,-0.000471,0.125000,0.083333,0.162837,0.058733,1254.680000,686.000000,84.249581,41.181877,42.124791,20.590938,140,10,0.125000,1600.000000,0.000000,40.000000,1.685003,0.000000
0,0.000148,0.100000,0.125000,0.733613,0.051699,11511.375000,714.607639,99.615385,100.000000,49.807692,50.000000,290,150,0.157895,1600.000000,0.000000,45.000000,1.992331,2.000002
0,0.000000,0.250000,0.250000,0.012125,0.025374,56.982249,300.000000,82.949416,40.000000,41.474708,20.000000,180,60,0.250000,1100.000000,0.000000,40.000000,1.658990,0.000000
0,-0.000142,0.111111,0.100000,0.066088,0.075072,531.760000,1252.218750,92.398927,100.000000,46.199464,50.000000,540,160,0.111111,1500.000000,0.000000,45.000000,1.847983,2.000002
0,0.000000,0.500000,0.500000,0.088460,0.026296,909.000000,385.250000,79.997669,83.111111,39.998834,41.555556,390,80,0.500000,1000.000000,0.000000,35.000000,1.599958,1.662223
0,-0.000533,0.200000,0.166667,0.594885,0.080252,3566.444444,1010.000000,73.551007,82.292988,36.775503,41.146494,350,160,0.200000,1400.000000,0.000000,35.000000,1.471076,1.645863
0,0.000000,0.133333,0.133333,0.466139,0.165547,7106.500000,944.388889,90.931120,88.458831,45.465560,44.229416,140,60,0.133333,1000.000000,0.000000,45.000000,1.818638,1.769196
0,0.001071,0.571429,0.625000,0.769125,0.152651,11511.000000,688.138889,83.615359,87.142857,41.807680,43.571429,290,60,0.625000,1600.000000,0.000000,40.000000,1.672346,1.742892
0,0.000148,0.100000,0.125000,0.733613,0.051699,11511.375000,714.607639,99.615385,100.000000,49.807692,50.000000,150,80,0.157895,1600.000000,0.000000,45.000000,1.992331,2.000002
0,0.000148,0.100000,0.125000,0.733613,0.051699,11511.375000,714.607639,99.615385,100.000000,49.807692,50.000000,410,290,0.157895,1600.000000,0.000000,45.000000,1.992331,2.000002
0,0.000148,0.100000,0.125000,0.733613,0.051699,11511.375000,714.607639,99.615385,100.000000,49.807692,50.000000,290,80,0.157895,1600.000000,0.000000,45.000000,1.992331,2.000002
0,0.000341,0.666667,0.700000,0.064719,0.056939,528.870000,1014.000000,92.599397,50.000000,46.299698,25.000000,540,20,0.700000,1500.000000,0.000000,45.000000,1.851992,0.000000
0,-0.000321,0.555556,0.300000,0.068752,0.111199,369.666667,868.180000,78.760637,78.332488,39.380318,39.166244,290,130,0.555556,3800.000000,0.000000,35.000000,1.575219,1.566659
0,-0.000115,0.050000,0.040000,0.106404,0.050684,868.333333,574.955017,82.310800,78.712456,41.155400,39.356228,450,230,0.050000,2200.000000,0.000000,40.000000,1.646223,1.574252
0,-0.000142,0.111111,0.100000,0.066088,0.075072,531.760000,1252.218750,92.398927,100.000000,46.199464,50.000000,540,300,0.111111,1500.000000,0.000000,45.000000,1.847983,2.000002
0,-0.001119,0.454545,0.384615,0.072688,0.022439,739.111111,449.671875,46.339871,81.528883,23.169936,40.764441,540,10,0.454545,1300.000000,0.000000,20.000000,0.926801,1.630578
0,-0.000153,0.700000,0.695652,0.002229,0.018133,117.055000,238.218750,92.857143,50.000000,46.428571,25.000000,290,10,0.727273,1600.000000,0.000000,45.000000,1.857143,0.000000
0,-0.000142,0.111111,0.100000,0.066088,0.075072,531.760000,1252.218750,92.398927,100.000000,46.199464,50.000000,540,420,0.111111,1500.000000,0.000000,45.000000,1.847983,2.000002
0,0.000000,0.125000,0.125000,0.021584,0.043507,72.083333,538.218750,85.833333,90.000000,42.916667,45.000000,460,180,0.125000,1100.000000,0.000000,40.000000,1.716670,1.800002
0,0.000148,0.100000,0.125000,0.733613,0.051699,11511.375000,714.607639,99.615385,100.000000,49.807692,50.000000,410,80,0.157895,1600.000000,0.000000,45.000000,1.992331,2.000002
0,-0.000323,0.083333,0.043478,0.731384,0.033566,11537.680000,476.388889,92.472527,50.000000,46.236264,25.000000,80,10,0.083333,1600.000000,0.000000,45.000000,1.849474,0.000000
0,-0.000153,0.700000,0.695652,0.002229,0.018133,117.055000,238.218750,92.857143,50.000000,46.428571,25.000000,150,10,0.727273,1600.000000,0.000000,45.000000,1.857143,0.000000
0,-0.000142,0.111111,0.100000,0.066088,0.075072,531.760000,1252.218750,92.398927,100.000000,46.199464,50.000000,360,160,0.111111,1500.000000,0.000000,45.000000,1.847983,2.000002
0,-0.000064,0.043478,0.038462,0.054230,0.459263,844.361322,3393.958678,79.260357,37.474337,39.630178,18.737169,430,290,0.043478,1400.000000,0.000000,35.000000,1.585209,0.000000
0,-0.000147,0.222222,0.208333,0.158103,0.047279,352.750000,280.150000,94.444444,92.857143,47.222222,46.428571,430,80,0.266667,2200.000000,0.000000,45.000000,1.888927,1.857149
0,0.000032,0.800000,0.750000,0.413329,0.045144,1522.000000,337.750000,69.858566,84.285714,34.929283,42.142857,350,10,0.800000,3000.000000,0.000000,30.000000,1.397230,1.685721
0,-0.000686,0.166667,0.100000,0.236615,0.114403,684.140496,312.050000,81.707153,36.499993,40.853576,18.249997,370,10,0.230769,2000.000000,0.000000,40.000000,1.634196,0.000000
0,-0.000449,0.380952,0.333333,0.041959,0.024972,237.720000,400.000000,87.272582,50.000000,43.636291,25.000000,410,360,0.380952,1600.000000,0.000000,40.000000,1.745456,0.000000
0,0.000000,0.111111,0.111111,0.034759,0.021252,145.272500,280.333333,91.999040,50.000000,45.999520,25.000000,560,290,0.111111,1200.000000,0.000000,45.000000,1.839985,0.000000
0,-0.000147,0.222222,0.208333,0.158103,0.047279,352.750000,280.150000,94.444444,92.857143,47.222222,46.428571,430,80,0.266667,2200.000000,0.000000,45.000000,1.888927,1.857149
0,-0.000147,0.222222,0.208333,0.158103,0.047279,352.750000,280.150000,94.444444,92.857143,47.222222,46.428571,80,70,0.266667,2200.000000,0.000000,45.000000,1.888927,1.857149
0,0.000000,0.111111,0.111111,2.079178,0.626202,1497.840278,7290.000000,79.921193,50.000000,39.960597,25.000000,290,20,0.111111,1200.000000,0.000000,35.000000,1.599880,0.000000
0,0.000032,0.800000,0.750000,6.964468,0.045144,7078.062500,337.750000,82.897299,84.285714,41.448649,42.142857,60,40,0.800000,2500.000000,0.000000,40.000000,1.661397,1.685721
0,0.000000,1.000000,1.000000,0.007086,0.005772,53.491124,70.875000,57.954551,50.000000,28.977275,25.000000,110,10,1.000000,1300.000000,0.000000,25.000000,1.159092,0.000000
0,0.000000,1.000000,1.000000,0.007086,0.005772,53.491124,70.875000,57.954551,50.000000,28.977275,25.000000,150,10,1.000000,1300.000000,0.000000,25.000000,1.159092,0.000000
0,-0.000122,0.062500,0.051282,0.187760,0.502177,1509.027778,1093.577160,87.828319,81.974148,43.914160,40.987074,330,110,0.062500,1800.000000,0.000000,40.000000,1.756578,1.639599
0,-0.000122,0.062500,0.051282,0.187760,0.502177,1509.027778,1093.577160,87.828319,81.974148,43.914160,40.987074,470,330,0.062500,1800.000000,0.000000,40.000000,1.756578,1.639599
0,0.000000,0.111111,0.111111,0.012205,0.416757,59.062500,6292.000000,83.416505,50.000000,41.708252,25.000000,280,160,0.111111,1300.000000,0.000000,40.000000,1.668333,0.000000
0,0.000000,0.062500,0.062500,0.055400,0.002355,711.537190,36.100000,67.624492,41.000000,33.812246,20.500000,460,10,0.062500,1100.000000,0.000000,30.000000,1.352493,0.000000
0,0.000932,0.166667,0.320000,0.087270,0.082014,898.222222,869.750000,87.146590,83.481200,43.573295,41.740600,320,110,0.400000,1800.000000,0.000000,40.000000,1.742937,1.669632
0,0.001747,0.700000,0.666667,0.003262,0.048156,282.721154,273.757500,81.819318,50.000000,40.909659,25.000000,200,10,0.700000,2100.000000,0.000000,40.000000,1.636387,0.000000
0,0.007111,0.111111,0.555556,0.029767,0.004055,272.201389,58.836735,81.689727,41.666656,40.844864,20.833328,280,160,0.555556,1300.000000,0.000000,40.000000,1.633798,0.000000
0,0.000000,0.111111,0.111111,0.096628,0.000000,1176.912500,0.000000,82.007222,0.000000,41.003611,0.000000,390,280,0.111111,1300.000000,0.000000,40.000000,1.640151,0.000000
0,0.000000,0.142857,0.142857,0.050111,0.034030,584.888889,461.280000,52.986273,40.568264,26.493137,20.284132,280,10,0.142857,1300.000000,0.000000,25.000000,1.059728,0.000000
0,0.000000,0.500000,0.500000,0.038966,0.050124,438.022222,485.750000,50.000000,82.857143,25.000000,41.428571,150,10,0.500000,1400.000000,0.000000,25.000000,1.000002,1.657149
0,0.000000,0.111111,0.111111,0.034759,0.021252,145.272500,280.333333,91.999040,50.000000,45.999520,25.000000,460,290,0.111111,1200.000000,0.000000,45.000000,1.839985,0.000000
0,0.000000,0.083333,0.083333,0.135777,0.005736,276.640000,92.160000,75.727015,50.000000,37.863507,25.000000,420,130,0.083333,1500.000000,0.000000,35.000000,1.514576,0.000000
0,-0.000132,0.090909,0.076923,0.044826,0.005736,273.222222,92.160000,78.522566,50.000000,39.261283,25.000000,410,190,0.090909,1600.000000,0.000000,35.000000,1.570456,0.000000
0,0.000000,1.000000,1.000000,0.294084,0.031788,1199.061728,85.750000,87.500000,42.857143,43.750000,21.428571,60,10,1.000000,2300.000000,0.000000,40.000000,1.750037,0.000000
0,0.004176,0.833333,0.666667,0.002400,0.048156,124.653061,273.757500,87.828085,50.000000,43.914043,25.000000,30,10,0.875000,3800.000000,0.000000,40.000000,1.756562,0.000000
0,0.000000,0.333333,0.333333,0.043000,0.042595,447.022222,260.750000,92.436770,82.857143,46.218385,41.428571,150,30,0.333333,1400.000000,0.000000,45.000000,1.848737,1.657149
0,0.000000,1.000000,1.000000,0.294084,0.031788,1199.061728,85.750000,87.500000,42.857143,43.750000,21.428571,420,10,1.000000,2300.000000,0.000000,40.000000,1.750037,0.000000
0,0.000000,1.000000,1.000000,0.007086,0.005772,53.491124,70.875000,57.954551,50.000000,28.977275,25.000000,460,10,1.000000,1300.000000,0.000000,25.000000,1.159092,0.000000
0,0.000932,0.166667,0.320000,0.087270,0.082014,898.222222,869.750000,87.146590,83.481200,43.573295,41.740600,470,320,0.400000,1800.000000,0.000000,40.000000,1.742937,1.669632
0,0.000000,0.500000,0.500000,0.038966,0.050124,438.022222,485.750000,50.000000,82.857143,25.000000,41.428571,510,10,0.500000,1400.000000,0.000000,25.000000,1.000002,1.657149
0,0.004183,0.833333,0.666667,0.003719,0.048156,591.000000,273.757500,70.326087,50.000000,35.163044,25.000000,210,10,0.875000,4000.000000,0.000000,35.000000,1.406522,0.000000
0,0.000000,0.111111,0.111111,0.013918,0.073077,65.090278,972.222222,83.064224,38.571257,41.532112,19.285629,280,40,0.111111,1300.000000,0.000000,40.000000,1.661288,0.000000
0,0.004183,0.833333,0.666667,0.003719,0.048156,591.000000,273.757500,70.326087,50.000000,35.163044,25.000000,320,10,0.875000,4000.000000,0.000000,35.000000,1.406522,0.000000
0,0.004183,0.833333,0.666667,0.003719,0.048156,591.000000,273.757500,70.326087,50.000000,35.163044,25.000000,70,10,0.875000,4000.000000,0.000000,35.000000,1.406522,0.000000
0,-0.000238,0.083333,0.066667,0.056797,0.026220,1025.282495,400.000000,80.423577,50.000000,40.211788,25.000000,490,440,0.083333,1300.000000,0.000000,40.000000,1.608473,0.000000
0,-0.000202,0.076923,0.058824,0.030964,0.238701,227.000000,2679.120000,77.272566,40.554253,38.636283,20.277126,410,180,0.076923,1600.000000,0.000000,35.000000,1.545455,0.000000
0,-0.000449,0.380952,0.333333,0.041959,0.024972,237.720000,400.000000,87.272582,50.000000,43.636291,25.000000,410,380,0.380952,1600.000000,0.000000,40.000000,1.745456,0.000000
0,0.004183,0.833333,0.666667,0.003719,0.048156,591.000000,273.757500,70.326087,50.000000,35.163044,25.000000,280,10,0.875000,4000.000000,0.000000,35.000000,1.406522,0.000000
0,0.000000,0.142857,0.142857,0.024817,0.114403,154.716049,312.050000,50.624997,36.499993,25.312498,18.249997,80,10,0.142857,1300.000000,0.000000,25.000000,1.012502,0.000000
0,-0.000147,0.222222,0.208333,0.158103,0.047279,352.750000,280.150000,94.444444,92.857143,47.222222,46.428571,80,70,0.266667,2200.000000,0.000000,45.000000,1.888927,1.857149
0,0.000000,0.111111,0.111111,0.024451,0.626202,239.312500,7290.000000,82.044617,50.000000,41.022308,25.000000,460,280,0.111111,1300.000000,0.000000,40.000000,1.640896,0.000000
0,0.000000,0.333333,0.333333,0.043000,0.042595,447.022222,260.750000,92.436770,82.857143,46.218385,41.428571,510,30,0.333333,1400.000000,0.000000,45.000000,1.848737,1.657149
0,0.000000,0.166667,0.166667,0.024852,0.019239,272.000000,176.611111,81.049050,39.855423,40.524525,19.927711,260,120,0.166667,1300.000000,0.000000,40.000000,1.620982,0.000000
0,-0.000099,0.055556,0.050000,0.075297,0.058505,837.959596,783.625600,58.888889,88.375059,29.444444,44.187529,540,10,0.055556,1200.000000,0.000000,25.000000,1.177781,1.767503
0,0.000000,0.625000,0.625000,0.011023,0.002124,203.222222,36.100000,69.998171,42.000000,34.999085,21.000000,340,10,0.625000,1200.000000,0.000000,30.000000,1.399966,0.000000
0,0.000000,0.125000,0.125000,1.114392,0.023590,3536.733471,400.000000,66.888369,39.936770,33.444185,19.968385,320,40,0.125000,1200.000000,0.000000,30.000000,1.337956,0.000000
0,0.000000,0.166667,0.166667,0.033479,0.094797,97.600000,1490.000000,75.504875,80.099825,37.752437,40.049913,100,30,0.166667,1000.000000,0.000000,35.000000,1.510104,1.602000
0,-0.000086,0.041667,0.037037,0.004046,5.348447,890.401124,52950.000000,85.300501,64.743590,42.650250,32.371795,130,10,0.041667,1200.000000,0.000000,40.000000,1.706010,1.295186
0,-0.003094,0.750000,0.400000,0.005036,0.098731,1627.937500,1421.333333,92.857143,90.000000,46.428571,45.000000,130,10,0.750000,2000.000000,0.000000,45.000000,1.857143,1.800003
0,-0.000357,0.142857,0.125000,0.019241,0.000000,107.222222,0.000000,81.999979,0.000000,40.999989,0.000000,340,70,0.142857,1200.000000,0.000000,40.000000,1.640002,0.000000
0,0.000000,0.428571,0.428571,0.039792,0.017791,217.123967,303.187500,38.749900,42.125972,19.374950,21.062986,270,10,0.428571,1000.000000,0.000000,15.000000,0.775002,0.000000
0,-0.000099,0.055556,0.050000,0.075297,0.058505,837.959596,783.625600,58.888889,88.375059,29.444444,44.187529,580,10,0.055556,1200.000000,0.000000,25.000000,1.177781,1.767503
0,0.000000,0.428571,0.428571,0.066459,5.155452,503.182222,52650.000000,90.971771,48.076923,45.485885,24.038462,480,30,0.428571,1000.000000,0.000000,45.000000,1.819440,0.000000
0,-0.000648,0.222222,0.181818,0.044235,0.015049,408.986667,44.000000,79.936802,37.272727,39.968401,18.636364,280,200,0.222222,1700.000000,0.000000,35.000000,1.598738,0.000000
0,-0.001292,0.722222,0.650000,0.192113,0.048813,1325.496713,738.000000,47.611530,90.099197,23.805765,45.049598,510,10,0.722222,1200.000000,0.000000,20.000000,0.952245,1.801986
0,-0.000100,0.066667,0.058824,0.064055,0.098456,667.906250,1400.000000,76.830558,40.485657,38.415279,20.242828,280,230,0.066667,1400.000000,0.000000,35.000000,1.536614,0.000000
0,-0.000538,0.166667,0.090909,0.158587,0.023647,947.222222,400.000000,79.976007,50.000000,39.988004,25.000000,450,120,0.166667,1800.000000,0.000000,35.000000,1.599533,0.000000
0,-0.000140,0.045455,0.037037,0.057496,0.074248,407.417323,346.260388,85.059517,46.875000,42.529759,23.437500,270,230,0.045455,1400.000000,0.000000,40.000000,1.701195,0.000000
0,-0.000099,0.055556,0.050000,0.075297,0.058505,837.959596,783.625600,58.888889,88.375059,29.444444,44.187529,560,10,0.055556,1200.000000,0.000000,25.000000,1.177781,1.767503
0,-0.000350,0.250000,0.166667,0.242824,0.054986,296.444444,189.629630,72.000016,38.666667,36.000008,19.333333,160,130,0.250000,2600.000000,0.000000,35.000000,1.440103,0.000000
0,-0.000086,0.041667,0.037037,0.004046,5.348447,890.401124,52950.000000,85.300501,64.743590,42.650250,32.371795,170,10,0.041667,1200.000000,0.000000,40.000000,1.706010,1.295186
0,0.000000,0.333333,0.333333,0.001524,0.062481,37.777778,905.000000,49.003370,73.931243,24.501685,36.965622,20,10,0.333333,1200.000000,0.000000,20.000000,0.980067,1.478627
0,0.000000,0.200000,0.200000,0.009797,0.056283,106.152778,433.062500,50.555204,76.766408,25.277602,38.383204,60,10,0.200000,1200.000000,0.000000,25.000000,1.011105,1.535334
0,-0.003094,0.750000,0.400000,0.005036,0.098731,1627.937500,1421.333333,92.857143,90.000000,46.428571,45.000000,340,10,0.750000,2000.000000,0.000000,45.000000,1.857143,1.800003
0,0.001380,0.666667,0.545455,0.022769,0.000997,238.708333,19.358025,46.724418,42.497486,23.362209,21.248743,170,10,0.666667,2000.000000,0.000000,20.000000,0.934490,0.000000
0,0.000000,0.062500,0.062500,0.060130,0.126962,583.859375,830.163265,78.166552,38.636218,39.083276,19.318109,230,150,0.062500,1000.000000,0.000000,35.000000,1.563334,0.000000
0,-0.000086,0.041667,0.037037,0.004046,5.348447,890.401124,52950.000000,85.300501,64.743590,42.650250,32.371795,480,10,0.041667,1200.000000,0.000000,40.000000,1.706010,1.295186
0,0.000000,0.250000,0.250000,0.002518,0.073868,49.000000,1038.000000,50.888889,80.063783,25.444444,40.031892,280,10,0.250000,1200.000000,0.000000,25.000000,1.017778,1.601278
0,0.000000,0.428571,0.428571,0.066459,5.155452,503.182222,52650.000000,90.971771,48.076923,45.485885,24.038462,190,30,0.428571,1000.000000,0.000000,45.000000,1.819440,0.000000
0,-0.000099,0.055556,0.050000,0.031605,0.051945,420.000000,766.687500,51.031745,80.444791,25.515873,40.222396,410,10,0.055556,1200.000000,0.000000,25.000000,1.020636,1.608898
0,-0.000197,0.105263,0.090909,0.290571,0.050425,1504.662222,828.687500,76.047436,90.345594,38.023718,45.172797,450,350,0.105263,1800.000000,0.000000,35.000000,1.520977,1.806913
0,0.000000,0.250000,0.250000,0.054807,0.215269,423.222222,2679.120000,80.617970,40.555452,40.308985,20.277726,340,230,0.250000,1200.000000,0.000000,40.000000,1.612364,0.000000
0,-0.000140,0.045455,0.037037,0.057496,0.074248,407.417323,346.260388,85.059517,46.875000,42.529759,23.437500,540,230,0.045455,1400.000000,0.000000,40.000000,1.701195,0.000000
0,0.007111,0.111111,0.666667,0.027433,0.052449,171.877379,793.245868,88.000000,100.000000,44.000000,50.000000,500,420,0.666667,1300.000000,0.000000,40.000000,1.760007,2.000002
0,0.000000,0.066667,0.066667,0.023171,0.050169,1560.445714,638.817296,90.105130,91.896048,45.052565,45.948024,630,90,0.066667,1100.000000,0.000000,45.000000,1.802103,1.837923
0,0.000000,0.769231,1.000000,0.036458,0.000000,81.081633,0.000000,94.444444,0.000000,47.222222,0.000000,140,10,1.000000,5900.000000,0.000000,45.000000,1.888913,0.000000
0,0.000309,0.500000,1.000000,0.065888,0.000000,347.250000,0.000000,82.803218,0.000000,41.401609,0.000000,380,10,1.000000,3200.000000,0.000000,40.000000,1.656071,0.000000
0,0.005273,0.192308,0.454545,0.093642,0.092543,911.305785,1168.395062,80.917074,40.187607,40.458537,20.093804,410,260,0.454545,1200.000000,0.000000,40.000000,1.618346,0.000000
0,0.000309,0.500000,1.000000,0.065888,0.000000,347.250000,0.000000,82.803218,0.000000,41.401609,0.000000,280,10,1.000000,3200.000000,0.000000,40.000000,1.656071,0.000000
0,0.007111,0.111111,0.666667,0.027433,0.052449,171.877379,793.245868,88.000000,100.000000,44.000000,50.000000,480,280,0.666667,1300.000000,0.000000,40.000000,1.760007,2.000002
0,0.001707,0.500000,0.666667,0.022194,0.052449,204.508845,793.245868,92.692222,100.000000,46.346111,50.000000,420,50,0.666667,1900.000000,0.000000,45.000000,1.853846,2.000002
0,0.000000,0.066667,0.066667,0.023171,0.050169,1560.445714,638.817296,90.105130,91.896048,45.052565,45.948024,300,90,0.066667,1100.000000,0.000000,45.000000,1.802103,1.837923
0,0.000309,0.500000,1.000000,0.065888,0.000000,347.250000,0.000000,82.803218,0.000000,41.401609,0.000000,250,10,1.000000,3200.000000,0.000000,40.000000,1.656071,0.000000
0,0.000309,0.500000,1.000000,0.065888,0.000000,347.250000,0.000000,82.803218,0.000000,41.401609,0.000000,410,10,1.000000,3200.000000,0.000000,40.000000,1.656071,0.000000
0,0.000000,0.066667,0.066667,0.023171,0.050169,1560.445714,638.817296,90.105130,91.896048,45.052565,45.948024,590,90,0.066667,1100.000000,0.000000,45.000000,1.802103,1.837923
0,0.007111,0.111111,0.666667,0.027433,0.052449,171.877379,793.245868,88.000000,100.000000,44.000000,50.000000,480,360,0.666667,1300.000000,0.000000,40.000000,1.760007,2.000002
0,0.007111,0.111111,0.666667,0.027433,0.052449,171.877379,793.245868,88.000000,100.000000,44.000000,50.000000,610,420,0.666667,1300.000000,0.000000,40.000000,1.760007,2.000002
0,0.000001,0.785714,1.000000,0.037901,0.000000,99.961806,0.000000,95.000000,0.000000,47.500000,0.000000,140,10,1.000000,5600.000000,0.000000,45.000000,1.900016,0.000000
0,0.003164,0.115385,0.272727,0.042950,0.013526,256.714069,183.901235,79.949604,40.884084,39.974802,20.442042,360,260,0.272727,1200.000000,0.000000,35.000000,1.598996,0.000000
0,0.007111,0.111111,0.666667,0.027433,0.052449,171.877379,793.245868,88.000000,100.000000,44.000000,50.000000,420,360,0.666667,1300.000000,0.000000,40.000000,1.760007,2.000002
0,0.000000,0.250000,0.250000,0.007370,0.004165,44.694444,58.836735,76.170206,41.666667,38.085103,20.833333,210,80,0.250000,1000.000000,0.000000,35.000000,1.523405,0.000000
0,0.000000,0.066667,0.066667,0.023171,0.050169,1560.445714,638.817296,90.105130,91.896048,45.052565,45.948024,380,90,0.066667,1100.000000,0.000000,45.000000,1.802103,1.837923
0,0.000000,0.066667,0.066667,0.023171,0.050169,1560.445714,638.817296,90.105130,91.896048,45.052565,45.948024,130,90,0.066667,1100.000000,0.000000,45.000000,1.802103,1.837923
0,0.000000,0.769231,1.000000,0.036458,0.000000,81.081633,0.000000,94.444444,0.000000,47.222222,0.000000,110,10,1.000000,5900.000000,0.000000,45.000000,1.888913,0.000000
0,0.007111,0.111111,0.666667,0.027433,0.052449,171.877379,793.245868,88.000000,100.000000,44.000000,50.000000,610,480,0.666667,1300.000000,0.000000,40.000000,1.760007,2.000002
0,0.000000,0.500000,0.500000,0.235563,0.000000,917.469136,0.000000,38.556529,0.000000,19.278265,0.000000,330,10,0.500000,1000.000000,0.000000,15.000000,0.771162,0.000000
0,0.007111,0.111111,0.666667,0.027433,0.052449,171.877379,793.245868,88.000000,100.000000,44.000000,50.000000,500,480,0.666667,1300.000000,0.000000,40.000000,1.760007,2.000002
0,0.007111,0.111111,0.666667,0.027433,0.052449,171.877379,793.245868,88.000000,100.000000,44.000000,50.000000,420,280,0.666667,1300.000000,0.000000,40.000000,1.760007,2.000002
0,-0.000076,0.041667,0.031250,0.100940,0.054740,751.083759,468.287037,77.634072,38.109016,38.817036,19.054508,230,30,0.041667,2000.000000,0.000000,35.000000,1.552688,0.000000
0,-0.000112,0.166667,0.166667,0.015822,0.017779,141.000000,216.000000,80.013713,50.000000,40.006857,25.000000,100,20,0.333333,2100.000000,0.000000,40.000000,1.600275,0.000000
0,-0.001007,0.500000,0.166667,0.034691,0.017779,269.400000,216.000000,80.580603,50.000000,40.290301,25.000000,140,100,0.500000,2100.000000,0.000000,40.000000,1.611614,0.000000
0,0.000000,0.375000,1.000000,0.006110,0.000000,67.955556,0.000000,41.591678,0.000000,20.795839,0.000000,40,10,1.000000,6900.000000,0.000000,20.000000,0.831834,0.000000
0,0.007111,0.111111,0.666667,0.027433,0.052449,171.877379,793.245868,88.000000,100.000000,44.000000,50.000000,570,480,0.666667,1300.000000,0.000000,40.000000,1.760007,2.000002
0,0.007111,0.111111,0.666667,0.027433,0.052449,171.877379,793.245868,88.000000,100.000000,44.000000,50.000000,570,420,0.666667,1300.000000,0.000000,40.000000,1.760007,2.000002
0,0.000001,0.785714,1.000000,0.037901,0.000000,99.961806,0.000000,95.000000,0.000000,47.500000,0.000000,170,10,1.000000,5600.000000,0.000000,45.000000,1.900016,0.000000
0,0.000000,0.066667,0.066667,0.023171,0.050169,1560.445714,638.817296,90.105130,91.896048,45.052565,45.948024,520,90,0.066667,1100.000000,0.000000,45.000000,1.802103,1.837923
0,-0.002293,0.285714,0.125000,0.149907,0.291401,807.777778,400.000000,80.599567,30.000000,40.299783,15.000000,200,90,0.285714,2300.000000,0.000000,40.000000,1.612007,0.000000
0,0.000001,0.785714,1.000000,0.037901,0.000000,99.961806,0.000000,95.000000,0.000000,47.500000,0.000000,40,10,1.000000,5600.000000,0.000000,45.000000,1.900016,0.000000
0,-0.000651,0.100000,0.050000,0.102838,3.945360,204.527778,52650.000000,66.547616,50.000000,33.273808,25.000000,200,90,0.235294,3400.000000,0.000000,30.000000,1.330978,0.000000
0,-0.000362,0.068966,0.050000,0.064111,3.945360,1527.243333,52650.000000,73.871847,50.000000,36.935923,25.000000,300,10,0.068966,1300.000000,0.000000,35.000000,1.477440,0.000000
0,0.001707,0.500000,0.666667,0.022194,0.052449,204.508845,793.245868,92.692222,100.000000,46.346111,50.000000,360,50,0.666667,1900.000000,0.000000,45.000000,1.853846,2.000002
0,0.000681,0.130435,0.173913,0.887157,0.023748,3787.703125,327.437642,89.314571,46.000000,44.657286,23.000000,420,220,0.173913,3300.000000,0.000000,40.000000,1.786437,0.000000
0,0.000681,0.130435,0.173913,0.887157,0.023748,3787.703125,327.437642,89.314571,46.000000,44.657286,23.000000,380,220,0.173913,3300.000000,0.000000,40.000000,1.786437,0.000000
0,-0.000035,0.047619,0.045455,0.075377,0.050794,705.546667,600.000000,83.831984,90.000000,41.915992,45.000000,500,340,0.047619,1200.000000,0.000000,40.000000,1.676644,1.800002
0,-0.000035,0.047619,0.045455,0.075377,0.050794,705.546667,600.000000,83.831984,90.000000,41.915992,45.000000,340,150,0.047619,1200.000000,0.000000,40.000000,1.676644,1.800002
0,0.000000,0.285714,0.285714,0.019499,0.000000,139.111111,0.000000,81.249999,0.000000,40.624999,0.000000,170,140,0.285714,1100.000000,0.000000,40.000000,1.625003,0.000000
0,-0.000035,0.047619,0.045455,0.075377,0.050794,705.546667,600.000000,83.831984,90.000000,41.915992,45.000000,340,190,0.047619,1200.000000,0.000000,40.000000,1.676644,1.800002
0,-0.000074,0.047619,0.043478,0.142996,0.017840,1615.673469,65.812500,76.257664,38.461538,38.128832,19.230769,410,180,0.047619,1400.000000,0.000000,35.000000,1.525161,0.000000
0,0.000000,0.086957,0.086957,0.447146,0.021658,2709.941884,365.011080,86.665542,39.715149,43.332771,19.857574,450,10,0.086957,1000.000000,0.000000,40.000000,1.733351,0.000000
0,-0.000803,0.222222,0.142857,0.201755,0.067285,2284.000000,765.612245,79.943674,79.315016,39.971837,39.657508,340,50,0.222222,1600.000000,0.000000,35.000000,1.598882,1.586303
0,-0.000202,0.083333,0.058824,0.210233,0.092089,2301.833333,1308.222222,55.666666,40.699300,27.833333,20.349650,360,10,0.083333,1900.000000,0.000000,25.000000,1.113343,0.000000
0,0.000681,0.130435,0.173913,0.887157,0.023748,3787.703125,327.437642,89.314571,46.000000,44.657286,23.000000,220,90,0.173913,3300.000000,0.000000,40.000000,1.786437,0.000000
0,0.000000,0.285714,0.285714,0.090605,0.000000,3398.389218,0.000000,80.000887,0.000000,40.000443,0.000000,350,140,0.285714,1100.000000,0.000000,40.000000,1.600022,0.000000
0,0.000000,0.500000,0.500000,0.018877,0.037412,411.750000,423.046875,82.105253,50.000000,41.052627,25.000000,80,70,0.500000,1200.000000,0.000000,40.000000,1.642106,0.000000
0,0.000000,0.500000,0.500000,0.039096,0.126650,456.687500,1400.000000,79.519095,40.712840,39.759547,20.356420,280,30,0.500000,1600.000000,0.000000,35.000000,1.590384,0.000000
0,0.001073,0.105263,0.173913,1.293943,0.023748,10877.346154,327.437642,80.557772,46.000000,40.278886,23.000000,310,10,0.173913,2400.000000,0.000000,40.000000,1.611234,0.000000
0,-0.001588,0.800000,0.777778,0.151438,0.081426,1310.000000,800.000000,79.656635,79.898832,39.828318,39.949416,260,130,0.875000,2000.000000,0.000000,35.000000,1.593141,1.597981
0,0.000681,0.130435,0.173913,0.887157,0.023748,3787.703125,327.437642,89.314571,46.000000,44.657286,23.000000,220,170,0.173913,3300.000000,0.000000,40.000000,1.786437,0.000000
0,0.000681,0.130435,0.173913,0.887157,0.023748,3787.703125,327.437642,89.314571,46.000000,44.657286,23.000000,310,220,0.173913,3300.000000,0.000000,40.000000,1.786437,0.000000
0,0.000000,0.090909,0.090909,0.330905,0.025827,3828.278107,338.000000,82.031636,41.250000,41.015818,20.625000,360,280,0.090909,1000.000000,0.000000,40.000000,1.640647,0.000000
0,0.000000,0.500000,0.500000,0.018877,0.037412,411.750000,423.046875,82.105253,50.000000,41.052627,25.000000,390,70,0.500000,1200.000000,0.000000,40.000000,1.642106,0.000000
0,0.000000,0.583333,0.583333,0.020775,0.031352,161.964628,490.000000,91.356309,100.000000,45.678154,50.000000,390,130,0.583333,1900.000000,0.000000,45.000000,1.827128,2.000001
0,-0.001567,0.636364,0.300000,0.074702,0.149215,215.009259,1854.750000,81.547619,100.000000,40.773810,50.000000,480,350,0.636364,2100.000000,0.000000,40.000000,1.630972,2.000006
0,-0.000961,0.500000,0.153846,0.037350,0.392683,187.259259,5008.000000,70.833333,100.000000,35.416667,50.000000,370,10,0.500000,2100.000000,0.000000,35.000000,1.416671,2.000015
0,0.000000,0.285714,0.285714,0.002174,0.054381,43.222222,700.000000,52.000000,39.999982,26.000000,19.999991,310,10,0.285714,1200.000000,0.000000,25.000000,1.040000,0.000000
0,-0.001567,0.636364,0.300000,0.074702,0.149215,215.009259,1854.750000,81.547619,100.000000,40.773810,50.000000,500,370,0.636364,2100.000000,0.000000,40.000000,1.630972,2.000006
0,-0.001567,0.636364,0.300000,0.074702,0.149215,215.009259,1854.750000,81.547619,100.000000,40.773810,50.000000,500,350,0.636364,2100.000000,0.000000,40.000000,1.630972,2.000006
0,-0.001567,0.636364,0.300000,0.074702,0.149215,215.009259,1854.750000,81.547619,100.000000,40.773810,50.000000,460,350,0.636364,2100.000000,0.000000,40.000000,1.630972,2.000006
0,0.000000,1.000000,1.000000,0.152543,0.026404,2304.268800,400.000000,81.685302,50.000000,40.842651,25.000000,40,30,1.000000,1000.000000,0.000000,40.000000,1.633711,0.000000
0,0.000000,0.333333,0.333333,0.001316,0.041315,32.000000,567.000000,52.498801,39.996899,26.249400,19.998449,50,10,0.333333,1200.000000,0.000000,25.000000,1.049976,0.000000
0,-0.001567,0.636364,0.300000,0.074702,0.149215,215.009259,1854.750000,81.547619,100.000000,40.773810,50.000000,410,370,0.636364,2100.000000,0.000000,40.000000,1.630972,2.000006
0,-0.000622,0.176471,0.040000,0.136775,0.136659,393.518519,863.408163,94.522462,96.296296,47.261231,48.148148,530,350,0.176471,2300.000000,0.000000,45.000000,1.890478,1.925940
0,0.000443,0.043478,0.111111,0.086485,0.057250,3992.882880,841.000000,90.133062,89.995534,45.066531,44.997767,550,420,0.111111,1600.000000,0.000000,45.000000,1.802663,1.799913
0,0.000000,0.333333,0.333333,0.009750,0.051146,100.375000,678.111111,51.662249,80.676819,25.831124,40.338409,50,10,0.333333,1600.000000,0.000000,25.000000,1.033246,1.613538
0,0.000000,0.583333,0.583333,0.020775,0.031352,161.964628,490.000000,91.356309,100.000000,45.678154,50.000000,370,130,0.583333,1900.000000,0.000000,45.000000,1.827128,2.000001
0,-0.000058,0.086957,0.080000,0.047879,0.403947,758.247934,4663.396694,84.833253,90.009226,42.416626,45.004613,380,290,0.086957,1800.000000,0.000000,40.000000,1.696667,1.800202
0,0.000000,0.333333,0.333333,0.032348,0.210324,88.000000,819.000000,77.484904,74.282613,38.742452,37.141307,100,40,0.333333,1300.000000,0.000000,35.000000,1.549705,1.485710
0,0.000443,0.043478,0.111111,0.086485,0.057250,3992.882880,841.000000,90.133062,89.995534,45.066531,44.997767,550,400,0.111111,1600.000000,0.000000,45.000000,1.802663,1.799913
0,-0.001567,0.636364,0.300000,0.074702,0.149215,215.009259,1854.750000,81.547619,100.000000,40.773810,50.000000,510,350,0.636364,2100.000000,0.000000,40.000000,1.630972,2.000006
0,-0.000251,0.600000,0.538462,0.169964,0.031352,667.000000,490.000000,84.459232,100.000000,42.229616,50.000000,350,160,0.600000,2300.000000,0.000000,40.000000,1.689216,2.000001
0,-0.000622,0.176471,0.040000,0.136775,0.136659,393.518519,863.408163,94.522462,96.296296,47.261231,48.148148,350,280,0.176471,2300.000000,0.000000,45.000000,1.890478,1.925940
0,-0.000622,0.176471,0.040000,0.136775,0.136659,393.518519,863.408163,94.522462,96.296296,47.261231,48.148148,420,350,0.176471,2300.000000,0.000000,45.000000,1.890478,1.925940
0,-0.000622,0.176471,0.040000,0.136775,0.136659,393.518519,863.408163,94.522462,96.296296,47.261231,48.148148,330,280,0.176471,2300.000000,0.000000,45.000000,1.890478,1.925940
0,0.000000,0.428571,0.428571,0.006244,0.169009,88.000000,252.000000,50.852412,34.285715,25.426206,17.142857,110,10,0.428571,1200.000000,0.000000,25.000000,1.017049,0.000000
0,-0.000961,0.500000,0.153846,0.037350,0.392683,187.259259,5008.000000,70.833333,100.000000,35.416667,50.000000,350,10,0.500000,2100.000000,0.000000,35.000000,1.416671,2.000015
0,-0.000251,0.600000,0.538462,0.169964,0.031352,667.000000,490.000000,84.459232,100.000000,42.229616,50.000000,330,160,0.600000,2300.000000,0.000000,40.000000,1.689216,2.000001
0,-0.000622,0.176471,0.040000,0.136775,0.136659,393.518519,863.408163,94.522462,96.296296,47.261231,48.148148,530,330,0.176471,2300.000000,0.000000,45.000000,1.890478,1.925940
0,0.000000,0.333333,0.333333,0.002506,0.095697,43.222222,1267.000000,52.000000,79.996881,26.000000,39.998441,270,10,0.333333,1600.000000,0.000000,25.000000,1.040000,1.599941
0,-0.000622,0.176471,0.040000,0.136775,0.136659,393.518519,863.408163,94.522462,96.296296,47.261231,48.148148,330,200,0.176471,2300.000000,0.000000,45.000000,1.890478,1.925940
0,-0.001567,0.636364,0.300000,0.074702,0.149215,215.009259,1854.750000,81.547619,100.000000,40.773810,50.000000,410,350,0.636364,2100.000000,0.000000,40.000000,1.630972,2.000006
0,0.000000,0.285714,0.285714,0.008459,0.009831,100.375000,111.111111,51.666666,40.679920,25.833333,20.339960,90,10,0.285714,1200.000000,0.000000,25.000000,1.033334,0.000000
0,0.000000,1.000000,1.000000,0.027046,0.026404,1703.047259,400.000000,49.045382,50.000000,24.522691,25.000000,540,10,1.000000,1200.000000,0.000000,20.000000,0.980908,0.000000
0,-0.001567,0.636364,0.300000,0.074702,0.149215,215.009259,1854.750000,81.547619,100.000000,40.773810,50.000000,460,370,0.636364,2100.000000,0.000000,40.000000,1.630972,2.000006
0,-0.000103,0.058824,0.040000,0.146516,0.136659,477.837099,863.408163,87.201145,96.296296,43.600572,48.148148,330,30,0.058824,2300.000000,0.000000,40.000000,1.744053,1.925940
0,-0.000622,0.176471,0.040000,0.136775,0.136659,393.518519,863.408163,94.522462,96.296296,47.261231,48.148148,490,330,0.176471,2300.000000,0.000000,45.000000,1.890478,1.925940
0,-0.000103,0.058824,0.040000,0.146516,0.136659,477.837099,863.408163,87.201145,96.296296,43.600572,48.148148,350,30,0.058824,2300.000000,0.000000,40.000000,1.744053,1.925940
0,-0.000622,0.176471,0.040000,0.136775,0.136659,393.518519,863.408163,94.522462,96.296296,47.261231,48.148148,420,330,0.176471,2300.000000,0.000000,45.000000,1.890478,1.925940
0,-0.000622,0.176471,0.040000,0.136775,0.136659,393.518519,863.408163,94.522462,96.296296,47.261231,48.148148,490,350,0.176471,2300.000000,0.000000,45.000000,1.890478,1.925940
0,-0.000622,0.176471,0.040000,0.136775,0.136659,393.518519,863.408163,94.522462,96.296296,47.261231,48.148148,350,200,0.176471,2300.000000,0.000000,45.000000,1.890478,1.925940
0,-0.000058,0.086957,0.080000,0.047879,0.403947,758.247934,4663.396694,84.833253,90.009226,42.416626,45.004613,400,290,0.086957,1800.000000,0.000000,40.000000,1.696667,1.800202
0,-0.001567,0.636364,0.300000,0.074702,0.149215,215.009259,1854.750000,81.547619,100.000000,40.773810,50.000000,480,370,0.636364,2100.000000,0.000000,40.000000,1.630972,2.000006
0,-0.001567,0.636364,0.300000,0.074702,0.149215,215.009259,1854.750000,81.547619,100.000000,40.773810,50.000000,510,370,0.636364,2100.000000,0.000000,40.000000,1.630972,2.000006
0,0.000000,0.083333,0.083333,0.365090,8.579409,2565.890625,30375.000000,88.850000,43.333333,44.425000,21.666667,530,190,0.083333,1100.000000,0.000000,40.000000,1.777026,0.000000
0,-0.000480,0.125000,0.041667,0.036073,8.583791,137.238751,30427.000000,79.446680,84.852339,39.723340,42.426170,350,50,0.125000,2900.000000,0.000000,35.000000,1.588939,1.698259
0,0.000254,0.058824,0.066667,0.043685,1.347886,414.913580,3667.000000,74.441718,72.602030,37.220859,36.301015,380,20,0.066667,1900.000000,0.000000,35.000000,1.488837,1.452303
0,0.000000,0.090909,0.090909,0.010910,0.263270,159.108611,1517.250000,53.103513,39.035499,26.551757,19.517749,410,10,0.090909,1000.000000,0.000000,25.000000,1.062071,0.000000
0,-0.000935,0.200000,0.088235,0.109929,8.620442,588.000000,30838.408163,86.428572,93.333333,43.214286,46.666667,300,170,0.375000,4700.000000,0.000000,40.000000,1.728582,1.867880
0,-0.000074,0.047619,0.041667,0.390801,8.583791,5015.673469,30427.000000,85.831657,84.852339,42.915829,42.426170,180,30,0.047619,1600.000000,0.000000,40.000000,1.716649,1.698259
0,0.000000,0.125000,0.125000,0.001721,0.086691,117.351111,880.200000,77.809157,80.982286,38.904578,40.491143,230,10,0.125000,1200.000000,0.000000,35.000000,1.556183,1.619650
0,0.000000,0.090909,0.090909,0.030647,0.060905,242.769399,679.408163,100.000000,100.000000,50.000000,50.000000,340,280,0.090909,1000.000000,0.000000,50.000000,2.000002,2.000003
0,-0.003883,0.333333,0.111111,0.452495,0.041032,940.220800,463.408163,79.368421,50.000000,39.684211,25.000000,390,120,0.666667,2700.000000,0.000000,35.000000,1.587592,0.000000
0,-0.003883,0.333333,0.111111,0.452495,0.041032,940.220800,463.408163,79.368421,50.000000,39.684211,25.000000,460,120,0.666667,2700.000000,0.000000,35.000000,1.587592,0.000000
0,0.000000,0.166667,0.166667,0.046491,0.041032,226.326101,463.408163,88.529412,50.000000,44.264706,25.000000,220,150,0.166667,1200.000000,0.000000,40.000000,1.770593,0.000000
0,-0.000018,0.030303,0.029412,1.073333,8.579409,5914.353643,30375.000000,86.777640,43.333333,43.388820,21.666667,370,80,0.030303,1100.000000,0.000000,40.000000,1.735653,0.000000
0,0.000000,0.666667,0.666667,0.135974,0.021134,2003.621884,374.038133,89.580805,39.722851,44.790402,19.861425,270,10,0.666667,1200.000000,0.000000,40.000000,1.791621,0.000000
0,-0.000037,0.050000,0.043478,0.208047,0.076668,819.919651,839.171477,85.452958,100.000000,42.726479,50.000000,490,460,0.050000,1700.000000,0.000000,40.000000,1.709092,2.000004
0,-0.000377,0.111111,0.088235,2.006334,8.600543,7450.059384,30749.038133,93.985507,83.056184,46.992754,41.528092,70,10,0.111111,1200.000000,0.000000,45.000000,1.879988,1.662336
0,0.000000,0.090909,0.090909,0.004593,0.019873,49.920000,216.000000,89.921771,50.000000,44.960885,25.000000,160,30,0.090909,1000.000000,0.000000,40.000000,1.798436,0.000000
0,0.000000,0.181818,0.181818,0.359087,8.702655,3116.484568,31458.000000,86.664418,83.859456,43.332209,41.929728,200,90,0.181818,1000.000000,0.000000,40.000000,1.733310,1.678408
0,-0.000095,0.062500,0.040000,0.105514,0.041032,507.044691,463.408163,84.100838,50.000000,42.050419,25.000000,60,20,0.100000,4600.000000,0.000000,40.000000,1.682028,0.000000
0,0.000000,0.272727,0.272727,0.044863,0.041032,225.686101,463.408163,56.864078,50.000000,28.432039,25.000000,320,10,0.272727,1200.000000,0.000000,25.000000,1.137286,0.000000
0,-0.000037,0.050000,0.043478,0.208047,0.076668,819.919651,839.171477,85.452958,100.000000,42.726479,50.000000,490,140,0.050000,1700.000000,0.000000,40.000000,1.709092,2.000004
0,0.000000,0.083333,0.083333,0.365090,8.579409,2565.890625,30375.000000,88.850000,43.333333,44.425000,21.666667,190,80,0.083333,1100.000000,0.000000,40.000000,1.777026,0.000000
0,0.000000,0.545455,0.545455,0.016431,0.044298,53.437500,400.000000,53.928570,39.999968,26.964285,19.999984,110,10,0.545455,1000.000000,0.000000,25.000000,1.078576,0.000000
0,0.000000,0.090909,0.090909,0.030647,0.060905,242.769399,679.408163,100.000000,100.000000,50.000000,50.000000,280,170,0.090909,1000.000000,0.000000,50.000000,2.000002,2.000003
0,-0.000460,0.555556,0.500000,0.044494,0.044298,70.691358,400.000000,67.972430,39.999968,33.986215,19.999984,150,20,0.555556,1900.000000,0.000000,30.000000,1.359464,0.000000
0,0.000000,0.090909,0.090909,0.295238,0.000000,3402.638107,0.000000,49.255219,0.000000,24.627610,0.000000,360,10,0.090909,1200.000000,0.000000,20.000000,0.985117,0.000000
0,0.000000,0.090909,0.090909,0.030647,0.060905,242.769399,679.408163,100.000000,100.000000,50.000000,50.000000,670,280,0.090909,1000.000000,0.000000,50.000000,2.000002,2.000003
0,0.000000,0.090909,0.090909,0.030647,0.060905,242.769399,679.408163,100.000000,100.000000,50.000000,50.000000,170,160,0.090909,1000.000000,0.000000,50.000000,2.000002,2.000003
0,-0.000935,0.200000,0.088235,0.109929,8.620442,588.000000,30838.408163,86.428572,93.333333,43.214286,46.666667,190,170,0.375000,4700.000000,0.000000,40.000000,1.728582,1.867880
0,0.000000,0.166667,0.166667,0.046491,0.041032,226.326101,463.408163,88.529412,50.000000,44.264706,25.000000,650,220,0.166667,1200.000000,0.000000,40.000000,1.770593,0.000000
0,-0.000381,0.100000,0.071429,0.013754,0.032013,164.390023,413.906250,81.022220,81.000000,40.511110,40.500000,250,60,0.100000,1600.000000,0.000000,40.000000,1.620445,1.620001
0,0.000000,0.272727,0.272727,0.044863,0.041032,225.686101,463.408163,56.864078,50.000000,28.432039,25.000000,400,10,0.272727,1200.000000,0.000000,25.000000,1.137286,0.000000
0,-0.000018,0.030303,0.029412,1.073333,8.579409,5914.353643,30375.000000,86.777640,43.333333,43.388820,21.666667,530,370,0.030303,1100.000000,0.000000,40.000000,1.735653,0.000000
0,-0.000852,0.120000,0.088235,2.159622,8.620442,1648.725207,30838.408163,76.946539,93.333333,38.473270,46.666667,600,20,0.181818,1700.000000,0.000000,35.000000,1.540407,1.867880
0,-0.000852,0.120000,0.088235,2.092854,8.620442,1678.721549,30838.408163,78.664780,93.333333,39.332390,46.666667,100,20,0.181818,1700.000000,0.000000,35.000000,1.574752,1.867880
0,-0.000064,0.066667,0.058824,0.005667,0.173898,80.390023,2341.666667,83.902798,80.454532,41.951399,40.227266,60,60,0.066667,1600.000000,0.000000,40.000000,1.678056,1.609097
0,0.000927,0.428571,0.500000,0.430446,0.000000,2427.630000,0.000000,80.288024,0.000000,40.144012,0.000000,230,50,0.500000,2500.000000,0.000000,40.000000,1.605894,0.000000
0,0.000000,0.272727,0.272727,0.044863,0.041032,225.686101,463.408163,56.864078,50.000000,28.432039,25.000000,150,10,0.272727,1200.000000,0.000000,25.000000,1.137286,0.000000
0,0.000034,0.041667,0.055556,1.053548,0.017691,3515.316804,194.400000,83.561169,50.000000,41.780584,25.000000,350,320,0.062500,1600.000000,0.000000,40.000000,1.671382,0.000000
0,-0.000172,0.111111,0.083333,0.039744,0.000000,82.000000,0.000000,40.672818,0.000000,20.336409,0.000000,150,10,0.111111,1900.000000,0.000000,20.000000,0.813471,0.000000
0,-0.003357,1.000000,0.636364,0.381234,0.000000,1753.125000,0.000000,64.772720,0.000000,32.386360,0.000000,260,10,1.000000,2200.000000,0.000000,30.000000,1.295498,0.000000
0,0.000000,0.090909,0.090909,0.030647,0.060905,242.769399,679.408163,100.000000,100.000000,50.000000,50.000000,420,280,0.090909,1000.000000,0.000000,50.000000,2.000002,2.000003
0,-0.000852,0.120000,0.088235,2.159622,8.620442,1648.725207,30838.408163,76.946539,93.333333,38.473270,46.666667,560,20,0.181818,1700.000000,0.000000,35.000000,1.540407,1.867880
0,-0.000273,0.111111,0.090909,1.060162,0.019873,3559.233471,216.000000,83.561169,50.000000,41.780584,25.000000,320,220,0.111111,1600.000000,0.000000,40.000000,1.671383,0.000000
0,-0.007249,0.666667,0.111111,0.031603,0.041032,572.346154,463.408163,79.516780,50.000000,39.758390,25.000000,130,10,0.750000,2600.000000,0.000000,35.000000,1.590337,0.000000
0,-0.000037,0.050000,0.043478,0.208047,0.076668,819.919651,839.171477,85.452958,100.000000,42.726479,50.000000,460,270,0.050000,1700.000000,0.000000,40.000000,1.709092,2.000004
0,0.000000,0.090909,0.090909,0.030647,0.060905,242.769399,679.408163,100.000000,100.000000,50.000000,50.000000,340,160,0.090909,1000.000000,0.000000,50.000000,2.000002,2.000003
0,0.000000,0.090909,0.090909,0.019479,0.014044,240.360000,160.000000,48.302095,39.999987,24.151047,19.999994,280,10,0.090909,1200.000000,0.000000,20.000000,0.966043,0.000000
0,0.000000,0.181818,0.181818,0.359087,8.702655,3116.484568,31458.000000,86.664418,83.859456,43.332209,41.929728,540,200,0.181818,1000.000000,0.000000,40.000000,1.733310,1.678408
0,-0.000037,0.050000,0.043478,0.208047,0.076668,819.919651,839.171477,85.452958,100.000000,42.726479,50.000000,560,460,0.050000,1700.000000,0.000000,40.000000,1.709092,2.000004
0,-0.000171,0.100000,0.083333,0.055760,0.021179,564.390023,300.000000,82.296086,40.000000,41.148043,20.000000,140,60,0.100000,1600.000000,0.000000,40.000000,1.645925,0.000000
0,0.000000,0.166667,0.166667,0.046491,0.041032,226.326101,463.408163,88.529412,50.000000,44.264706,25.000000,540,220,0.166667,1200.000000,0.000000,40.000000,1.770593,0.000000
0,-0.000377,0.111111,0.088235,2.006334,8.600543,7450.059384,30749.038133,93.985507,83.056184,46.992754,41.528092,520,10,0.111111,1200.000000,0.000000,45.000000,1.879988,1.662336
0,-0.003883,0.333333,0.111111,0.452495,0.041032,940.220800,463.408163,79.368421,50.000000,39.684211,25.000000,500,120,0.666667,2700.000000,0.000000,35.000000,1.587592,0.000000
0,0.000000,0.090909,0.090909,0.030647,0.060905,242.769399,679.408163,100.000000,100.000000,50.000000,50.000000,630,160,0.090909,1000.000000,0.000000,50.000000,2.000002,2.000003
0,-0.000935,0.181818,0.088235,0.826633,8.620442,1542.178145,30838.408163,80.436846,93.333333,40.218423,46.666667,220,20,0.375000,4200.000000,0.000000,40.000000,1.608984,1.867880
0,-0.000037,0.050000,0.043478,0.208047,0.076668,819.919651,839.171477,85.452958,100.000000,42.726479,50.000000,600,140,0.050000,1700.000000,0.000000,40.000000,1.709092,2.000004
0,-0.005818,0.636364,0.272727,0.005331,0.000000,79.360000,0.000000,58.334666,0.000000,29.167333,0.000000,210,10,0.636364,1200.000000,0.000000,25.000000,1.166694,0.000000
0,-0.000110,0.076923,0.071429,0.052080,0.423464,105.718889,4660.000000,73.045179,91.519006,36.522589,45.759503,230,120,0.076923,1100.000000,0.000000,35.000000,1.460924,1.830399
0,-0.002983,0.222222,0.142857,0.168061,0.010835,1473.187500,113.906250,80.246896,41.000000,40.123448,20.500000,240,170,0.444444,2400.000000,0.000000,40.000000,1.604948,0.000000
0,-0.000013,0.029412,0.028571,0.295238,0.021134,3590.899990,374.038133,89.253887,39.722851,44.626943,19.861425,360,10,0.029412,1200.000000,0.000000,40.000000,1.785091,0.000000
0,-0.000095,0.062500,0.040000,0.105514,0.041032,507.044691,463.408163,84.100838,50.000000,42.050419,25.000000,310,20,0.100000,4600.000000,0.000000,40.000000,1.682028,0.000000
0,-0.000037,0.050000,0.043478,0.208047,0.076668,819.919651,839.171477,85.452958,100.000000,42.726479,50.000000,460,350,0.050000,1700.000000,0.000000,40.000000,1.709092,2.000004
0,0.000000,0.090909,0.090909,0.004593,0.019873,49.920000,216.000000,89.921771,50.000000,44.960885,25.000000,280,30,0.090909,1000.000000,0.000000,40.000000,1.798436,0.000000
0,-0.000095,0.062500,0.040000,0.105514,0.041032,507.044691,463.408163,84.100838,50.000000,42.050419,25.000000,200,20,0.100000,4600.000000,0.000000,40.000000,1.682028,0.000000
0,-0.003883,0.333333,0.111111,0.452495,0.041032,940.220800,463.408163,79.368421,50.000000,39.684211,25.000000,250,120,0.666667,2700.000000,0.000000,35.000000,1.587592,0.000000
0,0.000000,0.090909,0.090909,0.030647,0.060905,242.769399,679.408163,100.000000,100.000000,50.000000,50.000000,420,160,0.090909,1000.000000,0.000000,50.000000,2.000002,2.000003
0,-0.001020,0.320000,0.088235,0.008731,8.620442,344.790598,30838.408163,81.689709,93.333333,40.844855,46.666667,380,10,0.320000,2600.000000,0.000000,40.000000,1.633795,1.867880
0,-0.000852,0.120000,0.088235,2.159622,8.620442,1648.725207,30838.408163,76.946539,93.333333,38.473270,46.666667,490,20,0.181818,1700.000000,0.000000,35.000000,1.540407,1.867880
0,0.000000,0.666667,0.666667,0.849148,0.124633,1591.000000,1575.000000,43.033284,40.000000,21.516642,20.000000,500,10,0.666667,1100.000000,0.000000,20.000000,0.860895,0.000000
0,-0.000095,0.062500,0.040000,0.105514,0.041032,507.044691,463.408163,84.100838,50.000000,42.050419,25.000000,270,20,0.100000,4600.000000,0.000000,40.000000,1.682028,0.000000
0,0.000000,0.090909,0.090909,0.030647,0.060905,242.769399,679.408163,100.000000,100.000000,50.000000,50.000000,630,280,0.090909,1000.000000,0.000000,50.000000,2.000002,2.000003
0,0.000034,0.041667,0.055556,1.053548,0.017691,3515.316804,194.400000,83.561169,50.000000,41.780584,25.000000,470,320,0.062500,1600.000000,0.000000,40.000000,1.671382,0.000000
0,-0.003883,0.333333,0.111111,0.452495,0.041032,940.220800,463.408163,79.368421,50.000000,39.684211,25.000000,170,120,0.666667,2700.000000,0.000000,35.000000,1.587592,0.000000
0,-0.000048,0.052632,0.043478,0.053179,0.076668,650.625574,839.171477,91.070710,100.000000,45.535355,50.000000,130,90,0.052632,1800.000000,0.000000,45.000000,1.821416,2.000004
0,0.000000,0.090909,0.090909,0.008608,0.000000,119.437500,0.000000,53.926057,0.000000,26.963029,0.000000,240,10,0.090909,1000.000000,0.000000,25.000000,1.078522,0.000000
0,0.000034,0.041667,0.055556,1.053548,0.017691,3515.316804,194.400000,83.561169,50.000000,41.780584,25.000000,320,210,0.062500,1600.000000,0.000000,40.000000,1.671382,0.000000
0,0.000000,0.272727,0.272727,0.044863,0.041032,225.686101,463.408163,56.864078,50.000000,28.432039,25.000000,540,10,0.272727,1200.000000,0.000000,25.000000,1.137286,0.000000
0,-0.000935,0.200000,0.088235,0.109929,8.620442,588.000000,30838.408163,86.428572,93.333333,43.214286,46.666667,260,170,0.375000,4700.000000,0.000000,40.000000,1.728582,1.867880
0,0.000000,0.166667,0.166667,0.046491,0.041032,226.326101,463.408163,88.529412,50.000000,44.264706,25.000000,610,220,0.166667,1200.000000,0.000000,40.000000,1.770593,0.000000
0,-0.000852,0.120000,0.088235,2.159622,8.620442,1648.725207,30838.408163,76.946539,93.333333,38.473270,46.666667,270,20,0.181818,1700.000000,0.000000,35.000000,1.540407,1.867880
0,0.000000,0.272727,0.272727,0.000000,0.021134,218.981884,374.038133,56.667999,39.722851,28.334000,19.861425,10,10,0.272727,1200.000000,0.000000,25.000000,1.133360,0.000000
0,0.000000,0.200000,0.200000,0.002965,0.427055,137.555556,4708.000000,77.954827,90.000000,38.977414,45.000000,130,10,0.200000,1000.000000,0.000000,35.000000,1.559097,1.800019
0,-0.000095,0.055556,0.040000,0.019801,0.041032,174.925788,463.408163,89.089117,50.000000,44.544559,25.000000,50,10,0.100000,4300.000000,0.000000,40.000000,1.781785,0.000000
0,-0.000852,0.120000,0.088235,2.159622,8.620442,1648.725207,30838.408163,76.946539,93.333333,38.473270,46.666667,350,20,0.181818,1700.000000,0.000000,35.000000,1.540407,1.867880
0,-0.000037,0.050000,0.043478,0.208047,0.076668,819.919651,839.171477,85.452958,100.000000,42.726479,50.000000,270,140,0.050000,1700.000000,0.000000,40.000000,1.709092,2.000004
0,0.000000,0.272727,0.272727,0.044863,0.041032,225.686101,463.408163,56.864078,50.000000,28.432039,25.000000,650,10,0.272727,1200.000000,0.000000,25.000000,1.137286,0.000000
0,0.000000,0.405405,0.405405,1.051505,0.021179,3515.623494,300.000000,74.609769,40.000000,37.304885,20.000000,320,60,0.405405,1600.000000,0.000000,35.000000,1.492354,0.000000
0,-0.000048,0.052632,0.043478,0.053179,0.076668,650.625574,839.171477,91.070710,100.000000,45.535355,50.000000,450,90,0.052632,1800.000000,0.000000,45.000000,1.821416,2.000004
0,-0.000612,0.142857,0.090909,0.011089,0.021179,132.390023,300.000000,83.048573,40.000000,41.524287,20.000000,70,60,0.142857,1600.000000,0.000000,40.000000,1.660972,0.000000
0,-0.000037,0.050000,0.043478,0.208047,0.076668,819.919651,839.171477,85.452958,100.000000,42.726479,50.000000,600,460,0.050000,1700.000000,0.000000,40.000000,1.709092,2.000004
0,-0.000170,0.083333,0.071429,0.177920,0.014044,3890.446400,160.000000,73.314060,39.999987,36.657030,19.999994,340,260,0.083333,1400.000000,0.000000,35.000000,1.466286,0.000000
0,-0.000174,0.666667,0.647059,0.148902,0.152719,1326.339506,2041.666667,55.310952,40.454532,27.655476,20.227266,270,10,0.692308,2100.000000,0.000000,25.000000,1.106228,0.000000
0,-0.000132,0.250000,0.250000,1.050404,0.003075,3483.233471,36.000000,77.561167,43.333155,38.780583,21.666577,320,120,0.285714,1600.000000,0.000000,35.000000,1.551382,0.000000
0,0.000000,0.090909,0.090909,0.030647,0.060905,242.769399,679.408163,100.000000,100.000000,50.000000,50.000000,560,160,0.090909,1000.000000,0.000000,50.000000,2.000002,2.000003
0,0.000000,0.090909,0.090909,0.030647,0.060905,242.769399,679.408163,100.000000,100.000000,50.000000,50.000000,560,280,0.090909,1000.000000,0.000000,50.000000,2.000002,2.000003
0,-0.005818,0.636364,0.272727,0.005331,0.000000,79.360000,0.000000,58.334666,0.000000,29.167333,0.000000,500,10,0.636364,1200.000000,0.000000,25.000000,1.166694,0.000000
0,-0.000008,0.058824,0.040000,0.317034,0.041032,2787.752404,463.408163,79.775556,50.000000,39.887778,25.000000,220,10,0.058824,2600.000000,0.000000,35.000000,1.595531,0.000000
0,0.000000,0.034483,0.034483,0.734444,0.021062,3586.223018,217.383743,81.320497,39.583480,40.660248,19.791740,370,240,0.034483,1100.000000,0.000000,40.000000,1.626486,0.000000
0,0.000000,0.272727,0.272727,0.044863,0.041032,225.686101,463.408163,56.864078,50.000000,28.432039,25.000000,610,10,0.272727,1200.000000,0.000000,25.000000,1.137286,0.000000
0,0.000000,0.090909,0.090909,0.030647,0.060905,242.769399,679.408163,100.000000,100.000000,50.000000,50.000000,670,160,0.090909,1000.000000,0.000000,50.000000,2.000002,2.000003
0,0.000254,0.058824,0.066667,0.050223,0.091258,491.897970,653.518519,73.607566,77.999968,36.803783,38.999984,260,20,0.066667,1900.000000,0.000000,35.000000,1.472154,1.560006
0,-0.000935,0.200000,0.088235,0.109929,8.620442,588.000000,30838.408163,86.428572,93.333333,43.214286,46.666667,170,50,0.375000,4700.000000,0.000000,40.000000,1.728582,1.867880
0,-0.000037,0.050000,0.043478,0.208047,0.076668,819.919651,839.171477,85.452958,100.000000,42.726479,50.000000,560,140,0.050000,1700.000000,0.000000,40.000000,1.709092,2.000004
0,-0.000273,0.111111,0.090909,1.060162,0.019873,3559.233471,216.000000,83.561169,50.000000,41.780584,25.000000,320,100,0.111111,1600.000000,0.000000,40.000000,1.671383,0.000000
0,-0.000037,0.050000,0.043478,0.208047,0.076668,819.919651,839.171477,85.452958,100.000000,42.726479,50.000000,350,140,0.050000,1700.000000,0.000000,40.000000,1.709092,2.000004
0,-0.001044,0.500000,0.333333,0.006113,1.303589,79.363636,3267.000000,41.529100,32.602062,20.764550,16.301031,240,10,0.666667,3300.000000,0.000000,20.000000,0.830582,0.000000
0,0.000000,0.166667,0.166667,0.046491,0.041032,226.326101,463.408163,88.529412,50.000000,44.264706,25.000000,320,220,0.166667,1200.000000,0.000000,40.000000,1.770593,0.000000
0,0.000000,0.166667,0.166667,0.046491,0.041032,226.326101,463.408163,88.529412,50.000000,44.264706,25.000000,400,220,0.166667,1200.000000,0.000000,40.000000,1.770593,0.000000
0,0.000000,1.000000,1.000000,3.042999,0.000000,3600.000000,0.000000,75.171793,0.000000,37.585897,0.000000,410,120,1.000000,2200.000000,0.000000,35.000000,1.504723,0.000000
0,-0.000177,0.117647,0.105263,0.403585,0.660323,4034.888889,10351.000000,91.719358,89.986682,45.859679,44.993341,410,30,0.125000,1800.000000,0.000000,45.000000,1.834407,1.799755
0,-0.000128,0.333333,0.285714,0.030599,7.719150,640.041322,12600.000000,78.999917,40.486865,39.499958,20.243432,290,120,0.333333,2000.000000,0.000000,35.000000,1.579999,0.000000
0,-0.000156,0.058824,0.043478,0.419255,0.051572,4702.888889,800.000000,89.589443,100.000000,44.794721,50.000000,500,410,0.058824,1800.000000,0.000000,40.000000,1.791809,2.000002
0,-0.000239,0.105263,0.086957,0.304210,0.048691,4324.045714,763.408163,99.107143,100.000000,49.553571,50.000000,590,440,0.105263,1500.000000,0.000000,45.000000,1.982158,2.000002
0,-0.000239,0.105263,0.086957,0.304210,0.048691,4324.045714,763.408163,99.107143,100.000000,49.553571,50.000000,520,440,0.105263,1500.000000,0.000000,45.000000,1.982158,2.000002
0,0.000056,0.500000,0.428571,0.332659,0.013827,2539.750000,300.000000,80.506113,40.000000,40.253056,20.000000,290,40,0.500000,2800.000000,0.000000,40.000000,1.610144,0.000000
0,-0.000119,0.052632,0.043478,0.302121,0.021907,2980.000000,352.000000,91.974695,91.536914,45.987348,45.768457,400,200,0.052632,1500.000000,0.000000,45.000000,1.839509,1.830739
0,-0.000040,0.045455,0.043478,2.016129,0.051572,9132.768800,800.000000,83.819436,100.000000,41.909718,50.000000,470,40,0.045455,1200.000000,0.000000,40.000000,1.676648,2.000002
0,-0.000239,0.105263,0.086957,0.304210,0.048691,4324.045714,763.408163,99.107143,100.000000,49.553571,50.000000,630,400,0.105263,1500.000000,0.000000,45.000000,1.982158,2.000002
0,-0.000761,0.285714,0.800000,0.011804,0.198619,272.000000,1782.000000,82.146574,38.334727,41.073287,19.167363,320,60,1.000000,2400.000000,0.000000,40.000000,1.642932,0.000000
0,-0.000239,0.105263,0.086957,0.304210,0.048691,4324.045714,763.408163,99.107143,100.000000,49.553571,50.000000,440,130,0.105263,1500.000000,0.000000,45.000000,1.982158,2.000002
0,-0.000156,0.058824,0.043478,0.419255,0.051572,4702.888889,800.000000,89.589443,100.000000,44.794721,50.000000,500,370,0.058824,1800.000000,0.000000,40.000000,1.791809,2.000002
0,-0.000164,0.250000,0.142857,0.020852,1.111504,160.333333,2460.375000,81.644879,35.699961,40.822440,17.849981,240,40,0.250000,2800.000000,0.000000,40.000000,1.632899,0.000000
0,-0.000239,0.105263,0.086957,0.304210,0.048691,4324.045714,763.408163,99.107143,100.000000,49.553571,50.000000,630,440,0.105263,1500.000000,0.000000,45.000000,1.982158,2.000002
0,-0.000239,0.105263,0.086957,0.304210,0.048691,4324.045714,763.408163,99.107143,100.000000,49.553571,50.000000,590,400,0.105263,1500.000000,0.000000,45.000000,1.982158,2.000002
0,-0.000239,0.105263,0.086957,0.304210,0.048691,4324.045714,763.408163,99.107143,100.000000,49.553571,50.000000,400,380,0.105263,1500.000000,0.000000,45.000000,1.982158,2.000002
0,-0.000239,0.105263,0.086957,0.304210,0.048691,4324.045714,763.408163,99.107143,100.000000,49.553571,50.000000,400,300,0.105263,1500.000000,0.000000,45.000000,1.982158,2.000002
0,-0.001275,0.538462,0.153846,0.041190,0.641618,531.470000,10051.000000,100.000000,39.986682,50.000000,19.993341,430,10,0.538462,2000.000000,0.000000,50.000000,2.000014,0.000000
0,-0.000239,0.105263,0.086957,0.304210,0.048691,4324.045714,763.408163,99.107143,100.000000,49.553571,50.000000,440,380,0.105263,1500.000000,0.000000,45.000000,1.982158,2.000002
0,-0.000098,0.050000,0.043478,0.341966,0.039914,4047.621884,674.038133,98.333333,90.724299,49.166667,45.362150,460,10,0.050000,1300.000000,0.000000,45.000000,1.966682,1.814487
0,-0.001275,0.538462,0.153846,0.041190,0.641618,531.470000,10051.000000,100.000000,39.986682,50.000000,19.993341,140,10,0.538462,2000.000000,0.000000,50.000000,2.000014,0.000000
0,-0.000239,0.105263,0.086957,0.304210,0.048691,4324.045714,763.408163,99.107143,100.000000,49.553571,50.000000,400,130,0.105263,1500.000000,0.000000,45.000000,1.982158,2.000002
0,-0.000239,0.105263,0.086957,0.304210,0.048691,4324.045714,763.408163,99.107143,100.000000,49.553571,50.000000,440,300,0.105263,1500.000000,0.000000,45.000000,1.982158,2.000002
0,-0.000239,0.105263,0.086957,0.304210,0.048691,4324.045714,763.408163,99.107143,100.000000,49.553571,50.000000,520,400,0.105263,1500.000000,0.000000,45.000000,1.982158,2.000002
0,-0.000040,0.045455,0.043478,2.016129,0.051572,9132.768800,800.000000,83.819436,100.000000,41.909718,50.000000,430,40,0.045455,1200.000000,0.000000,40.000000,1.676648,2.000002
0,-0.000177,0.117647,0.105263,0.403585,0.660323,4034.888889,10351.000000,91.719358,89.986682,45.859679,44.993341,370,30,0.125000,1800.000000,0.000000,45.000000,1.834407,1.799755
0,-0.000098,0.050000,0.043478,0.341966,0.039914,4047.621884,674.038133,98.333333,90.724299,49.166667,45.362150,420,10,0.050000,1300.000000,0.000000,45.000000,1.966682,1.814487
0,-0.000119,0.052632,0.043478,0.302121,0.021907,2980.000000,352.000000,91.974695,91.536914,45.987348,45.768457,440,200,0.052632,1500.000000,0.000000,45.000000,1.839509,1.830739
0,0.000000,0.250000,0.250000,0.003773,0.000000,65.880000,0.000000,50.000042,0.000000,25.000021,0.000000,510,10,0.250000,1500.000000,0.000000,25.000000,1.000001,0.000000
0,-0.000096,0.090909,0.125000,0.027559,0.155218,500.280927,605.000000,74.378527,90.000000,37.189264,45.000000,230,180,0.333333,4600.000000,0.000000,35.000000,1.487571,1.800043
0,-0.003413,0.666667,0.400000,0.037686,0.463409,984.000000,580.000000,49.589443,69.936767,24.794721,34.968384,500,10,0.666667,1900.000000,0.000000,20.000000,0.991790,1.398922
0,0.000000,0.083333,0.083333,0.014473,0.244858,181.760000,3393.600000,81.249791,81.259468,40.624896,40.629734,360,140,0.083333,1200.000000,0.000000,40.000000,1.624996,1.625198
0,0.000000,1.000000,1.000000,0.160610,0.130728,2372.643800,291.111111,81.041658,80.999839,40.520829,40.499920,110,40,1.000000,1300.000000,0.000000,40.000000,1.620839,1.620038
0,-0.003413,0.666667,0.400000,0.152001,0.463409,2304.268800,580.000000,81.874984,69.936767,40.937492,34.968384,70,40,0.666667,1300.000000,0.000000,40.000000,1.637505,1.398922
0,-0.000288,0.086957,0.058824,0.212503,0.308316,2162.734375,1132.493075,81.864083,77.184584,40.932041,38.592292,530,230,0.086957,1600.000000,0.000000,40.000000,1.637292,1.543751
0,-0.000126,0.111111,0.111111,0.015011,0.160109,75.333333,2217.000000,89.417676,91.428571,44.708838,45.714286,220,40,0.142857,4200.000000,0.000000,40.000000,1.788355,1.828577
0,0.000000,0.250000,0.250000,0.002466,0.001914,59.666667,32.666667,53.331777,41.666667,26.665888,20.833333,50,10,0.250000,1100.000000,0.000000,25.000000,1.066636,0.000000
0,0.000632,0.066667,0.162791,0.121007,0.165042,271.705785,762.120000,85.831524,90.000000,42.915762,45.000000,320,270,0.166667,4200.000000,0.000000,40.000000,1.716664,1.800043
0,-0.000501,0.250000,0.181818,0.003048,0.244775,58.472222,3351.111111,49.212749,80.925974,24.606375,40.462987,30,10,0.250000,2300.000000,0.000000,20.000000,0.984255,1.618528
0,-0.000284,0.250000,0.222222,0.052335,0.362504,54.444444,5032.000000,72.100631,81.354707,36.050316,40.677353,220,20,0.250000,2400.000000,0.000000,35.000000,1.442038,1.627107
0,0.000000,1.000000,1.000000,0.091261,0.130728,879.739669,291.111111,48.461521,80.999839,24.230760,40.499920,460,10,1.000000,2300.000000,0.000000,20.000000,0.969235,1.620038
0,0.000094,0.117647,0.125000,0.161571,0.155218,2398.574356,605.000000,89.374992,90.000000,44.687496,45.000000,510,40,0.125000,1300.000000,0.000000,40.000000,1.787505,1.800043
0,0.000000,0.250000,0.250000,0.003773,0.000000,65.880000,0.000000,50.000042,0.000000,25.000021,0.000000,200,10,0.250000,1500.000000,0.000000,25.000000,1.000001,0.000000
0,-0.000126,0.111111,0.111111,0.015011,0.160109,75.333333,2217.000000,89.417676,91.428571,44.708838,45.714286,260,40,0.142857,4200.000000,0.000000,40.000000,1.788355,1.828577
0,-0.000053,0.083333,0.080000,0.021086,0.130811,2185.961646,333.600000,88.717940,81.333333,44.358970,40.666666,570,360,0.083333,1200.000000,0.000000,40.000000,1.774359,1.626708
0,-0.000194,0.181818,0.166667,0.202735,0.135190,2794.518800,382.500000,79.375036,79.999840,39.687518,39.999920,330,40,0.181818,1300.000000,0.000000,35.000000,1.587508,1.600038
0,0.000495,0.121951,0.162791,0.189183,0.165042,2913.268800,762.120000,87.374992,90.000000,43.687496,45.000000,610,40,0.166667,1300.000000,0.000000,40.000000,1.747506,1.800043
0,0.000632,0.066667,0.162791,0.121007,0.165042,271.705785,762.120000,85.831524,90.000000,42.915762,45.000000,300,270,0.166667,4200.000000,0.000000,40.000000,1.716664,1.800043
0,0.000000,0.500000,0.500000,0.002423,0.034582,124.351111,480.200000,74.729611,40.999920,37.364806,20.499960,20,10,0.500000,1400.000000,0.000000,35.000000,1.494592,0.000000
0,-0.000096,0.090909,0.125000,0.027559,0.155218,500.280927,605.000000,74.378527,90.000000,37.189264,45.000000,230,220,0.333333,4600.000000,0.000000,35.000000,1.487571,1.800043
0,-0.000162,0.125000,0.105263,0.090312,0.662496,1295.625000,980.000000,91.225916,75.003141,45.612958,37.501571,480,10,0.125000,2100.000000,0.000000,45.000000,1.824523,1.500287
0,0.000382,0.500000,0.416667,0.028804,0.357613,799.807500,3420.000000,39.050472,79.926135,19.525236,39.963068,440,10,0.625000,2500.000000,0.000000,15.000000,0.781010,1.598572
0,0.000495,0.121951,0.162791,0.189183,0.165042,2913.268800,762.120000,87.374992,90.000000,43.687496,45.000000,630,40,0.166667,1300.000000,0.000000,40.000000,1.747506,1.800043
0,-0.000133,0.066667,0.058824,0.244854,0.308316,3057.690288,1132.493075,79.539875,77.184584,39.769937,38.592292,260,40,0.066667,1300.000000,0.000000,35.000000,1.590808,1.543751
0,0.000495,0.121951,0.162791,0.189183,0.165042,2913.268800,762.120000,87.374992,90.000000,43.687496,45.000000,590,40,0.166667,1300.000000,0.000000,40.000000,1.747506,1.800043
0,-0.000213,0.222222,0.166667,0.121314,0.135190,1534.826667,382.500000,78.876127,79.999840,39.438063,39.999920,340,110,0.222222,3500.000000,0.000000,35.000000,1.577529,1.600038
0,-0.000053,0.083333,0.080000,0.021086,0.130811,2185.961646,333.600000,88.717940,81.333333,44.358970,40.666666,360,50,0.083333,1200.000000,0.000000,40.000000,1.774359,1.626708
0,0.000000,0.105263,0.105263,0.195322,0.662496,2935.628800,980.000000,76.347455,75.003141,38.173727,37.501571,90,40,0.105263,1300.000000,0.000000,35.000000,1.526956,1.500287
0,0.000000,0.250000,0.250000,0.003773,0.000000,65.880000,0.000000,50.000042,0.000000,25.000021,0.000000,160,10,0.250000,1500.000000,0.000000,25.000000,1.000001,0.000000
0,0.000372,0.555556,0.888889,0.023296,0.248457,137.972452,1972.000000,80.249200,81.428571,40.124600,40.714286,270,40,1.000000,4200.000000,0.000000,40.000000,1.604986,1.628617
0,0.000632,0.066667,0.162791,0.121007,0.165042,271.705785,762.120000,85.831524,90.000000,42.915762,45.000000,340,270,0.166667,4200.000000,0.000000,40.000000,1.716664,1.800043
0,0.000000,0.416667,0.416667,0.157941,0.357613,2360.268800,3420.000000,80.622478,79.926135,40.311239,39.963068,130,40,0.416667,1300.000000,0.000000,40.000000,1.612455,1.598572
0,-0.000569,0.500000,0.444444,0.003124,0.135619,58.472222,1903.111111,50.000000,82.428410,25.000000,41.214205,230,10,0.500000,2300.000000,0.000000,20.000000,1.000000,1.648573
0,0.000000,0.888889,0.888889,0.201915,0.248457,2368.935467,1972.000000,74.374992,81.428571,37.187496,40.714286,330,40,0.888889,1300.000000,0.000000,35.000000,1.487521,1.628617
0,0.000094,0.117647,0.125000,0.161571,0.155218,2398.574356,605.000000,89.374992,90.000000,44.687496,45.000000,550,40,0.125000,1300.000000,0.000000,40.000000,1.787505,1.800043
0,-0.001530,0.166667,0.125000,0.001183,0.291523,36.166667,4763.888889,53.807241,90.666560,26.903620,45.333280,20,10,0.384615,2400.000000,0.000000,25.000000,1.076145,1.813340
0,0.000000,0.100000,0.100000,0.006967,0.091153,115.200000,902.481481,50.000000,47.619048,25.000000,23.809524,270,10,0.100000,1000.000000,0.000000,25.000000,1.000000,0.000000
0,0.000166,0.027027,0.040000,0.004283,0.205648,256.011906,1353.163435,90.208325,80.624368,45.104163,40.312184,100,10,0.040000,1500.000000,0.000000,45.000000,1.804167,1.612505
0,0.000000,0.500000,0.500000,0.005073,0.008047,92.422222,153.600000,40.000000,41.333333,20.000000,20.666667,390,10,0.500000,1000.000000,0.000000,15.000000,0.800000,0.000000
0,0.000000,0.500000,0.500000,0.003960,0.000000,52.768889,0.000000,82.000320,0.000000,41.000160,0.000000,230,150,0.500000,1300.000000,0.000000,40.000000,1.640007,0.000000
0,-0.001257,1.000000,0.818182,0.133262,0.029200,214.755102,516.000000,94.617743,90.000000,47.308871,45.000000,170,10,1.000000,2400.000000,0.000000,45.000000,1.892447,1.800001
0,-0.001092,0.500000,0.333333,0.012121,0.015064,243.755102,300.000000,84.776727,40.000000,42.388363,20.000000,130,10,0.500000,2400.000000,0.000000,40.000000,1.695535,0.000000
0,-0.000146,0.066667,0.050000,0.009463,0.111745,43.673469,2093.666667,78.685854,82.205012,39.342927,41.102506,180,60,0.066667,1900.000000,0.000000,35.000000,1.573719,1.644103
0,0.000000,0.200000,0.200000,0.002325,0.534861,128.543210,2767.666667,79.999800,73.469778,39.999900,36.734889,120,10,0.200000,1300.000000,0.000000,35.000000,1.599996,1.469524
0,-0.003078,0.500000,0.200000,0.206707,0.192275,587.000000,624.127551,74.210613,76.804299,37.105306,38.402149,250,20,0.571429,2300.000000,0.000000,35.000000,1.484249,1.536120
0,0.000000,0.500000,0.500000,0.003960,0.000000,52.768889,0.000000,82.000320,0.000000,41.000160,0.000000,540,150,0.500000,1300.000000,0.000000,40.000000,1.640007,0.000000
0,0.000000,0.333333,0.333333,0.008407,0.005124,72.165714,71.111111,84.282841,41.972697,42.141421,20.986348,630,200,0.333333,1000.000000,0.000000,40.000000,1.685657,0.000000
0,0.000000,0.100000,0.100000,0.012774,0.008319,175.042975,128.825556,41.998908,42.176657,20.999454,21.088328,220,10,0.100000,1000.000000,0.000000,20.000000,0.839979,0.000000
0,0.001285,0.500000,0.636364,0.005868,0.031684,70.000000,544.546875,51.666667,80.619937,25.833333,40.309969,220,10,0.636364,2200.000000,0.000000,25.000000,1.033334,1.612400
0,0.000000,1.000000,1.000000,0.067761,0.014368,82.880000,227.555556,79.545140,41.249984,39.772570,20.624992,190,180,1.000000,1200.000000,0.000000,35.000000,1.590938,0.000000
0,0.001758,0.142857,0.555556,0.086893,0.385508,645.361111,1330.627551,60.864117,77.323225,30.432058,38.661613,280,10,0.555556,4700.000000,0.000000,30.000000,1.217289,1.546524
0,0.000000,0.500000,0.500000,0.003960,0.000000,52.768889,0.000000,82.000320,0.000000,41.000160,0.000000,190,150,0.500000,1300.000000,0.000000,40.000000,1.640007,0.000000
0,0.000000,0.100000,0.100000,0.006967,0.091153,115.200000,902.481481,50.000000,47.619048,25.000000,23.809524,180,10,0.100000,1000.000000,0.000000,25.000000,1.000000,0.000000
0,-0.001257,1.000000,0.818182,0.133262,0.029200,214.755102,516.000000,94.617743,90.000000,47.308871,45.000000,50,10,1.000000,2400.000000,0.000000,45.000000,1.892447,1.800001
0,0.000000,0.312500,0.312500,0.022606,0.094796,327.881944,963.937750,55.008388,100.000000,27.504194,50.000000,460,10,0.312500,1000.000000,0.000000,25.000000,1.100169,2.000029
0,-0.004437,0.500000,0.090909,0.011486,0.094796,158.953627,963.937750,73.076923,100.000000,36.538462,50.000000,440,10,0.615385,2600.000000,0.000000,35.000000,1.461539,2.000029
0,0.000000,0.312500,0.312500,0.052209,0.094192,263.474581,1076.691213,44.326853,90.624950,22.163427,45.312475,70,10,0.312500,1000.000000,0.000000,20.000000,0.886543,1.812528
0,0.000000,0.312500,0.312500,0.022606,0.094796,327.881944,963.937750,55.008388,100.000000,27.504194,50.000000,600,10,0.312500,1000.000000,0.000000,25.000000,1.100169,2.000029
0,0.000000,0.062500,0.062500,0.004725,0.038450,92.736686,70.198138,46.674922,91.538461,23.337461,45.769230,280,10,0.062500,1000.000000,0.000000,20.000000,0.933499,1.830796
0,0.000000,0.312500,0.312500,0.022606,0.094796,327.881944,963.937750,55.008388,100.000000,27.504194,50.000000,380,10,0.312500,1000.000000,0.000000,25.000000,1.100169,2.000029
0,0.000000,0.090909,0.090909,0.043640,0.094796,410.937500,963.937750,90.000000,100.000000,45.000000,50.000000,600,400,0.090909,1000.000000,0.000000,40.000000,1.800003,2.000029
0,-0.000104,0.052632,0.038462,0.041081,0.023878,464.000000,280.968815,81.049849,81.750209,40.524925,40.875105,290,120,0.052632,2100.000000,0.000000,40.000000,1.620999,1.635005
0,-0.004275,0.294118,0.058824,0.002220,0.162682,232.165094,3094.830102,90.801718,81.291608,45.400859,40.645804,100,10,0.294118,1600.000000,0.000000,45.000000,1.816034,1.625836
0,0.000000,0.312500,0.312500,0.022606,0.094796,327.881944,963.937750,55.008388,100.000000,27.504194,50.000000,670,10,0.312500,1000.000000,0.000000,25.000000,1.100169,2.000029
0,0.000000,0.090909,0.090909,0.043640,0.094796,410.937500,963.937750,90.000000,100.000000,45.000000,50.000000,400,380,0.090909,1000.000000,0.000000,40.000000,1.800003,2.000029
0,-0.004437,0.500000,0.090909,0.011486,0.094796,158.953627,963.937750,73.076923,100.000000,36.538462,50.000000,300,10,0.615385,2600.000000,0.000000,35.000000,1.461539,2.000029
0,0.001649,0.076923,0.333333,0.001311,0.092564,28736.444444,144.000000,91.428571,42.499600,45.714286,21.249800,290,10,0.333333,2100.000000,0.000000,45.000000,1.828571,0.000000
0,-0.005009,0.416667,0.058824,0.012467,0.163286,177.479390,2982.076639,63.148148,90.666658,31.574074,45.333329,560,10,0.428571,2500.000000,0.000000,30.000000,1.262963,1.813338
0,-0.004437,0.500000,0.090909,0.011486,0.094796,158.953627,963.937750,73.076923,100.000000,36.538462,50.000000,510,10,0.615385,2600.000000,0.000000,35.000000,1.461539,2.000029
0,0.000000,0.090909,0.090909,0.043640,0.094796,410.937500,963.937750,90.000000,100.000000,45.000000,50.000000,710,400,0.090909,1000.000000,0.000000,40.000000,1.800003,2.000029
0,0.000000,0.142857,0.142857,0.001119,0.058427,214.732995,1053.163435,90.643643,40.624950,45.321822,20.312475,30,10,0.142857,1600.000000,0.000000,45.000000,1.812873,0.000000
0,0.000000,0.312500,0.312500,0.022606,0.094796,327.881944,963.937750,55.008388,100.000000,27.504194,50.000000,210,10,0.312500,1000.000000,0.000000,25.000000,1.100169,2.000029
0,0.000000,0.090909,0.090909,0.043640,0.094796,410.937500,963.937750,90.000000,100.000000,45.000000,50.000000,460,400,0.090909,1000.000000,0.000000,40.000000,1.800003,2.000029
0,0.000000,0.428571,0.428571,0.018800,0.000000,204.711111,0.000000,62.500000,0.000000,31.250000,0.000000,490,10,0.428571,1800.000000,0.000000,30.000000,1.250001,0.000000
0,0.000000,1.000000,1.000000,0.005548,0.059031,1395.156825,940.409972,61.607143,50.000000,30.803571,25.000000,300,10,1.000000,1800.000000,0.000000,30.000000,1.232143,0.000000
0,-0.005009,0.416667,0.058824,0.012467,0.163286,177.479390,2982.076639,63.148148,90.666658,31.574074,45.333329,520,10,0.428571,2500.000000,0.000000,30.000000,1.262963,1.813338
0,0.000000,0.090909,0.090909,0.043640,0.094796,410.937500,963.937750,90.000000,100.000000,45.000000,50.000000,400,210,0.090909,1000.000000,0.000000,40.000000,1.800003,2.000029
0,0.000000,0.062500,0.062500,0.131981,0.140020,492.500000,2065.194444,43.467220,90.666658,21.733610,45.333329,160,10,0.062500,1000.000000,0.000000,20.000000,0.869363,1.813363
0,0.000000,0.090909,0.090909,0.073243,0.094192,346.530136,1076.691213,79.318465,90.624950,39.659232,45.312475,400,70,0.090909,1000.000000,0.000000,35.000000,1.586377,1.812528
0,0.000000,0.333333,0.333333,1.390354,1.146705,19586.666667,18565.750000,89.363862,50.000000,44.681931,25.000000,190,110,0.333333,1000.000000,0.000000,40.000000,1.787327,0.000000
0,0.000000,0.333333,0.333333,1.390354,1.146705,19586.666667,18565.750000,89.363862,50.000000,44.681931,25.000000,510,190,0.333333,1000.000000,0.000000,40.000000,1.787327,0.000000
0,0.000000,0.333333,0.333333,0.001628,0.058427,219.621884,1053.163435,88.333333,40.624950,44.166667,20.312475,220,10,0.333333,1600.000000,0.000000,40.000000,1.766667,0.000000
0,-0.005009,0.416667,0.058824,0.012467,0.163286,177.479390,2982.076639,63.148148,90.666658,31.574074,45.333329,230,10,0.428571,2500.000000,0.000000,30.000000,1.262963,1.813338
0,-0.005009,0.416667,0.058824,0.012467,0.163286,177.479390,2982.076639,63.148148,90.666658,31.574074,45.333329,450,10,0.428571,2500.000000,0.000000,30.000000,1.262963,1.813338
0,-0.001700,0.142857,0.090909,0.003821,0.094192,264.871884,1076.691213,88.333333,90.624950,44.166667,45.312475,110,10,0.384615,1600.000000,0.000000,40.000000,1.766667,1.812528
0,0.000000,0.090909,0.090909,0.043640,0.094796,410.937500,963.937750,90.000000,100.000000,45.000000,50.000000,670,400,0.090909,1000.000000,0.000000,40.000000,1.800003,2.000029
0,0.000000,1.000000,1.000000,0.005548,0.059031,1395.156825,940.409972,61.607143,50.000000,30.803571,25.000000,380,10,1.000000,1800.000000,0.000000,30.000000,1.232143,0.000000
0,-0.005009,0.416667,0.058824,0.012467,0.163286,177.479390,2982.076639,63.148148,90.666658,31.574074,45.333329,310,10,0.428571,2500.000000,0.000000,30.000000,1.262963,1.813338
0,-0.004437,0.500000,0.090909,0.011486,0.094796,158.953627,963.937750,73.076923,100.000000,36.538462,50.000000,550,10,0.615385,2600.000000,0.000000,35.000000,1.461539,2.000029
0,0.000000,0.200000,0.200000,0.006977,0.087501,124.500000,749.527778,45.009445,91.094398,22.504723,45.547199,50,10,0.200000,1000.000000,0.000000,20.000000,0.900189,1.821917
0,0.000000,0.181818,0.181818,0.338691,0.132030,4083.205000,1311.636364,81.487863,78.874069,40.743932,39.437034,290,70,0.181818,1000.000000,0.000000,40.000000,1.629771,1.577488
0,0.000000,1.000000,1.000000,0.005548,0.059031,1395.156825,940.409972,61.607143,50.000000,30.803571,25.000000,630,10,1.000000,1800.000000,0.000000,30.000000,1.232143,0.000000
0,-0.003828,0.166667,0.090909,0.019056,0.094796,193.508845,963.937750,67.692222,100.000000,33.846111,50.000000,50,10,0.615385,2600.000000,0.000000,30.000000,1.353845,2.000029
0,-0.004437,0.500000,0.090909,0.011486,0.094796,158.953627,963.937750,73.076923,100.000000,36.538462,50.000000,220,10,0.615385,2600.000000,0.000000,35.000000,1.461539,2.000029
0,0.000000,0.142857,0.142857,0.003458,0.002685,51.111111,46.670360,54.474695,41.538461,27.237348,20.769230,200,10,0.142857,1800.000000,0.000000,25.000000,1.089494,0.000000
0,0.000000,1.000000,1.000000,0.005548,0.059031,1395.156825,940.409972,61.607143,50.000000,30.803571,25.000000,130,10,1.000000,1800.000000,0.000000,30.000000,1.232143,0.000000
0,0.000000,0.666667,0.666667,0.018655,0.005469,191.000000,84.500000,79.999997,40.000628,39.999999,20.000314,80,80,0.666667,1300.000000,0.000000,35.000000,1.600001,0.000000
0,0.000000,1.000000,1.000000,0.005548,0.059031,1395.156825,940.409972,61.607143,50.000000,30.803571,25.000000,590,10,1.000000,1800.000000,0.000000,30.000000,1.232143,0.000000
0,0.000000,0.444444,0.444444,0.099294,0.024789,1285.416667,393.250000,53.333331,40.559817,26.666665,20.279908,110,10,0.444444,1100.000000,0.000000,25.000000,1.066671,0.000000
0,0.000000,0.312500,0.312500,0.022606,0.094796,327.881944,963.937750,55.008388,100.000000,27.504194,50.000000,710,10,0.312500,1000.000000,0.000000,25.000000,1.100169,2.000029
0,-0.000078,0.083333,0.071429,0.057764,0.005483,134.400000,90.250000,62.188370,39.646590,31.094185,19.823295,140,40,0.083333,1900.000000,0.000000,30.000000,1.243786,0.000000
0,-0.004851,0.333333,0.058824,0.027300,0.163286,209.082379,2982.076639,56.111105,90.666658,28.055552,45.333329,60,10,0.400000,2500.000000,0.000000,25.000000,1.122224,1.813338
0,0.000000,0.181818,0.181818,0.460685,0.059020,4461.280000,700.000000,77.497847,39.927737,38.748924,19.963869,400,290,0.181818,1000.000000,0.000000,35.000000,1.549989,0.000000
0,0.000000,1.000000,1.000000,0.005548,0.059031,1395.156825,940.409972,61.607143,50.000000,30.803571,25.000000,520,10,1.000000,1800.000000,0.000000,30.000000,1.232143,0.000000
0,0.000000,0.428571,0.428571,0.018800,0.000000,204.711111,0.000000,62.500000,0.000000,31.250000,0.000000,590,10,0.428571,1800.000000,0.000000,30.000000,1.250001,0.000000
0,-0.001014,0.263158,0.058824,0.070830,0.000000,520.087030,0.000000,88.566611,0.000000,44.283306,0.000000,410,230,0.291667,2800.000000,0.000000,40.000000,1.771337,0.000000
0,0.000065,0.259259,0.266667,0.003535,0.293450,136.231111,300.000000,87.910299,13.333333,43.955150,6.666667,170,10,0.275862,1700.000000,0.000000,40.000000,1.758206,0.000000
0,-0.000158,0.846154,0.764706,0.018857,0.293450,394.913611,300.000000,77.910299,13.333333,38.955150,6.666667,340,10,0.846154,1700.000000,0.000000,35.000000,1.558207,0.000000
0,0.000065,0.259259,0.266667,0.003535,0.293450,136.231111,300.000000,87.910299,13.333333,43.955150,6.666667,210,10,0.275862,1700.000000,0.000000,40.000000,1.758206,0.000000
0,0.000000,0.333333,0.333333,0.003598,0.501456,71.546667,700.000000,63.333376,35.714286,31.666688,17.857143,200,10,0.333333,1400.000000,0.000000,30.000000,1.266668,0.000000
0,-0.000064,0.032258,0.026316,0.015529,0.321650,300.413611,726.130435,78.518235,54.498516,39.259117,27.249258,140,10,0.032258,1700.000000,0.000000,35.000000,1.570365,1.090115
0,-0.000320,0.090909,0.066667,0.046116,0.031013,688.000000,693.590010,90.854270,48.571429,45.427135,24.285714,590,120,0.090909,1600.000000,0.000000,45.000000,1.817087,0.000000
0,-0.000524,0.300000,0.200000,0.048020,0.053741,553.000000,992.750000,82.503505,40.596933,41.251752,20.298466,280,110,0.300000,1700.000000,0.000000,40.000000,1.650072,0.000000
0,0.000000,0.333333,0.333333,0.003598,0.501456,71.546667,700.000000,63.333376,35.714286,31.666688,17.857143,240,10,0.333333,1400.000000,0.000000,30.000000,1.266668,0.000000
0,0.000427,0.800000,0.833333,0.013574,0.028884,222.106667,400.000000,72.500000,50.000000,36.250000,25.000000,550,10,0.833333,2200.000000,0.000000,35.000000,1.450001,0.000000
0,0.000000,0.111111,0.111111,0.039888,0.501456,497.416667,700.000000,53.930320,35.714286,26.965160,17.857143,370,10,0.111111,1400.000000,0.000000,25.000000,1.078608,0.000000
0,0.000000,0.062500,0.062500,0.138462,0.117047,1019.242630,2166.963542,69.645328,82.483008,34.822664,41.241504,170,40,0.062500,1000.000000,0.000000,30.000000,1.392955,1.649663
0,-0.000733,0.333333,0.266667,0.003650,0.009045,90.080000,125.296875,41.350024,41.816342,20.675012,20.908171,150,10,0.333333,1300.000000,0.000000,20.000000,0.827001,0.000000
0,0.000000,1.000000,1.000000,2.454867,0.000000,8800.000000,0.000000,80.045358,0.000000,40.022679,0.000000,200,20,1.000000,6000.000000,0.000000,40.000000,1.601256,0.000000
0,0.000000,0.100000,0.100000,0.039923,0.007046,585.937500,129.960000,81.428393,42.222222,40.714196,21.111111,310,250,0.100000,1000.000000,0.000000,40.000000,1.628569,0.000000
0,-0.000267,0.266667,0.250000,0.055234,0.103703,188.839506,1829.333333,73.896955,80.791180,36.948477,40.395590,360,150,0.266667,1200.000000,0.000000,35.000000,1.477949,1.615827
0,0.000000,0.500000,0.500000,0.039750,0.043837,564.545706,662.338843,50.000407,50.000000,25.000204,25.000000,170,10,0.500000,1000.000000,0.000000,25.000000,1.000010,0.000000
0,-0.001014,0.263158,0.058824,0.070830,0.000000,520.087030,0.000000,88.566611,0.000000,44.283306,0.000000,230,60,0.291667,2800.000000,0.000000,40.000000,1.771337,0.000000
0,-0.000086,0.100000,0.033333,0.685533,0.028884,5309.365556,400.000000,88.917000,50.000000,44.458500,25.000000,460,30,0.100000,3100.000000,0.000000,40.000000,1.778384,0.000000
0,0.000000,0.333333,0.333333,0.003598,0.501456,71.546667,700.000000,63.333376,35.714286,31.666688,17.857143,550,10,0.333333,1400.000000,0.000000,30.000000,1.266668,0.000000
0,0.000000,0.500000,0.500000,0.039750,0.043837,564.545706,662.338843,50.000407,50.000000,25.000204,25.000000,480,10,0.500000,1000.000000,0.000000,25.000000,1.000010,0.000000
0,-0.000076,0.066667,0.033333,0.693485,0.028884,263.190926,400.000000,89.542481,50.000000,44.771240,25.000000,210,50,0.066667,2900.000000,0.000000,40.000000,1.791856,0.000000
0,-0.000520,0.142857,0.066667,0.008218,0.015985,256.000000,244.111111,71.998136,40.524929,35.999068,20.262465,70,10,0.142857,2100.000000,0.000000,35.000000,1.439963,0.000000
0,0.000070,1.000000,0.500000,0.024580,0.028200,209.140496,426.130435,96.153846,41.165182,48.076923,20.582591,80,10,1.000000,3000.000000,0.000000,45.000000,1.923083,0.000000
0,-0.000076,0.066667,0.033333,0.693485,0.028884,263.190926,400.000000,89.542481,50.000000,44.771240,25.000000,210,90,0.066667,2900.000000,0.000000,40.000000,1.791856,0.000000
0,0.000000,0.200000,0.200000,0.065249,0.031013,923.444444,693.590010,90.000050,48.571429,45.000025,24.285714,670,250,0.200000,1000.000000,0.000000,45.000000,1.800003,0.000000
0,-0.000320,0.090909,0.066667,0.046116,0.031013,688.000000,693.590010,90.854270,48.571429,45.427135,24.285714,610,120,0.090909,1600.000000,0.000000,45.000000,1.817087,0.000000
0,0.000427,0.800000,0.833333,0.013574,0.028884,222.106667,400.000000,72.500000,50.000000,36.250000,25.000000,280,10,0.833333,2200.000000,0.000000,35.000000,1.450001,0.000000
0,0.000065,0.259259,0.266667,0.003535,0.293450,136.231111,300.000000,87.910299,13.333333,43.955150,6.666667,520,10,0.275862,1700.000000,0.000000,40.000000,1.758206,0.000000
0,0.000755,0.142857,0.266667,0.045551,0.108002,100.166667,2041.666667,48.262694,40.666666,24.131347,20.333333,20,10,0.307692,2600.000000,0.000000,20.000000,0.965267,0.000000
0,-0.000086,0.100000,0.033333,0.685533,0.028884,5309.365556,400.000000,88.917000,50.000000,44.458500,25.000000,460,380,0.100000,3100.000000,0.000000,40.000000,1.778384,0.000000
0,-0.001014,0.263158,0.058824,0.070830,0.000000,520.087030,0.000000,88.566611,0.000000,44.283306,0.000000,230,100,0.291667,2800.000000,0.000000,40.000000,1.771337,0.000000
0,-0.000728,0.500000,0.090909,0.091612,0.032767,387.000000,250.104167,70.241244,38.649699,35.120622,19.324849,160,80,0.500000,3500.000000,0.000000,35.000000,1.404836,0.000000
0,0.000000,0.166667,0.166667,0.004099,0.044760,39.272727,175.289941,80.681807,39.285600,40.340903,19.642800,310,120,0.166667,1100.000000,0.000000,40.000000,1.613636,0.000000
0,0.000000,0.030303,0.030303,0.067588,0.120131,797.379870,1196.497441,78.633908,79.536618,39.316954,39.768309,310,310,0.030303,1100.000000,0.000000,35.000000,1.572681,1.590741
0,0.001852,0.125000,0.222222,0.566511,0.136508,743.750000,1960.000000,82.854270,87.222222,41.427135,43.611111,300,110,0.250000,3700.000000,0.000000,40.000000,1.657303,1.744450
0,0.001852,0.125000,0.222222,0.566511,0.136508,743.750000,1960.000000,82.854270,87.222222,41.427135,43.611111,340,110,0.250000,3700.000000,0.000000,40.000000,1.657303,1.744450
0,0.000070,1.000000,0.500000,0.024580,0.028200,209.140496,426.130435,96.153846,41.165182,48.076923,20.582591,390,10,1.000000,3000.000000,0.000000,45.000000,1.923083,0.000000
0,0.000000,0.200000,0.200000,0.065249,0.031013,923.444444,693.590010,90.000050,48.571429,45.000025,24.285714,690,250,0.200000,1000.000000,0.000000,45.000000,1.800003,0.000000
0,0.000070,1.000000,0.500000,0.024580,0.028200,209.140496,426.130435,96.153846,41.165182,48.076923,20.582591,40,10,1.000000,3000.000000,0.000000,45.000000,1.923083,0.000000
0,0.003200,0.250000,0.500000,0.020978,0.087541,252.000000,1632.000000,39.971720,79.204827,19.985860,39.602414,280,10,0.500000,2000.000000,0.000000,15.000000,0.799435,1.584099
0,-0.000076,0.066667,0.033333,0.693485,0.028884,263.190926,400.000000,89.542481,50.000000,44.771240,25.000000,400,210,0.066667,2900.000000,0.000000,40.000000,1.791856,0.000000
0,-0.000086,0.100000,0.033333,0.685533,0.028884,5309.365556,400.000000,88.917000,50.000000,44.458500,25.000000,460,70,0.100000,3100.000000,0.000000,40.000000,1.778384,0.000000
0,-0.000320,0.090909,0.066667,0.046116,0.031013,688.000000,693.590010,90.854270,48.571429,45.427135,24.285714,630,120,0.090909,1600.000000,0.000000,45.000000,1.817087,0.000000
0,-0.000222,0.125000,0.111111,0.051533,0.002175,150.080000,36.000000,82.924288,43.333333,41.462144,21.666667,190,140,0.125000,1400.000000,0.000000,40.000000,1.658504,0.000000
0,0.000000,0.200000,0.200000,0.065249,0.031013,923.444444,693.590010,90.000050,48.571429,45.000025,24.285714,650,250,0.200000,1000.000000,0.000000,45.000000,1.800003,0.000000
0,-0.001269,0.500000,0.307692,0.011632,0.000000,134.083333,0.000000,58.000000,0.000000,29.000000,0.000000,210,10,0.500000,2000.000000,0.000000,25.000000,1.160001,0.000000
0,0.000000,0.428571,0.428571,0.114403,0.028085,328.050000,426.130435,36.499993,41.293282,18.249997,20.646641,210,10,0.428571,1100.000000,0.000000,15.000000,0.730021,0.000000
0,0.000089,0.750000,0.814815,0.168971,0.054198,324.375000,766.640000,91.666667,40.712735,45.833333,20.356367,60,10,1.000000,3500.000000,0.000000,45.000000,1.833382,0.000000
0,-0.000261,0.111111,0.071429,0.266539,0.173650,930.375000,2468.680000,75.477303,90.588141,37.738652,45.294070,240,30,0.111111,2800.000000,0.000000,35.000000,1.509585,1.811769
0,-0.001499,0.714286,0.600000,0.054322,0.078483,110.250000,1300.000000,78.444444,50.000000,39.222222,25.000000,90,80,0.750000,3300.000000,0.000000,35.000000,1.568908,0.000000
0,0.000000,1.000000,1.000000,9.927347,0.000000,8820.000000,0.000000,63.595330,0.000000,31.797665,0.000000,30,30,1.000000,3800.000000,0.000000,30.000000,1.282537,0.000000
0,-0.001499,0.714286,0.600000,0.054322,0.078483,110.250000,1300.000000,78.444444,50.000000,39.222222,25.000000,90,80,0.750000,3300.000000,0.000000,35.000000,1.568908,0.000000
0,-0.000723,0.294118,0.166667,0.012257,0.212197,91.691358,2392.250000,74.681250,78.795963,37.340625,39.397982,320,20,0.333333,2500.000000,0.000000,35.000000,1.493626,1.575929
0,0.000000,0.142857,0.142857,0.002355,0.015920,52.100000,244.111111,41.000000,40.749805,20.500000,20.374902,120,10,0.142857,1100.000000,0.000000,20.000000,0.820000,0.000000
0,-0.000261,0.111111,0.071429,0.019664,0.077631,201.041667,1100.000000,89.993779,100.000000,44.996889,50.000000,510,40,0.111111,2700.000000,0.000000,40.000000,1.799877,2.000003
0,0.000000,0.142857,0.142857,0.238701,0.013183,2695.120000,300.000000,40.554253,40.000000,20.277126,20.000000,340,10,0.142857,1100.000000,0.000000,20.000000,0.811096,0.000000
0,-0.000261,0.111111,0.071429,0.019664,0.077631,201.041667,1100.000000,89.993779,100.000000,44.996889,50.000000,240,40,0.111111,2700.000000,0.000000,40.000000,1.799877,2.000003
0,-0.000590,0.210526,0.129032,0.065616,0.003661,334.491497,53.850416,87.456170,50.000000,43.728085,25.000000,240,210,0.210526,2000.000000,0.000000,40.000000,1.749131,0.000000
0,0.000089,0.750000,0.814815,0.168971,0.054198,324.375000,766.640000,91.666667,40.712735,45.833333,20.356367,60,10,1.000000,3500.000000,0.000000,45.000000,1.833382,0.000000
0,-0.000258,0.142857,0.100000,0.053381,0.132682,95.130000,2066.640000,76.393725,90.712735,38.196863,45.356367,90,30,0.142857,3300.000000,0.000000,35.000000,1.527894,1.814259
0,-0.001269,0.500000,0.307692,0.011632,0.000000,134.083333,0.000000,58.000000,0.000000,29.000000,0.000000,210,10,0.500000,2000.000000,0.000000,25.000000,1.160001,0.000000
0,-0.000590,0.210526,0.129032,0.065616,0.003661,334.491497,53.850416,87.456170,50.000000,43.728085,25.000000,240,210,0.210526,2000.000000,0.000000,40.000000,1.749131,0.000000
0,-0.000341,0.062500,0.045455,0.498919,0.119287,763.952397,1688.316508,81.010121,100.000000,40.505060,50.000000,510,390,0.062500,1900.000000,0.000000,40.000000,1.620370,2.000004
0,-0.001492,0.545455,0.400000,0.038935,0.316713,426.222222,4651.937500,47.142106,40.314410,23.571053,20.157205,380,10,0.545455,2600.000000,0.000000,20.000000,0.942844,0.000000
0,-0.000341,0.062500,0.045455,0.498919,0.119287,763.952397,1688.316508,81.010121,100.000000,40.505060,50.000000,190,180,0.062500,1900.000000,0.000000,40.000000,1.620370,2.000004
0,-0.000136,0.047619,0.040000,0.050601,0.035995,305.547500,567.107750,91.795178,50.000000,45.897589,25.000000,720,150,0.047619,1200.000000,0.000000,45.000000,1.835908,0.000000
0,-0.000249,0.090909,0.076923,0.003158,0.025506,847.406250,326.666667,71.792868,40.453271,35.896434,20.226636,110,10,0.090909,1600.000000,0.000000,35.000000,1.435857,0.000000
0,0.000000,0.050000,0.050000,0.019656,0.006006,133.836735,23.740895,69.166611,40.000000,34.583305,20.000000,310,60,0.050000,1000.000000,0.000000,30.000000,1.383334,0.000000
0,-0.000136,0.047619,0.040000,0.050601,0.035995,305.547500,567.107750,91.795178,50.000000,45.897589,25.000000,220,150,0.047619,1200.000000,0.000000,45.000000,1.835908,0.000000
0,-0.000136,0.047619,0.040000,0.050601,0.035995,305.547500,567.107750,91.795178,50.000000,45.897589,25.000000,610,150,0.047619,1200.000000,0.000000,45.000000,1.835908,0.000000
0,-0.000341,0.062500,0.045455,0.498919,0.119287,763.952397,1688.316508,81.010121,100.000000,40.505060,50.000000,510,180,0.062500,1900.000000,0.000000,40.000000,1.620370,2.000004
0,-0.000738,0.166667,0.125000,0.111106,0.359000,479.617284,5251.937500,50.446728,80.314410,25.223364,40.157205,490,10,0.166667,1500.000000,0.000000,25.000000,1.008948,1.606300
0,-0.000136,0.047619,0.040000,0.050601,0.035995,305.547500,567.107750,91.795178,50.000000,45.897589,25.000000,390,150,0.047619,1200.000000,0.000000,45.000000,1.835908,0.000000
0,0.000000,0.052632,0.052632,0.113882,0.000000,517.361111,0.000000,73.653790,0.000000,36.826895,0.000000,700,60,0.052632,1000.000000,0.000000,35.000000,1.473088,0.000000
0,-0.000136,0.047619,0.040000,0.050601,0.035995,305.547500,567.107750,91.795178,50.000000,45.897589,25.000000,470,150,0.047619,1200.000000,0.000000,45.000000,1.835908,0.000000
0,0.000000,0.052632,0.052632,0.113882,0.000000,517.361111,0.000000,73.653790,0.000000,36.826895,0.000000,600,60,0.052632,1000.000000,0.000000,35.000000,1.473088,0.000000
0,0.001476,0.666667,0.750000,0.002599,0.042288,51.156250,600.000000,50.974695,40.000000,25.487348,20.000000,120,10,0.750000,1500.000000,0.000000,25.000000,1.019494,0.000000
0,-0.000341,0.062500,0.045455,0.498919,0.119287,763.952397,1688.316508,81.010121,100.000000,40.505060,50.000000,390,190,0.062500,1900.000000,0.000000,40.000000,1.620370,2.000004
0,-0.000136,0.047619,0.040000,0.050601,0.035995,305.547500,567.107750,91.795178,50.000000,45.897589,25.000000,680,150,0.047619,1200.000000,0.000000,45.000000,1.835908,0.000000
0,0.000236,0.083333,0.090909,0.054159,0.089631,234.350694,1408.000000,89.611033,91.428571,44.805517,45.714286,590,20,0.100000,2100.000000,0.000000,40.000000,1.792257,1.828574
0,0.000508,0.166667,0.434783,0.312124,0.033963,699.065600,431.202216,81.363862,91.818170,40.681931,45.909085,230,170,0.500000,3000.000000,0.000000,40.000000,1.627362,1.836365
0,-0.000047,0.125000,0.015873,1.288950,0.058107,8056.500000,800.000000,76.402021,89.999600,38.201011,44.999800,350,190,0.125000,4500.000000,0.000000,35.000000,1.528165,1.799994
0,-0.000197,0.080000,0.070175,0.182687,0.075665,2439.970773,1045.757785,85.374993,89.999600,42.687497,44.999800,440,300,0.102564,3400.000000,0.000000,40.000000,1.707507,1.799995
0,0.000508,0.166667,0.434783,0.312124,0.033963,699.065600,431.202216,81.363862,91.818170,40.681931,45.909085,500,170,0.500000,3000.000000,0.000000,40.000000,1.627362,1.836365
0,-0.000086,0.045455,0.025641,0.048853,0.167987,490.419753,2209.600761,88.541533,90.789883,44.270767,45.394942,480,250,0.045455,3400.000000,0.000000,40.000000,1.770833,1.815804
0,-0.000356,0.600000,0.352941,0.765359,0.045162,774.190926,575.029727,82.477064,92.473154,41.238532,46.236577,210,110,0.615385,3200.000000,0.000000,40.000000,1.650553,1.849465
0,-0.000088,0.058824,0.060000,0.146953,0.041228,806.464853,572.497704,76.919348,80.767996,38.459674,40.383998,450,180,0.075000,1900.000000,0.000000,35.000000,1.538405,1.615361
0,-0.000256,0.166667,0.153846,0.115429,0.016691,291.142857,220.600000,75.714286,80.999987,37.857143,40.499994,390,300,0.166667,1100.000000,0.000000,35.000000,1.514338,1.620000
0,0.000000,0.307692,0.307692,0.091914,0.006351,410.168934,81.950139,83.754724,50.000000,41.877362,25.000000,120,70,0.307692,1100.000000,0.000000,40.000000,1.675105,0.000000
0,-0.000129,0.111111,0.083333,1.005271,0.001758,6960.000000,27.000000,82.689769,40.000000,41.344884,20.000000,280,90,0.111111,2200.000000,0.000000,40.000000,1.653905,0.000000
0,0.000000,0.428571,0.428571,0.099867,0.037886,488.630758,481.000000,96.041667,100.000000,48.020833,50.000000,680,70,0.428571,1200.000000,0.000000,45.000000,1.920844,2.000001
0,0.000000,0.047619,0.047619,0.073435,0.033089,1310.765432,481.000000,88.218597,89.999600,44.109299,44.999800,520,220,0.047619,1200.000000,0.000000,40.000000,1.764375,1.799993
0,-0.000336,0.100000,0.352941,0.140802,0.045162,482.285714,575.029727,77.400298,92.473154,38.700149,46.236577,410,40,0.615385,3900.000000,0.000000,35.000000,1.548027,1.849465
0,-0.000089,0.037037,0.023810,0.173051,0.069347,2992.156250,825.000000,87.943772,90.974495,43.971886,45.487248,340,310,0.037037,2200.000000,0.000000,40.000000,1.758881,1.819493
0,-0.000096,0.043478,0.029412,0.062162,0.096134,574.689047,659.200000,79.244951,84.999600,39.622475,42.499800,450,350,0.043478,1900.000000,0.000000,35.000000,1.584902,1.700002
0,0.000000,0.142857,0.142857,0.142763,0.028626,1779.248285,432.666667,40.186951,79.999599,20.093476,39.999799,500,10,0.142857,1400.000000,0.000000,20.000000,0.803745,1.599993
0,-0.000046,0.064516,0.015873,0.767886,0.058107,1266.761174,800.000000,79.312017,89.999600,39.656009,44.999800,320,210,0.064516,3200.000000,0.000000,35.000000,1.587249,1.799994
0,-0.000086,0.045455,0.025641,0.048853,0.167987,490.419753,2209.600761,88.541533,90.789883,44.270767,45.394942,440,250,0.045455,3400.000000,0.000000,40.000000,1.770833,1.815804
0,-0.000562,0.333333,0.285714,0.141201,0.033872,2079.281867,425.920000,46.033348,76.249600,23.016674,38.124800,490,10,0.333333,1500.000000,0.000000,20.000000,0.920672,1.524994
0,-0.000096,0.043478,0.029412,0.062162,0.096134,574.689047,659.200000,79.244951,84.999600,39.622475,42.499800,480,450,0.043478,1900.000000,0.000000,35.000000,1.584902,1.700002
0,-0.000691,0.272727,0.181818,0.153817,0.037483,1180.698413,551.142857,75.526617,82.141021,37.763309,41.070510,420,230,0.333333,2200.000000,0.000000,35.000000,1.510553,1.642822
0,0.000145,0.240000,0.200000,0.727158,0.062159,449.124811,826.130435,79.225781,91.304278,39.612891,45.652139,210,20,0.240000,3200.000000,0.000000,35.000000,1.585525,1.826088
0,0.000000,0.200000,0.200000,0.020171,0.014573,230.722117,172.497704,39.999993,40.768396,19.999997,20.384198,240,10,0.200000,1300.000000,0.000000,15.000000,0.800001,0.000000
0,-0.000221,0.090909,0.045455,0.129565,0.129805,468.963840,1714.985832,78.165549,82.931304,39.082775,41.465652,370,230,0.090909,2200.000000,0.000000,35.000000,1.563332,1.658631
0,-0.000134,0.086957,0.054054,0.078704,0.089842,777.640625,1601.270000,90.666552,88.928514,45.333276,44.464257,580,230,0.086957,2200.000000,0.000000,45.000000,1.813335,1.778573
0,-0.000089,0.037037,0.023810,0.173051,0.069347,2992.156250,825.000000,87.943772,90.974495,43.971886,45.487248,580,340,0.037037,2200.000000,0.000000,40.000000,1.758881,1.819493
0,-0.000369,0.142857,0.062500,0.037360,0.031452,219.356667,400.000000,92.000000,50.000000,46.000000,25.000000,530,280,0.142857,2500.000000,0.000000,45.000000,1.840005,0.000000
0,0.000000,0.428571,0.428571,0.099867,0.037886,488.630758,481.000000,96.041667,100.000000,48.020833,50.000000,410,70,0.428571,1200.000000,0.000000,45.000000,1.920844,2.000001
0,-0.000369,0.142857,0.062500,0.037360,0.031452,219.356667,400.000000,92.000000,50.000000,46.000000,25.000000,550,530,0.142857,2500.000000,0.000000,45.000000,1.840005,0.000000
0,0.000000,0.875000,0.875000,0.039391,0.031452,488.815020,400.000000,60.151752,50.000000,30.075876,25.000000,700,10,0.875000,1000.000000,0.000000,30.000000,1.203037,0.000000
0,0.000000,0.428571,0.428571,0.099867,0.037886,488.630758,481.000000,96.041667,100.000000,48.020833,50.000000,680,220,0.428571,1200.000000,0.000000,45.000000,1.920844,2.000001
0,0.000000,0.100000,0.100000,0.009712,0.069479,176.437500,259.200000,50.000000,45.000000,25.000000,22.500000,540,10,0.100000,1300.000000,0.000000,25.000000,1.000000,0.000000
0,0.000236,0.083333,0.090909,0.054159,0.089631,234.350694,1408.000000,89.611033,91.428571,44.805517,45.714286,320,20,0.100000,2100.000000,0.000000,40.000000,1.792257,1.828574
0,-0.000212,0.090909,0.062500,0.035338,0.054350,344.888889,724.480000,91.249984,100.000000,45.624992,50.000000,240,190,0.090909,2900.000000,0.000000,45.000000,1.825001,2.000002
0,-0.000576,0.250000,0.090909,0.573716,0.031124,5835.222222,188.638889,78.940774,80.908800,39.470387,40.454400,280,140,0.250000,2200.000000,0.000000,35.000000,1.578844,1.618179
0,0.000000,0.100000,0.100000,0.009712,0.069479,176.437500,259.200000,50.000000,45.000000,25.000000,22.500000,410,10,0.100000,1300.000000,0.000000,25.000000,1.000000,0.000000
0,-0.000086,0.045455,0.025641,0.048853,0.167987,490.419753,2209.600761,88.541533,90.789883,44.270767,45.394942,460,250,0.045455,3400.000000,0.000000,40.000000,1.770833,1.815804
0,-0.000798,0.454545,0.384615,0.231013,0.030744,2909.444444,373.722222,81.423491,40.694783,40.711745,20.347391,130,70,0.454545,1600.000000,0.000000,40.000000,1.628480,0.000000
0,-0.000212,0.090909,0.062500,0.035338,0.054350,344.888889,724.480000,91.249984,100.000000,45.624992,50.000000,510,190,0.090909,2900.000000,0.000000,45.000000,1.825001,2.000002
0,-0.000078,0.088235,0.083333,0.068196,0.033006,1282.277415,481.950139,81.805913,89.999600,40.902957,44.999800,520,340,0.088235,1200.000000,0.000000,40.000000,1.636121,1.799993
0,-0.000129,0.111111,0.083333,1.005271,0.001758,6960.000000,27.000000,82.689769,40.000000,41.344884,20.000000,280,230,0.111111,2200.000000,0.000000,40.000000,1.653905,0.000000
0,0.000000,0.500000,0.500000,0.044504,0.067921,638.188272,1044.000000,50.000003,48.275862,25.000002,24.137931,470,10,0.500000,1400.000000,0.000000,25.000000,1.000002,0.000000
0,0.000000,0.428571,0.428571,0.099867,0.037886,488.630758,481.000000,96.041667,100.000000,48.020833,50.000000,410,220,0.428571,1200.000000,0.000000,45.000000,1.920844,2.000001
0,0.000000,0.875000,0.875000,0.039391,0.031452,488.815020,400.000000,60.151752,50.000000,30.075876,25.000000,430,10,0.875000,1000.000000,0.000000,30.000000,1.203037,0.000000
0,-0.000144,0.058824,0.062500,1.014953,0.054350,1362.495868,724.480000,88.862434,100.000000,44.431217,50.000000,350,230,0.083333,1800.000000,0.000000,40.000000,1.777685,2.000002
0,-0.000155,0.200000,0.090909,0.074600,0.390155,299.190926,1168.000000,92.310313,84.166665,46.155156,42.083332,220,30,0.200000,3100.000000,0.000000,45.000000,1.846225,1.683418
0,-0.004339,1.000000,0.454545,0.745775,0.042280,735.190926,551.142857,82.971027,92.141421,41.485513,46.070710,210,130,1.000000,3200.000000,0.000000,40.000000,1.660430,1.842830
0,0.000000,0.500000,0.500000,0.044504,0.067921,638.188272,1044.000000,50.000003,48.275862,25.000002,24.137931,160,10,0.500000,1400.000000,0.000000,25.000000,1.000002,0.000000
0,0.000000,0.076923,0.076923,0.006025,0.001758,212.587302,27.000000,82.857143,40.000000,41.428571,20.000000,370,100,0.076923,1300.000000,0.000000,40.000000,1.657143,0.000000
0,0.000009,0.166667,0.222222,0.048257,0.132889,1103.111111,1800.000000,80.844965,79.996270,40.422482,39.998135,370,30,0.285714,2700.000000,0.000000,40.000000,1.616900,1.599930
0,0.000046,0.562500,0.435897,3.155722,0.145632,7830.275510,1963.842975,75.187638,80.789483,37.593819,40.394742,170,120,0.562500,4700.000000,0.000000,35.000000,1.504389,1.615795
0,-0.000140,0.083333,0.071429,0.032117,0.126194,173.166667,1589.762975,47.160487,77.039883,23.580244,38.519942,440,10,0.083333,1500.000000,0.000000,20.000000,0.943213,1.540803
0,-0.004339,1.000000,0.454545,0.344612,0.042280,597.660900,551.142857,70.734190,92.141421,35.367095,46.070710,430,80,1.000000,3700.000000,0.000000,35.000000,1.414795,1.842830
0,-0.000197,0.080000,0.070175,0.182687,0.075665,2439.970773,1045.757785,85.374993,89.999600,42.687497,44.999800,480,300,0.102564,3400.000000,0.000000,40.000000,1.707507,1.799995
0,0.000000,0.083333,0.083333,0.182873,0.033006,1559.119552,481.950139,81.085189,89.999600,40.542594,44.999800,530,70,0.083333,1100.000000,0.000000,40.000000,1.621718,1.799993
0,-0.000812,0.500000,0.307692,0.053985,0.006351,240.408163,81.950139,45.456170,50.000000,22.728085,25.000000,240,10,0.500000,2200.000000,0.000000,20.000000,0.909130,0.000000
0,-0.000134,0.086957,0.054054,0.078704,0.089842,777.640625,1601.270000,90.666552,88.928514,45.333276,44.464257,310,230,0.086957,2200.000000,0.000000,45.000000,1.813335,1.778573
0,-0.000925,0.500000,0.375000,0.060300,0.026655,567.020408,400.000000,40.244711,39.999600,20.122355,19.999800,450,10,0.500000,1900.000000,0.000000,20.000000,0.804898,0.000000
0,0.000000,0.500000,0.500000,0.004725,0.001663,95.236686,23.740895,41.666536,42.454621,20.833268,21.227310,280,10,0.500000,1400.000000,0.000000,20.000000,0.833331,0.000000
0,0.000143,0.250000,0.200000,0.004255,0.062159,418.049793,826.130435,83.797656,91.304278,41.898828,45.652139,470,10,0.250000,3300.000000,0.000000,40.000000,1.675953,1.826088
0,-0.001410,0.875000,0.615385,0.004151,0.041152,60.000000,532.388889,49.999999,40.714276,24.999999,20.357138,160,10,0.888889,2200.000000,0.000000,20.000000,1.000000,0.000000
0,0.000000,0.047619,0.047619,0.073435,0.033089,1310.765432,481.000000,88.218597,89.999600,44.109299,44.999800,520,70,0.047619,1200.000000,0.000000,40.000000,1.764375,1.799993
0,-0.000144,0.058824,0.062500,1.014953,0.054350,1362.495868,724.480000,88.862434,100.000000,44.431217,50.000000,620,230,0.083333,1800.000000,0.000000,40.000000,1.777685,2.000002
0,-0.000155,0.200000,0.090909,0.074600,0.390155,299.190926,1168.000000,92.310313,84.166665,46.155156,42.083332,490,30,0.200000,3100.000000,0.000000,45.000000,1.846225,1.683418
0,-0.000197,0.080000,0.070175,0.182687,0.075665,2439.970773,1045.757785,85.374993,89.999600,42.687497,44.999800,460,300,0.102564,3400.000000,0.000000,40.000000,1.707507,1.799995
0,-0.000129,0.111111,0.083333,1.005271,0.001758,6960.000000,27.000000,82.689769,40.000000,41.344884,20.000000,280,220,0.111111,2200.000000,0.000000,40.000000,1.653905,0.000000
0,0.000085,0.043478,0.043478,0.903799,0.039132,6374.116071,562.000000,79.406984,80.933917,39.703492,40.466959,270,160,0.045455,3700.000000,0.000000,35.000000,1.588205,1.618680
0,0.000000,0.500000,0.500000,0.031055,0.004042,261.000000,61.250000,79.999995,40.000000,39.999998,20.000000,300,100,0.500000,1600.000000,0.000000,35.000000,1.600004,0.000000
0,0.002302,0.100000,0.227273,0.943016,2.109488,10357.606979,26562.834775,56.960346,90.524552,28.480173,45.262276,130,10,0.250000,2600.000000,0.000000,25.000000,1.139250,1.810575
0,0.002302,0.100000,0.227273,0.943016,2.109488,10357.606979,26562.834775,56.960346,90.524552,28.480173,45.262276,340,10,0.250000,2600.000000,0.000000,25.000000,1.139250,1.810575
0,-0.000874,0.500000,0.333333,0.039373,0.181566,210.750000,2285.280000,38.662644,40.251758,19.331322,20.125879,390,10,0.500000,2500.000000,0.000000,15.000000,0.773257,0.000000
0,-0.000320,0.125000,0.100000,0.092550,0.145473,2531.706612,606.750000,43.497315,86.840963,21.748657,43.420481,420,10,0.125000,1600.000000,0.000000,20.000000,0.869948,1.736837
0,0.000176,0.062500,0.272727,0.125118,0.226252,4366.481824,1220.083333,80.623577,77.674296,40.311789,38.837148,550,310,0.333333,2700.000000,0.000000,40.000000,1.612475,1.553509
0,0.003154,0.428571,0.692308,0.002794,0.096111,56.320000,1708.000000,41.425698,91.428571,20.712849,45.714286,110,10,0.727273,2400.000000,0.000000,20.000000,0.828514,1.828574
0,0.000000,0.285714,0.285714,0.060393,0.027762,595.373457,400.000000,89.999680,39.999568,44.999840,19.999784,730,270,0.285714,1000.000000,0.000000,40.000000,1.799997,0.000000
0,0.000658,0.153846,0.166667,0.167531,0.056745,1806.750000,821.400000,100.000000,50.000000,50.000000,25.000000,540,280,0.166667,1900.000000,0.000000,50.000000,2.000008,0.000000
0,0.000000,0.625000,0.625000,0.014388,0.000000,170.222222,0.000000,56.009677,0.000000,28.004839,0.000000,150,10,0.625000,1200.000000,0.000000,25.000000,1.120194,0.000000
0,0.000000,0.285714,0.285714,0.060393,0.027762,595.373457,400.000000,89.999680,39.999568,44.999840,19.999784,630,270,0.285714,1000.000000,0.000000,40.000000,1.799997,0.000000
0,0.000000,1.000000,1.000000,4.333398,0.000000,4813.333333,0.000000,62.621247,0.000000,31.310624,0.000000,120,20,1.000000,7100.000000,0.000000,30.000000,1.254376,0.000000
0,-0.000225,0.090909,0.076923,0.037508,0.078876,427.149641,1595.520000,91.159696,89.687500,45.579848,44.843750,490,100,0.090909,1400.000000,0.000000,45.000000,1.823196,1.793752
0,-0.001259,0.500000,0.360000,0.115202,0.031269,296.157429,520.833333,89.024387,50.000000,44.512193,25.000000,460,270,0.500000,2700.000000,0.000000,40.000000,1.780512,0.000000
0,-0.001371,0.285714,0.200000,0.092550,0.144521,2521.095500,607.416667,38.644701,76.840963,19.322350,38.420481,420,10,0.285714,1600.000000,0.000000,15.000000,0.772896,1.536837
0,-0.001259,0.500000,0.360000,0.115202,0.031269,296.157429,520.833333,89.024387,50.000000,44.512193,25.000000,490,460,0.500000,2700.000000,0.000000,40.000000,1.780512,0.000000
0,-0.000263,0.071429,0.040000,0.019045,0.001344,145.633469,22.280273,85.831657,42.665326,42.915829,21.332663,570,180,0.071429,2600.000000,0.000000,40.000000,1.716635,0.000000
0,-0.000387,0.133333,0.100000,0.262421,0.145473,3981.958678,606.750000,85.949907,86.840963,42.974954,43.420481,440,10,0.133333,1400.000000,0.000000,40.000000,1.719008,1.736837
0,-0.000957,0.071429,0.360000,0.048434,0.031269,326.153772,520.833333,90.742628,50.000000,45.371314,25.000000,460,100,0.466667,2700.000000,0.000000,45.000000,1.814857,0.000000
0,-0.000263,0.071429,0.040000,0.019045,0.001344,145.633469,22.280273,85.831657,42.665326,42.915829,21.332663,470,180,0.071429,2600.000000,0.000000,40.000000,1.716635,0.000000
0,-0.001259,0.500000,0.360000,0.115202,0.031269,296.157429,520.833333,89.024387,50.000000,44.512193,25.000000,460,350,0.500000,2700.000000,0.000000,40.000000,1.780512,0.000000
0,0.000658,0.153846,0.166667,0.167531,0.056745,1806.750000,821.400000,100.000000,50.000000,50.000000,25.000000,640,490,0.166667,1900.000000,0.000000,50.000000,2.000008,0.000000
0,-0.001259,0.500000,0.360000,0.115202,0.031269,296.157429,520.833333,89.024387,50.000000,44.512193,25.000000,600,460,0.500000,2700.000000,0.000000,40.000000,1.780512,0.000000
0,-0.001259,0.500000,0.360000,0.115202,0.031269,296.157429,520.833333,89.024387,50.000000,44.512193,25.000000,560,460,0.500000,2700.000000,0.000000,40.000000,1.780512,0.000000
0,-0.001259,0.500000,0.360000,0.115202,0.031269,296.157429,520.833333,89.024387,50.000000,44.512193,25.000000,600,560,0.500000,2700.000000,0.000000,40.000000,1.780512,0.000000
0,0.000000,0.833333,0.833333,0.134242,0.102458,1826.714286,1563.842975,53.148494,40.799936,26.574247,20.399968,500,10,0.833333,1100.000000,0.000000,25.000000,1.062975,0.000000
0,-0.000320,0.125000,0.100000,15.868198,0.145473,12768.958678,606.750000,81.323703,86.840963,40.661852,43.420481,430,410,0.125000,1500.000000,0.000000,40.000000,1.639168,1.736837
0,-0.000957,0.071429,0.360000,0.048434,0.031269,326.153772,520.833333,90.742628,50.000000,45.371314,25.000000,560,100,0.466667,2700.000000,0.000000,45.000000,1.814857,0.000000
0,0.000000,1.000000,1.000000,0.202476,0.000000,261.127551,0.000000,60.000000,0.000000,30.000000,0.000000,50,10,1.000000,3800.000000,0.000000,30.000000,1.200089,0.000000
0,0.000000,0.166667,0.166667,0.016157,0.062641,227.728395,400.000000,53.214285,39.994972,26.607142,19.997486,440,10,0.166667,1100.000000,0.000000,25.000000,1.064286,0.000000
0,-0.001259,0.500000,0.360000,0.115202,0.031269,296.157429,520.833333,89.024387,50.000000,44.512193,25.000000,560,490,0.500000,2700.000000,0.000000,40.000000,1.780512,0.000000
0,-0.000225,0.090909,0.076923,0.037508,0.078876,427.149641,1595.520000,91.159696,89.687500,45.579848,44.843750,180,100,0.090909,1400.000000,0.000000,45.000000,1.823196,1.793752
0,0.000092,0.090909,0.100000,0.032536,0.145473,658.791322,606.750000,81.398368,86.840963,40.699184,43.420481,290,40,0.125000,2900.000000,0.000000,40.000000,1.627968,1.736837
0,-0.000260,0.066667,0.040000,0.015922,0.093085,397.221884,1554.612245,98.333333,40.736838,49.166667,20.368419,610,10,0.066667,2200.000000,0.000000,45.000000,1.966667,0.000000
0,0.000000,0.076923,0.076923,0.039750,0.096573,620.545706,1823.520000,51.829857,88.414614,25.914929,44.207307,170,10,0.076923,1500.000000,0.000000,25.000000,1.036599,1.768295
0,0.000658,0.153846,0.166667,0.167531,0.056745,1806.750000,821.400000,100.000000,50.000000,50.000000,25.000000,640,280,0.166667,1900.000000,0.000000,50.000000,2.000008,0.000000
0,-0.001154,0.750000,0.692308,0.059449,0.096111,432.696327,1708.000000,74.744216,91.428571,37.372108,45.714286,140,10,0.750000,1100.000000,0.000000,35.000000,1.494889,1.828574
0,0.000000,1.000000,1.000000,0.202476,0.000000,261.127551,0.000000,60.000000,0.000000,30.000000,0.000000,360,10,1.000000,3800.000000,0.000000,30.000000,1.200089,0.000000
0,-0.000260,0.066667,0.040000,0.015922,0.093085,397.221884,1554.612245,98.333333,40.736838,49.166667,20.368419,510,10,0.066667,2200.000000,0.000000,45.000000,1.966667,0.000000
0,0.000000,0.571429,0.571429,0.004342,0.008549,81.250000,150.000000,56.009050,41.136551,28.004525,20.568276,350,10,0.571429,1200.000000,0.000000,25.000000,1.120181,0.000000
0,-0.001259,0.500000,0.360000,0.115202,0.031269,296.157429,520.833333,89.024387,50.000000,44.512193,25.000000,560,560,0.500000,2700.000000,0.000000,40.000000,1.780512,0.000000
0,0.000658,0.153846,0.166667,0.167531,0.056745,1806.750000,821.400000,100.000000,50.000000,50.000000,25.000000,540,490,0.166667,1900.000000,0.000000,50.000000,2.000008,0.000000
0,-0.001259,0.500000,0.360000,0.115202,0.031269,296.157429,520.833333,89.024387,50.000000,44.512193,25.000000,560,350,0.500000,2700.000000,0.000000,40.000000,1.780512,0.000000
0,0.000002,0.909091,1.000000,0.017938,0.000000,168.101728,0.000000,74.972099,0.000000,37.486049,0.000000,320,10,1.000000,4200.000000,0.000000,35.000000,1.499448,0.000000
0,0.000000,0.076923,0.076923,0.039750,0.096573,620.545706,1823.520000,51.829857,88.414614,25.914929,44.207307,480,10,0.076923,1500.000000,0.000000,25.000000,1.036599,1.768295
0,-0.001259,0.500000,0.360000,0.115202,0.031269,296.157429,520.833333,89.024387,50.000000,44.512193,25.000000,560,270,0.500000,2700.000000,0.000000,40.000000,1.780512,0.000000
0,0.000000,0.100000,0.100000,0.014678,0.000000,230.055000,0.000000,48.331124,0.000000,24.165562,0.000000,100,10,0.100000,1000.000000,0.000000,20.000000,0.966623,0.000000
0,0.000000,0.750000,0.750000,0.014523,0.005630,234.375000,96.000000,58.333333,50.000000,29.166667,25.000000,390,10,0.750000,1000.000000,0.000000,25.000000,1.166667,0.000000
0,-0.000111,0.071429,0.062500,1.007189,0.029915,1278.000000,492.027211,80.714080,90.000000,40.357040,45.000000,300,230,0.083333,2100.000000,0.000000,40.000000,1.614718,1.800001
0,0.000000,0.300000,0.300000,0.001500,0.015975,31.560000,300.000000,50.334069,39.998934,25.167035,19.999467,100,10,0.300000,1100.000000,0.000000,25.000000,1.006681,0.000000
0,-0.000221,0.153846,0.074074,0.017563,0.015359,252.619377,316.200000,80.648635,90.000000,40.324318,45.000000,180,50,0.153846,3200.000000,0.000000,40.000000,1.612974,1.800001
0,0.000000,0.111111,0.111111,0.182462,0.015359,3436.952500,316.200000,40.949516,90.000000,20.474758,45.000000,370,10,0.111111,1300.000000,0.000000,20.000000,0.818995,1.800001
0,0.000000,0.200000,0.200000,0.111409,0.017553,285.160000,268.960000,78.251562,41.875000,39.125781,20.937500,340,80,0.200000,1300.000000,0.000000,35.000000,1.565054,0.000000
0,-0.000074,0.062500,0.058824,0.018986,0.039665,324.688091,528.054989,76.499834,81.072710,38.249917,40.536355,390,340,0.062500,1200.000000,0.000000,35.000000,1.529997,1.621456
0,-0.000410,0.500000,0.478261,0.043783,0.761656,572.000000,2726.812500,70.616128,76.836103,35.308064,38.418052,230,10,0.523810,2700.000000,0.000000,35.000000,1.412325,1.536838
0,-0.000091,0.111111,0.100000,0.006809,0.001292,105.395833,22.280273,51.401476,42.666560,25.700738,21.333280,250,10,0.111111,2000.000000,0.000000,25.000000,1.028030,0.000000
0,0.004096,0.125000,0.625000,0.003686,0.007413,51.250000,115.562500,81.999601,50.000000,40.999801,25.000000,80,60,0.625000,1500.000000,0.000000,40.000000,1.639992,0.000000
0,-0.000121,0.076923,0.062500,0.021442,0.029915,206.720000,492.027211,81.247410,90.000000,40.623705,45.000000,290,290,0.083333,2200.000000,0.000000,40.000000,1.624949,1.800001
0,0.000000,0.625000,0.625000,0.021717,0.007413,133.882353,115.562500,82.753980,50.000000,41.376990,25.000000,340,80,0.625000,1500.000000,0.000000,40.000000,1.655081,0.000000
0,0.000000,1.000000,1.000000,0.009812,0.102978,435.337191,1523.520000,55.653267,50.000000,27.826633,25.000000,130,10,1.000000,2000.000000,0.000000,25.000000,1.113065,0.000000
0,0.000000,1.000000,1.000000,0.009812,0.102978,435.337191,1523.520000,55.653267,50.000000,27.826633,25.000000,440,10,1.000000,2000.000000,0.000000,25.000000,1.113065,0.000000
0,0.000000,0.100000,0.100000,0.077788,0.003238,194.775000,243.000000,46.333333,41.401612,23.166667,20.700806,560,10,0.100000,1000.000000,0.000000,20.000000,0.926684,0.000000
0,0.000000,0.100000,0.100000,0.021210,0.391415,392.413133,1571.130000,49.057632,39.409665,24.528816,19.704832,140,10,0.100000,1000.000000,0.000000,20.000000,0.981153,0.000000
0,0.000565,0.095238,0.125000,1.812018,0.094639,5859.040000,1474.750000,76.545170,80.715496,38.272585,40.357748,410,130,0.125000,1800.000000,0.000000,35.000000,1.531288,1.614313
0,0.000000,0.125000,0.125000,0.003924,0.011281,56.125000,166.358025,82.494969,41.818182,41.247485,20.909091,320,80,0.125000,1500.000000,0.000000,40.000000,1.649900,0.000000
0,0.000000,0.750000,0.750000,0.014523,0.005630,234.375000,96.000000,58.333333,50.000000,29.166667,25.000000,270,10,0.750000,1000.000000,0.000000,25.000000,1.166667,0.000000
0,-0.000164,0.125000,0.117647,0.304086,0.103325,2726.140408,644.960000,71.628323,78.181818,35.814162,39.090909,340,40,0.142857,1600.000000,0.000000,35.000000,1.432623,1.563649
0,-0.002836,0.571429,0.153846,0.018083,0.058062,684.750000,1040.625000,91.656611,79.997765,45.828305,39.998883,40,10,0.571429,3000.000000,0.000000,45.000000,1.833133,1.599957
0,0.000000,0.500000,0.500000,0.006307,0.016676,227.680000,54.080000,35.606432,36.249784,17.803216,18.124892,70,10,0.500000,1400.000000,0.000000,15.000000,0.712129,0.000000
0,-0.000515,0.181818,0.166667,0.051577,0.189606,317.507500,780.300000,89.984395,48.333333,44.992198,24.166667,390,40,0.350000,1700.000000,0.000000,40.000000,1.799692,0.000000
0,-0.000364,0.384615,0.066667,0.020508,0.189606,315.587258,780.300000,59.564311,48.333333,29.782156,24.166667,660,10,0.384615,2300.000000,0.000000,25.000000,1.191287,0.000000
0,0.000000,0.166667,0.166667,0.023748,0.206282,343.437642,834.380000,46.000000,84.583118,23.000000,42.291559,710,10,0.166667,1400.000000,0.000000,20.000000,0.920001,1.691688
0,-0.000162,0.083333,0.071429,0.685954,0.026105,11300.000000,450.000000,78.860787,42.500000,39.430393,21.250000,380,240,0.083333,1600.000000,0.000000,35.000000,1.577237,0.000000
0,-0.000199,0.125000,0.076923,0.024151,0.194583,330.604167,852.550000,89.999680,91.638564,44.999840,45.819282,460,230,0.125000,1800.000000,0.000000,40.000000,1.799994,1.832794
0,-0.000076,0.071429,0.066667,0.030602,0.395493,481.651080,1659.454545,80.826260,71.219516,40.413130,35.609758,530,110,0.071429,1400.000000,0.000000,40.000000,1.616526,1.424533
0,0.000000,0.142857,0.142857,0.038752,0.022507,69.000000,56.333333,76.363861,41.643913,38.181931,20.821957,160,80,0.142857,1700.000000,0.000000,35.000000,1.527303,0.000000
0,0.000000,0.125000,0.125000,0.033270,0.005510,291.000000,96.000000,77.499944,50.000000,38.749972,25.000000,230,60,0.125000,1500.000000,0.000000,35.000000,1.550001,0.000000
0,-0.000771,0.307692,0.222222,0.019479,0.087291,428.621884,1459.787879,88.300762,80.510926,44.150381,40.255463,280,10,0.307692,2400.000000,0.000000,40.000000,1.766016,1.610221
0,-0.000199,0.125000,0.076923,0.024151,0.194583,330.604167,852.550000,89.999680,91.638564,44.999840,45.819282,710,230,0.125000,1800.000000,0.000000,40.000000,1.799994,1.832794
0,0.000000,0.500000,0.500000,0.021658,0.094048,381.011080,1352.534545,39.715149,76.760711,19.857574,38.380355,110,10,0.500000,1400.000000,0.000000,15.000000,0.794304,1.535219
0,0.000114,0.090909,0.125000,0.016485,0.082882,218.328750,1394.454545,92.702497,90.510926,46.351248,45.255463,280,30,0.125000,2200.000000,0.000000,45.000000,1.854051,1.810221
0,-0.000602,0.333333,0.055556,0.049075,0.199525,1784.045714,941.633333,83.955922,88.333333,41.977961,44.166667,630,260,0.333333,2600.000000,0.000000,40.000000,1.679121,1.766690
0,-0.000199,0.125000,0.076923,0.024151,0.194583,330.604167,852.550000,89.999680,91.638564,44.999840,45.819282,600,230,0.125000,1800.000000,0.000000,40.000000,1.799994,1.832794
0,-0.000167,0.066667,0.055556,0.033584,0.009919,305.400000,161.333333,67.474652,40.000000,33.737326,20.000000,370,60,0.066667,1500.000000,0.000000,30.000000,1.349495,0.000000
0,0.000195,0.166667,0.214286,0.980365,0.033012,11472.000000,228.337778,86.153846,47.368421,43.076923,23.684211,330,280,0.230769,2100.000000,0.000000,40.000000,1.723121,0.000000
0,-0.000039,0.071429,0.066667,0.787096,0.126514,6542.404432,2270.676768,78.388744,90.510926,39.194372,45.255463,350,50,0.071429,2000.000000,0.000000,35.000000,1.567823,1.810222
0,-0.000515,0.181818,0.166667,0.051577,0.189606,317.507500,780.300000,89.984395,48.333333,44.992198,24.166667,470,40,0.350000,1700.000000,0.000000,40.000000,1.799692,0.000000
0,0.000000,0.125000,0.125000,0.033270,0.005510,291.000000,96.000000,77.499944,50.000000,38.749972,25.000000,350,60,0.125000,1500.000000,0.000000,35.000000,1.550001,0.000000
0,-0.000364,0.384615,0.066667,0.020508,0.189606,315.587258,780.300000,59.564311,48.333333,29.782156,24.166667,620,10,0.384615,2300.000000,0.000000,25.000000,1.191287,0.000000
0,-0.000364,0.384615,0.066667,0.020508,0.189606,315.587258,780.300000,59.564311,48.333333,29.782156,24.166667,410,10,0.384615,2300.000000,0.000000,25.000000,1.191287,0.000000
0,-0.000364,0.384615,0.066667,0.020508,0.189606,315.587258,780.300000,59.564311,48.333333,29.782156,24.166667,550,10,0.384615,2300.000000,0.000000,25.000000,1.191287,0.000000
0,-0.000364,0.384615,0.066667,0.020508,0.189606,315.587258,780.300000,59.564311,48.333333,29.782156,24.166667,330,10,0.384615,2300.000000,0.000000,25.000000,1.191287,0.000000
0,0.000623,0.100000,0.222222,0.014618,0.077372,328.182210,1298.454545,49.660720,40.510926,24.830360,20.255463,50,10,0.250000,2000.000000,0.000000,20.000000,0.993215,0.000000
0,0.000000,0.166667,0.166667,0.023748,0.206282,343.437642,834.380000,46.000000,84.583118,23.000000,42.291559,500,10,0.166667,1400.000000,0.000000,20.000000,0.920001,1.691688
0,0.000114,0.090909,0.125000,0.016485,0.082882,218.328750,1394.454545,92.702497,90.510926,46.351248,45.255463,160,30,0.125000,2200.000000,0.000000,45.000000,1.854051,1.810221
0,-0.001333,0.400000,0.333333,0.012969,0.102621,283.768750,1498.454545,80.202497,76.760925,40.101248,38.380463,30,10,0.400000,2200.000000,0.000000,40.000000,1.604050,1.535222
0,-0.000029,0.034483,0.034483,0.347288,0.189926,670.134280,2770.454545,83.888908,88.337013,41.944454,44.168507,190,10,0.043478,2400.000000,0.000000,40.000000,1.677907,1.766747
0,-0.000515,0.181818,0.166667,0.051577,0.189606,317.507500,780.300000,89.984395,48.333333,44.992198,24.166667,610,40,0.350000,1700.000000,0.000000,40.000000,1.799692,0.000000
0,-0.000199,0.125000,0.076923,0.024151,0.194583,330.604167,852.550000,89.999680,91.638564,44.999840,45.819282,230,210,0.125000,1800.000000,0.000000,40.000000,1.799994,1.832794
0,-0.000602,0.333333,0.055556,0.049075,0.199525,1784.045714,941.633333,83.955922,88.333333,41.977961,44.166667,260,130,0.333333,2600.000000,0.000000,40.000000,1.679121,1.766690
0,-0.000051,0.076923,0.066667,0.035186,0.126514,257.701884,2270.676768,84.583333,90.510926,42.291667,45.255463,220,10,0.076923,2400.000000,0.000000,40.000000,1.691678,1.810222
0,-0.000515,0.181818,0.166667,0.051577,0.189606,317.507500,780.300000,89.984395,48.333333,44.992198,24.166667,720,40,0.350000,1700.000000,0.000000,40.000000,1.799692,0.000000
0,-0.000515,0.181818,0.166667,0.051577,0.189606,317.507500,780.300000,89.984395,48.333333,44.992198,24.166667,220,40,0.350000,1700.000000,0.000000,40.000000,1.799692,0.000000
0,0.000195,0.166667,0.214286,0.980365,0.033012,11472.000000,228.337778,86.153846,47.368421,43.076923,23.684211,420,330,0.230769,2100.000000,0.000000,40.000000,1.723121,0.000000
0,0.000195,0.166667,0.214286,0.980365,0.033012,11472.000000,228.337778,86.153846,47.368421,43.076923,23.684211,540,330,0.230769,2100.000000,0.000000,40.000000,1.723121,0.000000
0,0.000000,0.333333,0.333333,0.107714,0.084584,692.915200,1687.042500,85.792433,48.484848,42.896217,24.242424,230,180,0.333333,1100.000000,0.000000,40.000000,1.715858,0.000000
0,-0.000602,0.333333,0.055556,0.049075,0.199525,1784.045714,941.633333,83.955922,88.333333,41.977961,44.166667,590,260,0.333333,2600.000000,0.000000,40.000000,1.679121,1.766690
0,0.002703,0.166667,0.714286,0.002072,0.127702,46.375000,1183.111111,50.001199,47.727273,25.000600,23.863636,130,10,0.714286,2400.000000,0.000000,25.000000,1.000024,0.000000
0,-0.000199,0.125000,0.076923,0.024151,0.194583,330.604167,852.550000,89.999680,91.638564,44.999840,45.819282,380,230,0.125000,1800.000000,0.000000,40.000000,1.799994,1.832794
0,-0.000029,0.034483,0.034483,0.347288,0.189926,670.134280,2770.454545,83.888908,88.337013,41.944454,44.168507,510,10,0.043478,2400.000000,0.000000,40.000000,1.677907,1.766747
0,-0.000076,0.071429,0.066667,0.015251,0.318121,328.320000,361.000000,76.717543,30.708589,38.358771,15.354295,530,70,0.071429,1400.000000,0.000000,35.000000,1.534351,0.000000
0,-0.000364,0.384615,0.066667,0.020508,0.189606,315.587258,780.300000,59.564311,48.333333,29.782156,24.166667,160,10,0.384615,2300.000000,0.000000,25.000000,1.191287,0.000000
0,-0.000602,0.333333,0.055556,0.049075,0.199525,1784.045714,941.633333,83.955922,88.333333,41.977961,44.166667,300,260,0.333333,2600.000000,0.000000,40.000000,1.679121,1.766690
0,0.000000,0.166667,0.166667,0.023748,0.206282,343.437642,834.380000,46.000000,84.583118,23.000000,42.291559,640,10,0.166667,1400.000000,0.000000,20.000000,0.920001,1.691688
0,0.000000,0.166667,0.166667,0.023748,0.206282,343.437642,834.380000,46.000000,84.583118,23.000000,42.291559,750,10,0.166667,1400.000000,0.000000,20.000000,0.920001,1.691688
0,0.000000,0.166667,0.166667,0.023748,0.206282,343.437642,834.380000,46.000000,84.583118,23.000000,42.291559,420,10,0.166667,1400.000000,0.000000,20.000000,0.920001,1.691688
0,-0.000602,0.333333,0.055556,0.049075,0.199525,1784.045714,941.633333,83.955922,88.333333,41.977961,44.166667,520,260,0.333333,2600.000000,0.000000,40.000000,1.679121,1.766690
0,0.000000,0.333333,0.333333,0.107714,0.084584,692.915200,1687.042500,85.792433,48.484848,42.896217,24.242424,540,180,0.333333,1100.000000,0.000000,40.000000,1.715858,0.000000
0,0.002703,0.166667,0.714286,0.002072,0.127702,46.375000,1183.111111,50.001199,47.727273,25.000600,23.863636,220,10,0.714286,2400.000000,0.000000,25.000000,1.000024,0.000000
0,0.000000,0.166667,0.166667,0.023748,0.206282,343.437642,834.380000,46.000000,84.583118,23.000000,42.291559,250,10,0.166667,1400.000000,0.000000,20.000000,0.920001,1.691688
0,0.000016,0.391304,0.387097,0.028975,0.082591,255.260773,1344.295815,89.862216,82.653775,44.931108,41.326887,220,10,0.400000,2400.000000,0.000000,40.000000,1.797252,1.653078
0,-0.000602,0.333333,0.055556,0.049075,0.199525,1784.045714,941.633333,83.955922,88.333333,41.977961,44.166667,380,260,0.333333,2600.000000,0.000000,40.000000,1.679121,1.766690
0,-0.000515,0.181818,0.166667,0.051577,0.189606,317.507500,780.300000,89.984395,48.333333,44.992198,24.166667,680,40,0.350000,1700.000000,0.000000,40.000000,1.799692,0.000000
0,-0.000199,0.125000,0.076923,0.024151,0.194583,330.604167,852.550000,89.999680,91.638564,44.999840,45.819282,670,230,0.125000,1800.000000,0.000000,40.000000,1.799994,1.832794
0,0.000000,0.200000,0.200000,0.035406,0.100666,518.038133,1618.454545,80.803932,80.510926,40.401966,40.255463,180,150,0.200000,1000.000000,0.000000,40.000000,1.616080,1.610222
0,0.000000,1.000000,1.000000,0.730103,0.000000,435.555556,0.000000,79.262694,0.000000,39.631347,0.000000,140,130,1.000000,3600.000000,0.000000,35.000000,1.585931,0.000000
0,0.000047,0.500000,1.000000,0.028446,0.000000,192.000000,0.000000,80.636138,0.000000,40.318069,0.000000,140,10,1.000000,3500.000000,0.000000,40.000000,1.612756,0.000000
0,-0.000542,0.166667,0.133333,0.120505,0.378296,1431.500000,2940.000000,91.110933,38.666667,45.555467,19.333333,300,240,0.166667,1900.000000,0.000000,45.000000,1.822224,0.000000
0,-0.000229,0.285714,0.090909,0.594805,0.029045,761.250000,464.750000,91.999998,39.710849,45.999999,19.855425,200,110,0.285714,3000.000000,0.000000,45.000000,1.840232,0.000000
0,-0.000542,0.166667,0.133333,0.120505,0.378296,1431.500000,2940.000000,91.110933,38.666667,45.555467,19.333333,310,240,0.166667,1900.000000,0.000000,45.000000,1.822224,0.000000
0,0.000000,1.000000,1.000000,0.354925,0.000000,1200.000000,0.000000,79.998405,0.000000,39.999203,0.000000,110,50,1.000000,2100.000000,0.000000,35.000000,1.600023,0.000000
0,-0.000229,0.285714,0.090909,0.594805,0.029045,761.250000,464.750000,91.999998,39.710849,45.999999,19.855425,190,110,0.285714,3000.000000,0.000000,45.000000,1.840232,0.000000
0,0.000000,0.250000,0.250000,0.033208,0.000972,411.727273,16.200000,90.764514,50.000000,45.382257,25.000000,290,220,0.250000,1000.000000,0.000000,45.000000,1.815292,0.000000
0,-0.000229,0.285714,0.090909,0.594805,0.029045,761.250000,464.750000,91.999998,39.710849,45.999999,19.855425,110,60,0.285714,3000.000000,0.000000,45.000000,1.840232,0.000000
0,-0.000695,0.200000,0.142857,0.002146,0.037259,96.666667,700.000000,54.167859,40.000000,27.083930,20.000000,70,10,0.200000,1600.000000,0.000000,25.000000,1.083357,0.000000
0,0.000047,0.500000,1.000000,0.028446,0.000000,192.000000,0.000000,80.636138,0.000000,40.318069,0.000000,150,10,1.000000,3500.000000,0.000000,40.000000,1.612756,0.000000
0,-0.000542,0.166667,0.133333,0.120505,0.378296,1431.500000,2940.000000,91.110933,38.666667,45.555467,19.333333,240,170,0.166667,1900.000000,0.000000,45.000000,1.822224,0.000000
0,-0.001389,0.400000,0.285714,0.040494,0.021036,582.160494,300.000000,52.943729,40.000000,26.471864,20.000000,100,10,0.400000,1600.000000,0.000000,25.000000,1.058876,0.000000
0,0.000000,0.230769,0.230769,0.201844,0.106492,1122.562500,1714.777778,71.758235,79.998330,35.879117,39.999165,270,240,0.230769,1100.000000,0.000000,35.000000,1.435219,1.599970
0,0.000000,0.250000,0.250000,0.033208,0.000972,411.727273,16.200000,90.764514,50.000000,45.382257,25.000000,290,160,0.250000,1000.000000,0.000000,45.000000,1.815292,0.000000
0,0.000000,0.500000,0.500000,0.246974,0.227752,2783.562500,2094.750000,91.411765,47.368421,45.705882,23.684211,500,210,0.500000,1200.000000,0.000000,45.000000,1.828246,0.000000
0,-0.000057,0.076923,0.074074,0.071187,0.031693,569.694619,505.722222,79.644549,80.696219,39.822274,40.348110,210,160,0.076923,1100.000000,0.000000,35.000000,1.592896,1.613925
0,-0.000069,0.050000,0.031250,5.312066,0.752195,70796.351111,13967.555556,87.910299,90.000000,43.955150,45.000000,50,10,0.050000,2600.000000,0.000000,40.000000,1.758406,1.800020
0,-0.001061,0.666667,0.625000,0.028303,0.040022,225.918367,600.000000,79.991954,50.000000,39.995977,25.000000,410,400,0.714286,2200.000000,0.000000,35.000000,1.599842,0.000000
0,0.000000,0.833333,0.833333,0.052716,0.035265,505.200000,620.000000,48.493671,80.000000,24.246835,40.000000,110,10,0.833333,1600.000000,0.000000,20.000000,0.969876,1.600001
0,0.000000,0.555556,0.555556,0.008225,0.051111,126.784314,1000.000000,54.321462,80.000000,27.160731,40.000000,40,10,0.555556,2300.000000,0.000000,25.000000,1.086430,1.600001
0,0.000000,0.166667,0.166667,0.002423,0.049488,57.666667,1020.000000,51.666666,80.000000,25.833333,40.000000,80,10,0.166667,1600.000000,0.000000,25.000000,1.033333,1.600001
0,0.000000,0.166667,0.166667,0.326834,0.021573,3718.026667,248.111111,77.400292,91.314975,38.700146,45.657487,330,50,0.166667,1000.000000,0.000000,35.000000,1.548020,1.826300
0,-0.001137,0.222222,0.076923,0.245248,0.034441,2689.351111,700.000000,77.910298,80.000000,38.955149,40.000000,260,10,0.222222,2600.000000,0.000000,35.000000,1.558218,1.600001
0,-0.000479,0.125000,0.083333,0.140007,0.016123,724.099174,270.402778,72.854441,100.000000,36.427221,50.000000,280,50,0.125000,3200.000000,0.000000,35.000000,1.457102,2.000000
0,0.000000,0.500000,0.500000,0.246974,0.227752,2783.562500,2094.750000,91.411765,47.368421,45.705882,23.684211,660,500,0.500000,1200.000000,0.000000,45.000000,1.828246,0.000000
0,-0.000952,0.250000,0.166667,0.025273,0.021573,235.122449,248.111111,74.871796,91.314975,37.435898,45.657487,70,10,0.250000,3600.000000,0.000000,35.000000,1.497437,1.826300
0,0.000000,0.083333,0.083333,0.321466,0.016123,3731.734072,270.402778,86.983417,100.000000,43.491708,50.000000,500,50,0.083333,1000.000000,0.000000,40.000000,1.739682,2.000000
0,0.000000,0.142857,0.142857,0.002505,0.040022,61.000000,600.000000,52.000000,50.000000,26.000000,25.000000,490,10,0.142857,1300.000000,0.000000,25.000000,1.040000,0.000000
0,0.000000,0.083333,0.083333,0.321466,0.016123,3731.734072,270.402778,86.983417,100.000000,43.491708,50.000000,630,50,0.083333,1000.000000,0.000000,40.000000,1.739682,2.000000
0,-0.000479,0.125000,0.083333,0.140007,0.016123,724.099174,270.402778,72.854441,100.000000,36.427221,50.000000,410,50,0.125000,3200.000000,0.000000,35.000000,1.457102,2.000000
0,-0.000069,0.050000,0.031250,5.312066,0.752195,70796.351111,13967.555556,87.910299,90.000000,43.955150,45.000000,450,10,0.050000,2600.000000,0.000000,40.000000,1.758406,1.800020
0,-0.000530,0.440000,0.407407,0.022290,0.034464,162.537413,712.888889,81.755322,80.000914,40.877661,40.000457,410,400,0.440000,1300.000000,0.000000,40.000000,1.635108,1.600019
0,-0.000048,0.040000,0.037037,0.028503,0.030493,254.312500,561.439446,81.818732,79.998743,40.909366,39.999372,400,390,0.040000,1300.000000,0.000000,40.000000,1.636376,1.599976
0,0.000000,0.250000,0.250000,0.023970,0.000000,105.750000,0.000000,82.000000,0.000000,41.000000,0.000000,680,150,0.250000,1700.000000,0.000000,40.000000,1.640006,0.000000
0,0.000000,0.090909,0.090909,0.354406,0.101199,910.320000,1592.888889,75.255654,39.772798,37.627827,19.886399,350,300,0.090909,1000.000000,0.000000,35.000000,1.505184,0.000000
0,0.001049,0.500000,0.750000,0.085743,0.034892,909.000000,544.500000,53.331003,40.360367,26.665501,20.180184,390,10,0.750000,3100.000000,0.000000,25.000000,1.066624,0.000000
0,0.000000,1.000000,1.000000,0.014119,0.013104,225.296875,30.375000,67.248935,34.957580,33.624468,17.478790,110,10,1.000000,1300.000000,0.000000,30.000000,1.344979,0.000000
0,-0.000223,0.800000,0.777778,0.036147,0.016306,283.991071,400.000000,81.646364,40.000000,40.823182,20.000000,400,370,0.800000,1300.000000,0.000000,40.000000,1.632930,0.000000
0,0.000000,0.071429,0.071429,0.206871,0.088211,439.812500,1453.000000,72.755322,80.000264,36.377661,40.000132,400,280,0.071429,1300.000000,0.000000,35.000000,1.455165,1.600008
0,0.000000,0.250000,0.250000,0.023970,0.000000,105.750000,0.000000,82.000000,0.000000,41.000000,0.000000,320,150,0.250000,1700.000000,0.000000,40.000000,1.640006,0.000000
0,0.000000,0.166667,0.166667,0.289275,0.005120,1381.925926,121.500000,78.418933,40.000000,39.209466,20.000000,430,400,0.166667,1200.000000,0.000000,35.000000,1.568447,0.000000
0,0.000000,0.181818,0.181818,0.046850,0.000000,626.373333,0.000000,80.421008,0.000000,40.210504,0.000000,450,350,0.181818,1000.000000,0.000000,40.000000,1.608422,0.000000
0,-0.000182,0.100000,0.090909,0.125968,0.101199,1676.325926,1592.888889,79.084045,39.772798,39.542023,19.886399,430,280,0.100000,1200.000000,0.000000,35.000000,1.581686,0.000000
0,-0.002133,0.500000,0.333333,0.152219,0.106318,768.055556,1714.388889,79.668283,79.772798,39.834141,39.886399,260,140,0.500000,2600.000000,0.000000,35.000000,1.593393,1.595459
0,-0.000042,0.052632,0.050000,0.026037,0.016306,208.423611,400.000000,81.411960,40.000000,40.705980,20.000000,720,400,0.052632,1300.000000,0.000000,40.000000,1.628241,0.000000
0,0.006909,0.200000,0.545455,0.028826,0.000000,290.678571,0.000000,81.095774,0.000000,40.547887,0.000000,370,60,0.545455,1300.000000,0.000000,40.000000,1.621917,0.000000
0,0.000000,0.222222,0.222222,0.128624,0.080952,1949.333333,1331.000000,80.431367,39.709018,40.215684,19.854509,450,90,0.222222,1000.000000,0.000000,40.000000,1.608632,0.000000
0,0.003908,0.500000,0.636364,0.293662,0.016306,2843.000000,400.000000,76.530155,40.000000,38.265077,20.000000,360,20,0.636364,1700.000000,0.000000,35.000000,1.530618,0.000000
0,-0.000450,0.571429,0.785714,0.009456,0.014084,399.250000,300.000000,81.363443,40.000000,40.681721,20.000000,120,70,1.000000,4300.000000,0.000000,40.000000,1.627269,0.000000
0,-0.000117,0.076923,0.037037,0.033989,0.000000,390.250000,0.000000,81.082837,0.000000,40.541419,0.000000,290,230,0.076923,3200.000000,0.000000,40.000000,1.621658,0.000000
0,0.000000,0.166667,0.166667,0.020826,0.016680,153.312500,416.000000,82.252808,82.500000,41.126404,41.250000,400,40,0.166667,1300.000000,0.000000,40.000000,1.645058,1.650000
0,0.000000,0.090909,0.090909,0.004382,0.018383,67.360000,345.841270,49.853076,82.857143,24.926538,41.428571,340,10,0.090909,1600.000000,0.000000,20.000000,0.997062,1.657143
0,0.000000,0.058824,0.058824,0.022664,0.230438,286.775510,3599.000000,79.693976,81.779788,39.846988,40.889894,320,240,0.058824,2000.000000,0.000000,35.000000,1.593880,1.635603
0,0.000000,0.090909,0.090909,0.028437,0.191911,389.652202,3858.314050,60.000000,48.076923,30.000000,24.038462,650,10,0.090909,1400.000000,0.000000,30.000000,1.200001,0.000000
0,-0.000831,0.142857,0.090909,0.623500,0.083804,1384.250000,1335.800000,79.999915,90.000000,39.999958,45.000000,680,60,0.142857,1200.000000,0.000000,35.000000,1.600143,1.800003
0,-0.000831,0.142857,0.090909,0.623500,0.083804,1384.250000,1335.800000,79.999915,90.000000,39.999958,45.000000,190,60,0.142857,1200.000000,0.000000,35.000000,1.600143,1.800003
0,0.000000,0.636364,0.636364,0.043259,0.103604,596.008889,275.625000,60.000000,45.000000,30.000000,22.500000,760,10,0.636364,1400.000000,0.000000,30.000000,1.200002,0.000000
0,0.000000,0.181818,0.181818,0.027538,0.038533,284.320000,650.000000,50.177462,80.696220,25.088731,40.348110,360,10,0.181818,1600.000000,0.000000,25.000000,1.003551,1.613926
0,0.000000,0.636364,0.636364,0.043259,0.103604,596.008889,275.625000,60.000000,45.000000,30.000000,22.500000,740,10,0.636364,1400.000000,0.000000,30.000000,1.200002,0.000000
0,0.000000,0.636364,0.636364,0.043259,0.103604,596.008889,275.625000,60.000000,45.000000,30.000000,22.500000,720,10,0.636364,1400.000000,0.000000,30.000000,1.200002,0.000000
0,0.000000,0.727273,0.727273,0.023584,0.175489,414.964938,2546.760000,56.548355,90.000000,28.274178,45.000000,530,10,0.727273,1600.000000,0.000000,25.000000,1.130968,1.800006
0,0.000000,0.090909,0.090909,0.028437,0.191911,389.652202,3858.314050,60.000000,48.076923,30.000000,24.038462,330,10,0.090909,1400.000000,0.000000,30.000000,1.200001,0.000000
0,0.000000,0.181818,0.181818,0.186533,0.090930,966.381964,1218.350000,47.184584,40.563018,23.592292,20.281509,390,10,0.181818,1400.000000,0.000000,20.000000,0.943710,0.000000
0,0.000000,0.727273,0.727273,0.023584,0.175489,414.964938,2546.760000,56.548355,90.000000,28.274178,45.000000,220,10,0.727273,1600.000000,0.000000,25.000000,1.130968,1.800006
0,-0.000831,0.142857,0.090909,0.623500,0.083804,1384.250000,1335.800000,79.999915,90.000000,39.999958,45.000000,620,60,0.142857,1200.000000,0.000000,35.000000,1.600143,1.800003
0,0.000000,0.222222,0.222222,0.030793,0.000000,407.638889,0.000000,51.428571,0.000000,25.714286,0.000000,150,10,0.222222,1400.000000,0.000000,25.000000,1.028573,0.000000
0,-0.000017,0.100000,0.066667,0.006688,0.000000,69.642857,0.000000,84.343152,0.000000,42.171576,0.000000,610,30,0.100000,2600.000000,0.000000,40.000000,1.686863,0.000000
0,-0.000914,0.357143,0.437500,0.005238,0.021857,37.857143,300.000000,84.285711,37.879539,42.142856,18.939769,630,210,0.555556,2400.000000,0.000000,40.000000,1.685715,0.000000
0,-0.000199,0.333333,0.500000,0.085305,0.123831,1877.275510,1543.500000,81.570750,39.772809,40.785375,19.886405,490,50,0.666667,3800.000000,0.000000,40.000000,1.631417,0.000000
0,-0.000229,0.166667,0.100000,0.074068,0.030202,561.250000,432.000000,83.999973,39.734948,41.999986,19.867474,530,220,0.200000,3400.000000,0.000000,40.000000,1.680007,0.000000
0,-0.000370,0.100000,0.350000,0.103289,0.000000,2018.963010,0.000000,81.571806,0.000000,40.785903,0.000000,490,140,0.600000,3800.000000,0.000000,40.000000,1.631439,0.000000
0,-0.000283,0.117647,0.071429,0.049917,0.117822,539.745528,999.520000,89.995977,84.395604,44.997988,42.197802,660,410,0.117647,2600.000000,0.000000,40.000000,1.799924,1.687934
0,0.000000,0.500000,0.500000,0.000000,0.140363,102.796875,2241.836735,95.454545,48.076923,47.727273,24.038462,10,10,0.500000,1400.000000,0.000000,45.000000,1.909091,0.000000
0,-0.002381,0.833333,0.714286,0.002845,0.020583,89.850416,99.645429,91.833333,47.058824,45.916667,23.529412,350,110,0.833333,1700.000000,0.000000,45.000000,1.836667,0.000000
0,-0.000047,0.055556,0.052632,0.044503,0.018297,112.829861,912.960000,71.461538,82.857143,35.730769,41.428571,540,130,0.055556,1300.000000,0.000000,35.000000,1.429240,1.657143
0,-0.000193,0.173913,0.160000,0.024715,0.150277,410.334791,1208.665429,91.331983,86.004169,45.665992,43.002084,390,240,0.173913,1700.000000,0.000000,45.000000,1.826640,1.720093
0,-0.000119,0.047619,0.041667,0.249513,0.094752,2816.482500,1970.370370,91.078297,92.857143,45.539149,46.428571,660,510,0.047619,1600.000000,0.000000,45.000000,1.821577,1.857146
0,0.000000,0.071429,0.071429,0.239854,0.117822,1104.308642,999.520000,85.275826,84.395604,42.637913,42.197802,770,70,0.071429,1100.000000,0.000000,40.000000,1.705575,1.687934
0,0.000000,0.083333,0.083333,0.299138,0.773670,965.396450,15336.750000,80.699920,48.148148,40.349960,24.074074,390,40,0.083333,1000.000000,0.000000,40.000000,1.614046,0.000000
0,-0.000364,0.200000,0.181818,0.025610,0.129694,386.859375,1109.020000,83.665295,38.945345,41.832648,19.472673,240,90,0.200000,1700.000000,0.000000,40.000000,1.673307,0.000000
0,-0.000119,0.047619,0.041667,0.429905,0.094752,3138.871142,1970.370370,86.664715,92.857143,43.332358,46.428571,710,70,0.047619,1100.000000,0.000000,40.000000,1.733361,1.857146
0,-0.000476,0.166667,0.142857,0.030459,0.147796,468.000000,721.306122,83.338669,39.373743,41.669335,19.686872,350,310,0.166667,1700.000000,0.000000,40.000000,1.666774,0.000000
0,0.000000,0.600000,0.600000,0.005469,0.002365,108.500000,32.000000,53.345688,41.218369,26.672844,20.609185,210,10,0.600000,1400.000000,0.000000,25.000000,1.066914,0.000000
0,-0.000278,0.125000,0.111111,0.150644,0.007712,1750.000000,127.160000,81.392420,42.727127,40.696210,21.363564,520,80,0.125000,2700.000000,0.000000,40.000000,1.627855,0.000000
0,0.000000,0.083333,0.083333,0.299138,0.773670,965.396450,15336.750000,80.699920,48.148148,40.349960,24.074074,710,40,0.083333,1000.000000,0.000000,40.000000,1.614046,0.000000
0,-0.000223,1.000000,0.857143,0.020595,0.129694,419.625000,1109.020000,79.618416,38.945345,39.809208,19.472673,180,70,1.000000,3400.000000,0.000000,35.000000,1.592369,0.000000
0,-0.000119,0.047619,0.041667,0.249513,0.094752,2816.482500,1970.370370,91.078297,92.857143,45.539149,46.428571,510,210,0.047619,1600.000000,0.000000,45.000000,1.821577,1.857146
0,0.000000,0.800000,0.800000,0.007010,0.002273,118.375000,35.555556,45.871494,40.000000,22.935747,20.000000,180,10,0.800000,1300.000000,0.000000,20.000000,0.917430,0.000000
0,-0.000476,0.166667,0.142857,0.017922,0.017543,246.546875,273.925926,83.739729,41.645590,41.869864,20.822795,370,350,0.166667,1700.000000,0.000000,40.000000,1.674795,0.000000
0,0.000000,0.142857,0.142857,0.078641,0.027593,399.250000,450.000000,81.247486,41.249850,40.623743,20.624925,320,120,0.142857,2300.000000,0.000000,40.000000,1.624972,0.000000
0,0.000000,0.071429,0.071429,0.239854,0.117822,1104.308642,999.520000,85.275826,84.395604,42.637913,42.197802,810,70,0.071429,1100.000000,0.000000,40.000000,1.705575,1.687934
0,-0.000182,0.100000,0.090909,0.007538,0.091583,108.152778,821.777778,82.637977,38.106679,41.318989,19.053339,130,90,0.100000,1700.000000,0.000000,40.000000,1.652760,0.000000
0,-0.000545,0.285714,0.363636,0.000000,0.014370,75.375000,212.960000,24.666667,40.000000,12.333333,20.000000,10,10,0.444444,2500.000000,0.000000,10.000000,0.493333,0.000000
0,-0.000667,0.200000,0.166667,0.054625,0.069738,968.855000,1219.891200,47.291663,40.900817,23.645831,20.450409,180,10,0.200000,1300.000000,0.000000,20.000000,0.945835,0.000000
0,0.000000,0.052632,0.052632,0.223779,0.018297,458.496142,912.960000,73.891457,82.857143,36.945728,41.428571,150,70,0.052632,1100.000000,0.000000,35.000000,1.477888,1.657143
0,-0.000333,0.100000,0.083333,0.001624,0.000000,47.415000,0.000000,46.624492,0.000000,23.312246,0.000000,350,10,0.100000,1300.000000,0.000000,20.000000,0.932490,0.000000
0,-0.000283,0.117647,0.071429,0.049917,0.117822,539.745528,999.520000,89.995977,84.395604,44.997988,42.197802,640,410,0.117647,2600.000000,0.000000,40.000000,1.799924,1.687934
0,-0.000182,0.100000,0.090909,0.002390,0.000000,44.893519,0.000000,83.333312,0.000000,41.666656,0.000000,130,90,0.100000,1700.000000,0.000000,40.000000,1.666666,0.000000
0,0.000000,0.071429,0.071429,0.239854,0.117822,1104.308642,999.520000,85.275826,84.395604,42.637913,42.197802,790,70,0.071429,1100.000000,0.000000,40.000000,1.705575,1.687934
0,-0.000193,0.173913,0.160000,0.024715,0.150277,410.334791,1208.665429,91.331983,86.004169,45.665992,43.002084,240,110,0.173913,1700.000000,0.000000,45.000000,1.826640,1.720093
0,-0.001121,0.571429,0.454545,0.005073,0.000000,121.222222,0.000000,58.000000,0.000000,29.000000,0.000000,390,10,0.571429,2500.000000,0.000000,25.000000,1.160000,0.000000
0,0.000000,0.200000,0.200000,0.020009,0.002592,92.000000,64.000000,75.699920,40.000000,37.849960,20.000000,650,40,0.200000,1000.000000,0.000000,35.000000,1.514003,0.000000
0,-0.000119,0.047619,0.041667,0.429905,0.094752,3138.871142,1970.370370,86.664715,92.857143,43.332358,46.428571,260,70,0.047619,1100.000000,0.000000,40.000000,1.733361,1.857146
0,-0.002381,0.833333,0.714286,0.002845,0.020583,89.850416,99.645429,91.833333,47.058824,45.916667,23.529412,390,350,0.833333,1700.000000,0.000000,45.000000,1.836667,0.000000
0,0.000000,1.000000,1.000000,0.015173,0.048971,72.423611,1426.000000,48.461538,82.856876,24.230769,41.428438,540,10,1.000000,1300.000000,0.000000,20.000000,0.969233,1.657139
0,0.013714,0.142857,1.000000,0.001132,0.048971,32.000000,1426.000000,52.498801,82.856876,26.249400,41.428438,50,10,1.000000,1300.000000,0.000000,25.000000,1.049976,1.657139
0,-0.000283,0.117647,0.071429,0.049917,0.117822,539.745528,999.520000,89.995977,84.395604,44.997988,42.197802,620,410,0.117647,2600.000000,0.000000,40.000000,1.799924,1.687934
