thread_id,v_rel_smoothed,initial_chi,final_chi,pre_p_mag,post_p_mag,pre_mass,post_mass,pre_s_sum,post_s_sum,pre_s_mean,post_s_mean,pre_age_a,pre_age_b,chi_max,duration,theta,stability_bin,pre_E_total,post_E_total
0,0.000000,0.071429,0.071429,0.304113,0.756721,682.410000,1053.000000,12.745145,27.426616,6.372573,13.713308,20,10,0.071429,1000.000000,0.000000,5.000000,0.255061,0.000000
0,0.000000,0.214286,0.214286,0.032593,0.282203,435.073980,300.000000,12.273103,50.000000,6.136551,25.000000,20,10,0.214286,1000.000000,0.000000,5.000000,0.245474,0.000000
0,0.000000,0.142857,0.142857,0.188761,1.221871,184.259259,500.000000,23.932550,23.898512,11.966275,11.949256,20,10,0.142857,1000.000000,0.000000,10.000000,0.478794,0.000000
0,0.000000,0.125000,0.125000,0.304113,0.756721,1474.785000,1053.000000,12.745145,27.426616,6.372573,13.713308,20,10,0.125000,1000.000000,0.000000,5.000000,0.255061,0.000000
0,0.000000,0.142857,0.142857,0.492874,1.978592,416.785000,1553.000000,27.472869,51.325128,13.736434,25.662564,20,20,0.142857,1000.000000,0.000000,10.000000,0.549758,1.028267
0,0.000000,0.500000,0.500000,0.032593,0.282203,1227.448980,300.000000,12.273103,50.000000,6.136551,25.000000,20,10,0.500000,1000.000000,0.000000,5.000000,0.245474,0.000000
0,0.000000,0.428571,0.428571,0.521486,0.146529,856.145000,573.440000,6.694420,34.061470,3.347210,17.030735,20,10,0.428571,1000.000000,0.000000,0.000000,0.134180,0.000000
0,0.000000,0.900000,0.900000,0.032593,0.282203,103.708239,300.000000,21.477930,50.000000,10.738965,25.000000,20,10,0.900000,1000.000000,0.000000,10.000000,0.429571,0.000000
0,0.000000,0.125000,0.125000,0.000000,0.000000,1242.259259,0.000000,9.204827,0.000000,4.602414,0.000000,10,10,0.125000,1000.000000,0.000000,0.000000,0.184097,0.000000
0,0.000000,0.428571,0.428571,0.000000,0.000000,449.884259,0.000000,9.204827,0.000000,4.602414,0.000000,10,10,0.428571,1000.000000,0.000000,0.000000,0.184097,0.000000
0,-0.010167,0.633333,0.125000,0.304113,0.245394,351.044259,592.312500,21.949972,39.000199,10.974986,19.500099,20,10,0.633333,1100.000000,0.000000,10.000000,0.439158,0.000000
0,-0.005111,0.755556,0.500000,0.336706,0.585458,336.233980,992.312500,25.018248,76.500199,12.509124,38.250099,20,20,0.755556,1100.000000,0.000000,10.000000,0.500535,1.530199
0,-0.003636,1.000000,0.818182,0.710247,0.293003,590.520000,700.000000,21.422143,33.371181,10.711072,16.685590,20,20,1.000000,1100.000000,0.000000,10.000000,0.428877,0.000000
0,-0.000203,0.135135,0.125000,0.825598,0.245394,757.305000,592.312500,19.439565,39.000199,9.719782,19.500099,20,20,0.135135,1100.000000,0.000000,5.000000,0.389242,0.000000
0,0.000000,0.375000,0.375000,0.000000,0.031253,461.888889,154.880000,22.446751,35.818085,11.223375,17.909043,10,10,0.375000,1000.000000,0.000000,10.000000,0.448935,0.000000
0,0.000481,0.233333,0.285714,0.521486,0.000000,524.779259,0.000000,15.899247,0.000000,7.949623,0.000000,20,10,0.375000,1200.000000,0.000000,5.000000,0.318277,0.000000
0,0.000000,0.153846,0.153846,2.602952,0.000000,2977.777778,0.000000,30.859379,0.000000,15.429689,0.000000,30,10,0.153846,1000.000000,0.000000,15.000000,0.618549,0.000000
0,0.000000,0.500000,0.500000,0.188660,0.143759,495.222222,363.640625,43.708760,32.880381,21.854380,16.440191,40,10,0.500000,1000.000000,0.000000,20.000000,0.874212,0.000000
0,0.000000,0.125000,0.125000,0.188660,0.175012,929.333333,518.520625,34.357847,68.698466,17.178923,34.349233,40,10,0.125000,1000.000000,0.000000,15.000000,0.687194,1.374001
0,0.000000,0.062500,0.062500,1.406327,0.049721,1087.059949,211.750000,62.107586,42.857143,31.053793,21.428571,50,20,0.062500,1000.000000,0.000000,30.000000,1.243062,0.000000
0,0.000000,0.125000,0.125000,2.568415,0.000000,3009.622449,0.000000,57.930950,0.000000,28.965475,0.000000,20,20,0.125000,1000.000000,0.000000,25.000000,1.159723,0.000000
0,0.000000,0.062500,0.062500,0.571137,0.049721,1087.059949,211.750000,62.107586,42.857143,31.053793,21.428571,20,20,0.062500,1000.000000,0.000000,30.000000,1.242326,0.000000
0,0.000000,0.200000,0.200000,0.088559,0.678559,166.111111,3449.776711,54.801768,72.976349,27.400884,36.488174,20,20,0.200000,1000.000000,0.000000,25.000000,1.096066,1.459594
0,0.000000,0.125000,0.125000,0.092195,0.000000,165.122449,0.000000,66.358658,0.000000,33.179329,0.000000,20,20,0.125000,1000.000000,0.000000,30.000000,1.327234,0.000000
0,0.000000,0.062500,0.062500,1.092710,0.049721,1087.059949,211.750000,62.107586,42.857143,31.053793,21.428571,20,20,0.062500,1000.000000,0.000000,30.000000,1.242705,0.000000
0,0.000000,0.200000,0.200000,0.000000,0.014522,40.800000,52.937500,21.730062,50.000000,10.865031,25.000000,10,10,0.200000,1000.000000,0.000000,10.000000,0.434601,0.000000
0,-0.002857,1.000000,0.857143,0.730022,0.406211,1705.500000,450.000000,51.139346,34.599497,25.569673,17.299749,50,10,1.000000,1100.000000,0.000000,25.000000,1.022992,0.000000
0,0.000000,0.068966,0.068966,0.238359,0.420733,1956.906279,502.937500,75.017529,84.599497,37.508765,42.299749,60,30,0.068966,1000.000000,0.000000,35.000000,1.500402,1.692175
0,0.000000,0.200000,0.200000,0.161370,0.014522,275.213223,52.937500,51.878220,50.000000,25.939110,25.000000,30,10,0.200000,1000.000000,0.000000,25.000000,1.037614,0.000000
0,0.000000,0.200000,0.200000,0.161370,0.014522,275.213223,52.937500,51.878220,50.000000,25.939110,25.000000,30,10,0.200000,1000.000000,0.000000,25.000000,1.037614,0.000000
0,0.000000,0.500000,0.500000,0.185257,0.000000,392.680000,0.000000,51.247600,0.000000,25.623800,0.000000,60,30,0.500000,1000.000000,0.000000,25.000000,1.025002,0.000000
0,-0.015348,1.000000,0.068966,0.221354,0.420733,169.448980,502.937500,27.000826,84.599497,13.500413,42.299749,20,20,1.000000,1400.000000,0.000000,10.000000,0.540171,1.692175
0,0.000000,0.068966,0.068966,0.238359,0.420733,1956.906279,502.937500,75.017529,84.599497,37.508765,42.299749,60,30,0.068966,1000.000000,0.000000,35.000000,1.500402,1.692175
0,0.000000,0.200000,0.200000,0.161370,0.014522,275.213223,52.937500,51.878220,50.000000,25.939110,25.000000,60,10,0.200000,1000.000000,0.000000,25.000000,1.037614,0.000000
0,0.000000,0.142857,0.142857,0.942574,0.000000,612.800000,0.000000,42.391780,0.000000,21.195890,0.000000,20,10,0.142857,1000.000000,0.000000,20.000000,0.848576,0.000000
0,0.000000,1.000000,1.000000,0.076988,0.406211,1707.293056,450.000000,39.146074,34.599497,19.573037,17.299749,60,10,1.000000,1000.000000,0.000000,15.000000,0.782923,0.000000
0,0.000000,0.153846,0.153846,0.093414,0.000000,243.382222,0.000000,54.993679,0.000000,27.496839,0.000000,30,30,0.153846,1000.000000,0.000000,25.000000,1.099895,0.000000
0,0.000000,0.142857,0.142857,0.499272,1.416118,1972.000000,516.000000,46.503907,62.351769,23.251953,31.175885,20,20,0.142857,1000.000000,0.000000,20.000000,0.930147,1.248994
0,0.000000,0.142857,0.142857,0.076988,0.420733,1722.493056,502.937500,44.869371,84.599497,22.434685,42.299749,60,10,0.142857,1000.000000,0.000000,20.000000,0.897389,1.692175
0,0.000000,0.111111,0.111111,0.369946,0.064690,1393.795918,200.000000,66.631928,41.215855,33.315964,20.607928,40,30,0.111111,1000.000000,0.000000,30.000000,1.332702,0.000000
0,0.000000,0.500000,0.500000,0.165945,0.371399,697.680000,400.000000,29.033234,30.796427,14.516617,15.398214,40,10,0.500000,1000.000000,0.000000,10.000000,0.580685,0.000000
0,0.000000,0.222222,0.222222,0.540969,0.015931,3495.750000,52.937500,76.337322,50.000000,38.168661,25.000000,40,30,0.222222,1000.000000,0.000000,35.000000,1.526796,0.000000
0,0.000303,0.045455,0.060606,0.194947,0.387330,838.413223,452.937500,66.293086,80.796427,33.146543,40.398214,30,30,0.060606,1100.000000,0.000000,30.000000,1.325912,1.616103
0,-0.001083,0.187500,0.133333,1.257087,0.000000,1354.480000,0.000000,55.598570,0.000000,27.799285,0.000000,30,30,0.187500,1100.000000,0.000000,25.000000,1.112567,0.000000
0,0.000000,0.052632,0.052632,0.152314,0.081042,269.361637,84.500000,57.135613,29.602876,28.567806,14.801438,40,20,0.052632,1000.000000,0.000000,25.000000,1.142755,0.000000
0,0.000000,0.222222,0.222222,3.588553,0.015931,3495.750000,52.937500,76.337322,50.000000,38.168661,25.000000,30,20,0.222222,1000.000000,0.000000,35.000000,1.529270,0.000000
0,-0.007417,0.437500,0.066667,1.211856,0.000000,1325.027778,0.000000,54.731976,0.000000,27.365988,0.000000,30,30,0.437500,1100.000000,0.000000,25.000000,1.095219,0.000000
0,0.000000,0.125000,0.125000,1.414836,0.067898,1579.428571,245.000000,54.057719,41.949412,27.028859,20.974706,40,20,0.125000,1000.000000,0.000000,25.000000,1.081849,0.000000
0,0.005507,0.500000,0.837838,2.481393,0.000000,3042.500000,0.000000,48.102156,0.000000,24.051078,0.000000,20,20,0.837838,1200.000000,0.000000,20.000000,0.963087,0.000000
0,0.000303,0.045455,0.060606,0.194947,0.387330,838.413223,452.937500,66.293086,80.796427,33.146543,40.398214,60,30,0.060606,1100.000000,0.000000,30.000000,1.325912,1.616103
0,0.000303,0.045455,0.060606,0.194947,0.387330,838.413223,452.937500,66.293086,80.796427,33.146543,40.398214,30,30,0.060606,1100.000000,0.000000,30.000000,1.325912,1.616103
0,0.000000,0.222222,0.222222,0.540969,0.015931,3495.750000,52.937500,76.337322,50.000000,38.168661,25.000000,70,30,0.222222,1000.000000,0.000000,35.000000,1.526796,0.000000
0,0.000000,0.105263,0.105263,0.109156,0.081042,325.959184,84.500000,53.297502,29.602876,26.648751,14.801438,40,20,0.105263,1000.000000,0.000000,25.000000,1.065975,0.000000
0,0.000000,0.222222,0.222222,0.540969,0.015931,3495.750000,52.937500,76.337322,50.000000,38.168661,25.000000,40,30,0.222222,1000.000000,0.000000,35.000000,1.526796,0.000000
0,0.000000,0.466667,0.466667,3.308357,0.080621,2185.545918,252.937500,71.337404,91.215855,35.668702,45.607928,40,20,0.466667,1000.000000,0.000000,35.000000,1.429256,1.824330
0,0.004333,0.250000,0.466667,0.235504,0.080621,383.913223,252.937500,69.972893,91.215855,34.986446,45.607928,30,30,0.466667,1100.000000,0.000000,30.000000,1.399530,1.824330
0,-0.003074,0.214286,0.060606,0.033577,0.387330,604.000000,452.937500,36.144928,80.796427,18.072464,40.398214,30,10,0.214286,1100.000000,0.000000,15.000000,0.722900,1.616103
0,0.004333,0.250000,0.466667,0.235504,0.080621,383.913223,252.937500,69.972893,91.215855,34.986446,45.607928,60,30,0.466667,1100.000000,0.000000,30.000000,1.399530,1.824330
0,-0.002156,0.214286,0.090909,0.064955,0.371399,171.000000,400.000000,61.608842,30.796427,30.804421,15.398214,20,20,0.214286,1200.000000,0.000000,30.000000,1.232204,0.000000
0,0.004333,0.250000,0.466667,0.235504,0.080621,383.913223,252.937500,69.972893,91.215855,34.986446,45.607928,30,30,0.466667,1100.000000,0.000000,30.000000,1.399530,1.824330
0,0.000000,0.125000,0.125000,0.038524,0.435351,3027.857778,600.000000,63.455773,26.221191,31.727887,13.110595,50,50,0.125000,1000.000000,0.000000,30.000000,1.269116,0.000000
0,0.000000,0.071429,0.071429,0.333444,0.093610,569.890625,341.326531,71.914811,75.791932,35.957405,37.895966,50,30,0.071429,1000.000000,0.000000,35.000000,1.438397,1.515852
0,0.000000,0.125000,0.125000,2.233963,0.000000,5460.777778,0.000000,55.004736,0.000000,27.502368,0.000000,50,40,0.125000,1000.000000,0.000000,25.000000,1.100816,0.000000
0,-0.011784,0.666667,0.071429,2.470965,0.006298,2327.312500,41.326531,41.911684,35.959879,20.955842,17.979940,30,10,0.666667,1200.000000,0.000000,20.000000,0.839554,0.000000
0,0.000000,0.062500,0.062500,0.327630,0.087312,2623.668403,300.000000,64.950367,39.832053,32.475183,19.916027,50,50,0.062500,1000.000000,0.000000,30.000000,1.299091,0.000000
0,0.000000,0.058824,0.058824,2.310895,0.000000,4594.555556,0.000000,57.776133,0.000000,28.888066,0.000000,80,40,0.058824,1000.000000,0.000000,25.000000,1.156248,0.000000
0,0.000000,0.437500,0.437500,0.027916,0.000000,2108.277778,0.000000,63.014413,0.000000,31.507207,0.000000,50,10,0.437500,1000.000000,0.000000,30.000000,1.260288,0.000000
0,0.000000,0.500000,0.500000,0.185048,0.675723,1374.215278,800.000000,56.478942,40.454427,28.239471,20.227214,50,50,0.500000,1000.000000,0.000000,25.000000,1.129593,0.000000
0,0.000000,0.214286,0.214286,0.472781,0.026883,4704.750000,63.000000,58.382996,35.714056,29.191498,17.857028,50,50,0.214286,1000.000000,0.000000,25.000000,1.167684,0.000000
0,0.000000,0.066667,0.066667,0.356550,0.067441,1010.350000,1587.000000,52.962430,29.734808,26.481215,14.867404,90,50,0.066667,1000.000000,0.000000,25.000000,1.059450,0.000000
0,0.000000,0.500000,0.500000,0.044569,0.000000,129.142222,0.000000,63.493809,0.000000,31.746905,0.000000,60,20,0.500000,1000.000000,0.000000,30.000000,1.269884,0.000000
0,0.000000,0.133333,0.133333,0.415052,0.177112,1452.510035,2187.000000,57.424415,68.639155,28.712207,34.319577,90,60,0.133333,1000.000000,0.000000,25.000000,1.148693,1.372795
0,0.000000,0.333333,0.333333,0.381466,0.743164,751.065278,2387.000000,58.193338,70.189235,29.096669,35.094618,90,50,0.333333,1000.000000,0.000000,25.000000,1.164074,1.404072
0,-0.001467,0.250000,0.166667,1.457993,0.050175,1522.831025,245.000000,57.895830,41.999680,28.947915,20.999840,40,20,0.250000,1200.000000,0.000000,25.000000,1.158629,0.000000
0,-0.007443,0.571429,0.125000,0.000000,0.066576,761.250000,300.000000,13.042016,39.986645,6.521008,19.993323,10,10,0.571429,1500.000000,0.000000,5.000000,0.260840,0.000000
0,0.000000,0.400000,0.400000,0.134265,0.374532,623.961111,488.888889,67.291980,25.785027,33.645990,12.892514,50,50,0.400000,1000.000000,0.000000,30.000000,1.345856,0.000000
0,0.000000,0.071429,0.071429,0.497697,0.702606,4445.465278,863.000000,63.613905,76.168483,31.806952,38.084242,50,50,0.071429,1000.000000,0.000000,30.000000,1.272308,1.523661
0,0.000000,0.045455,0.045455,0.138641,0.675723,659.385278,800.000000,64.207205,40.454427,32.103603,20.227214,50,20,0.045455,1000.000000,0.000000,30.000000,1.284160,0.000000
0,0.000000,0.200000,0.200000,0.039311,0.000000,294.771875,0.000000,71.527941,0.000000,35.763970,0.000000,50,40,0.200000,1000.000000,0.000000,35.000000,1.430562,0.000000
0,0.000000,0.625000,0.625000,0.115892,0.675723,584.687500,800.000000,60.996455,40.454427,30.498227,20.227214,60,50,0.625000,1000.000000,0.000000,30.000000,1.219941,0.000000
0,0.000000,0.066667,0.066667,0.113537,0.675723,687.065278,800.000000,70.197622,40.454427,35.098811,20.227214,50,50,0.066667,1000.000000,0.000000,35.000000,1.403963,0.000000
0,0.000000,0.133333,0.133333,0.402194,0.441973,687.961111,2075.888889,55.287696,55.519836,27.643848,27.759918,90,50,0.133333,1000.000000,0.000000,25.000000,1.105967,1.110542
0,0.000000,0.062500,0.062500,0.205777,0.374532,1311.111111,488.888889,53.573300,25.785027,26.786650,12.892514,50,50,0.062500,1000.000000,0.000000,25.000000,1.071486,0.000000
0,-0.000377,0.062500,0.041667,0.023786,0.358687,75.581633,507.000000,67.900790,37.436759,33.950395,18.718379,50,10,0.062500,1200.000000,0.000000,30.000000,1.358021,0.000000
0,0.000000,0.040000,0.040000,0.059936,0.300200,1165.060741,600.000000,60.653612,34.999977,30.326806,17.499988,30,20,0.040000,1000.000000,0.000000,30.000000,1.213078,0.000000
0,-0.001430,0.375000,0.291667,0.323499,0.756866,590.972258,907.000000,69.836744,67.435962,34.918372,33.717981,50,50,0.375000,1200.000000,0.000000,30.000000,1.396824,1.349044
0,0.000000,0.100000,0.100000,0.083469,1.055570,371.444444,1407.000000,66.525519,68.491486,33.262759,34.245743,100,70,0.100000,1000.000000,0.000000,30.000000,1.330520,1.370226
0,-0.000682,0.136364,0.100000,0.729332,0.398179,1359.668403,400.000000,67.862229,29.999204,33.931115,14.999602,50,50,0.136364,1200.000000,0.000000,30.000000,1.357440,0.000000
0,0.000000,0.071429,0.071429,0.084384,0.000000,430.222222,0.000000,63.572787,0.000000,31.786394,0.000000,50,50,0.071429,1000.000000,0.000000,30.000000,1.271473,0.000000
0,0.000000,0.125000,0.125000,0.779030,0.557711,1669.000000,931.000000,49.086364,65.138331,24.543182,32.569165,60,50,0.125000,1000.000000,0.000000,20.000000,0.981914,1.302958
0,0.000000,0.050000,0.050000,0.100586,0.196126,289.326048,847.000000,61.451542,39.960976,30.725771,19.980488,70,20,0.050000,1000.000000,0.000000,30.000000,1.229049,0.000000
0,0.000000,0.100000,0.100000,0.052203,0.696883,165.811308,900.000000,60.626756,31.054728,30.313378,15.527364,100,20,0.100000,1000.000000,0.000000,30.000000,1.212544,0.000000
0,0.000000,0.090909,0.090909,0.041964,0.000000,53.806864,0.000000,47.937477,0.000000,23.968739,0.000000,60,20,0.090909,1000.000000,0.000000,20.000000,0.958769,0.000000
0,0.000000,0.083333,0.083333,0.043796,0.435854,1473.101285,701.250000,65.360735,84.999977,32.680368,42.499988,60,30,0.083333,1000.000000,0.000000,30.000000,1.307215,1.700166
0,-0.001000,0.250000,0.200000,0.092958,0.196126,341.171875,847.000000,61.055453,39.960976,30.527727,19.980488,60,40,0.250000,1100.000000,0.000000,30.000000,1.221123,0.000000
0,0.000000,0.200000,0.200000,0.036063,0.832537,473.851852,1001.250000,65.333880,81.054728,32.666940,40.527364,100,60,0.200000,1000.000000,0.000000,30.000000,1.306682,1.621455
0,0.000000,0.041667,0.041667,0.130061,0.309612,5242.407407,901.250000,63.748248,100.000000,31.874124,50.000000,60,60,0.041667,1000.000000,0.000000,30.000000,1.274967,2.000110
0,0.000000,0.076923,0.076923,0.900788,0.000000,1804.750000,0.000000,72.923603,0.000000,36.461801,0.000000,100,50,0.076923,1000.000000,0.000000,35.000000,1.458732,0.000000
0,0.000000,0.041667,0.041667,0.077833,0.000000,410.307692,0.000000,74.006366,0.000000,37.003183,0.000000,50,30,0.041667,1000.000000,0.000000,35.000000,1.480145,0.000000
0,0.008977,0.187500,0.636364,0.218634,0.066021,2075.660035,64.000000,55.710019,39.995373,27.855009,19.997686,60,50,0.636364,1100.000000,0.000000,25.000000,1.114212,0.000000
0,0.000000,0.083333,0.083333,0.053856,0.424708,637.375000,571.000000,67.426612,77.432131,33.713306,38.716066,70,70,0.083333,1000.000000,0.000000,30.000000,1.348537,1.548804
0,-0.001716,0.545455,0.434783,0.327323,0.160401,1192.250000,488.888889,50.542557,40.636723,25.271279,20.318361,40,30,0.545455,1200.000000,0.000000,25.000000,1.010965,0.000000
0,0.000000,0.272727,0.272727,0.064740,0.300200,1150.133878,600.000000,54.988708,34.999977,27.494354,17.499988,60,30,0.272727,1000.000000,0.000000,25.000000,1.099789,0.000000
0,0.010523,0.090909,0.636364,2.240009,0.196126,3549.222222,847.000000,60.145628,39.960976,30.072814,19.980488,50,40,0.636364,1200.000000,0.000000,30.000000,1.203637,0.000000
0,0.006500,0.375000,0.800000,0.453405,0.358687,874.859410,507.000000,69.883826,37.436759,34.941913,18.718379,50,50,0.875000,1200.000000,0.000000,30.000000,1.397794,0.000000
0,0.000141,0.352941,0.360000,0.138568,0.066021,1278.268059,64.000000,36.680715,39.995373,18.340358,19.997686,60,10,0.360000,1100.000000,0.000000,15.000000,0.733622,0.000000
0,-0.000417,0.062500,0.041667,0.279984,0.201675,1933.910035,165.250000,62.356772,89.995373,31.178386,44.997686,60,50,0.062500,1100.000000,0.000000,30.000000,1.247158,1.800032
0,0.000000,0.375000,0.375000,0.057481,0.497407,361.500000,1007.000000,57.246443,77.335587,28.623222,38.667793,70,20,0.375000,1000.000000,0.000000,25.000000,1.144934,1.546858
0,-0.000219,0.052632,0.041667,0.135738,0.173958,722.637153,800.000000,63.040169,50.000000,31.520085,25.000000,50,40,0.052632,1100.000000,0.000000,30.000000,1.260816,0.000000
0,0.001286,0.562500,0.642857,0.023880,0.025035,59.781247,98.000000,64.558212,50.000000,32.279106,25.000000,40,10,0.642857,1200.000000,0.000000,30.000000,1.291171,0.000000
0,0.000000,0.066667,0.066667,0.423742,0.626592,3977.320000,1300.000000,71.476984,80.727698,35.738492,40.363849,110,70,0.066667,1000.000000,0.000000,35.000000,1.429563,1.614783
0,-0.005758,0.500000,0.142857,0.626995,0.000000,5835.938272,0.000000,50.586814,0.000000,25.293407,0.000000,90,10,0.500000,1200.000000,0.000000,25.000000,1.011770,0.000000
0,-0.000790,0.181818,0.137931,0.299713,0.114037,560.390625,400.000000,65.879193,39.204764,32.939596,19.602382,50,10,0.181818,1300.000000,0.000000,30.000000,1.317667,0.000000
0,-0.000853,0.294118,0.238095,0.023880,0.025035,62.201000,98.000000,56.594713,50.000000,28.297357,25.000000,40,10,0.294118,1200.000000,0.000000,25.000000,1.131901,0.000000
0,-0.003147,0.666667,0.470588,0.213843,0.025035,507.413223,98.000000,75.187476,50.000000,37.593738,25.000000,40,30,0.666667,1500.000000,0.000000,35.000000,1.503805,0.000000
0,-0.000757,0.133333,0.066667,0.217889,0.025035,2789.083333,98.000000,73.603263,50.000000,36.801632,25.000000,70,40,0.133333,1400.000000,0.000000,35.000000,1.472076,0.000000
0,-0.000221,0.080000,0.068966,0.084978,0.021377,1191.001570,32.490000,75.528626,31.868811,37.764313,15.934405,30,30,0.080000,1100.000000,0.000000,35.000000,1.510589,0.000000
0,-0.000248,0.062500,0.047619,0.095860,0.432130,277.920000,400.000000,62.222489,29.999600,31.111245,14.999800,60,20,0.062500,1200.000000,0.000000,30.000000,1.244466,0.000000
0,0.001286,0.562500,0.642857,0.023880,0.025035,59.781247,98.000000,64.558212,50.000000,32.279106,25.000000,60,10,0.642857,1200.000000,0.000000,30.000000,1.291171,0.000000
0,0.001286,0.562500,0.642857,0.023880,0.025035,59.781247,98.000000,64.558212,50.000000,32.279106,25.000000,90,10,0.642857,1200.000000,0.000000,30.000000,1.291171,0.000000
0,0.000000,0.666667,0.666667,0.063716,0.043297,301.500000,80.000000,54.135335,31.995977,27.067667,15.997989,30,10,0.666667,1000.000000,0.000000,25.000000,1.082723,0.000000
0,-0.000308,0.083333,0.066667,0.626995,0.000000,5838.358025,0.000000,42.623316,0.000000,21.311658,0.000000,90,10,0.083333,1200.000000,0.000000,20.000000,0.852500,0.000000
0,0.001286,0.562500,0.642857,0.023880,0.025035,59.781247,98.000000,64.558212,50.000000,32.279106,25.000000,60,10,0.642857,1200.000000,0.000000,30.000000,1.291171,0.000000
0,-0.003147,0.666667,0.470588,0.213843,0.025035,507.413223,98.000000,75.187476,50.000000,37.593738,25.000000,60,40,0.666667,1500.000000,0.000000,35.000000,1.503805,0.000000
0,-0.000853,0.294118,0.238095,0.023880,0.025035,62.201000,98.000000,56.594713,50.000000,28.297357,25.000000,60,10,0.294118,1200.000000,0.000000,25.000000,1.131901,0.000000
0,-0.001588,0.270270,0.066667,0.554079,0.025035,509.968980,98.000000,18.967523,50.000000,9.483761,25.000000,20,20,0.270270,1900.000000,0.000000,5.000000,0.379654,0.000000
0,-0.003147,0.666667,0.470588,0.213843,0.025035,507.413223,98.000000,75.187476,50.000000,37.593738,25.000000,40,30,0.666667,1500.000000,0.000000,35.000000,1.503805,0.000000
0,-0.000757,0.133333,0.066667,0.217889,0.025035,2789.083333,98.000000,73.603263,50.000000,36.801632,25.000000,70,40,0.133333,1400.000000,0.000000,35.000000,1.472076,0.000000
0,-0.001775,0.857143,0.733333,0.033730,0.000000,54.500000,0.000000,69.978857,0.000000,34.989428,0.000000,30,10,0.857143,1300.000000,0.000000,30.000000,1.399595,0.000000
0,-0.000853,0.294118,0.238095,0.023880,0.025035,62.201000,98.000000,56.594713,50.000000,28.297357,25.000000,60,10,0.294118,1200.000000,0.000000,25.000000,1.131901,0.000000
0,0.000000,0.411765,0.411765,0.607889,0.114037,2123.875000,400.000000,66.556578,39.204764,33.278289,19.602382,80,30,0.411765,1000.000000,0.000000,30.000000,1.331231,0.000000
0,-0.000757,0.133333,0.066667,3.265473,0.025035,2789.083333,98.000000,73.603263,50.000000,36.801632,25.000000,70,20,0.133333,1400.000000,0.000000,35.000000,1.474549,0.000000
0,-0.003147,0.666667,0.470588,3.272026,0.025035,2210.416667,98.000000,74.949088,50.000000,37.474544,25.000000,50,20,0.666667,1400.000000,0.000000,35.000000,1.501466,0.000000
0,0.003286,0.437500,0.642857,0.000000,0.000000,36.296296,0.000000,21.152925,0.000000,10.576463,0.000000,10,10,0.642857,1200.000000,0.000000,10.000000,0.423059,0.000000
0,-0.000853,0.294118,0.238095,0.023880,0.025035,62.201000,98.000000,56.594713,50.000000,28.297357,25.000000,90,10,0.294118,1200.000000,0.000000,25.000000,1.131901,0.000000
0,0.000000,0.029412,0.029412,1.725103,0.410336,4246.743802,900.000000,63.751218,44.444444,31.875609,22.222222,80,70,0.029412,1000.000000,0.000000,30.000000,1.275398,0.000000
0,0.004078,0.142857,0.344828,0.225685,0.035122,399.802469,1132.444444,69.827006,38.210549,34.913503,19.105274,60,50,0.344828,1200.000000,0.000000,30.000000,1.396604,0.000000
0,0.000000,0.230769,0.230769,1.712375,0.454468,3959.131557,1081.500000,49.254808,85.050612,24.627404,42.525306,80,10,0.230769,1000.000000,0.000000,20.000000,0.985470,1.701111
0,0.000000,0.055556,0.055556,0.021177,0.008348,343.120000,64.000000,55.421071,39.999971,27.710536,19.999985,90,70,0.055556,1000.000000,0.000000,25.000000,1.108423,0.000000
0,0.000000,0.333333,0.333333,0.031911,0.383961,95.854694,793.000000,63.736756,84.444415,31.868378,42.222208,90,60,0.333333,1000.000000,0.000000,30.000000,1.274740,1.688986
0,-0.000890,0.153846,0.105263,1.042090,0.035122,1774.330247,1132.444444,79.177821,38.210549,39.588911,19.105274,100,60,0.153846,1200.000000,0.000000,35.000000,1.583863,0.000000
0,-0.001427,0.142857,0.052632,0.014300,0.063312,695.250000,400.000000,20.054928,39.204795,10.027464,19.602398,40,10,0.166667,1800.000000,0.000000,10.000000,0.401101,0.000000
0,0.000278,0.031250,0.055556,0.131630,0.418685,5297.375000,964.000000,66.966593,84.444415,33.483296,42.222208,70,60,0.083333,1200.000000,0.000000,30.000000,1.339334,1.688982
0,-0.003758,0.375000,0.166667,0.114818,0.785949,630.965278,1629.000000,63.043743,88.888889,31.521871,44.444444,50,30,0.375000,1300.000000,0.000000,30.000000,1.260885,1.777968
0,0.000000,0.466667,0.466667,0.146529,0.006141,591.924375,59.888889,45.523053,38.158671,22.761527,19.079336,120,10,0.466667,1000.000000,0.000000,20.000000,0.910480,0.000000
0,0.000000,0.038462,0.038462,0.012728,0.044131,352.387755,181.500000,34.451435,40.606168,17.225718,20.303084,70,10,0.038462,1000.000000,0.000000,15.000000,0.689029,0.000000
0,-0.000222,0.066667,0.055556,0.167936,0.008348,1316.013333,64.000000,62.108436,39.999971,31.054218,19.999985,70,40,0.066667,1500.000000,0.000000,30.000000,1.242189,0.000000
0,0.000000,0.166667,0.166667,0.094502,0.458916,197.734694,825.000000,74.102881,66.180887,37.051441,33.090444,80,60,0.166667,1000.000000,0.000000,35.000000,1.482082,1.323751
0,0.000000,0.029412,0.029412,0.297127,0.051183,812.897778,95.305785,64.458293,31.115475,32.229146,15.557737,70,50,0.029412,1000.000000,0.000000,30.000000,1.289248,0.000000
0,0.000000,0.200000,0.200000,0.181022,0.068219,420.484375,420.571429,79.517693,82.061708,39.758846,41.030854,90,30,0.200000,1000.000000,0.000000,35.000000,1.590398,1.641240
0,0.000000,0.052632,0.052632,0.159257,0.000000,893.440000,0.000000,58.535393,0.000000,29.267696,0.000000,120,70,0.052632,1000.000000,0.000000,25.000000,1.170727,0.000000
0,0.000000,0.055556,0.055556,0.200229,0.438925,429.219069,1129.000000,72.433792,83.649240,36.216896,41.824620,90,60,0.055556,1000.000000,0.000000,35.000000,1.448723,1.673087
0,-0.000281,0.066667,0.052632,0.031545,0.000000,957.583333,0.000000,77.788270,0.000000,38.894135,0.000000,110,90,0.066667,1100.000000,0.000000,35.000000,1.555770,0.000000
0,0.000000,0.277778,0.277778,0.023462,0.419744,105.122449,910.500000,42.767120,85.050612,21.383560,42.525306,60,10,0.277778,1000.000000,0.000000,20.000000,0.855346,1.701114
0,0.000000,0.052632,0.052632,0.146529,0.044131,605.827755,181.500000,44.038983,40.606168,22.019492,20.303084,120,10,0.052632,1000.000000,0.000000,20.000000,0.880798,0.000000
0,0.000000,0.500000,0.500000,0.276295,0.000000,694.940000,0.000000,60.685920,0.000000,30.342960,0.000000,120,60,0.500000,1000.000000,0.000000,30.000000,1.213806,0.000000
0,0.000000,0.214286,0.214286,0.057125,0.000000,214.666667,0.000000,36.941584,0.000000,18.470792,0.000000,40,10,0.214286,1000.000000,0.000000,15.000000,0.738844,0.000000
0,0.000578,0.500000,0.388889,0.244170,0.593655,782.680000,564.000000,68.070600,71.949412,34.035300,35.974706,40,40,0.500000,1600.000000,0.000000,30.000000,1.361460,1.439334
0,-0.000385,0.269231,0.250000,0.284399,0.048924,525.285533,261.583333,49.961883,82.410003,24.980942,41.205002,50,10,0.269231,1100.000000,0.000000,20.000000,0.999320,1.648205
0,0.008266,0.333333,0.714286,0.261893,0.151788,1021.000000,480.083333,57.784837,85.272109,28.892419,42.636054,20,10,0.714286,1500.000000,0.000000,25.000000,1.155971,1.705467
0,0.000333,0.066667,0.083333,0.008449,0.024643,41.604375,197.333333,42.408732,78.899919,21.204366,39.449960,90,10,0.083333,1100.000000,0.000000,20.000000,0.848176,1.578000
0,-0.001944,0.222222,0.125000,0.320731,0.587853,608.484375,500.000000,78.591120,31.949414,39.295560,15.974707,90,30,0.222222,1100.000000,0.000000,35.000000,1.571907,0.000000
0,0.000833,0.333333,0.375000,0.761528,0.362838,1429.625000,500.000000,55.538617,31.995977,27.769309,15.997989,80,20,0.375000,1200.000000,0.000000,25.000000,1.111055,0.000000
0,0.000000,0.250000,0.250000,1.008302,0.038082,1641.437500,205.083333,55.594182,80.827343,27.797091,40.413671,60,10,0.250000,1000.000000,0.000000,25.000000,1.112196,1.616551
0,0.000000,0.333333,0.333333,0.057125,0.021271,170.444444,117.555556,60.549832,42.075553,30.274916,21.037776,40,10,0.333333,1000.000000,0.000000,30.000000,1.211009,0.000000
0,0.000000,0.222222,0.222222,1.020567,0.018251,1710.104167,80.083333,69.405198,40.827664,34.702599,20.413832,60,50,0.222222,1000.000000,0.000000,30.000000,1.388417,0.000000
0,0.004306,0.222222,0.437500,0.182819,0.362838,4465.770000,500.000000,70.594265,31.995977,35.297132,15.997989,90,30,0.437500,1100.000000,0.000000,35.000000,1.411927,0.000000
0,0.003898,0.222222,0.555556,0.010608,0.024053,1838.080000,144.083333,67.469778,80.827662,33.734889,40.413831,50,10,0.583333,1500.000000,0.000000,30.000000,1.349396,1.616556
0,0.000000,0.333333,0.333333,0.149104,0.587853,792.506173,500.000000,36.470291,31.949414,18.235145,15.974707,100,10,0.333333,1000.000000,0.000000,15.000000,0.729425,0.000000
0,0.000000,0.333333,0.333333,0.009081,0.005802,248.120000,64.000000,44.232935,39.999998,22.116467,19.999999,100,10,0.333333,1000.000000,0.000000,20.000000,0.884660,0.000000
0,-0.000227,0.136364,0.125000,0.293383,0.018251,514.199553,80.083333,81.092876,40.827664,40.546438,20.413832,100,50,0.136364,1100.000000,0.000000,40.000000,1.621941,0.000000
0,-0.000243,0.090909,0.076923,0.033962,0.606104,1070.222222,580.083333,71.240484,72.777078,35.620242,36.388539,50,10,0.100000,1500.000000,0.000000,35.000000,1.424813,1.455889
0,0.000000,0.083333,0.083333,0.026564,0.018840,272.320000,133.333333,40.616158,38.899922,20.308079,19.449961,20,10,0.083333,1000.000000,0.000000,20.000000,0.812331,0.000000
0,0.000669,0.043478,0.076923,0.176767,0.618526,388.872130,681.500000,49.621697,73.531753,24.810849,36.765876,90,10,0.076923,1100.000000,0.000000,20.000000,0.992478,1.470983
0,0.000000,0.100000,0.100000,0.345533,0.587853,1367.506173,500.000000,66.284107,31.949414,33.142054,15.974707,100,30,0.100000,1000.000000,0.000000,30.000000,1.325726,0.000000
0,0.000000,0.166667,0.166667,0.149104,0.609124,603.506173,617.555556,65.050445,74.024967,32.525223,37.012483,100,10,0.166667,1000.000000,0.000000,30.000000,1.301028,1.480847
0,0.006476,0.181818,0.500000,0.066501,0.587853,200.000000,500.000000,70.413235,31.949414,35.206617,15.974707,60,40,0.500000,1400.000000,0.000000,35.000000,1.408276,0.000000
0,-0.000476,0.166667,0.142857,0.080020,0.034863,1494.160494,176.083333,57.905488,79.375396,28.952744,39.687698,70,40,0.166667,1200.000000,0.000000,25.000000,1.158112,1.587511
0,0.000333,0.066667,0.083333,0.176767,0.606693,374.968750,633.333333,51.105768,70.849336,25.552884,35.424668,90,10,0.083333,1100.000000,0.000000,25.000000,1.022159,1.417334
0,-0.000533,0.066667,0.040000,0.208477,0.287418,502.918519,687.250000,76.777065,81.169426,38.388532,40.584713,110,70,0.066667,1300.000000,0.000000,35.000000,1.535589,1.623460
0,0.002400,0.600000,0.750000,0.008984,0.092761,39.786150,290.543210,52.570089,35.525711,26.285044,17.762855,100,10,0.750000,1200.000000,0.000000,25.000000,1.051404,0.000000
0,0.000429,0.928571,0.950000,0.818893,0.128388,2950.557402,500.000000,36.396184,39.363542,18.198092,19.681771,100,10,0.950000,1100.000000,0.000000,15.000000,0.728040,0.000000
0,0.000000,0.111111,0.111111,0.110746,0.139189,1164.500000,297.903061,45.945928,79.537493,22.972964,39.768747,100,10,0.111111,1000.000000,0.000000,20.000000,0.918935,1.590798
0,0.000145,0.153846,0.166667,0.191805,0.092761,419.595486,290.543210,42.800113,35.525711,21.400056,17.762855,90,10,0.181818,1200.000000,0.000000,20.000000,0.856048,0.000000
0,-0.001641,0.250000,0.133333,0.180343,0.131661,414.074074,181.500000,49.916081,41.663272,24.958040,20.831636,70,10,0.250000,1300.000000,0.000000,20.000000,0.998367,0.000000
0,0.004157,0.250000,0.538462,1.439995,0.000000,1064.250000,0.000000,69.197546,0.000000,34.598773,0.000000,90,80,0.545455,1300.000000,0.000000,30.000000,1.384951,0.000000
0,-0.000249,0.090909,0.076923,5.102391,0.052251,7926.743802,296.236686,62.272505,84.829514,31.136252,42.414757,80,30,0.090909,1200.000000,0.000000,30.000000,1.247260,1.696595
0,-0.000649,0.210526,0.166667,0.230693,0.174541,1051.826389,437.500000,58.804209,86.107717,29.402104,43.053858,50,50,0.217391,1500.000000,0.000000,25.000000,1.176110,1.722206
0,-0.000667,0.333333,0.300000,0.021189,0.000000,107.656463,0.000000,77.502936,0.000000,38.751468,0.000000,110,50,0.333333,1100.000000,0.000000,35.000000,1.550061,0.000000
0,-0.005231,1.000000,0.600000,0.395608,0.042880,3888.475556,256.000000,44.616000,44.444444,22.308000,22.222222,70,10,1.000000,1300.000000,0.000000,20.000000,0.892340,0.000000
0,-0.003333,0.500000,0.333333,0.196069,0.131661,434.733728,181.500000,90.406780,41.663272,45.203390,20.831636,90,40,0.500000,1100.000000,0.000000,45.000000,1.808180,0.000000
0,-0.000274,0.153846,0.137931,0.230053,0.170332,622.817507,363.000000,41.674368,83.323233,20.837184,41.661617,80,10,0.153846,1200.000000,0.000000,20.000000,0.833532,1.666517
0,-0.000167,0.050000,0.041667,1.751231,0.171267,8140.513802,756.000000,70.924625,83.807986,35.462312,41.903993,90,80,0.050000,1200.000000,0.000000,35.000000,1.418866,1.676180
0,0.003287,0.086957,0.333333,0.219134,0.131661,379.887939,181.500000,80.260584,41.663272,40.130292,20.831636,60,30,0.500000,1400.000000,0.000000,40.000000,1.605276,0.000000
0,0.000000,0.166667,0.166667,0.143759,0.942171,379.640625,2592.000000,42.817551,39.965639,21.408776,19.982820,140,10,0.166667,1100.000000,0.000000,20.000000,0.856379,0.000000
0,0.000000,0.500000,0.500000,0.404073,0.942171,899.148148,2592.000000,32.567458,39.965639,16.283729,19.982820,150,10,0.500000,1000.000000,0.000000,15.000000,0.651443,0.000000
0,-0.000556,0.250000,0.222222,1.111896,0.112306,3570.335180,500.000000,64.767165,39.949391,32.383583,19.974695,130,100,0.250000,1200.000000,0.000000,30.000000,1.295521,0.000000
0,0.000000,0.500000,0.500000,0.670745,0.112306,3356.470588,500.000000,63.235065,39.949391,31.617532,19.974695,120,20,0.500000,1000.000000,0.000000,30.000000,1.264770,0.000000
0,0.000000,0.181818,0.181818,2.494803,0.001600,5450.000000,16.000000,74.698797,40.000000,37.349399,20.000000,110,40,0.181818,1100.000000,0.000000,35.000000,1.494547,0.000000
0,0.000410,0.133333,0.153846,0.550375,0.112306,2686.072562,500.000000,73.415863,39.949391,36.707931,19.974695,110,40,0.153846,1100.000000,0.000000,35.000000,1.468374,0.000000
0,-0.000635,0.142857,0.111111,0.607842,0.112306,3022.888889,500.000000,69.290483,39.949391,34.645242,19.974695,110,110,0.142857,1100.000000,0.000000,30.000000,1.385871,0.000000
0,0.000000,0.166667,0.166667,0.707483,0.115321,3565.470588,604.595556,66.819967,78.289080,33.409984,39.144540,120,80,0.166667,1000.000000,0.000000,30.000000,1.336470,1.565794
0,-0.003372,0.285714,0.055556,0.348208,0.943770,1744.910035,2608.000000,63.334762,79.965639,31.667381,39.982820,90,60,0.400000,1600.000000,0.000000,30.000000,1.266748,1.599484
0,0.000000,0.166667,0.166667,0.026995,0.105688,66.235556,350.432099,44.710291,74.237424,22.355146,37.118712,40,10,0.166667,1000.000000,0.000000,20.000000,0.894214,1.484767
0,-0.008056,0.833333,0.375000,0.818893,0.116521,2906.335180,594.254132,60.004432,80.474828,30.002216,40.237414,100,10,0.833333,1200.000000,0.000000,30.000000,1.200205,1.609509
0,-0.000635,0.142857,0.111111,0.607842,0.112306,3022.888889,500.000000,69.290483,39.949391,34.645242,19.974695,140,110,0.142857,1100.000000,0.000000,30.000000,1.385871,0.000000
0,-0.000207,0.071429,0.060606,0.821939,0.158957,2909.392958,585.750000,67.655516,75.663219,33.827758,37.831610,100,20,0.071429,1200.000000,0.000000,30.000000,1.353227,1.513290
0,-0.000635,0.142857,0.111111,0.607842,0.112306,3022.888889,500.000000,69.290483,39.949391,34.645242,19.974695,110,90,0.142857,1100.000000,0.000000,30.000000,1.385871,0.000000
0,0.002395,0.125000,0.300000,0.756721,0.988821,1085.387755,2677.750000,37.404129,75.679468,18.702065,37.839734,120,10,0.360000,1300.000000,0.000000,15.000000,0.748354,1.513773
0,-0.000635,0.142857,0.111111,0.607842,0.112306,3022.888889,500.000000,69.290483,39.949391,34.645242,19.974695,110,110,0.142857,1100.000000,0.000000,30.000000,1.385871,0.000000
0,0.000000,0.642857,0.642857,0.011863,0.020967,71.419501,276.543210,51.761221,37.876618,25.880611,18.938309,50,10,0.642857,1000.000000,0.000000,25.000000,1.035226,0.000000
0,0.000000,0.250000,0.250000,0.003047,0.040044,51.057778,210.750000,61.872096,82.402740,30.936048,41.201370,20,10,0.250000,1300.000000,0.000000,30.000000,1.237442,1.648059
0,0.009286,0.250000,0.714286,0.003317,0.314267,100.500000,500.000000,56.670040,39.995952,28.335020,19.997976,80,10,0.714286,1100.000000,0.000000,25.000000,1.133401,0.000000
0,0.000000,0.222222,0.222222,1.247786,0.098489,1179.863946,400.000000,37.174081,39.999600,18.587041,19.999800,20,10,0.222222,1000.000000,0.000000,15.000000,0.744157,0.000000
0,-0.000684,0.125000,0.222222,0.017865,0.180065,493.375000,514.000000,56.389972,64.974122,28.194986,32.487061,70,60,0.666667,1600.000000,0.000000,25.000000,1.127800,1.299514
0,0.000000,0.166667,0.166667,0.063139,0.018074,176.000000,64.000000,52.966091,30.006285,26.483045,15.003142,110,10,0.166667,1200.000000,0.000000,25.000000,1.059334,0.000000
0,0.000000,0.272727,0.272727,0.065018,0.000000,227.863946,0.000000,45.411961,0.000000,22.705981,0.000000,80,10,0.272727,1000.000000,0.000000,20.000000,0.908250,0.000000
0,0.000000,0.500000,0.500000,0.009081,0.039817,35.120000,189.000000,69.817206,70.006285,34.908603,35.003142,100,10,0.500000,1300.000000,0.000000,30.000000,1.396346,1.400130
0,0.004260,0.400000,1.000000,0.043622,0.000000,124.307692,0.000000,54.041641,0.000000,27.020821,0.000000,30,10,1.000000,1600.000000,0.000000,25.000000,1.080849,0.000000
0,0.009286,0.250000,0.714286,0.003317,0.314267,100.500000,500.000000,56.670040,39.995952,28.335020,19.997976,60,10,0.714286,1100.000000,0.000000,25.000000,1.133401,0.000000
0,-0.000752,0.166667,0.111111,0.071040,0.180293,157.387755,535.750000,51.290787,77.370578,25.645393,38.685289,80,10,0.166667,1400.000000,0.000000,25.000000,1.025836,1.547443
0,0.000000,0.055556,0.055556,0.027453,0.018074,157.170068,64.000000,49.793595,30.006285,24.896797,15.003142,130,10,0.055556,1000.000000,0.000000,20.000000,0.995875,0.000000
0,0.000000,0.500000,0.500000,0.000000,0.024430,52.863946,38.720000,9.161995,16.970551,4.580997,8.485275,10,10,0.500000,1000.000000,0.000000,0.000000,0.183240,0.000000
0,0.000000,0.285714,0.285714,0.011430,0.029538,43.863946,81.250000,45.990957,34.101951,22.995478,17.050975,20,10,0.285714,1000.000000,0.000000,20.000000,0.919823,0.000000
0,0.000000,0.166667,0.166667,0.000000,0.000000,38.888889,0.000000,43.140095,0.000000,21.570047,0.000000,10,10,0.166667,1100.000000,0.000000,20.000000,0.862802,0.000000
0,0.000000,0.625000,0.625000,0.004322,0.027271,52.608889,105.062500,43.569295,40.459038,21.784648,20.229519,20,10,0.625000,1100.000000,0.000000,20.000000,0.871386,0.000000
0,0.000604,0.444444,0.500000,0.008449,0.036375,55.507755,149.750000,40.924662,72.409025,20.462331,36.204513,90,10,0.533333,1400.000000,0.000000,20.000000,0.818495,1.448185
0,0.000000,0.066667,0.066667,0.762097,0.060122,3784.863946,256.000000,48.671100,50.000000,24.335550,25.000000,120,10,0.066667,1000.000000,0.000000,20.000000,0.973499,0.000000
0,0.000000,0.166667,0.166667,0.061894,0.000000,272.863946,0.000000,50.525806,0.000000,25.262903,0.000000,110,10,0.166667,1000.000000,0.000000,25.000000,1.010524,0.000000
0,0.000000,0.200000,0.200000,0.836021,0.052885,3777.230000,256.000000,45.257003,50.000000,22.628501,25.000000,130,10,0.200000,1000.000000,0.000000,20.000000,0.905233,0.000000
0,0.000000,1.000000,1.000000,1.495581,0.000000,1913.444444,0.000000,61.904846,0.000000,30.952423,0.000000,70,10,1.000000,1000.000000,0.000000,30.000000,1.238729,0.000000
0,0.000000,1.000000,1.000000,0.021095,0.420046,463.222222,180.000000,69.053262,30.000064,34.526631,15.000032,90,10,1.000000,1000.000000,0.000000,30.000000,1.381066,0.000000
0,0.005238,0.166667,0.428571,1.247786,0.020436,1177.000000,102.720000,28.012086,84.883514,14.006043,42.441757,20,10,0.428571,1200.000000,0.000000,10.000000,0.560917,1.697672
0,0.000000,1.000000,1.000000,0.044066,0.000000,340.604938,0.000000,66.610218,0.000000,33.305109,0.000000,70,10,1.000000,1100.000000,0.000000,30.000000,1.332209,0.000000
0,0.000000,0.583333,0.583333,0.476613,0.052717,2141.722222,353.632653,70.400020,36.946855,35.200010,18.473427,90,70,0.583333,1000.000000,0.000000,35.000000,1.408058,0.000000
0,-0.000205,0.076923,0.066667,0.341976,0.000000,660.230000,0.000000,37.977966,0.000000,18.988983,0.000000,90,10,0.076923,1100.000000,0.000000,15.000000,0.759651,0.000000
0,-0.001212,0.444444,0.333333,0.038829,0.025685,127.986667,236.082645,80.011445,35.772169,40.005722,17.886085,50,20,0.444444,1500.000000,0.000000,40.000000,1.600237,0.000000
0,-0.002398,0.363636,0.200000,3.419071,0.000000,4028.000000,0.000000,56.506962,0.000000,28.253481,0.000000,30,20,0.363636,1600.000000,0.000000,25.000000,1.131591,0.000000
0,0.000000,0.142857,0.142857,0.051604,0.051499,227.854938,256.000000,80.200299,41.052672,40.100150,20.526336,70,70,0.142857,1100.000000,0.000000,40.000000,1.604012,0.000000
0,0.000000,0.181818,0.181818,19.948179,0.101094,30432.222222,400.000000,69.477986,39.078407,34.738993,19.539203,80,60,0.181818,1100.000000,0.000000,30.000000,1.396106,0.000000
0,0.000000,0.200000,0.200000,0.116124,0.034319,145.000000,151.880000,69.390290,92.499997,34.695145,46.249999,40,30,0.200000,1000.000000,0.000000,30.000000,1.387874,1.850004
0,0.000000,0.400000,0.400000,0.085158,0.000000,280.687500,0.000000,80.504902,0.000000,40.252451,0.000000,90,70,0.400000,1000.000000,0.000000,40.000000,1.610111,0.000000
0,0.000000,0.750000,0.750000,0.009074,0.092417,50.375000,450.000000,48.543456,39.968182,24.271728,19.984091,130,10,0.750000,1100.000000,0.000000,20.000000,0.970870,0.000000
0,0.000000,0.071429,0.071429,0.036192,0.037129,242.333333,169.062500,73.278277,84.373946,36.639138,42.186973,50,40,0.071429,1000.000000,0.000000,35.000000,1.465570,1.687483
0,-0.000692,0.125000,0.041667,0.135609,0.000000,213.887755,0.000000,47.330022,0.000000,23.665011,0.000000,20,10,0.125000,1700.000000,0.000000,20.000000,0.946651,0.000000
0,0.000000,0.100000,0.100000,0.175974,0.064108,3484.666667,270.750000,66.844965,40.524291,33.422482,20.262146,140,80,0.100000,1000.000000,0.000000,30.000000,1.336906,0.000000
0,-0.007500,0.500000,0.125000,0.170692,0.000000,196.500000,0.000000,63.397197,0.000000,31.698599,0.000000,120,50,0.500000,1200.000000,0.000000,30.000000,1.268019,0.000000
0,-0.006000,0.500000,0.200000,0.556794,0.086561,1805.326531,500.000000,70.780334,39.999360,35.390167,19.999680,130,100,0.500000,1100.000000,0.000000,35.000000,1.415693,0.000000
0,-0.000410,0.076923,0.041667,4.876410,0.000000,1636.328889,0.000000,76.936306,0.000000,38.468153,0.000000,50,30,0.076923,1500.000000,0.000000,35.000000,1.546232,0.000000
0,0.000952,0.666667,0.714286,0.000055,0.000000,68.328889,0.000000,47.461328,0.000000,23.730664,0.000000,30,10,0.714286,1500.000000,0.000000,20.000000,0.949227,0.000000
0,-0.000800,0.250000,0.200000,0.007438,0.076042,84.000000,506.250000,71.809918,39.646234,35.904959,19.823117,50,20,0.250000,1300.000000,0.000000,35.000000,1.436199,0.000000
0,-0.000502,0.266667,0.235294,0.013739,0.032903,101.230000,182.822400,44.184914,39.663814,22.092457,19.831907,60,10,0.266667,1200.000000,0.000000,20.000000,0.883699,0.000000
0,-0.005683,0.600000,0.142857,0.016983,0.004381,384.000000,28.639053,64.347431,42.006150,32.173715,21.003075,70,30,0.666667,1700.000000,0.000000,30.000000,1.286949,0.000000
0,0.000000,0.571429,0.571429,0.001828,0.001163,36.111111,30.375000,38.181639,26.705447,19.090819,13.352723,40,10,0.571429,1000.000000,0.000000,15.000000,0.763633,0.000000
0,-0.000182,0.100000,0.090909,0.589451,0.093251,1876.000000,500.000000,75.791699,39.999949,37.895850,19.999975,100,60,0.100000,1200.000000,0.000000,35.000000,1.515927,0.000000
0,0.000000,0.166667,0.166667,0.023096,0.285739,181.816327,141.750000,66.436703,17.142839,33.218352,8.571419,90,60,0.166667,1100.000000,0.000000,30.000000,1.328736,0.000000
0,0.000000,0.076923,0.076923,1.600865,0.114330,4108.000000,309.917355,67.568260,35.314009,33.784130,17.657005,90,80,0.076923,1000.000000,0.000000,30.000000,1.351709,0.000000
0,-0.002267,0.500000,0.333333,0.108756,0.000000,396.604938,0.000000,79.416451,0.000000,39.708225,0.000000,140,70,0.500000,1300.000000,0.000000,35.000000,1.588344,0.000000
0,-0.000357,0.142857,0.125000,0.014984,0.310124,172.444444,198.000000,73.446144,53.897203,36.723072,26.948602,50,30,0.142857,1200.000000,0.000000,35.000000,1.468924,1.078237
0,0.000000,0.500000,0.500000,0.101828,0.440851,257.000000,729.000000,45.282719,35.555527,22.641359,17.777764,60,10,0.500000,1000.000000,0.000000,20.000000,0.905676,0.000000
0,-0.001010,0.200000,0.142857,0.101862,0.298798,225.333333,267.750000,63.510142,62.913923,31.755071,31.456961,50,30,0.200000,1200.000000,0.000000,30.000000,1.270268,1.258567
0,0.000000,0.857143,0.857143,0.504066,0.124548,697.111111,537.777778,34.713987,35.681770,17.356993,17.840885,160,10,0.857143,1000.000000,0.000000,15.000000,0.694465,0.000000
0,0.000000,0.142857,0.142857,0.908580,0.136485,4194.000000,444.361800,73.073009,77.314498,36.536505,38.657249,100,80,0.142857,1100.000000,0.000000,35.000000,1.461844,1.546313
0,-0.008381,0.857143,0.333333,0.051198,0.046090,212.604938,1027.222222,78.320504,38.196227,39.160252,19.098114,70,20,0.857143,1300.000000,0.000000,35.000000,1.566417,0.000000
0,0.000113,0.800000,1.000000,0.004782,0.000000,43.175000,0.000000,50.961100,0.000000,25.480550,0.000000,40,10,1.000000,2700.000000,0.000000,25.000000,1.019223,0.000000
0,0.000000,0.055556,0.055556,0.151329,0.179213,193.444444,516.375000,65.032851,82.802952,32.516426,41.401476,90,50,0.055556,1000.000000,0.000000,30.000000,1.300723,1.656090
0,0.000000,0.800000,0.800000,0.008491,0.128269,72.310204,1227.222222,79.209885,47.500000,39.604943,23.750000,210,10,0.800000,1000.000000,0.000000,35.000000,1.584201,0.000000
0,-0.000989,0.125000,0.076923,0.853344,0.203491,959.000000,1210.000000,63.757961,41.079556,31.878980,20.539778,80,50,0.142857,1400.000000,0.000000,30.000000,1.275539,0.000000
0,0.000000,0.500000,0.500000,0.025035,0.190507,116.375000,810.000000,58.744953,36.681958,29.372476,18.340979,180,10,0.500000,1000.000000,0.000000,25.000000,1.174902,0.000000
0,0.000000,0.500000,0.500000,0.025035,0.190507,116.375000,810.000000,58.744953,36.681958,29.372476,18.340979,180,10,0.500000,1000.000000,0.000000,25.000000,1.174902,0.000000
0,0.000000,0.083333,0.083333,0.046412,0.110582,130.490000,514.250000,81.868811,41.221984,40.934405,20.610992,210,140,0.083333,1000.000000,0.000000,40.000000,1.637386,0.000000
0,0.000000,0.083333,0.083333,0.046412,0.110582,130.490000,514.250000,81.868811,41.221984,40.934405,20.610992,160,140,0.083333,1000.000000,0.000000,40.000000,1.637386,0.000000
0,0.000018,0.428571,0.500000,0.106493,0.778138,426.666667,3610.000000,67.715559,50.000000,33.857780,25.000000,110,20,0.545455,1700.000000,0.000000,30.000000,1.354332,0.000000
0,-0.011429,0.857143,0.285714,0.135654,0.329310,371.650000,1089.000000,95.000000,82.972367,47.500000,41.486184,160,10,0.857143,1100.000000,0.000000,45.000000,1.900091,1.659516
0,-0.000509,0.200000,0.166667,0.040420,0.000000,1116.000000,0.000000,65.907903,0.000000,32.953951,0.000000,80,10,0.200000,1400.000000,0.000000,30.000000,1.318159,0.000000
0,0.000000,0.500000,0.500000,0.025035,0.190507,116.375000,810.000000,58.744953,36.681958,29.372476,18.340979,210,10,0.500000,1000.000000,0.000000,25.000000,1.174902,0.000000
0,-0.005000,0.500000,0.250000,0.074540,0.000000,1614.000000,0.000000,66.554117,0.000000,33.277058,0.000000,190,20,0.500000,1200.000000,0.000000,30.000000,1.331085,0.000000
0,0.000126,0.857143,1.000000,0.161370,0.000000,290.413223,0.000000,57.601517,0.000000,28.800758,0.000000,60,10,1.000000,2500.000000,0.000000,25.000000,1.152080,0.000000
0,0.000018,0.428571,0.500000,0.106493,0.778138,426.666667,3610.000000,67.715559,50.000000,33.857780,25.000000,110,20,0.545455,1700.000000,0.000000,30.000000,1.354332,0.000000
0,0.000000,0.083333,0.083333,0.046412,0.110582,130.490000,514.250000,81.868811,41.221984,40.934405,20.610992,180,140,0.083333,1000.000000,0.000000,40.000000,1.637386,0.000000
0,0.000000,0.500000,0.500000,0.017035,0.128269,39.800000,1227.222222,79.192066,47.500000,39.596033,23.750000,210,40,0.500000,1000.000000,0.000000,35.000000,1.583845,0.000000
0,0.000281,0.500000,1.000000,0.004782,0.000000,39.800000,0.000000,38.200036,0.000000,19.100018,0.000000,40,10,1.000000,2700.000000,0.000000,15.000000,0.764002,0.000000
0,-0.002088,0.666667,0.250000,1.118738,0.275050,1816.000000,1256.000000,68.290496,81.828262,34.145248,40.914131,50,20,0.666667,1900.000000,0.000000,30.000000,1.366157,1.636596
0,0.000000,0.083333,0.083333,0.046412,0.110582,130.490000,514.250000,81.868811,41.221984,40.934405,20.610992,180,140,0.083333,1000.000000,0.000000,40.000000,1.637386,0.000000
0,0.000000,0.222222,0.222222,0.062600,0.263648,707.400000,1304.000000,76.413495,69.382293,38.206748,34.691146,170,80,0.222222,1000.000000,0.000000,35.000000,1.528274,1.387674
0,0.000000,0.384615,0.384615,0.046124,0.432979,1012.302222,1000.000000,50.968033,31.264692,25.484017,15.632346,90,10,0.384615,1000.000000,0.000000,25.000000,1.019362,0.000000
0,0.000000,0.055556,0.055556,0.047085,0.179213,193.444444,516.375000,65.032851,82.802952,32.516426,41.401476,50,40,0.055556,1000.000000,0.000000,30.000000,1.300663,1.656090
0,0.000126,0.857143,1.000000,0.161370,0.000000,290.413223,0.000000,57.601517,0.000000,28.800758,0.000000,30,10,1.000000,2500.000000,0.000000,25.000000,1.152080,0.000000
0,0.000018,0.428571,0.500000,0.106493,0.778138,426.666667,3610.000000,67.715559,50.000000,33.857780,25.000000,140,20,0.545455,1700.000000,0.000000,30.000000,1.354332,0.000000
0,0.000000,0.500000,0.500000,0.025035,0.190507,116.375000,810.000000,58.744953,36.681958,29.372476,18.340979,160,10,0.500000,1000.000000,0.000000,25.000000,1.174902,0.000000
0,0.000018,0.428571,0.500000,0.106493,0.778138,426.666667,3610.000000,67.715559,50.000000,33.857780,25.000000,90,20,0.545455,1700.000000,0.000000,30.000000,1.354332,0.000000
0,-0.000711,0.222222,0.153846,2.252172,0.463056,8034.312500,2027.222222,48.006931,79.922865,24.003465,39.961433,90,10,0.222222,1500.000000,0.000000,20.000000,0.960455,1.598510
0,0.000281,0.500000,1.000000,0.000000,0.000000,57.375000,0.000000,12.761065,0.000000,6.380532,0.000000,10,10,1.000000,2700.000000,0.000000,5.000000,0.255221,0.000000
0,0.000126,0.857143,1.000000,0.161370,0.000000,290.413223,0.000000,57.601517,0.000000,28.800758,0.000000,30,10,1.000000,2500.000000,0.000000,25.000000,1.152080,0.000000
0,-0.011429,0.857143,0.285714,0.135654,0.329310,371.650000,1089.000000,95.000000,82.972367,47.500000,41.486184,90,10,0.857143,1100.000000,0.000000,45.000000,1.900091,1.659516
0,0.000000,0.100000,0.100000,0.056036,0.004505,1938.133333,27.000000,75.060722,39.999997,37.530361,19.999998,210,110,0.100000,1000.000000,0.000000,35.000000,1.501218,0.000000
0,0.000909,0.454545,0.500000,0.011955,0.000000,166.049745,0.000000,59.732144,0.000000,29.866072,0.000000,100,10,0.500000,1200.000000,0.000000,25.000000,1.194643,0.000000
0,-0.001164,0.250000,0.181818,0.009984,0.089979,42.312500,486.000000,59.037847,50.000000,29.518924,25.000000,20,20,0.250000,1300.000000,0.000000,25.000000,1.180758,0.000000
0,-0.000152,0.090909,0.083333,0.014987,0.035882,132.384246,288.000000,48.874519,40.757568,24.437259,20.378784,70,10,0.090909,1200.000000,0.000000,20.000000,0.977492,0.000000
0,0.000000,0.125000,0.125000,0.066149,1.810492,205.875000,9211.993827,58.555979,74.898070,29.277989,37.449035,70,20,0.125000,1000.000000,0.000000,25.000000,1.171131,1.498143
0,0.001988,0.111111,0.210526,0.005836,1.785031,103.383838,9166.500000,37.090352,76.163791,18.545176,38.081895,50,10,0.210526,1100.000000,0.000000,15.000000,0.741808,1.523450
0,0.000000,0.100000,0.100000,0.015964,0.000000,168.112245,0.000000,81.344860,0.000000,40.672430,0.000000,100,60,0.100000,1200.000000,0.000000,40.000000,1.626898,0.000000
0,-0.000072,0.241379,0.241379,0.026942,0.035882,227.558990,288.000000,82.892374,40.757568,41.446187,20.378784,100,70,0.259259,1200.000000,0.000000,40.000000,1.657849,0.000000
0,-0.000808,0.222222,0.181818,0.150100,0.089979,176.645833,486.000000,70.429737,50.000000,35.214868,25.000000,90,40,0.222222,1100.000000,0.000000,35.000000,1.408661,0.000000
0,0.000000,0.111111,0.111111,0.040601,1.768893,99.687500,9456.068047,58.636914,79.417503,29.318457,39.708751,80,20,0.111111,1000.000000,0.000000,25.000000,1.172747,1.588521
0,0.000000,0.100000,0.100000,0.015964,0.000000,168.112245,0.000000,81.344860,0.000000,40.672430,0.000000,110,60,0.100000,1200.000000,0.000000,40.000000,1.626898,0.000000
0,-0.000110,0.076923,0.071429,0.048580,0.156291,158.612245,1210.000000,89.961034,40.085843,44.980517,20.042922,120,110,0.076923,1100.000000,0.000000,40.000000,1.799228,0.000000
0,0.000000,0.100000,0.100000,0.021213,0.156291,65.500000,1210.000000,81.055431,40.085843,40.527715,20.042922,120,70,0.100000,1100.000000,0.000000,40.000000,1.621112,0.000000
0,0.000000,0.100000,0.100000,0.024311,0.088878,134.446746,672.000000,77.637789,82.423545,38.818895,41.211772,70,50,0.100000,1200.000000,0.000000,35.000000,1.552758,1.648477
0,0.000000,1.000000,1.000000,7.400971,0.000000,3168.000000,0.000000,78.824297,0.000000,39.412148,0.000000,50,40,1.000000,1800.000000,0.000000,35.000000,1.586004,0.000000
0,0.000000,0.100000,0.100000,0.009324,0.052996,72.937500,384.000000,54.477559,41.665976,27.238780,20.832988,50,10,0.100000,1200.000000,0.000000,25.000000,1.089552,0.000000
0,-0.000110,0.076923,0.071429,0.048580,0.156291,158.612245,1210.000000,89.961034,40.085843,44.980517,20.042922,120,120,0.076923,1100.000000,0.000000,40.000000,1.799228,0.000000
0,0.000909,0.454545,0.500000,0.011955,0.000000,166.049745,0.000000,59.732144,0.000000,29.866072,0.000000,110,10,0.500000,1200.000000,0.000000,25.000000,1.194643,0.000000
0,-0.001174,0.272727,0.142857,0.275960,0.000000,498.702222,0.000000,81.246718,0.000000,40.623359,0.000000,70,50,0.272727,1600.000000,0.000000,40.000000,1.625037,0.000000
0,0.000000,0.125000,0.125000,0.692389,1.171699,2364.946746,8912.000000,71.695506,80.755740,35.847753,40.377870,70,70,0.125000,1200.000000,0.000000,35.000000,1.434012,1.615192
0,0.000424,0.833333,0.875000,0.145111,1.135817,564.250000,8624.000000,84.441158,39.998172,42.220579,19.999086,80,40,0.875000,1500.000000,0.000000,40.000000,1.688844,0.000000
0,0.000424,0.833333,0.875000,0.145111,1.135817,564.250000,8624.000000,84.441158,39.998172,42.220579,19.999086,70,40,0.875000,1500.000000,0.000000,40.000000,1.688844,0.000000
0,0.000000,0.166667,0.166667,0.082730,1.763006,329.375000,9103.500000,58.795975,40.485655,29.397987,20.242827,170,20,0.166667,1000.000000,0.000000,25.000000,1.175932,0.000000
0,-0.001174,0.272727,0.142857,0.275960,0.000000,498.702222,0.000000,81.246718,0.000000,40.623359,0.000000,60,50,0.272727,1600.000000,0.000000,40.000000,1.625037,0.000000
0,0.003415,0.045455,0.216216,0.004221,1.763006,122.173004,9103.500000,39.920253,40.485655,19.960127,20.242827,120,10,0.216216,1100.000000,0.000000,15.000000,0.798405,0.000000
0,-0.000117,0.111111,0.105263,0.006338,0.074716,328.694444,655.298611,64.074753,76.395862,32.037377,38.197931,90,40,0.111111,1200.000000,0.000000,30.000000,1.281495,1.527923
0,-0.000404,0.111111,0.090909,0.025983,0.058981,47.802500,357.118056,71.756376,41.180090,35.878188,20.590045,140,40,0.111111,1100.000000,0.000000,35.000000,1.435135,0.000000
0,-0.000404,0.111111,0.090909,0.021672,0.000000,210.515625,0.000000,59.890887,0.000000,29.945444,0.000000,100,20,0.111111,1300.000000,0.000000,25.000000,1.197819,0.000000
0,-0.000887,0.833333,0.700000,0.101938,0.052996,349.480000,384.000000,64.487932,41.665976,32.243966,20.832988,60,10,0.833333,1600.000000,0.000000,30.000000,1.289775,0.000000
0,0.000000,0.500000,0.500000,0.007274,0.029070,86.510204,49.777778,79.977639,50.000000,39.988819,25.000000,40,10,0.500000,1100.000000,0.000000,35.000000,1.599554,0.000000
0,0.007304,0.200000,0.565217,0.010277,1.815697,133.772727,9695.798611,42.285796,81.203380,21.142898,40.601690,100,10,0.565217,1100.000000,0.000000,20.000000,0.845717,1.624241
0,-0.000887,0.833333,0.700000,0.101938,0.052996,349.480000,384.000000,64.487932,41.665976,32.243966,20.832988,70,10,0.833333,1600.000000,0.000000,30.000000,1.289775,0.000000
0,0.004286,0.071429,0.285714,0.027179,1.776360,114.828283,9173.217452,42.207257,76.148371,21.103628,38.074185,70,10,0.285714,1100.000000,0.000000,20.000000,0.844154,1.523139
0,-0.000808,0.222222,0.181818,0.030036,0.910801,161.113520,4851.000000,79.284343,45.454545,39.642171,22.727273,90,40,0.222222,1100.000000,0.000000,35.000000,1.585690,0.000000
0,-0.000072,0.241379,0.241379,0.026942,0.035882,227.558990,288.000000,82.892374,40.757568,41.446187,20.378784,110,70,0.259259,1200.000000,0.000000,40.000000,1.657849,0.000000
0,-0.000889,0.250000,0.200000,0.068438,0.045353,148.500000,500.000000,34.742293,40.000000,17.371147,20.000000,40,10,0.250000,1400.000000,0.000000,15.000000,0.694865,0.000000
0,0.000000,0.142857,0.142857,0.027693,0.031864,96.515306,1122.448980,70.831785,38.490734,35.415892,19.245367,70,30,0.142857,1100.000000,0.000000,35.000000,1.416640,0.000000
0,0.003579,0.666667,0.789474,0.012580,0.057446,61.000000,1033.699219,71.894122,38.145565,35.947061,19.072782,130,90,0.789474,1600.000000,0.000000,35.000000,1.437884,0.000000
0,0.000000,0.285714,0.285714,0.056759,0.000000,212.092975,0.000000,79.973384,0.000000,39.986692,0.000000,190,30,0.285714,1100.000000,0.000000,35.000000,1.599476,0.000000
0,0.000000,0.285714,0.285714,0.023216,0.038055,101.062500,288.000000,77.864051,40.060240,38.932026,20.030120,90,30,0.285714,1100.000000,0.000000,35.000000,1.557285,0.000000
0,0.000000,0.090909,0.090909,0.057760,0.000000,238.074074,0.000000,80.100372,0.000000,40.050186,0.000000,190,90,0.090909,1000.000000,0.000000,40.000000,1.602014,0.000000
0,0.000000,0.200000,0.200000,0.217820,0.000000,352.990000,0.000000,81.298939,0.000000,40.649469,0.000000,40,20,0.200000,1000.000000,0.000000,40.000000,1.626055,0.000000
0,-0.000209,0.133333,0.117647,0.053381,0.018251,1957.444444,120.166667,70.339266,79.894350,35.169633,39.947175,110,50,0.133333,1300.000000,0.000000,35.000000,1.406786,1.597888
0,0.000000,0.454545,0.454545,0.006758,0.063888,95.111111,1228.937500,81.974302,39.744211,40.987151,19.872105,150,90,0.454545,1100.000000,0.000000,40.000000,1.639487,0.000000
0,0.000000,0.222222,0.222222,0.159110,0.057903,646.056122,360.975425,76.200427,81.876650,38.100214,40.938325,240,100,0.222222,1000.000000,0.000000,35.000000,1.524033,1.637538
0,0.000000,0.166667,0.166667,0.004601,0.000000,92.198347,0.000000,48.032855,0.000000,24.016428,0.000000,140,10,0.166667,1100.000000,0.000000,20.000000,0.960657,0.000000
0,0.000000,0.062500,0.062500,0.229163,0.128016,313.490000,882.000000,78.372250,46.666578,39.186125,23.333289,160,20,0.062500,1000.000000,0.000000,35.000000,1.567529,0.000000
0,-0.001690,0.428571,0.333333,0.037457,0.080351,106.055556,521.775425,79.293707,82.715604,39.646853,41.357802,100,70,0.428571,1300.000000,0.000000,35.000000,1.585883,1.654318
0,0.000000,0.333333,0.333333,0.031066,0.603116,186.222222,700.000000,46.218179,33.831330,23.109089,16.915665,90,10,0.333333,1100.000000,0.000000,20.000000,0.924367,0.000000
0,-0.000074,0.062500,0.058824,0.027816,0.003562,156.476125,20.166667,77.683825,39.957580,38.841912,19.978790,140,70,0.062500,1100.000000,0.000000,35.000000,1.553679,0.000000
0,-0.000563,0.142857,0.111111,0.031400,0.009069,94.455833,60.975425,76.928164,41.876650,38.464082,20.938325,120,70,0.142857,1300.000000,0.000000,35.000000,1.538572,0.000000
0,0.000000,0.040000,0.040000,0.357624,0.000000,589.932149,0.000000,74.518136,0.000000,37.259068,0.000000,210,20,0.040000,1000.000000,0.000000,35.000000,1.490475,0.000000
0,0.000152,0.083333,0.090909,0.629141,0.014689,4786.229167,100.000000,43.629795,39.936770,21.814898,19.968385,130,10,0.090909,1100.000000,0.000000,20.000000,0.872637,0.000000
0,-0.000465,0.125000,0.090909,0.004863,0.188657,57.500000,1239.040000,65.825677,39.799949,32.912839,19.899975,60,20,0.125000,1400.000000,0.000000,30.000000,1.316514,0.000000
0,-0.001429,0.571429,0.500000,0.023216,0.003562,145.277778,20.166667,47.646561,39.957580,23.823280,19.978790,70,10,0.571429,1100.000000,0.000000,20.000000,0.952934,0.000000
0,0.000000,0.200000,0.200000,0.076162,0.000000,151.880000,0.000000,73.243164,0.000000,36.621582,0.000000,20,20,0.200000,1200.000000,0.000000,35.000000,1.464888,0.000000
0,0.000000,0.076923,0.076923,0.002951,0.003562,77.429012,20.166667,78.462865,39.957580,39.231433,19.978790,60,10,0.076923,1200.000000,0.000000,35.000000,1.569257,0.000000
0,0.000000,0.062500,0.062500,0.105626,0.128016,313.490000,882.000000,78.372250,46.666578,39.186125,23.333289,160,40,0.062500,1000.000000,0.000000,35.000000,1.567466,0.000000
0,-0.001736,1.000000,0.818182,0.004322,0.014258,63.720000,128.000000,55.658899,40.004790,27.829450,20.002395,20,10,1.000000,1900.000000,0.000000,25.000000,1.113178,0.000000
0,0.000000,0.333333,0.333333,0.002665,0.210462,49.520000,1183.000000,59.999610,50.000000,29.999805,25.000000,60,10,0.333333,1100.000000,0.000000,25.000000,1.199992,0.000000
0,0.000000,0.333333,0.333333,0.002665,0.210462,49.520000,1183.000000,59.999610,50.000000,29.999805,25.000000,110,10,0.333333,1100.000000,0.000000,25.000000,1.199992,0.000000
0,-0.000625,0.133333,0.090909,0.047545,0.014689,1984.843537,100.000000,75.846337,39.936770,37.923168,19.968385,110,10,0.133333,1300.000000,0.000000,35.000000,1.516927,0.000000
0,-0.000510,0.333333,0.272727,0.125701,0.000000,345.000000,0.000000,67.548816,0.000000,33.774408,0.000000,40,10,0.333333,1900.000000,0.000000,30.000000,1.351001,0.000000
0,0.000047,0.055556,0.058824,0.360515,0.003562,532.000000,20.166667,64.042767,39.957580,32.021383,19.978790,170,40,0.062500,1400.000000,0.000000,30.000000,1.280982,0.000000
0,0.000000,0.333333,0.333333,0.021271,0.712512,153.555556,1400.000000,52.075163,49.285714,26.037581,24.642857,110,10,0.333333,1100.000000,0.000000,25.000000,1.041505,0.000000
0,0.000000,0.166667,0.166667,0.018251,0.080585,116.083333,300.000000,50.827274,13.333333,25.413637,6.666667,160,10,0.166667,1100.000000,0.000000,25.000000,1.016548,0.000000
0,0.000110,0.071429,0.076923,0.020208,0.063888,175.151111,1228.937500,81.068955,39.744211,40.534477,19.872105,150,120,0.076923,1100.000000,0.000000,40.000000,1.621381,0.000000
0,0.000000,0.125000,0.125000,0.182806,0.003562,861.638889,20.166667,71.457506,39.957580,35.728753,19.978790,80,50,0.125000,1000.000000,0.000000,35.000000,1.429173,0.000000
0,0.000000,0.200000,0.200000,0.030260,0.128016,88.500000,882.000000,82.063255,46.666578,41.031628,23.333289,160,40,0.200000,1000.000000,0.000000,40.000000,1.641275,0.000000
0,0.000000,0.095238,0.095238,0.089686,0.053380,313.990000,63.000000,80.995838,41.428534,40.497919,20.714267,90,40,0.095238,1000.000000,0.000000,40.000000,1.619930,0.000000
0,-0.000909,0.500000,0.454545,0.082958,0.000000,165.657778,0.000000,72.961161,0.000000,36.480580,0.000000,130,20,0.500000,1200.000000,0.000000,35.000000,1.459250,0.000000
0,0.007091,0.100000,0.454545,0.012226,0.000000,94.444444,0.000000,51.772191,0.000000,25.886096,0.000000,140,10,0.454545,1100.000000,0.000000,25.000000,1.035445,0.000000
0,0.000000,0.095238,0.095238,0.213223,0.053380,313.990000,63.000000,80.995838,41.428534,40.497919,20.714267,90,20,0.095238,1000.000000,0.000000,40.000000,1.619992,0.000000
0,0.001137,0.125000,0.222222,0.028055,0.193928,90.222222,2036.166667,74.926191,76.853619,37.463095,38.426810,150,30,0.250000,1500.000000,0.000000,35.000000,1.498530,1.537082
0,0.000000,0.040000,0.040000,0.234087,0.000000,589.932149,0.000000,74.518136,0.000000,37.259068,0.000000,210,40,0.040000,1000.000000,0.000000,35.000000,1.490412,0.000000
0,0.000000,0.333333,0.333333,0.018991,0.005429,32.000000,40.320000,72.494604,39.997109,36.247302,19.998554,90,50,0.333333,1000.000000,0.000000,35.000000,1.449901,0.000000
0,-0.001365,0.500000,0.333333,0.183699,0.061121,288.555556,358.754325,61.497742,41.487194,30.748871,20.743597,100,40,0.500000,2000.000000,0.000000,30.000000,1.230013,0.000000
0,0.000000,0.333333,0.333333,0.055632,0.000000,295.900277,0.000000,79.320579,0.000000,39.660289,0.000000,160,120,0.333333,1400.000000,0.000000,35.000000,1.586417,0.000000
0,-0.000409,0.388889,0.368421,0.066678,0.333200,307.134354,2683.000000,69.938950,96.666667,34.969475,48.333333,90,40,0.388889,1400.000000,0.000000,30.000000,1.398786,1.933359
0,-0.000233,0.200000,0.181818,0.071371,0.134998,144.490000,1000.000000,67.580202,77.389023,33.790101,38.694511,140,70,0.200000,1400.000000,0.000000,30.000000,1.351622,1.547790
0,-0.000622,0.125000,0.076923,0.015841,0.221780,116.946746,1013.625000,67.373191,69.632403,33.686596,34.816202,70,20,0.125000,1500.000000,0.000000,30.000000,1.347465,1.392719
0,-0.000815,0.700000,0.636364,0.075423,0.186774,257.801020,2200.000000,75.108170,86.176151,37.554085,43.088075,90,70,0.700000,1400.000000,0.000000,35.000000,1.502177,1.723532
0,-0.000815,0.700000,0.636364,0.195487,0.317166,273.333333,1883.000000,66.253564,89.509484,33.126782,44.754742,90,70,0.700000,1400.000000,0.000000,30.000000,1.325148,1.790218
0,0.000000,0.066667,0.066667,0.051001,0.010104,157.250000,63.000000,82.567226,41.428568,41.283613,20.714284,100,50,0.066667,1000.000000,0.000000,40.000000,1.651353,0.000000
0,0.000000,0.066667,0.066667,0.047614,0.231796,143.423554,1183.000000,89.236306,50.000000,44.618153,25.000000,130,50,0.066667,1000.000000,0.000000,40.000000,1.784734,0.000000
0,0.001072,0.333333,0.277778,0.130023,0.156810,358.720000,180.625000,67.978016,32.000316,33.989008,16.000158,40,20,0.333333,2000.000000,0.000000,30.000000,1.359585,0.000000
0,-0.000110,0.076923,0.071429,0.002147,0.101404,164.653499,1500.000000,83.234868,46.666667,41.617434,23.333333,100,10,0.076923,1300.000000,0.000000,40.000000,1.664697,0.000000
0,0.000000,0.090909,0.090909,0.072181,0.085370,282.472222,700.000000,80.454492,39.509484,40.227246,19.754742,110,50,0.090909,1000.000000,0.000000,40.000000,1.609100,0.000000
0,-0.000117,0.111111,0.105263,0.166870,0.281424,193.823333,1483.000000,62.410983,87.879539,31.205491,43.939769,140,90,0.111111,1400.000000,0.000000,30.000000,1.248292,1.757618
0,0.000000,0.166667,0.166667,0.003668,0.008402,32.000000,63.000000,82.499600,41.542149,41.249800,20.771075,220,50,0.166667,1000.000000,0.000000,40.000000,1.649992,0.000000
0,-0.000554,0.500000,0.538462,0.045097,0.064970,201.222222,833.000000,66.500928,37.632087,33.250464,18.816044,80,10,0.750000,1600.000000,0.000000,30.000000,1.330024,0.000000
0,0.000414,0.500000,0.636364,0.068438,0.317166,148.500000,1883.000000,33.423218,89.509484,16.711609,44.754742,40,10,0.750000,1700.000000,0.000000,15.000000,0.668484,1.790218
0,0.000000,0.066667,0.066667,0.047614,0.231796,143.423554,1183.000000,89.236306,50.000000,44.618153,25.000000,80,50,0.066667,1000.000000,0.000000,40.000000,1.784734,0.000000
0,0.000000,0.047619,0.047619,0.010594,0.059732,124.692308,363.000000,80.591826,79.308107,40.295913,39.654054,170,90,0.047619,1100.000000,0.000000,40.000000,1.611837,1.586167
0,-0.000117,0.111111,0.105263,0.062626,0.281424,193.823333,1483.000000,62.410983,87.879539,31.205491,43.939769,140,40,0.111111,1400.000000,0.000000,30.000000,1.248232,1.757618
0,-0.000116,0.100000,0.090909,0.026481,0.085370,144.861111,700.000000,83.831100,39.509484,41.915550,19.754742,80,10,0.100000,1300.000000,0.000000,40.000000,1.676625,0.000000
0,-0.002000,0.600000,0.500000,0.094175,0.000000,239.000000,0.000000,69.927714,0.000000,34.963857,0.000000,120,10,0.600000,1400.000000,0.000000,30.000000,1.398580,0.000000
0,-0.000409,0.388889,0.368421,0.170922,0.333200,307.134354,2683.000000,69.938950,96.666667,34.969475,48.333333,90,90,0.388889,1400.000000,0.000000,30.000000,1.398847,1.933359
0,-0.000212,0.040000,0.029412,0.170986,0.267999,396.162149,1500.000000,77.924729,50.000000,38.962364,25.000000,210,120,0.040000,1200.000000,0.000000,35.000000,1.558534,0.000000
0,0.000169,0.055556,0.100000,0.089755,0.392105,814.733333,2097.222222,67.486049,87.443703,33.743025,43.721851,170,40,0.125000,1500.000000,0.000000,30.000000,1.349728,1.748911
0,0.001516,0.923077,1.000000,0.001606,0.222631,46.381111,1183.000000,92.857143,50.000000,46.428571,25.000000,50,10,1.000000,1400.000000,0.000000,45.000000,1.857143,0.000000
0,0.000000,0.125000,0.125000,0.360213,2.228852,784.500000,11077.000000,63.390600,77.297341,31.695300,38.648670,50,40,0.125000,1100.000000,0.000000,30.000000,1.267901,1.546180
0,0.000000,0.142857,0.142857,0.007528,0.080740,127.514172,275.000000,47.826072,35.785352,23.913036,17.892676,110,10,0.142857,1200.000000,0.000000,20.000000,0.956522,0.000000
0,0.000000,0.166667,0.166667,0.136117,0.000000,408.489796,0.000000,60.598098,0.000000,30.299049,0.000000,60,30,0.166667,1000.000000,0.000000,30.000000,1.211988,0.000000
0,0.000169,0.055556,0.100000,0.193998,0.392105,814.733333,2097.222222,67.486049,87.443703,33.743025,43.721851,170,90,0.125000,1500.000000,0.000000,30.000000,1.349788,1.748911
0,-0.000457,0.285714,0.250000,0.004601,0.000000,101.198347,0.000000,46.029227,0.000000,23.014614,0.000000,140,10,0.285714,1300.000000,0.000000,20.000000,0.920585,0.000000
0,-0.000384,0.066667,0.043478,0.009326,0.013466,92.198347,1472.953125,60.255468,38.884276,30.127734,19.442138,140,90,0.066667,1300.000000,0.000000,30.000000,1.205110,0.000000
0,0.000000,0.100000,0.100000,0.105097,0.267999,225.428571,1500.000000,78.365705,50.000000,39.182852,25.000000,140,90,0.100000,1000.000000,0.000000,35.000000,1.567341,0.000000
0,0.000000,0.428571,0.428571,0.004862,0.045895,36.111111,107.555556,52.143722,36.250000,26.071861,18.125000,90,10,0.428571,1200.000000,0.000000,25.000000,1.042875,0.000000
0,-0.000115,0.550000,0.565217,0.014498,0.052363,113.400277,320.000000,77.006703,41.498982,38.503352,20.749491,120,100,0.608696,1500.000000,0.000000,35.000000,1.540135,0.000000
0,-0.000800,0.250000,0.200000,0.083303,0.169474,128.861111,914.222222,64.593586,37.443703,32.296793,18.721851,180,10,0.250000,1400.000000,0.000000,30.000000,1.291908,0.000000
0,0.000000,0.076923,0.076923,0.009454,0.045895,42.816327,107.555556,82.641218,36.250000,41.320609,18.125000,110,20,0.076923,1000.000000,0.000000,40.000000,1.652825,0.000000
0,-0.000152,0.090909,0.083333,0.061408,0.328107,167.687500,1700.000000,74.949520,50.000000,37.474760,25.000000,50,50,0.090909,1100.000000,0.000000,35.000000,1.499002,0.000000
0,0.000000,0.727273,0.727273,0.008150,0.019292,59.676686,99.000000,54.505167,41.504061,27.252584,20.752030,170,10,0.727273,1000.000000,0.000000,25.000000,1.090104,0.000000
0,0.000000,0.076923,0.076923,0.006073,0.080740,119.878827,275.000000,44.587121,35.785352,22.293560,17.892676,120,10,0.076923,1100.000000,0.000000,20.000000,0.891743,0.000000
0,-0.008152,0.500000,0.083333,0.008982,0.374002,43.375000,1807.555556,83.842823,86.250000,41.921412,43.125000,90,40,0.500000,1200.000000,0.000000,40.000000,1.676857,1.725041
0,0.000000,0.428571,0.428571,0.149263,0.000000,312.053260,0.000000,45.666020,0.000000,22.833010,0.000000,210,10,0.428571,1200.000000,0.000000,20.000000,0.913357,0.000000
0,0.000000,0.166667,0.166667,0.034016,0.004290,159.984375,27.000000,68.914505,39.831387,34.457253,19.915693,190,30,0.166667,1000.000000,0.000000,30.000000,1.378301,0.000000
0,-0.000626,0.125000,0.090909,0.034899,0.299871,168.720000,1756.000000,83.873874,92.222222,41.936937,46.111111,140,120,0.125000,1200.000000,0.000000,40.000000,1.677481,1.844470
0,-0.001782,0.600000,0.500000,0.025429,0.596106,164.176020,3200.000000,48.141731,100.000000,24.070865,50.000000,90,10,0.600000,1500.000000,0.000000,20.000000,0.962837,2.000056
0,-0.000015,0.400000,0.666667,0.011596,0.335531,96.614958,1875.000000,52.017183,34.166656,26.008592,17.083328,40,10,0.800000,2100.000000,0.000000,25.000000,1.040346,0.000000
0,-0.003214,0.285714,0.125000,0.026584,0.313894,120.220000,1607.555556,84.402431,86.250000,42.201215,43.125000,120,90,0.285714,1200.000000,0.000000,40.000000,1.688052,1.725034
0,0.000000,0.545455,0.545455,0.115220,1.753984,170.250000,9477.000000,65.276886,39.980535,32.638443,19.990267,140,40,0.545455,1100.000000,0.000000,30.000000,1.305578,0.000000
0,-0.001193,0.533333,0.473684,0.049400,0.267999,226.504132,1500.000000,79.761743,50.000000,39.880871,25.000000,130,50,0.533333,1100.000000,0.000000,35.000000,1.595243,0.000000
0,0.000000,0.588235,0.588235,0.008150,0.135247,71.877311,1000.000000,50.064634,39.681931,25.032317,19.840966,170,10,0.588235,1000.000000,0.000000,25.000000,1.001293,0.000000
0,0.000000,0.250000,0.250000,0.338293,0.474868,785.750000,1600.000000,69.541372,37.316806,34.770686,18.658403,140,50,0.250000,1100.000000,0.000000,30.000000,1.390901,0.000000
0,0.001516,0.923077,1.000000,0.001606,0.222631,46.381111,1183.000000,92.857143,50.000000,46.428571,25.000000,100,10,1.000000,1400.000000,0.000000,45.000000,1.857143,0.000000
0,0.001820,0.333333,0.600000,0.009698,0.000000,40.000000,0.000000,35.384040,0.000000,17.692020,0.000000,140,10,0.666667,1800.000000,0.000000,15.000000,0.707683,0.000000
0,0.000000,0.031250,0.031250,0.045096,0.080740,346.003676,275.000000,76.143132,35.785352,38.071566,17.892676,230,130,0.031250,1000.000000,0.000000,35.000000,1.522867,0.000000
0,-0.000935,0.125000,0.071429,0.189124,0.000000,740.236686,0.000000,74.594962,0.000000,37.297481,0.000000,150,50,0.125000,1200.000000,0.000000,35.000000,1.491923,0.000000
0,0.000000,0.076923,0.076923,0.022198,0.000000,255.757503,0.000000,76.896987,0.000000,38.448494,0.000000,230,20,0.076923,1000.000000,0.000000,35.000000,1.537941,0.000000
0,0.000000,0.909091,0.909091,0.009372,0.004933,64.236686,27.000000,47.051756,40.000000,23.525878,20.000000,150,10,0.909091,1200.000000,0.000000,20.000000,0.941036,0.000000
0,-0.000297,0.100000,0.083333,0.021377,0.332397,50.865000,1727.000000,40.613764,89.831387,20.306882,44.915693,140,10,0.100000,1500.000000,0.000000,20.000000,0.812282,1.796660
0,0.000000,0.769231,0.769231,0.160770,0.704262,112.472577,400.000000,34.642827,37.500000,17.321414,18.750000,170,10,0.769231,1100.000000,0.000000,15.000000,0.692989,0.000000
0,-0.000912,0.466667,0.421053,0.048199,0.004290,236.845556,27.000000,77.575995,39.831387,38.787997,19.915693,180,50,0.466667,1100.000000,0.000000,35.000000,1.551528,0.000000
0,0.000000,0.307692,0.307692,0.030956,0.029484,54.816327,205.959184,39.360558,40.568279,19.680279,20.284139,160,10,0.307692,1100.000000,0.000000,15.000000,0.787223,0.000000
0,0.000000,0.833333,0.833333,0.121226,0.267999,207.428571,1500.000000,68.218170,50.000000,34.109085,25.000000,140,30,0.833333,1000.000000,0.000000,30.000000,1.364400,0.000000
0,0.000000,1.000000,1.000000,0.009588,0.000000,70.375000,0.000000,54.166645,0.000000,27.083323,0.000000,220,10,1.000000,1000.000000,0.000000,25.000000,1.083334,0.000000
0,0.000000,1.000000,1.000000,0.010477,0.000000,77.937500,0.000000,53.471296,0.000000,26.735648,0.000000,90,10,1.000000,1000.000000,0.000000,25.000000,1.069427,0.000000
0,0.000000,0.166667,0.166667,0.100650,2.089516,264.500000,11352.000000,71.562737,74.147191,35.781368,37.073595,110,40,0.166667,1100.000000,0.000000,35.000000,1.431285,1.483136
0,0.000000,0.166667,0.166667,0.052018,0.328107,108.000000,1700.000000,65.662649,50.000000,32.831325,25.000000,60,30,0.166667,1000.000000,0.000000,30.000000,1.313268,0.000000
0,0.000000,0.100000,0.100000,0.200954,0.000000,1066.888889,0.000000,77.893909,0.000000,38.946955,0.000000,100,60,0.100000,1000.000000,0.000000,35.000000,1.557897,0.000000
0,0.000000,0.285714,0.285714,0.108779,0.103132,545.138889,729.000000,76.642001,39.625513,38.321001,19.812757,120,60,0.285714,1000.000000,0.000000,35.000000,1.532853,0.000000
0,0.010667,0.500000,1.000000,0.040893,0.000000,81.000000,0.000000,33.333041,0.000000,16.666520,0.000000,70,10,1.000000,1300.000000,0.000000,15.000000,0.666676,0.000000
0,0.000000,0.052632,0.052632,0.936555,0.081486,2101.171875,645.000000,84.300801,100.000000,42.150401,50.000000,190,130,0.052632,1000.000000,0.000000,40.000000,1.686228,2.000005
0,0.000000,0.384615,0.384615,0.113586,0.000000,570.808889,0.000000,75.848707,0.000000,37.924354,0.000000,130,60,0.384615,1000.000000,0.000000,35.000000,1.516987,0.000000
0,-0.000197,0.062500,0.052632,0.009326,0.053051,193.171875,460.500000,77.831605,90.852414,38.915803,45.426207,180,110,0.062500,1100.000000,0.000000,35.000000,1.556633,1.817051
0,0.000000,0.333333,0.333333,0.003735,0.006459,32.000000,40.320000,49.204433,39.999982,24.602216,19.999991,100,10,0.333333,1100.000000,0.000000,20.000000,0.984089,0.000000
0,0.000000,0.250000,0.250000,0.185478,0.000000,720.000000,0.000000,73.665340,0.000000,36.832670,0.000000,50,20,0.250000,1300.000000,0.000000,35.000000,1.473331,0.000000
0,0.000000,0.052632,0.052632,0.936555,0.081486,2101.171875,645.000000,84.300801,100.000000,42.150401,50.000000,190,120,0.052632,1000.000000,0.000000,40.000000,1.686228,2.000005
0,-0.002000,0.400000,0.300000,3.079683,0.000000,4978.000000,0.000000,72.672341,0.000000,36.336171,0.000000,120,90,0.400000,1100.000000,0.000000,35.000000,1.454413,0.000000
0,0.000000,0.142857,0.142857,0.506419,0.003300,2793.780000,25.000000,66.379915,42.499968,33.189957,21.249984,160,70,0.142857,1100.000000,0.000000,30.000000,1.327647,0.000000
0,0.000000,1.000000,1.000000,0.011765,1.169019,74.111111,5885.444444,71.985496,76.016757,35.992748,38.008379,130,10,1.000000,1100.000000,0.000000,35.000000,1.439716,1.520451
0,0.000000,0.615385,0.615385,0.054399,0.103132,138.170000,729.000000,79.197857,39.625513,39.598928,19.812757,130,120,0.615385,1000.000000,0.000000,35.000000,1.583968,0.000000
0,0.000000,0.285714,0.285714,0.019550,0.000000,252.052288,0.000000,75.620827,0.000000,37.810414,0.000000,230,70,0.285714,1100.000000,0.000000,35.000000,1.512417,0.000000
0,0.000000,0.400000,0.400000,0.018074,0.003857,80.000000,35.437500,40.006288,41.429290,20.003144,20.714645,230,10,0.400000,1100.000000,0.000000,20.000000,0.800128,0.000000
0,-0.000047,0.055556,0.052632,0.191726,0.063443,137.656250,557.687500,60.662805,90.812257,30.331402,45.406128,170,160,0.055556,1200.000000,0.000000,30.000000,1.213400,1.816249
0,0.000000,0.052632,0.052632,0.022071,0.044264,406.113051,400.000000,72.087375,50.000000,36.043687,25.000000,230,180,0.052632,1100.000000,0.000000,35.000000,1.441748,0.000000
0,-0.000533,0.111111,0.100000,0.305019,0.065039,806.692149,400.000000,75.220323,39.936770,37.610162,19.968385,240,210,0.222222,1400.000000,0.000000,35.000000,1.504467,0.000000
0,0.000000,0.058824,0.058824,0.083286,0.024437,382.662500,70.560000,68.753460,37.749676,34.376730,18.874838,130,90,0.058824,1000.000000,0.000000,30.000000,1.375078,0.000000
0,-0.002411,0.454545,0.222222,0.029472,0.042126,68.250000,400.000000,82.425390,50.000000,41.212695,25.000000,160,150,0.454545,1400.000000,0.000000,40.000000,1.648517,0.000000
0,0.000000,1.000000,1.000000,0.896359,0.293949,2036.000000,533.000000,81.250000,81.647586,40.625000,40.823793,120,10,1.000000,1100.000000,0.000000,40.000000,1.625208,1.633070
0,0.001972,0.555556,0.756757,0.076404,0.024437,370.868056,70.560000,42.625176,37.749676,21.312588,18.874838,130,10,0.869565,2200.000000,0.000000,20.000000,0.852512,0.000000
0,0.000000,0.058824,0.058824,0.022224,0.573294,94.182500,4405.560000,69.394245,75.732814,34.697122,37.866407,130,30,0.058824,1000.000000,0.000000,30.000000,1.387888,1.514695
0,-0.000627,0.142857,0.083333,0.083276,0.023161,386.805556,202.500000,74.566844,41.681931,37.283422,20.840965,130,60,0.142857,2200.000000,0.000000,35.000000,1.491346,0.000000
0,0.000000,0.111111,0.111111,0.105192,0.101045,233.182500,609.560000,62.872732,77.726671,31.436366,38.863336,160,130,0.111111,1000.000000,0.000000,30.000000,1.257480,1.554543
0,0.000000,0.117647,0.117647,0.211359,0.000000,778.528443,0.000000,75.880198,0.000000,37.940099,0.000000,250,90,0.117647,1000.000000,0.000000,35.000000,1.517633,0.000000
0,0.000000,1.000000,1.000000,0.896359,0.293949,2036.000000,533.000000,81.250000,81.647586,40.625000,40.823793,130,10,1.000000,1100.000000,0.000000,40.000000,1.625208,1.633070
0,0.000000,0.555556,0.555556,0.233264,0.076608,629.048443,539.000000,69.999469,39.976996,34.999735,19.988498,250,160,0.555556,1000.000000,0.000000,30.000000,1.400036,0.000000
0,-0.010918,0.800000,0.117647,0.017825,0.548857,269.981176,4335.000000,35.894833,37.983139,17.947416,18.991569,230,10,0.800000,1200.000000,0.000000,15.000000,0.717897,0.000000
0,-0.000910,0.352941,0.300000,0.048527,0.106864,1330.649306,3670.000000,71.234097,80.999921,35.617048,40.499960,170,160,0.352941,1200.000000,0.000000,35.000000,1.424683,1.620000
0,-0.000161,0.058824,0.047619,0.009150,0.784947,71.640625,5532.000000,51.546086,77.669047,25.773043,38.834523,170,10,0.058824,1300.000000,0.000000,25.000000,1.030923,1.553440
0,0.000310,0.235294,0.238095,0.027271,0.898165,136.703125,5675.520000,49.348485,74.590462,24.674243,37.295231,130,10,0.238095,1300.000000,0.000000,20.000000,0.986973,1.491903
0,0.000000,0.222222,0.222222,0.254628,0.020174,1304.777778,169.000000,49.050572,82.471882,24.525286,41.235941,190,10,0.222222,1000.000000,0.000000,20.000000,0.981037,1.649439
0,-0.000924,0.210526,0.153846,0.003132,0.941991,148.896825,651.520000,79.330772,61.545325,39.665386,30.772662,150,100,0.307692,1600.000000,0.000000,35.000000,1.586615,1.231927
0,-0.000224,0.058824,0.047619,0.069672,0.721434,144.000000,5324.000000,60.275372,39.976862,30.137686,19.988431,20,20,0.058824,1200.000000,0.000000,30.000000,1.205526,0.000000
0,-0.000517,0.269231,0.241379,0.060806,0.005824,1356.343750,52.000000,77.072808,82.499915,38.536404,41.249958,200,170,0.269231,1200.000000,0.000000,35.000000,1.541458,1.649999
0,0.000309,0.200000,0.291667,0.027271,0.176731,134.102500,351.520000,40.669776,34.613601,20.334888,17.306800,130,10,0.411765,1300.000000,0.000000,20.000000,0.813399,0.000000
0,0.000000,0.400000,0.400000,0.191182,0.161869,1000.000000,1100.000000,78.987034,80.969158,39.493517,40.484579,290,30,0.400000,1000.000000,0.000000,35.000000,1.579759,1.619395
0,-0.000614,0.117647,0.086957,0.016568,0.063513,76.000000,208.000000,73.436805,37.692185,36.718403,18.846092,180,20,0.117647,1200.000000,0.000000,35.000000,1.468738,0.000000
0,-0.000357,0.142857,0.125000,0.243632,2.341945,1682.343750,18400.000000,72.341414,92.500000,36.170707,46.250000,170,150,0.142857,1200.000000,0.000000,35.000000,1.446857,1.850149
0,0.002795,0.125000,0.250000,2.053856,0.017524,4956.000000,858.921875,53.472356,80.212870,26.736178,40.106435,180,120,0.250000,1700.000000,0.000000,25.000000,1.069883,1.604258
0,-0.000813,0.166667,0.111111,0.305371,0.197201,2027.780000,858.333333,74.254247,79.164990,37.127124,39.582495,160,140,0.166667,1300.000000,0.000000,35.000000,1.485108,1.583323
0,0.008443,0.222222,0.636364,0.684830,0.057309,2621.040000,400.000000,40.208006,39.994972,20.104003,19.997486,260,10,0.636364,1300.000000,0.000000,20.000000,0.804251,0.000000
0,0.000799,0.384615,0.391304,0.024583,0.240244,58.720000,559.520000,74.409874,72.305785,37.204937,36.152893,120,80,0.428571,1800.000000,0.000000,35.000000,1.488203,1.446170
0,0.000625,0.461538,0.437500,0.008085,0.085077,82.080000,708.000000,55.427291,80.524552,27.713645,40.262276,120,10,0.600000,1900.000000,0.000000,25.000000,1.108547,1.610496
0,0.000000,0.071429,0.071429,0.240671,0.003105,964.000000,27.000000,78.732401,39.999993,39.366201,19.999997,230,130,0.071429,1000.000000,0.000000,35.000000,1.574679,0.000000
0,-0.000176,0.187500,0.176471,1.876951,0.013199,2752.591111,100.000000,70.481155,39.936770,35.240578,19.968385,140,90,0.187500,1200.000000,0.000000,35.000000,1.410303,0.000000
0,0.001572,0.090909,0.176471,0.008598,0.061608,89.517500,500.000000,54.622905,40.000000,27.311453,20.000000,20,10,0.176471,1900.000000,0.000000,25.000000,1.092459,0.000000
0,-0.000494,0.125000,0.083333,0.031125,0.132158,301.909091,328.515625,67.695578,41.335424,33.847789,20.667712,160,50,0.125000,1400.000000,0.000000,30.000000,1.353915,0.000000
0,-0.000111,0.055556,0.050000,0.030006,0.173704,602.078231,728.515625,80.783683,91.335424,40.391842,45.667712,220,190,0.055556,1100.000000,0.000000,40.000000,1.615676,1.826737
0,0.000000,0.222222,0.222222,0.847895,0.132158,4032.536272,328.515625,77.263257,41.335424,38.631628,20.667712,200,180,0.222222,1000.000000,0.000000,35.000000,1.545355,0.000000
0,0.000000,0.076923,0.076923,0.042424,0.062138,119.495229,1030.013841,85.662716,39.228825,42.831358,19.614412,180,120,0.076923,1000.000000,0.000000,40.000000,1.713264,0.000000
0,-0.001188,0.500000,0.416667,0.360963,0.076338,854.611111,500.000000,82.534340,39.949416,41.267170,19.974708,90,70,0.500000,1300.000000,0.000000,40.000000,1.650766,0.000000
0,0.000000,0.153846,0.153846,0.233305,0.054966,815.222222,400.000000,86.124441,39.199899,43.062221,19.599950,240,150,0.153846,1000.000000,0.000000,40.000000,1.722525,0.000000
0,0.002893,0.166667,0.307692,0.211228,0.062342,1104.750000,300.000000,77.374924,37.879581,38.687462,18.939791,150,120,0.307692,1300.000000,0.000000,35.000000,1.547519,0.000000
0,-0.002351,1.000000,0.750000,0.004725,0.138681,281.000000,800.000000,22.222224,77.828997,11.111112,38.914499,90,10,1.000000,1900.000000,0.000000,10.000000,0.444445,1.556592
0,-0.001188,0.500000,0.416667,0.149661,0.076338,854.611111,500.000000,82.534340,39.949416,41.267170,19.974708,120,70,0.500000,1300.000000,0.000000,40.000000,1.650700,0.000000
0,0.000839,0.750000,1.000000,0.013842,0.000000,89.294766,0.000000,49.011887,0.000000,24.505944,0.000000,30,10,1.000000,1900.000000,0.000000,20.000000,0.980239,0.000000
0,0.000000,0.692308,0.692308,0.029070,0.150602,303.296296,441.000000,96.666667,35.555378,48.333333,17.777689,150,10,0.692308,1000.000000,0.000000,45.000000,1.933342,0.000000
0,0.000000,0.076923,0.076923,0.042424,0.062138,119.495229,1030.013841,85.662716,39.228825,42.831358,19.614412,180,100,0.076923,1000.000000,0.000000,40.000000,1.713264,0.000000
0,-0.001188,0.500000,0.416667,0.360963,0.076338,854.611111,500.000000,82.534340,39.949416,41.267170,19.974708,70,70,0.500000,1300.000000,0.000000,40.000000,1.650766,0.000000
0,0.000000,0.076923,0.076923,0.042424,0.062138,119.495229,1030.013841,85.662716,39.228825,42.831358,19.614412,180,150,0.076923,1000.000000,0.000000,40.000000,1.713264,0.000000
0,-0.001178,0.200000,0.125000,0.067849,0.007337,89.000000,73.305000,66.601381,82.107198,33.300690,41.053599,170,40,0.333333,2200.000000,0.000000,30.000000,1.332062,1.642144
0,0.002893,0.166667,0.307692,0.422530,0.062342,1104.750000,300.000000,77.374924,37.879581,38.687462,18.939791,150,90,0.307692,1300.000000,0.000000,35.000000,1.547585,0.000000
0,0.000000,0.153846,0.153846,0.233305,0.054966,815.222222,400.000000,86.124441,39.199899,43.062221,19.599950,240,100,0.153846,1000.000000,0.000000,40.000000,1.722525,0.000000
0,0.000000,0.692308,0.692308,0.029070,0.150602,303.296296,441.000000,96.666667,35.555378,48.333333,17.777689,100,10,0.692308,1000.000000,0.000000,45.000000,1.933342,0.000000
0,0.000000,0.083333,0.083333,0.039845,0.226940,478.518519,941.000000,88.507375,75.504794,44.253688,37.752397,100,10,0.083333,1000.000000,0.000000,40.000000,1.770151,1.510127
0,0.002893,0.166667,0.307692,0.422530,0.062342,1104.750000,300.000000,77.374924,37.879581,38.687462,18.939791,150,70,0.307692,1300.000000,0.000000,35.000000,1.547585,0.000000
0,0.000000,0.692308,0.692308,0.029070,0.150602,303.296296,441.000000,96.666667,35.555378,48.333333,17.777689,120,10,0.692308,1000.000000,0.000000,45.000000,1.933342,0.000000
0,-0.000351,0.111111,0.083333,0.024712,0.081573,231.190000,1300.000000,48.578407,71.196902,24.289204,35.598451,40,10,0.111111,1600.000000,0.000000,20.000000,0.971570,1.423944
0,0.000000,0.153846,0.153846,0.233305,0.054966,815.222222,400.000000,86.124441,39.199899,43.062221,19.599950,240,120,0.153846,1000.000000,0.000000,40.000000,1.722525,0.000000
0,0.002185,0.666667,1.000000,0.015779,0.000000,31.979167,0.000000,33.551247,0.000000,16.775624,0.000000,60,10,1.000000,1900.000000,0.000000,15.000000,0.671033,0.000000
0,0.003452,0.250000,1.000000,0.008544,0.000000,86.510204,0.000000,79.977681,0.000000,39.988840,0.000000,40,10,1.000000,2100.000000,0.000000,35.000000,1.599555,0.000000
0,0.000000,0.050000,0.050000,0.433929,0.024019,1985.293878,149.950413,79.788950,46.428571,39.894475,23.214286,180,130,0.050000,1000.000000,0.000000,35.000000,1.595849,0.000000
0,-0.000603,0.214286,0.176471,0.892667,0.030679,26415.000000,84.231405,77.293486,37.448026,38.646743,18.724013,90,70,0.214286,1400.000000,0.000000,35.000000,1.545886,0.000000
0,-0.000268,0.090909,0.071429,0.074873,0.003430,452.250000,27.000000,57.091861,40.000000,28.545931,20.000000,70,60,0.090909,1400.000000,0.000000,25.000000,1.141875,0.000000
0,-0.000437,0.272727,0.333333,0.006927,0.216487,43.440000,1595.000000,54.785882,79.304024,27.392941,39.652012,30,10,0.454545,1700.000000,0.000000,25.000000,1.095719,1.586095
0,0.000000,0.333333,0.333333,0.119179,0.769743,1300.286470,2916.000000,86.455616,50.000000,43.227808,25.000000,180,130,0.333333,1000.000000,0.000000,40.000000,1.729118,0.000000
0,-0.000357,0.142857,0.125000,0.007941,0.003430,84.939236,27.000000,47.393243,40.000000,23.696621,20.000000,80,10,0.142857,1200.000000,0.000000,20.000000,0.947865,0.000000
0,-0.000183,0.055556,0.043478,0.057029,0.036228,700.444444,400.000000,81.265373,50.000000,40.632686,25.000000,220,50,0.055556,1300.000000,0.000000,40.000000,1.625314,0.000000
0,0.000000,0.555556,0.555556,0.025383,0.117415,58.868056,833.333333,79.360667,40.812111,39.680334,20.406056,110,10,0.555556,1000.000000,0.000000,35.000000,1.587221,0.000000
0,0.001905,0.333333,0.428571,0.090689,0.146550,602.118056,927.000000,81.179770,79.971870,40.589885,39.985935,250,130,0.428571,1100.000000,0.000000,40.000000,1.623602,1.599449
0,-0.000732,0.200000,0.153846,0.384970,0.570117,360.000000,827.000000,70.084298,77.531415,35.042149,38.765708,60,50,0.200000,1400.000000,0.000000,35.000000,1.401892,1.550829
0,-0.000732,0.200000,0.153846,0.384970,0.570117,360.000000,827.000000,70.084298,77.531415,35.042149,38.765708,90,60,0.200000,1400.000000,0.000000,35.000000,1.401892,1.550829
0,0.000000,0.166667,0.166667,0.113581,0.008589,530.250000,69.666667,81.201872,81.666645,40.600936,40.833323,240,40,0.166667,1200.000000,0.000000,40.000000,1.624050,1.633333
0,-0.000128,0.083333,0.076923,1.383122,0.121811,9901.560000,762.562500,72.868391,79.993292,36.434196,39.996646,160,140,0.083333,1400.000000,0.000000,35.000000,1.457465,1.599876
0,-0.000528,0.125000,0.071429,0.032822,0.213056,140.940000,1568.000000,52.918987,39.304024,26.459494,19.652012,40,10,0.125000,1700.000000,0.000000,25.000000,1.058384,0.000000
0,-0.002072,0.833333,0.642857,0.107134,0.720177,325.277778,5503.000000,61.233539,90.000000,30.616770,45.000000,80,30,0.956522,2800.000000,0.000000,30.000000,1.224695,1.800047
0,-0.000732,0.200000,0.153846,0.384970,0.570117,360.000000,827.000000,70.084298,77.531415,35.042149,38.765708,100,60,0.200000,1400.000000,0.000000,35.000000,1.401892,1.550829
0,0.000000,0.333333,0.333333,0.119179,0.769743,1300.286470,2916.000000,86.455616,50.000000,43.227808,25.000000,130,70,0.333333,1000.000000,0.000000,40.000000,1.729118,0.000000
0,-0.000629,0.388889,0.346154,0.005632,0.039658,524.674594,427.000000,77.894719,90.000000,38.947360,45.000000,220,70,0.388889,1300.000000,0.000000,35.000000,1.557894,1.800002
0,0.000000,0.111111,0.111111,0.034415,0.036111,97.555556,288.000000,79.997581,42.499969,39.998791,21.249985,110,70,0.111111,1000.000000,0.000000,35.000000,1.599960,0.000000
0,-0.000082,0.038462,0.033333,0.118212,0.056173,378.258616,3135.234375,73.231646,80.709212,36.615823,40.354606,190,70,0.038462,1300.000000,0.000000,35.000000,1.464654,1.614185
0,0.000000,1.000000,1.000000,0.023129,0.000000,148.000000,0.000000,74.586329,0.000000,37.293164,0.000000,130,10,1.000000,1300.000000,0.000000,35.000000,1.491740,0.000000
0,0.000000,0.043478,0.043478,0.553037,0.036228,1233.234375,400.000000,80.941758,50.000000,40.470879,25.000000,80,30,0.043478,1000.000000,0.000000,40.000000,1.618971,0.000000
0,-0.002692,0.500000,0.071429,0.009177,0.769936,174.476354,8584.234375,74.695933,90.709212,37.347966,45.354606,140,130,0.500000,1800.000000,0.000000,35.000000,1.493919,1.814232
0,0.000000,0.142857,0.142857,1.869628,0.000000,9592.388889,0.000000,76.822496,0.000000,38.411248,0.000000,120,100,0.142857,1100.000000,0.000000,35.000000,1.536632,0.000000
0,-0.002207,0.058824,0.043478,0.020967,0.040217,308.183835,281.750000,46.766065,45.790465,23.383033,22.895232,150,10,0.263158,1700.000000,0.000000,20.000000,0.935322,0.000000
0,-0.004436,0.090909,0.060606,0.092761,0.043647,314.543210,308.750000,42.192397,85.790465,21.096199,42.895232,130,10,0.500000,1900.000000,0.000000,20.000000,0.843863,1.715812
0,0.000000,0.050000,0.050000,0.433929,0.024019,1985.293878,149.950413,79.788950,46.428571,39.894475,23.214286,130,90,0.050000,1000.000000,0.000000,35.000000,1.595849,0.000000
0,0.000000,0.166667,0.166667,0.017260,0.008118,281.799479,59.387755,78.355692,74.978823,39.177846,37.489412,260,170,0.166667,1000.000000,0.000000,35.000000,1.567115,1.499577
0,-0.002588,0.571429,0.266667,0.007976,0.055725,184.817778,3135.234375,72.510185,80.709212,36.255092,40.354606,180,140,0.571429,1800.000000,0.000000,35.000000,1.450204,1.614185
0,0.000000,0.346154,0.346154,0.505055,0.039658,1106.305664,427.000000,77.664508,90.000000,38.832254,45.000000,100,30,0.346154,1000.000000,0.000000,35.000000,1.553420,1.800002
0,-0.001156,0.272727,0.200000,0.000000,0.213056,51.080625,1568.000000,22.219429,39.304024,11.109714,19.652012,10,10,0.272727,1700.000000,0.000000,10.000000,0.444389,0.000000
0,0.000342,0.636364,0.642857,2.561409,0.720177,4035.000000,5503.000000,82.428107,90.000000,41.214053,45.000000,230,50,0.642857,1300.000000,0.000000,40.000000,1.649418,1.800047
0,0.001803,0.454545,0.608696,0.006927,0.003430,55.640625,27.000000,50.345348,40.000000,25.172674,20.000000,30,10,0.608696,1700.000000,0.000000,25.000000,1.006908,0.000000
0,0.000000,0.166667,0.166667,0.043499,0.005605,93.777778,42.666667,34.283527,41.666645,17.141763,20.833323,60,10,0.166667,1500.000000,0.000000,15.000000,0.685683,0.000000
0,-0.000359,0.090909,0.071429,2.586185,0.769936,3919.917355,8584.234375,75.993276,90.709212,37.996638,45.354606,190,50,0.090909,1300.000000,0.000000,35.000000,1.520733,1.814232
0,-0.000270,0.318182,0.307692,0.027521,0.114439,117.808361,1792.000000,76.236667,39.293029,38.118334,19.646515,180,150,0.333333,1200.000000,0.000000,35.000000,1.524737,0.000000
0,0.001758,0.181818,0.250000,0.447660,0.587567,2668.493827,1500.000000,73.717807,83.333333,36.858904,41.666667,170,120,0.250000,1200.000000,0.000000,35.000000,1.474398,1.666840
0,-0.000820,0.666667,0.555556,0.060473,0.050112,272.000000,379.080000,62.500000,50.000000,31.250000,25.000000,210,10,0.666667,1900.000000,0.000000,30.000000,1.250007,0.000000
0,0.001758,0.181818,0.250000,0.422744,0.587567,2668.493827,1500.000000,73.717807,83.333333,36.858904,41.666667,120,60,0.250000,1200.000000,0.000000,35.000000,1.474390,1.666840
0,0.000000,0.166667,0.166667,0.014595,0.126740,94.680000,800.000000,91.428323,50.000000,45.714162,25.000000,80,80,0.166667,1200.000000,0.000000,45.000000,1.828568,0.000000
0,-0.000820,0.666667,0.555556,0.060473,0.050112,272.000000,379.080000,62.500000,50.000000,31.250000,25.000000,80,10,0.666667,1900.000000,0.000000,30.000000,1.250007,0.000000
0,0.000000,0.421053,0.421053,0.184370,0.065747,1420.160000,700.000000,84.292742,89.999993,42.146371,44.999997,260,50,0.421053,1000.000000,0.000000,40.000000,1.685867,1.800003
0,0.000000,0.166667,0.166667,0.004113,0.147704,154.479339,900.000000,85.631077,50.000000,42.815539,25.000000,190,20,0.166667,1000.000000,0.000000,40.000000,1.712622,0.000000
0,0.000000,0.181818,0.181818,0.469108,0.013335,5310.166667,74.853770,75.413935,85.429907,37.706967,42.714953,170,120,0.181818,1100.000000,0.000000,35.000000,1.508300,1.708600
0,0.000000,0.421053,0.421053,0.184370,0.065747,1420.160000,700.000000,84.292742,89.999993,42.146371,44.999997,50,40,0.421053,1000.000000,0.000000,40.000000,1.685867,1.800003
0,-0.000395,0.363636,0.346154,0.218403,0.020473,813.535354,16.000000,76.698393,29.994941,38.349197,14.997470,240,150,0.375000,1200.000000,0.000000,35.000000,1.533997,0.000000
0,0.000000,0.111111,0.111111,1.540469,1.287160,25210.666667,8712.000000,76.105753,40.364799,38.052877,20.182399,150,70,0.111111,1000.000000,0.000000,35.000000,1.522163,0.000000
0,-0.000065,0.058824,0.055556,0.049777,0.158298,270.132716,984.231405,76.207313,91.274338,38.103657,45.637169,100,60,0.058824,1200.000000,0.000000,35.000000,1.524151,1.825500
0,-0.000317,0.100000,0.055556,0.297886,0.158298,1324.000000,984.231405,32.056138,91.274338,16.028069,45.637169,80,10,0.100000,2100.000000,0.000000,15.000000,0.641157,1.825500
0,-0.000340,0.444444,0.428571,0.091276,0.168851,545.813827,1049.950413,84.412415,100.000000,42.206208,50.000000,170,60,0.450000,1200.000000,0.000000,40.000000,1.688256,2.000014
0,0.000000,0.800000,0.800000,0.128016,0.306210,946.000000,2164.000000,84.166578,91.110755,42.083289,45.555377,40,10,0.800000,1000.000000,0.000000,40.000000,1.683341,1.822237
0,0.002172,0.300000,0.714286,0.141767,0.201738,634.250000,1400.000000,81.243059,39.998431,40.621529,19.999216,120,100,0.714286,1700.000000,0.000000,40.000000,1.624878,0.000000
0,0.000000,0.800000,0.800000,0.128016,0.306210,946.000000,2164.000000,84.166578,91.110755,42.083289,45.555377,260,10,0.800000,1000.000000,0.000000,40.000000,1.683341,1.822237
0,0.000000,0.148148,0.148148,0.191904,0.055632,2110.937500,416.000000,86.410788,79.994941,43.205394,39.997470,260,40,0.148148,1000.000000,0.000000,40.000000,1.728227,1.599913
0,0.000000,0.200000,0.200000,0.017153,0.001458,106.666667,16.000000,79.349811,42.500000,39.674905,21.250000,70,40,0.200000,1000.000000,0.000000,35.000000,1.586998,0.000000
0,0.000000,0.166667,0.166667,0.014595,0.126740,94.680000,800.000000,91.428323,50.000000,45.714162,25.000000,120,80,0.166667,1200.000000,0.000000,45.000000,1.828568,0.000000
0,0.000000,1.000000,1.000000,0.006126,0.439863,64.000000,600.000000,79.866498,33.333333,39.933249,16.666667,130,10,1.000000,1100.000000,0.000000,35.000000,1.597331,0.000000
0,0.000000,0.166667,0.166667,0.014595,0.126740,94.680000,800.000000,91.428323,50.000000,45.714162,25.000000,130,80,0.166667,1200.000000,0.000000,45.000000,1.828568,0.000000
0,-0.000878,0.222222,0.166667,0.140009,0.049212,226.266667,500.000000,76.484593,39.999680,38.242296,19.999840,140,30,0.222222,1300.000000,0.000000,35.000000,1.529739,0.000000
0,-0.000340,0.444444,0.428571,0.091276,0.168851,545.813827,1049.950413,84.412415,100.000000,42.206208,50.000000,80,60,0.450000,1200.000000,0.000000,40.000000,1.688256,2.000014
0,0.000000,0.148148,0.148148,0.191904,0.055632,2110.937500,416.000000,86.410788,79.994941,43.205394,39.997470,260,260,0.148148,1000.000000,0.000000,40.000000,1.728227,1.599913
0,-0.002725,0.200000,0.428571,0.094916,0.168851,75.111111,1049.950413,69.558158,100.000000,34.779079,50.000000,30,30,1.000000,2600.000000,0.000000,30.000000,1.391228,2.000014
0,-0.005415,1.000000,0.428571,0.518655,0.168851,278.720000,1049.950413,43.860355,100.000000,21.930177,50.000000,110,20,1.000000,1800.000000,0.000000,20.000000,0.877724,2.000014
0,0.000000,0.166667,0.166667,0.004113,0.147704,154.479339,900.000000,85.631077,50.000000,42.815539,25.000000,80,20,0.166667,1000.000000,0.000000,40.000000,1.712622,0.000000
0,0.000000,0.250000,0.250000,0.300111,0.598286,2150.346939,3402.777778,76.243668,37.999131,38.121834,18.999566,240,20,0.250000,1000.000000,0.000000,35.000000,1.524894,0.000000
0,0.000000,0.600000,0.600000,0.164761,0.166640,281.000000,512.000000,88.295173,43.750000,44.147586,21.875000,70,10,0.600000,1100.000000,0.000000,40.000000,1.765959,0.000000
0,-0.000476,0.166667,0.142857,0.004506,0.353267,63.222222,702.892734,51.999975,45.833333,25.999987,22.916667,110,10,0.166667,1100.000000,0.000000,25.000000,1.040000,0.000000
0,0.000000,0.600000,0.600000,0.164761,0.166640,281.000000,512.000000,88.295173,43.750000,44.147586,21.875000,200,10,0.600000,1100.000000,0.000000,40.000000,1.765959,0.000000
0,-0.001176,0.666667,0.625000,0.311018,0.115177,304.000000,121.500000,81.250000,50.000000,40.625000,25.000000,100,10,0.714286,1600.000000,0.000000,40.000000,1.625168,0.000000
0,0.000000,0.250000,0.250000,0.063888,0.009340,1255.937500,14.816327,52.017313,34.469617,26.008657,17.234808,260,10,0.250000,1100.000000,0.000000,25.000000,1.040348,0.000000
0,0.000000,0.600000,0.600000,0.164761,0.166640,281.000000,512.000000,88.295173,43.750000,44.147586,21.875000,190,10,0.600000,1100.000000,0.000000,40.000000,1.765959,0.000000
0,-0.001176,0.666667,0.625000,0.311018,0.115177,304.000000,121.500000,81.250000,50.000000,40.625000,25.000000,90,10,0.714286,1600.000000,0.000000,40.000000,1.625168,0.000000
0,0.000000,0.500000,0.500000,0.346409,0.009325,742.000000,1706.666667,71.917599,38.029188,35.958799,19.014594,120,70,0.500000,1000.000000,0.000000,35.000000,1.438434,0.000000
0,0.000000,0.250000,0.250000,0.007404,0.000000,47.388889,0.000000,85.206552,0.000000,42.603276,0.000000,100,70,0.250000,1200.000000,0.000000,40.000000,1.704132,0.000000
0,0.000000,0.500000,0.500000,0.009069,0.097840,87.975425,2095.250000,54.149753,39.201227,27.074876,19.600614,200,10,0.500000,1100.000000,0.000000,25.000000,1.082996,0.000000
0,0.000000,0.555556,0.555556,1.246275,1.988915,23315.666667,7058.333333,88.195354,45.238095,44.097677,22.619048,150,20,0.555556,1000.000000,0.000000,40.000000,1.763941,0.000000
0,0.000000,0.555556,0.555556,1.246275,1.988915,23315.666667,7058.333333,88.195354,45.238095,44.097677,22.619048,130,20,0.555556,1000.000000,0.000000,40.000000,1.763941,0.000000
0,0.000000,0.250000,0.250000,0.006562,0.000000,47.222222,0.000000,49.949418,0.000000,24.974709,0.000000,80,10,0.250000,1400.000000,0.000000,20.000000,0.998989,0.000000
0,-0.001176,0.666667,0.625000,0.311018,0.115177,304.000000,121.500000,81.250000,50.000000,40.625000,25.000000,50,10,0.714286,1600.000000,0.000000,40.000000,1.625168,0.000000
0,-0.000284,0.250000,0.222222,1.317546,0.034299,7033.500000,288.000000,79.736366,42.500000,39.868183,21.250000,110,60,0.250000,1400.000000,0.000000,35.000000,1.594851,0.000000
0,-0.001524,0.833333,0.714286,0.082873,0.680379,4378.687500,580.000000,79.703641,55.999975,39.851821,27.999987,190,120,0.833333,1300.000000,0.000000,35.000000,1.594078,1.120402
0,-0.003333,1.000000,0.833333,0.040913,0.314495,1232.000000,658.000000,70.568224,68.249999,35.284112,34.124999,200,10,1.000000,1200.000000,0.000000,35.000000,1.411365,1.365083
0,-0.000147,0.125000,0.117647,0.122216,0.000000,2184.777778,0.000000,71.773349,0.000000,35.886675,0.000000,100,60,0.125000,1100.000000,0.000000,35.000000,1.435471,0.000000
0,-0.000074,0.062500,0.058824,0.297149,0.051774,3248.590278,300.000000,72.248631,39.999915,36.124316,19.999958,210,60,0.062500,1100.000000,0.000000,35.000000,1.444990,0.000000
0,0.000000,0.100000,0.100000,0.088205,1.743681,511.198770,13265.265000,80.960528,89.904260,40.480264,44.952130,240,100,0.100000,1200.000000,0.000000,40.000000,1.619218,1.798200
0,-0.000115,0.062500,0.052632,0.262212,1.179169,510.042969,900.000000,66.565023,81.540473,33.282512,40.770237,170,20,0.062500,1600.000000,0.000000,30.000000,1.331368,1.631924
0,0.000000,0.100000,0.100000,0.011123,0.007159,129.375000,77.777778,51.159012,41.428572,25.579506,20.714286,100,10,0.100000,1200.000000,0.000000,25.000000,1.023181,0.000000
0,0.000102,0.384615,0.315789,0.159430,0.030180,1162.222222,355.555556,44.328071,79.945392,22.164036,39.972696,220,10,0.384615,1700.000000,0.000000,20.000000,0.886577,1.598909
0,-0.005774,1.000000,0.200000,0.020493,0.077443,171.647383,772.265000,47.690009,50.000000,23.845005,25.000000,200,10,1.000000,1600.000000,0.000000,20.000000,0.953801,0.000000
0,-0.000222,0.111111,0.100000,0.008562,0.025186,184.448864,80.000000,86.089999,40.000000,43.044999,20.000000,210,60,0.111111,1100.000000,0.000000,40.000000,1.721800,0.000000
0,0.000000,1.000000,1.000000,0.162396,0.239637,857.400000,1337.875000,51.342564,71.601539,25.671282,35.800770,20,10,1.000000,1400.000000,0.000000,25.000000,1.026867,1.432055
0,0.001156,0.125000,0.200000,0.004736,0.000000,48.523997,0.000000,57.149216,0.000000,28.574608,0.000000,40,10,0.222222,1300.000000,0.000000,25.000000,1.142985,0.000000
0,-0.000058,0.055556,0.052632,0.288888,0.176866,1551.986111,937.875000,81.615694,71.601557,40.807847,35.800779,60,40,0.055556,1200.000000,0.000000,40.000000,1.632341,1.432051
0,0.000017,0.363636,0.421053,0.029538,0.000000,100.690000,0.000000,47.431932,0.000000,23.715966,0.000000,120,10,0.461538,2100.000000,0.000000,20.000000,0.948644,0.000000
0,-0.000220,0.045455,0.032258,0.055930,0.000000,1417.220142,0.000000,56.025014,0.000000,28.012507,0.000000,200,10,0.045455,1300.000000,0.000000,25.000000,1.120501,0.000000
0,0.000000,1.000000,1.000000,0.394517,0.000000,485.333333,0.000000,63.878856,0.000000,31.939428,0.000000,150,10,1.000000,1500.000000,0.000000,30.000000,1.277805,0.000000
0,0.000000,0.125000,0.125000,0.069708,0.153745,441.876543,637.875000,80.399991,31.601557,40.199996,15.800779,130,60,0.125000,1000.000000,0.000000,40.000000,1.608005,0.000000
0,-0.002839,0.800000,0.562500,0.066304,0.001199,505.000000,11.111111,79.971865,42.501257,39.985932,21.250628,130,100,0.833333,2000.000000,0.000000,35.000000,1.599442,0.000000
0,-0.000182,0.100000,0.090909,0.059098,0.005141,313.775510,56.250000,82.539328,40.755466,41.269664,20.377733,300,160,0.100000,1400.000000,0.000000,40.000000,1.650792,0.000000
0,-0.000222,0.111111,0.100000,0.008562,0.025186,184.448864,80.000000,86.089999,40.000000,43.044999,20.000000,120,60,0.111111,1100.000000,0.000000,40.000000,1.721800,0.000000
0,-0.000889,0.444444,0.400000,0.030018,1.666238,167.756944,12493.000000,79.422796,39.904260,39.711398,19.952130,100,50,0.444444,1200.000000,0.000000,35.000000,1.588459,0.000000
0,0.000000,0.100000,0.100000,0.030613,1.666238,195.287420,12493.000000,69.419745,39.904260,34.709873,19.952130,110,30,0.100000,1100.000000,0.000000,30.000000,1.388398,0.000000
0,0.000000,0.500000,0.500000,0.065540,0.012676,1240.937500,119.555556,56.410877,89.995658,28.205439,44.997829,280,260,0.500000,1400.000000,0.000000,25.000000,1.128219,1.799914
0,0.000967,0.041667,0.090909,0.013354,0.078810,323.235970,613.888889,82.329382,90.828891,41.164691,45.414446,180,10,0.090909,1600.000000,0.000000,40.000000,1.646589,1.816597
0,-0.000028,0.038462,0.037037,0.613560,0.283742,3148.103112,2280.099934,78.319119,81.086544,39.159559,40.543272,270,240,0.038462,1300.000000,0.000000,35.000000,1.566452,1.621749
0,0.004473,0.100000,0.363636,0.364099,0.460925,778.250000,3190.000000,74.412628,90.474348,37.206314,45.237174,120,110,0.363636,1300.000000,0.000000,35.000000,1.488338,1.809520
0,-0.000390,0.333333,0.285714,0.964358,0.019231,18288.000000,1391.863905,36.676547,39.451729,18.338273,19.725864,140,10,0.333333,1500.000000,0.000000,15.000000,0.733556,0.000000
0,-0.004389,0.714286,0.285714,0.011842,0.000000,58.666667,0.000000,76.248230,0.000000,38.124115,0.000000,70,20,0.714286,1400.000000,0.000000,35.000000,1.524966,0.000000
0,-0.000288,0.111111,0.090909,0.804368,0.092818,1444.160000,900.000000,73.106478,90.000000,36.553239,45.000000,210,200,0.111111,1300.000000,0.000000,35.000000,1.462363,1.800005
0,0.001385,0.222222,0.272727,1.383360,0.042110,4328.000000,355.555556,75.367423,79.995658,37.683712,39.997829,170,100,0.272727,2300.000000,0.000000,35.000000,1.507619,1.599916
0,0.001067,0.333333,0.400000,0.187618,0.118801,942.052500,955.555556,83.801956,89.995658,41.900978,44.997829,280,210,0.400000,1200.000000,0.000000,40.000000,1.676059,1.799921
0,0.000000,0.500000,0.500000,0.065540,0.012676,1240.937500,119.555556,56.410877,89.995658,28.205439,44.997829,260,190,0.500000,1400.000000,0.000000,25.000000,1.128219,1.799914
0,-0.001204,0.400000,0.375000,0.034788,0.000000,172.628099,0.000000,73.588778,0.000000,36.794389,0.000000,40,30,0.500000,1900.000000,0.000000,35.000000,1.471779,0.000000
0,0.000000,0.200000,0.200000,0.026206,0.366617,205.113281,1200.000000,71.154620,83.333067,35.577310,41.666533,240,10,0.200000,1000.000000,0.000000,35.000000,1.423095,1.666744
0,0.001067,0.333333,0.400000,0.187618,0.118801,942.052500,955.555556,83.801956,89.995658,41.900978,44.997829,280,100,0.400000,1200.000000,0.000000,40.000000,1.676059,1.799921
0,0.001829,0.142857,0.285714,0.033995,0.008911,32.666667,71.777344,75.643440,41.121172,37.821720,20.560586,110,30,0.285714,1300.000000,0.000000,35.000000,1.512898,0.000000
0,0.001935,0.083333,0.181818,0.204236,0.028102,1018.962963,69.444444,82.791108,80.824549,41.395554,40.412275,240,10,0.181818,1600.000000,0.000000,40.000000,1.655849,1.616507
0,-0.000853,0.400000,0.333333,0.009689,0.007841,100.000000,27.000000,39.035217,40.000000,19.517608,20.000000,30,10,0.400000,1500.000000,0.000000,15.000000,0.780705,0.000000
0,0.000000,0.500000,0.500000,0.036688,0.021038,177.222222,13.888889,48.333339,40.828891,24.166670,20.414446,70,10,0.500000,1000.000000,0.000000,20.000000,0.966671,0.000000
0,0.004473,0.100000,0.363636,0.364099,0.460925,778.250000,3190.000000,74.412628,90.474348,37.206314,45.237174,150,120,0.363636,1300.000000,0.000000,35.000000,1.488338,1.809520
0,0.000000,0.142857,0.142857,0.003428,0.008645,41.000000,72.406250,52.194106,82.474683,26.097053,41.237341,90,10,0.142857,1000.000000,0.000000,25.000000,1.043882,1.649494
0,0.000000,0.600000,0.600000,0.279717,0.315909,944.208333,655.555556,68.226745,73.328724,34.113372,36.664362,300,10,0.600000,1000.000000,0.000000,30.000000,1.364579,1.466654
0,0.000000,0.250000,0.250000,0.279717,0.007064,907.208333,55.555556,51.560078,39.995658,25.780039,19.997829,300,10,0.250000,1000.000000,0.000000,25.000000,1.031246,0.000000
0,0.004473,0.100000,0.363636,0.364099,0.460925,778.250000,3190.000000,74.412628,90.474348,37.206314,45.237174,160,120,0.363636,1300.000000,0.000000,35.000000,1.488338,1.809520
0,-0.002857,0.285714,0.142857,0.172496,0.000000,930.222222,0.000000,77.627418,0.000000,38.813709,0.000000,320,40,0.285714,1200.000000,0.000000,35.000000,1.552564,0.000000
0,-0.000220,0.153846,0.142857,0.015490,0.009925,218.914141,80.000000,94.089995,50.000000,47.044997,25.000000,210,60,0.153846,1300.000000,0.000000,45.000000,1.881801,0.000000
0,0.000000,0.250000,0.250000,0.017434,0.009925,157.666667,80.000000,50.000000,50.000000,25.000000,25.000000,150,10,0.250000,1000.000000,0.000000,25.000000,1.000001,0.000000
0,0.000000,0.857143,0.857143,0.152869,0.000000,1158.000000,0.000000,80.036351,0.000000,40.018176,0.000000,250,170,0.857143,1100.000000,0.000000,40.000000,1.600737,0.000000
0,0.000000,0.800000,0.800000,1.801031,0.149353,3432.750000,1100.000000,42.438075,38.843385,21.219037,19.421692,220,10,0.800000,1400.000000,0.000000,20.000000,0.849243,0.000000
0,-0.000220,0.153846,0.142857,0.015490,0.009925,218.914141,80.000000,94.089995,50.000000,47.044997,25.000000,210,100,0.153846,1300.000000,0.000000,45.000000,1.881801,0.000000
0,0.000000,0.250000,0.250000,0.017434,0.009925,157.666667,80.000000,50.000000,50.000000,25.000000,25.000000,240,10,0.250000,1000.000000,0.000000,25.000000,1.000001,0.000000
0,-0.003474,0.625000,0.285714,0.050272,0.061702,210.044622,583.943289,71.663738,50.000000,35.831869,25.000000,180,60,0.625000,2000.000000,0.000000,35.000000,1.433283,0.000000
0,0.001047,0.125000,0.222222,0.330171,0.009925,873.600000,80.000000,83.291180,50.000000,41.645590,25.000000,180,150,0.222222,1600.000000,0.000000,40.000000,1.665889,0.000000
0,-0.002500,1.000000,0.875000,0.023726,0.220222,192.000000,1900.250000,49.664871,77.547121,24.832435,38.773561,240,10,1.000000,1200.000000,0.000000,20.000000,0.993299,1.550955
0,-0.000379,0.210526,0.186047,0.005890,0.009925,211.979339,80.000000,72.120175,50.000000,36.060087,25.000000,120,30,0.210526,1300.000000,0.000000,35.000000,1.442404,0.000000
0,-0.000788,0.142857,0.117647,0.036556,0.149870,131.970000,1588.000000,84.448840,87.458770,42.224420,43.729385,100,80,0.400000,2800.000000,0.000000,40.000000,1.688983,1.749183
0,0.001047,0.125000,0.222222,0.330171,0.009925,873.600000,80.000000,83.291180,50.000000,41.645590,25.000000,150,90,0.222222,1600.000000,0.000000,40.000000,1.665889,0.000000
0,-0.000788,0.142857,0.117647,0.036556,0.149870,131.970000,1588.000000,84.448840,87.458770,42.224420,43.729385,170,80,0.400000,2800.000000,0.000000,40.000000,1.688983,1.749183
0,0.000000,0.400000,0.400000,0.820278,0.003581,5639.111111,1141.156250,80.236348,39.481714,40.118174,19.740857,200,30,0.400000,1000.000000,0.000000,40.000000,1.604787,0.000000
0,-0.000379,0.210526,0.186047,0.005890,0.009925,211.979339,80.000000,72.120175,50.000000,36.060087,25.000000,210,30,0.210526,1300.000000,0.000000,35.000000,1.442404,0.000000
0,-0.000220,0.153846,0.142857,0.015490,0.009925,218.914141,80.000000,94.089995,50.000000,47.044997,25.000000,120,100,0.153846,1300.000000,0.000000,45.000000,1.881801,0.000000
0,0.000000,0.200000,0.200000,0.013018,0.008311,95.502959,63.581315,81.600054,41.316463,40.800027,20.658231,150,30,0.200000,1000.000000,0.000000,40.000000,1.632002,0.000000
0,-0.000220,0.153846,0.142857,0.015490,0.009925,218.914141,80.000000,94.089995,50.000000,47.044997,25.000000,120,60,0.153846,1300.000000,0.000000,45.000000,1.881801,0.000000
0,-0.007500,0.750000,0.375000,0.004530,0.013540,49.444444,52.937500,56.000000,35.714057,28.000000,17.857029,140,10,0.750000,1200.000000,0.000000,25.000000,1.120000,0.000000
0,0.000000,0.250000,0.250000,0.246783,0.125755,1627.812500,1020.000000,77.455107,81.089625,38.727553,40.544812,250,180,0.250000,1100.000000,0.000000,35.000000,1.549121,1.621801
0,0.000000,0.300000,0.300000,0.134760,0.570825,395.295000,392.160000,74.166603,89.916252,37.083302,44.958126,270,60,0.300000,1200.000000,0.000000,35.000000,1.483367,1.798820
0,-0.000176,0.153846,0.142857,0.009891,0.000000,92.620753,0.000000,78.030180,0.000000,39.015090,0.000000,100,30,0.153846,1400.000000,0.000000,35.000000,1.560605,0.000000
0,0.000000,0.300000,0.300000,0.134760,0.570825,395.295000,392.160000,74.166603,89.916252,37.083302,44.958126,340,60,0.300000,1200.000000,0.000000,35.000000,1.483367,1.798820
0,0.000000,0.071429,0.071429,0.011588,0.001888,85.571429,25.000000,91.866577,40.000000,45.933289,20.000000,240,90,0.071429,1100.000000,0.000000,45.000000,1.837332,0.000000
0,-0.000580,0.166667,0.111111,0.014258,0.180811,85.777778,676.861111,52.857143,46.428571,26.428571,23.214286,80,10,0.166667,1600.000000,0.000000,25.000000,1.057145,0.000000
0,0.001398,0.666667,1.000000,0.006657,0.000000,29.201389,0.000000,78.818912,0.000000,39.409456,0.000000,60,20,1.000000,1800.000000,0.000000,35.000000,1.576379,0.000000
0,-0.000176,0.153846,0.142857,0.009891,0.000000,92.620753,0.000000,78.030180,0.000000,39.015090,0.000000,60,30,0.153846,1400.000000,0.000000,35.000000,1.560605,0.000000
0,0.000000,0.142857,0.142857,0.005182,0.000000,61.735890,0.000000,96.398515,0.000000,48.199257,0.000000,140,10,0.142857,1000.000000,0.000000,45.000000,1.927971,0.000000
0,-0.000698,0.600000,0.545455,0.186056,0.054344,1193.187500,126.562500,51.634294,36.638564,25.817147,18.319282,210,10,0.600000,1500.000000,0.000000,25.000000,1.032701,0.000000
0,0.000000,0.071429,0.071429,0.011588,0.001888,85.571429,25.000000,91.866577,40.000000,45.933289,20.000000,240,130,0.071429,1100.000000,0.000000,45.000000,1.837332,0.000000
0,0.005338,0.285714,0.545455,0.031668,0.875456,248.760000,1510.000000,60.000008,86.006323,30.000004,43.003161,260,10,0.545455,1300.000000,0.000000,30.000000,1.200002,1.720663
0,0.000000,0.285714,0.285714,0.097453,0.005129,2235.600000,54.000000,87.575800,50.000000,43.787900,25.000000,260,210,0.285714,1000.000000,0.000000,40.000000,1.751522,0.000000
0,-0.001295,1.000000,0.857143,0.020493,0.180811,180.536272,676.861111,45.690348,46.428571,22.845174,23.214286,200,10,1.000000,1900.000000,0.000000,20.000000,0.913808,0.000000
0,-0.000878,0.333333,0.200000,0.297935,0.611166,1753.750000,4980.360000,72.404895,40.940330,36.202447,20.470165,200,190,0.333333,1700.000000,0.000000,35.000000,1.448123,0.000000
0,0.000000,0.142857,0.142857,0.005182,0.000000,61.735890,0.000000,96.398515,0.000000,48.199257,0.000000,100,10,0.142857,1000.000000,0.000000,45.000000,1.927971,0.000000
0,-0.000580,0.166667,0.111111,0.014258,0.180811,85.777778,676.861111,52.857143,46.428571,26.428571,23.214286,40,10,0.166667,1600.000000,0.000000,25.000000,1.057145,0.000000
0,0.000000,0.285714,0.285714,0.097453,0.005129,2235.600000,54.000000,87.575800,50.000000,43.787900,25.000000,260,160,0.285714,1000.000000,0.000000,40.000000,1.751522,0.000000
0,0.000000,0.555556,0.555556,0.123268,0.127619,672.222222,1000.000000,73.328078,39.949403,36.664039,19.974702,150,60,0.555556,1000.000000,0.000000,35.000000,1.466578,0.000000
0,0.005338,0.285714,0.545455,0.031668,0.875456,248.760000,1510.000000,60.000008,86.006323,30.000004,43.003161,330,10,0.545455,1300.000000,0.000000,30.000000,1.200002,1.720663
0,0.000000,0.285714,0.285714,0.097453,0.005129,2235.600000,54.000000,87.575800,50.000000,43.787900,25.000000,260,200,0.285714,1000.000000,0.000000,40.000000,1.751522,0.000000
0,0.000493,0.555556,0.857143,0.056768,0.180811,607.611111,676.861111,80.081191,46.428571,40.040596,23.214286,210,60,0.923077,1800.000000,0.000000,40.000000,1.601627,0.000000
0,-0.000649,0.285714,0.200000,0.531261,0.745351,1458.444444,2326.000000,73.800923,72.925937,36.900462,36.462969,200,90,0.285714,1700.000000,0.000000,35.000000,1.476129,1.458767
0,0.000000,0.181818,0.181818,6.613185,0.067701,40247.750000,600.000000,91.392667,50.000000,45.696334,25.000000,210,140,0.181818,1000.000000,0.000000,45.000000,1.828397,0.000000
0,-0.000404,0.111111,0.090909,0.043804,0.085094,919.200000,2430.725762,74.081589,39.934935,37.040795,19.967468,210,120,0.111111,1200.000000,0.000000,35.000000,1.481634,0.000000
0,0.000000,0.222222,0.222222,0.006366,0.007848,75.000000,35.076531,41.595003,37.229026,20.797502,18.614513,140,10,0.222222,1000.000000,0.000000,20.000000,0.831901,0.000000
0,-0.000140,0.100000,0.083333,0.016342,0.053872,108.375000,671.673469,36.656479,38.205445,18.328240,19.102722,90,10,0.100000,1700.000000,0.000000,15.000000,0.733131,0.000000
0,0.000000,0.571429,0.571429,0.057932,0.003052,182.750000,37.500000,79.957774,41.663315,39.978887,20.831657,130,100,0.571429,1400.000000,0.000000,35.000000,1.599169,0.000000
0,0.000000,0.416667,0.416667,0.439068,0.064307,348.682292,623.795200,82.959937,50.000000,41.479968,25.000000,160,80,0.416667,1000.000000,0.000000,40.000000,1.659488,0.000000
0,-0.000323,0.111111,0.090909,0.028271,0.000000,217.842975,0.000000,67.994030,0.000000,33.997015,0.000000,180,30,0.111111,1500.000000,0.000000,30.000000,1.359883,0.000000
0,0.000000,0.181818,0.181818,6.613185,0.067701,40247.750000,600.000000,91.392667,50.000000,45.696334,25.000000,190,140,0.181818,1000.000000,0.000000,45.000000,1.828397,0.000000
0,0.000000,0.250000,0.250000,0.008599,0.000000,106.199653,0.000000,41.379593,0.000000,20.689797,0.000000,60,10,0.250000,1200.000000,0.000000,20.000000,0.827592,0.000000
0,0.004738,0.562500,1.000000,0.016342,0.000000,111.301775,0.000000,54.441255,0.000000,27.220627,0.000000,90,10,1.000000,1700.000000,0.000000,25.000000,1.088827,0.000000
0,-0.000182,0.100000,0.090909,0.002690,0.000000,39.676775,0.000000,46.011284,0.000000,23.005642,0.000000,20,10,0.100000,1600.000000,0.000000,20.000000,0.920226,0.000000
0,0.004836,0.090909,0.416667,0.020967,0.064307,295.983210,623.795200,51.206599,50.000000,25.603300,25.000000,150,10,0.454545,2500.000000,0.000000,25.000000,1.024133,0.000000
0,-0.001024,0.500000,0.400000,0.008729,0.000000,43.640625,0.000000,55.201967,0.000000,27.600983,0.000000,80,10,0.500000,1500.000000,0.000000,25.000000,1.104041,0.000000
0,0.000000,0.200000,0.200000,0.009207,0.000000,79.360000,0.000000,49.441781,0.000000,24.720890,0.000000,20,10,0.200000,1000.000000,0.000000,20.000000,0.988836,0.000000
0,0.000476,0.833333,0.857143,0.004044,0.000000,43.375000,0.000000,46.661639,0.000000,23.330820,0.000000,250,10,0.857143,1700.000000,0.000000,20.000000,0.933233,0.000000
0,0.000000,0.818182,0.818182,0.003599,0.006470,35.526667,64.000000,51.666400,39.999470,25.833200,19.999735,100,10,0.818182,1000.000000,0.000000,25.000000,1.033328,0.000000
0,0.000000,0.090909,0.090909,0.211213,0.058179,310.672500,576.733728,53.571429,50.000000,26.785714,25.000000,90,10,0.090909,1000.000000,0.000000,25.000000,1.071504,0.000000
0,0.000000,0.181818,0.181818,0.007806,0.000000,51.360000,0.000000,50.604734,0.000000,25.302367,0.000000,30,10,0.181818,1000.000000,0.000000,25.000000,1.012096,0.000000
0,0.000000,0.090909,0.090909,0.031911,0.239067,132.360000,1183.360000,46.011049,37.926257,23.005525,18.963128,200,10,0.090909,1000.000000,0.000000,20.000000,0.920225,0.000000
0,0.000000,0.090909,0.090909,0.211213,0.058179,310.672500,576.733728,53.571429,50.000000,26.785714,25.000000,310,10,0.090909,1000.000000,0.000000,25.000000,1.071504,0.000000
0,-0.000176,0.058824,0.050000,0.008483,0.016895,91.379592,139.360947,84.949416,42.586494,42.474708,21.293247,240,10,0.058824,1100.000000,0.000000,40.000000,1.698989,0.000000
0,-0.001380,0.181818,0.100000,0.525646,0.046519,904.515625,534.803841,80.628603,50.000000,40.314302,25.000000,230,80,0.181818,1200.000000,0.000000,40.000000,1.612868,0.000000
0,-0.004529,0.937500,0.700000,0.002245,0.553856,118.906250,2600.000000,85.000000,93.999841,42.500000,46.999920,30,10,0.937500,1200.000000,0.000000,40.000000,1.700000,1.880061
0,-0.002857,1.000000,0.857143,0.920908,0.000000,2267.333333,0.000000,42.541175,0.000000,21.270588,0.000000,280,10,1.000000,1100.000000,0.000000,20.000000,0.851013,0.000000
0,-0.001868,0.250000,0.100000,0.024977,0.046519,709.491124,534.803841,78.932547,50.000000,39.466274,25.000000,220,150,0.250000,2000.000000,0.000000,35.000000,1.578652,0.000000
0,0.000000,0.111111,0.111111,0.282273,0.673688,1964.000000,3499.489796,80.833040,36.148384,40.416520,18.074192,200,180,0.111111,1000.000000,0.000000,40.000000,1.616681,0.000000
0,0.009000,0.250000,0.700000,0.010254,0.553856,83.406250,2600.000000,50.000000,93.999841,25.000000,46.999920,160,10,0.700000,1100.000000,0.000000,25.000000,1.000001,1.880061
0,-0.004529,0.937500,0.700000,0.002245,0.553856,118.906250,2600.000000,85.000000,93.999841,42.500000,46.999920,260,10,0.937500,1200.000000,0.000000,40.000000,1.700000,1.880061
0,0.000000,0.666667,0.666667,0.628283,0.055210,2556.267500,45.000000,75.482427,40.000000,37.741214,20.000000,290,180,0.666667,1000.000000,0.000000,35.000000,1.509750,0.000000
0,0.000000,0.083333,0.083333,0.007155,0.009256,55.067755,98.839506,76.407452,80.884280,38.203726,40.442140,400,270,0.083333,1000.000000,0.000000,35.000000,1.528150,1.617686
0,-0.004529,0.937500,0.700000,0.002245,0.553856,118.906250,2600.000000,85.000000,93.999841,42.500000,46.999920,150,10,0.937500,1200.000000,0.000000,40.000000,1.700000,1.880061
0,-0.001144,0.181818,0.100000,0.552787,0.000000,601.164461,0.000000,77.509625,0.000000,38.754812,0.000000,220,10,0.181818,1300.000000,0.000000,35.000000,1.550458,0.000000
0,0.000667,0.500000,0.533333,1.432763,0.047606,8846.979592,441.082645,79.456984,40.357762,39.728492,20.178881,290,240,0.533333,1100.000000,0.000000,35.000000,1.589256,0.000000
0,0.009000,0.250000,0.700000,0.010254,0.553856,83.406250,2600.000000,50.000000,93.999841,25.000000,46.999920,40,10,0.700000,1100.000000,0.000000,25.000000,1.000001,1.880061
0,-0.001429,0.500000,0.428571,0.002310,0.006492,47.680000,71.839506,51.429258,40.884270,25.714629,20.442135,390,10,0.500000,1100.000000,0.000000,25.000000,1.028585,0.000000
0,0.009000,0.250000,0.700000,0.010254,0.553856,83.406250,2600.000000,50.000000,93.999841,25.000000,46.999920,270,10,0.700000,1100.000000,0.000000,25.000000,1.000001,1.880061
0,0.000000,0.142857,0.142857,0.025671,0.014525,60.000000,163.350000,71.813122,35.389186,35.906561,17.694593,400,360,0.142857,1000.000000,0.000000,35.000000,1.436276,0.000000
0,-0.000084,0.142857,0.157895,0.077954,0.549433,505.750000,3125.000000,78.937527,45.000000,39.468764,22.500000,300,90,0.250000,2100.000000,0.000000,35.000000,1.578757,0.000000
0,-0.000104,0.583333,0.533333,1.063936,0.219258,6993.755102,1043.138889,79.931504,38.235294,39.965752,19.117647,250,200,0.583333,2000.000000,0.000000,35.000000,1.598711,0.000000
0,-0.002415,0.222222,0.071429,0.007443,0.000000,92.648189,0.000000,87.961610,0.000000,43.980805,0.000000,70,10,0.222222,1400.000000,0.000000,40.000000,1.759233,0.000000
0,0.002781,0.142857,0.444444,0.115074,0.019172,693.388889,181.500000,76.141363,50.000000,38.070682,25.000000,330,270,0.444444,1700.000000,0.000000,35.000000,1.522849,0.000000
0,-0.000086,0.045455,0.038462,0.173567,0.029605,942.000000,380.826446,66.443690,38.998834,33.221845,19.499417,320,120,0.045455,1800.000000,0.000000,30.000000,1.328890,0.000000
0,0.005247,0.125000,0.642857,0.140719,0.060054,380.342975,562.342936,62.373605,48.214286,31.186802,24.107143,30,30,0.688889,1800.000000,0.000000,30.000000,1.247501,0.000000
0,0.001333,0.037037,0.192308,0.029961,0.001976,651.444444,20.000000,75.297908,50.000000,37.648954,25.000000,330,230,0.208333,1700.000000,0.000000,35.000000,1.505959,0.000000
0,-0.001079,0.250000,0.190476,0.442944,0.119935,375.536033,994.522936,82.444284,88.754659,41.222142,44.377329,80,80,0.250000,1300.000000,0.000000,40.000000,1.649176,1.775101
0,-0.000212,0.083333,0.071429,0.076383,0.013683,160.400000,104.675556,77.499995,42.206720,38.749997,21.103360,90,10,0.083333,1200.000000,0.000000,35.000000,1.550023,0.000000
0,0.000000,0.105263,0.105263,0.062512,0.579038,949.528611,3505.826446,85.126657,83.998834,42.563329,41.999417,190,60,0.105263,1100.000000,0.000000,40.000000,1.702538,1.680026
0,-0.000474,0.187500,0.157895,3.958588,0.549433,4230.340000,3125.000000,82.575671,45.000000,41.287836,22.500000,180,40,0.187500,1200.000000,0.000000,40.000000,1.654314,0.000000
0,-0.000139,0.153846,0.157895,0.076472,1.001384,1470.122449,11955.500000,68.978201,85.451586,34.489100,42.725793,200,10,0.200000,1600.000000,0.000000,30.000000,1.379566,1.709092
0,-0.001229,0.285714,0.157895,0.143692,1.001384,1533.040000,11955.500000,76.912227,85.451586,38.456114,42.725793,150,90,0.285714,2100.000000,0.000000,35.000000,1.538252,1.709092
0,-0.000040,0.400000,0.500000,0.000000,0.059881,39.676775,432.180000,17.784776,40.540373,8.892388,20.270186,10,10,0.583333,2000.000000,0.000000,5.000000,0.355696,0.000000
0,0.000279,0.083333,0.133333,0.235275,0.000000,1486.312500,0.000000,86.025930,0.000000,43.012965,0.000000,360,190,0.166667,1400.000000,0.000000,40.000000,1.720537,0.000000
0,0.000279,0.083333,0.133333,0.235275,0.000000,1486.312500,0.000000,86.025930,0.000000,43.012965,0.000000,360,110,0.166667,1400.000000,0.000000,40.000000,1.720537,0.000000
0,-0.000135,0.058824,0.047619,1.949586,0.000000,9917.972222,0.000000,77.001407,0.000000,38.500703,0.000000,320,170,0.058824,1800.000000,0.000000,35.000000,1.540220,0.000000
0,-0.000634,0.200000,0.157895,0.020269,0.549433,164.000000,3125.000000,56.489349,45.000000,28.244674,22.500000,20,10,0.200000,1500.000000,0.000000,25.000000,1.129788,0.000000
0,0.001666,0.666667,0.666667,0.171634,0.034751,930.222222,1151.096886,77.443210,48.148148,38.721605,24.074074,320,60,0.666667,1800.000000,0.000000,35.000000,1.548880,0.000000
0,0.000000,1.000000,1.000000,0.064421,0.047449,457.640000,129.600000,50.027363,38.000000,25.013682,19.000000,330,10,1.000000,1200.000000,0.000000,25.000000,1.000552,0.000000
0,-0.000092,0.037037,0.031250,0.443750,0.451274,4642.848958,3323.245430,79.894808,85.748366,39.947404,42.874183,300,80,0.037037,1300.000000,0.000000,35.000000,1.598185,1.714998
0,-0.000105,0.038462,0.031250,0.142587,0.451274,455.662253,3323.245430,76.120610,85.748366,38.060305,42.874183,190,190,0.038462,2400.000000,0.000000,35.000000,1.522436,1.714998
0,0.000000,0.105263,0.105263,0.062512,0.579038,949.528611,3505.826446,85.126657,83.998834,42.563329,41.999417,190,190,0.105263,1100.000000,0.000000,40.000000,1.702538,1.680026
0,0.000638,0.076923,0.157895,0.084726,0.549433,419.625000,3125.000000,66.439293,45.000000,33.219646,22.500000,350,10,0.200000,1600.000000,0.000000,30.000000,1.328799,0.000000
0,0.003107,0.090909,0.642857,0.071281,0.060054,482.101775,562.342936,58.623729,48.214286,29.311865,24.107143,230,10,0.688889,2000.000000,0.000000,25.000000,1.172480,0.000000
0,0.000840,0.045455,0.142857,1.224912,0.391220,6501.301775,2760.902494,58.609918,37.534081,29.304959,18.767040,230,10,0.166667,2000.000000,0.000000,25.000000,1.172314,0.000000
0,-0.000220,0.153846,0.142857,0.014299,0.032798,130.944691,475.000000,82.321144,38.931940,41.160572,19.465970,150,100,0.153846,1100.000000,0.000000,40.000000,1.646424,0.000000
0,0.000230,0.100000,0.190476,0.071281,0.119935,479.175000,994.522936,40.838954,88.754659,20.419477,44.377329,230,10,0.266667,2000.000000,0.000000,20.000000,0.816785,1.775101
0,-0.000150,0.071429,0.058824,0.117072,0.002033,478.981488,25.000000,75.462546,40.000000,37.731273,20.000000,340,230,0.071429,1600.000000,0.000000,35.000000,1.509266,0.000000
0,-0.000284,0.222222,0.200000,0.085861,0.006368,85.989645,46.382716,40.206713,42.042021,20.103357,21.021011,370,10,0.222222,1300.000000,0.000000,20.000000,0.804202,0.000000
0,0.000000,0.428571,0.428571,0.443141,0.024619,373.515625,636.772959,81.284838,46.799195,40.642419,23.399598,100,80,0.428571,1400.000000,0.000000,40.000000,1.625987,0.000000
0,-0.012382,0.500000,0.076923,0.232197,0.101919,696.369796,230.987654,65.475957,82.158519,32.737978,41.079259,200,140,0.812500,2700.000000,0.000000,30.000000,1.309562,1.643198
0,0.000150,0.400000,0.428571,0.106232,0.024619,458.754325,636.772959,71.472142,46.799195,35.736071,23.399598,240,40,0.428571,2000.000000,0.000000,35.000000,1.429458,0.000000
0,0.000000,0.142857,0.142857,0.007118,0.008599,77.400000,88.000000,84.995978,40.457274,42.497989,20.228637,110,10,0.142857,1300.000000,0.000000,40.000000,1.699920,0.000000
0,-0.000968,0.500000,0.315789,0.091288,0.288568,310.880000,675.555556,69.127838,87.500000,34.563919,43.750000,180,140,0.500000,2800.000000,0.000000,30.000000,1.382576,1.750126
0,-0.000190,0.090909,0.076923,0.017496,0.318045,138.270833,2440.333333,45.476191,75.071582,22.738095,37.535791,180,10,0.090909,1600.000000,0.000000,20.000000,0.909526,1.501453
0,0.000000,0.214286,0.214286,1.397808,0.319505,10072.125000,817.632653,55.197578,85.375085,27.598789,42.687542,220,10,0.214286,1200.000000,0.000000,25.000000,1.104049,1.707565
0,-0.002000,0.500000,0.400000,0.066141,0.243350,1057.013841,288.805556,76.048133,79.500000,38.024067,39.750000,280,20,0.500000,1400.000000,0.000000,35.000000,1.520965,1.590123
0,0.000000,0.250000,0.250000,0.006266,0.311897,54.000000,245.000000,80.000000,32.000080,40.000000,16.000040,150,150,0.250000,1800.000000,0.000000,35.000000,1.600000,0.000000
0,-0.001959,0.125000,0.027027,0.146318,0.055724,506.636364,519.490114,78.433420,50.000000,39.216710,25.000000,210,30,0.125000,2000.000000,0.000000,35.000000,1.568698,0.000000
0,0.002473,0.458333,0.594595,0.025830,0.000000,142.164461,0.000000,92.552361,0.000000,46.276180,0.000000,160,10,0.594595,1600.000000,0.000000,45.000000,1.851050,0.000000
0,-0.000336,0.125000,0.100000,0.577762,0.019819,1208.164461,165.551020,82.113290,40.568695,41.056645,20.284347,70,10,0.125000,1600.000000,0.000000,40.000000,1.642407,0.000000
0,-0.000098,0.050000,0.040000,1.725330,0.236505,12391.338843,227.555556,80.610869,37.500000,40.305435,18.750000,270,260,0.050000,1600.000000,0.000000,40.000000,1.612338,0.000000
0,0.000000,0.090909,0.090909,0.129251,0.000000,876.181953,0.000000,84.997755,0.000000,42.498878,0.000000,310,100,0.090909,1000.000000,0.000000,40.000000,1.699965,0.000000
0,0.000000,0.090909,0.090909,0.129251,0.000000,876.181953,0.000000,84.997755,0.000000,42.498878,0.000000,220,100,0.090909,1000.000000,0.000000,40.000000,1.699965,0.000000
0,-0.002334,0.294118,0.086957,0.251494,0.246536,1580.960816,527.555556,90.774569,87.500000,45.387284,43.750000,270,240,0.294118,1500.000000,0.000000,45.000000,1.815511,1.750123
0,0.000000,0.250000,0.250000,0.004027,0.000000,52.164461,0.000000,83.217823,0.000000,41.608912,0.000000,20,10,0.250000,1600.000000,0.000000,40.000000,1.664357,0.000000
0,0.000000,0.250000,0.250000,0.004425,0.026384,59.400000,123.093426,84.979888,38.617670,42.489944,19.308835,40,10,0.250000,1400.000000,0.000000,40.000000,1.699598,0.000000
0,-0.000939,0.111111,0.047619,6.606819,0.324511,40235.250000,856.000000,50.202336,82.376667,25.101168,41.188333,210,10,0.111111,1500.000000,0.000000,25.000000,1.004590,1.647597
0,-0.000951,0.454545,0.384615,0.000000,0.137800,78.101961,901.333333,53.541372,36.664991,26.770686,18.332495,10,10,0.454545,1600.000000,0.000000,25.000000,1.070827,0.000000
0,-0.010712,0.333333,0.083333,0.314812,0.004944,813.600000,44.567901,43.333833,40.054225,21.666917,20.027113,180,10,1.000000,2300.000000,0.000000,20.000000,0.866740,0.000000
0,0.003069,0.750000,0.440000,0.020658,0.180245,59.555556,1539.000000,52.693172,38.406592,26.346586,19.203296,80,10,1.000000,3300.000000,0.000000,25.000000,1.053869,0.000000
0,-0.003381,0.125000,0.027027,0.216401,0.055724,651.572400,519.490114,85.497148,50.000000,42.748574,25.000000,180,50,0.263158,2700.000000,0.000000,40.000000,1.709982,0.000000
0,0.000000,0.400000,0.400000,0.111957,0.181874,230.084375,1300.000000,38.858796,39.753765,19.429398,19.876882,110,10,0.400000,1200.000000,0.000000,15.000000,0.777206,0.000000
0,0.003111,0.583333,0.440000,0.502382,0.180245,273.880000,1539.000000,68.384576,38.406592,34.192288,19.203296,40,20,0.900000,3000.000000,0.000000,30.000000,1.368201,0.000000
0,-0.000174,0.818182,0.769231,0.025830,0.137800,169.937500,901.333333,53.296703,36.664991,26.648352,18.332495,160,10,0.818182,1600.000000,0.000000,25.000000,1.065937,0.000000
0,0.000000,0.500000,0.500000,1.670281,0.313173,8127.000000,600.000000,79.971882,33.290913,39.985941,16.645457,130,130,0.500000,2000.000000,0.000000,35.000000,1.599609,0.000000
0,-0.010712,0.333333,0.083333,0.314812,0.004944,813.600000,44.567901,43.333833,40.054225,21.666917,20.027113,90,10,1.000000,2300.000000,0.000000,20.000000,0.866740,0.000000
0,-0.003381,0.125000,0.027027,0.216401,0.055724,651.572400,519.490114,85.497148,50.000000,42.748574,25.000000,180,140,0.263158,2700.000000,0.000000,40.000000,1.709982,0.000000
0,0.002473,0.458333,0.594595,0.025830,0.000000,142.164461,0.000000,92.552361,0.000000,46.276180,0.000000,250,10,0.594595,1600.000000,0.000000,45.000000,1.851050,0.000000
0,0.000000,0.500000,0.500000,0.440441,0.055724,355.515625,519.490114,81.082504,50.000000,40.541252,25.000000,80,30,0.500000,1500.000000,0.000000,40.000000,1.621940,0.000000
0,-0.002019,0.250000,0.052632,0.228172,1.292352,1417.040816,8548.055556,81.746152,77.882362,40.873076,38.941181,270,50,0.250000,1500.000000,0.000000,40.000000,1.634941,1.557837
0,-0.001959,0.125000,0.027027,0.146318,0.055724,506.636364,519.490114,78.433420,50.000000,39.216710,25.000000,120,30,0.125000,2000.000000,0.000000,35.000000,1.568698,0.000000
0,-0.000389,0.083333,0.055556,0.360748,0.236505,2248.338843,227.555556,90.083519,37.500000,45.041760,18.750000,260,190,0.083333,1600.000000,0.000000,45.000000,1.801699,0.000000
0,-0.000336,0.125000,0.100000,0.577762,0.157618,1235.937500,1066.884354,42.857633,77.233685,21.428816,38.616843,70,10,0.125000,1600.000000,0.000000,20.000000,0.857294,1.544685
0,0.000000,1.000000,1.000000,0.063830,0.181874,488.884375,1300.000000,46.295228,39.753765,23.147614,19.876882,310,10,1.000000,1200.000000,0.000000,20.000000,0.925909,0.000000
0,-0.000311,0.076923,0.044444,2.521240,0.236505,23185.894399,227.555556,72.447461,37.500000,36.223730,18.750000,270,250,0.076923,1700.000000,0.000000,35.000000,1.449140,0.000000
0,0.000000,0.214286,0.214286,1.397808,0.319505,10072.125000,817.632653,55.197578,85.375085,27.598789,42.687542,240,10,0.214286,1200.000000,0.000000,25.000000,1.104049,1.707565
0,0.000000,0.200000,0.200000,0.003704,0.000000,82.451200,0.000000,66.358421,0.000000,33.179210,0.000000,20,10,0.200000,1500.000000,0.000000,30.000000,1.327169,0.000000
0,0.000000,0.250000,0.250000,0.023712,0.008288,871.444444,2108.678201,38.240336,43.750000,19.120168,21.875000,230,10,0.250000,1000.000000,0.000000,15.000000,0.764807,0.000000
0,-0.001529,0.400000,0.411765,3.246320,0.000000,13412.000000,0.000000,46.678399,0.000000,23.339199,0.000000,210,10,0.636364,2200.000000,0.000000,20.000000,0.933964,0.000000
0,0.000000,0.500000,0.500000,0.132090,0.000000,1722.847751,0.000000,38.275109,0.000000,19.137555,0.000000,340,10,0.500000,1000.000000,0.000000,15.000000,0.765507,0.000000
0,-0.000386,0.083333,0.055556,0.052666,0.237368,113.062500,238.666667,57.116569,80.000000,28.558284,40.000000,140,130,0.125000,2800.000000,0.000000,25.000000,1.142347,1.600123
0,0.000000,0.500000,0.500000,0.044329,0.055724,336.997230,519.490114,40.000239,50.000000,20.000119,25.000000,280,10,0.500000,1700.000000,0.000000,20.000000,0.800008,0.000000
0,-0.000136,0.062500,0.052632,0.105781,0.607299,604.333333,4134.812500,79.505837,90.450111,39.752918,45.225056,320,190,0.062500,1400.000000,0.000000,35.000000,1.590126,1.809047
0,-0.000839,0.428571,0.300000,0.359824,0.000000,1494.000000,0.000000,79.469388,0.000000,39.734694,0.000000,170,160,0.428571,1800.000000,0.000000,35.000000,1.589452,0.000000
0,-0.000939,0.111111,0.047619,6.606819,0.324511,40235.250000,856.000000,50.202336,82.376667,25.101168,41.188333,190,10,0.111111,1500.000000,0.000000,25.000000,1.004590,1.647597
0,-0.000259,0.076923,0.055556,0.306762,0.628413,2215.506939,3075.522498,75.304914,78.167619,37.652457,39.083809,240,210,0.076923,2100.000000,0.000000,35.000000,1.506120,1.563502
0,-0.000990,0.312500,0.238095,0.139705,0.791741,1426.013841,3914.368056,76.501406,77.950111,38.250703,38.975056,280,190,0.312500,1400.000000,0.000000,35.000000,1.530038,1.559167
0,-0.002334,0.294118,0.086957,0.251494,0.246536,1580.960816,527.555556,90.774569,87.500000,45.387284,43.750000,370,270,0.294118,1500.000000,0.000000,45.000000,1.815511,1.750123
0,0.000000,0.600000,0.600000,0.041621,0.014299,1024.000000,411.851211,64.622880,38.671903,32.311440,19.335952,240,10,0.600000,1500.000000,0.000000,30.000000,1.292458,0.000000
0,-0.000389,0.083333,0.055556,0.360748,0.236505,2248.338843,227.555556,90.083519,37.500000,45.041760,18.750000,260,110,0.083333,1600.000000,0.000000,45.000000,1.801699,0.000000
0,-0.000174,0.818182,0.769231,0.025830,0.137800,169.937500,901.333333,53.296703,36.664991,26.648352,18.332495,250,10,0.818182,1600.000000,0.000000,25.000000,1.065937,0.000000
0,-0.004411,0.700000,0.250000,1.165606,0.313173,6313.877551,600.000000,79.357422,33.290913,39.678711,16.645457,190,170,0.700000,1400.000000,0.000000,35.000000,1.587258,0.000000
0,-0.000064,0.038462,0.034483,1.341172,0.684092,8772.663580,5181.986646,87.646964,95.714286,43.823482,47.857143,240,210,0.038462,1300.000000,0.000000,40.000000,1.753042,1.914334
0,-0.000539,0.153846,0.111111,0.178027,0.000000,2134.000000,0.000000,88.337523,0.000000,44.168762,0.000000,300,130,0.153846,1500.000000,0.000000,40.000000,1.766758,0.000000
0,0.000000,0.333333,0.333333,0.413939,7.307357,849.333333,53387.000000,47.476980,80.227331,23.738490,40.113666,90,10,0.333333,1600.000000,0.000000,20.000000,0.949642,1.605047
0,-0.000131,0.047619,0.037037,0.446641,0.169153,413.848958,2026.529297,81.969964,90.357761,40.984982,45.178881,190,80,0.047619,1600.000000,0.000000,40.000000,1.639689,1.807162
0,-0.002770,0.043478,0.027778,0.007806,0.011413,68.400000,123.093426,87.271401,41.807753,43.635701,20.903877,30,10,0.285714,1500.000000,0.000000,40.000000,1.745429,0.000000
0,0.000000,0.142857,0.142857,0.175861,0.002629,2122.000000,29.046875,80.836324,40.908363,40.418162,20.454182,300,50,0.142857,1500.000000,0.000000,40.000000,1.616734,0.000000
0,0.000000,0.100000,0.100000,0.010502,0.021381,52.413567,200.000000,78.329422,39.969013,39.164711,19.984507,90,70,0.100000,1100.000000,0.000000,35.000000,1.566590,0.000000
0,0.004905,0.476190,0.851852,0.017496,0.132472,110.497795,1539.000000,84.731848,40.357761,42.365924,20.178881,180,10,0.851852,1700.000000,0.000000,40.000000,1.694639,0.000000
0,-0.000057,0.200000,0.166667,2.467360,0.497354,12780.000000,3100.346021,67.606758,45.714286,33.803379,22.857143,130,20,0.200000,2500.000000,0.000000,30.000000,1.352381,0.000000
0,-0.000083,0.047619,0.043478,0.061931,0.499589,536.971431,3127.346021,79.326871,85.714286,39.663436,42.857143,280,210,0.047619,1300.000000,0.000000,35.000000,1.586541,1.714326
0,-0.000236,0.111111,0.090909,0.495134,0.132472,1885.333333,1539.000000,76.556650,40.357761,38.278325,20.178881,190,50,0.111111,1600.000000,0.000000,35.000000,1.531199,0.000000
0,0.001426,0.142857,0.323529,0.172935,0.186738,2117.111111,2081.640625,48.337523,50.000000,24.168762,25.000000,300,10,0.333333,1500.000000,0.000000,20.000000,0.966758,0.000000
0,-0.001077,0.555556,0.454545,0.009032,7.327874,69.312500,53413.666667,79.363308,71.057313,39.681654,35.528656,70,10,0.625000,2400.000000,0.000000,35.000000,1.587267,1.421652
0,-0.003622,0.277778,0.055556,0.010071,0.036681,141.601961,487.529297,86.260241,50.000000,43.130121,25.000000,290,10,0.277778,1700.000000,0.000000,40.000000,1.725205,0.000000
0,0.000000,0.166667,0.166667,0.290040,0.001617,1859.720000,27.222222,80.612794,42.000000,40.306397,21.000000,320,130,0.166667,1300.000000,0.000000,40.000000,1.612279,0.000000
0,-0.000250,0.062500,0.050000,0.215559,0.036518,1365.950000,448.000000,79.298072,50.000000,39.649036,25.000000,260,150,0.062500,1200.000000,0.000000,35.000000,1.585979,0.000000
0,-0.000516,0.222222,0.173913,0.177961,0.002235,2156.625000,27.000000,79.015432,40.000000,39.507716,20.000000,300,260,0.222222,1500.000000,0.000000,35.000000,1.580316,0.000000
0,-0.000064,0.038462,0.034483,1.341172,0.684092,8772.663580,5181.986646,87.646964,95.714286,43.823482,47.857143,210,30,0.038462,1300.000000,0.000000,40.000000,1.753042,1.914334
0,-0.000357,0.625000,0.400000,0.341521,1.188000,1336.388889,3659.000000,44.314045,84.221721,22.157022,42.110860,170,10,0.625000,2600.000000,0.000000,20.000000,0.886325,1.684642
0,0.002222,0.222222,0.545455,0.488201,0.000000,1818.451200,0.000000,79.785558,0.000000,39.892779,0.000000,50,20,0.600000,1600.000000,0.000000,35.000000,1.595777,0.000000
0,0.000000,0.666667,0.666667,0.041412,0.022617,304.000000,58.666667,51.245172,75.829981,25.622586,37.914991,150,10,0.666667,1600.000000,0.000000,25.000000,1.024906,1.516605
0,0.000000,0.500000,0.500000,0.192760,0.009890,1431.187500,107.555556,41.100939,50.000000,20.550470,25.000000,330,10,0.500000,1200.000000,0.000000,20.000000,0.822032,0.000000
0,-0.000134,0.333333,0.323529,0.438364,0.186738,3683.333333,2081.640625,78.788662,50.000000,39.394331,25.000000,300,220,0.333333,1500.000000,0.000000,35.000000,1.575803,0.000000
0,-0.000539,0.153846,0.111111,0.178027,0.000000,2134.000000,0.000000,88.337523,0.000000,44.168762,0.000000,300,210,0.153846,1500.000000,0.000000,40.000000,1.766758,0.000000
0,-0.010419,0.700000,0.166667,0.007370,0.003467,70.539461,44.567901,87.980874,40.004312,43.990437,20.002156,80,10,0.750000,1700.000000,0.000000,40.000000,1.759618,0.000000
0,0.000000,0.142857,0.142857,0.191268,0.002796,1528.654321,29.040000,50.815065,39.996648,25.407532,19.998324,350,10,0.142857,1000.000000,0.000000,25.000000,1.016313,0.000000
0,0.000000,0.090909,0.090909,0.339084,0.016315,2088.654321,200.000000,80.784714,41.250000,40.392357,20.625000,350,150,0.090909,1000.000000,0.000000,40.000000,1.615725,0.000000
0,-0.002748,0.111111,0.055556,0.251364,0.036681,725.164461,487.529297,82.112549,50.000000,41.056275,25.000000,70,10,0.270270,1700.000000,0.000000,40.000000,1.642296,0.000000
0,0.000000,0.055556,0.055556,1.141599,1.151482,8730.000000,3211.000000,80.586804,34.221721,40.293402,17.110860,330,80,0.055556,1000.000000,0.000000,40.000000,1.611811,0.000000
0,-0.000722,0.200000,0.111111,0.045335,0.029387,363.164461,360.000000,86.366900,40.999838,43.183450,20.499919,90,10,0.200000,1700.000000,0.000000,40.000000,1.727341,0.000000
0,0.000000,0.151515,0.151515,0.032840,0.004918,321.420118,972.000000,79.051780,37.280173,39.525890,18.640086,300,80,0.151515,1000.000000,0.000000,35.000000,1.581037,0.000000
0,-0.000156,0.062500,0.037037,0.048297,0.169153,272.822400,2026.529297,80.034022,90.357761,40.017011,45.178881,180,70,0.062500,2800.000000,0.000000,40.000000,1.600685,1.807162
0,0.000000,0.500000,0.500000,0.018133,0.052461,541.250000,660.000000,78.052287,80.999305,39.026144,40.499652,290,50,0.500000,2100.000000,0.000000,35.000000,1.561046,1.619988
0,-0.001239,0.285714,0.100000,1.834220,0.006211,12363.000000,72.600000,69.671846,41.386344,34.835923,20.693172,240,200,0.285714,2500.000000,0.000000,30.000000,1.393618,0.000000
0,-0.000276,0.166667,0.083333,0.028855,0.135939,197.638889,1583.567901,41.816830,80.362073,20.908415,40.181036,110,10,0.166667,2400.000000,0.000000,20.000000,0.836339,1.607247
0,-0.000576,0.346154,0.310345,0.320629,0.497354,2118.633580,3100.346021,78.259784,45.714286,39.129892,22.857143,320,210,0.346154,1300.000000,0.000000,35.000000,1.565220,0.000000
0,-0.000182,0.100000,0.090909,1.140408,0.050818,8700.375000,3667.500000,83.863987,75.998449,41.931993,37.999224,330,90,0.100000,1100.000000,0.000000,40.000000,1.677354,1.519974
0,0.000000,0.125000,0.125000,0.830090,0.046158,1061.000000,423.734694,59.654208,80.441441,29.827104,40.220721,260,110,0.125000,1200.000000,0.000000,25.000000,1.193413,1.608831
0,0.000267,0.333333,0.388889,0.037782,0.924737,599.500000,511.111111,89.943323,70.198795,44.971661,35.099398,330,220,0.428571,2100.000000,0.000000,40.000000,1.798868,1.404830
0,-0.000549,0.200000,0.157895,0.004886,0.005513,89.000000,54.000000,49.953110,90.000000,24.976555,45.000000,130,10,0.555556,2900.000000,0.000000,20.000000,0.999063,1.800000
0,0.000679,0.062500,0.142857,2.488037,0.001684,19869.888889,27.000000,87.823612,50.000000,43.911806,25.000000,270,250,0.142857,1900.000000,0.000000,40.000000,1.756629,0.000000
0,0.000679,0.062500,0.142857,2.488037,0.001684,19869.888889,27.000000,87.823612,50.000000,43.911806,25.000000,250,140,0.142857,1900.000000,0.000000,40.000000,1.756629,0.000000
0,0.000267,0.333333,0.388889,0.037782,0.924737,599.500000,511.111111,89.943323,70.198795,44.971661,35.099398,220,200,0.428571,2100.000000,0.000000,40.000000,1.798868,1.404830
0,0.003557,0.600000,1.000000,0.018682,0.088016,106.750000,800.000000,77.103816,40.000000,38.551908,20.000000,300,190,1.000000,2500.000000,0.000000,35.000000,1.542078,0.000000
0,0.000000,1.000000,1.000000,0.025362,0.024766,238.208163,869.142857,48.880643,38.720022,24.440322,19.360011,310,10,1.000000,1000.000000,0.000000,20.000000,0.977614,0.000000
0,-0.000110,0.083333,0.055556,0.008787,0.082234,87.388889,1631.111111,47.292104,78.697728,23.646052,39.348864,220,10,0.083333,2100.000000,0.000000,20.000000,0.945843,1.573957
0,-0.000047,0.071429,0.055556,0.122547,1.378069,741.500000,1468.000000,87.090909,73.750002,43.545455,36.875001,270,200,0.071429,2100.000000,0.000000,40.000000,1.741841,1.475960
0,0.000249,0.272727,0.142857,0.026872,0.000000,86.000000,0.000000,73.442581,0.000000,36.721290,0.000000,190,40,0.272727,2500.000000,0.000000,35.000000,1.468856,0.000000
0,-0.000065,0.058824,0.055556,0.087171,0.000767,1102.180556,11.111111,76.393864,40.198793,38.196932,20.099397,320,30,0.058824,1100.000000,0.000000,35.000000,1.527881,0.000000
0,-0.000047,0.071429,0.055556,0.122547,1.378069,741.500000,1468.000000,87.090909,73.750002,43.545455,36.875001,330,270,0.071429,2100.000000,0.000000,40.000000,1.741841,1.475960
0,-0.000984,0.500000,0.058824,0.001163,0.002834,80.375000,27.000000,31.862906,40.000000,15.931453,20.000000,140,10,0.500000,2800.000000,0.000000,15.000000,0.637258,0.000000
0,0.000000,0.100000,0.100000,0.276678,0.160148,2237.344379,1568.000000,49.090886,50.000000,24.545443,25.000000,370,10,0.100000,1000.000000,0.000000,20.000000,0.981835,0.000000
0,0.000000,0.100000,0.100000,0.513504,0.000000,2964.000000,0.000000,67.818484,0.000000,33.909242,0.000000,220,20,0.100000,1000.000000,0.000000,30.000000,1.356418,0.000000
0,-0.000705,0.076923,0.041667,1.087523,0.087388,8283.566327,2738.005785,84.469617,89.665318,42.234808,44.832659,370,250,0.076923,1400.000000,0.000000,40.000000,1.689466,1.793308
0,0.000914,0.666667,0.750000,0.033157,0.004277,56.320000,52.937500,100.000000,40.000000,50.000000,20.000000,200,10,0.750000,1800.000000,0.000000,50.000000,2.000014,0.000000
0,0.000000,0.200000,0.200000,0.028644,0.000000,209.308642,0.000000,90.000000,0.000000,45.000000,0.000000,200,120,0.200000,1000.000000,0.000000,40.000000,1.800002,0.000000
0,-0.000155,0.076923,0.058824,2.346574,0.001443,18392.285714,27.000000,72.857141,50.000000,36.428571,25.000000,270,100,0.076923,2000.000000,0.000000,35.000000,1.457293,0.000000
0,0.002685,0.125000,0.333333,2.037947,0.369023,7508.893333,1700.000000,85.214957,84.542724,42.607479,42.271362,230,220,0.333333,1400.000000,0.000000,40.000000,1.704582,1.690901
0,0.000000,0.038462,0.038462,0.334582,0.167704,1030.559269,3562.700000,79.699577,98.333333,39.849789,49.166667,390,290,0.038462,1000.000000,0.000000,35.000000,1.594137,1.966672
0,0.000000,0.222222,0.222222,0.523061,0.000000,2982.666667,0.000000,69.485150,0.000000,34.742575,0.000000,90,20,0.222222,1000.000000,0.000000,30.000000,1.389753,0.000000
0,-0.000602,0.363636,0.263158,0.315631,0.072624,3868.250000,2594.700000,82.030436,48.333333,41.015218,24.166667,180,170,0.363636,2100.000000,0.000000,40.000000,1.640633,0.000000
0,-0.000413,0.307692,0.263158,1.058896,0.072624,14728.000000,2594.700000,86.311707,48.333333,43.155854,24.166667,140,20,0.307692,1600.000000,0.000000,40.000000,1.726272,0.000000
0,0.000000,0.500000,0.500000,0.338932,0.092763,2052.000000,736.000000,79.999822,79.537696,39.999911,39.768848,150,150,0.500000,2100.000000,0.000000,35.000000,1.600025,1.590760
0,-0.000413,0.307692,0.263158,1.058896,0.072624,14728.000000,2594.700000,86.311707,48.333333,43.155854,24.166667,220,20,0.307692,1600.000000,0.000000,40.000000,1.726272,0.000000
0,-0.001170,0.400000,0.235294,0.005926,0.002296,114.000000,27.000000,42.773240,50.000000,21.386620,25.000000,20,10,0.615385,2900.000000,0.000000,20.000000,0.855465,0.000000
0,0.000000,0.038462,0.038462,0.334582,0.167704,1030.559269,3562.700000,79.699577,98.333333,39.849789,49.166667,390,80,0.038462,1000.000000,0.000000,35.000000,1.594137,1.966672
0,0.005800,0.166667,0.421053,0.048769,0.095079,372.888889,968.000000,91.599488,50.000000,45.799744,25.000000,300,190,0.421053,1900.000000,0.000000,45.000000,1.831993,0.000000
0,0.002685,0.125000,0.333333,2.037947,0.369023,7508.893333,1700.000000,85.214957,84.542724,42.607479,42.271362,250,220,0.333333,1400.000000,0.000000,40.000000,1.704582,1.690901
0,-0.000602,0.363636,0.263158,0.315631,0.072624,3868.250000,2594.700000,82.030436,48.333333,41.015218,24.166667,180,90,0.363636,2100.000000,0.000000,40.000000,1.640633,0.000000
0,0.000914,0.666667,0.750000,0.033157,0.004277,56.320000,52.937500,100.000000,40.000000,50.000000,20.000000,120,10,0.750000,1800.000000,0.000000,50.000000,2.000014,0.000000
0,0.000000,1.000000,1.000000,2.099252,0.000000,1600.000000,0.000000,79.999994,0.000000,39.999997,0.000000,160,80,1.000000,2200.000000,0.000000,35.000000,1.601401,0.000000
0,0.000084,0.500000,0.187500,0.357883,0.041083,617.000000,900.000000,39.370911,35.555556,19.685455,17.777778,270,10,0.500000,2900.000000,0.000000,15.000000,0.787531,0.000000
0,-0.000155,0.076923,0.058824,2.346574,0.001443,18392.285714,27.000000,72.857141,50.000000,36.428571,25.000000,140,100,0.076923,2000.000000,0.000000,35.000000,1.457293,0.000000
0,-0.000705,0.076923,0.041667,1.087523,0.087388,8283.566327,2738.005785,84.469617,89.665318,42.234808,44.832659,370,40,0.076923,1400.000000,0.000000,40.000000,1.689466,1.793308
0,-0.002434,0.333333,0.100000,0.002268,0.000000,34.375000,0.000000,46.666666,0.000000,23.333333,0.000000,80,10,0.333333,2400.000000,0.000000,20.000000,0.933333,0.000000
0,0.000000,0.125000,0.125000,0.397292,0.099356,437.320988,1020.937500,66.768543,90.000000,33.384271,45.000000,390,90,0.125000,1000.000000,0.000000,30.000000,1.335555,1.800005
0,0.005800,0.166667,0.421053,0.048769,0.095079,372.888889,968.000000,91.599488,50.000000,45.799744,25.000000,300,110,0.421053,1900.000000,0.000000,45.000000,1.831993,0.000000
0,0.000000,0.200000,0.200000,0.028644,0.000000,209.308642,0.000000,90.000000,0.000000,45.000000,0.000000,280,120,0.200000,1000.000000,0.000000,40.000000,1.800002,0.000000
0,-0.000357,0.142857,0.125000,0.016046,0.019041,76.066327,196.243285,76.465834,81.331984,38.232917,40.665992,370,50,0.142857,1400.000000,0.000000,35.000000,1.529320,1.626641
0,-0.000556,0.250000,0.222222,0.021389,0.000000,55.437500,0.000000,43.714279,0.000000,21.857139,0.000000,70,10,0.250000,1800.000000,0.000000,20.000000,0.874292,0.000000
0,0.002538,0.285714,0.421053,0.031902,0.014764,57.795918,143.305785,73.744941,41.331984,36.872470,20.665992,360,150,0.538462,1500.000000,0.000000,35.000000,1.474913,0.000000
0,0.002538,0.285714,0.421053,0.031902,0.014764,57.795918,143.305785,73.744941,41.331984,36.872470,20.665992,360,230,0.538462,1500.000000,0.000000,35.000000,1.474913,0.000000
0,-0.000394,0.230769,0.200000,0.002188,0.000000,2333.875000,0.000000,91.232498,0.000000,45.616249,0.000000,40,10,0.230769,1300.000000,0.000000,45.000000,1.824650,0.000000
0,0.003556,0.777778,1.000000,0.008886,0.000000,101.000000,0.000000,48.000071,0.000000,24.000035,0.000000,140,10,1.000000,1200.000000,0.000000,20.000000,0.960002,0.000000
0,-0.000305,0.166667,0.142857,0.023524,0.000000,109.876543,0.000000,87.953346,0.000000,43.976673,0.000000,410,50,0.166667,1600.000000,0.000000,40.000000,1.759069,0.000000
0,-0.000305,0.166667,0.142857,0.023524,0.000000,109.876543,0.000000,87.953346,0.000000,43.976673,0.000000,60,50,0.166667,1600.000000,0.000000,40.000000,1.759069,0.000000
0,0.000000,0.285714,0.285714,0.456627,0.496682,3147.111111,4625.500000,85.474348,40.309968,42.737174,20.154984,250,90,0.285714,1200.000000,0.000000,40.000000,1.709520,0.000000
0,0.006933,0.400000,0.833333,0.039209,0.000000,88.000000,0.000000,71.666667,0.000000,35.833333,0.000000,190,100,0.833333,1400.000000,0.000000,35.000000,1.433344,0.000000
0,0.001205,0.500000,0.714286,0.063439,0.056233,495.750000,367.346939,39.734809,38.998915,19.867405,19.499457,280,10,0.833333,2000.000000,0.000000,15.000000,0.794700,0.000000
0,-0.000305,0.166667,0.142857,0.038072,0.004335,263.016529,27.000000,80.651107,39.986592,40.325554,19.993296,260,40,0.166667,1700.000000,0.000000,40.000000,1.613025,0.000000
0,0.000000,0.200000,0.200000,0.066391,0.106673,570.250000,1728.000000,82.484358,39.977666,41.242179,19.988833,100,40,0.200000,1000.000000,0.000000,40.000000,1.649691,0.000000
0,-0.001198,0.200000,0.133333,0.774778,0.170053,2331.777778,932.367347,64.174016,78.835029,32.087008,39.417514,150,120,0.600000,2400.000000,0.000000,30.000000,1.283610,1.576717
0,-0.008000,0.800000,0.400000,0.005197,0.004090,93.040000,48.510000,64.154935,40.886097,32.077467,20.443049,90,10,0.800000,1900.000000,0.000000,30.000000,1.283099,0.000000
0,0.000000,0.800000,0.800000,0.004726,0.577470,245.560000,711.111111,95.454545,40.625000,47.727273,20.312500,160,10,0.800000,1000.000000,0.000000,45.000000,1.909092,0.000000
0,-0.000209,0.076923,0.066667,0.002641,0.028540,2335.312500,364.500000,92.194100,39.134004,46.097050,19.567002,70,10,0.090909,1300.000000,0.000000,45.000000,1.843882,0.000000
0,0.000000,0.285714,0.285714,0.003328,0.001892,30.551111,19.600000,88.333067,42.974548,44.166533,21.487274,100,90,0.285714,1200.000000,0.000000,40.000000,1.766662,0.000000
0,0.000000,0.800000,0.800000,0.004726,0.577470,245.560000,711.111111,95.454545,40.625000,47.727273,20.312500,30,10,0.800000,1000.000000,0.000000,45.000000,1.909092,0.000000
0,0.000610,0.666667,0.714286,0.056921,1.217966,3133.234375,2601.000000,80.630898,44.444444,40.315449,22.222222,320,40,0.714286,1700.000000,0.000000,40.000000,1.612619,0.000000
0,0.000000,1.000000,1.000000,0.038219,0.143170,320.408163,256.972222,87.500000,50.000000,43.750000,25.000000,380,10,1.000000,1100.000000,0.000000,40.000000,1.750003,0.000000
0,-0.000368,0.300000,0.250000,3.069835,0.344165,15646.240000,2736.000000,74.472972,40.511861,37.236486,20.255931,310,260,0.300000,1600.000000,0.000000,35.000000,1.489761,0.000000
0,0.000000,0.166667,0.166667,0.003275,0.006036,43.222222,49.777778,49.525913,39.997127,24.762956,19.998563,40,10,0.166667,1100.000000,0.000000,20.000000,0.990518,0.000000
0,-0.000242,0.714286,0.333333,0.006872,0.712146,46.562500,1892.250000,48.050825,44.444444,24.025413,22.222222,60,10,0.714286,4500.000000,0.000000,20.000000,0.961017,0.000000
0,0.000000,0.600000,0.600000,0.053167,0.002624,80.000000,36.000000,50.015084,39.999968,25.007542,19.999984,270,10,0.600000,1100.000000,0.000000,25.000000,1.000324,0.000000
0,0.000000,0.037037,0.037037,1.191863,0.370363,9041.739796,2913.777778,75.603638,79.261853,37.801819,39.630927,430,370,0.037037,1000.000000,0.000000,35.000000,1.512154,1.585261
0,0.000000,0.105263,0.105263,0.477683,0.066370,2659.472222,478.777344,87.395607,45.652174,43.697803,22.826087,250,50,0.105263,1200.000000,0.000000,40.000000,1.747955,0.000000
0,0.000000,0.105263,0.105263,0.477683,0.066370,2659.472222,478.777344,87.395607,45.652174,43.697803,22.826087,120,50,0.105263,1200.000000,0.000000,40.000000,1.747955,0.000000
0,0.000000,0.400000,0.400000,0.117655,0.097591,289.694444,800.000000,70.505523,39.602214,35.252762,19.801107,50,40,0.400000,1200.000000,0.000000,35.000000,1.410169,0.000000
0,-0.000305,0.166667,0.142857,1.138533,0.660410,8686.000000,3728.250000,83.034005,77.122323,41.517003,38.561161,330,180,0.166667,1400.000000,0.000000,40.000000,1.660755,1.542518
0,0.000000,0.333333,0.333333,0.575549,0.712146,1479.562500,1892.250000,80.072834,44.444444,40.036417,22.222222,350,200,0.333333,1100.000000,0.000000,40.000000,1.601570,0.000000
0,-0.000354,0.294118,0.263158,0.107218,0.030504,1278.407407,500.000000,84.419155,50.000000,42.209578,25.000000,430,30,0.294118,1400.000000,0.000000,40.000000,1.688388,0.000000
0,0.000000,1.000000,1.000000,0.038219,0.143170,320.408163,256.972222,87.500000,50.000000,43.750000,25.000000,330,10,1.000000,1100.000000,0.000000,40.000000,1.750003,0.000000
0,-0.000142,0.117647,0.105263,0.101571,0.094040,1111.444444,2562.666667,72.600974,38.354210,36.300487,19.177105,110,30,0.117647,1400.000000,0.000000,35.000000,1.452026,0.000000
0,0.000079,0.037037,0.050000,1.146496,0.437617,8760.213018,4087.888889,81.077773,79.640542,40.538887,39.820271,330,250,0.055556,1400.000000,0.000000,40.000000,1.621631,1.592836
0,-0.000305,0.083333,0.142857,0.243907,0.738343,897.489796,2070.027778,78.453462,83.194436,39.226731,41.597218,200,180,0.333333,3300.000000,0.000000,35.000000,1.569103,1.664025
0,-0.000354,0.294118,0.263158,0.107218,0.030504,1278.407407,500.000000,84.419155,50.000000,42.209578,25.000000,300,30,0.294118,1400.000000,0.000000,40.000000,1.688388,0.000000
0,0.000076,0.066667,0.071429,1.166125,0.347479,8785.600000,2769.687500,69.735670,82.328215,34.867835,41.164107,340,160,0.071429,1300.000000,0.000000,30.000000,1.394791,1.646586
0,-0.000301,0.157895,0.142857,0.585442,0.738343,1553.562500,2070.027778,80.734389,83.194436,40.367194,41.597218,420,200,0.157895,1100.000000,0.000000,40.000000,1.614802,1.664025
0,-0.000089,0.060606,0.054054,1.165923,0.471080,8931.420118,3155.432892,79.532986,73.374542,39.766493,36.687271,330,300,0.060606,1400.000000,0.000000,35.000000,1.590736,1.467532
0,-0.000034,0.028571,0.026316,0.026843,0.064933,1337.511806,782.320988,80.511981,46.875000,40.255991,23.437500,320,300,0.028571,1300.000000,0.000000,40.000000,1.610241,0.000000
0,0.000010,0.500000,1.000000,0.878603,0.000000,2339.000000,0.000000,79.137969,0.000000,39.568985,0.000000,60,50,1.000000,4200.000000,0.000000,35.000000,1.582925,0.000000
0,-0.000364,0.200000,0.181818,0.067359,0.017067,661.295200,300.000000,91.663315,50.000000,45.831657,25.000000,270,180,0.200000,1100.000000,0.000000,45.000000,1.833270,0.000000
0,-0.000364,0.200000,0.181818,0.067359,0.017067,661.295200,300.000000,91.663315,50.000000,45.831657,25.000000,400,270,0.200000,1100.000000,0.000000,45.000000,1.833270,0.000000
0,0.000085,0.111111,0.115385,0.080263,0.181316,196.871284,1582.055556,73.919268,79.291418,36.959634,39.645709,430,270,0.115385,1100.000000,0.000000,35.000000,1.478402,1.585839
0,-0.000233,0.200000,0.181818,0.135193,0.074375,842.625000,587.777778,76.108861,40.995978,38.054431,20.497989,100,90,0.200000,1600.000000,0.000000,35.000000,1.522188,0.000000
0,0.000000,0.285714,0.285714,0.130907,0.008888,440.000000,94.111111,78.681931,41.425698,39.340965,20.712849,510,180,0.285714,1100.000000,0.000000,35.000000,1.573660,0.000000
0,0.000244,0.833333,0.857143,0.050348,0.113054,1192.000000,992.250000,81.807665,40.753232,40.903833,20.376616,280,180,0.857143,1500.000000,0.000000,40.000000,1.636154,0.000000
0,0.000482,0.444444,0.428571,0.129886,0.064087,687.750000,800.000000,49.107143,40.000000,24.553571,20.000000,290,10,0.461538,1800.000000,0.000000,20.000000,0.982171,0.000000
0,0.000000,0.142857,0.142857,0.033042,0.145161,124.989796,1242.055556,77.256209,79.389661,38.628105,39.694830,430,220,0.142857,1100.000000,0.000000,35.000000,1.545130,1.587802
0,0.000000,0.363636,0.363636,0.019786,0.031247,100.440000,300.000000,88.558684,40.000000,44.279342,20.000000,270,170,0.363636,1100.000000,0.000000,40.000000,1.771177,0.000000
0,0.000482,0.444444,0.428571,0.129886,0.064087,687.750000,800.000000,49.107143,40.000000,24.553571,20.000000,300,10,0.461538,1800.000000,0.000000,20.000000,0.982171,0.000000
0,-0.003912,0.714286,0.545455,0.493762,0.119453,638.409600,249.580247,88.632426,35.920898,44.316213,17.960449,220,40,0.857143,2500.000000,0.000000,40.000000,1.772891,0.000000
0,0.000059,0.500000,1.000000,0.304848,0.000000,1251.040000,0.000000,51.053527,0.000000,25.526763,0.000000,140,10,1.000000,3400.000000,0.000000,25.000000,1.021108,0.000000
0,0.000000,1.000000,1.000000,0.681768,0.000000,480.000000,0.000000,53.779608,0.000000,26.889804,0.000000,110,20,1.000000,3600.000000,0.000000,25.000000,1.076174,0.000000
0,-0.000124,0.052632,0.043478,0.191604,0.706746,9887.111111,6041.469388,78.038079,40.453631,39.019040,20.226816,280,240,0.052632,1500.000000,0.000000,35.000000,1.560764,0.000000
0,-0.000182,0.100000,0.090909,0.007311,0.107494,137.169643,958.418367,82.579628,40.374225,41.289814,20.187112,270,100,0.100000,1100.000000,0.000000,40.000000,1.651593,0.000000
0,-0.000340,0.100000,0.076923,0.319498,0.017067,2045.750000,300.000000,85.785981,50.000000,42.892991,25.000000,320,100,0.100000,1900.000000,0.000000,40.000000,1.715745,0.000000
0,-0.000182,0.100000,0.090909,0.012574,0.003094,129.660000,33.687500,81.656655,41.818036,40.828328,20.909018,270,190,0.100000,1100.000000,0.000000,40.000000,1.633134,0.000000
0,0.000000,0.125000,0.125000,0.036857,0.048547,128.602041,438.000000,70.568154,82.765277,35.284077,41.382638,120,90,0.125000,1000.000000,0.000000,35.000000,1.411369,1.655308
0,-0.000622,0.125000,0.083333,2.123535,0.973131,8488.000000,27774.292245,75.093586,85.287849,37.546793,42.643924,260,160,0.125000,1300.000000,0.000000,35.000000,1.502144,1.705778
0,0.000000,0.034483,0.034483,0.246003,0.208334,4786.480969,2025.000000,77.246698,40.399952,38.623349,20.199976,380,320,0.034483,1100.000000,0.000000,35.000000,1.544945,0.000000
0,0.000453,0.222222,0.384615,0.908693,0.043146,5606.361111,364.500000,40.826078,41.098610,20.413039,20.549305,220,10,0.476190,2100.000000,0.000000,20.000000,0.816596,0.000000
0,-0.000092,0.120000,0.115385,0.035046,0.075253,98.816327,614.305556,72.535819,79.735039,36.267910,39.867520,430,110,0.120000,1100.000000,0.000000,35.000000,1.450723,1.594705
0,-0.000549,0.625000,0.545455,0.002270,0.000000,48.347222,0.000000,45.210224,0.000000,22.605112,0.000000,200,10,0.625000,1800.000000,0.000000,20.000000,0.904205,0.000000
0,0.000000,0.285714,0.285714,0.020872,0.008571,99.440000,80.666667,87.752634,39.957847,43.876317,19.978923,270,140,0.285714,1100.000000,0.000000,40.000000,1.755056,0.000000
0,-0.000340,0.100000,0.076923,0.319498,0.017067,2045.750000,300.000000,85.785981,50.000000,42.892991,25.000000,100,100,0.100000,1900.000000,0.000000,40.000000,1.715745,0.000000
0,0.000000,0.363636,0.363636,0.019786,0.031247,100.440000,300.000000,88.558684,40.000000,44.279342,20.000000,360,170,0.363636,1100.000000,0.000000,40.000000,1.771177,0.000000
0,-0.001902,0.250000,0.083333,0.065427,0.973131,594.000000,27774.292245,79.999964,85.287849,39.999982,42.643924,180,150,0.250000,1400.000000,0.000000,35.000000,1.600003,1.705778
0,0.000000,0.500000,0.500000,0.605077,0.052466,4704.410000,500.000000,41.260156,40.000000,20.630078,20.000000,330,10,0.500000,1000.000000,0.000000,20.000000,0.825242,0.000000
0,0.000482,0.444444,0.428571,0.129886,0.064087,687.750000,800.000000,49.107143,40.000000,24.553571,20.000000,170,10,0.461538,1800.000000,0.000000,20.000000,0.982171,0.000000
0,0.000000,0.285714,0.285714,0.020872,0.008571,99.440000,80.666667,87.752634,39.957847,43.876317,19.978923,360,140,0.285714,1100.000000,0.000000,40.000000,1.755056,0.000000
0,-0.000545,0.125000,0.090909,0.337060,0.014492,1223.888889,126.562500,60.049502,39.732530,30.024751,19.866265,190,140,0.125000,1200.000000,0.000000,30.000000,1.201036,0.000000
0,0.001764,0.500000,0.461538,0.052223,0.002061,1206.375000,19.600000,82.637647,42.999839,41.318823,21.499920,280,90,0.500000,1500.000000,0.000000,40.000000,1.652754,0.000000
0,0.000228,0.296296,0.307692,0.207235,0.032107,1682.220765,249.805556,73.463497,38.636429,36.731748,19.318215,430,320,0.307692,1100.000000,0.000000,35.000000,1.469286,0.000000
0,0.002672,0.300000,0.461538,0.283424,0.107494,1818.187500,958.418367,79.294712,40.374225,39.647356,20.187112,100,20,0.461538,1900.000000,0.000000,35.000000,1.585917,0.000000
0,-0.003912,0.714286,0.545455,0.493762,0.119453,638.409600,249.580247,88.632426,35.920898,44.316213,17.960449,130,40,0.857143,2500.000000,0.000000,40.000000,1.772891,0.000000
0,0.000059,0.500000,1.000000,0.304848,0.000000,1251.040000,0.000000,51.053527,0.000000,25.526763,0.000000,130,10,1.000000,3400.000000,0.000000,25.000000,1.021108,0.000000
0,-0.001022,0.166667,0.277778,0.538420,0.149208,9020.416667,1332.250000,67.770800,40.654989,33.885400,20.327495,160,110,0.529412,2700.000000,0.000000,30.000000,1.355459,0.000000
0,0.001369,0.125000,0.250000,0.117515,0.116828,693.437500,772.180000,79.997089,77.775347,39.998544,38.887674,150,80,0.250000,1400.000000,0.000000,35.000000,1.599959,1.555516
0,-0.000170,0.105263,0.090909,0.528884,0.055293,3468.057778,839.520776,90.992647,100.000000,45.496324,50.000000,450,120,0.105263,1400.000000,0.000000,45.000000,1.819897,2.000002
0,0.002904,0.333333,0.745455,0.556900,0.000000,1711.750000,0.000000,73.619167,0.000000,36.809584,0.000000,290,140,0.755556,3100.000000,0.000000,35.000000,1.472479,0.000000
0,-0.000592,0.350000,0.266667,0.186124,0.030743,1342.196543,364.055402,82.725032,40.973566,41.362516,20.486783,320,60,0.350000,1900.000000,0.000000,40.000000,1.654514,0.000000
0,0.001265,0.302326,0.317073,0.157689,5.715615,781.893551,38173.040816,99.615385,46.153846,49.807692,23.076923,470,200,0.317073,1300.000000,0.000000,45.000000,1.992324,0.000000
0,0.000192,0.055556,0.083333,0.158482,0.007244,679.901159,81.000000,77.851557,39.978732,38.925779,19.989366,440,160,0.125000,1600.000000,0.000000,35.000000,1.557050,0.000000
0,-0.000016,0.041667,0.034483,0.274668,0.096313,1727.431111,1101.033058,88.459990,40.788469,44.229995,20.394235,400,190,0.050000,2000.000000,0.000000,40.000000,1.769223,0.000000
0,-0.000125,0.166667,0.142857,0.139024,0.022251,303.109375,500.000000,53.333333,50.000000,26.666667,25.000000,290,10,0.166667,1700.000000,0.000000,25.000000,1.066700,0.000000
0,-0.000140,0.047619,0.037037,0.184607,0.030743,1329.023704,364.055402,75.582476,40.973566,37.791238,20.486783,320,160,0.047619,1900.000000,0.000000,35.000000,1.511663,0.000000
0,0.000192,0.055556,0.083333,0.158482,0.007244,679.901159,81.000000,77.851557,39.978732,38.925779,19.989366,160,90,0.125000,1600.000000,0.000000,35.000000,1.557050,0.000000
0,-0.000170,0.105263,0.090909,0.528884,0.055293,3468.057778,839.520776,90.992647,100.000000,45.496324,50.000000,320,250,0.105263,1400.000000,0.000000,45.000000,1.819897,2.000002
0,0.001070,0.100000,0.222222,0.002741,0.000000,43.527778,0.000000,57.538871,0.000000,28.769436,0.000000,110,10,0.400000,2400.000000,0.000000,25.000000,1.150778,0.000000
0,-0.000170,0.105263,0.090909,0.528884,0.055293,3468.057778,839.520776,90.992647,100.000000,45.496324,50.000000,450,250,0.105263,1400.000000,0.000000,45.000000,1.819897,2.000002
0,-0.000340,0.428571,0.375000,0.028994,0.056965,565.888889,1598.500000,55.530599,88.834116,27.765300,44.417058,330,10,0.428571,2600.000000,0.000000,25.000000,1.110613,1.776683
0,0.000000,0.071429,0.071429,0.234438,0.151924,1976.665000,2040.125000,90.681624,100.000000,45.340812,50.000000,480,180,0.071429,1100.000000,0.000000,45.000000,1.813646,2.000006
0,-0.000058,0.045455,0.033333,0.333183,0.030743,2802.462857,364.055402,74.663489,40.973566,37.331744,20.486783,320,260,0.045455,1900.000000,0.000000,35.000000,1.493290,0.000000
0,0.000000,0.133333,0.133333,0.012650,0.024406,110.241020,300.000000,89.106001,40.000000,44.553001,20.000000,490,180,0.133333,1100.000000,0.000000,40.000000,1.782121,0.000000
0,-0.000290,0.090909,0.066667,0.019490,0.046180,187.713346,549.805556,67.215905,80.974493,33.607952,40.487247,410,150,0.090909,1400.000000,0.000000,30.000000,1.344319,1.619492
0,0.000000,0.033333,0.033333,0.004430,0.041532,116.800000,475.000000,84.928184,38.946427,42.464092,19.473213,150,130,0.033333,1000.000000,0.000000,40.000000,1.698564,0.000000
0,-0.000023,0.034483,0.033333,0.417973,0.162718,3221.991020,2025.000000,87.648398,40.399996,43.824199,20.199998,490,390,0.034483,1100.000000,0.000000,40.000000,1.752995,0.000000
0,-0.000125,0.166667,0.142857,0.139024,0.022251,303.109375,500.000000,53.333333,50.000000,26.666667,25.000000,420,10,0.166667,1700.000000,0.000000,25.000000,1.066700,0.000000
0,-0.000016,0.041667,0.034483,0.274668,0.096313,1727.431111,1101.033058,88.459990,40.788469,44.229995,20.394235,190,50,0.050000,2000.000000,0.000000,40.000000,1.769223,0.000000
0,0.001040,0.153846,0.222222,0.107028,0.000000,512.416667,0.000000,76.018951,0.000000,38.009476,0.000000,330,80,0.294118,2700.000000,0.000000,35.000000,1.520400,0.000000
0,0.001265,0.302326,0.317073,0.157689,5.715615,781.893551,38173.040816,99.615385,46.153846,49.807692,23.076923,470,270,0.317073,1300.000000,0.000000,45.000000,1.992324,0.000000
0,0.000000,0.111111,0.111111,0.004737,0.214117,253.776159,729.000000,46.358358,36.666666,23.179179,18.333333,440,10,0.111111,1600.000000,0.000000,20.000000,0.927167,0.000000
0,0.000000,0.111111,0.111111,0.004737,0.214117,253.776159,729.000000,46.358358,36.666666,23.179179,18.333333,90,10,0.111111,1600.000000,0.000000,20.000000,0.927167,0.000000
0,0.000000,0.066667,0.066667,0.040269,0.024406,2680.250000,300.000000,79.230821,40.000000,39.615410,20.000000,340,180,0.066667,1100.000000,0.000000,35.000000,1.584617,0.000000
0,-0.000592,0.350000,0.266667,0.186124,0.030743,1342.196543,364.055402,82.725032,40.973566,41.362516,20.486783,410,320,0.350000,1900.000000,0.000000,40.000000,1.654514,0.000000
0,0.000000,0.038462,0.038462,0.676639,0.552000,3564.289796,6041.469388,83.648384,40.454473,41.824192,20.227236,500,300,0.038462,1000.000000,0.000000,40.000000,1.673033,0.000000
0,0.000000,0.033333,0.033333,0.004430,0.041532,116.800000,475.000000,84.928184,38.946427,42.464092,19.473213,500,130,0.033333,1000.000000,0.000000,40.000000,1.698564,0.000000
0,0.000000,0.038462,0.038462,0.676639,0.552000,3564.289796,6041.469388,83.648384,40.454473,41.824192,20.227236,300,150,0.038462,1000.000000,0.000000,40.000000,1.673033,0.000000
0,-0.001920,0.833333,0.666667,0.004356,0.100368,36.000000,1087.777778,59.067851,81.999360,29.533925,40.999680,40,10,0.833333,2200.000000,0.000000,25.000000,1.181357,1.639992
0,0.001265,0.302326,0.317073,0.157689,5.715615,781.893551,38173.040816,99.615385,46.153846,49.807692,23.076923,270,120,0.317073,1300.000000,0.000000,45.000000,1.992324,0.000000
0,0.000275,0.800000,1.000000,0.206081,0.000000,396.320000,0.000000,49.160363,0.000000,24.580181,0.000000,360,10,1.000000,2400.000000,0.000000,20.000000,0.983264,0.000000
0,-0.000340,0.428571,0.375000,0.028994,0.056965,565.888889,1598.500000,55.530599,88.834116,27.765300,44.417058,200,10,0.428571,2600.000000,0.000000,25.000000,1.110613,1.776683
0,0.000000,0.133333,0.133333,0.012650,0.024406,110.241020,300.000000,89.106001,40.000000,44.553001,20.000000,180,140,0.133333,1100.000000,0.000000,40.000000,1.782121,0.000000
0,-0.000231,0.058824,0.037037,0.119482,0.000000,803.179592,0.000000,72.906824,0.000000,36.453412,0.000000,220,120,0.058824,2300.000000,0.000000,35.000000,1.458146,0.000000
0,-0.000023,0.034483,0.033333,0.417973,0.162718,3221.991020,2025.000000,87.648398,40.399996,43.824199,20.199998,390,140,0.034483,1100.000000,0.000000,40.000000,1.752995,0.000000
0,0.000000,0.071429,0.071429,0.234438,0.151924,1976.665000,2040.125000,90.681624,100.000000,45.340812,50.000000,350,180,0.071429,1100.000000,0.000000,45.000000,1.813646,2.000006
0,-0.000170,0.105263,0.090909,0.528884,0.055293,3468.057778,839.520776,90.992647,100.000000,45.496324,50.000000,320,120,0.105263,1400.000000,0.000000,45.000000,1.819897,2.000002
0,0.001265,0.302326,0.317073,0.157689,5.715615,781.893551,38173.040816,99.615385,46.153846,49.807692,23.076923,200,120,0.317073,1300.000000,0.000000,45.000000,1.992324,0.000000
0,0.002388,0.700000,0.745455,0.019623,0.000000,764.200000,0.000000,54.444575,0.000000,27.222287,0.000000,210,10,0.755556,2400.000000,0.000000,25.000000,1.088892,0.000000
0,-0.003121,0.666667,0.285714,0.016343,0.066888,2903.312500,729.000000,93.750000,50.000000,46.875000,25.000000,60,10,0.666667,1500.000000,0.000000,45.000000,1.875009,0.000000
0,-0.003121,0.666667,0.285714,0.016343,0.066888,2903.312500,729.000000,93.750000,50.000000,46.875000,25.000000,330,10,0.666667,1500.000000,0.000000,45.000000,1.875009,0.000000
0,0.002276,0.333333,0.555556,0.017578,0.074228,261.132716,729.000000,36.106849,40.757701,18.053425,20.378850,190,10,0.555556,1700.000000,0.000000,15.000000,0.722140,0.000000
0,0.000262,0.142857,0.150000,0.003110,0.000000,39.527778,0.000000,51.392420,0.000000,25.696210,0.000000,100,10,0.150000,2600.000000,0.000000,25.000000,1.027849,0.000000
0,-0.000018,0.038462,0.037037,0.135663,0.206406,1661.355000,2601.000000,74.793696,50.000000,37.396848,25.000000,400,230,0.038462,1300.000000,0.000000,35.000000,1.495880,0.000000
0,0.002048,0.500000,0.750000,0.080064,0.998144,668.489796,1200.000000,89.747080,85.714231,44.873540,42.857116,370,30,0.750000,1500.000000,0.000000,40.000000,1.794946,1.714939
0,0.001177,0.200000,0.250000,0.040705,0.388153,174.793210,4200.694444,77.897748,82.562945,38.948874,41.281472,260,150,0.250000,1400.000000,0.000000,35.000000,1.557961,1.651277
0,-0.000198,0.125000,0.050000,0.133292,0.000000,609.666667,0.000000,76.381933,0.000000,38.190966,0.000000,290,40,0.125000,3200.000000,0.000000,35.000000,1.527681,0.000000
0,0.000000,0.200000,0.200000,0.099430,0.965553,937.138889,821.500000,100.000000,95.714231,50.000000,47.857116,410,350,0.200000,1700.000000,0.000000,50.000000,2.000005,1.914938
0,-0.004505,0.500000,0.166667,0.053499,0.089264,666.545455,1000.000000,38.923236,79.578898,19.461618,39.789449,350,10,0.500000,1700.000000,0.000000,15.000000,0.778467,1.591582
0,0.000000,0.200000,0.200000,0.099430,0.965553,937.138889,821.500000,100.000000,95.714231,50.000000,47.857116,410,220,0.200000,1700.000000,0.000000,50.000000,2.000005,1.914938
0,0.000000,0.040000,0.040000,0.466476,0.205799,8993.850000,1658.880000,75.840772,38.873720,37.920386,19.436860,460,360,0.040000,1000.000000,0.000000,35.000000,1.516828,0.000000
0,0.000000,0.111111,0.111111,0.172779,0.490333,555.666667,400.000000,72.265257,38.409654,36.132628,19.204827,100,80,0.111111,1000.000000,0.000000,35.000000,1.445334,0.000000
0,0.000000,0.150000,0.150000,0.134520,0.000000,508.048889,0.000000,77.461376,0.000000,38.730688,0.000000,170,100,0.150000,1000.000000,0.000000,35.000000,1.549246,0.000000
0,-0.000396,0.250000,0.333333,0.604691,0.126115,796.000000,1300.000000,68.040796,80.963761,34.020398,40.481881,110,90,0.500000,1800.000000,0.000000,30.000000,1.361066,1.619281
0,0.000000,0.200000,0.200000,0.099430,0.965553,937.138889,821.500000,100.000000,95.714231,50.000000,47.857116,350,320,0.200000,1700.000000,0.000000,50.000000,2.000005,1.914938
0,-0.000395,0.142857,0.111111,0.017578,0.490333,65.382716,400.000000,45.998492,38.409654,22.999246,19.204827,190,10,0.142857,1700.000000,0.000000,20.000000,0.919973,0.000000
0,0.000000,0.555556,0.555556,0.162333,0.074228,686.750000,729.000000,80.360511,40.757701,40.180255,20.378850,100,80,0.555556,1000.000000,0.000000,40.000000,1.607230,0.000000
0,-0.000936,1.000000,0.857143,0.091940,0.956118,909.138889,700.000000,87.500000,45.714231,43.750000,22.857116,220,10,1.000000,1700.000000,0.000000,40.000000,1.750005,0.000000
0,0.000000,0.200000,0.200000,0.099430,0.965553,937.138889,821.500000,100.000000,95.714231,50.000000,47.857116,320,220,0.200000,1700.000000,0.000000,50.000000,2.000005,1.914938
0,-0.000318,0.058824,0.037037,0.034330,0.088034,249.119898,920.581315,78.883027,80.520276,39.441513,40.260138,410,120,0.058824,1500.000000,0.000000,35.000000,1.577663,1.610410
0,0.000000,0.250000,0.250000,0.001636,0.083326,104.679012,853.081633,50.990311,80.678425,25.495155,40.339213,150,10,0.250000,1200.000000,0.000000,25.000000,1.019806,1.613573
0,-0.000141,0.625000,0.400000,0.252579,0.543203,457.000000,1100.000000,70.552606,79.508889,35.276303,39.754445,260,90,0.625000,1800.000000,0.000000,35.000000,1.411132,1.590543
0,0.000000,0.250000,0.250000,0.519462,1.456475,3022.750000,16052.000000,77.792206,82.195519,38.896103,41.097760,200,190,0.250000,1000.000000,0.000000,35.000000,1.555889,1.643976
0,-0.000936,1.000000,0.857143,0.091940,0.956118,909.138889,700.000000,87.500000,45.714231,43.750000,22.857116,350,10,1.000000,1700.000000,0.000000,40.000000,1.750005,0.000000
0,0.000000,0.037037,0.037037,0.521274,0.206406,3235.902494,2601.000000,76.466021,50.000000,38.233010,25.000000,430,100,0.037037,1000.000000,0.000000,35.000000,1.529366,0.000000
0,-0.000398,0.500000,0.444444,1.242565,0.052502,6993.632653,800.000000,73.666513,40.000000,36.833256,20.000000,310,70,0.500000,1400.000000,0.000000,35.000000,1.473441,0.000000
0,0.002048,0.500000,0.750000,0.080064,0.998144,668.489796,1200.000000,89.747080,85.714231,44.873540,42.857116,240,30,0.750000,1500.000000,0.000000,40.000000,1.794946,1.714939
0,-0.000167,0.133333,0.125000,0.008106,0.079662,141.679012,828.704142,77.656448,81.418080,38.828224,40.709040,200,150,0.133333,1200.000000,0.000000,35.000000,1.553129,1.628365
0,0.000000,0.050000,0.050000,0.137893,0.000000,546.839506,0.000000,79.839057,0.000000,39.919529,0.000000,510,100,0.050000,1000.000000,0.000000,35.000000,1.596799,0.000000
0,0.000000,0.166667,0.166667,0.200423,0.000000,1316.666667,0.000000,78.527559,0.000000,39.263779,0.000000,120,60,0.166667,1000.000000,0.000000,35.000000,1.570566,0.000000
0,0.000000,0.833333,0.833333,0.115177,0.000000,137.500000,0.000000,87.500000,0.000000,43.750000,0.000000,210,10,0.833333,2000.000000,0.000000,40.000000,1.750055,0.000000
0,0.000000,0.833333,0.833333,0.115177,0.000000,137.500000,0.000000,87.500000,0.000000,43.750000,0.000000,260,10,0.833333,2000.000000,0.000000,40.000000,1.750055,0.000000
0,-0.000229,0.181818,0.153846,0.076114,0.049889,687.111111,500.000000,82.057954,81.242763,41.028977,40.621382,280,160,0.181818,1700.000000,0.000000,40.000000,1.641164,1.624858
0,-0.000145,0.100000,0.090909,0.016504,0.020687,162.375000,253.081633,47.777778,82.361110,23.888889,41.180555,200,10,0.100000,1300.000000,0.000000,20.000000,0.955556,1.647223
0,-0.003441,1.000000,0.750000,0.085800,0.098964,929.478458,496.398892,47.586933,37.856420,23.793466,18.928210,370,10,1.000000,1500.000000,0.000000,20.000000,0.951743,0.000000
0,0.000000,0.833333,0.833333,0.115177,0.000000,137.500000,0.000000,87.500000,0.000000,43.750000,0.000000,250,10,0.833333,2000.000000,0.000000,40.000000,1.750055,0.000000
0,-0.000878,0.222222,0.166667,0.030980,0.015091,164.000000,200.000000,73.202695,41.250000,36.601347,20.625000,190,20,0.222222,1400.000000,0.000000,35.000000,1.464060,0.000000
0,0.014951,0.071429,1.000000,0.166528,0.000000,1566.267857,0.000000,42.590580,0.000000,21.295290,0.000000,260,10,1.000000,2200.000000,0.000000,20.000000,0.851821,0.000000
0,-0.000398,0.153846,0.125000,0.939366,0.438419,8895.500000,4769.280000,77.022558,39.746924,38.511279,19.873462,380,90,0.153846,1400.000000,0.000000,35.000000,1.540501,0.000000
0,0.000000,0.050000,0.050000,0.006246,0.035140,279.199506,433.884298,90.908934,40.788887,45.454467,20.394443,520,10,0.050000,1100.000000,0.000000,45.000000,1.818179,0.000000
0,-0.002190,1.000000,0.857143,0.066552,0.042039,887.238281,600.000000,87.931034,50.000000,43.965517,25.000000,290,120,1.000000,1700.000000,0.000000,40.000000,1.758623,0.000000
0,0.006165,0.166667,0.500000,2.341248,0.042066,18397.680000,700.000000,92.857143,50.000000,46.428571,25.000000,360,140,0.500000,2700.000000,0.000000,45.000000,1.857292,0.000000
0,-0.000667,0.375000,0.333333,0.019172,0.108573,209.500000,481.333333,55.849779,45.833333,27.924889,22.916667,240,10,0.375000,1200.000000,0.000000,25.000000,1.116997,0.000000
0,0.002309,0.111111,0.250000,0.053438,0.066648,511.140625,1000.000000,58.164398,90.000000,29.082199,45.000000,260,10,0.250000,1500.000000,0.000000,25.000000,1.163291,1.800002
0,0.000000,0.062500,0.062500,0.236965,0.027305,1670.631944,580.401662,77.428626,39.090931,38.714313,19.545466,420,120,0.062500,1100.000000,0.000000,35.000000,1.548590,0.000000
0,-0.000128,0.083333,0.076923,0.026678,0.036101,1140.897507,16.000000,87.691357,50.000000,43.845678,25.000000,320,120,0.083333,1100.000000,0.000000,40.000000,1.753833,0.000000
0,-0.000055,0.038462,0.035714,0.072167,0.082774,3055.326942,1084.134298,89.491367,90.788887,44.745684,45.394443,440,10,0.038462,1100.000000,0.000000,40.000000,1.789828,1.815781
0,-0.000868,0.181818,0.133333,0.278643,0.047634,2243.984379,650.250000,84.423953,50.000000,42.211976,25.000000,370,100,0.250000,1800.000000,0.000000,40.000000,1.688496,0.000000
0,-0.000362,0.200000,0.066667,1.224912,0.047634,6498.375000,650.250000,40.825142,50.000000,20.412571,25.000000,230,10,0.200000,3200.000000,0.000000,20.000000,0.816619,0.000000
0,-0.000290,0.095238,0.068966,0.731942,4.917408,5360.544379,52028.027778,81.565234,90.135428,40.782617,45.067714,370,250,0.095238,1800.000000,0.000000,40.000000,1.631355,1.802941
0,0.002268,0.200000,0.461538,0.010050,0.079836,84.500000,809.697778,45.138750,41.062072,22.569375,20.531036,40,10,0.666667,2200.000000,0.000000,20.000000,0.902776,0.000000
0,0.000036,0.050000,0.100000,0.309533,0.052337,4552.234375,833.548454,75.677497,91.143990,37.838748,45.571995,320,310,0.111111,2300.000000,0.000000,35.000000,1.513573,1.822882
0,-0.000038,0.050000,0.047619,0.037913,0.047634,2193.763175,650.250000,61.032283,50.000000,30.516142,25.000000,420,160,0.050000,1300.000000,0.000000,30.000000,1.220651,0.000000
0,-0.000239,0.100000,0.068966,0.426256,0.198420,3286.355203,1095.855469,80.835753,89.628825,40.417876,44.814413,390,360,0.100000,1900.000000,0.000000,40.000000,1.616744,1.792604
0,0.001439,0.200000,0.500000,0.386138,0.099410,5132.008264,1242.562500,49.745653,89.999990,24.872827,44.999995,360,10,0.545455,1900.000000,0.000000,20.000000,0.994937,1.800004
0,0.006165,0.166667,0.500000,2.341248,0.042066,18397.680000,700.000000,92.857143,50.000000,46.428571,25.000000,360,270,0.500000,2700.000000,0.000000,45.000000,1.857292,0.000000
0,-0.002190,1.000000,0.857143,0.066552,0.042039,887.238281,600.000000,87.931034,50.000000,43.965517,25.000000,120,80,1.000000,1700.000000,0.000000,40.000000,1.758623,0.000000
0,0.002309,0.111111,0.250000,0.053438,0.066648,511.140625,1000.000000,58.164398,90.000000,29.082199,45.000000,390,10,0.250000,1500.000000,0.000000,25.000000,1.163291,1.800002
0,-0.000667,0.375000,0.333333,0.019172,0.108573,209.500000,481.333333,55.849779,45.833333,27.924889,22.916667,440,10,0.375000,1200.000000,0.000000,25.000000,1.116997,0.000000
0,-0.000728,0.888889,0.800000,0.025199,0.024582,91.839506,300.000000,44.244617,40.000000,22.122309,20.000000,480,10,0.888889,1500.000000,0.000000,20.000000,0.884897,0.000000
0,0.000476,0.833333,0.857143,0.002033,0.000000,53.000000,0.000000,45.849779,0.000000,22.924889,0.000000,390,10,0.857143,1200.000000,0.000000,20.000000,0.916996,0.000000
0,-0.000128,0.083333,0.076923,0.026678,0.036101,1140.897507,16.000000,87.691357,50.000000,43.845678,25.000000,250,120,0.083333,1100.000000,0.000000,40.000000,1.753833,0.000000
0,-0.001026,0.312500,0.200000,0.176813,0.053687,980.897959,561.555556,72.932804,40.678039,36.466402,20.339020,310,170,0.312500,1700.000000,0.000000,35.000000,1.458674,0.000000
0,-0.000090,0.071429,0.200000,0.206586,0.014035,925.493333,150.541016,77.420208,41.922293,38.710104,20.961147,270,60,0.250000,2800.000000,0.000000,35.000000,1.548428,0.000000
0,0.000000,0.181818,0.181818,0.012686,0.067902,136.595556,515.312500,89.996648,89.363222,44.998324,44.681611,130,110,0.181818,1000.000000,0.000000,40.000000,1.799934,1.787269
0,0.000000,0.090909,0.090909,0.012519,0.001214,136.602431,15.312500,90.908363,50.000000,45.454182,25.000000,200,50,0.090909,1000.000000,0.000000,45.000000,1.818168,0.000000
0,-0.000043,0.035714,0.033333,0.072226,0.033516,528.836805,352.083333,82.539032,50.000000,41.269516,25.000000,460,210,0.035714,1300.000000,0.000000,40.000000,1.650786,0.000000
0,0.000000,0.090909,0.090909,0.012519,0.001214,136.602431,15.312500,90.908363,50.000000,45.454182,25.000000,200,130,0.090909,1000.000000,0.000000,45.000000,1.818168,0.000000
0,0.000000,0.181818,0.181818,0.012686,0.067902,136.595556,515.312500,89.996648,89.363222,44.998324,44.681611,110,50,0.181818,1000.000000,0.000000,40.000000,1.799934,1.787269
0,0.000000,0.090909,0.090909,0.056538,0.001214,2730.963719,15.312500,90.065046,50.000000,45.032523,25.000000,390,130,0.090909,1000.000000,0.000000,45.000000,1.801302,0.000000
0,0.000000,0.333333,0.333333,0.066030,0.041615,241.333333,500.000000,79.210430,50.000000,39.605215,25.000000,220,20,0.333333,1200.000000,0.000000,35.000000,1.584218,0.000000
0,0.000000,0.055556,0.055556,0.057804,0.194534,227.612654,1800.000000,49.605094,79.100724,24.802547,39.550362,470,10,0.055556,1200.000000,0.000000,20.000000,0.992111,1.582025
0,0.000000,0.090909,0.090909,0.243369,0.187318,932.861111,1728.000000,77.930019,39.978922,38.965009,19.989461,170,150,0.090909,1400.000000,0.000000,35.000000,1.558633,0.000000
0,0.000000,0.727273,0.727273,0.001703,0.173425,70.065000,1600.000000,49.123780,79.735856,24.561890,39.867928,210,10,0.727273,1200.000000,0.000000,20.000000,0.982476,1.594727
0,0.000000,0.090909,0.090909,0.056538,0.001214,2730.963719,15.312500,90.065046,50.000000,45.032523,25.000000,390,50,0.090909,1000.000000,0.000000,45.000000,1.801302,0.000000
0,0.000000,0.166667,0.166667,0.096881,0.051238,732.007784,523.812500,76.687318,40.907357,38.343659,20.453678,440,240,0.166667,1000.000000,0.000000,35.000000,1.533753,0.000000
0,0.000000,0.444444,0.444444,0.313980,0.564418,2897.234375,2000.000000,49.571531,74.015824,24.785766,37.007912,420,10,0.444444,1200.000000,0.000000,20.000000,0.991448,1.480449
0,-0.001707,0.800000,0.666667,0.051777,0.023304,125.250000,252.000000,70.004199,39.545615,35.002099,19.772808,140,10,0.800000,1300.000000,0.000000,35.000000,1.400106,0.000000
0,0.000000,0.333333,0.333333,0.010788,0.000000,106.000000,0.000000,83.387092,0.000000,41.693546,0.000000,140,20,0.333333,1200.000000,0.000000,40.000000,1.667742,0.000000
0,-0.000563,0.400000,0.454545,0.009864,0.442896,3399.125000,1000.000000,48.764217,74.279968,24.382108,37.139984,220,10,0.636364,3200.000000,0.000000,20.000000,0.975284,1.485725
0,-0.000222,0.125000,0.111111,0.128334,0.007954,3163.101239,81.920000,78.437806,39.965855,39.218903,19.982928,370,290,0.125000,1300.000000,0.000000,35.000000,1.568762,0.000000
0,0.000000,0.083333,0.083333,0.048316,0.003620,184.500000,41.326531,71.666666,40.000000,35.833333,20.000000,440,270,0.083333,1000.000000,0.000000,35.000000,1.433342,0.000000
0,0.000000,0.500000,0.500000,0.060054,0.041933,574.342936,500.000000,49.274516,50.000000,24.637258,25.000000,430,10,0.500000,1400.000000,0.000000,20.000000,0.985494,0.000000
0,0.000000,0.250000,0.250000,0.013683,0.134753,116.675556,1418.598616,43.266951,39.896009,21.633475,19.948005,130,10,0.250000,1400.000000,0.000000,20.000000,0.865340,0.000000
0,0.000000,0.375000,0.375000,0.002184,0.587227,33.888889,1352.000000,58.000102,43.750000,29.000051,21.875000,470,10,0.375000,1000.000000,0.000000,25.000000,1.160002,0.000000
0,0.000000,0.250000,0.250000,0.002079,0.003776,91.000000,64.000000,50.000000,40.000000,25.000000,20.000000,120,10,0.250000,1600.000000,0.000000,25.000000,1.000000,0.000000
0,0.000000,0.200000,0.200000,0.139554,0.001114,2205.831389,16.000000,56.484950,50.000000,28.242475,25.000000,350,10,0.200000,1000.000000,0.000000,25.000000,1.129703,0.000000
0,-0.000006,0.055556,0.083333,0.164105,0.287374,719.541667,3269.571429,70.266777,81.153088,35.133388,40.576544,230,160,0.125000,2100.000000,0.000000,35.000000,1.405355,1.623074
0,-0.002189,0.666667,0.444444,0.005121,0.033868,56.000000,358.295858,51.000000,40.747694,25.500000,20.373847,100,10,0.666667,2200.000000,0.000000,25.000000,1.020000,0.000000
0,0.001165,0.222222,0.500000,0.004790,1.000979,275.426667,1617.280000,85.056959,36.428571,42.528480,18.214286,100,10,0.500000,1800.000000,0.000000,40.000000,1.701139,0.000000
0,0.004800,0.200000,0.500000,0.241519,1.263747,1979.000000,12766.000000,79.966697,79.642194,39.983349,39.821097,210,140,0.500000,1700.000000,0.000000,35.000000,1.599349,1.592906
0,0.000000,0.200000,0.200000,0.139554,0.001114,2205.831389,16.000000,56.484950,50.000000,28.242475,25.000000,280,10,0.200000,1000.000000,0.000000,25.000000,1.129703,0.000000
0,0.000000,0.250000,0.250000,0.003869,0.008886,49.444444,98.437500,48.000102,39.963869,24.000051,19.981934,210,10,0.250000,1000.000000,0.000000,20.000000,0.960002,0.000000
0,0.000000,0.375000,0.375000,0.002184,0.587227,33.888889,1352.000000,58.000102,43.750000,29.000051,21.875000,540,10,0.375000,1000.000000,0.000000,25.000000,1.160002,0.000000
0,-0.000050,0.090909,0.083333,0.161711,0.004734,1221.701389,57.326531,74.531542,90.000000,37.265771,45.000000,210,200,0.090909,1700.000000,0.000000,35.000000,1.490649,1.800000
0,0.000000,0.062500,0.062500,0.005214,0.314623,343.031412,3587.964898,45.841834,82.127581,22.920917,41.063791,330,10,0.062500,1100.000000,0.000000,20.000000,0.916837,1.642565
0,0.000000,0.250000,0.250000,0.040313,0.001084,112.277778,15.843750,37.060228,40.000000,18.530114,20.000000,220,10,0.250000,1400.000000,0.000000,15.000000,0.741213,0.000000
0,0.000000,0.500000,0.500000,1.304239,1.000979,664.875000,1617.280000,87.142065,36.428571,43.571033,18.214286,270,190,0.500000,1400.000000,0.000000,40.000000,1.744170,0.000000
0,-0.000303,0.333333,0.318182,0.121185,0.000000,2206.824653,0.000000,80.490800,0.000000,40.245400,0.000000,360,180,0.333333,1300.000000,0.000000,40.000000,1.609819,0.000000
0,0.000000,0.083333,0.083333,0.070401,0.034701,412.000000,744.537603,74.375615,79.563393,37.187808,39.781697,220,130,0.083333,1500.000000,0.000000,35.000000,1.487519,1.591269
0,-0.000050,0.090909,0.083333,0.161711,0.004734,1221.701389,57.326531,74.531542,90.000000,37.265771,45.000000,280,200,0.090909,1700.000000,0.000000,35.000000,1.490649,1.800000
0,0.001538,0.133333,0.500000,0.013059,1.000979,281.760000,1617.280000,77.765120,36.428571,38.882560,18.214286,230,10,0.500000,1800.000000,0.000000,35.000000,1.555304,0.000000
0,0.000000,0.500000,0.500000,1.304239,1.000979,664.875000,1617.280000,87.142065,36.428571,43.571033,18.214286,190,140,0.500000,1400.000000,0.000000,40.000000,1.744170,0.000000
0,-0.003000,0.400000,0.250000,0.038040,0.001118,306.000000,15.312500,90.000008,50.000000,45.000004,25.000000,200,120,0.400000,1200.000000,0.000000,45.000000,1.800003,0.000000
0,0.001305,0.750000,1.000000,0.006428,0.000000,62.666667,0.000000,47.996627,0.000000,23.998314,0.000000,140,10,1.000000,2700.000000,0.000000,20.000000,0.959933,0.000000
0,0.000000,0.500000,0.500000,0.036562,0.339881,40.888889,245.000000,48.000112,32.000000,24.000056,16.000000,240,10,0.500000,1000.000000,0.000000,20.000000,0.960027,0.000000
0,0.000000,0.500000,0.500000,0.060054,0.041933,574.342936,500.000000,49.274516,50.000000,24.637258,25.000000,210,10,0.500000,1400.000000,0.000000,20.000000,0.985494,0.000000
0,-0.003000,0.400000,0.250000,0.038040,0.001118,306.000000,15.312500,90.000008,50.000000,45.000004,25.000000,200,40,0.400000,1200.000000,0.000000,45.000000,1.800003,0.000000
0,-0.000889,0.111111,0.066667,0.008028,0.030869,126.285319,359.720000,50.063239,40.974493,25.031619,20.487247,430,10,0.111111,1100.000000,0.000000,25.000000,1.001265,0.000000
0,0.000000,0.700000,0.700000,0.013495,0.038329,140.638889,500.000000,48.831762,50.000000,24.415881,25.000000,250,10,0.700000,1000.000000,0.000000,20.000000,0.976636,0.000000
0,0.000000,0.250000,0.250000,0.002079,0.003776,91.000000,64.000000,50.000000,40.000000,25.000000,20.000000,250,10,0.250000,1600.000000,0.000000,25.000000,1.000000,0.000000
0,-0.000853,0.250000,0.166667,0.063495,0.460779,589.342936,1568.000000,88.214286,81.634652,44.107143,40.817326,430,100,0.250000,1500.000000,0.000000,40.000000,1.764289,1.632823
0,0.002471,0.100000,0.250000,0.042377,0.025291,1181.471886,261.000000,88.280677,91.363862,44.140338,45.681931,240,200,0.250000,1500.000000,0.000000,40.000000,1.765615,1.827278
0,0.000819,0.250000,0.375000,0.021052,0.068051,221.040000,838.000000,91.818180,100.000000,45.909090,50.000000,490,200,0.375000,1600.000000,0.000000,45.000000,1.836365,2.000003
0,-0.001696,1.000000,0.750000,0.061702,0.464673,619.943289,1400.000000,62.505028,81.266566,31.252514,40.633283,380,10,1.000000,2000.000000,0.000000,30.000000,1.250104,1.625462
0,-0.001280,0.600000,0.500000,0.034946,0.026946,125.250000,324.000000,88.028453,50.000000,44.014227,25.000000,100,70,0.600000,1900.000000,0.000000,40.000000,1.760576,0.000000
0,0.000000,0.025000,0.025000,0.101656,0.714026,2870.329630,1704.250000,89.420022,86.944444,44.710011,43.472222,350,180,0.025000,1000.000000,0.000000,40.000000,1.788403,1.739060
0,0.004415,0.200000,0.533333,0.014543,0.028132,131.250000,765.342561,40.197309,39.450666,20.098654,19.725333,270,10,0.533333,2800.000000,0.000000,20.000000,0.803947,0.000000
0,0.002471,0.100000,0.250000,0.042377,0.025291,1181.471886,261.000000,88.280677,91.363862,44.140338,45.681931,310,200,0.250000,1500.000000,0.000000,40.000000,1.765615,1.827278
0,0.000000,0.066667,0.066667,0.162461,0.001081,2232.442500,16.000000,83.484848,50.000000,41.742424,25.000000,440,280,0.066667,1100.000000,0.000000,40.000000,1.669708,0.000000
0,0.002000,0.125000,0.250000,0.032469,0.055053,50.375000,583.000000,70.927702,91.363862,35.463851,45.681931,500,200,0.250000,1500.000000,0.000000,35.000000,1.418570,1.827280
0,0.000000,0.076923,0.076923,0.145224,0.037207,273.568878,500.000000,77.380572,50.000000,38.690286,25.000000,340,260,0.076923,1000.000000,0.000000,35.000000,1.547652,0.000000
0,0.000000,0.026316,0.026316,0.111827,0.664122,2719.944898,2405.592561,85.964331,83.895110,42.982165,41.947555,190,180,0.026316,1000.000000,0.000000,40.000000,1.719294,1.678026
0,0.002269,0.083333,0.266667,0.227638,0.078036,1104.666667,64.000000,74.508346,42.500000,37.254173,21.250000,210,110,0.266667,3400.000000,0.000000,35.000000,1.490213,0.000000
0,-0.000117,0.142857,0.125000,0.032370,0.045833,274.040000,598.437500,81.767332,89.997127,40.883666,44.998563,180,140,0.142857,1800.000000,0.000000,40.000000,1.635349,1.799944
0,0.004625,0.468750,0.700000,0.046648,0.029966,2653.693482,359.720000,50.128286,41.160410,25.064143,20.580205,390,10,0.700000,1200.000000,0.000000,25.000000,1.002566,0.000000
0,-0.001132,0.333333,0.026316,0.001723,0.029213,47.250000,781.342561,40.203593,89.450666,20.101797,44.725333,110,10,0.666667,2800.000000,0.000000,20.000000,0.804072,1.789014
0,-0.000834,0.500000,0.375000,0.064477,0.683333,1076.355030,2090.250000,48.219353,85.694443,24.109677,42.847222,100,10,0.500000,1800.000000,0.000000,20.000000,0.964389,1.714015
0,-0.000697,0.166667,0.100000,0.297773,0.391575,1273.413580,600.000000,86.149824,41.666667,43.074912,20.833333,460,130,0.166667,2300.000000,0.000000,40.000000,1.723033,0.000000
0,0.000000,1.000000,1.000000,0.455150,0.637264,2261.760000,1656.250000,55.603448,84.444444,27.801724,42.222222,380,10,1.000000,1100.000000,0.000000,25.000000,1.112115,1.689012
0,-0.000162,0.222222,0.181818,0.359216,0.637201,1285.750000,1652.250000,84.734842,84.444444,42.367421,42.222222,300,90,0.222222,1900.000000,0.000000,40.000000,1.694771,1.689012
0,-0.001696,1.000000,0.750000,0.061702,0.464673,619.943289,1400.000000,62.505028,81.266566,31.252514,40.633283,160,10,1.000000,2000.000000,0.000000,30.000000,1.250104,1.625462
0,-0.001122,1.000000,0.656250,0.211213,0.403345,327.712500,1351.603306,90.238095,81.657827,45.119048,40.828914,90,10,1.000000,2700.000000,0.000000,45.000000,1.804837,1.633284
0,-0.000937,0.400000,0.375000,0.015836,0.635990,1319.165289,1640.250000,97.777778,44.444444,48.888889,22.222222,180,70,0.500000,2100.000000,0.000000,45.000000,1.955556,0.000000
0,-0.000047,0.041667,0.031250,1.155851,0.023836,7997.765625,300.000000,79.306010,39.999915,39.653005,19.999958,330,280,0.041667,2300.000000,0.000000,35.000000,1.586212,0.000000
0,0.000000,0.066667,0.066667,0.162461,0.001081,2232.442500,16.000000,83.484848,50.000000,41.742424,25.000000,440,350,0.066667,1100.000000,0.000000,40.000000,1.669708,0.000000
0,-0.000035,0.047619,0.045455,0.049277,0.000000,2652.455038,0.000000,80.973409,0.000000,40.486704,0.000000,390,200,0.047619,1200.000000,0.000000,40.000000,1.619469,0.000000
0,-0.000695,0.400000,0.142857,1.069955,0.078036,5387.500000,64.000000,78.955732,42.500000,39.477866,21.250000,110,50,0.500000,4000.000000,0.000000,35.000000,1.579221,0.000000
0,0.000000,0.615385,0.615385,0.011413,0.027277,147.093426,910.363306,50.141087,82.213204,25.070543,41.106602,160,10,0.615385,1200.000000,0.000000,25.000000,1.002822,1.644265
0,-0.000834,0.500000,0.375000,0.064477,0.683333,1076.355030,2090.250000,48.219353,85.694443,24.109677,42.847222,310,10,0.500000,1800.000000,0.000000,20.000000,0.964389,1.714015
0,0.000000,1.000000,1.000000,0.455150,0.637264,2261.760000,1656.250000,55.603448,84.444444,27.801724,42.222222,170,10,1.000000,1100.000000,0.000000,25.000000,1.112115,1.689012
0,-0.000340,0.090909,0.095238,0.441201,0.392627,357.555625,615.843750,82.995386,81.666667,41.497693,40.833333,90,80,0.142857,2800.000000,0.000000,40.000000,1.660198,1.633461
0,0.000000,1.000000,1.000000,0.006211,0.008703,97.600000,90.000000,51.386344,50.000000,25.693172,25.000000,490,10,1.000000,1200.000000,0.000000,25.000000,1.027727,0.000000
0,-0.000282,0.325581,0.303571,0.199559,0.001081,2913.052133,16.000000,89.607745,50.000000,44.803872,25.000000,320,200,0.341463,1900.000000,0.000000,40.000000,1.792171,0.000000
0,-0.000041,0.040000,0.038462,0.074580,0.433650,725.692936,1100.000000,83.603472,81.662651,41.801736,40.831325,460,210,0.043478,1500.000000,0.000000,40.000000,1.672073,1.633383
0,0.000000,0.125000,0.125000,0.059594,0.031925,1171.096886,354.000000,78.943321,100.000000,39.471661,50.000000,430,240,0.125000,1500.000000,0.000000,35.000000,1.578882,2.000001
0,0.000000,0.333333,0.333333,0.122636,0.001212,565.000000,12.000000,48.002874,40.000000,24.001437,20.000000,370,10,0.333333,1200.000000,0.000000,20.000000,0.960071,0.000000
0,-0.000853,0.250000,0.166667,0.063495,0.460779,589.342936,1568.000000,88.214286,81.634652,44.107143,40.817326,210,100,0.250000,1500.000000,0.000000,40.000000,1.764289,1.632823
0,0.000000,0.026316,0.026316,0.111827,0.664122,2719.944898,2405.592561,85.964331,83.895110,42.982165,41.947555,390,190,0.026316,1000.000000,0.000000,40.000000,1.719294,1.678026
0,-0.001280,0.600000,0.500000,0.034946,0.026946,125.250000,324.000000,88.028453,50.000000,44.014227,25.000000,340,100,0.600000,1900.000000,0.000000,40.000000,1.760576,0.000000
0,-0.000054,0.038462,0.033333,0.846081,0.011247,4847.329796,116.000000,82.302230,92.499600,41.151115,46.249800,300,230,0.038462,1600.000000,0.000000,40.000000,1.646120,1.849993
0,-0.000220,0.062500,0.045455,0.057478,0.038288,1345.136886,516.000000,89.129527,100.000000,44.564764,50.000000,240,210,0.062500,1500.000000,0.000000,40.000000,1.782592,2.000001
0,0.000000,1.000000,1.000000,0.036681,0.407082,511.529297,758.760000,58.333333,83.888710,29.166667,41.944355,460,10,1.000000,1200.000000,0.000000,25.000000,1.166668,1.677903
0,-0.001122,1.000000,0.656250,0.211213,0.403345,327.712500,1351.603306,90.238095,81.657827,45.119048,40.828914,310,10,1.000000,2700.000000,0.000000,45.000000,1.804837,1.633284
0,0.000375,0.031250,0.050000,0.497354,0.031047,3130.631339,375.720000,55.777526,91.160410,27.888763,45.580205,270,10,0.050000,1200.000000,0.000000,25.000000,1.115590,1.823209
0,0.000000,0.166667,0.166667,0.005871,0.008703,79.080000,90.000000,50.849820,50.000000,25.424910,25.000000,60,10,0.166667,1200.000000,0.000000,25.000000,1.016997,0.000000
0,0.000000,0.125000,0.125000,0.059594,0.031925,1171.096886,354.000000,78.943321,100.000000,39.471661,50.000000,430,310,0.125000,1500.000000,0.000000,35.000000,1.578882,2.000001
0,0.001334,0.222222,0.421053,0.022928,0.028132,589.054734,765.342561,39.236877,39.450666,19.618439,19.725333,230,10,0.484848,2800.000000,0.000000,15.000000,0.784738,0.000000
0,0.000000,0.025000,0.025000,0.101656,0.714026,2870.329630,1704.250000,89.420022,86.944444,44.710011,43.472222,390,350,0.025000,1000.000000,0.000000,40.000000,1.788403,1.739060
0,0.000000,0.125000,0.125000,0.059594,0.031925,1171.096886,354.000000,78.943321,100.000000,39.471661,50.000000,500,240,0.125000,1500.000000,0.000000,35.000000,1.578882,2.000001
0,-0.000230,0.166667,0.153846,0.183088,0.235772,4094.768163,294.183673,80.577256,40.649796,40.288628,20.324898,390,210,0.166667,1200.000000,0.000000,40.000000,1.611552,0.000000
0,-0.000937,0.400000,0.375000,0.015836,0.635990,1319.165289,1640.250000,97.777778,44.444444,48.888889,22.222222,280,180,0.500000,2100.000000,0.000000,45.000000,1.955556,0.000000
0,-0.002893,0.142857,0.181818,0.225589,0.003514,2272.140625,41.326531,74.354284,40.000000,37.177142,20.000000,280,150,0.500000,2300.000000,0.000000,35.000000,1.487108,0.000000
0,0.002669,0.071429,0.250000,0.031284,0.061417,275.040000,745.000000,82.573382,91.363862,41.286691,45.681931,180,170,0.250000,1800.000000,0.000000,40.000000,1.651469,1.827280
0,0.000819,0.250000,0.375000,0.021052,0.068051,221.040000,838.000000,91.818180,100.000000,45.909090,50.000000,420,200,0.375000,1600.000000,0.000000,45.000000,1.836365,2.000003
0,-0.001770,0.285714,0.133333,1.090643,0.023836,6031.250000,300.000000,72.315427,39.999915,36.157714,19.999958,330,320,0.285714,2300.000000,0.000000,35.000000,1.446427,0.000000
0,0.002000,0.125000,0.250000,0.032469,0.055053,50.375000,583.000000,70.927702,91.363862,35.463851,45.681931,430,200,0.250000,1500.000000,0.000000,35.000000,1.418570,1.827280
0,-0.000096,0.028571,0.023810,0.183716,0.079118,825.735155,80.000000,86.084789,92.500000,43.042395,46.250000,270,260,0.034483,1900.000000,0.000000,40.000000,1.721717,1.850048
0,-0.000937,0.400000,0.375000,0.015836,0.635990,1319.165289,1640.250000,97.777778,44.444444,48.888889,22.222222,400,70,0.500000,2100.000000,0.000000,45.000000,1.955556,0.000000
0,-0.000848,0.500000,0.375000,0.038689,0.084868,131.334400,1551.603306,48.831921,79.591060,24.415961,39.795530,80,10,0.500000,2000.000000,0.000000,20.000000,0.976646,1.591825
0,-0.000937,0.400000,0.375000,0.015836,0.635990,1319.165289,1640.250000,97.777778,44.444444,48.888889,22.222222,400,280,0.500000,2100.000000,0.000000,45.000000,1.955556,0.000000
0,-0.000359,0.086957,0.026316,2.070863,0.029213,7947.094675,781.342561,68.491015,89.450666,34.245508,44.725333,260,90,0.086957,2000.000000,0.000000,30.000000,1.370090,1.789014
0,-0.000282,0.325581,0.303571,0.199559,0.001081,2913.052133,16.000000,89.607745,50.000000,44.803872,25.000000,320,270,0.341463,1900.000000,0.000000,40.000000,1.792171,0.000000
0,0.000000,0.125000,0.125000,0.059594,0.031925,1171.096886,354.000000,78.943321,100.000000,39.471661,50.000000,500,310,0.125000,1500.000000,0.000000,35.000000,1.578882,2.000001
0,-0.000303,0.090909,0.055556,0.821713,0.104439,5024.000000,904.472222,73.538333,79.928566,36.769167,39.964283,350,90,0.090909,2100.000000,0.000000,35.000000,1.470835,1.598578
0,-0.000041,0.040000,0.038462,0.074580,0.433650,725.692936,1100.000000,83.603472,81.662651,41.801736,40.831325,460,430,0.043478,1500.000000,0.000000,40.000000,1.672073,1.633383
0,0.000000,1.000000,1.000000,0.036681,0.407082,511.529297,758.760000,58.333333,83.888710,29.166667,41.944355,240,10,1.000000,1200.000000,0.000000,25.000000,1.166668,1.677903
0,-0.000107,0.076923,0.066667,0.898893,0.010166,5508.489796,100.000000,77.050922,42.499600,38.525461,21.249800,350,300,0.076923,1600.000000,0.000000,35.000000,1.541096,0.000000
0,-0.000211,0.066667,0.047619,0.033742,0.012822,165.682840,767.447056,72.172830,79.991161,36.086415,39.995580,160,70,0.071429,2100.000000,0.000000,35.000000,1.443460,1.599823
0,0.000375,0.031250,0.050000,0.497354,0.031047,3130.631339,375.720000,55.777526,91.160410,27.888763,45.580205,340,10,0.050000,1200.000000,0.000000,25.000000,1.115590,1.823209
0,-0.000054,0.038462,0.033333,0.846081,0.011247,4847.329796,116.000000,82.302230,92.499600,41.151115,46.249800,300,300,0.038462,1600.000000,0.000000,40.000000,1.646120,1.849993
0,-0.000242,0.181818,0.166667,0.049444,0.074120,2652.448163,600.000000,80.061694,39.466529,40.030847,19.733265,390,110,0.181818,1200.000000,0.000000,40.000000,1.601234,0.000000
0,-0.000355,0.166667,0.095238,0.009618,0.392627,649.491124,615.843750,38.975200,81.666667,19.487600,40.833333,220,10,0.166667,3600.000000,0.000000,15.000000,0.779504,1.633461
0,-0.000162,0.222222,0.181818,0.359216,0.637201,1285.750000,1652.250000,84.734842,84.444444,42.367421,42.222222,300,300,0.222222,1900.000000,0.000000,40.000000,1.694771,1.689012
0,-0.000697,0.166667,0.100000,0.297773,0.391575,1273.413580,600.000000,86.149824,41.666667,43.074912,20.833333,460,350,0.166667,2300.000000,0.000000,40.000000,1.723033,0.000000
0,0.003877,0.133333,0.600000,18.327608,0.000000,23722.111111,0.000000,67.651586,0.000000,33.825793,0.000000,140,100,0.600000,4100.000000,0.000000,30.000000,1.360113,0.000000
0,-0.000220,0.062500,0.045455,0.057478,0.038288,1345.136886,516.000000,89.129527,100.000000,44.564764,50.000000,310,210,0.062500,1500.000000,0.000000,40.000000,1.782592,2.000001
0,-0.000467,0.166667,0.023810,0.006253,0.079118,43.777778,80.000000,68.999495,92.500000,34.499747,46.250000,120,60,0.166667,3300.000000,0.000000,30.000000,1.379990,1.850048
0,0.000000,0.250000,0.250000,0.008844,0.088605,120.000000,958.760000,49.469864,81.821943,24.734932,40.910972,90,10,0.250000,1200.000000,0.000000,20.000000,0.989398,1.636443
0,0.000000,0.142857,0.142857,0.001944,0.000000,33.632653,0.000000,51.649907,0.000000,25.824954,0.000000,40,10,0.142857,1000.000000,0.000000,25.000000,1.032998,0.000000
0,0.000000,0.285714,0.285714,0.101793,0.151256,1094.000000,1728.000000,50.886025,38.517955,25.443013,19.258978,380,10,0.285714,1000.000000,0.000000,25.000000,1.017725,0.000000
0,0.000000,0.142857,0.142857,0.000762,0.005403,232.000000,65.333333,49.996115,42.454495,24.998058,21.227247,100,10,0.142857,1000.000000,0.000000,20.000000,0.999922,0.000000
0,0.000000,0.250000,0.250000,0.004335,0.028299,43.000000,400.000000,49.986592,50.000000,24.993296,25.000000,430,10,0.250000,1000.000000,0.000000,20.000000,0.999732,0.000000
0,-0.013379,0.916667,0.250000,0.004918,0.028299,996.000000,400.000000,43.946839,50.000000,21.973420,25.000000,400,10,0.923077,1300.000000,0.000000,20.000000,0.878937,0.000000
0,0.000000,0.923077,0.923077,0.001944,0.028299,228.743764,400.000000,82.163085,50.000000,41.081543,25.000000,40,10,0.923077,1000.000000,0.000000,40.000000,1.643262,0.000000
0,0.000000,0.125000,0.125000,0.002706,0.005403,233.632653,65.333333,81.646022,42.454495,40.823011,21.227247,100,40,0.125000,1000.000000,0.000000,40.000000,1.632921,0.000000
0,0.000000,0.428571,0.428571,0.000000,0.028299,227.111111,400.000000,50.513178,50.000000,25.256589,25.000000,10,10,0.428571,1000.000000,0.000000,25.000000,1.010264,0.000000
0,-0.001151,0.333333,0.222222,0.110027,0.024487,275.000000,300.000000,43.000000,39.999467,21.500000,19.999733,90,10,0.333333,2200.000000,0.000000,20.000000,0.860040,0.000000
0,0.000000,0.500000,0.500000,0.013061,0.029265,234.360000,379.597633,100.000000,40.310197,50.000000,20.155098,110,10,0.500000,1600.000000,0.000000,50.000000,2.000003,0.000000
0,-0.000889,0.500000,0.444444,0.059708,0.141650,1151.500000,1728.000000,80.164132,39.882152,40.082066,19.941076,370,110,0.500000,1200.000000,0.000000,40.000000,1.603284,0.000000
0,-0.000222,0.125000,0.111111,0.014264,0.000000,145.500000,0.000000,80.851947,0.000000,40.425974,0.000000,260,110,0.125000,1200.000000,0.000000,40.000000,1.617040,0.000000
0,0.002097,0.500000,1.000000,0.007507,0.000000,63.000000,0.000000,39.734928,0.000000,19.867464,0.000000,170,10,1.000000,2600.000000,0.000000,15.000000,0.794699,0.000000
0,0.000000,0.090909,0.090909,0.057448,0.166137,1130.937500,2028.000000,80.164399,79.881619,40.082199,39.940809,370,190,0.090909,1200.000000,0.000000,40.000000,1.603289,1.597639
0,0.000000,0.500000,0.500000,0.013061,0.029265,234.360000,379.597633,100.000000,40.310197,50.000000,20.155098,270,10,0.500000,1600.000000,0.000000,50.000000,2.000003,0.000000
0,-0.000073,0.111111,0.100000,0.112875,0.097718,2999.590000,972.000000,81.446655,41.664847,40.723327,20.832423,420,100,0.111111,1600.000000,0.000000,40.000000,1.628937,0.000000
0,0.000000,0.062500,0.062500,0.071936,0.027598,276.611111,318.877551,90.829641,91.663315,45.414821,45.831657,410,30,0.062500,1000.000000,0.000000,45.000000,1.816604,1.833267
0,0.000000,0.062500,0.062500,0.071936,0.027598,276.611111,318.877551,90.829641,91.663315,45.414821,45.831657,470,30,0.062500,1000.000000,0.000000,45.000000,1.816604,1.833267
0,0.000247,0.200000,0.285714,0.007490,0.016321,100.000000,211.750000,87.500000,50.000000,43.750000,25.000000,410,10,0.333333,2500.000000,0.000000,40.000000,1.750000,0.000000
0,0.000000,0.062500,0.062500,0.071936,0.027598,276.611111,318.877551,90.829641,91.663315,45.414821,45.831657,360,30,0.062500,1000.000000,0.000000,45.000000,1.816604,1.833267
0,-0.001984,0.600000,0.500000,0.025409,0.002028,208.000000,25.000000,66.666635,40.000000,33.333317,20.000000,270,10,0.666667,1400.000000,0.000000,30.000000,1.333335,0.000000
0,-0.000765,0.285714,0.307692,0.001877,0.070708,32.000000,600.000000,52.500000,39.999732,26.250000,19.999866,100,10,0.500000,2500.000000,0.000000,25.000000,1.050000,0.000000
0,0.000000,0.055556,0.055556,0.076966,0.084687,265.803922,250.692870,87.993822,100.000000,43.996911,50.000000,540,240,0.055556,1000.000000,0.000000,40.000000,1.759889,2.000029
0,0.000000,0.055556,0.055556,0.076966,0.084687,265.803922,250.692870,87.993822,100.000000,43.996911,50.000000,540,140,0.055556,1000.000000,0.000000,40.000000,1.759889,2.000029
0,0.000000,0.055556,0.055556,0.076966,0.084687,265.803922,250.692870,87.993822,100.000000,43.996911,50.000000,540,410,0.055556,1000.000000,0.000000,40.000000,1.759889,2.000029
0,-0.000100,0.125000,0.120000,0.010492,0.022203,131.027970,300.000000,43.574700,40.000000,21.787350,20.000000,240,10,0.125000,1100.000000,0.000000,20.000000,0.871495,0.000000
0,0.000000,0.062500,0.062500,0.071936,0.027598,276.611111,318.877551,90.829641,91.663315,45.414821,45.831657,240,30,0.062500,1000.000000,0.000000,45.000000,1.816604,1.833267
0,-0.000139,0.050000,0.038462,0.065652,0.012566,474.131534,153.798817,61.864124,41.095676,30.932062,20.547838,400,160,0.050000,1900.000000,0.000000,30.000000,1.237290,0.000000
0,-0.002031,1.000000,0.333333,0.004269,0.000000,44.000000,0.000000,49.999999,0.000000,24.999999,0.000000,220,10,1.000000,3400.000000,0.000000,20.000000,1.000000,0.000000
0,0.000011,0.500000,1.000000,0.356989,0.000000,1333.500000,0.000000,73.353032,0.000000,36.676516,0.000000,80,60,1.000000,4400.000000,0.000000,35.000000,1.467123,0.000000
0,-0.000366,0.285714,0.250000,0.391371,0.009368,5181.250000,61.555556,77.998588,78.636551,38.999294,39.318276,420,170,0.285714,1600.000000,0.000000,35.000000,1.559987,1.572732
0,0.000000,0.074074,0.074074,0.256846,0.012566,2464.997934,153.798817,79.687528,41.095676,39.843764,20.547838,490,480,0.074074,1000.000000,0.000000,35.000000,1.593765,0.000000
0,0.000247,0.200000,0.285714,0.007490,0.016321,100.000000,211.750000,87.500000,50.000000,43.750000,25.000000,320,10,0.333333,2500.000000,0.000000,40.000000,1.750000,0.000000
0,-0.000388,0.142857,0.115385,0.003127,0.029959,236.406875,379.597633,89.883065,40.443067,44.941532,20.221534,180,10,0.142857,1700.000000,0.000000,40.000000,1.797661,0.000000
0,0.000000,0.055556,0.055556,0.076966,0.084687,265.803922,250.692870,87.993822,100.000000,43.996911,50.000000,540,470,0.055556,1000.000000,0.000000,40.000000,1.759889,2.000029
0,-0.000139,0.050000,0.038462,0.030046,0.069969,146.486389,84.876543,63.489493,50.000000,31.744746,25.000000,450,160,0.050000,1900.000000,0.000000,30.000000,1.269795,0.000000
0,-0.000385,0.066667,0.052632,1.162565,0.044360,3343.250000,500.000000,74.193619,40.000000,37.096809,20.000000,430,380,0.176471,1500.000000,0.000000,35.000000,1.484079,0.000000
0,0.000126,0.181818,0.166667,21.066676,0.106085,63503.000000,327.055556,74.664144,40.708768,37.332072,20.354384,400,210,0.181818,1800.000000,0.000000,35.000000,1.496780,0.000000
0,-0.000033,0.041667,0.040000,0.344165,0.022203,2788.083333,300.000000,47.157585,40.000000,23.578792,20.000000,470,10,0.041667,1100.000000,0.000000,20.000000,0.943173,0.000000
0,-0.000499,0.238095,0.185185,0.099490,0.029959,2931.840000,379.597633,81.388558,40.443067,40.694279,20.221534,420,20,0.238095,1600.000000,0.000000,40.000000,1.627773,0.000000
0,0.000000,0.062500,0.062500,0.071936,0.027598,276.611111,318.877551,90.829641,91.663315,45.414821,45.831657,140,30,0.062500,1000.000000,0.000000,45.000000,1.816604,1.833267
0,-0.000256,0.166667,0.153846,0.032655,0.012566,511.062500,153.798817,79.185974,41.095676,39.592987,20.547838,460,130,0.166667,1300.000000,0.000000,35.000000,1.583721,0.000000
0,0.000000,0.055556,0.055556,0.076966,0.084687,265.803922,250.692870,87.993822,100.000000,43.996911,50.000000,540,360,0.055556,1000.000000,0.000000,40.000000,1.759889,2.000029
0,0.000000,0.666667,0.666667,0.194346,0.024341,301.250000,252.000000,80.888849,39.963867,40.444425,19.981934,370,130,0.666667,1200.000000,0.000000,40.000000,1.617843,0.000000
0,0.000000,0.142857,0.142857,0.017249,0.025374,198.250000,271.638889,41.115932,82.668149,20.557966,41.334074,110,10,0.142857,1000.000000,0.000000,20.000000,0.822319,1.653364
0,0.000691,1.000000,0.954545,0.068273,1.829942,172.000000,9336.000000,79.517262,87.301207,39.758631,43.650603,190,70,1.000000,2600.000000,0.000000,35.000000,1.590359,1.746208
0,-0.001944,0.222222,0.125000,0.192605,0.015419,606.555556,177.816327,85.656622,90.000000,42.828311,45.000000,470,420,0.222222,1100.000000,0.000000,40.000000,1.713163,1.800001
0,-0.000833,0.375000,0.333333,0.371684,0.062265,1255.814815,900.000000,80.003064,50.000000,40.001532,25.000000,290,90,0.375000,2100.000000,0.000000,40.000000,1.600116,0.000000
0,-0.000188,0.071429,0.058824,0.006417,0.059045,163.910865,276.750000,78.528105,89.230523,39.264052,44.615262,520,10,0.071429,1300.000000,0.000000,35.000000,1.570562,1.784617
0,-0.001944,0.222222,0.125000,0.192605,0.015419,606.555556,177.816327,85.656622,90.000000,42.828311,45.000000,420,360,0.222222,1100.000000,0.000000,40.000000,1.713163,1.800001
0,0.000000,0.181818,0.181818,0.037166,0.041939,278.845556,344.000000,74.307806,73.974802,37.153903,36.987401,550,130,0.181818,1000.000000,0.000000,35.000000,1.486161,1.479504
0,0.000691,1.000000,0.954545,0.427659,1.829942,444.795918,9336.000000,80.552355,87.301207,40.276177,43.650603,510,300,1.000000,1500.000000,0.000000,40.000000,1.611371,1.746208
0,-0.000117,0.142857,0.125000,0.069639,0.061777,286.583333,802.500000,79.505269,90.999680,39.752635,45.499840,220,150,0.142857,1800.000000,0.000000,35.000000,1.590115,1.819996
0,-0.000009,0.307692,0.315789,0.069028,0.034476,304.290000,500.000000,75.343880,50.000000,37.671940,25.000000,140,60,0.352941,2600.000000,0.000000,35.000000,1.506887,0.000000
0,0.000000,0.700000,0.700000,0.086898,0.217818,137.535000,256.888889,98.333333,40.000000,49.166667,20.000000,200,10,0.700000,1200.000000,0.000000,45.000000,1.966708,0.000000
0,0.000000,0.666667,0.666667,0.194346,0.024341,301.250000,252.000000,80.888849,39.963867,40.444425,19.981934,420,130,0.666667,1200.000000,0.000000,40.000000,1.617843,0.000000
0,0.000000,0.500000,0.500000,0.001542,0.010658,79.083333,125.250000,56.645723,80.795173,28.322862,40.397586,360,10,0.500000,1200.000000,0.000000,25.000000,1.132915,1.615904
0,-0.001944,0.222222,0.125000,0.192605,0.015419,606.555556,177.816327,85.656622,90.000000,42.828311,45.000000,420,410,0.222222,1100.000000,0.000000,40.000000,1.713163,1.800001
0,-0.000213,0.357143,0.352941,0.033823,0.053707,488.894694,220.000000,77.334214,79.230523,38.667107,39.615262,400,10,0.375000,1300.000000,0.000000,35.000000,1.546686,1.584617
0,0.000000,0.333333,0.333333,0.149208,0.048312,1348.250000,564.000000,50.654989,82.500000,25.327495,41.250000,380,10,0.333333,1100.000000,0.000000,25.000000,1.013108,1.650002
0,0.000000,0.700000,0.700000,0.086898,0.217818,137.535000,256.888889,98.333333,40.000000,49.166667,20.000000,60,10,0.700000,1200.000000,0.000000,45.000000,1.966708,0.000000
0,-0.001944,0.222222,0.125000,0.192605,0.015419,606.555556,177.816327,85.656622,90.000000,42.828311,45.000000,420,240,0.222222,1100.000000,0.000000,40.000000,1.713163,1.800001
0,0.000000,0.071429,0.071429,0.213813,0.011759,511.592892,144.000000,82.862680,50.000000,41.431340,25.000000,440,200,0.071429,1200.000000,0.000000,40.000000,1.657314,0.000000
0,-0.002011,0.625000,0.428571,0.018978,0.032628,247.722222,384.000000,58.459793,50.000000,29.229897,25.000000,340,10,0.625000,1500.000000,0.000000,25.000000,1.169197,0.000000
0,0.000000,0.666667,0.666667,0.194346,0.024341,301.250000,252.000000,80.888849,39.963867,40.444425,19.981934,410,130,0.666667,1200.000000,0.000000,40.000000,1.617843,0.000000
0,0.000000,0.166667,0.166667,0.026122,0.107792,81.333333,1390.031250,81.666659,79.697382,40.833330,39.848691,90,70,0.166667,1100.000000,0.000000,40.000000,1.633346,1.593952
0,0.004711,0.090909,0.666667,0.070676,0.062915,3211.750000,800.000000,80.518548,80.000000,40.259274,40.000000,380,160,0.666667,2200.000000,0.000000,40.000000,1.610372,1.600002
0,-0.000028,0.033333,0.030303,0.153677,0.052762,3770.020408,1171.468144,76.547616,78.866959,38.273808,39.433479,400,130,0.033333,2000.000000,0.000000,35.000000,1.530955,1.577341
0,0.000000,0.666667,0.666667,0.006159,0.062265,89.500000,900.000000,61.175755,50.000000,30.587878,25.000000,100,10,0.666667,2000.000000,0.000000,30.000000,1.223515,0.000000
0,0.004727,0.400000,0.636364,0.531436,0.048143,5144.510204,344.000000,79.508601,73.974802,39.754301,36.987401,460,90,0.636364,1400.000000,0.000000,35.000000,1.590199,1.479505
0,-0.002011,0.625000,0.428571,0.018978,0.032628,247.722222,384.000000,58.459793,50.000000,29.229897,25.000000,390,10,0.625000,1500.000000,0.000000,25.000000,1.169197,0.000000
0,0.001941,0.052632,0.173913,0.214614,0.046235,654.779831,644.000000,73.659129,100.000000,36.829564,50.000000,280,20,0.173913,1200.000000,0.000000,35.000000,1.473220,2.000002
0,0.000000,0.142857,0.142857,0.011326,0.025982,138.698225,346.370000,41.313580,90.453633,20.656790,45.226816,50,10,0.142857,1400.000000,0.000000,20.000000,0.826272,1.809074
0,0.000320,0.500000,0.520000,0.009089,0.028389,144.243333,349.120000,47.895726,71.248806,23.947863,35.624403,70,10,0.520000,1200.000000,0.000000,20.000000,0.957915,1.424977
0,-0.001944,0.222222,0.125000,0.192605,0.015419,606.555556,177.816327,85.656622,90.000000,42.828311,45.000000,420,140,0.222222,1100.000000,0.000000,40.000000,1.713163,1.800001
0,-0.000443,0.111111,0.066667,0.009239,0.152868,288.026667,985.120000,89.469883,74.739329,44.734942,37.369664,90,10,0.111111,1800.000000,0.000000,40.000000,1.789398,1.494800
0,0.000000,0.230769,0.230769,0.040168,0.017714,497.312500,213.687705,75.118148,83.814164,37.559074,41.907082,460,70,0.230769,1400.000000,0.000000,35.000000,1.502365,1.676284
0,0.000005,0.250000,1.000000,0.009411,0.000000,396.000000,0.000000,58.333333,0.000000,29.166667,0.000000,50,10,1.000000,4800.000000,0.000000,25.000000,1.166667,0.000000
0,0.000000,1.000000,1.000000,0.001697,0.010658,68.083333,125.250000,46.393203,80.795173,23.196602,40.397586,30,10,1.000000,1200.000000,0.000000,20.000000,0.927864,1.615904
0,-0.001721,0.500000,0.300000,0.016265,0.067739,157.061224,662.250000,40.353465,80.757701,20.176733,40.378850,310,10,0.500000,2200.000000,0.000000,20.000000,0.807070,1.615157
0,0.000000,0.444444,0.444444,0.038543,0.056711,265.118056,800.000000,72.974493,80.000000,36.487247,40.000000,550,280,0.444444,1000.000000,0.000000,35.000000,1.459500,1.600002
0,0.000000,1.000000,1.000000,2.409009,0.000000,1400.000000,0.000000,79.693710,0.000000,39.846855,0.000000,40,30,1.000000,5000.000000,0.000000,35.000000,1.595949,0.000000
0,-0.000950,1.000000,0.800000,0.055939,0.048250,385.196181,544.238683,77.441200,40.332663,38.720600,20.166331,460,50,1.000000,2700.000000,0.000000,35.000000,1.548828,0.000000
0,-0.001887,1.000000,0.142857,0.002912,0.131011,39.668639,700.000000,51.999839,34.285696,25.999920,17.142848,310,10,1.000000,2600.000000,0.000000,25.000000,1.039997,0.000000
0,0.000000,0.083333,0.083333,0.069288,0.001855,491.710000,24.800000,77.602513,82.000000,38.801257,41.000000,430,20,0.083333,1000.000000,0.000000,35.000000,1.552055,1.640000
0,0.000000,0.285714,0.285714,0.071706,0.002083,435.710000,24.844444,79.240051,83.000477,39.620026,41.500239,430,20,0.285714,1000.000000,0.000000,35.000000,1.584808,1.660010
0,-0.000714,0.285714,0.250000,0.211623,0.061952,3217.666667,770.400000,90.131196,90.761448,45.065598,45.380724,210,50,0.285714,1200.000000,0.000000,45.000000,1.802637,1.815232
0,-0.002011,0.625000,0.428571,0.018978,0.032628,247.722222,384.000000,58.459793,50.000000,29.229897,25.000000,380,10,0.625000,1500.000000,0.000000,25.000000,1.169197,0.000000
0,-0.001797,0.714286,0.100000,0.252912,0.000000,1276.250000,0.000000,77.278679,0.000000,38.639339,0.000000,250,70,0.714286,2300.000000,0.000000,35.000000,1.545599,0.000000
0,-0.000621,0.285714,0.310345,1.106635,0.037969,9777.777778,600.000000,66.269737,80.000000,33.134869,40.000000,360,310,0.473684,2900.000000,0.000000,30.000000,1.325468,1.600001
0,0.000000,0.222222,0.222222,0.032161,0.066886,44.352500,544.000000,65.333312,73.974802,32.666656,36.987401,280,130,0.222222,1000.000000,0.000000,30.000000,1.306680,1.479505
0,-0.000115,0.090909,0.076923,0.031952,0.030675,272.600000,871.468144,78.427734,38.866959,39.213867,19.433479,200,170,0.090909,1600.000000,0.000000,35.000000,1.568557,0.000000
0,0.000000,0.666667,0.666667,0.074375,0.044251,603.777778,500.000000,50.995978,40.000000,25.497989,20.000000,250,10,0.666667,1100.000000,0.000000,25.000000,1.019924,0.000000
0,0.000000,0.666667,0.666667,0.040667,0.046987,215.111111,600.000000,81.428564,38.939769,40.714282,19.469885,190,70,0.666667,1100.000000,0.000000,40.000000,1.628585,0.000000
0,-0.000466,1.000000,0.933333,0.022400,0.060805,115.972222,790.031250,74.164671,40.757612,37.082335,20.378806,290,10,1.000000,1900.000000,0.000000,35.000000,1.483311,0.000000
0,0.000000,0.100000,0.100000,0.071593,0.000000,633.152778,0.000000,81.996062,0.000000,40.998031,0.000000,260,120,0.100000,1000.000000,0.000000,40.000000,1.639926,0.000000
0,0.000149,0.111111,0.090909,2.718723,0.025209,25200.000000,337.555556,76.734563,82.102414,38.367281,41.051207,380,370,0.111111,2200.000000,0.000000,35.000000,1.534852,1.642049
0,0.000000,0.250000,0.250000,0.025722,0.037828,234.582222,524.000000,90.000000,90.090375,45.000000,45.045188,520,200,0.250000,1400.000000,0.000000,40.000000,1.800001,1.801809
0,0.000000,0.500000,0.500000,0.001542,0.010658,79.083333,125.250000,56.645723,80.795173,28.322862,40.397586,490,10,0.500000,1200.000000,0.000000,25.000000,1.132915,1.615904
0,0.000000,0.250000,0.250000,0.025722,0.037828,234.582222,524.000000,90.000000,90.090375,45.000000,45.045188,200,190,0.250000,1400.000000,0.000000,40.000000,1.800001,1.801809
0,0.001941,0.052632,0.173913,0.176482,0.046235,654.779831,644.000000,73.659129,100.000000,36.829564,50.000000,440,280,0.173913,1200.000000,0.000000,35.000000,1.473207,2.000002
0,-0.000057,0.545455,0.538462,0.026596,0.004061,512.746094,64.000000,75.747607,42.500000,37.873803,21.250000,330,200,0.545455,1600.000000,0.000000,35.000000,1.514953,0.000000
0,-0.000714,0.285714,0.250000,0.211623,0.061952,3217.666667,770.400000,90.131196,90.761448,45.065598,45.380724,540,50,0.285714,1200.000000,0.000000,45.000000,1.802637,1.815232
0,0.000000,0.071429,0.071429,0.251945,0.011759,511.592892,144.000000,82.862680,50.000000,41.431340,25.000000,200,20,0.071429,1200.000000,0.000000,40.000000,1.657327,0.000000
0,-0.001244,0.777778,0.700000,0.537562,0.060805,550.083333,790.031250,64.164989,40.757612,32.082495,20.378806,110,10,0.777778,1900.000000,0.000000,30.000000,1.283622,0.000000
0,0.000000,0.285714,0.285714,0.032336,0.032071,386.247934,365.548817,40.595909,81.073752,20.297954,40.536876,500,10,0.285714,1000.000000,0.000000,20.000000,0.811920,1.621476
0,0.000000,0.071429,0.071429,0.251945,0.011759,511.592892,144.000000,82.862680,50.000000,41.431340,25.000000,60,20,0.071429,1200.000000,0.000000,40.000000,1.657327,0.000000
0,0.000000,0.043478,0.043478,0.219157,0.175325,1872.098765,2228.000000,74.954902,89.999255,37.477451,44.999627,400,290,0.043478,1100.000000,0.000000,35.000000,1.499130,1.799992
0,-0.000625,0.125000,0.076923,0.023059,0.016219,149.666667,136.718750,81.656611,37.825519,40.828305,18.912759,330,90,0.125000,1500.000000,0.000000,40.000000,1.633134,0.000000
0,-0.000205,0.076923,0.066667,0.006036,0.137543,101.861111,764.000000,46.642850,65.080869,23.321425,32.540434,150,10,0.076923,1200.000000,0.000000,20.000000,0.932857,1.301630
0,0.000005,0.250000,1.000000,0.009411,0.000000,396.000000,0.000000,58.333333,0.000000,29.166667,0.000000,60,10,1.000000,4800.000000,0.000000,25.000000,1.166667,0.000000
0,-0.000044,0.041667,0.038462,0.444668,0.022086,9823.500000,300.000000,77.164585,40.000000,38.582292,20.000000,450,200,0.041667,1500.000000,0.000000,35.000000,1.543306,0.000000
0,-0.000833,0.375000,0.333333,0.371684,0.062265,1255.814815,900.000000,80.003064,50.000000,40.001532,25.000000,220,90,0.375000,2100.000000,0.000000,40.000000,1.600116,0.000000
0,0.000000,0.071429,0.071429,0.213813,0.011759,511.592892,144.000000,82.862680,50.000000,41.431340,25.000000,440,60,0.071429,1200.000000,0.000000,40.000000,1.657314,0.000000
0,-0.000230,0.100000,0.066667,0.015916,0.007584,159.436224,80.750000,47.461439,90.000000,23.730720,45.000000,320,10,0.100000,2100.000000,0.000000,20.000000,0.949230,1.800000
0,-0.000307,0.117647,0.111111,0.200429,0.053325,1565.551020,800.000000,80.341388,90.000000,40.170694,45.000000,260,230,0.153846,1700.000000,0.000000,40.000000,1.606841,1.800002
0,-0.000900,0.250000,0.206897,0.034822,0.007584,307.986111,80.750000,78.804848,90.000000,39.402424,45.000000,400,280,0.307692,2500.000000,0.000000,35.000000,1.576099,1.800000
0,0.000000,1.000000,1.000000,0.117826,0.028956,1202.305785,400.000000,48.683781,40.000000,24.341891,20.000000,480,10,1.000000,1200.000000,0.000000,20.000000,0.973681,0.000000
0,-0.000153,0.066667,0.057143,0.145420,0.011617,1415.831111,144.000000,79.004947,50.000000,39.502473,25.000000,460,10,0.066667,1400.000000,0.000000,35.000000,1.580108,0.000000
0,-0.000299,0.100000,0.057143,0.219751,0.011617,2045.355556,144.000000,81.652779,50.000000,40.826389,25.000000,350,320,0.100000,2500.000000,0.000000,40.000000,1.633067,0.000000
0,0.002146,0.076923,0.391304,0.028684,0.015691,106.784188,300.000000,79.199693,40.000000,39.599846,20.000000,440,140,0.391304,2200.000000,0.000000,35.000000,1.584000,0.000000
0,0.000000,1.000000,1.000000,0.004466,0.000000,79.760000,0.000000,47.710951,0.000000,23.855475,0.000000,270,10,1.000000,1500.000000,0.000000,20.000000,0.954219,0.000000
0,-0.000040,0.045455,0.043478,0.049972,0.178395,343.885556,1030.677686,75.119817,77.346443,37.559908,38.673222,550,340,0.045455,1100.000000,0.000000,35.000000,1.502402,1.546947
0,-0.001175,0.250000,0.111111,0.072779,0.020600,204.209877,356.888889,79.855714,80.000000,39.927857,40.000000,470,290,0.250000,1900.000000,0.000000,35.000000,1.597128,1.600001
0,0.000583,0.080000,0.130435,0.028208,0.218684,268.025556,1055.801020,77.595907,76.666618,38.797953,38.333309,460,130,0.130435,2000.000000,0.000000,35.000000,1.551920,1.533360
0,0.001433,0.166667,0.352941,0.443579,0.000000,3148.250000,0.000000,50.767561,0.000000,25.383780,0.000000,280,10,0.400000,3200.000000,0.000000,25.000000,1.015383,0.000000
0,0.000136,0.038462,0.043478,0.511032,0.024998,3830.118285,400.000000,81.125727,82.500000,40.562863,41.250000,500,350,0.043478,1600.000000,0.000000,40.000000,1.622549,1.650001
0,-0.000207,0.111111,0.090909,0.003938,0.022217,256.250000,248.187500,50.162265,40.070449,25.081132,20.035224,20,10,0.111111,1400.000000,0.000000,25.000000,1.003246,0.000000
0,-0.001219,0.250000,0.142857,0.197334,0.013996,1845.989796,136.718750,80.490199,40.484579,40.245100,20.242289,440,90,0.250000,1600.000000,0.000000,40.000000,1.609815,0.000000
0,0.000000,0.125000,0.125000,0.270767,0.035318,1780.380000,511.750000,63.420193,79.997127,31.710096,39.998563,560,20,0.125000,1000.000000,0.000000,30.000000,1.268434,1.599944
0,-0.000053,0.052632,0.050000,0.039269,1.227374,349.264969,10794.916667,81.370010,78.487468,40.685005,39.243734,510,380,0.052632,1500.000000,0.000000,40.000000,1.627402,1.569820
0,0.006827,0.333333,1.000000,0.235720,0.005020,351.250000,60.307692,40.000054,37.508806,20.000027,18.754403,80,10,1.000000,1500.000000,0.000000,20.000000,0.800088,0.000000
0,-0.000064,0.041667,0.037037,0.026989,0.202992,126.441563,755.801020,80.036127,36.666618,40.018063,18.333309,200,170,0.041667,1600.000000,0.000000,40.000000,1.600728,0.000000
0,0.000000,0.125000,0.125000,0.066283,0.019697,136.759516,211.750000,68.546471,39.999772,34.273236,19.999886,260,20,0.125000,1100.000000,0.000000,30.000000,1.370947,0.000000
0,-0.000003,0.090909,0.047619,0.096155,0.045572,186.106667,503.540039,84.663702,41.092082,42.331851,20.546041,360,100,0.125000,2700.000000,0.000000,40.000000,1.693301,0.000000
0,-0.001069,0.222222,0.100000,0.019823,0.106744,65.166667,146.944444,77.444325,32.000000,38.722163,16.000000,320,200,0.222222,1700.000000,0.000000,35.000000,1.548892,0.000000
0,-0.000075,0.142857,0.125000,0.014397,0.027069,151.250000,302.500000,83.681931,40.999998,41.840965,20.499999,150,140,0.142857,2000.000000,0.000000,40.000000,1.673639,0.000000
0,0.001139,0.200000,0.222222,0.084995,0.217664,460.000000,858.972222,77.267553,74.589416,38.633776,37.294708,190,130,0.272727,3300.000000,0.000000,35.000000,1.545359,1.491842
0,-0.000090,0.052632,0.047619,0.026571,1.991671,225.559184,10023.918367,82.717945,45.454545,41.358973,22.727273,380,210,0.052632,1600.000000,0.000000,40.000000,1.654360,0.000000
0,0.000309,0.800000,0.380952,0.238831,0.158367,1506.250000,245.000000,90.757344,34.000000,45.378672,17.000000,160,10,0.800000,3600.000000,0.000000,45.000000,1.815167,0.000000
0,-0.000094,0.111111,0.105263,5.161993,0.020373,33142.612245,327.000000,76.111011,90.000000,38.055506,45.000000,320,320,0.111111,1300.000000,0.000000,35.000000,1.523808,1.800001
0,-0.000488,0.333333,0.285714,0.076470,0.121260,2162.826446,687.687500,88.524384,86.340207,44.262192,43.170103,360,360,0.333333,1600.000000,0.000000,40.000000,1.770490,1.726815
0,0.001102,0.800000,0.809524,0.007720,0.059297,84.000000,613.972222,81.997989,40.589416,40.998994,20.294708,130,40,0.875000,3300.000000,0.000000,40.000000,1.639960,0.000000
0,-0.000094,0.111111,0.105263,5.161993,0.020373,33142.612245,327.000000,76.111011,90.000000,38.055506,45.000000,390,320,0.111111,1300.000000,0.000000,35.000000,1.523808,1.800001
0,0.000000,0.166667,0.166667,0.016417,0.101135,161.446281,174.222222,83.999905,36.249983,41.999952,18.124991,270,60,0.166667,1000.000000,0.000000,40.000000,1.679999,0.000000
0,0.000212,0.037037,0.047619,0.001315,0.018817,104.157475,205.122449,50.022585,40.341637,25.011293,20.170819,260,10,0.047619,1100.000000,0.000000,25.000000,1.000452,0.000000
0,-0.000488,0.333333,0.285714,0.076470,0.121260,2162.826446,687.687500,88.524384,86.340207,44.262192,43.170103,360,290,0.333333,1600.000000,0.000000,40.000000,1.770490,1.726815
0,0.000000,0.166667,0.166667,0.005691,0.025135,199.298454,614.330078,83.643990,79.990736,41.821995,39.995368,540,120,0.166667,1000.000000,0.000000,40.000000,1.672880,1.599815
0,-0.000320,0.400000,0.400000,0.165046,0.536917,464.807892,729.000000,81.196014,75.555556,40.598007,37.777778,20,10,0.444444,1500.000000,0.000000,40.000000,1.623953,1.511315
0,0.000000,0.250000,0.250000,0.812051,0.021383,2045.000000,303.187500,85.555556,39.132536,42.777778,19.566268,500,430,0.250000,1800.000000,0.000000,40.000000,1.711273,0.000000
0,0.000000,0.045455,0.045455,0.509737,0.460716,4066.577505,1725.312500,85.742442,80.487274,42.871221,40.243637,490,430,0.045455,1000.000000,0.000000,40.000000,1.714882,1.609897
0,0.000000,0.125000,0.125000,0.030434,0.000000,295.629630,0.000000,91.086689,0.000000,45.543344,0.000000,350,290,0.125000,1700.000000,0.000000,45.000000,1.821735,0.000000
0,0.000000,0.222222,0.222222,0.058826,0.418288,1011.111111,1605.000000,80.513146,79.998302,40.256573,39.999151,170,10,0.222222,1600.000000,0.000000,40.000000,1.610265,1.600115
0,0.000000,0.428571,0.428571,0.001637,0.000000,36.000000,0.000000,62.500000,0.000000,31.250000,0.000000,500,10,0.428571,1800.000000,0.000000,30.000000,1.250000,0.000000
0,-0.000074,0.062500,0.058824,0.325274,0.476539,1995.936508,1245.500000,85.712738,87.222222,42.856369,43.611111,180,50,0.062500,1200.000000,0.000000,40.000000,1.714286,1.744602
0,0.000000,0.400000,0.400000,0.010259,0.000000,128.000000,0.000000,79.936770,0.000000,39.968385,0.000000,170,110,0.400000,1500.000000,0.000000,35.000000,1.598736,0.000000
0,0.002915,0.250000,0.900000,0.000762,0.362056,427.111111,606.123967,80.509293,80.425503,40.254646,40.212752,100,10,1.000000,1600.000000,0.000000,40.000000,1.610186,1.608658
0,0.002915,0.250000,0.900000,0.005097,0.362056,243.000000,606.123967,79.982707,80.425503,39.991354,40.212752,430,100,1.000000,1600.000000,0.000000,35.000000,1.599654,1.608658
0,0.000000,0.125000,0.125000,0.040605,0.195349,145.244898,1361.551247,87.630998,37.990908,43.815499,18.995454,510,190,0.125000,1700.000000,0.000000,40.000000,1.752626,0.000000
0,-0.000360,0.111111,0.090909,0.174224,0.369873,500.099559,729.000000,72.332565,79.971720,36.166283,39.985860,240,20,0.111111,1500.000000,0.000000,35.000000,1.446684,1.599582
0,0.000000,0.125000,0.125000,0.030434,0.000000,295.629630,0.000000,91.086689,0.000000,45.543344,0.000000,510,350,0.125000,1700.000000,0.000000,45.000000,1.821735,0.000000
0,-0.000889,0.200000,0.090909,0.398672,0.344897,432.000000,405.000000,78.250438,40.000000,39.125219,20.000000,280,250,0.200000,3400.000000,0.000000,35.000000,1.565346,0.000000
0,0.000000,0.900000,0.900000,0.225562,0.365498,988.311508,630.000000,67.348055,80.404113,33.674028,40.202057,50,10,0.900000,1200.000000,0.000000,30.000000,1.346988,1.608230
0,-0.000714,0.285714,0.250000,0.008172,0.099124,58.888889,396.000000,74.000000,45.454545,37.000000,22.727273,600,140,0.285714,1200.000000,0.000000,35.000000,1.480001,0.000000
0,0.000388,0.032258,0.088235,0.101793,0.434243,1289.111111,1721.571429,81.399203,79.990967,40.699601,39.995483,380,10,0.090909,1600.000000,0.000000,40.000000,1.627989,1.599969
0,0.000193,0.200000,0.222222,0.019777,0.418288,668.991736,1605.000000,45.168615,79.998302,22.584307,39.999151,270,10,0.222222,3200.000000,0.000000,20.000000,0.903373,1.600115
0,0.000000,0.428571,0.428571,0.001637,0.000000,36.000000,0.000000,62.500000,0.000000,31.250000,0.000000,280,10,0.428571,1800.000000,0.000000,30.000000,1.250000,0.000000
0,0.000000,0.125000,0.125000,0.040605,0.195349,145.244898,1361.551247,87.630998,37.990908,43.815499,18.995454,290,190,0.125000,1700.000000,0.000000,40.000000,1.752626,0.000000
0,0.000000,0.900000,0.900000,0.225562,0.365498,988.311508,630.000000,67.348055,80.404113,33.674028,40.202057,470,10,0.900000,1200.000000,0.000000,30.000000,1.346988,1.608230
0,-0.000110,0.058824,0.027778,0.997593,0.071316,3061.638396,960.111328,76.924608,80.178251,38.462304,40.089126,220,70,0.058824,2800.000000,0.000000,35.000000,1.538656,1.603568
0,-0.000360,0.111111,0.090909,0.136093,0.369873,500.099559,729.000000,72.332565,79.971720,36.166283,39.985860,440,240,0.111111,1500.000000,0.000000,35.000000,1.446671,1.599582
0,0.000000,0.250000,0.250000,0.812051,0.021383,2045.000000,303.187500,85.555556,39.132536,42.777778,19.566268,430,280,0.250000,1800.000000,0.000000,40.000000,1.711273,0.000000
0,-0.000242,0.636364,0.538462,0.104290,0.089346,968.235000,1316.571429,81.368321,39.990967,40.684161,19.995483,260,150,0.636364,2800.000000,0.000000,40.000000,1.627373,0.000000
0,-0.002795,0.166667,0.090909,0.106087,0.344897,1058.750000,405.000000,78.064994,40.000000,39.032497,20.000000,210,150,0.300000,4400.000000,0.000000,35.000000,1.561306,0.000000
0,0.000000,0.090909,0.090909,0.115218,0.344897,1436.327505,405.000000,100.000000,40.000000,50.000000,20.000000,550,70,0.090909,1000.000000,0.000000,50.000000,2.000005,0.000000
0,-0.000074,0.062500,0.058824,0.325274,0.476539,1995.936508,1245.500000,85.712738,87.222222,42.856369,43.611111,470,180,0.062500,1200.000000,0.000000,40.000000,1.714286,1.744602
0,0.000000,0.125000,0.125000,0.001285,0.014582,112.160000,208.000000,86.668887,40.768457,43.334444,20.384229,300,10,0.125000,1600.000000,0.000000,40.000000,1.733378,0.000000
0,0.000000,0.090909,0.090909,0.115218,0.344897,1436.327505,405.000000,100.000000,40.000000,50.000000,20.000000,520,70,0.090909,1000.000000,0.000000,50.000000,2.000005,0.000000
0,0.000000,0.045455,0.045455,0.509737,0.460716,4066.577505,1725.312500,85.742442,80.487274,42.871221,40.243637,430,70,0.045455,1000.000000,0.000000,40.000000,1.714882,1.609897
0,0.000000,0.600000,0.600000,0.033008,0.000000,137.500000,0.000000,77.614481,0.000000,38.807241,0.000000,320,20,0.600000,1400.000000,0.000000,35.000000,1.552296,0.000000
0,0.000076,0.074074,0.088235,0.037736,0.434243,351.633136,1721.571429,79.542749,79.990967,39.771374,39.995483,300,250,0.111111,2900.000000,0.000000,35.000000,1.590857,1.599969
0,-0.000714,0.285714,0.250000,0.008172,0.099124,58.888889,396.000000,74.000000,45.454545,37.000000,22.727273,530,140,0.285714,1200.000000,0.000000,35.000000,1.480001,0.000000
0,0.000052,0.033333,0.035714,0.449070,0.269383,7075.265306,805.122449,44.718233,74.981515,22.359117,37.490758,410,10,0.035714,1200.000000,0.000000,20.000000,0.894379,1.499685
0,0.000036,0.047619,0.035714,0.549455,0.277878,3302.666667,1187.330078,81.804982,74.460620,40.902491,37.230310,360,250,0.047619,2800.000000,0.000000,40.000000,1.636159,1.489267
0,-0.000320,0.400000,0.400000,0.126915,0.536917,464.807892,729.000000,81.196014,75.555556,40.598007,37.777778,440,10,0.444444,1500.000000,0.000000,40.000000,1.623939,1.511315
0,0.000000,1.000000,1.000000,0.804714,0.000000,1892.250000,0.000000,80.617176,0.000000,40.308588,0.000000,250,30,1.000000,4300.000000,0.000000,40.000000,1.612524,0.000000
0,0.000000,0.125000,0.125000,0.001285,0.014582,112.160000,208.000000,86.668887,40.768457,43.334444,20.384229,520,10,0.125000,1600.000000,0.000000,40.000000,1.733378,0.000000
0,0.000000,0.090909,0.090909,0.015330,0.004779,104.830588,56.818182,38.843715,50.000000,19.421857,25.000000,540,10,0.090909,1500.000000,0.000000,15.000000,0.776876,0.000000
0,-0.000520,0.428571,0.212121,0.038258,0.044450,331.555600,333.586735,56.821639,80.777018,28.410820,40.388509,450,10,0.428571,1900.000000,0.000000,25.000000,1.136435,1.615544
0,0.000000,1.000000,1.000000,0.055165,0.000000,130.111111,0.000000,44.285714,0.000000,22.142857,0.000000,150,10,1.000000,2100.000000,0.000000,20.000000,0.885730,0.000000
0,0.000000,0.285714,0.285714,0.032336,0.041874,415.247934,211.352041,56.591491,75.521883,28.295746,37.760942,500,10,0.285714,1400.000000,0.000000,25.000000,1.131831,1.510442
0,-0.000008,0.156250,0.122449,0.116362,0.133055,672.684932,946.117666,74.578993,78.273525,37.289496,39.136762,450,440,0.156250,2000.000000,0.000000,35.000000,1.491590,1.565480
0,0.000000,0.500000,0.500000,0.088168,0.052483,439.635802,655.102041,54.086066,79.473659,27.043033,39.736829,510,10,0.500000,1300.000000,0.000000,25.000000,1.081730,1.589476
0,0.000000,0.666667,0.666667,0.027305,0.054005,596.401662,555.102041,49.217391,79.473684,24.608696,39.736842,530,10,0.666667,1100.000000,0.000000,20.000000,0.984348,1.589477
0,-0.000312,0.500000,0.363636,0.677110,0.093494,1482.234694,575.352041,70.649438,76.756570,35.324719,38.378285,430,170,0.500000,2100.000000,0.000000,35.000000,1.413150,1.535139
0,-0.000077,0.052632,0.043478,0.423217,0.059944,1022.960000,560.102041,78.862067,80.288272,39.431034,40.144136,470,300,0.052632,1700.000000,0.000000,35.000000,1.577338,1.605769
0,0.000000,0.090909,0.090909,0.251732,0.004779,460.965469,56.818182,81.294160,50.000000,40.647080,25.000000,150,50,0.090909,1100.000000,0.000000,40.000000,1.625954,0.000000
0,-0.000030,0.033333,0.031250,0.029720,0.131638,488.897959,1022.215625,45.601484,77.298731,22.800742,38.649366,520,10,0.033333,1300.000000,0.000000,20.000000,0.912031,1.545983
0,0.000303,0.038462,0.052632,3.219683,0.105062,14460.030000,1474.920000,77.430847,82.074469,38.715424,41.037235,510,290,0.052632,1300.000000,0.000000,35.000000,1.548985,1.641493
0,0.001015,0.107143,0.157895,0.485642,0.025139,5080.818462,309.532236,85.900770,91.868811,42.950385,45.934405,520,420,0.157895,1200.000000,0.000000,40.000000,1.718039,1.837377
0,0.000000,1.000000,1.000000,0.839332,0.107582,3917.469388,1200.000000,69.979849,79.204827,34.989924,39.602414,360,10,1.000000,1600.000000,0.000000,30.000000,1.399690,1.584101
0,0.001015,0.107143,0.157895,0.485642,0.025139,5080.818462,309.532236,85.900770,91.868811,42.950385,45.934405,520,290,0.157895,1200.000000,0.000000,40.000000,1.718039,1.837377
0,0.000000,0.454545,0.454545,0.001627,0.006357,38.887778,73.937500,51.405656,41.428570,25.702828,20.714285,40,10,0.454545,1300.000000,0.000000,25.000000,1.028113,0.000000
0,-0.001938,0.600000,0.428571,0.109816,0.000000,1146.408058,0.000000,80.784851,0.000000,40.392425,0.000000,390,120,0.600000,1500.000000,0.000000,40.000000,1.615703,0.000000
0,0.000000,0.142857,0.142857,0.030751,0.000000,291.629630,0.000000,81.201170,0.000000,40.600585,0.000000,350,20,0.142857,1900.000000,0.000000,40.000000,1.624025,0.000000
0,-0.000351,0.428571,0.375000,0.149208,0.002839,1343.361111,36.000000,40.654989,50.000000,20.327495,25.000000,380,10,0.428571,1600.000000,0.000000,20.000000,0.813108,0.000000
0,-0.000115,0.472727,0.465517,0.021026,0.150848,490.498454,2055.144490,79.134884,81.132983,39.567442,40.566492,540,300,0.472727,1200.000000,0.000000,35.000000,1.582698,1.622665
0,0.003333,0.166667,0.333333,0.046159,0.054113,138.880000,171.000000,85.038160,89.936770,42.519080,44.968385,540,120,0.333333,1200.000000,0.000000,40.000000,1.700772,1.798745
0,0.000000,0.500000,0.500000,0.283754,0.002839,3264.244898,36.000000,41.153088,50.000000,20.576544,25.000000,440,10,0.500000,1000.000000,0.000000,20.000000,0.823074,0.000000
0,-0.002667,0.666667,0.500000,0.035735,0.100357,1114.500000,1420.920000,78.834084,80.205658,39.417042,40.102829,270,90,0.666667,1500.000000,0.000000,35.000000,1.576682,1.604117
0,0.000000,0.500000,0.500000,0.050910,0.099075,385.295858,1393.920000,78.550528,40.205658,39.275264,20.102829,310,280,0.500000,1100.000000,0.000000,35.000000,1.571014,0.000000
0,-0.000076,0.071429,0.066667,0.231518,0.222308,2706.298454,2718.224490,81.977313,81.328578,40.988656,40.664289,540,440,0.071429,1200.000000,0.000000,40.000000,1.639557,1.626581
0,0.000000,0.181818,0.181818,0.042199,0.025521,164.320000,367.361111,35.279718,40.378962,17.639859,20.189481,80,10,0.181818,1600.000000,0.000000,15.000000,0.705600,0.000000
0,0.000683,0.250000,0.333333,0.002388,0.006156,42.360000,85.750000,50.016560,50.000000,25.008280,25.000000,100,10,0.333333,1600.000000,0.000000,25.000000,1.000331,0.000000
0,0.000000,0.052632,0.052632,0.148796,0.028546,944.879017,255.942149,68.032122,80.756150,34.016061,40.378075,540,70,0.052632,1000.000000,0.000000,30.000000,1.360667,1.615125
0,-0.000082,0.100000,0.060606,0.253018,0.133112,954.531488,1852.040816,76.613145,40.121234,38.306572,20.060617,290,270,0.100000,2700.000000,0.000000,35.000000,1.532298,0.000000
0,-0.000635,0.500000,0.181818,1.597336,0.057851,9927.000000,724.000000,79.928921,79.204648,39.964460,39.602324,170,60,0.500000,3500.000000,0.000000,35.000000,1.598707,1.584095
0,-0.000265,0.153846,0.133333,1.411788,0.269608,11974.775510,3450.920000,79.987597,80.606911,39.993799,40.303456,400,260,0.153846,1600.000000,0.000000,35.000000,1.599835,1.612149
0,-0.000043,0.047619,0.045455,0.352114,0.215577,4005.200000,3072.760000,79.101909,81.258290,39.550954,40.629145,340,300,0.047619,1200.000000,0.000000,35.000000,1.582054,1.625173
0,0.000683,0.250000,0.333333,0.002388,0.006156,42.360000,85.750000,50.016560,50.000000,25.008280,25.000000,180,10,0.333333,1600.000000,0.000000,25.000000,1.000331,0.000000
0,0.000486,0.083333,0.105263,3.120284,0.006717,13488.000000,94.888889,78.150643,83.868811,39.075322,41.934405,510,90,0.105263,1300.000000,0.000000,35.000000,1.563376,1.677376
0,-0.000223,0.300000,0.272727,0.384656,0.035260,4015.469388,436.000000,75.362505,79.204827,37.681253,39.602414,370,60,0.300000,1500.000000,0.000000,35.000000,1.507269,1.584098
0,-0.000323,0.100000,0.071429,0.055036,0.033296,520.375000,997.555556,78.942808,40.509742,39.471404,20.254871,230,120,0.100000,1500.000000,0.000000,35.000000,1.578860,0.000000
0,-0.001162,0.387097,0.324324,0.021007,0.156343,356.805536,1626.580770,80.848018,78.353693,40.424009,39.176847,300,90,0.387097,1200.000000,0.000000,40.000000,1.616961,1.567084
0,0.003333,0.166667,0.333333,0.046159,0.054113,138.880000,171.000000,85.038160,89.936770,42.519080,44.968385,490,120,0.333333,1200.000000,0.000000,40.000000,1.700772,1.798745
0,-0.000559,0.333333,0.121212,0.006755,0.033296,71.062500,997.555556,42.265208,40.509742,21.132604,20.254871,170,10,0.523810,3700.000000,0.000000,20.000000,0.845305,0.000000
0,0.000000,0.090909,0.090909,0.001459,0.004340,81.235236,56.818182,91.666658,50.000000,45.833329,25.000000,70,10,0.090909,1000.000000,0.000000,45.000000,1.833333,0.000000
0,0.000000,0.625000,0.625000,0.004964,0.000000,91.420000,0.000000,51.530907,0.000000,25.765454,0.000000,250,10,0.625000,1000.000000,0.000000,25.000000,1.030618,0.000000
0,-0.000427,0.333333,0.400000,0.263720,0.270512,1025.000000,2847.062500,71.967695,78.048187,35.983848,39.024094,300,100,0.500000,3000.000000,0.000000,35.000000,1.439448,1.560977
0,-0.000265,0.083333,0.066667,0.032488,0.293403,356.000000,3612.800000,82.357482,82.852412,41.178741,41.426206,200,50,0.083333,1300.000000,0.000000,40.000000,1.647151,1.657060
0,-0.002980,0.500000,0.214286,0.006470,0.004282,91.000000,56.000000,53.332804,41.427127,26.666402,20.713564,200,10,0.733333,2700.000000,0.000000,25.000000,1.066656,0.000000
0,-0.000114,0.125000,0.100000,0.091743,0.119902,159.472222,1148.000000,44.351368,90.000000,22.175684,45.000000,360,10,0.133333,2400.000000,0.000000,20.000000,0.887059,1.800007
0,0.000000,0.074074,0.074074,1.259428,0.060160,7082.921875,19751.277778,70.859492,85.097443,35.429746,42.548722,360,150,0.074074,1000.000000,0.000000,35.000000,1.417305,1.701950
0,0.000000,0.285714,0.285714,0.028836,0.161472,408.000000,2073.000000,52.646067,80.746945,26.323033,40.373473,440,10,0.285714,1600.000000,0.000000,25.000000,1.052922,1.614945
0,-0.001746,0.333333,0.142857,0.004090,0.010588,273.510000,158.840000,51.592915,40.909091,25.796458,20.454545,280,10,0.333333,1900.000000,0.000000,25.000000,1.031858,0.000000
0,-0.002279,0.250000,0.074074,0.103708,0.060160,1427.510413,19751.277778,78.326171,85.097443,39.163086,42.548722,440,320,0.250000,1400.000000,0.000000,35.000000,1.566527,1.701950
0,-0.000356,0.250000,0.222222,0.020045,0.390884,219.500000,5627.187500,89.999984,89.999564,44.999992,44.999782,480,480,0.250000,1600.000000,0.000000,40.000000,1.800001,1.800005
0,-0.000244,0.181818,0.153846,0.429127,0.106116,3427.937500,948.000000,77.938447,90.000000,38.969223,45.000000,170,30,0.181818,2200.000000,0.000000,35.000000,1.558796,1.800007
0,0.000000,0.125000,0.125000,0.010903,0.029441,147.173469,419.081633,80.469925,41.104425,40.234962,20.552213,240,90,0.125000,1100.000000,0.000000,40.000000,1.609399,0.000000
0,-0.000000,0.090909,0.100000,0.090963,0.119902,500.320000,1148.000000,79.291027,90.000000,39.645513,45.000000,400,10,0.111111,2000.000000,0.000000,35.000000,1.585830,1.800007
0,-0.000335,0.384615,0.100000,0.124083,0.119902,566.927438,1148.000000,76.275624,90.000000,38.137812,45.000000,320,170,0.384615,2800.000000,0.000000,35.000000,1.525528,1.800007
0,-0.000254,0.200000,0.153846,0.039022,0.106116,319.736111,948.000000,80.696816,90.000000,40.348408,45.000000,180,120,0.200000,2700.000000,0.000000,40.000000,1.613939,1.800007
0,-0.000244,0.181818,0.153846,0.255884,0.106116,1593.062500,948.000000,83.889168,90.000000,41.944584,45.000000,220,40,0.181818,1700.000000,0.000000,40.000000,1.677804,1.800007
0,-0.000356,0.250000,0.222222,0.020045,0.390884,219.500000,5627.187500,89.999984,89.999564,44.999992,44.999782,570,480,0.250000,1600.000000,0.000000,40.000000,1.800001,1.800005
0,0.000000,1.000000,1.000000,0.071281,0.000000,496.800000,0.000000,50.838954,0.000000,25.419477,0.000000,230,10,1.000000,4500.000000,0.000000,25.000000,1.016785,0.000000
0,-0.000408,0.250000,0.214286,0.003283,0.000856,38.523750,12.800000,45.827882,42.000000,22.913941,21.000000,330,10,0.250000,1400.000000,0.000000,20.000000,0.916558,0.000000
0,0.000026,0.181818,0.142857,0.089342,0.056486,598.410000,840.500000,79.900610,50.000000,39.950305,25.000000,180,40,0.181818,2900.000000,0.000000,35.000000,1.598020,0.000000
0,0.000000,0.142857,0.142857,0.244940,0.056486,2199.399306,840.500000,77.647058,50.000000,38.823529,25.000000,350,80,0.142857,1200.000000,0.000000,35.000000,1.552955,0.000000
0,-0.000410,0.250000,0.200000,0.002160,0.012434,40.704142,216.000000,75.151514,39.999997,37.575757,19.999998,320,10,0.250000,1500.000000,0.000000,35.000000,1.503030,0.000000
0,0.000000,0.500000,0.500000,0.024198,0.021704,239.555556,312.000000,81.249998,80.000000,40.624999,40.000000,490,200,0.500000,1100.000000,0.000000,40.000000,1.625001,1.600001
0,0.000000,0.454545,0.454545,0.048205,0.025911,688.888889,329.120000,79.421691,41.146621,39.710846,20.573310,240,170,0.454545,2400.000000,0.000000,35.000000,1.588436,0.000000
0,-0.000032,0.045455,0.043478,0.034681,0.028557,132.147964,364.196531,92.438119,91.146621,46.219059,45.573310,290,10,0.045455,1200.000000,0.000000,45.000000,1.848771,1.822934
0,-0.000400,0.125000,0.100000,0.371824,0.010410,797.920000,140.388889,73.743431,40.712848,36.871715,20.356424,430,30,0.125000,1400.000000,0.000000,35.000000,1.474960,0.000000
0,0.000000,0.090909,0.090909,3.521769,0.375303,10874.250000,1000.000000,79.556877,81.666267,39.778438,40.833133,340,80,0.090909,1600.000000,0.000000,35.000000,1.592462,1.633427
0,-0.000366,0.062500,0.043478,0.260272,0.028557,580.049913,364.196531,81.628825,91.146621,40.814413,45.573310,270,150,0.062500,1400.000000,0.000000,40.000000,1.632647,1.822934
0,0.000000,0.181818,0.181818,0.013533,0.021794,224.142857,59.753086,46.964286,38.000000,23.482143,19.000000,360,10,0.181818,1200.000000,0.000000,20.000000,0.939286,0.000000
0,-0.001024,0.600000,0.500000,0.013076,0.010800,92.000000,126.150000,79.545615,41.999991,39.772807,20.999996,130,80,0.600000,1800.000000,0.000000,35.000000,1.590913,0.000000
0,-0.000396,0.071429,0.043478,0.057723,0.028557,572.230726,364.196531,81.421683,91.146621,40.710841,45.573310,480,170,0.071429,2400.000000,0.000000,40.000000,1.628437,1.822934
0,0.000000,0.181818,0.181818,0.013533,0.002646,265.875236,35.076531,91.250000,50.000000,45.625000,25.000000,360,10,0.181818,1200.000000,0.000000,45.000000,1.825000,0.000000
0,0.000000,0.666667,0.666667,0.029161,0.009439,88.000000,180.500000,91.250000,50.000000,45.625000,25.000000,440,130,0.666667,1300.000000,0.000000,45.000000,1.825006,0.000000
0,0.000000,0.666667,0.666667,0.029161,0.009439,88.000000,180.500000,91.250000,50.000000,45.625000,25.000000,240,130,0.666667,1300.000000,0.000000,45.000000,1.825006,0.000000
0,0.000012,0.076923,0.090909,0.085699,0.012527,699.555556,180.000000,81.474785,41.486348,40.737392,20.743174,380,190,0.090909,2900.000000,0.000000,40.000000,1.629501,0.000000
0,0.000000,0.181818,0.181818,0.263669,0.002646,645.605469,35.076531,80.878825,50.000000,40.439413,25.000000,340,150,0.181818,1400.000000,0.000000,40.000000,1.617647,0.000000
0,0.000000,0.090909,0.090909,6.439889,0.375303,10874.250000,1000.000000,79.556877,81.666267,39.778438,40.833133,340,50,0.090909,1600.000000,0.000000,35.000000,1.595689,1.633427
0,-0.000269,0.363636,0.181818,0.187935,0.002646,755.346939,35.076531,79.948638,50.000000,39.974319,25.000000,390,150,0.384615,3300.000000,0.000000,35.000000,1.598996,0.000000
0,0.000194,0.333333,0.333333,1.094643,0.091446,12254.000000,1112.250000,74.769716,79.997765,37.384858,39.998883,260,140,0.363636,1700.000000,0.000000,35.000000,1.495444,1.599959
0,-0.000615,0.214286,0.075000,0.015641,0.018152,116.302857,194.933735,56.067424,92.043402,28.033712,46.021701,500,10,0.214286,2300.000000,0.000000,25.000000,1.121350,1.840869
0,0.000000,0.500000,0.500000,0.029969,0.000000,57.611111,0.000000,71.982570,0.000000,35.991285,0.000000,210,40,0.500000,1000.000000,0.000000,35.000000,1.439659,0.000000
0,0.000000,0.055556,0.055556,0.098234,0.014732,1186.600000,300.000000,77.352280,40.000000,38.676140,20.000000,130,30,0.055556,1500.000000,0.000000,35.000000,1.547051,0.000000
0,-0.000102,0.333333,0.285714,0.026046,0.028074,319.000000,343.000000,52.573768,39.996898,26.286884,19.998449,240,10,0.333333,2700.000000,0.000000,25.000000,1.051477,0.000000
0,-0.000068,0.071429,0.066667,0.080185,0.015819,172.653014,215.076531,82.497393,91.498914,41.248697,45.749457,550,10,0.071429,1300.000000,0.000000,40.000000,1.649978,1.829979
0,0.000629,0.037037,0.066667,0.054719,0.015819,647.147500,215.076531,79.527778,91.498914,39.763889,45.749457,440,390,0.066667,2900.000000,0.000000,35.000000,1.590558,1.829979
0,-0.000951,0.222222,0.166667,0.608180,0.000000,1164.800000,0.000000,42.975968,0.000000,21.487984,0.000000,450,10,0.222222,1300.000000,0.000000,20.000000,0.859680,0.000000
0,-0.000330,0.096774,0.075000,0.254974,0.018152,495.211005,194.933735,82.485950,92.043402,41.242975,46.021701,150,90,0.096774,1500.000000,0.000000,40.000000,1.649790,1.840869
0,-0.000129,0.200000,0.193548,0.084137,0.032860,1574.773631,393.469388,86.607834,90.624991,43.303917,45.312496,370,10,0.200000,1100.000000,0.000000,40.000000,1.732160,1.812501
0,0.000333,0.038462,0.064516,0.007689,0.034362,538.656486,412.545918,90.028994,90.624991,45.014497,45.312496,350,10,0.064516,1300.000000,0.000000,45.000000,1.800580,1.812501
0,0.000396,0.111111,0.181818,0.011584,0.002758,227.198523,35.076531,82.250944,50.000000,41.125472,25.000000,570,200,0.200000,1600.000000,0.000000,40.000000,1.645019,0.000000
0,-0.000644,0.200000,0.142857,0.052643,0.038485,704.250000,425.000000,91.666667,40.588141,45.833333,20.294070,520,160,0.200000,1500.000000,0.000000,45.000000,1.833335,0.000000
0,-0.000090,0.081081,0.075000,0.014158,0.018152,171.382162,194.933735,89.646590,92.043402,44.823295,46.021701,110,10,0.081081,1300.000000,0.000000,40.000000,1.792933,1.840869
0,0.000353,0.066667,0.083333,0.010531,0.116852,209.479274,291.076531,46.942963,85.624900,23.471482,42.812450,560,10,0.083333,1700.000000,0.000000,20.000000,0.938860,1.712524
0,-0.000421,0.125000,0.064516,0.087516,0.034362,903.750865,412.545918,81.105633,90.624991,40.552817,45.312496,520,270,0.125000,2100.000000,0.000000,40.000000,1.622117,1.812501
0,-0.000248,0.080000,0.064516,0.353743,0.034362,1994.405469,412.545918,77.965775,90.624991,38.982887,45.312496,330,150,0.080000,1500.000000,0.000000,35.000000,1.559389,1.812501
0,-0.000259,0.285714,0.181818,0.572914,0.137268,1479.750000,538.160000,73.129122,36.813583,36.564561,18.406791,160,50,0.285714,2000.000000,0.000000,35.000000,1.462708,0.000000
0,0.000698,0.023256,0.066667,0.277595,0.015819,1026.007131,215.076531,78.719757,91.498914,39.359878,45.749457,530,150,0.066667,1500.000000,0.000000,35.000000,1.574466,1.829979
0,-0.000457,0.166667,0.100000,0.479578,0.000000,310.000000,0.000000,76.666645,0.000000,38.333323,0.000000,220,80,0.166667,2900.000000,0.000000,35.000000,1.533705,0.000000
0,-0.000067,0.066667,0.055556,0.052533,0.023000,381.752066,302.614367,80.251821,40.243190,40.125910,20.121595,100,10,0.066667,1700.000000,0.000000,40.000000,1.605040,0.000000
0,0.000000,0.083333,0.083333,0.033525,0.108958,215.755102,1097.600000,84.986592,44.000148,42.493296,22.000074,470,40,0.083333,1000.000000,0.000000,40.000000,1.699737,0.000000
0,-0.000644,0.200000,0.142857,0.052643,0.038485,704.250000,425.000000,91.666667,40.588141,45.833333,20.294070,550,160,0.200000,1500.000000,0.000000,45.000000,1.833335,0.000000
0,0.000000,0.117647,0.117647,0.329082,0.063332,1213.605469,749.362245,81.009358,91.428457,40.504679,45.714229,270,150,0.117647,1500.000000,0.000000,40.000000,1.620261,1.828572
0,0.000391,0.062500,0.083333,0.267518,0.116852,543.525469,291.076531,77.658199,85.624900,38.829099,42.812450,150,30,0.083333,1500.000000,0.000000,35.000000,1.553236,1.712524
0,0.000000,0.117647,0.117647,0.113244,0.063332,864.531856,749.362245,77.819374,91.428457,38.909687,45.714229,570,260,0.117647,1600.000000,0.000000,35.000000,1.556395,1.828572
0,-0.000130,0.142857,0.090909,0.586014,0.000000,1540.500000,0.000000,73.757115,0.000000,36.878557,0.000000,210,160,0.142857,2000.000000,0.000000,35.000000,1.475269,0.000000
0,0.001455,0.090909,0.181818,0.092012,0.002758,386.764125,35.076531,86.218385,50.000000,43.109192,25.000000,230,10,0.181818,1300.000000,0.000000,40.000000,1.724381,0.000000
0,-0.000267,0.090909,0.071429,0.052313,0.443927,691.774691,300.000000,89.285714,13.333333,44.642857,6.666667,560,10,0.090909,1400.000000,0.000000,40.000000,1.785716,0.000000
0,-0.000457,0.166667,0.100000,0.479578,0.000000,310.000000,0.000000,76.666645,0.000000,38.333323,0.000000,380,220,0.166667,2900.000000,0.000000,35.000000,1.533705,0.000000
0,-0.004600,0.300000,0.250000,0.040255,0.114094,113.720000,256.000000,47.977292,35.624900,23.988646,17.812450,50,10,0.800000,1300.000000,0.000000,20.000000,0.959554,0.000000
0,-0.000131,0.071429,0.052632,0.076743,0.225794,407.790000,1469.080000,76.455357,75.048783,38.227678,37.524391,230,60,0.071429,1900.000000,0.000000,35.000000,1.529119,1.500997
0,-0.000267,0.090909,0.071429,0.052313,0.443927,691.774691,300.000000,89.285714,13.333333,44.642857,6.666667,530,10,0.090909,1400.000000,0.000000,40.000000,1.785716,0.000000
0,0.000000,0.200000,0.200000,0.025324,0.137268,339.750000,538.160000,61.333327,36.813583,30.666663,18.406791,80,10,0.200000,1700.000000,0.000000,30.000000,1.226668,0.000000
0,0.000000,0.117647,0.117647,0.079699,0.063332,833.875236,749.362245,91.664857,91.428457,45.832429,45.714229,290,10,0.117647,1300.000000,0.000000,45.000000,1.833301,1.828572
0,0.000000,0.600000,0.600000,0.040643,0.000000,625.387755,0.000000,58.841394,0.000000,29.420697,0.000000,240,10,0.600000,1700.000000,0.000000,25.000000,1.176829,0.000000
0,0.000081,0.363636,1.000000,0.232710,0.000000,885.917355,0.000000,74.928586,0.000000,37.464293,0.000000,190,160,1.000000,5100.000000,0.000000,35.000000,1.498605,0.000000
0,-0.000001,0.090909,0.083333,0.040255,0.116852,166.795236,291.076531,89.977612,85.624900,44.988806,42.812450,50,10,0.090909,1300.000000,0.000000,40.000000,1.799560,1.712524
0,-0.000332,0.222222,0.181818,0.008400,0.002758,183.748299,35.076531,82.777489,50.000000,41.388744,25.000000,200,140,0.222222,1600.000000,0.000000,40.000000,1.655550,0.000000
0,0.000000,0.083333,0.083333,0.033525,0.108958,215.755102,1097.600000,84.986592,44.000148,42.493296,22.000074,340,40,0.083333,1000.000000,0.000000,40.000000,1.699737,0.000000
0,-0.001910,1.000000,0.727273,0.051044,0.088525,128.649375,930.920000,74.711615,38.235200,37.355808,19.117600,230,170,1.000000,1900.000000,0.000000,35.000000,1.494243,0.000000
0,0.000000,0.111111,0.111111,0.002448,0.003619,590.601756,41.312500,88.640034,92.000000,44.320017,46.000000,30,10,0.111111,1100.000000,0.000000,40.000000,1.772801,1.840000
0,0.000000,0.086957,0.086957,0.018372,0.051192,748.970000,856.551020,55.315839,50.000000,27.657919,25.000000,250,10,0.086957,1100.000000,0.000000,25.000000,1.106317,0.000000
0,-0.000065,0.058824,0.055556,0.002507,0.002620,62.360625,48.000000,48.257015,50.000000,24.128508,25.000000,400,10,0.058824,1100.000000,0.000000,20.000000,0.965140,0.000000
0,-0.000091,0.050000,0.043478,0.243763,0.063359,2225.080247,1156.551020,76.932772,87.879539,38.466386,43.939769,80,10,0.050000,1500.000000,0.000000,35.000000,1.538669,1.757593
0,0.000000,0.666667,0.666667,0.006017,0.010272,93.220000,188.461538,48.257015,36.537663,24.128507,18.268832,200,10,0.666667,1100.000000,0.000000,20.000000,0.965141,0.000000
0,0.000000,0.086957,0.086957,0.018372,0.051192,748.970000,856.551020,55.315839,50.000000,27.657919,25.000000,120,10,0.086957,1100.000000,0.000000,25.000000,1.106317,0.000000
0,0.000025,0.666667,1.000000,0.097840,0.000000,2111.250000,0.000000,49.327685,0.000000,24.663843,0.000000,310,10,1.000000,3700.000000,0.000000,20.000000,0.986556,0.000000
0,0.000000,0.181818,0.181818,0.027065,0.004811,195.347222,73.673469,64.905195,40.000000,32.452597,20.000000,570,150,0.181818,1000.000000,0.000000,30.000000,1.298107,0.000000
0,0.000000,0.200000,0.200000,0.030844,0.164437,355.920000,832.000000,61.573061,46.153846,30.786530,23.076923,650,10,0.200000,1300.000000,0.000000,30.000000,1.231463,0.000000
0,0.000041,0.833333,0.857143,0.001976,0.021125,45.000000,343.000000,62.658075,39.999753,31.329037,19.999877,400,10,0.857143,2800.000000,0.000000,30.000000,1.253162,0.000000
0,0.000000,0.250000,0.250000,0.111409,0.030445,170.981224,403.721893,45.739730,37.005091,22.869865,18.502546,100,10,0.250000,1300.000000,0.000000,20.000000,0.914835,0.000000
0,0.000000,0.200000,0.200000,0.030844,0.164437,355.920000,832.000000,61.573061,46.153846,30.786530,23.076923,580,10,0.200000,1300.000000,0.000000,30.000000,1.231463,0.000000
0,0.003036,0.285714,0.437500,0.001575,0.030445,108.160000,403.721893,78.979197,37.005091,39.489599,18.502546,30,10,0.437500,2200.000000,0.000000,35.000000,1.579584,0.000000
0,0.000000,0.200000,0.200000,0.005284,0.010641,94.720000,216.000000,48.257013,40.000000,24.128506,20.000000,80,10,0.200000,1100.000000,0.000000,20.000000,0.965140,0.000000
0,0.000000,0.090909,0.090909,0.169512,0.015284,671.375000,225.625000,61.666687,40.999840,30.833343,20.499920,220,150,0.090909,1000.000000,0.000000,30.000000,1.233356,0.000000
0,0.000000,0.266667,0.266667,0.067239,0.071405,278.907500,232.320000,44.597659,37.500000,22.298830,18.750000,120,10,0.266667,1100.000000,0.000000,20.000000,0.891962,0.000000
0,0.000000,0.083333,0.083333,0.011118,0.000000,39.045000,0.000000,66.423331,0.000000,33.211666,0.000000,150,40,0.083333,1000.000000,0.000000,30.000000,1.328469,0.000000
0,0.000041,0.833333,0.857143,0.001976,0.021125,45.000000,343.000000,62.658075,39.999753,31.329037,19.999877,100,10,0.857143,2800.000000,0.000000,30.000000,1.253162,0.000000
0,0.000000,0.037037,0.037037,0.004180,0.012167,82.057500,300.000000,50.891167,37.879539,25.445583,18.939769,50,10,0.037037,1100.000000,0.000000,25.000000,1.017824,0.000000
0,0.000000,0.214286,0.214286,0.002585,0.000000,62.720000,0.000000,49.506992,0.000000,24.753496,0.000000,70,10,0.214286,1100.000000,0.000000,20.000000,0.990140,0.000000
0,-0.000033,0.041667,0.040000,0.152947,0.097543,1488.720000,1333.685950,48.812556,40.405280,24.406278,20.202640,480,10,0.041667,1100.000000,0.000000,20.000000,0.976259,0.000000
0,-0.000357,0.142857,0.125000,0.040922,0.000000,141.244898,0.000000,77.745479,0.000000,38.872739,0.000000,190,20,0.142857,2300.000000,0.000000,35.000000,1.554916,0.000000
0,-0.000091,0.050000,0.043478,0.408685,0.063359,2225.080247,1156.551020,76.932772,87.879539,38.466386,43.939769,210,10,0.050000,1500.000000,0.000000,35.000000,1.538694,1.757593
0,0.004267,0.250000,0.666667,0.004538,0.000994,54.000000,27.000000,80.000000,40.000000,40.000000,20.000000,280,130,0.666667,1500.000000,0.000000,35.000000,1.600000,0.000000
0,-0.000067,0.083333,0.080000,0.006272,0.028959,96.053333,425.000000,50.753397,40.046767,25.376698,20.023384,210,10,0.083333,1100.000000,0.000000,25.000000,1.015068,0.000000
0,0.000000,0.166667,0.166667,0.004574,0.013596,52.000000,89.720000,83.257568,80.099397,41.628784,40.049698,190,90,0.166667,1000.000000,0.000000,40.000000,1.665152,1.601989
0,0.000000,0.272727,0.272727,0.067818,0.000000,744.360000,0.000000,54.971454,0.000000,27.485727,0.000000,240,10,0.272727,1100.000000,0.000000,25.000000,1.099432,0.000000
0,-0.000497,0.181818,0.133333,0.055487,0.180542,569.250000,1661.760204,82.826809,88.718385,41.413405,44.359192,110,10,0.181818,2400.000000,0.000000,40.000000,1.656539,1.774380
0,-0.000234,0.076923,0.058824,0.052722,0.105517,457.412075,458.797505,50.322054,78.374510,25.161027,39.187255,110,10,0.076923,1800.000000,0.000000,25.000000,1.006444,1.567502
0,-0.001169,0.272727,0.214286,0.266152,0.062102,1053.000000,833.333333,85.527276,50.000000,42.763638,25.000000,540,220,0.272727,1300.000000,0.000000,40.000000,1.710587,0.000000
0,-0.001169,0.272727,0.214286,0.266152,0.062102,1053.000000,833.333333,85.527276,50.000000,42.763638,25.000000,270,220,0.272727,1300.000000,0.000000,40.000000,1.710587,0.000000
0,-0.006163,0.750000,0.181818,0.156738,0.021327,1607.000000,300.000000,80.795672,40.000000,40.397836,20.000000,80,10,0.777778,1900.000000,0.000000,40.000000,1.615921,0.000000
0,-0.000497,0.181818,0.133333,0.243718,0.180542,2046.375000,1661.760204,83.889153,88.718385,41.944576,44.359192,280,140,0.181818,2100.000000,0.000000,40.000000,1.677798,1.774380
0,-0.005653,0.666667,0.300000,0.001151,0.064540,47.312500,968.000000,81.250000,40.000000,40.625000,20.000000,250,10,0.666667,1900.000000,0.000000,40.000000,1.625000,0.000000
0,0.000000,0.055556,0.055556,1.937416,0.084386,10185.775510,1975.173611,77.660118,78.795758,38.830059,39.397879,500,450,0.055556,1000.000000,0.000000,35.000000,1.553392,1.575918
0,-0.000497,0.181818,0.133333,0.243718,0.180542,2046.375000,1661.760204,83.889153,88.718385,41.944576,44.359192,140,80,0.181818,2100.000000,0.000000,40.000000,1.677798,1.774380
0,0.001162,0.058824,0.200000,0.236539,0.023251,3660.244898,300.000000,79.540062,40.000000,39.770031,20.000000,410,170,0.200000,1800.000000,0.000000,35.000000,1.590809,0.000000
0,0.004724,0.230769,0.800000,0.545996,0.069502,3375.576446,946.125000,75.362469,40.598526,37.681234,20.299263,300,200,0.800000,2900.000000,0.000000,35.000000,1.507295,0.000000
0,0.000000,0.375000,0.375000,0.025625,0.056899,163.637778,201.341716,77.270703,48.148148,38.635352,24.074074,250,220,0.375000,1000.000000,0.000000,35.000000,1.545416,0.000000
0,-0.000227,0.142857,0.100000,0.171935,0.085867,1203.222222,1268.000000,80.131196,80.000000,40.065598,40.000000,220,50,0.142857,2200.000000,0.000000,40.000000,1.602636,1.600003
0,0.000000,0.062500,0.062500,0.155960,0.034981,1450.053288,1375.173611,80.356887,38.799131,40.178443,19.399565,500,250,0.062500,1000.000000,0.000000,40.000000,1.607146,0.000000
0,0.000000,1.000000,1.000000,0.011110,0.007271,123.453125,87.604167,49.571707,41.337549,24.785853,20.668774,230,10,1.000000,1200.000000,0.000000,20.000000,0.991435,0.000000
0,0.000920,0.166667,0.636364,0.019190,0.158270,56.000000,1900.000000,89.949416,50.000000,44.974708,25.000000,240,170,0.666667,2000.000000,0.000000,40.000000,1.798995,0.000000
0,0.000920,0.166667,0.636364,0.019190,0.158270,56.000000,1900.000000,89.949416,50.000000,44.974708,25.000000,230,170,0.666667,2000.000000,0.000000,40.000000,1.798995,0.000000
0,-0.000310,0.625000,0.636364,0.049750,0.158270,350.625000,1900.000000,80.650316,50.000000,40.325158,25.000000,170,30,0.666667,2000.000000,0.000000,40.000000,1.613014,0.000000
0,-0.000063,0.040000,0.032258,0.112967,0.026940,627.587844,375.821429,84.903843,89.999873,42.451922,44.999936,290,100,0.040000,1900.000000,0.000000,40.000000,1.698087,1.799998
0,-0.000868,0.315789,0.161290,0.215696,0.008667,1589.408163,101.250000,100.000000,50.000000,50.000000,25.000000,330,130,0.437500,3500.000000,0.000000,50.000000,2.000015,0.000000
0,-0.000494,0.076923,0.032258,0.084157,0.000000,133.913549,0.000000,81.895815,0.000000,40.947908,0.000000,510,20,0.281250,2200.000000,0.000000,40.000000,1.637945,0.000000
0,-0.000494,0.076923,0.032258,0.084157,0.000000,133.913549,0.000000,81.895815,0.000000,40.947908,0.000000,460,20,0.281250,2200.000000,0.000000,40.000000,1.637945,0.000000
0,-0.000063,0.040000,0.032258,0.112967,0.026940,627.587844,375.821429,84.903843,89.999873,42.451922,44.999936,420,100,0.040000,1900.000000,0.000000,40.000000,1.698087,1.799998
0,0.000000,1.000000,1.000000,0.007165,0.056035,123.760000,700.000000,60.000000,40.000000,30.000000,20.000000,530,10,1.000000,2000.000000,0.000000,30.000000,1.200000,0.000000
0,-0.000091,0.111111,0.100000,0.011329,0.064702,379.549320,801.250000,57.916667,90.000000,28.958333,45.000000,410,10,0.111111,2000.000000,0.000000,25.000000,1.158334,1.800003
0,-0.000223,0.062500,0.041667,0.013510,0.000000,117.333333,0.000000,91.218385,0.000000,45.609193,0.000000,530,200,0.062500,1500.000000,0.000000,45.000000,1.824369,0.000000
0,0.000244,0.583333,0.600000,0.053167,0.064946,145.681020,900.000000,87.582189,40.000000,43.791095,20.000000,540,120,0.600000,1400.000000,0.000000,40.000000,1.751654,0.000000
0,0.000000,1.000000,1.000000,0.007165,0.056035,123.760000,700.000000,60.000000,40.000000,30.000000,20.000000,480,10,1.000000,2000.000000,0.000000,30.000000,1.200000,0.000000
0,-0.000937,0.400000,0.200000,0.737313,0.016485,1936.000000,228.345679,70.523015,40.625000,35.261508,20.312500,260,110,0.400000,2600.000000,0.000000,35.000000,1.410603,0.000000
0,-0.000183,0.083333,0.066667,0.046120,0.096476,359.115940,16094.972222,80.962120,79.540118,40.481060,39.770059,590,120,0.083333,1400.000000,0.000000,40.000000,1.619248,1.590805
0,0.000000,0.166667,0.166667,0.025460,0.008667,130.640000,101.250000,46.433599,50.000000,23.216800,25.000000,550,10,0.166667,1300.000000,0.000000,20.000000,0.928675,0.000000
0,-0.000868,0.315789,0.161290,0.215696,0.008667,1589.408163,101.250000,100.000000,50.000000,50.000000,25.000000,380,260,0.437500,3500.000000,0.000000,50.000000,2.000015,0.000000
0,0.000244,0.583333,0.600000,0.053167,0.064946,145.681020,900.000000,87.582189,40.000000,43.791095,20.000000,590,120,0.600000,1400.000000,0.000000,40.000000,1.751654,0.000000
0,-0.000868,0.315789,0.161290,0.215696,0.008667,1589.408163,101.250000,100.000000,50.000000,50.000000,25.000000,330,260,0.437500,3500.000000,0.000000,50.000000,2.000015,0.000000
0,0.000000,0.166667,0.166667,0.025460,0.008667,130.640000,101.250000,46.433599,50.000000,23.216800,25.000000,600,10,0.166667,1300.000000,0.000000,20.000000,0.928675,0.000000
0,-0.000223,0.062500,0.041667,0.013510,0.000000,117.333333,0.000000,91.218385,0.000000,45.609193,0.000000,580,200,0.062500,1500.000000,0.000000,45.000000,1.824369,0.000000
0,-0.000042,0.041667,0.038462,0.020836,0.021171,312.034154,322.923469,84.099624,81.543075,42.049812,40.771537,140,90,0.041667,1500.000000,0.000000,40.000000,1.681993,1.630862
0,-0.000868,0.315789,0.161290,0.215696,0.008667,1589.408163,101.250000,100.000000,50.000000,50.000000,25.000000,380,130,0.437500,3500.000000,0.000000,50.000000,2.000015,0.000000
0,0.000000,0.100000,0.100000,0.021090,0.043624,310.089256,298.571429,83.175193,74.999873,41.587597,37.499936,140,90,0.100000,1500.000000,0.000000,40.000000,1.663505,1.500011
0,-0.000091,0.111111,0.100000,0.011329,0.064702,379.549320,801.250000,57.916667,90.000000,28.958333,45.000000,280,10,0.111111,2000.000000,0.000000,25.000000,1.158334,1.800003
0,0.000000,0.200000,0.200000,0.057919,0.120981,139.255000,1600.000000,76.428336,80.000000,38.214168,40.000000,120,70,0.200000,1400.000000,0.000000,35.000000,1.528579,1.600005
0,0.000000,0.062500,0.062500,0.033047,0.372065,254.076594,2165.583333,81.111103,87.880306,40.555552,43.940153,690,620,0.062500,1100.000000,0.000000,40.000000,1.622225,1.757640
0,-0.001333,0.400000,0.333333,0.074320,0.000000,361.562500,0.000000,78.142362,0.000000,39.071181,0.000000,490,200,0.400000,1400.000000,0.000000,35.000000,1.562856,0.000000
0,0.000000,0.857143,0.857143,0.099124,0.030725,412.000000,369.777778,57.959573,50.000000,28.979787,25.000000,650,10,0.857143,1000.000000,0.000000,25.000000,1.159204,0.000000
0,0.000000,0.125000,0.125000,0.033980,0.162082,97.416667,1992.250000,67.258987,90.000000,33.629494,45.000000,210,50,0.125000,1000.000000,0.000000,30.000000,1.345189,1.800007
0,0.002500,0.500000,0.625000,0.013492,0.113602,778.603306,1444.444444,79.991161,89.656319,39.995580,44.828160,280,140,0.625000,1700.000000,0.000000,35.000000,1.599823,1.793131
0,-0.000672,0.285714,0.133333,0.121107,0.053855,1019.668367,594.724444,80.253625,80.180881,40.126812,40.090441,350,200,0.285714,2500.000000,0.000000,40.000000,1.605080,1.603620
0,0.000000,0.142857,0.142857,0.002631,0.001364,59.750000,19.358025,52.487797,39.902641,26.243898,19.951321,40,10,0.142857,1000.000000,0.000000,25.000000,1.049756,0.000000
0,-0.000193,0.100000,0.086957,0.048957,0.051314,915.816327,570.271605,88.665987,89.656319,44.332994,44.828160,440,290,0.100000,1600.000000,0.000000,40.000000,1.773321,1.793129
0,-0.000193,0.100000,0.086957,0.048957,0.051314,915.816327,570.271605,88.665987,89.656319,44.332994,44.828160,490,290,0.100000,1600.000000,0.000000,40.000000,1.773321,1.793129
0,0.000000,1.000000,1.000000,0.057940,0.132058,648.688889,1436.694444,47.991565,79.656319,23.995783,39.828159,310,10,1.000000,1400.000000,0.000000,20.000000,0.959834,1.593132
0,-0.000139,0.045455,0.035714,0.091483,0.322087,819.120000,774.305556,81.560589,81.761582,40.780295,40.880791,300,80,0.045455,1500.000000,0.000000,40.000000,1.631219,1.635353
0,0.000387,0.100000,0.100000,1.082230,0.041789,8443.593426,444.444444,79.000033,39.656319,39.500016,19.828160,200,150,0.100000,3000.000000,0.000000,35.000000,1.580070,0.000000
0,0.000000,0.857143,0.857143,0.099124,0.030725,412.000000,369.777778,57.959573,50.000000,28.979787,25.000000,720,10,0.857143,1000.000000,0.000000,25.000000,1.159204,0.000000
0,-0.000193,0.100000,0.086957,0.048957,0.051314,915.816327,570.271605,88.665987,89.656319,44.332994,44.828160,290,220,0.100000,1600.000000,0.000000,40.000000,1.773321,1.793129
0,0.000000,0.454545,0.454545,0.025705,0.059477,339.360000,833.333333,64.999735,50.000000,32.499868,25.000000,560,10,0.454545,1400.000000,0.000000,30.000000,1.299996,0.000000
0,-0.000186,0.052632,0.035714,0.038978,0.322087,786.000000,774.305556,80.888207,81.761582,40.444104,40.880791,290,170,0.052632,1600.000000,0.000000,40.000000,1.617765,1.635353
0,0.000000,0.142857,0.142857,0.014582,0.026853,224.000000,290.765432,53.273485,39.130508,26.636742,19.565254,170,10,0.142857,1000.000000,0.000000,25.000000,1.065470,0.000000
0,-0.000193,0.100000,0.086957,0.048957,0.051314,915.816327,570.271605,88.665987,89.656319,44.332994,44.828160,320,290,0.100000,1600.000000,0.000000,40.000000,1.773321,1.793129
0,0.000000,0.062500,0.062500,0.033047,0.372065,254.076594,2165.583333,81.111103,87.880306,40.555552,43.940153,620,600,0.062500,1100.000000,0.000000,40.000000,1.622225,1.757640
0,-0.000193,0.100000,0.086957,0.048957,0.051314,915.816327,570.271605,88.665987,89.656319,44.332994,44.828160,550,290,0.100000,1600.000000,0.000000,40.000000,1.773321,1.793129
0,0.000000,0.454545,0.454545,0.025705,0.059477,339.360000,833.333333,64.999735,50.000000,32.499868,25.000000,290,10,0.454545,1400.000000,0.000000,30.000000,1.299996,0.000000
0,0.001850,0.500000,0.428571,0.017124,0.067436,131.675556,744.444444,82.206720,89.656319,41.103360,44.828160,130,100,0.500000,3200.000000,0.000000,40.000000,1.644136,1.793129
0,0.000000,0.636364,0.636364,0.000988,0.003021,28.204444,48.352041,57.005580,41.538839,28.502790,20.769419,110,10,0.636364,1400.000000,0.000000,25.000000,1.140112,0.000000
0,0.000000,0.090909,0.090909,0.097718,0.011395,987.360000,54.772853,56.664582,39.999990,28.332291,19.999995,260,10,0.090909,1400.000000,0.000000,25.000000,1.133297,0.000000
0,-0.000112,0.178571,0.156250,0.142962,0.000578,1189.931073,12.000000,81.828620,50.000000,40.914310,25.000000,380,280,0.178571,1900.000000,0.000000,40.000000,1.636586,0.000000
0,0.000000,0.166667,0.166667,0.006663,0.008557,123.880000,60.693878,62.500000,92.500000,31.250000,46.250000,610,10,0.166667,1100.000000,0.000000,30.000000,1.250000,1.850001
0,0.000000,0.111111,0.111111,0.017256,0.002355,53.251276,40.320000,72.905285,41.393157,36.452642,20.696578,260,220,0.111111,1100.000000,0.000000,35.000000,1.458112,0.000000
0,0.000000,0.062500,0.062500,0.195267,0.021474,1503.128889,350.000000,85.748227,100.000000,42.874114,50.000000,620,30,0.062500,1500.000000,0.000000,40.000000,1.714977,2.000001
0,0.000000,0.062500,0.062500,1.228507,0.021474,10683.805556,350.000000,88.487468,100.000000,44.243734,50.000000,200,80,0.062500,1300.000000,0.000000,40.000000,1.769820,2.000001
0,-0.000749,0.428571,0.300000,0.292000,1.266274,2835.888889,2921.500000,89.090776,84.400805,44.545388,42.200402,430,350,0.428571,2200.000000,0.000000,40.000000,1.781831,1.688291
0,-0.000004,0.035714,0.043478,0.145749,0.000578,845.015858,12.000000,83.012921,50.000000,41.506460,25.000000,380,320,0.050000,1900.000000,0.000000,40.000000,1.660273,0.000000
0,0.000000,0.062500,0.062500,1.228507,0.021474,10683.805556,350.000000,88.487468,100.000000,44.243734,50.000000,440,200,0.062500,1300.000000,0.000000,40.000000,1.769820,2.000001
0,0.000000,0.800000,0.800000,0.082000,0.045972,291.313609,612.000000,87.500032,90.000000,43.750016,45.000000,390,10,0.800000,1800.000000,0.000000,40.000000,1.750015,1.800002
0,-0.000095,0.071429,0.066667,0.246865,0.079653,2215.555556,1190.250000,78.309782,50.000000,39.154891,25.000000,80,30,0.071429,2000.000000,0.000000,35.000000,1.566209,0.000000
0,-0.000393,0.090909,0.125000,0.782255,0.043819,3634.142857,700.000000,53.025031,50.000000,26.512516,25.000000,190,10,0.200000,2900.000000,0.000000,25.000000,1.060585,0.000000
0,0.000000,0.062500,0.062500,1.228507,0.021474,10683.805556,350.000000,88.487468,100.000000,44.243734,50.000000,530,440,0.062500,1300.000000,0.000000,40.000000,1.769820,2.000001
0,0.004522,0.185185,0.454545,0.142750,0.011583,846.440000,185.400000,83.239720,89.787953,41.619860,44.893977,380,120,0.454545,1900.000000,0.000000,40.000000,1.664809,1.795759
0,-0.000112,0.178571,0.156250,0.454982,0.000578,1189.931073,12.000000,81.828620,50.000000,40.914310,25.000000,280,20,0.178571,1900.000000,0.000000,40.000000,1.636758,0.000000
0,0.000000,0.062500,0.062500,1.228507,0.021474,10683.805556,350.000000,88.487468,100.000000,44.243734,50.000000,640,200,0.062500,1300.000000,0.000000,40.000000,1.769820,2.000001
0,-0.000378,0.222222,0.181818,0.885538,0.030011,2819.313609,456.444444,85.000000,90.000000,42.500000,45.000000,170,30,0.222222,1800.000000,0.000000,40.000000,1.700139,1.800001
0,-0.000468,0.200000,0.142857,0.072488,0.038738,86.680000,700.000000,35.430295,39.963869,17.715148,19.981934,20,10,0.200000,2200.000000,0.000000,15.000000,0.708647,0.000000
0,-0.000889,0.166667,0.111111,0.042900,0.002355,64.879017,40.320000,68.028286,41.393157,34.014143,20.696578,140,70,0.166667,1900.000000,0.000000,30.000000,1.360584,0.000000
0,-0.000004,0.035714,0.043478,0.145749,0.000578,845.015858,12.000000,83.012921,50.000000,41.506460,25.000000,580,320,0.050000,1900.000000,0.000000,40.000000,1.660273,0.000000
0,-0.000378,0.222222,0.181818,0.885538,0.030011,2819.313609,456.444444,85.000000,90.000000,42.500000,45.000000,590,170,0.222222,1800.000000,0.000000,40.000000,1.700139,1.800001
0,-0.000889,0.625000,0.555556,0.027456,0.017423,322.500000,227.555556,47.949403,39.999984,23.974702,19.999992,310,10,0.625000,1600.000000,0.000000,20.000000,0.958989,0.000000
0,0.000000,0.500000,0.500000,0.021927,0.136858,261.000000,1800.000000,62.500079,50.000000,31.250040,25.000000,700,10,0.500000,1300.000000,0.000000,30.000000,1.250003,0.000000
0,0.000383,0.166667,0.250000,0.149442,0.022210,432.000000,300.000000,76.369385,50.000000,38.184692,25.000000,310,260,0.333333,1700.000000,0.000000,35.000000,1.527415,0.000000
0,0.000000,0.166667,0.166667,0.030005,0.007825,80.000000,101.250000,70.794510,50.000000,35.397255,25.000000,230,20,0.166667,1400.000000,0.000000,35.000000,1.415898,0.000000
0,0.000000,0.062500,0.062500,1.228507,0.021474,10683.805556,350.000000,88.487468,100.000000,44.243734,50.000000,530,80,0.062500,1300.000000,0.000000,40.000000,1.769820,2.000001
0,-0.000749,0.428571,0.300000,0.292000,1.266274,2835.888889,2921.500000,89.090776,84.400805,44.545388,42.200402,550,430,0.428571,2200.000000,0.000000,40.000000,1.781831,1.688291
0,-0.001054,0.625000,0.400000,0.028899,0.007825,279.082542,101.250000,91.218385,50.000000,45.609193,25.000000,460,200,0.625000,1700.000000,0.000000,45.000000,1.824370,0.000000
0,0.000000,0.333333,0.333333,1.388685,0.081945,33532.000000,1148.437500,50.391556,41.119946,25.195778,20.559973,200,10,0.333333,1300.000000,0.000000,25.000000,1.007860,0.000000
0,0.004522,0.185185,0.454545,0.142750,0.011583,846.440000,185.400000,83.239720,89.787953,41.619860,44.893977,580,120,0.454545,1900.000000,0.000000,40.000000,1.664809,1.795759
0,0.000340,0.166667,0.181818,0.000000,0.000000,46.207778,0.000000,17.253641,0.000000,8.626820,0.000000,10,10,0.181818,2200.000000,0.000000,5.000000,0.345073,0.000000
0,0.000000,0.800000,0.800000,0.082000,0.045972,291.313609,612.000000,87.500032,90.000000,43.750016,45.000000,590,10,0.800000,1800.000000,0.000000,40.000000,1.750015,1.800002
0,-0.001054,0.625000,0.400000,0.028899,0.007825,279.082542,101.250000,91.218385,50.000000,45.609193,25.000000,330,200,0.625000,1700.000000,0.000000,45.000000,1.824370,0.000000
0,0.000000,0.062500,0.062500,1.228507,0.021474,10683.805556,350.000000,88.487468,100.000000,44.243734,50.000000,640,530,0.062500,1300.000000,0.000000,40.000000,1.769820,2.000001
0,-0.000118,0.083333,0.066667,0.103827,0.079653,1075.680000,1190.250000,45.827759,50.000000,22.913879,25.000000,190,10,0.083333,2200.000000,0.000000,20.000000,0.916560,0.000000
0,0.000000,0.500000,0.500000,0.032541,0.007825,316.236111,101.250000,47.058824,50.000000,23.529412,25.000000,390,10,0.500000,1100.000000,0.000000,20.000000,0.941178,0.000000
0,0.004522,0.185185,0.454545,0.454770,0.011583,846.440000,185.400000,83.239720,89.787953,41.619860,44.893977,120,20,0.454545,1900.000000,0.000000,40.000000,1.664980,1.795759
0,0.000000,0.500000,0.500000,0.021927,0.136858,261.000000,1800.000000,62.500079,50.000000,31.250040,25.000000,570,10,0.500000,1300.000000,0.000000,30.000000,1.250003,0.000000
0,-0.000378,0.222222,0.181818,0.885538,0.030011,2819.313609,456.444444,85.000000,90.000000,42.500000,45.000000,390,170,0.222222,1800.000000,0.000000,40.000000,1.700139,1.800001
0,0.000000,0.250000,0.250000,0.011188,0.000000,154.471384,0.000000,41.735353,0.000000,20.867676,0.000000,150,10,0.250000,1100.000000,0.000000,20.000000,0.834708,0.000000
0,0.000000,0.166667,0.166667,0.006663,0.008557,123.880000,60.693878,62.500000,92.500000,31.250000,46.250000,280,10,0.166667,1100.000000,0.000000,30.000000,1.250000,1.850001
0,0.000000,0.800000,0.800000,0.082000,0.045972,291.313609,612.000000,87.500032,90.000000,43.750016,45.000000,30,10,0.800000,1800.000000,0.000000,40.000000,1.750015,1.800002
0,-0.000817,0.562500,0.360000,0.025826,0.000000,96.326400,0.000000,79.571737,0.000000,39.785869,0.000000,200,90,0.562500,1700.000000,0.000000,35.000000,1.591438,0.000000
0,0.000000,0.166667,0.166667,0.006663,0.008557,123.880000,60.693878,62.500000,92.500000,31.250000,46.250000,380,10,0.166667,1100.000000,0.000000,30.000000,1.250000,1.850001
0,0.000000,0.062500,0.062500,0.195267,0.021474,1503.128889,350.000000,85.748227,100.000000,42.874114,50.000000,60,30,0.062500,1500.000000,0.000000,40.000000,1.714977,2.000001
0,-0.000004,0.035714,0.043478,0.457769,0.000578,845.015858,12.000000,83.012921,50.000000,41.506460,25.000000,320,20,0.050000,1900.000000,0.000000,40.000000,1.660445,0.000000
0,0.000000,0.166667,0.166667,0.006663,0.008557,123.880000,60.693878,62.500000,92.500000,31.250000,46.250000,550,10,0.166667,1100.000000,0.000000,30.000000,1.250000,1.850001
0,0.000000,0.166667,0.166667,0.006663,0.008557,123.880000,60.693878,62.500000,92.500000,31.250000,46.250000,500,10,0.166667,1100.000000,0.000000,30.000000,1.250000,1.850001
0,-0.000687,0.400000,0.300000,0.485048,1.266274,1117.470000,2921.500000,82.833502,84.400805,41.416751,42.200402,460,20,0.400000,1900.000000,0.000000,40.000000,1.656858,1.688291
0,0.000000,0.500000,0.500000,0.032541,0.007825,316.236111,101.250000,47.058824,50.000000,23.529412,25.000000,520,10,0.500000,1100.000000,0.000000,20.000000,0.941178,0.000000
0,0.001112,0.045455,0.200000,0.020345,0.016815,103.694444,256.000000,77.829300,41.249999,38.914650,20.624999,210,80,0.208333,1600.000000,0.000000,35.000000,1.556589,0.000000
0,-0.000112,0.178571,0.156250,0.142962,0.000578,1189.931073,12.000000,81.828620,50.000000,40.914310,25.000000,580,280,0.178571,1900.000000,0.000000,40.000000,1.636586,0.000000
0,-0.001111,0.555556,0.500000,0.014144,0.019348,236.266667,324.000000,47.666667,39.971898,23.833334,19.985949,360,10,0.555556,1100.000000,0.000000,20.000000,0.953334,0.000000
0,-0.000283,0.062500,0.040000,0.084096,0.104707,1004.000000,1458.000000,81.218375,40.541408,40.609187,20.270704,340,200,0.062500,1700.000000,0.000000,40.000000,1.624372,0.000000
0,0.000000,0.062500,0.062500,0.195267,0.021474,1503.128889,350.000000,85.748227,100.000000,42.874114,50.000000,420,30,0.062500,1500.000000,0.000000,40.000000,1.714977,2.000001
0,0.000000,1.000000,1.000000,0.169250,0.001002,1062.750000,16.000000,78.939764,50.000000,39.469882,25.000000,290,70,1.000000,1200.000000,0.000000,35.000000,1.578809,0.000000
0,-0.000032,0.057143,0.055556,0.050804,0.018416,497.760000,301.000000,88.498891,91.250000,44.249445,45.625000,530,140,0.057143,1100.000000,0.000000,40.000000,1.769980,1.825001
0,0.000000,0.318182,0.318182,0.048769,0.005579,677.533460,94.080000,89.173654,50.000000,44.586827,25.000000,660,340,0.318182,1400.000000,0.000000,40.000000,1.783475,0.000000
0,-0.000433,0.650000,0.590909,0.069969,0.005579,147.454047,94.080000,97.368421,50.000000,48.684211,25.000000,640,10,0.650000,1600.000000,0.000000,45.000000,1.947397,0.000000
0,-0.000247,0.125000,0.125000,0.028297,0.204077,208.482249,742.000000,81.659696,81.863844,40.829848,40.931922,90,50,0.187500,3000.000000,0.000000,40.000000,1.633196,1.637340
0,0.000000,1.000000,1.000000,0.092091,0.084605,556.471074,1300.000000,70.989307,79.361346,35.494654,39.680673,240,10,1.000000,1100.000000,0.000000,35.000000,1.419795,1.587230
0,-0.001168,0.214286,0.100000,1.016954,0.148488,1776.040000,225.000000,78.648545,50.000000,39.324272,25.000000,330,120,0.214286,2000.000000,0.000000,35.000000,1.573281,0.000000
0,-0.000341,0.200000,0.166667,0.037208,0.000000,935.468144,0.000000,69.662132,0.000000,34.831066,0.000000,330,130,0.200000,1500.000000,0.000000,30.000000,1.393244,0.000000
0,0.000000,0.318182,0.318182,0.048769,0.005579,677.533460,94.080000,89.173654,50.000000,44.586827,25.000000,340,230,0.318182,1400.000000,0.000000,40.000000,1.783475,0.000000
0,-0.000239,0.100000,0.083333,0.005671,0.005970,122.466392,99.187500,89.806540,42.500000,44.903270,21.250000,200,10,0.100000,1600.000000,0.000000,40.000000,1.796131,0.000000
0,-0.000265,0.100000,0.076923,0.461300,0.035547,5246.577503,607.027778,87.015011,40.000000,43.507505,20.000000,40,10,0.100000,1600.000000,0.000000,40.000000,1.740321,0.000000
0,-0.000293,0.117647,0.095238,0.073804,0.068822,830.577503,1028.395062,89.035088,41.160316,44.517544,20.580158,330,10,0.117647,1600.000000,0.000000,40.000000,1.780705,0.000000
0,-0.001168,0.214286,0.100000,1.016954,0.148488,1776.040000,225.000000,78.648545,50.000000,39.324272,25.000000,190,120,0.214286,2000.000000,0.000000,35.000000,1.573281,0.000000
0,-0.000104,0.100000,0.090909,0.106085,0.010940,389.633059,184.960000,88.077189,40.674698,44.038595,20.337349,390,10,0.100000,1600.000000,0.000000,40.000000,1.761561,0.000000
0,-0.000433,0.650000,0.590909,0.069969,0.005579,147.454047,94.080000,97.368421,50.000000,48.684211,25.000000,210,10,0.650000,1600.000000,0.000000,45.000000,1.947397,0.000000
0,-0.000433,0.650000,0.590909,0.069969,0.005579,147.454047,94.080000,97.368421,50.000000,48.684211,25.000000,50,10,0.650000,1600.000000,0.000000,45.000000,1.947397,0.000000
0,0.000372,0.106383,0.125000,0.047921,0.000000,678.902778,0.000000,80.789209,0.000000,40.394604,0.000000,340,30,0.125000,1400.000000,0.000000,40.000000,1.615786,0.000000
0,-0.000256,0.166667,0.153846,0.708423,0.035547,2723.215278,607.027778,75.171643,40.000000,37.585822,20.000000,340,60,0.166667,1400.000000,0.000000,35.000000,1.503540,0.000000
0,0.000000,0.500000,0.500000,0.041175,0.000000,1010.355556,0.000000,80.509742,0.000000,40.254871,0.000000,380,140,0.500000,1000.000000,0.000000,40.000000,1.610198,0.000000
0,-0.000116,0.064516,0.055556,0.018918,0.015260,187.822401,256.000000,79.149603,41.250000,39.574802,20.625000,90,10,0.064516,1600.000000,0.000000,35.000000,1.582993,0.000000
0,0.000039,0.027027,0.034483,0.003537,0.021660,105.005189,400.000000,90.032502,39.204827,45.016251,19.602413,60,10,0.037037,1600.000000,0.000000,45.000000,1.800650,0.000000
0,-0.000030,0.040000,0.038462,0.065583,0.125290,913.621528,1958.000000,81.108876,79.918290,40.554438,39.959145,390,220,0.041667,1300.000000,0.000000,40.000000,1.622180,1.598370
0,-0.000098,0.064516,0.058824,0.012566,0.021223,216.376320,549.673469,88.464097,41.239323,44.232049,20.619662,590,10,0.064516,1600.000000,0.000000,40.000000,1.769282,0.000000
0,0.005884,0.781250,1.000000,0.010571,0.008254,102.885319,143.305785,48.521961,40.649805,24.260980,20.324903,170,10,1.000000,3100.000000,0.000000,20.000000,0.970440,0.000000
0,-0.000102,0.075000,0.062500,0.017813,0.039765,236.627503,700.000000,88.842131,50.000000,44.421065,25.000000,150,10,0.075000,1600.000000,0.000000,40.000000,1.776844,0.000000
0,0.002388,0.625000,0.909091,0.011632,0.000000,109.597912,0.000000,84.033411,0.000000,42.016706,0.000000,80,10,0.909091,1600.000000,0.000000,40.000000,1.680670,0.000000
0,-0.000032,0.057143,0.055556,0.050804,0.018416,497.760000,301.000000,88.498891,91.250000,44.249445,45.625000,400,140,0.057143,1100.000000,0.000000,40.000000,1.769980,1.825001
0,-0.000053,0.095238,0.178571,0.087257,0.178758,1006.666667,725.000000,90.632274,89.363860,45.316137,44.681930,180,140,0.227273,2100.000000,0.000000,45.000000,1.812649,1.787327
0,-0.000080,0.066667,0.058824,0.002875,0.001351,74.707031,24.099174,48.310546,50.000000,24.155273,25.000000,330,10,0.066667,1400.000000,0.000000,20.000000,0.966211,0.000000
0,-0.000496,0.041667,0.043478,0.147011,0.000000,1543.960000,0.000000,78.970930,0.000000,39.485465,0.000000,210,170,0.090909,3100.000000,0.000000,35.000000,1.579426,0.000000
0,-0.000193,0.071429,0.052632,0.972480,0.102282,9539.577503,1471.360000,88.118187,40.039734,44.059093,20.019867,330,10,0.071429,1600.000000,0.000000,40.000000,1.762414,0.000000
0,-0.000058,0.055556,0.052632,0.003628,0.001891,90.298611,30.269896,46.039291,42.234900,23.019646,21.117450,50,10,0.055556,1200.000000,0.000000,20.000000,0.920786,0.000000
0,-0.000080,0.066667,0.058824,0.021486,0.023688,201.710744,362.099174,74.174265,90.378850,37.087132,45.189425,320,230,0.066667,1500.000000,0.000000,35.000000,1.483486,1.807578
0,-0.000080,0.066667,0.058824,0.033665,0.023010,117.959184,424.099174,73.461398,89.204827,36.730699,44.602413,320,70,0.066667,1500.000000,0.000000,35.000000,1.469233,1.784097
0,-0.000117,0.111111,0.105263,0.195349,0.001891,1393.662358,30.269896,42.451020,42.234900,21.225510,21.117450,360,10,0.111111,1200.000000,0.000000,20.000000,0.849034,0.000000
0,0.000610,0.428571,0.466667,0.196682,0.001002,1064.305556,16.000000,70.984942,50.000000,35.492471,25.000000,290,140,0.466667,1200.000000,0.000000,35.000000,1.419727,0.000000
0,0.000000,0.318182,0.318182,0.048769,0.005579,677.533460,94.080000,89.173654,50.000000,44.586827,25.000000,340,70,0.318182,1400.000000,0.000000,40.000000,1.783475,0.000000
0,-0.003048,0.357143,0.200000,0.002646,0.000000,94.577503,0.000000,88.618419,0.000000,44.309210,0.000000,80,10,0.357143,1600.000000,0.000000,40.000000,1.772368,0.000000
0,-0.000016,0.028571,0.027778,0.037120,0.015260,343.688522,256.000000,80.477847,41.250000,40.238923,20.625000,160,140,0.028571,1100.000000,0.000000,40.000000,1.609559,0.000000
0,-0.002178,0.428571,0.214286,0.090370,0.030270,1320.360000,500.000000,80.322944,39.363860,40.161472,19.681930,130,100,0.428571,2200.000000,0.000000,40.000000,1.606462,0.000000
0,-0.000111,0.058824,0.052632,0.469864,0.102282,4704.465278,1471.360000,78.753671,40.039734,39.376835,20.019867,350,340,0.058824,1400.000000,0.000000,35.000000,1.575097,0.000000
0,-0.000053,0.095238,0.178571,0.087257,0.178758,1006.666667,725.000000,90.632274,89.363860,45.316137,44.681930,320,140,0.227273,2100.000000,0.000000,45.000000,1.812649,1.787327
0,-0.000024,0.047619,0.041667,0.383013,0.004822,4009.538462,74.040000,87.264861,91.666667,43.632431,45.833333,340,290,0.047619,2300.000000,0.000000,40.000000,1.745316,1.833333
0,0.000000,0.125000,0.125000,0.026211,0.000000,194.942149,0.000000,72.887337,0.000000,36.443669,0.000000,170,150,0.125000,1100.000000,0.000000,35.000000,1.457749,0.000000
0,0.000000,0.142857,0.142857,0.000856,0.243490,23.911111,600.000000,52.000000,33.329981,26.000000,16.664991,150,10,0.142857,1000.000000,0.000000,25.000000,1.040000,0.000000
0,-0.000074,0.100000,0.090909,1.533264,0.048215,13743.916667,782.444444,78.487454,90.000000,39.243727,45.000000,530,220,0.100000,1500.000000,0.000000,35.000000,1.569835,1.800001
0,-0.000343,0.166667,0.083333,0.104296,0.232253,863.000000,3200.000000,59.879972,50.000000,29.939986,25.000000,50,10,0.250000,3600.000000,0.000000,25.000000,1.197606,0.000000
0,-0.000233,0.125000,0.100000,1.012149,0.031003,6194.937500,512.222222,78.841927,90.000000,39.420964,45.000000,150,70,0.125000,2000.000000,0.000000,35.000000,1.576922,1.800001
0,-0.000027,0.052632,0.050000,0.483782,0.033253,10562.604167,377.710000,41.820803,87.272728,20.910401,43.636364,50,10,0.052632,1500.000000,0.000000,20.000000,0.836427,1.745457
0,-0.000879,0.666667,0.583333,0.003496,0.237385,60.735000,3277.777778,58.333418,91.401473,29.166709,45.700736,300,10,0.666667,1500.000000,0.000000,25.000000,1.166668,1.828038
0,-0.000079,0.030303,0.022727,0.083691,0.744755,744.590969,10734.800000,79.010881,90.373727,39.505441,45.186863,590,20,0.030303,1800.000000,0.000000,35.000000,1.580223,1.807500
0,-0.000051,0.025641,0.022727,1.227220,0.744755,11031.467135,10734.800000,77.886964,90.373727,38.943482,45.186863,620,530,0.025641,1500.000000,0.000000,35.000000,1.557809,1.807500
0,0.003759,0.166667,0.500000,0.194469,0.144695,1494.240000,588.000000,75.748227,86.999986,37.874114,43.499993,200,30,0.500000,1700.000000,0.000000,35.000000,1.514977,1.740031
0,-0.000233,0.125000,0.100000,0.121143,0.031003,446.500000,512.222222,62.238777,90.000000,31.119389,45.000000,430,20,0.125000,2500.000000,0.000000,30.000000,1.244798,1.800001
0,-0.000051,0.025641,0.022727,1.227220,0.744755,11031.467135,10734.800000,77.886964,90.373727,38.943482,45.186863,620,200,0.025641,1500.000000,0.000000,35.000000,1.557809,1.807500
0,-0.000027,0.052632,0.050000,1.211683,0.033253,10562.604167,377.710000,41.820803,87.272728,20.910401,43.636364,530,10,0.052632,1500.000000,0.000000,20.000000,0.836486,1.745457
0,-0.000879,0.666667,0.583333,0.003496,0.237385,60.735000,3277.777778,58.333418,91.401473,29.166709,45.700736,220,10,0.666667,1500.000000,0.000000,25.000000,1.166668,1.828038
0,0.001242,0.111111,0.166667,0.060874,0.005132,719.360000,77.777778,48.021272,41.401473,24.010636,20.700736,260,10,0.166667,1500.000000,0.000000,20.000000,0.960428,0.000000
0,-0.000074,0.100000,0.090909,1.533264,0.048215,13743.916667,782.444444,78.487454,90.000000,39.243727,45.000000,220,200,0.100000,1500.000000,0.000000,35.000000,1.569835,1.800001
0,-0.000156,0.083333,0.100000,0.005595,0.005890,75.761633,94.080000,46.938992,50.000000,23.469496,25.000000,140,10,0.384615,2400.000000,0.000000,20.000000,0.938780,0.000000
0,0.006382,0.111111,0.750000,0.055853,0.003332,336.538462,45.000000,83.938649,50.000000,41.969325,25.000000,290,30,0.750000,2300.000000,0.000000,40.000000,1.678778,0.000000
0,-0.000439,0.500000,0.083333,0.106594,0.232253,863.000000,3200.000000,77.494454,50.000000,38.747227,25.000000,90,50,0.500000,3600.000000,0.000000,35.000000,1.549896,0.000000
0,-0.001996,0.214286,0.100000,0.002539,0.000000,74.707031,0.000000,49.958134,0.000000,24.979067,0.000000,100,10,0.266667,1500.000000,0.000000,20.000000,0.999163,0.000000
0,-0.000074,0.100000,0.090909,0.411515,0.048215,4563.240000,782.444444,75.745992,90.000000,37.872996,45.000000,200,30,0.100000,1700.000000,0.000000,35.000000,1.514940,1.800001
0,0.006382,0.111111,0.750000,0.055853,0.003332,336.538462,45.000000,83.938649,50.000000,41.969325,25.000000,420,30,0.750000,2300.000000,0.000000,40.000000,1.678778,0.000000
0,-0.000028,0.052632,0.041667,0.594215,0.402884,6527.965556,829.040000,75.318113,85.416667,37.659057,42.708333,290,40,0.052632,2800.000000,0.000000,35.000000,1.506391,1.708434
0,-0.000138,0.263158,0.208333,0.641668,0.726226,6713.867729,10425.840000,77.181380,82.040393,38.590690,41.020197,490,290,0.263158,2800.000000,0.000000,35.000000,1.543663,1.640833
0,0.000000,0.333333,0.333333,0.116599,0.005745,1694.840000,90.290000,71.037548,81.616083,35.518774,40.808041,460,40,0.333333,1100.000000,0.000000,35.000000,1.420755,1.632322
0,-0.000193,0.083333,0.062500,0.006199,0.109585,647.209256,392.000000,86.842154,76.667000,43.421077,38.333500,440,10,0.083333,1900.000000,0.000000,40.000000,1.736843,1.533415
0,-0.000027,0.052632,0.050000,1.211683,0.033253,10562.604167,377.710000,41.820803,87.272728,20.910401,43.636364,200,10,0.052632,1500.000000,0.000000,20.000000,0.836486,1.745457
0,0.002667,0.333333,0.500000,0.019671,0.144695,208.166667,588.000000,90.000000,86.999986,45.000000,43.499993,510,200,0.500000,1700.000000,0.000000,40.000000,1.800001,1.740031
0,-0.000726,0.357143,0.100000,0.002858,0.005890,97.875236,94.080000,91.203301,50.000000,45.601651,25.000000,40,10,0.357143,2100.000000,0.000000,45.000000,1.824066,0.000000
0,-0.000523,0.416667,0.100000,0.008779,0.005890,119.211856,94.080000,46.412447,50.000000,23.206223,25.000000,570,10,0.416667,2400.000000,0.000000,20.000000,0.928249,0.000000
0,-0.000326,0.166667,0.062500,0.188331,0.109585,450.959184,392.000000,79.987441,76.667000,39.993721,38.333500,380,330,0.166667,3000.000000,0.000000,35.000000,1.599805,1.533415
0,-0.000189,0.125000,0.100000,0.009058,0.031003,686.789256,512.222222,86.842366,90.000000,43.421183,45.000000,80,10,0.125000,1900.000000,0.000000,40.000000,1.736848,1.800001
0,0.002667,0.333333,0.500000,0.019671,0.144695,208.166667,588.000000,90.000000,86.999986,45.000000,43.499993,200,180,0.500000,1700.000000,0.000000,40.000000,1.800001,1.740031
0,-0.000024,0.047619,0.041667,0.383013,0.004822,4009.538462,74.040000,87.264861,91.666667,43.632431,45.833333,420,340,0.047619,2300.000000,0.000000,40.000000,1.745316,1.833333
0,-0.000193,0.083333,0.062500,1.008587,0.109585,6155.357500,392.000000,78.839261,76.667000,39.419631,38.333500,430,150,0.083333,2000.000000,0.000000,35.000000,1.576868,1.533415
0,-0.000631,0.142857,0.062500,0.016289,0.004526,393.299320,61.000000,87.764919,100.000000,43.882459,50.000000,280,30,0.142857,2500.000000,0.000000,40.000000,1.755299,2.000000
0,0.000000,0.142857,0.142857,0.014787,0.253193,180.802768,1100.000000,54.333107,29.067916,27.166554,14.533958,190,10,0.142857,1000.000000,0.000000,25.000000,1.086663,0.000000
0,0.000000,0.100000,0.100000,0.028462,0.045576,222.073225,365.272189,67.253711,38.419994,33.626856,19.209997,300,150,0.100000,1000.000000,0.000000,30.000000,1.345078,0.000000
0,-0.000305,0.166667,0.142857,0.002618,0.003435,145.479290,45.000000,40.147057,50.000000,20.073528,25.000000,110,10,0.166667,1800.000000,0.000000,20.000000,0.802941,0.000000
0,0.002667,0.500000,0.600000,0.008518,0.023576,92.812500,400.000000,81.519005,39.994972,40.759503,19.997486,100,90,0.600000,1500.000000,0.000000,40.000000,1.630381,0.000000
0,-0.000083,0.066667,0.062500,0.467450,0.004526,1801.532236,61.000000,90.746945,100.000000,45.373473,50.000000,550,100,0.066667,1100.000000,0.000000,45.000000,1.815004,2.000000
0,-0.000083,0.066667,0.062500,0.467450,0.004526,1801.532236,61.000000,90.746945,100.000000,45.373473,50.000000,420,100,0.066667,1100.000000,0.000000,45.000000,1.815004,2.000000
0,0.000027,0.037037,0.037037,0.012936,0.003435,268.867222,45.000000,85.936243,50.000000,42.968122,25.000000,510,190,0.037037,1500.000000,0.000000,40.000000,1.718726,0.000000
0,-0.000342,0.076923,0.055556,0.022558,0.036123,212.497704,200.000000,53.887329,47.222222,26.943664,23.611111,170,10,0.076923,1200.000000,0.000000,25.000000,1.077748,0.000000
0,0.002611,0.142857,0.461538,0.013203,0.005047,60.853333,55.555556,79.998742,42.000000,39.999371,21.000000,190,80,0.461538,1500.000000,0.000000,35.000000,1.599976,0.000000
0,-0.000441,0.272727,0.214286,0.009648,0.295456,139.962191,900.000000,78.831330,71.994947,39.415665,35.997473,300,10,0.272727,2300.000000,0.000000,35.000000,1.576627,1.439974
0,0.000000,0.285714,0.285714,0.017205,0.135184,119.953125,1800.000000,88.986008,50.000000,44.493004,25.000000,720,200,0.285714,1400.000000,0.000000,40.000000,1.779722,0.000000
0,0.000000,0.100000,0.100000,0.056506,0.271880,580.875000,500.000000,66.348596,31.999975,33.174298,15.999987,430,150,0.100000,1000.000000,0.000000,30.000000,1.326977,0.000000
0,-0.000108,0.058824,0.040000,0.105156,0.000000,138.879017,0.000000,78.033314,0.000000,39.016657,0.000000,170,70,0.058824,2200.000000,0.000000,35.000000,1.560706,0.000000
0,-0.000108,0.058824,0.040000,0.105156,0.000000,138.879017,0.000000,78.033314,0.000000,39.016657,0.000000,600,70,0.058824,2200.000000,0.000000,35.000000,1.560706,0.000000
0,0.000000,0.166667,0.166667,0.022655,0.104501,190.942149,800.000000,68.872256,24.997486,34.436128,12.498743,170,40,0.166667,1200.000000,0.000000,30.000000,1.377447,0.000000
0,-0.000056,0.060606,0.057143,0.038538,0.025607,267.590562,372.788927,81.452640,41.666660,40.726320,20.833330,640,160,0.060606,1300.000000,0.000000,40.000000,1.629056,0.000000
0,-0.000030,0.022727,0.040000,0.178339,0.000000,397.596400,0.000000,81.244368,0.000000,40.622184,0.000000,90,30,0.050000,2000.000000,0.000000,40.000000,1.624929,0.000000
0,-0.000178,0.062500,0.037037,0.098324,0.253362,1013.371200,2952.428571,81.989485,38.268499,40.994742,19.134250,330,80,0.062500,2100.000000,0.000000,40.000000,1.639794,0.000000
0,-0.000035,0.093750,0.100000,0.117796,0.029719,1747.384691,700.000000,78.122136,78.934742,39.061068,39.467371,450,10,0.130435,2300.000000,0.000000,35.000000,1.562447,1.578696
0,-0.002088,0.900000,0.642857,0.005262,0.023576,86.899691,400.000000,80.942309,39.994972,40.471154,19.997486,40,10,0.900000,2300.000000,0.000000,40.000000,1.618846,0.000000
0,0.000410,0.800000,0.851852,0.017268,0.253362,168.443611,2952.428571,77.498743,38.268499,38.749372,19.134250,390,190,0.875000,1500.000000,0.000000,35.000000,1.549977,0.000000
0,-0.000434,1.000000,0.934426,0.047137,0.003435,393.109536,45.000000,58.333333,50.000000,29.166667,25.000000,250,10,1.000000,2800.000000,0.000000,25.000000,1.166670,0.000000
0,0.000900,0.142857,0.230769,0.005817,0.053848,76.923611,462.720000,84.036914,75.847386,42.018457,37.923693,100,100,0.230769,1400.000000,0.000000,40.000000,1.680739,1.516956
0,0.000000,0.050000,0.050000,0.001538,0.016740,73.084481,327.000000,50.197164,81.670260,25.098582,40.835130,50,10,0.050000,1000.000000,0.000000,25.000000,1.003943,1.633406
0,0.000000,0.142857,0.142857,0.015266,0.388546,208.332645,4752.428571,91.538462,88.268499,45.769231,44.134250,720,400,0.142857,1400.000000,0.000000,45.000000,1.830770,1.765386
0,-0.000434,1.000000,0.934426,0.047137,0.003435,393.109536,45.000000,58.333333,50.000000,29.166667,25.000000,380,10,1.000000,2800.000000,0.000000,25.000000,1.166670,0.000000
0,0.000100,0.047619,0.057143,0.110293,0.029043,844.698212,417.788927,85.773086,91.666660,42.886543,45.833330,520,280,0.060606,2500.000000,0.000000,40.000000,1.715472,1.833334
0,-0.000631,0.142857,0.062500,0.016289,0.004526,393.299320,61.000000,87.764919,100.000000,43.882459,50.000000,410,30,0.142857,2500.000000,0.000000,40.000000,1.755299,2.000000
0,0.000027,0.037037,0.037037,0.012936,0.003435,268.867222,45.000000,85.936243,50.000000,42.968122,25.000000,380,190,0.037037,1500.000000,0.000000,40.000000,1.718726,0.000000
0,0.000000,0.285714,0.285714,0.017205,0.135184,119.953125,1800.000000,88.986008,50.000000,44.493004,25.000000,590,200,0.285714,1400.000000,0.000000,40.000000,1.779722,0.000000
0,-0.002297,0.950000,0.466667,0.005173,0.069152,77.624691,765.272189,74.285714,78.414966,37.142857,39.207483,170,10,0.956522,2300.000000,0.000000,35.000000,1.485715,1.568303
0,0.000000,0.033333,0.033333,0.071722,0.097353,328.664925,1112.615917,77.190554,79.640879,38.595277,39.820439,500,140,0.033333,1000.000000,0.000000,35.000000,1.543820,1.592822
0,0.000000,0.142857,0.142857,0.015266,0.388546,208.332645,4752.428571,91.538462,88.268499,45.769231,44.134250,590,400,0.142857,1400.000000,0.000000,45.000000,1.830770,1.765386
0,0.000100,0.047619,0.057143,0.110293,0.029043,844.698212,417.788927,85.773086,91.666660,42.886543,45.833330,520,410,0.060606,2500.000000,0.000000,40.000000,1.715472,1.833334
0,0.000000,0.033333,0.033333,0.004078,0.038480,109.886191,700.000000,50.625935,79.994972,25.312967,39.997486,140,10,0.033333,1000.000000,0.000000,25.000000,1.012519,1.599901
0,-0.000105,0.105263,0.100000,0.018585,0.020083,127.385488,373.142857,51.814746,79.058522,25.907373,39.529261,280,10,0.105263,1100.000000,0.000000,25.000000,1.036297,1.581171
0,-0.000014,0.041667,0.120000,0.181411,0.003243,580.352542,45.000000,92.891016,50.000000,46.445508,25.000000,460,30,0.150000,2100.000000,0.000000,45.000000,1.857860,0.000000
0,-0.000002,0.076923,0.083333,0.104466,0.173771,791.527778,1669.921875,48.660568,38.934050,24.330284,19.467025,260,10,0.090909,2600.000000,0.000000,20.000000,0.973218,0.000000
0,-0.000557,0.300000,0.214286,0.144963,0.005800,1667.893519,300.000000,62.041694,39.915693,31.020847,19.957847,420,10,0.300000,2700.000000,0.000000,30.000000,1.240840,0.000000
0,-0.000547,0.153846,0.111111,0.019151,0.284108,266.087791,345.000000,64.999989,100.000000,32.499995,50.000000,410,10,0.153846,1300.000000,0.000000,30.000000,1.300001,2.000132
0,0.000000,1.000000,1.000000,0.018230,0.084089,236.297521,1145.000000,62.500000,89.130710,31.250000,44.565355,560,10,1.000000,1100.000000,0.000000,30.000000,1.250001,1.782617
0,0.000000,0.142857,0.142857,0.080717,0.243739,414.367347,1008.000000,76.763176,38.460086,38.381588,19.230043,500,170,0.142857,1100.000000,0.000000,35.000000,1.535273,0.000000
0,0.000000,0.560000,0.560000,0.002646,0.014071,86.665144,300.000000,59.087473,40.000000,29.543737,20.000000,290,10,0.560000,1100.000000,0.000000,25.000000,1.181750,0.000000
0,-0.000063,0.032258,0.028571,0.062393,0.821702,1417.224490,11886.737778,79.473702,80.361152,39.736851,40.180576,660,300,0.032258,1300.000000,0.000000,35.000000,1.589476,1.607251
0,0.000000,0.142857,0.142857,0.003301,0.048971,58.854167,600.000000,60.000000,39.957825,30.000000,19.978913,280,10,0.142857,1200.000000,0.000000,30.000000,1.200000,0.000000
0,0.000000,0.166667,0.166667,0.009439,0.017423,232.088613,374.360000,59.087473,90.000000,29.543737,45.000000,570,10,0.166667,1100.000000,0.000000,25.000000,1.181750,1.800000
0,0.000000,0.095238,0.095238,0.058101,0.187842,765.874328,1969.921875,50.514608,78.934050,25.257304,39.467025,410,10,0.095238,1100.000000,0.000000,25.000000,1.010295,1.578690
0,0.000000,0.833333,0.833333,0.004017,0.014071,98.908613,300.000000,49.201070,40.000000,24.600535,20.000000,160,10,0.833333,1100.000000,0.000000,20.000000,0.984022,0.000000
0,-0.000066,0.046512,0.120000,0.198008,0.003243,757.143930,45.000000,85.782672,50.000000,42.891336,25.000000,580,290,0.150000,2500.000000,0.000000,40.000000,1.715683,0.000000
0,0.000000,0.560000,0.560000,0.002646,0.014071,86.665144,300.000000,59.087473,40.000000,29.543737,20.000000,720,10,0.560000,1100.000000,0.000000,25.000000,1.181750,0.000000
0,0.000000,0.057143,0.057143,0.012527,0.039615,231.588613,672.788927,50.573822,81.666666,25.286911,40.833333,670,10,0.057143,1100.000000,0.000000,25.000000,1.011477,1.633335
0,-0.000043,0.047619,0.045455,0.068375,0.087061,835.588613,1321.777778,49.086216,80.000020,24.543108,40.000010,410,10,0.047619,1100.000000,0.000000,20.000000,0.981727,1.600003
0,0.000000,0.560000,0.560000,0.002646,0.014071,86.665144,300.000000,59.087473,40.000000,29.543737,20.000000,130,10,0.560000,1100.000000,0.000000,25.000000,1.181750,0.000000
0,0.000000,0.142857,0.142857,0.003301,0.048971,58.854167,600.000000,60.000000,39.957825,30.000000,19.978913,120,10,0.142857,1200.000000,0.000000,30.000000,1.200000,0.000000
0,-0.000002,0.076923,0.083333,0.026754,0.006013,167.927778,73.142857,52.425598,39.058522,26.212799,19.529261,130,10,0.090909,2600.000000,0.000000,25.000000,1.048514,0.000000
0,-0.000131,0.153846,0.120000,0.337706,0.003243,3222.080000,45.000000,90.849820,50.000000,45.424910,25.000000,200,60,0.153846,3400.000000,0.000000,45.000000,1.817014,0.000000
0,0.000000,0.035714,0.035714,0.043629,0.057608,380.655992,786.931973,87.672795,100.000000,43.836398,50.000000,470,130,0.035714,1500.000000,0.000000,40.000000,1.753458,2.000002
0,-0.000131,0.153846,0.120000,0.337706,0.003243,3222.080000,45.000000,90.849820,50.000000,45.424910,25.000000,330,60,0.153846,3400.000000,0.000000,45.000000,1.817014,0.000000
0,0.000000,0.076923,0.076923,0.046556,0.019584,304.052438,69.609375,82.058823,85.827882,41.029412,42.913941,390,90,0.076923,1500.000000,0.000000,40.000000,1.641185,1.716563
0,-0.000761,0.076923,0.083333,0.005595,0.000000,76.609410,0.000000,52.536869,0.000000,26.268434,0.000000,140,10,0.692308,2600.000000,0.000000,25.000000,1.050738,0.000000
0,0.000000,0.076923,0.076923,0.046556,0.019584,304.052438,69.609375,82.058823,85.827882,41.029412,42.913941,520,90,0.076923,1500.000000,0.000000,40.000000,1.641185,1.716563
0,-0.000041,0.056604,0.054545,0.019510,0.364699,260.381697,1200.000000,48.323391,84.444444,24.161696,42.222222,230,10,0.056604,1100.000000,0.000000,20.000000,0.966469,1.688958
0,0.000000,0.035714,0.035714,0.043629,0.057608,380.655992,786.931973,87.672795,100.000000,43.836398,50.000000,470,230,0.035714,1500.000000,0.000000,40.000000,1.753458,2.000002
0,-0.000079,0.090909,0.086957,0.041261,0.028059,565.366391,520.320000,49.712366,80.573381,24.856183,40.286691,470,10,0.090909,1100.000000,0.000000,20.000000,0.994249,1.611468
0,0.000000,1.000000,1.000000,0.018230,0.084089,236.297521,1145.000000,62.500000,89.130710,31.250000,44.565355,430,10,1.000000,1100.000000,0.000000,30.000000,1.250001,1.782617
0,0.000000,0.333333,0.333333,0.019248,0.059107,244.532236,845.000000,79.984916,88.807041,39.992458,44.403520,540,40,0.333333,1300.000000,0.000000,35.000000,1.599699,1.776143
0,-0.000110,0.076923,0.071429,0.010410,0.024962,191.977502,468.055556,49.800322,81.489962,24.900161,40.744981,170,10,0.076923,1100.000000,0.000000,20.000000,0.996007,1.629800
0,0.000000,0.142857,0.142857,0.002585,0.034151,42.361111,500.000000,61.798623,40.001006,30.899312,20.000503,30,10,0.142857,1200.000000,0.000000,30.000000,1.235973,0.000000
0,0.000000,0.166667,0.166667,0.000000,1.326005,76.588613,1500.000000,19.087473,78.333329,9.543737,39.166664,10,10,0.166667,1100.000000,0.000000,5.000000,0.381749,1.567384
0,-0.000427,0.076923,0.055556,0.264937,0.062220,3420.338613,1068.000000,49.064480,80.000000,24.532240,40.000000,120,10,0.076923,1100.000000,0.000000,20.000000,0.981300,1.600002
0,-0.001559,0.692308,0.083333,0.002392,0.000000,89.403014,0.000000,92.842778,0.000000,46.421389,0.000000,40,10,0.692308,2300.000000,0.000000,45.000000,1.856856,0.000000
0,0.000000,0.142857,0.142857,0.003301,0.048971,58.854167,600.000000,60.000000,39.957825,30.000000,19.978913,710,10,0.142857,1200.000000,0.000000,30.000000,1.200000,0.000000
0,0.000340,0.125000,0.105263,0.134483,0.218149,1302.328125,2997.428571,86.551591,89.862316,43.275795,44.931158,450,330,0.125000,2200.000000,0.000000,40.000000,1.731039,1.797254
0,-0.000547,0.153846,0.111111,0.019151,0.284108,266.087791,345.000000,64.999989,100.000000,32.499995,50.000000,540,10,0.153846,1300.000000,0.000000,30.000000,1.300001,2.000132
0,0.000000,0.055556,0.055556,0.108958,0.044401,1305.933333,559.591837,85.666815,90.666649,42.833407,45.333325,570,10,0.055556,1000.000000,0.000000,40.000000,1.713342,1.813335
0,0.000000,0.333333,0.333333,0.019248,0.059107,244.532236,845.000000,79.984916,88.807041,39.992458,44.403520,410,40,0.333333,1300.000000,0.000000,35.000000,1.599699,1.776143
0,0.000007,0.636364,0.346154,0.183597,0.098033,1360.040000,1488.390625,79.934852,81.157545,39.967426,40.578773,220,80,0.636364,3500.000000,0.000000,35.000000,1.598710,1.623154
0,0.000340,0.125000,0.105263,0.134483,0.218149,1302.328125,2997.428571,86.551591,89.862316,43.275795,44.931158,330,320,0.125000,2200.000000,0.000000,40.000000,1.731039,1.797254
0,0.000000,0.166667,0.166667,0.009439,0.017423,232.088613,374.360000,59.087473,90.000000,29.543737,45.000000,370,10,0.166667,1100.000000,0.000000,25.000000,1.181750,1.800000
0,0.000000,0.571429,0.571429,0.009900,0.013969,137.261111,242.000000,60.666559,50.000000,30.333280,25.000000,300,10,0.571429,1200.000000,0.000000,30.000000,1.213332,0.000000
0,0.000000,0.400000,0.400000,0.086650,0.038959,820.000000,500.000000,68.545578,39.995952,34.272789,19.997976,300,50,0.400000,1300.000000,0.000000,30.000000,1.370957,0.000000
0,-0.001194,0.692308,0.083333,0.008779,0.000000,120.059634,0.000000,52.010324,0.000000,26.005162,0.000000,570,10,0.692308,2600.000000,0.000000,25.000000,1.040207,0.000000
0,0.000000,0.285714,0.285714,0.003683,0.048971,58.431111,600.000000,51.428571,39.957825,25.714286,19.978913,150,10,0.285714,1200.000000,0.000000,25.000000,1.028572,0.000000
0,-0.000066,0.046512,0.120000,0.198008,0.003243,757.143930,45.000000,85.782672,50.000000,42.891336,25.000000,580,420,0.150000,2500.000000,0.000000,40.000000,1.715683,0.000000
0,0.000000,1.000000,1.000000,0.001021,0.063041,62.699725,900.000000,46.701955,79.957825,23.350977,39.978913,20,10,1.000000,1100.000000,0.000000,20.000000,0.934039,1.599159
0,0.000000,0.166667,0.166667,0.031217,0.015293,107.747475,325.000000,35.453636,80.000000,17.726818,40.000000,20,10,0.166667,1000.000000,0.000000,15.000000,0.709079,1.600000
0,-0.000389,0.111111,0.214286,0.009646,0.038144,141.375000,355.204082,63.300436,38.340885,31.650218,19.170443,140,10,0.300000,2700.000000,0.000000,30.000000,1.266009,0.000000
0,-0.000143,0.150000,0.142857,0.014662,0.041399,809.481481,539.710000,79.378245,80.882050,39.689122,40.441025,300,50,0.150000,1300.000000,0.000000,35.000000,1.587565,1.617643
0,0.000720,0.142857,0.230769,0.021776,0.004212,236.111111,62.720000,82.904113,40.820799,41.452056,20.410399,130,100,0.230769,1500.000000,0.000000,40.000000,1.658083,0.000000
0,0.000000,0.285714,0.285714,0.037906,0.010892,151.500000,168.055556,60.696211,41.489962,30.348105,20.744981,160,10,0.285714,1200.000000,0.000000,30.000000,1.213929,0.000000
0,-0.000014,0.041667,0.120000,0.181411,0.003243,580.352542,45.000000,92.891016,50.000000,46.445508,25.000000,330,30,0.150000,2100.000000,0.000000,45.000000,1.857860,0.000000
0,0.000000,0.055556,0.055556,0.108958,0.044401,1305.933333,559.591837,85.666815,90.666649,42.833407,45.333325,440,10,0.055556,1000.000000,0.000000,40.000000,1.713342,1.813335
0,0.000000,0.500000,0.500000,0.008626,0.000000,110.437500,0.000000,53.330460,0.000000,26.665230,0.000000,320,10,0.500000,2200.000000,0.000000,25.000000,1.066610,0.000000
0,0.000000,0.454545,0.454545,0.112686,0.039991,1418.388889,513.888889,46.320145,81.995952,23.160073,40.997976,270,10,0.454545,1600.000000,0.000000,20.000000,0.926407,1.639921
0,0.000000,0.035714,0.035714,0.017442,0.134080,187.604610,2324.022222,92.043402,100.000000,46.021701,50.000000,280,240,0.035714,1100.000000,0.000000,45.000000,1.840869,2.000004
0,0.002353,0.315789,0.477273,0.351177,0.174015,716.720000,3033.000000,81.109976,91.192526,40.554988,45.596263,300,30,0.477273,3200.000000,0.000000,40.000000,1.622288,1.823856
0,0.000000,0.142857,0.142857,0.019510,0.118778,219.904195,2036.111111,49.235918,92.500000,24.617959,46.250000,230,10,0.142857,1200.000000,0.000000,20.000000,0.984719,1.850003
0,0.000000,0.142857,0.142857,0.012044,0.009738,152.172336,166.098765,80.833320,40.714171,40.416660,20.357086,300,90,0.142857,1000.000000,0.000000,40.000000,1.616667,0.000000
0,-0.000149,0.263158,0.250000,0.404126,1.304926,1053.346939,9491.379501,78.753428,79.962841,39.376714,39.981421,480,300,0.304348,3200.000000,0.000000,35.000000,1.575161,1.599350
0,0.000000,0.105263,0.105263,0.027554,0.190135,312.918429,2475.000000,92.043402,97.222222,46.021701,48.611111,660,240,0.105263,1100.000000,0.000000,45.000000,1.840869,1.944454
0,-0.000424,0.166667,0.125000,0.021233,0.123275,487.937500,2146.500000,89.288491,100.000000,44.644245,50.000000,410,170,0.166667,1800.000000,0.000000,40.000000,1.785770,2.000004
0,-0.002133,0.222222,0.200000,0.031512,0.065782,349.312500,1100.564815,82.471779,82.149751,41.235889,41.074876,200,50,0.428571,2600.000000,0.000000,40.000000,1.649437,1.642997
0,0.000000,0.052632,0.052632,0.223239,1.321046,1259.333601,8933.379501,87.984347,85.992538,43.992174,42.996269,690,430,0.052632,1100.000000,0.000000,40.000000,1.759708,1.719948
0,-0.000045,0.023256,0.020000,0.082790,0.118587,600.021881,2041.000000,78.526997,92.500000,39.263499,46.250000,240,210,0.023256,1400.000000,0.000000,35.000000,1.570548,1.850003
0,0.000000,0.052632,0.052632,0.223239,1.321046,1259.333601,8933.379501,87.984347,85.992538,43.992174,42.996269,690,550,0.052632,1100.000000,0.000000,40.000000,1.759708,1.719948
0,0.000000,0.105263,0.105263,0.027554,0.190135,312.918429,2475.000000,92.043402,97.222222,46.021701,48.611111,550,240,0.105263,1100.000000,0.000000,45.000000,1.840869,1.944454
0,0.000000,0.052632,0.052632,0.033492,0.127939,423.428571,1458.000000,91.897325,88.414748,45.948662,44.207374,510,330,0.052632,1100.000000,0.000000,45.000000,1.837948,1.768302
0,0.001955,0.571429,0.500000,0.059192,0.179230,591.506925,3225.000000,79.646590,89.998323,39.823295,44.999162,220,110,0.571429,2400.000000,0.000000,35.000000,1.592935,1.799971
0,-0.001637,0.714286,0.670886,0.038864,1.367122,389.415046,10508.379501,56.507777,88.770316,28.253888,44.385158,460,10,0.848485,3400.000000,0.000000,25.000000,1.130158,1.775502
0,0.001797,0.157895,0.380952,0.004543,0.120155,310.625000,2064.710000,42.621825,90.907263,21.310913,45.453631,170,10,0.380952,1800.000000,0.000000,20.000000,0.852437,1.818149
0,0.002667,0.100000,0.266667,0.036420,0.118105,273.884978,2025.000000,43.553856,50.000000,21.776928,25.000000,160,10,0.266667,1900.000000,0.000000,20.000000,0.871080,0.000000
0,-0.000424,0.166667,0.125000,0.021233,0.123275,487.937500,2146.500000,89.288491,100.000000,44.644245,50.000000,170,140,0.166667,1800.000000,0.000000,40.000000,1.785770,2.000004
0,0.000000,0.076923,0.076923,1.138197,0.063489,3623.527778,1043.972222,51.038255,83.418832,25.519128,41.709416,320,10,0.076923,1400.000000,0.000000,25.000000,1.020945,1.668379
0,0.000000,0.052632,0.052632,0.223239,1.321046,1259.333601,8933.379501,87.984347,85.992538,43.992174,42.996269,690,600,0.052632,1100.000000,0.000000,40.000000,1.759708,1.719948
0,0.000000,0.105263,0.105263,0.027554,0.190135,312.918429,2475.000000,92.043402,97.222222,46.021701,48.611111,330,240,0.105263,1100.000000,0.000000,45.000000,1.840869,1.944454
0,-0.000868,0.166667,0.111111,0.051774,1.311202,677.224490,8725.379501,60.927325,68.770312,30.463663,34.385156,660,10,0.166667,1400.000000,0.000000,30.000000,1.218549,1.375506
0,0.000000,0.052632,0.052632,0.033492,0.127939,423.428571,1458.000000,91.897325,88.414748,45.948662,44.207374,600,510,0.052632,1100.000000,0.000000,45.000000,1.837948,1.768302
0,-0.000053,0.041667,0.033333,0.029938,0.005010,325.395786,116.148148,69.999768,83.333333,34.999884,41.666667,140,70,0.041667,2400.000000,0.000000,30.000000,1.399997,1.666667
0,0.000000,0.285714,0.285714,0.082210,0.000899,1111.111111,16.000000,80.909086,42.500000,40.454543,21.250000,300,230,0.285714,1000.000000,0.000000,40.000000,1.618185,0.000000
0,0.000000,0.105263,0.105263,0.027554,0.190135,312.918429,2475.000000,92.043402,97.222222,46.021701,48.611111,430,240,0.105263,1100.000000,0.000000,45.000000,1.840869,1.944454
0,0.000000,0.052632,0.052632,0.033492,0.127939,423.428571,1458.000000,91.897325,88.414748,45.948662,44.207374,550,510,0.052632,1100.000000,0.000000,45.000000,1.837948,1.768302
0,-0.000219,0.142857,0.083333,0.069842,0.117034,806.859375,2208.000000,81.333333,81.190849,40.666667,40.595424,380,220,0.142857,2400.000000,0.000000,40.000000,1.626670,1.623820
0,-0.000219,0.142857,0.083333,0.057189,1.310141,627.555556,9683.379501,81.923015,78.768639,40.961507,39.384320,560,220,0.142857,2400.000000,0.000000,40.000000,1.638463,1.575466
0,0.000000,0.105263,0.105263,0.027554,0.190135,312.918429,2475.000000,92.043402,97.222222,46.021701,48.611111,600,240,0.105263,1100.000000,0.000000,45.000000,1.840869,1.944454
0,-0.000486,0.666667,0.666667,0.057269,0.180291,248.660770,2267.000000,58.148035,79.999996,29.074018,39.999998,210,10,0.750000,1400.000000,0.000000,25.000000,1.162968,1.600011
0,0.000000,0.166667,0.166667,0.006534,0.119679,303.996094,2061.000000,50.487088,92.500000,25.243544,46.250000,220,10,0.166667,1300.000000,0.000000,25.000000,1.009742,1.850003
0,0.000000,0.200000,0.200000,0.141256,1.367122,1485.687500,10508.379501,58.784771,88.770316,29.392386,44.385158,700,10,0.200000,1000.000000,0.000000,25.000000,1.175702,1.775502
0,-0.000038,0.050000,0.047619,0.062605,0.057960,458.481481,1047.710000,79.269769,82.099788,39.634885,41.049894,460,30,0.050000,1600.000000,0.000000,35.000000,1.585400,1.641997
0,0.000000,0.052632,0.052632,0.223239,1.321046,1259.333601,8933.379501,87.984347,85.992538,43.992174,42.996269,690,660,0.052632,1100.000000,0.000000,40.000000,1.759708,1.719948
0,0.000000,0.052632,0.052632,0.223239,1.321046,1259.333601,8933.379501,87.984347,85.992538,43.992174,42.996269,690,330,0.052632,1100.000000,0.000000,40.000000,1.759708,1.719948
0,0.000000,0.035714,0.035714,0.017442,0.134080,187.604610,2324.022222,92.043402,100.000000,46.021701,50.000000,240,180,0.035714,1100.000000,0.000000,45.000000,1.840869,2.000004
0,0.000000,0.052632,0.052632,0.033492,0.127939,423.428571,1458.000000,91.897325,88.414748,45.948662,44.207374,510,430,0.052632,1100.000000,0.000000,45.000000,1.837948,1.768302
0,0.000000,0.285714,0.285714,0.023692,0.044439,565.031526,454.627219,79.249884,50.000000,39.624942,25.000000,530,300,0.285714,1000.000000,0.000000,35.000000,1.584998,0.000000
0,0.000065,0.027778,0.035714,0.073046,0.358130,435.863895,2702.024793,78.488912,87.027113,39.244456,43.513556,210,150,0.038462,1400.000000,0.000000,35.000000,1.569786,1.740588
0,-0.000017,0.029412,0.028571,0.061049,0.118105,1822.553084,2025.000000,77.851713,50.000000,38.925856,25.000000,570,230,0.029412,1200.000000,0.000000,35.000000,1.557036,0.000000
0,0.000000,0.052632,0.052632,0.033492,0.127939,423.428571,1458.000000,91.897325,88.414748,45.948662,44.207374,660,510,0.052632,1100.000000,0.000000,45.000000,1.837948,1.768302
0,0.000000,1.000000,1.000000,0.020064,0.009397,279.055556,160.000000,47.272808,42.000000,23.636404,21.000000,240,10,1.000000,1000.000000,0.000000,20.000000,0.945457,0.000000
0,0.000000,1.000000,1.000000,0.002549,0.000000,73.604167,0.000000,54.954621,0.000000,27.477310,0.000000,100,10,1.000000,1000.000000,0.000000,25.000000,1.099092,0.000000
0,0.000000,0.066667,0.066667,0.005022,0.000000,108.386747,0.000000,60.098437,0.000000,30.049219,0.000000,740,10,0.066667,1100.000000,0.000000,30.000000,1.201969,0.000000
0,0.000000,0.250000,0.250000,0.909146,0.557793,12513.000000,8836.000000,61.908339,50.000000,30.954169,25.000000,500,10,0.250000,1400.000000,0.000000,30.000000,1.238200,0.000000
0,0.000000,0.066667,0.066667,0.005022,0.000000,108.386747,0.000000,60.098437,0.000000,30.049219,0.000000,310,10,0.066667,1100.000000,0.000000,30.000000,1.201969,0.000000
0,0.000000,0.428571,0.428571,0.004082,1.098262,81.250000,3249.000000,61.908339,44.444444,30.954169,22.222222,620,10,0.428571,1400.000000,0.000000,30.000000,1.238167,0.000000
0,0.000000,0.066667,0.066667,0.051192,0.791773,880.061224,14415.000000,60.098437,50.000000,30.049219,25.000000,230,10,0.066667,1100.000000,0.000000,30.000000,1.201970,0.000000
0,0.000000,1.000000,1.000000,0.001803,0.132630,48.510204,80.000000,49.908747,50.000000,24.954374,25.000000,30,10,1.000000,1100.000000,0.000000,20.000000,0.998175,0.000000
0,0.000529,0.062500,0.100000,0.012881,0.012064,176.760000,212.000000,55.194804,92.000000,27.597402,46.000000,180,10,0.117647,1600.000000,0.000000,25.000000,1.103897,1.840000
0,0.000000,0.250000,0.250000,0.188146,0.046048,2568.000000,712.796875,52.677569,40.717996,26.338785,20.358998,250,10,0.250000,1400.000000,0.000000,25.000000,1.053558,0.000000
0,0.000000,0.142857,0.142857,0.010641,0.033470,239.510204,700.000000,50.098437,40.000000,25.049219,20.000000,190,10,0.142857,1100.000000,0.000000,25.000000,1.001969,0.000000
0,-0.000023,0.266667,0.300000,0.022217,0.009397,290.894531,160.000000,48.778583,42.000000,24.389291,21.000000,150,10,0.312500,1900.000000,0.000000,20.000000,0.975573,0.000000
0,0.000000,0.266667,0.266667,0.011567,0.000000,64.455384,0.000000,48.765103,0.000000,24.382552,0.000000,90,10,0.266667,1100.000000,0.000000,20.000000,0.975304,0.000000
0,0.000501,0.083333,0.100000,0.054723,0.012064,257.000000,212.000000,70.000182,92.000000,35.000091,46.000000,100,20,0.117647,3200.000000,0.000000,35.000000,1.400017,1.840000
0,0.000000,0.125000,0.125000,0.006164,0.018503,101.000000,290.972222,52.222045,81.818036,26.111022,40.909018,670,10,0.125000,1200.000000,0.000000,25.000000,1.044441,1.636361
0,0.000000,0.333333,0.333333,0.056899,0.002667,237.341716,52.000000,60.648148,50.000000,30.324074,25.000000,70,10,0.333333,1000.000000,0.000000,30.000000,1.212971,0.000000
0,0.000000,0.250000,0.250000,0.909146,0.557793,12513.000000,8836.000000,61.908339,50.000000,30.954169,25.000000,80,10,0.250000,1400.000000,0.000000,30.000000,1.238200,0.000000
0,0.000000,0.066667,0.066667,0.051192,0.791773,880.061224,14415.000000,60.098437,50.000000,30.049219,25.000000,360,10,0.066667,1100.000000,0.000000,30.000000,1.201970,0.000000
0,0.000000,0.066667,0.066667,0.005022,0.000000,108.386747,0.000000,60.098437,0.000000,30.049219,0.000000,150,10,0.066667,1100.000000,0.000000,30.000000,1.201969,0.000000
0,0.000000,0.333333,0.333333,0.056899,0.002667,237.341716,52.000000,60.648148,50.000000,30.324074,25.000000,320,10,0.333333,1000.000000,0.000000,30.000000,1.212971,0.000000
0,0.000000,0.066667,0.066667,0.010272,0.002667,211.971743,52.000000,46.636100,50.000000,23.318050,25.000000,310,10,0.066667,1100.000000,0.000000,20.000000,0.932722,0.000000
0,0.000000,0.083333,0.083333,0.094891,0.044328,2084.120000,833.333333,69.923803,80.000000,34.961902,40.000000,390,130,0.083333,1200.000000,0.000000,30.000000,1.398479,1.600001
0,0.000000,0.066667,0.066667,0.104299,0.002667,211.971743,52.000000,46.636100,50.000000,23.318050,25.000000,60,10,0.066667,1100.000000,0.000000,20.000000,0.932751,0.000000
0,0.000000,0.428571,0.428571,0.004082,1.098262,81.250000,3249.000000,61.908339,44.444444,30.954169,22.222222,750,10,0.428571,1400.000000,0.000000,30.000000,1.238167,0.000000
0,0.000080,0.040000,0.047619,0.306029,0.012176,3735.076531,225.000000,100.000000,50.000000,50.000000,25.000000,450,290,0.050000,1400.000000,0.000000,50.000000,2.000013,0.000000
0,0.000080,0.040000,0.047619,0.306029,0.012176,3735.076531,225.000000,100.000000,50.000000,50.000000,25.000000,720,450,0.050000,1400.000000,0.000000,50.000000,2.000013,0.000000
0,-0.000191,0.083333,0.076923,0.017821,0.207138,921.440000,731.250000,75.273178,36.923077,37.636589,18.461538,170,130,0.111111,1300.000000,0.000000,35.000000,1.505464,0.000000
0,0.000000,0.285714,0.285714,0.303384,0.012890,3711.111111,236.111111,60.000000,92.500000,30.000000,46.250000,310,10,0.285714,1400.000000,0.000000,25.000000,1.200012,1.850000
0,0.000000,0.500000,0.500000,0.001779,0.061400,89.720000,437.320000,69.997486,41.580050,34.998743,20.790025,640,10,0.500000,1700.000000,0.000000,30.000000,1.399950,0.000000
0,-0.000078,0.050000,0.041667,0.044090,0.000179,68.307031,54.187500,48.708134,30.833333,24.354067,15.416667,210,10,0.050000,2000.000000,0.000000,20.000000,0.974201,0.000000
0,-0.000264,0.142857,0.125000,3.405502,0.043339,5972.555556,612.000000,76.404724,89.545579,38.202362,44.772790,530,20,0.142857,1500.000000,0.000000,35.000000,1.529096,1.790913
0,0.000058,0.076923,0.076923,0.017189,0.044669,212.417775,696.200000,49.256130,40.538673,24.628065,20.269337,240,10,0.076923,2000.000000,0.000000,20.000000,0.985123,0.000000
0,0.000000,0.100000,0.100000,0.131519,0.003169,1000.000000,61.250000,50.170434,50.000000,25.085217,25.000000,240,10,0.100000,1100.000000,0.000000,25.000000,1.003418,0.000000
0,0.000013,0.071429,0.054054,0.277001,0.092444,2592.221304,1193.098765,88.750000,89.998559,44.375000,44.999279,430,240,0.071429,2100.000000,0.000000,40.000000,1.775017,1.799975
0,-0.000550,0.166667,0.125000,0.031471,0.043339,306.250000,612.000000,79.999629,89.545579,39.999815,44.772790,350,170,0.250000,3300.000000,0.000000,35.000000,1.599994,1.790913
0,0.000000,0.700000,0.700000,0.046197,0.000000,552.480000,0.000000,60.000006,0.000000,30.000003,0.000000,720,10,0.700000,1100.000000,0.000000,30.000000,1.200002,0.000000
0,0.000000,0.181818,0.181818,0.075381,0.020740,3495.222222,369.000000,87.560974,89.997765,43.780487,44.998883,480,210,0.181818,1100.000000,0.000000,40.000000,1.751221,1.799956
0,0.000000,1.000000,1.000000,0.021794,0.009989,70.864198,144.000000,48.000000,42.500000,24.000000,21.250000,130,10,1.000000,1400.000000,0.000000,20.000000,0.960004,0.000000
0,0.000000,0.181818,0.181818,0.075381,0.020740,3495.222222,369.000000,87.560974,89.997765,43.780487,44.998883,340,210,0.181818,1100.000000,0.000000,40.000000,1.751221,1.799956
0,-0.000480,0.400000,0.222222,0.183942,0.037697,550.000000,615.625000,84.444444,89.974708,42.222222,44.987354,290,240,0.400000,3000.000000,0.000000,40.000000,1.688924,1.799495
0,0.000000,0.500000,0.500000,0.143599,0.019447,1646.417778,350.000000,88.144600,90.000000,44.072300,45.000000,280,20,0.500000,1700.000000,0.000000,40.000000,1.762898,1.800001
0,0.000080,0.040000,0.047619,0.306029,0.012176,3735.076531,225.000000,100.000000,50.000000,50.000000,25.000000,720,310,0.050000,1400.000000,0.000000,50.000000,2.000013,0.000000
0,0.000000,0.333333,0.333333,0.004188,0.000484,72.320000,11.111111,41.428571,40.000000,20.714286,20.000000,170,10,0.333333,1300.000000,0.000000,20.000000,0.828572,0.000000
0,0.000000,0.700000,0.700000,0.046197,0.000000,552.480000,0.000000,60.000006,0.000000,30.000003,0.000000,790,10,0.700000,1100.000000,0.000000,30.000000,1.200002,0.000000
0,0.000013,0.071429,0.054054,0.277001,0.092444,2592.221304,1193.098765,88.750000,89.998559,44.375000,44.999279,430,380,0.071429,2100.000000,0.000000,40.000000,1.775017,1.799975
0,0.000000,0.500000,0.500000,0.002758,0.007704,46.571429,125.000000,81.425443,39.363862,40.712721,19.681931,60,50,0.500000,1500.000000,0.000000,40.000000,1.628509,0.000000
0,0.000000,0.500000,0.500000,0.637531,0.000000,1420.920000,0.000000,75.599731,0.000000,37.799866,0.000000,640,410,0.500000,1700.000000,0.000000,35.000000,1.512140,0.000000
0,-0.000164,0.083333,0.400000,0.031221,0.400402,352.925926,6327.479339,89.688531,40.601889,44.844265,20.300944,580,580,0.500000,2400.000000,0.000000,40.000000,1.793772,0.000000
0,0.000000,0.333333,0.333333,0.031983,0.000000,363.460317,0.000000,82.124791,0.000000,41.062396,0.000000,210,110,0.333333,1000.000000,0.000000,40.000000,1.642497,0.000000
0,0.000000,0.285714,0.285714,0.303384,0.012890,3711.111111,236.111111,60.000000,92.500000,30.000000,46.250000,450,10,0.285714,1400.000000,0.000000,25.000000,1.200012,1.850000
0,-0.000019,0.823529,0.800000,0.003057,0.025649,60.152687,81.432526,55.472427,46.428571,27.736213,23.214286,40,10,0.833333,1700.000000,0.000000,25.000000,1.109449,0.000000
0,0.000000,0.400000,0.400000,0.154450,0.048510,1778.417778,825.000000,89.936770,90.000000,44.968385,45.000000,420,90,0.400000,1700.000000,0.000000,40.000000,1.798742,1.800001
0,0.000000,0.400000,0.400000,0.154450,0.048510,1778.417778,825.000000,89.936770,90.000000,44.968385,45.000000,280,90,0.400000,1700.000000,0.000000,40.000000,1.798742,1.800001
0,-0.000229,0.086957,0.066667,0.062373,0.761392,760.957031,14415.000000,58.708134,50.000000,29.354067,25.000000,150,10,0.086957,2000.000000,0.000000,25.000000,1.174165,0.000000
0,0.000000,0.250000,0.250000,0.010872,0.033352,200.461538,206.432526,76.537662,85.792433,38.268831,42.896217,310,80,0.250000,1200.000000,0.000000,35.000000,1.530754,1.715853
0,-0.000229,0.086957,0.066667,0.062373,0.761392,760.957031,14415.000000,58.708134,50.000000,29.354067,25.000000,280,10,0.086957,2000.000000,0.000000,25.000000,1.174165,0.000000
0,0.004210,0.500000,0.800000,0.005020,0.025649,103.014724,81.432526,46.216940,46.428571,23.108470,23.214286,230,10,0.800000,2000.000000,0.000000,20.000000,0.924339,0.000000
0,-0.000480,0.400000,0.222222,0.183942,0.037697,550.000000,615.625000,84.444444,89.974708,42.222222,44.987354,240,150,0.400000,3000.000000,0.000000,40.000000,1.688924,1.799495
0,0.003200,0.500000,0.750000,0.019434,0.067917,330.187500,821.400000,39.999564,37.331984,19.999782,18.665992,640,10,0.750000,1500.000000,0.000000,15.000000,0.799992,0.000000
0,0.000000,0.571429,0.571429,0.012527,0.042560,191.111111,679.719388,51.486348,41.075302,25.743174,20.537651,670,10,0.571429,1400.000000,0.000000,25.000000,1.029727,0.000000
0,-0.001022,0.500000,0.368421,0.027760,0.030573,343.049383,500.625000,89.999873,89.999999,44.999936,44.999999,140,60,0.500000,3100.000000,0.000000,40.000000,1.799999,1.800001
0,0.000080,0.040000,0.047619,0.306029,0.012176,3735.076531,225.000000,100.000000,50.000000,50.000000,25.000000,310,130,0.050000,1400.000000,0.000000,50.000000,2.000013,0.000000
0,-0.000078,0.050000,0.041667,0.011575,0.000179,68.307031,54.187500,48.708134,30.833333,24.354067,15.416667,430,10,0.050000,2000.000000,0.000000,20.000000,0.974165,0.000000
0,0.000080,0.040000,0.047619,0.306029,0.012176,3735.076531,225.000000,100.000000,50.000000,50.000000,25.000000,450,130,0.050000,1400.000000,0.000000,50.000000,2.000013,0.000000
0,0.000000,0.250000,0.250000,0.104899,0.033352,200.461538,206.432526,76.537662,85.792433,38.268831,42.896217,80,60,0.250000,1200.000000,0.000000,35.000000,1.530782,1.715853
0,0.000000,0.100000,0.100000,0.029688,0.021402,624.664360,336.035714,49.171405,50.000000,24.585703,25.000000,540,10,0.100000,1100.000000,0.000000,20.000000,0.983429,0.000000
0,0.000000,0.833333,0.833333,0.037441,0.036974,382.720000,600.000000,80.048813,39.469885,40.024406,19.734942,260,190,0.833333,1100.000000,0.000000,40.000000,1.600978,0.000000
0,0.000000,0.500000,0.500000,0.143599,0.019447,1646.417778,350.000000,88.144600,90.000000,44.072300,45.000000,420,20,0.500000,1700.000000,0.000000,40.000000,1.762898,1.800001
0,-0.000164,0.083333,0.400000,0.031221,0.400402,352.925926,6327.479339,89.688531,40.601889,44.844265,20.300944,580,530,0.500000,2400.000000,0.000000,40.000000,1.793772,0.000000
0,0.000000,0.285714,0.285714,0.000964,0.000000,22.222222,0.000000,52.500000,0.000000,26.250000,0.000000,110,10,0.285714,1400.000000,0.000000,25.000000,1.050000,0.000000
0,0.000000,0.100000,0.100000,0.004656,0.000000,39.358025,0.000000,64.057861,0.000000,32.028930,0.000000,120,20,0.100000,1000.000000,0.000000,30.000000,1.281158,0.000000
0,0.000080,0.040000,0.047619,0.306029,0.012176,3735.076531,225.000000,100.000000,50.000000,50.000000,25.000000,310,290,0.050000,1400.000000,0.000000,50.000000,2.000013,0.000000
0,-0.000038,0.035714,0.028571,0.042779,0.000000,1363.019531,0.000000,47.195488,0.000000,23.597744,0.000000,510,10,0.035714,2000.000000,0.000000,20.000000,0.943910,0.000000
0,-0.001022,0.500000,0.368421,0.027760,0.030573,343.049383,500.625000,89.999873,89.999999,44.999936,44.999999,280,60,0.500000,3100.000000,0.000000,40.000000,1.799999,1.800001
0,0.000000,0.200000,0.200000,0.081648,0.083716,950.920000,1280.000000,50.573363,39.987354,25.286681,19.993677,440,10,0.200000,1100.000000,0.000000,25.000000,1.011471,0.000000
0,0.000000,0.200000,0.200000,0.016086,0.054730,191.020408,875.625000,81.045645,79.999999,40.522823,39.999999,200,90,0.200000,1700.000000,0.000000,40.000000,1.620914,1.600002
0,0.000000,0.142857,0.142857,0.016698,0.032809,258.707031,125.000000,47.647903,40.000000,23.823952,20.000000,110,10,0.142857,2000.000000,0.000000,20.000000,0.952959,0.000000
0,0.000000,1.000000,1.000000,0.186742,0.000000,322.666667,0.000000,61.084344,0.000000,30.542172,0.000000,90,40,1.000000,7300.000000,0.000000,30.000000,1.221758,0.000000
0,-0.000037,0.062500,0.055556,0.635752,0.000000,1465.031111,0.000000,43.599731,0.000000,21.799866,0.000000,410,10,0.062500,1800.000000,0.000000,20.000000,0.872140,0.000000
0,-0.000259,0.111111,0.052632,0.250122,0.025944,2162.020000,95.968858,80.523613,46.666667,40.261806,23.333333,450,170,0.111111,2700.000000,0.000000,40.000000,1.610487,0.000000
0,0.000000,0.666667,0.666667,0.119397,0.038887,400.211538,290.008858,77.963133,86.640016,38.981567,43.320008,140,60,0.666667,1300.000000,0.000000,35.000000,1.559292,1.732804
0,0.000000,0.071429,0.071429,1.929776,4.905900,19095.200000,60552.000000,78.234870,38.332127,39.117435,19.166064,490,390,0.071429,1000.000000,0.000000,35.000000,1.564800,0.000000
0,-0.000069,0.058824,0.052632,0.237263,0.025944,1465.302716,95.968858,51.102976,46.666667,25.551488,23.333333,540,10,0.058824,1800.000000,0.000000,25.000000,1.022079,0.000000
0,-0.000948,0.166667,0.250000,0.016257,0.043426,99.360000,438.968858,77.272727,88.095237,38.636364,44.047618,220,160,0.333333,2200.000000,0.000000,35.000000,1.545456,1.761909
0,-0.000233,0.200000,0.181818,0.013883,0.040694,160.307692,127.968858,77.508806,82.916667,38.754403,41.458333,230,190,0.200000,2100.000000,0.000000,35.000000,1.550177,1.658340
0,-0.000787,0.461538,0.400000,0.635752,0.027589,1456.640000,437.320000,65.597217,42.306135,32.798609,21.153068,410,10,0.461538,1800.000000,0.000000,30.000000,1.312089,0.000000
0,-0.000595,0.166667,0.095238,0.136440,0.029702,1501.645319,274.491124,50.575451,35.238094,25.287725,17.619047,210,10,0.272727,3800.000000,0.000000,25.000000,1.011515,0.000000
0,-0.001324,0.333333,0.250000,0.106225,0.043426,224.461538,438.968858,76.537663,88.095237,38.268832,44.047618,250,60,0.333333,1300.000000,0.000000,35.000000,1.530782,1.761909
0,0.000627,0.222222,0.666667,0.028789,0.038887,238.360000,290.008858,77.272499,86.640016,38.636249,43.320008,220,50,0.857143,2200.000000,0.000000,35.000000,1.545452,1.732804
0,0.000000,0.200000,0.200000,0.450736,0.015051,2485.702422,460.000000,78.132016,80.945390,39.066008,40.472695,620,70,0.200000,1100.000000,0.000000,35.000000,1.562682,1.618908
0,-0.000233,0.200000,0.181818,0.109947,0.040694,288.461538,127.968858,76.537663,82.916667,38.268832,41.458333,270,60,0.200000,1300.000000,0.000000,35.000000,1.530782,1.658340
0,-0.001056,0.500000,0.285714,0.080403,0.056451,370.295858,1008.000000,51.883858,40.000000,25.941929,20.000000,310,200,0.500000,2800.000000,0.000000,25.000000,1.037721,0.000000
0,-0.001491,0.222222,0.230769,0.023129,0.009833,329.777778,300.000000,45.275702,40.000000,22.637851,20.000000,270,10,0.500000,2300.000000,0.000000,20.000000,0.905515,0.000000
0,0.000000,0.111111,0.111111,0.005720,0.010405,85.373698,242.000000,89.483827,50.000000,44.741914,25.000000,780,80,0.111111,1000.000000,0.000000,40.000000,1.789677,0.000000
0,-0.000470,0.100000,0.058824,0.052584,0.002649,285.777778,61.250000,44.959891,50.000000,22.479946,25.000000,140,10,0.100000,2300.000000,0.000000,20.000000,0.899204,0.000000
0,0.000000,0.111111,0.111111,0.005720,0.010405,85.373698,242.000000,89.483827,50.000000,44.741914,25.000000,190,80,0.111111,1000.000000,0.000000,40.000000,1.789677,0.000000
0,0.000000,1.000000,1.000000,1.850947,0.000000,2600.000000,0.000000,73.311471,0.000000,36.655736,0.000000,150,80,1.000000,7700.000000,0.000000,35.000000,1.466956,0.000000
0,0.000872,0.642857,0.611111,0.080185,0.133546,130.920635,1320.661157,38.211679,81.732443,19.105840,40.866222,550,10,0.642857,2800.000000,0.000000,15.000000,0.764264,1.634656
0,0.000000,0.200000,0.200000,0.010414,0.004620,278.613223,85.750000,82.920177,41.437604,41.460089,20.718802,370,180,0.200000,1100.000000,0.000000,40.000000,1.658404,0.000000
0,-0.000211,0.166667,0.153846,0.078337,0.904980,929.000000,18144.000000,91.363860,50.000000,45.681930,25.000000,140,70,0.181818,2800.000000,0.000000,45.000000,1.827281,0.000000
0,0.000000,0.068966,0.068966,0.252836,0.014166,592.274334,299.022222,83.756747,50.000000,41.878374,25.000000,380,140,0.068966,1000.000000,0.000000,40.000000,1.675218,0.000000
0,0.000000,1.000000,1.000000,0.001313,0.008351,29.595486,144.000000,51.148553,42.500000,25.574276,21.250000,30,10,1.000000,2600.000000,0.000000,25.000000,1.022971,0.000000
0,0.000000,0.111111,0.111111,0.005720,0.010405,85.373698,242.000000,89.483827,50.000000,44.741914,25.000000,350,80,0.111111,1000.000000,0.000000,40.000000,1.789677,0.000000
0,-0.000211,0.166667,0.153846,0.078337,0.904980,929.000000,18144.000000,91.363860,50.000000,45.681930,25.000000,100,70,0.181818,2800.000000,0.000000,45.000000,1.827281,0.000000
0,0.000000,0.625000,0.625000,0.022665,0.215234,175.500000,300.000000,83.409654,50.000000,41.704827,25.000000,490,20,0.625000,1600.000000,0.000000,40.000000,1.668196,0.000000
0,0.000000,0.428571,0.428571,0.033288,0.125194,191.611111,1176.661157,48.606786,39.232443,24.303393,19.616222,570,10,0.428571,2600.000000,0.000000,20.000000,0.972139,0.000000
0,0.000000,0.571429,0.571429,0.033943,0.009810,254.658163,242.000000,47.999877,50.000000,23.999938,25.000000,320,10,0.571429,1600.000000,0.000000,20.000000,0.960001,0.000000
0,-0.001043,0.125000,0.050000,0.259891,0.003154,545.883247,63.715556,81.628825,42.142847,40.814413,21.071424,150,140,0.125000,3000.000000,0.000000,40.000000,1.632647,0.000000
0,-0.000570,0.153846,0.068966,0.034191,0.014166,195.682500,299.022222,81.666666,50.000000,40.833333,25.000000,230,80,0.153846,2500.000000,0.000000,40.000000,1.633338,0.000000
0,0.000000,0.333333,0.333333,0.249633,0.007128,937.333333,125.000000,49.164857,41.999998,24.582429,20.999999,280,10,0.333333,2000.000000,0.000000,20.000000,0.983332,0.000000
0,-0.000110,0.062500,0.052632,0.114953,0.069988,1330.750000,1280.000000,89.998743,39.999920,44.999371,19.999960,690,410,0.062500,1600.000000,0.000000,40.000000,1.799980,0.000000
0,-0.000110,0.062500,0.052632,0.114953,0.069988,1330.750000,1280.000000,89.998743,39.999920,44.999371,19.999960,760,410,0.062500,1600.000000,0.000000,40.000000,1.799980,0.000000
0,-0.001098,0.133333,0.050000,0.035532,0.003154,240.931856,63.715556,81.584404,42.142847,40.792202,21.071424,570,130,0.133333,3100.000000,0.000000,40.000000,1.631691,0.000000
0,0.000000,0.200000,0.200000,0.025595,0.010420,490.758902,220.320000,81.545177,40.588235,40.772589,20.294118,520,370,0.200000,1100.000000,0.000000,40.000000,1.630904,0.000000
0,0.000000,0.625000,0.625000,0.022665,0.215234,175.500000,300.000000,83.409654,50.000000,41.704827,25.000000,330,20,0.625000,1600.000000,0.000000,40.000000,1.668196,0.000000
0,0.000517,1.000000,0.944444,0.005038,0.412080,278.444444,6561.000000,70.999987,41.108876,35.499994,20.554438,230,10,1.000000,3400.000000,0.000000,35.000000,1.420000,0.000000
0,-0.000569,0.444444,0.400000,0.027897,0.817041,236.250000,1000.000000,74.464561,40.680422,37.232280,20.340211,90,20,0.444444,1600.000000,0.000000,35.000000,1.489294,0.000000
0,-0.000211,0.166667,0.153846,0.078337,0.904980,929.000000,18144.000000,91.363860,50.000000,45.681930,25.000000,340,70,0.181818,2800.000000,0.000000,45.000000,1.827281,0.000000
0,-0.000901,0.111111,0.050000,0.005463,0.003154,122.281486,63.715556,92.000000,42.142847,46.000000,21.071424,160,10,0.111111,2800.000000,0.000000,45.000000,1.840000,0.000000
0,-0.000574,0.166667,0.068966,0.022377,0.014166,269.444444,299.022222,82.166018,50.000000,41.083009,25.000000,180,130,0.166667,3000.000000,0.000000,40.000000,1.643321,0.000000
0,-0.000348,0.166667,0.090909,0.020132,0.004745,208.482500,112.000000,79.570599,39.997127,39.785299,19.998563,410,190,0.166667,2900.000000,0.000000,35.000000,1.591413,0.000000
0,-0.000452,0.250000,0.208333,0.102318,0.069988,977.408163,1280.000000,79.998620,39.999920,39.999310,19.999960,410,320,0.250000,1600.000000,0.000000,35.000000,1.599978,0.000000
0,0.000000,1.000000,1.000000,0.014869,0.046598,186.990741,742.000000,48.151568,90.000000,24.075784,45.000000,280,10,1.000000,2000.000000,0.000000,20.000000,0.963032,1.800001
0,-0.000114,0.125000,0.111111,0.002585,0.046598,51.250000,742.000000,59.798623,90.000000,29.899312,45.000000,30,10,0.125000,1800.000000,0.000000,25.000000,1.195973,1.800001
0,0.000000,0.142857,0.142857,0.020956,0.030441,311.111111,437.760000,50.005028,50.000000,25.002514,25.000000,310,10,0.142857,1800.000000,0.000000,25.000000,1.000101,0.000000
0,-0.000044,0.040000,0.035714,0.047806,0.039046,266.538889,542.000000,81.362770,89.986603,40.681385,44.993301,300,160,0.040000,1800.000000,0.000000,40.000000,1.627261,1.799734
0,0.000000,0.142857,0.142857,0.020956,0.030441,311.111111,437.760000,50.005028,50.000000,25.002514,25.000000,640,10,0.142857,1800.000000,0.000000,25.000000,1.000101,0.000000
0,0.000000,0.142857,0.142857,0.020956,0.030441,311.111111,437.760000,50.005028,50.000000,25.002514,25.000000,580,10,0.142857,1800.000000,0.000000,25.000000,1.000101,0.000000
0,0.000000,0.500000,0.500000,0.344055,0.017166,1825.222222,244.495868,46.428571,50.000000,23.214286,25.000000,800,10,0.500000,1100.000000,0.000000,20.000000,0.928604,0.000000
0,0.000071,0.035714,0.030303,0.105634,0.358845,417.428665,1648.793388,73.448741,80.272069,36.724370,40.136035,550,140,0.035714,2900.000000,0.000000,35.000000,1.469006,1.605481
0,0.000000,0.125000,0.125000,0.005355,0.156749,67.942444,2293.777778,50.499867,81.248743,25.249933,40.624371,390,10,0.125000,1200.000000,0.000000,25.000000,1.009998,1.624980
0,0.000000,0.125000,0.125000,0.045919,0.018324,753.240000,319.000000,84.318971,90.000000,42.159486,45.000000,430,370,0.125000,1100.000000,0.000000,40.000000,1.686381,1.800001
0,0.000000,0.909091,0.909091,0.019363,0.026685,338.988225,348.750000,47.701039,83.119780,23.850520,41.559890,330,10,0.909091,1000.000000,0.000000,20.000000,0.954021,1.662397
0,0.000000,0.083333,0.083333,0.083358,0.045643,1074.644970,691.555556,81.015280,89.091231,40.507640,44.545615,360,200,0.083333,1200.000000,0.000000,40.000000,1.620309,1.781826
0,-0.000292,0.181818,0.157895,0.491632,0.036068,2023.000000,603.250000,69.967630,90.987329,34.983815,45.493664,290,120,0.214286,3600.000000,0.000000,30.000000,1.399412,1.819748
0,0.000000,0.250000,0.250000,0.042109,0.007534,220.142857,129.600000,38.571313,41.000000,19.285657,20.500000,120,10,0.250000,1100.000000,0.000000,15.000000,0.771431,0.000000
0,0.000000,0.571429,0.571429,0.000940,1.243697,22.222222,13125.000000,52.484916,47.619048,26.242458,23.809524,40,10,0.571429,1300.000000,0.000000,25.000000,1.049698,0.000000
0,-0.000130,0.062500,0.052632,0.093631,0.007273,670.091716,125.008858,88.186309,91.666667,44.093154,45.833333,510,320,0.062500,1400.000000,0.000000,40.000000,1.763736,1.833334
0,0.000000,0.125000,0.125000,0.001658,0.081114,56.262222,1232.750000,46.464331,80.619780,23.232165,40.309890,30,10,0.125000,1000.000000,0.000000,20.000000,0.929287,1.612398
0,-0.000019,0.266667,0.107143,0.052533,0.026074,438.650025,316.000000,45.024407,82.486603,22.512204,41.243301,100,10,0.290323,3300.000000,0.000000,20.000000,0.900492,1.649733
0,0.000000,1.000000,1.000000,0.009390,1.243697,140.417234,13125.000000,50.907263,47.619048,25.453631,23.809524,560,10,1.000000,1300.000000,0.000000,25.000000,1.018146,0.000000
0,0.000000,0.142857,0.142857,0.020956,0.030441,311.111111,437.760000,50.005028,50.000000,25.002514,25.000000,530,10,0.142857,1800.000000,0.000000,25.000000,1.000101,0.000000
0,0.000000,0.037037,0.037037,0.064880,0.015969,438.019325,316.000000,76.129433,92.500000,38.064716,46.250000,280,20,0.037037,1500.000000,0.000000,35.000000,1.522598,1.850000
0,0.000000,0.500000,0.500000,0.344055,0.017166,1825.222222,244.495868,46.428571,50.000000,23.214286,25.000000,710,10,0.500000,1100.000000,0.000000,20.000000,0.928604,0.000000
0,-0.000128,0.071429,0.062500,0.057550,1.276070,584.252589,6347.000000,78.611407,67.556257,39.305703,33.778128,660,220,0.071429,1600.000000,0.000000,35.000000,1.572231,1.351255
0,0.000000,0.037037,0.037037,0.024751,0.015969,438.019325,316.000000,76.129433,92.500000,38.064716,46.250000,280,50,0.037037,1500.000000,0.000000,35.000000,1.522589,1.850000
0,0.000000,0.454545,0.454545,0.003969,0.127895,83.812853,1726.527778,49.498920,81.868523,24.749460,40.934262,410,10,0.454545,1000.000000,0.000000,20.000000,0.989979,1.637375
0,0.000000,0.076923,0.076923,0.043531,0.249751,566.319444,2370.703125,52.857142,39.047542,26.428571,19.523771,440,10,0.076923,1400.000000,0.000000,25.000000,1.057145,0.000000
0,0.000000,0.428571,0.428571,0.000539,0.000000,23.911111,0.000000,42.005028,0.000000,21.002514,0.000000,180,10,0.428571,1800.000000,0.000000,20.000000,0.840101,0.000000
0,0.000000,0.500000,0.500000,0.027406,0.055539,423.299727,916.000000,49.017035,82.500000,24.508518,41.250000,310,10,0.500000,1200.000000,0.000000,20.000000,0.980342,1.650002
0,0.000000,0.055556,0.055556,0.042854,0.222924,492.806248,2458.125000,81.855952,76.797288,40.927976,38.398644,270,220,0.055556,1100.000000,0.000000,40.000000,1.637121,1.535956
0,-0.000114,0.111111,0.100000,0.217680,0.110983,1223.444444,1537.777778,78.945251,83.748743,39.472626,41.874371,420,350,0.111111,1600.000000,0.000000,35.000000,1.578951,1.674979
0,-0.000513,0.416667,0.384615,0.003361,0.001660,59.764444,24.099174,52.402740,44.444444,26.201370,22.222222,260,10,0.416667,1400.000000,0.000000,25.000000,1.048055,0.000000
0,0.000000,0.428571,0.428571,0.001133,0.005220,31.207997,100.148148,42.503341,40.833333,21.251671,20.416667,180,10,0.428571,1800.000000,0.000000,20.000000,0.850067,0.000000
0,0.000000,0.692308,0.692308,0.148629,0.005616,2098.573351,300.000000,51.715663,40.000000,25.857832,20.000000,610,10,0.692308,1400.000000,0.000000,25.000000,1.034319,0.000000
0,-0.001872,0.428571,0.142857,0.022993,0.021684,316.590450,313.260404,41.105272,50.000000,20.552636,25.000000,500,10,0.428571,1800.000000,0.000000,20.000000,0.822106,0.000000
0,0.000000,0.200000,0.200000,0.123875,0.180972,119.444444,2304.000000,72.842778,39.590385,36.421389,19.795193,90,40,0.200000,1100.000000,0.000000,35.000000,1.456931,0.000000
0,0.000000,0.142857,0.142857,0.020956,0.030441,311.111111,437.760000,50.005028,50.000000,25.002514,25.000000,410,10,0.142857,1800.000000,0.000000,25.000000,1.000101,0.000000
0,0.000000,0.166667,0.166667,0.030445,0.104182,648.721893,1053.000000,44.958529,75.710935,22.479265,37.855468,230,10,0.166667,1500.000000,0.000000,20.000000,0.899172,1.514224
0,0.000000,0.100000,0.100000,0.080497,0.011377,1044.077505,178.000000,82.235404,85.000000,41.117702,42.500000,700,310,0.100000,1200.000000,0.000000,40.000000,1.644711,1.700000
0,-0.000220,0.285714,0.200000,0.024826,0.009773,205.250000,160.000000,81.370155,85.000000,40.685077,42.500000,170,20,0.285714,4100.000000,0.000000,40.000000,1.627405,1.700000
0,0.000000,0.125000,0.125000,0.045919,0.018324,753.240000,319.000000,84.318971,90.000000,42.159486,45.000000,510,430,0.125000,1100.000000,0.000000,40.000000,1.686381,1.800001
0,-0.002133,0.800000,0.666667,0.002629,0.000000,116.000000,0.000000,70.000000,0.000000,35.000000,0.000000,270,10,0.800000,1500.000000,0.000000,30.000000,1.400000,0.000000
0,-0.000289,0.157895,0.125000,0.021594,0.008972,352.807500,142.000000,43.787807,83.309702,21.893904,41.654851,200,10,0.157895,2300.000000,0.000000,20.000000,0.875757,1.666194
0,-0.000130,0.062500,0.052632,0.093631,0.007273,670.091716,125.008858,88.186309,91.666667,44.093154,45.833333,510,70,0.062500,1400.000000,0.000000,40.000000,1.763736,1.833334
0,0.000000,0.083333,0.083333,0.125819,0.132061,1614.203125,2653.000000,81.233278,80.721873,40.616639,40.360936,480,140,0.083333,1100.000000,0.000000,40.000000,1.624670,1.614441
0,-0.001684,0.285714,0.222222,0.090520,0.830097,1327.682540,529.960000,82.490967,71.111656,41.245483,35.555828,540,100,0.538462,2200.000000,0.000000,40.000000,1.649822,1.423080
0,0.000000,1.000000,1.000000,0.093277,0.847769,2002.179752,900.000000,49.480097,70.000000,24.740049,35.000000,660,10,1.000000,1000.000000,0.000000,20.000000,0.989604,1.400847
0,0.000000,0.800000,0.800000,0.479599,0.962679,2500.105263,2704.000000,68.061006,69.967429,34.030503,34.983714,640,90,0.800000,1200.000000,0.000000,30.000000,1.361322,1.400200
0,-0.000040,0.045455,0.043478,0.156719,0.948183,2291.922160,2600.000000,81.202593,80.000000,40.601296,40.000000,650,140,0.045455,1100.000000,0.000000,40.000000,1.624057,1.600850
0,-0.000070,0.050000,0.033333,0.122969,0.826185,1741.960000,1179.082645,73.836422,70.464148,36.918211,35.232074,450,170,0.050000,3100.000000,0.000000,35.000000,1.476733,1.410130
0,0.002110,0.142857,0.307692,0.130117,1.034266,2527.778547,1040.000000,48.996653,67.006163,24.498327,33.503082,630,10,0.307692,1300.000000,0.000000,20.000000,0.979936,1.341005
0,-0.000439,0.500000,0.500000,0.300876,0.140783,653.000000,2927.000000,77.753475,80.000000,38.876737,40.000000,320,100,0.666667,2700.000000,0.000000,35.000000,1.555141,1.600003
0,-0.001560,0.333333,0.222222,0.152827,0.824175,1743.312500,420.250000,73.990629,74.444444,36.995315,37.222222,500,150,0.333333,2600.000000,0.000000,35.000000,1.479821,1.489736
0,0.000095,0.210526,0.227273,0.110852,0.097543,428.054847,562.172840,72.297662,78.888112,36.148831,39.444056,540,500,0.238095,1800.000000,0.000000,35.000000,1.445968,1.577774
0,-0.000117,0.050000,0.033333,0.333240,0.948669,4338.793651,2927.000000,81.152372,70.000000,40.576186,35.000000,540,370,0.050000,2200.000000,0.000000,40.000000,1.623060,1.400850
0,-0.000154,0.083333,0.071429,0.078841,0.664034,310.437500,1675.187500,71.210764,77.142875,35.605382,38.571438,430,390,0.083333,1400.000000,0.000000,35.000000,1.424225,1.543011
0,0.000000,0.125000,0.125000,0.103899,0.130702,598.201389,880.666667,86.601957,83.467259,43.300979,41.733629,260,110,0.125000,1400.000000,0.000000,40.000000,1.732048,1.669355
0,0.000000,0.217391,0.217391,0.076307,0.127806,1213.918639,849.382716,75.000000,91.668063,37.500000,45.834032,300,10,0.217391,1000.000000,0.000000,35.000000,1.500002,1.833371
0,0.001021,0.133333,0.307692,0.056647,0.129377,648.562500,864.000000,79.999980,91.668063,39.999990,45.834032,350,200,0.347826,3300.000000,0.000000,35.000000,1.600002,1.833371
0,0.000000,0.250000,0.250000,0.098772,0.129377,554.645833,864.000000,45.238096,91.668063,22.619048,45.834032,260,10,0.250000,1400.000000,0.000000,20.000000,0.904771,1.833371
0,-0.000384,0.100000,0.071429,0.011537,0.046911,139.753125,361.250000,92.000000,47.500000,46.000000,23.750000,360,130,0.100000,2500.000000,0.000000,45.000000,1.840000,0.000000
0,0.000000,0.076923,0.076923,0.004661,1.052596,114.830000,1051.555556,57.867468,41.428572,28.933734,20.714286,340,10,0.076923,1400.000000,0.000000,25.000000,1.157350,0.000000
0,-0.000131,0.117647,0.111111,0.205790,0.127806,1214.349174,849.382716,97.072370,91.668063,48.536185,45.834032,450,160,0.117647,1300.000000,0.000000,45.000000,1.941465,1.833371
0,0.000190,0.133333,0.111111,0.067200,0.127806,750.250000,849.382716,84.999984,91.668063,42.499992,45.834032,320,140,0.133333,2600.000000,0.000000,40.000000,1.700003,1.833371
0,0.000158,0.200000,0.125000,0.531269,0.063073,5268.876543,960.000000,89.646590,40.665211,44.823295,20.332605,50,40,0.200000,2700.000000,0.000000,40.000000,1.792981,0.000000
0,-0.000131,0.117647,0.111111,0.205790,0.127806,1214.349174,849.382716,97.072370,91.668063,48.536185,45.834032,160,120,0.117647,1300.000000,0.000000,45.000000,1.941465,1.833371
0,0.000000,0.125000,0.125000,0.103899,0.130702,598.201389,880.666667,86.601957,83.467259,43.300979,41.733629,390,110,0.125000,1400.000000,0.000000,40.000000,1.732048,1.669355
0,-0.000069,0.037037,0.032258,0.232095,0.368221,1534.500000,1746.993056,87.072372,78.623711,43.536186,39.311855,360,160,0.037037,1300.000000,0.000000,40.000000,1.741466,1.572515
0,0.000266,0.363636,0.285714,0.012102,0.088452,169.158817,1568.607656,47.777770,80.209947,23.888885,40.104973,620,10,0.363636,2400.000000,0.000000,20.000000,0.955556,1.604201
0,0.000000,0.285714,0.285714,0.022483,0.008872,144.000000,129.960000,79.999999,41.111111,39.999999,20.555556,180,160,0.285714,1100.000000,0.000000,35.000000,1.600006,0.000000
0,0.000158,0.200000,0.125000,0.531269,0.063073,5268.876543,960.000000,89.646590,40.665211,44.823295,20.332605,210,40,0.200000,2700.000000,0.000000,40.000000,1.792981,0.000000
0,-0.000061,0.055556,0.090909,0.022327,0.321790,274.208570,300.000000,90.567007,13.333333,45.283504,6.666667,290,10,0.142857,3100.000000,0.000000,45.000000,1.811341,0.000000
0,0.000034,0.700000,1.000000,0.013917,0.000000,131.812500,0.000000,47.787847,0.000000,23.893924,0.000000,440,10,1.000000,4700.000000,0.000000,20.000000,0.955758,0.000000
0,-0.000347,0.111111,0.100000,0.006265,0.009073,104.876543,126.437500,50.004102,41.425698,25.002051,20.712849,160,10,0.200000,1600.000000,0.000000,25.000000,1.000082,0.000000
0,-0.000017,0.047619,0.047619,0.018636,0.169275,148.513125,539.212963,89.090944,80.166667,44.545472,40.083333,480,130,0.058824,2500.000000,0.000000,40.000000,1.781821,1.603378
0,0.000000,0.250000,0.250000,0.205033,0.129377,1202.250000,864.000000,83.891679,91.668063,41.945839,45.834032,160,20,0.250000,1300.000000,0.000000,40.000000,1.677851,1.833371
0,0.000327,0.062500,0.111111,0.083336,0.127806,885.711020,849.382716,87.749672,91.668063,43.874836,45.834032,220,70,0.117647,1800.000000,0.000000,40.000000,1.755000,1.833371
0,-0.000017,0.047619,0.047619,0.018636,0.169275,148.513125,539.212963,89.090944,80.166667,44.545472,40.083333,590,130,0.058824,2500.000000,0.000000,40.000000,1.781821,1.603378
0,-0.000347,0.111111,0.100000,0.006265,0.009073,104.876543,126.437500,50.004102,41.425698,25.002051,20.712849,320,10,0.200000,1600.000000,0.000000,25.000000,1.000082,0.000000
0,0.000000,0.125000,0.125000,0.209417,0.130702,1245.805556,880.666667,89.021786,83.467259,44.510893,41.733629,160,120,0.125000,1300.000000,0.000000,40.000000,1.780453,1.669355
0,-0.000347,0.111111,0.100000,0.006265,0.009073,104.876543,126.437500,50.004102,41.425698,25.002051,20.712849,750,10,0.200000,1600.000000,0.000000,25.000000,1.000082,0.000000
0,-0.001657,0.166667,0.153846,0.032922,0.004645,228.243056,101.553719,100.000000,50.000000,50.000000,25.000000,710,360,0.750000,2000.000000,0.000000,50.000000,2.000003,0.000000
0,0.001035,0.100000,0.307692,0.106463,0.129377,743.850000,864.000000,90.000000,91.668063,45.000000,45.834032,280,210,0.347826,2500.000000,0.000000,40.000000,1.800041,1.833371
0,-0.000060,0.038462,0.040000,0.061464,0.129756,1045.012559,885.601852,86.537663,91.668063,43.268832,45.834032,360,310,0.066667,1700.000000,0.000000,40.000000,1.730755,1.833371
0,-0.001657,0.166667,0.153846,0.032922,0.004645,228.243056,101.553719,100.000000,50.000000,50.000000,25.000000,360,280,0.750000,2000.000000,0.000000,50.000000,2.000003,0.000000
0,0.000000,0.100000,0.100000,0.017814,0.125563,392.408433,873.937500,48.452514,83.750000,24.226257,41.875000,280,10,0.100000,1200.000000,0.000000,20.000000,0.969051,1.675009
0,-0.001657,0.166667,0.153846,0.032922,0.004645,228.243056,101.553719,100.000000,50.000000,50.000000,25.000000,710,560,0.750000,2000.000000,0.000000,50.000000,2.000003,0.000000
0,-0.000017,0.047619,0.047619,0.018636,0.169275,148.513125,539.212963,89.090944,80.166667,44.545472,40.083333,260,130,0.058824,2500.000000,0.000000,40.000000,1.781821,1.603378
0,-0.000072,0.058824,0.090909,0.030153,0.321790,272.531856,300.000000,78.741417,13.333333,39.370708,6.666667,570,260,0.142857,3400.000000,0.000000,35.000000,1.574830,0.000000
0,-0.000110,0.076923,0.071429,0.888084,0.003614,716.043611,435.633769,80.668086,45.000000,40.334043,22.500000,270,50,0.076923,1100.000000,0.000000,40.000000,1.613937,0.000000
0,0.000000,0.052632,0.052632,0.205614,0.120774,746.153056,800.000000,41.946172,43.750000,20.973086,21.875000,290,10,0.052632,1100.000000,0.000000,20.000000,0.838953,0.000000
0,-0.000080,0.125000,0.090909,0.026970,0.321790,229.081633,300.000000,79.267962,13.333333,39.633981,6.666667,260,140,0.142857,3400.000000,0.000000,35.000000,1.585361,0.000000
0,0.000158,0.200000,0.125000,0.531269,0.063073,5268.876543,960.000000,89.646590,40.665211,44.823295,20.332605,640,40,0.200000,2700.000000,0.000000,40.000000,1.792981,0.000000
0,0.000000,0.076923,0.076923,0.004661,1.052596,114.830000,1051.555556,57.867468,41.428572,28.933734,20.714286,180,10,0.076923,1400.000000,0.000000,25.000000,1.157350,0.000000
0,0.000000,0.111111,0.111111,0.005896,0.000000,78.142857,0.000000,83.058878,0.000000,41.529439,0.000000,300,280,0.111111,1000.000000,0.000000,40.000000,1.661178,0.000000
0,-0.000060,0.038462,0.040000,0.061464,0.129756,1045.012559,885.601852,86.537663,91.668063,43.268832,45.834032,310,230,0.066667,1700.000000,0.000000,40.000000,1.730755,1.833371
0,-0.000119,0.090909,0.047619,0.018817,0.027300,220.482449,366.122449,47.008304,80.999915,23.504152,40.499958,120,10,0.090909,2400.000000,0.000000,20.000000,0.940167,1.619999
0,0.000000,0.500000,0.500000,0.004661,0.013479,95.750000,170.859375,66.666667,50.000000,33.333333,25.000000,770,10,0.500000,1400.000000,0.000000,30.000000,1.333333,0.000000
0,-0.000384,0.100000,0.071429,0.011537,0.046911,139.753125,361.250000,92.000000,47.500000,46.000000,23.750000,260,130,0.100000,2500.000000,0.000000,45.000000,1.840000,0.000000
0,-0.000635,0.625000,0.785714,0.000000,0.122364,99.222222,177.962963,0.177166,32.666667,0.088583,16.333333,10,10,0.866667,3700.000000,0.000000,0.000000,0.003543,0.000000
0,-0.000376,0.062500,0.050000,0.095887,0.009551,531.187500,147.120514,82.213866,92.142857,41.106933,46.071429,300,270,0.083333,1700.000000,0.000000,40.000000,1.644287,1.842857
0,-0.000027,0.041667,0.040000,0.257040,0.129756,1257.041111,885.601852,97.072370,91.668063,48.536185,45.834032,350,160,0.041667,1300.000000,0.000000,45.000000,1.941486,1.833371
0,-0.000060,0.038462,0.040000,0.155491,0.129756,1045.012559,885.601852,86.537663,91.668063,43.268832,45.834032,360,60,0.066667,1700.000000,0.000000,40.000000,1.730784,1.833371
0,-0.001657,0.166667,0.153846,0.032922,0.004645,228.243056,101.553719,100.000000,50.000000,50.000000,25.000000,560,280,0.750000,2000.000000,0.000000,50.000000,2.000003,0.000000
0,-0.001003,0.100000,0.071429,0.072546,0.003614,625.160000,435.633769,82.334485,45.000000,41.167242,22.500000,440,120,0.300000,2600.000000,0.000000,40.000000,1.646694,0.000000
0,0.000000,0.217391,0.217391,0.076307,0.127806,1213.918639,849.382716,75.000000,91.668063,37.500000,45.834032,190,10,0.217391,1000.000000,0.000000,35.000000,1.500002,1.833371
0,-0.000060,0.038462,0.040000,0.155491,0.129756,1045.012559,885.601852,86.537663,91.668063,43.268832,45.834032,230,60,0.066667,1700.000000,0.000000,40.000000,1.730784,1.833371
0,-0.000027,0.041667,0.040000,0.257040,0.129756,1257.041111,885.601852,97.072370,91.668063,48.536185,45.834032,160,100,0.041667,1300.000000,0.000000,45.000000,1.941486,1.833371
0,0.000000,0.217391,0.217391,0.076307,0.127806,1213.918639,849.382716,75.000000,91.668063,37.500000,45.834032,430,10,0.217391,1000.000000,0.000000,35.000000,1.500002,1.833371
0,0.000000,0.200000,0.200000,0.007707,0.002105,88.142857,42.666667,81.392212,39.999958,40.696106,19.999979,280,240,0.200000,1000.000000,0.000000,40.000000,1.627845,0.000000
0,0.000000,0.800000,0.800000,0.005022,0.072628,148.876543,800.000000,75.000000,39.992258,37.500000,19.996129,310,10,0.800000,1700.000000,0.000000,35.000000,1.500000,0.000000
0,0.000000,0.307692,0.307692,0.206004,0.129377,1219.882653,864.000000,97.072370,91.668063,48.536185,45.834032,330,160,0.307692,1300.000000,0.000000,45.000000,1.941465,1.833371
0,-0.000246,0.040000,0.034483,0.072774,0.125978,625.204444,613.596732,83.334962,77.666667,41.667481,38.833333,440,120,0.111111,2600.000000,0.000000,40.000000,1.666703,1.553375
0,0.000000,0.076923,0.076923,0.004661,1.052596,114.830000,1051.555556,57.867468,41.428572,28.933734,20.714286,770,10,0.076923,1400.000000,0.000000,25.000000,1.157350,0.000000
0,0.000000,0.800000,0.800000,0.005022,0.072628,148.876543,800.000000,75.000000,39.992258,37.500000,19.996129,150,10,0.800000,1700.000000,0.000000,35.000000,1.500000,0.000000
0,-0.000083,0.038462,0.032258,0.131956,0.368221,967.645833,1746.993056,85.238119,78.623711,42.619060,39.311855,390,350,0.038462,1400.000000,0.000000,40.000000,1.704773,1.572515
0,0.000327,0.062500,0.111111,0.083336,0.127806,885.711020,849.382716,87.749672,91.668063,43.874836,45.834032,350,70,0.117647,1800.000000,0.000000,40.000000,1.755000,1.833371
0,-0.000376,0.062500,0.050000,0.084769,0.009551,531.187500,147.120514,82.213866,92.142857,41.106933,46.071429,300,260,0.083333,1700.000000,0.000000,40.000000,1.644285,1.842857
0,-0.001657,0.166667,0.153846,0.032922,0.004645,228.243056,101.553719,100.000000,50.000000,50.000000,25.000000,560,120,0.750000,2000.000000,0.000000,50.000000,2.000003,0.000000
0,0.000085,0.705882,1.000000,0.063362,0.000000,155.875236,0.000000,100.000000,0.000000,50.000000,0.000000,170,10,1.000000,3100.000000,0.000000,50.000000,2.000022,0.000000
0,-0.000384,0.100000,0.071429,0.011537,0.046911,139.753125,361.250000,92.000000,47.500000,46.000000,23.750000,590,130,0.100000,2500.000000,0.000000,45.000000,1.840000,0.000000
0,-0.000384,0.100000,0.071429,0.011537,0.046911,139.753125,361.250000,92.000000,47.500000,46.000000,23.750000,530,130,0.100000,2500.000000,0.000000,45.000000,1.840000,0.000000
0,0.001035,0.100000,0.307692,0.106463,0.129377,743.850000,864.000000,90.000000,91.668063,45.000000,45.834032,210,150,0.347826,2500.000000,0.000000,40.000000,1.800041,1.833371
0,-0.005143,0.750000,0.428571,0.004104,0.027540,151.875000,392.000000,66.666665,39.968385,33.333332,19.984193,110,10,0.750000,1600.000000,0.000000,30.000000,1.333334,0.000000
0,0.000000,0.250000,0.250000,0.098772,0.129377,554.645833,864.000000,45.238096,91.668063,22.619048,45.834032,390,10,0.250000,1400.000000,0.000000,20.000000,0.904771,1.833371
0,-0.000017,0.047619,0.047619,0.018636,0.169275,148.513125,539.212963,89.090944,80.166667,44.545472,40.083333,530,130,0.058824,2500.000000,0.000000,40.000000,1.781821,1.603378
0,0.000000,0.800000,0.800000,0.005022,0.072628,148.876543,800.000000,75.000000,39.992258,37.500000,19.996129,740,10,0.800000,1700.000000,0.000000,35.000000,1.500000,0.000000
0,0.000000,0.307692,0.307692,0.206004,0.129377,1219.882653,864.000000,97.072370,91.668063,48.536185,45.834032,550,160,0.307692,1300.000000,0.000000,45.000000,1.941465,1.833371
0,-0.001657,0.166667,0.153846,0.032922,0.004645,228.243056,101.553719,100.000000,50.000000,50.000000,25.000000,360,120,0.750000,2000.000000,0.000000,50.000000,2.000003,0.000000
0,-0.000384,0.100000,0.071429,0.011537,0.046911,139.753125,361.250000,92.000000,47.500000,46.000000,23.750000,480,130,0.100000,2500.000000,0.000000,45.000000,1.840000,0.000000
0,-0.000017,0.047619,0.047619,0.018636,0.169275,148.513125,539.212963,89.090944,80.166667,44.545472,40.083333,360,130,0.058824,2500.000000,0.000000,40.000000,1.781821,1.603378
0,-0.000083,0.038462,0.032258,0.131956,0.368221,967.645833,1746.993056,85.238119,78.623711,42.619060,39.311855,350,260,0.038462,1400.000000,0.000000,40.000000,1.704773,1.572515
0,0.001022,0.125000,0.307692,0.247693,0.129377,2224.882086,864.000000,77.647057,91.668063,38.823529,45.834032,360,80,0.347826,3200.000000,0.000000,35.000000,1.552955,1.833371
0,0.000000,0.034483,0.034483,0.888159,0.125978,720.202031,613.596732,81.235236,77.666667,40.617618,38.833333,270,50,0.034483,1100.000000,0.000000,40.000000,1.625280,1.553375
0,0.000000,0.500000,0.500000,0.004661,0.013479,95.750000,170.859375,66.666667,50.000000,33.333333,25.000000,340,10,0.500000,1400.000000,0.000000,30.000000,1.333333,0.000000
0,0.000085,0.705882,1.000000,0.063362,0.000000,155.875236,0.000000,100.000000,0.000000,50.000000,0.000000,600,10,1.000000,3100.000000,0.000000,50.000000,2.000022,0.000000
0,0.000000,0.500000,0.500000,0.004661,0.013479,95.750000,170.859375,66.666667,50.000000,33.333333,25.000000,180,10,0.500000,1400.000000,0.000000,30.000000,1.333333,0.000000
0,0.000190,0.133333,0.111111,0.067200,0.127806,750.250000,849.382716,84.999984,91.668063,42.499992,45.834032,320,270,0.133333,2600.000000,0.000000,40.000000,1.700003,1.833371
0,0.000000,0.100000,0.100000,0.009203,0.004453,160.604444,73.937500,40.225443,40.000000,20.112721,20.000000,20,10,0.100000,1200.000000,0.000000,20.000000,0.804509,0.000000
0,0.000000,0.250000,0.250000,0.032532,0.004624,70.080000,76.000000,79.167200,100.000000,39.583600,50.000000,480,470,0.250000,2200.000000,0.000000,35.000000,1.583355,2.000000
0,0.000000,0.045455,0.045455,0.084905,0.080378,1026.147483,1077.029586,89.440200,97.222222,44.720100,48.611111,840,310,0.045455,1000.000000,0.000000,40.000000,1.788808,1.944448
0,-0.000009,0.100000,0.095238,0.140258,0.062355,1097.187500,1161.250000,90.170428,100.000000,45.085214,50.000000,620,240,0.100000,1700.000000,0.000000,45.000000,1.803418,2.000002
0,-0.000009,0.100000,0.095238,0.140258,0.062355,1097.187500,1161.250000,90.170428,100.000000,45.085214,50.000000,680,240,0.100000,1700.000000,0.000000,45.000000,1.803418,2.000002
0,-0.000056,0.035714,0.030303,0.133441,0.053730,1007.747405,1049.148148,90.170428,100.000000,45.085214,50.000000,300,240,0.035714,1700.000000,0.000000,45.000000,1.803417,2.000001
0,0.000000,0.071429,0.071429,0.008003,0.011573,145.800000,176.400000,43.935610,40.681930,21.967805,20.340965,120,10,0.071429,1200.000000,0.000000,20.000000,0.878712,0.000000
0,-0.000330,0.230769,0.214286,0.081391,0.026162,318.722222,530.400000,97.058824,100.000000,48.529412,50.000000,340,90,0.230769,1100.000000,0.000000,45.000000,1.941187,2.000001
0,0.000093,0.047619,0.050000,0.050940,0.020599,188.324959,426.000000,76.430044,90.714334,38.215022,45.357167,90,20,0.050000,1800.000000,0.000000,35.000000,1.528609,1.814287
0,0.000000,0.050000,0.050000,0.060305,0.042652,607.617778,849.382716,82.599234,100.000000,41.299617,50.000000,310,20,0.050000,1000.000000,0.000000,40.000000,1.651988,2.000001
0,0.000000,0.333333,0.333333,0.033598,0.023088,711.804989,381.236212,48.529412,50.000000,24.264706,25.000000,600,10,0.333333,1100.000000,0.000000,20.000000,0.970589,0.000000
0,0.000000,0.333333,0.333333,0.009715,0.004453,147.444444,73.937500,39.793152,40.000000,19.896576,20.000000,30,10,0.333333,1100.000000,0.000000,15.000000,0.795863,0.000000
0,-0.000106,0.050000,0.025641,0.077158,0.063027,821.972222,1181.236212,81.348918,100.000000,40.674459,50.000000,460,160,0.050000,2500.000000,0.000000,40.000000,1.626982,2.000002
0,0.000093,0.047619,0.050000,0.010810,0.020599,188.324959,426.000000,76.430044,90.714334,38.215022,45.357167,90,50,0.050000,1800.000000,0.000000,35.000000,1.528601,1.814287
0,0.000000,0.250000,0.250000,0.032532,0.004624,70.080000,76.000000,79.167200,100.000000,39.583600,50.000000,470,120,0.250000,2200.000000,0.000000,35.000000,1.583355,2.000000
0,-0.000009,0.100000,0.095238,0.140258,0.062355,1097.187500,1161.250000,90.170428,100.000000,45.085214,50.000000,450,240,0.100000,1700.000000,0.000000,45.000000,1.803418,2.000002
0,-0.000052,0.028571,0.025641,1.091956,0.063027,1400.175556,1181.236212,78.816209,100.000000,39.408105,50.000000,290,50,0.028571,1200.000000,0.000000,35.000000,1.576929,2.000002
0,-0.000059,0.076923,0.062500,0.013481,0.363621,194.673611,1947.000000,45.571046,81.252595,22.785523,40.626297,260,10,0.076923,2400.000000,0.000000,20.000000,0.911421,1.625089
0,-0.000344,0.500000,0.250000,0.025990,0.004624,228.836735,76.000000,89.411765,100.000000,44.705882,50.000000,410,180,0.500000,2900.000000,0.000000,40.000000,1.788241,2.000000
0,0.000000,0.033333,0.033333,0.108487,0.013323,1136.000000,300.000000,87.606064,50.000000,43.803032,25.000000,670,100,0.033333,1000.000000,0.000000,40.000000,1.752127,0.000000
0,-0.000340,0.272727,0.500000,0.029317,0.024896,81.305556,476.400000,36.493984,90.681930,18.246992,45.340965,20,10,0.636364,2200.000000,0.000000,15.000000,0.729890,1.813639
0,0.000261,0.800000,0.625000,0.214594,0.000000,548.000000,0.000000,88.508199,0.000000,44.254099,0.000000,440,260,0.800000,3300.000000,0.000000,40.000000,1.770207,0.000000
0,-0.000330,0.230769,0.214286,0.081391,0.026162,318.722222,530.400000,97.058824,100.000000,48.529412,50.000000,490,120,0.230769,1100.000000,0.000000,45.000000,1.941187,2.000001
0,0.000000,0.066667,0.066667,0.080291,0.122572,794.231667,1005.959184,75.374517,88.333333,37.687258,44.166667,340,310,0.066667,1000.000000,0.000000,35.000000,1.507495,1.766684
0,0.000261,0.800000,0.625000,0.214594,0.000000,548.000000,0.000000,88.508199,0.000000,44.254099,0.000000,470,440,0.800000,3300.000000,0.000000,40.000000,1.770207,0.000000
0,0.000000,0.045455,0.045455,0.084905,0.080378,1026.147483,1077.029586,89.440200,97.222222,44.720100,48.611111,750,310,0.045455,1000.000000,0.000000,40.000000,1.788808,1.944448
0,-0.000963,0.692308,0.300000,0.015777,0.035382,240.758681,600.000000,55.340867,89.999993,27.670433,44.999997,150,10,0.692308,2200.000000,0.000000,25.000000,1.106818,1.800001
0,-0.000339,0.250000,0.300000,0.114094,0.035382,283.000000,600.000000,35.624900,89.999993,17.812450,44.999997,180,10,0.333333,1900.000000,0.000000,15.000000,0.712523,1.800001
0,0.000000,0.033333,0.033333,0.108487,0.013323,1136.000000,300.000000,87.606064,50.000000,43.803032,25.000000,670,130,0.033333,1000.000000,0.000000,40.000000,1.752127,0.000000
0,0.000000,0.250000,0.250000,0.032532,0.004624,70.080000,76.000000,79.167200,100.000000,39.583600,50.000000,680,470,0.250000,2200.000000,0.000000,35.000000,1.583355,2.000000
0,-0.000762,0.333333,0.285714,0.032011,1.256896,434.632653,4033.000000,90.000000,85.174043,45.000000,42.587022,540,260,0.333333,1500.000000,0.000000,40.000000,1.800001,1.703679
0,-0.000344,0.500000,0.250000,0.025990,0.004624,228.836735,76.000000,89.411765,100.000000,44.705882,50.000000,180,50,0.500000,2900.000000,0.000000,40.000000,1.788241,2.000000
0,-0.000330,0.230769,0.214286,0.081391,0.026162,318.722222,530.400000,97.058824,100.000000,48.529412,50.000000,490,90,0.230769,1100.000000,0.000000,45.000000,1.941187,2.000001
0,-0.000128,0.074074,0.066667,0.016081,0.375222,293.608084,1881.632653,76.528348,87.952470,38.264174,43.976235,690,50,0.074074,1800.000000,0.000000,35.000000,1.530567,1.759091
0,-0.000762,0.333333,0.285714,0.032011,1.256896,434.632653,4033.000000,90.000000,85.174043,45.000000,42.587022,320,260,0.333333,1500.000000,0.000000,40.000000,1.800001,1.703679
0,0.000000,0.050000,0.050000,0.065244,0.042652,607.617778,849.382716,82.599234,100.000000,41.299617,50.000000,490,310,0.050000,1000.000000,0.000000,40.000000,1.651991,2.000001
0,-0.000009,0.100000,0.095238,0.140258,0.062355,1097.187500,1161.250000,90.170428,100.000000,45.085214,50.000000,570,240,0.100000,1700.000000,0.000000,45.000000,1.803418,2.000002
0,-0.002177,0.388889,0.400000,0.014582,0.360852,240.111111,2649.000000,45.228569,87.502595,22.614285,43.751297,170,10,1.000000,2400.000000,0.000000,20.000000,0.904572,1.750081
0,0.000000,0.033333,0.033333,0.029854,0.403545,237.125000,2054.959184,77.604577,75.835928,38.802288,37.917964,340,150,0.033333,1000.000000,0.000000,35.000000,1.552093,1.516763
0,0.000000,0.333333,0.333333,0.033598,0.023088,711.804989,381.236212,48.529412,50.000000,24.264706,25.000000,60,10,0.333333,1100.000000,0.000000,20.000000,0.970589,0.000000
0,0.000000,0.050000,0.050000,0.065244,0.042652,607.617778,849.382716,82.599234,100.000000,41.299617,50.000000,310,160,0.050000,1000.000000,0.000000,40.000000,1.651991,2.000001
0,-0.000547,0.750000,0.500000,0.011401,0.082649,188.160000,898.000000,76.665514,93.750000,38.332757,46.875000,100,10,0.800000,4000.000000,0.000000,35.000000,1.533311,1.875010
0,-0.000330,0.230769,0.214286,0.081391,0.026162,318.722222,530.400000,97.058824,100.000000,48.529412,50.000000,340,120,0.230769,1100.000000,0.000000,45.000000,1.941187,2.000001
0,-0.000304,0.166667,0.071429,0.026204,0.033631,247.200000,476.400000,48.498986,80.681923,24.249493,40.340962,140,10,0.272727,2300.000000,0.000000,20.000000,0.969981,1.613640
0,-0.000264,0.230769,0.214286,0.062885,0.351668,1021.910000,600.000000,42.803747,33.326629,21.401874,16.663315,420,10,0.230769,1200.000000,0.000000,20.000000,0.856077,0.000000
0,-0.000056,0.035714,0.030303,0.133441,0.053730,1007.747405,1049.148148,90.170428,100.000000,45.085214,50.000000,240,200,0.035714,1700.000000,0.000000,45.000000,1.803417,2.000001
0,-0.000025,0.045455,0.043478,0.001932,0.028553,77.723562,140.222222,65.949594,90.696220,32.974797,45.348110,550,10,0.045455,1400.000000,0.000000,30.000000,1.318992,1.813928
0,-0.000025,0.045455,0.043478,0.001932,0.028553,77.723562,140.222222,65.949594,90.696220,32.974797,45.348110,330,10,0.045455,1400.000000,0.000000,30.000000,1.318992,1.813928
0,0.000000,0.214286,0.214286,0.426013,0.026162,9677.000000,530.400000,91.067603,100.000000,45.533801,50.000000,100,40,0.214286,1000.000000,0.000000,45.000000,1.821363,2.000001
0,0.000000,0.214286,0.214286,0.426013,0.026162,9677.000000,530.400000,91.067603,100.000000,45.533801,50.000000,130,40,0.214286,1000.000000,0.000000,45.000000,1.821363,2.000001
0,-0.000128,0.074074,0.066667,0.056211,0.375222,293.608084,1881.632653,76.528348,87.952470,38.264174,43.976235,690,20,0.074074,1800.000000,0.000000,35.000000,1.530576,1.759091
0,0.000332,0.250000,0.500000,0.003729,0.024896,70.750000,476.400000,41.422140,90.681930,20.711070,45.340965,50,10,0.583333,1900.000000,0.000000,20.000000,0.828443,1.813639
0,0.000000,1.000000,1.000000,0.265430,0.000000,1588.444444,0.000000,50.451139,0.000000,25.225569,0.000000,220,10,1.000000,5800.000000,0.000000,25.000000,1.009045,0.000000
0,-0.000029,0.032258,0.030303,0.259150,0.053730,620.626543,1049.148148,81.235771,100.000000,40.617886,50.000000,270,140,0.032258,1400.000000,0.000000,40.000000,1.624798,2.000001
0,-0.000009,0.100000,0.095238,0.140258,0.062355,1097.187500,1161.250000,90.170428,100.000000,45.085214,50.000000,350,240,0.100000,1700.000000,0.000000,45.000000,1.803418,2.000002
0,-0.000344,0.500000,0.250000,0.025990,0.004624,228.836735,76.000000,89.411765,100.000000,44.705882,50.000000,610,180,0.500000,2900.000000,0.000000,40.000000,1.788241,2.000000
0,0.000000,0.166667,0.166667,0.107975,0.015419,1487.360000,300.000000,40.003160,37.879539,20.001580,18.939769,500,10,0.166667,1100.000000,0.000000,20.000000,0.800067,0.000000
