thread_id,v_rel_smoothed,initial_chi,final_chi,pre_p_mag,post_p_mag,pre_mass,post_mass,pre_s_sum,post_s_sum,pre_s_mean,post_s_mean,pre_age_a,pre_age_b,chi_max,duration,theta,stability_bin,pre_E_total,post_E_total
0,-0.000012,0.400000,0.400000,30.842049,0.000000,2337.880000,300.000000,31.894107,36.020923,15.947054,18.010462,230,130,0.444444,28.000000,0.000000,15.000000,0.863794,0.000000
0,-0.000012,0.400000,0.400000,112.686838,0.000000,3296.750000,300.000000,35.855653,36.020923,17.927826,18.010462,240,190,0.444444,26.000000,0.000000,15.000000,4.580329,0.000000
0,-0.000012,0.400000,0.400000,30.842049,0.000000,2337.880000,300.000000,31.894107,36.020923,15.947054,18.010462,230,170,0.444444,28.000000,0.000000,15.000000,0.863794,0.000000
0,-0.000012,0.400000,0.400000,112.686838,0.000000,3296.750000,300.000000,35.855653,36.020923,17.927826,18.010462,240,150,0.444444,26.000000,0.000000,15.000000,4.580329,0.000000
0,0.000000,1.000000,1.000000,1.178339,0.000000,166.666667,0.000000,31.347569,0.000000,15.673785,0.000000,220,210,1.000000,29.000000,0.000000,15.000000,0.633722,0.000000
0,-0.002174,0.200000,0.076923,0.000000,15.399846,195.913333,977.223140,65.725559,58.715908,32.862780,29.357954,10,10,0.230769,31.000000,0.000000,30.000000,1.314511,1.302265
0,-0.002174,0.200000,0.076923,44.439923,15.399846,470.244444,977.223140,63.977223,58.715908,31.988612,29.357954,580,40,0.230769,28.000000,0.000000,30.000000,3.620732,1.302265
0,-0.002174,0.200000,0.076923,0.356169,15.399846,363.044444,977.223140,66.337027,58.715908,33.168514,29.357954,80,10,0.230769,24.000000,0.000000,30.000000,1.327883,1.302265
0,-0.004053,0.900000,0.076923,0.341534,15.399846,68.324444,977.223140,53.203527,58.715908,26.601764,29.357954,1050,10,0.900000,31.000000,0.000000,25.000000,1.068627,1.302265
0,-0.002174,0.200000,0.076923,44.439923,15.399846,470.244444,977.223140,63.977223,58.715908,31.988612,29.357954,540,40,0.230769,28.000000,0.000000,30.000000,3.620732,1.302265
0,0.000253,0.411765,0.694444,11.938159,2.304762,446.419753,484.000000,62.694341,35.281517,31.347171,17.640759,610,540,0.724138,53.000000,0.000000,30.000000,1.461246,0.000000
0,-0.001000,0.125000,0.062500,4.275923,4.950584,747.159297,900.000000,63.967780,19.928043,31.983890,9.964021,900,360,0.125000,17.000000,0.000000,30.000000,1.291605,0.000000
0,-0.000125,0.206897,0.090909,1.478749,2.219264,282.092778,445.979592,81.279185,30.134190,40.639593,15.067095,140,10,0.206897,32.000000,0.000000,40.000000,1.630154,0.000000
0,-0.000125,0.206897,0.090909,1.478749,2.219264,282.092778,445.979592,81.279185,30.134190,40.639593,15.067095,750,10,0.206897,32.000000,0.000000,40.000000,1.630154,0.000000
0,-0.000125,0.206897,0.090909,1.478749,2.219264,282.092778,445.979592,81.279185,30.134190,40.639593,15.067095,710,10,0.206897,32.000000,0.000000,40.000000,1.630154,0.000000
0,0.000014,0.277778,1.000000,9.195258,0.000000,455.555556,0.000000,59.118851,0.000000,29.559425,0.000000,940,400,1.000000,63.000000,0.000000,25.000000,1.279173,0.000000
0,0.000253,0.411765,0.694444,11.938159,2.304762,446.419753,484.000000,62.694341,35.281517,31.347171,17.640759,610,500,0.724138,53.000000,0.000000,30.000000,1.461246,0.000000
0,0.000000,1.000000,1.000000,3.178401,0.000000,363.075556,0.000000,73.155306,0.000000,36.577653,0.000000,620,10,1.000000,45.000000,0.000000,35.000000,1.554026,0.000000
0,-0.001000,0.125000,0.062500,4.275923,4.950584,747.159297,900.000000,63.967780,19.928043,31.983890,9.964021,1400,360,0.125000,17.000000,0.000000,30.000000,1.291605,0.000000
0,-0.001000,0.125000,0.062500,4.275923,4.950584,747.159297,900.000000,63.967780,19.928043,31.983890,9.964021,860,360,0.125000,17.000000,0.000000,30.000000,1.291605,0.000000
0,0.000014,0.277778,1.000000,9.195258,0.000000,455.555556,0.000000,59.118851,0.000000,29.559425,0.000000,940,440,1.000000,63.000000,0.000000,25.000000,1.279173,0.000000
0,-0.001000,0.125000,0.062500,4.275923,4.950584,747.159297,900.000000,63.967780,19.928043,31.983890,9.964021,360,360,0.125000,17.000000,0.000000,30.000000,1.291605,0.000000
0,0.000013,0.500000,1.000000,0.341534,0.000000,153.188889,0.000000,67.138303,0.000000,33.569152,0.000000,1050,10,1.000000,52.000000,0.000000,30.000000,1.347323,0.000000
0,0.000262,0.500000,0.694444,8.908696,2.304762,837.000000,484.000000,38.054248,35.281517,19.027124,17.640759,610,180,0.733333,96.000000,0.000000,15.000000,0.808578,0.000000
0,0.000253,0.444444,0.694444,1.484621,2.304762,499.520000,484.000000,63.862725,35.281517,31.931362,17.640759,690,10,0.724138,45.000000,0.000000,30.000000,1.282994,0.000000
0,-0.001000,0.125000,0.062500,4.275923,4.950584,747.159297,900.000000,63.967780,19.928043,31.983890,9.964021,360,290,0.125000,17.000000,0.000000,30.000000,1.291605,0.000000
0,0.000000,1.000000,1.000000,1.164319,0.000000,156.388889,0.000000,72.790853,0.000000,36.395426,0.000000,550,10,1.000000,52.000000,0.000000,35.000000,1.498181,0.000000
0,0.000012,0.500000,1.000000,0.077867,0.000000,320.320000,0.000000,70.535492,0.000000,35.267746,0.000000,1120,10,1.000000,45.000000,0.000000,35.000000,1.410947,0.000000
0,0.000000,1.000000,1.000000,3.178401,0.000000,363.075556,0.000000,73.155306,0.000000,36.577653,0.000000,80,10,1.000000,45.000000,0.000000,35.000000,1.554026,0.000000
0,-0.000125,0.206897,0.090909,1.478749,2.219264,282.092778,445.979592,81.279185,30.134190,40.639593,15.067095,210,10,0.206897,32.000000,0.000000,40.000000,1.630154,0.000000
0,-0.000125,0.206897,0.090909,1.478749,2.219264,282.092778,445.979592,81.279185,30.134190,40.639593,15.067095,1250,10,0.206897,32.000000,0.000000,40.000000,1.630154,0.000000
0,0.000000,1.000000,1.000000,127.826087,0.000000,1800.000000,0.000000,27.339286,0.000000,13.669643,0.000000,150,110,1.000000,92.000000,0.000000,10.000000,7.164541,0.000000
0,0.000000,1.000000,1.000000,3.178401,0.000000,363.075556,0.000000,73.155306,0.000000,36.577653,0.000000,580,10,1.000000,45.000000,0.000000,35.000000,1.554026,0.000000
0,0.000253,0.411765,0.694444,1.083070,2.304762,269.695011,484.000000,63.992003,35.281517,31.996001,17.640759,620,10,0.724138,52.000000,0.000000,30.000000,1.284376,0.000000
0,0.000000,1.000000,1.000000,1.164319,0.000000,156.388889,0.000000,72.790853,0.000000,36.395426,0.000000,510,10,1.000000,52.000000,0.000000,35.000000,1.498181,0.000000
0,0.000110,0.647059,0.437500,1.083070,9.509434,184.830567,1012.000000,50.057227,60.606033,25.028613,30.303016,620,10,0.647059,55.000000,0.000000,25.000000,1.005680,1.615823
0,0.000040,0.923077,0.437500,3.623579,0.000000,60.507653,900.000000,38.756017,21.396118,19.378009,10.698059,210,10,0.923077,35.000000,0.000000,15.000000,1.147450,0.000000
0,0.000000,0.333333,0.333333,0.000000,0.000000,227.020408,1284.000000,67.563965,59.691169,33.781983,29.845585,440,10,0.333333,12.000000,0.000000,30.000000,1.351279,1.193823
0,-0.001022,0.400000,0.611111,0.364432,0.964455,98.875000,227.555556,62.882742,35.125611,31.441371,17.562805,820,10,0.809524,42.000000,0.000000,30.000000,1.258841,0.000000
0,0.000000,1.000000,1.000000,13.461157,0.000000,1344.000000,396.000000,30.696454,55.440773,15.348227,27.720386,630,30,1.000000,17.000000,0.000000,15.000000,1.136386,1.108815
0,0.000000,0.500000,0.500000,3.374227,0.000000,706.444444,500.000000,42.918299,24.593973,21.459149,12.296987,1350,10,0.500000,12.000000,0.000000,20.000000,0.866563,0.000000
0,0.000000,0.166667,0.166667,0.391569,0.000000,121.000000,320.750000,49.826680,48.869278,24.913340,24.434639,900,10,0.166667,11.000000,0.000000,20.000000,0.997332,0.977386
0,-0.001060,0.600000,0.400000,3.264514,0.000000,128.000000,175.000000,54.741494,25.059897,27.370747,12.529948,530,10,0.600000,39.000000,0.000000,25.000000,1.178088,0.000000
0,0.000000,1.000000,1.000000,46.405035,0.691566,425.416667,183.289941,59.557812,46.076458,29.778906,23.038229,770,220,1.000000,37.000000,0.000000,25.000000,3.866529,0.000000
0,0.000000,1.000000,1.000000,0.357974,0.691566,106.632653,183.289941,47.709635,46.076458,23.854817,23.038229,1070,10,1.000000,58.000000,0.000000,20.000000,0.954978,0.000000
0,0.000000,0.166667,0.166667,1.295291,0.380151,41.666667,101.250000,58.296320,34.237021,29.148160,17.118511,310,80,0.166667,28.000000,0.000000,25.000000,1.208051,0.000000
0,0.000000,0.083333,0.083333,1.339259,0.000000,63.986667,125.392857,65.196046,72.786443,32.598023,36.393222,1820,80,0.083333,31.000000,0.000000,30.000000,1.346049,1.455729
0,0.000000,0.250000,0.250000,1.775351,2.943509,440.437500,218.677686,77.881453,47.105339,38.940727,23.552670,1560,650,0.250000,14.000000,0.000000,35.000000,1.561232,0.000000
0,0.000000,0.250000,0.250000,1.775351,2.943509,440.437500,218.677686,77.881453,47.105339,38.940727,23.552670,1050,650,0.250000,14.000000,0.000000,35.000000,1.561232,0.000000
0,0.000000,0.071429,0.071429,1.230788,0.000000,46.705357,672.142857,70.325361,67.620807,35.162680,33.810403,2250,510,0.071429,15.000000,0.000000,35.000000,1.436797,1.352416
0,0.000000,0.800000,0.800000,0.239883,0.000000,95.250000,25.000000,36.027787,26.625177,18.013894,13.312588,360,10,0.800000,22.000000,0.000000,15.000000,0.721476,0.000000
0,0.000000,0.222222,0.222222,1.714274,0.000000,48.142857,24.142857,55.772553,39.146591,27.886276,19.573296,2270,380,0.222222,20.000000,0.000000,25.000000,1.172369,0.000000
0,0.000000,0.111111,0.111111,2.687792,0.000000,299.625000,588.000000,49.966913,31.869867,24.983457,15.934934,1650,380,0.111111,20.000000,0.000000,20.000000,1.058123,0.000000
0,-0.000146,0.333333,0.200000,1.865543,0.000000,482.562500,153.000000,63.970050,48.137130,31.985025,24.068565,970,520,0.333333,168.000000,0.000000,30.000000,1.283009,0.000000
0,-0.000146,0.250000,0.200000,46.451355,0.000000,447.736667,153.000000,68.863020,48.137130,34.431510,24.068565,1730,770,0.250000,92.000000,0.000000,30.000000,4.052637,0.000000
0,0.000426,0.285714,0.200000,2.607867,0.000000,566.666667,765.306122,54.266993,29.844853,27.133497,14.922427,1370,1350,0.285714,128.000000,0.000000,25.000000,1.091370,0.000000
0,-0.000098,0.250000,0.133333,0.813401,0.000000,195.437500,601.120000,63.429945,32.853357,31.714973,16.426679,1570,950,0.250000,108.000000,0.000000,30.000000,1.270297,0.000000
0,-0.000036,0.111111,0.083333,4.876690,4.581471,1366.426122,1387.666667,60.003457,66.849924,30.001729,33.424962,2580,1980,0.111111,31.000000,0.000000,30.000000,1.208782,1.344562
0,0.000271,0.153846,0.538462,0.000000,0.075595,633.981111,34.809524,66.736802,72.807632,33.368401,36.403816,1990,10,0.538462,30.000000,0.000000,30.000000,1.334736,1.456241
0,0.000000,0.090909,0.090909,0.544536,0.196065,43.582857,88.142857,63.496285,73.573884,31.748142,36.786942,610,250,0.090909,15.000000,0.000000,30.000000,1.276400,1.471701
0,0.000000,0.083333,0.083333,2.440335,0.000000,48.931973,53.577806,68.071360,77.125811,34.035680,38.562905,2290,1170,0.083333,12.000000,0.000000,30.000000,1.437236,1.542516
0,0.000000,0.071429,0.071429,0.042353,0.062612,51.734694,21.125000,64.685630,34.845806,32.342815,17.422903,330,10,0.071429,20.000000,0.000000,30.000000,1.293750,0.000000
0,-0.000005,0.230769,0.214286,0.000000,0.370845,206.941111,157.868481,82.207548,44.518076,41.103774,22.259038,2160,10,0.230769,52.000000,0.000000,40.000000,1.644151,0.000000
0,0.000000,0.071429,0.071429,2.451048,0.146173,62.408163,52.000000,73.211754,35.425352,36.605877,17.712676,1170,310,0.071429,22.000000,0.000000,35.000000,1.540034,0.000000
0,-0.000005,0.230769,0.214286,0.000000,5.414768,798.167234,1806.187500,63.123457,34.538338,31.561728,17.269169,2590,10,0.230769,52.000000,0.000000,30.000000,1.262469,0.000000
0,-0.000005,0.230769,0.214286,0.000000,0.370845,206.941111,157.868481,82.207548,44.518076,41.103774,22.259038,1650,10,0.230769,52.000000,0.000000,40.000000,1.644151,0.000000
0,0.000000,0.142857,0.142857,0.041193,0.047652,40.142857,16.000000,45.113277,20.651958,22.556638,10.325979,370,10,0.142857,16.000000,0.000000,20.000000,0.902301,0.000000
0,0.000000,0.315789,0.315789,6.188010,1.612136,910.905556,636.836735,69.810319,38.564172,34.905160,19.282086,3240,920,0.315789,19.000000,0.000000,30.000000,1.417630,0.000000
0,0.000113,0.153846,0.210526,2.554469,0.346730,88.265306,128.562500,66.337107,32.094223,33.168553,16.047111,1170,570,0.210526,54.000000,0.000000,30.000000,1.402717,0.000000
0,-0.000144,0.800000,0.736842,0.456077,0.186664,154.440000,95.500686,67.246332,49.906876,33.623166,24.953438,1390,10,0.846154,110.000000,0.000000,30.000000,1.345697,0.000000
0,-0.000720,0.555556,0.400000,0.438738,0.033203,135.111111,15.750000,57.270316,36.210025,28.635158,18.105013,860,850,0.555556,25.000000,0.000000,25.000000,1.146133,0.000000
0,0.000010,0.083333,0.222222,3.608021,0.031723,408.880000,15.312500,58.803473,41.559174,29.401736,20.779587,2040,320,0.222222,79.000000,0.000000,25.000000,1.192486,0.000000
0,-0.000144,0.800000,0.736842,0.456077,0.186664,154.440000,95.500686,67.246332,49.906876,33.623166,24.953438,1900,10,0.846154,110.000000,0.000000,30.000000,1.345697,0.000000
0,0.000293,0.714286,0.750000,0.000000,0.000000,1503.000000,1248.200000,49.701050,38.798772,24.850525,19.399386,3020,10,0.750000,45.000000,0.000000,20.000000,0.994021,0.000000
0,-0.000146,0.142857,0.125000,0.000000,0.400364,198.473684,151.593750,63.040102,48.687490,31.520051,24.343745,2590,10,0.142857,45.000000,0.000000,30.000000,1.260802,0.000000
0,-0.000146,0.142857,0.125000,0.000000,0.400364,198.473684,151.593750,63.040102,48.687490,31.520051,24.343745,2080,10,0.142857,45.000000,0.000000,30.000000,1.260802,0.000000
0,-0.000005,0.142857,0.133333,0.857894,0.989564,88.331429,398.437500,68.119460,61.613489,34.059730,30.806744,1540,930,0.142857,28.000000,0.000000,30.000000,1.373693,1.233500
0,-0.000268,1.000000,0.531250,1.019798,1.022516,269.827160,443.750000,64.827690,78.214003,32.413845,39.107002,1300,10,1.000000,183.000000,0.000000,30.000000,1.300686,1.565474
0,-0.000010,0.545455,0.250000,35.748928,2.791685,1323.440000,1166.805556,57.919403,69.974065,28.959701,34.987033,2490,770,0.545455,107.000000,0.000000,25.000000,1.743401,1.402823
0,-0.000268,1.000000,0.531250,1.019798,1.022516,269.827160,443.750000,64.827690,78.214003,32.413845,39.107002,790,10,1.000000,183.000000,0.000000,30.000000,1.300686,1.565474
0,0.000000,0.800000,0.800000,0.265997,0.253569,163.194007,133.299040,73.101321,48.155768,36.550660,24.077884,2560,10,0.800000,10.000000,0.000000,35.000000,1.462280,0.000000
0,0.000000,0.222222,0.222222,0.030734,0.029334,38.797707,15.312500,65.749126,41.713354,32.874563,20.856677,2900,10,0.222222,10.000000,0.000000,30.000000,1.315013,0.000000
0,0.000000,0.350000,0.350000,2.529951,2.029061,1055.055455,866.805556,63.172560,39.529231,31.586280,19.764615,3500,10,0.350000,10.000000,0.000000,30.000000,1.266554,0.000000
0,0.000000,0.272727,0.272727,0.236438,0.496242,121.922707,200.000000,54.712516,29.205241,27.356258,14.602621,1170,10,0.272727,10.000000,0.000000,25.000000,1.094534,0.000000
0,0.000000,0.800000,0.800000,0.265997,0.253569,163.194007,133.299040,73.101321,48.155768,36.550660,24.077884,3070,10,0.800000,10.000000,0.000000,35.000000,1.462280,0.000000
0,0.000000,0.125000,0.125000,6.433767,0.000000,474.868056,759.809524,84.911966,86.434712,42.455983,43.217356,1410,1050,0.125000,11.000000,0.000000,40.000000,1.743555,1.728694
0,-0.001143,0.500000,0.428571,0.055700,0.000000,61.312500,16.666667,57.243016,50.000000,28.621508,25.000000,1390,10,0.500000,13.000000,0.000000,25.000000,1.144922,0.000000
0,0.000000,0.058824,0.058824,6.896685,0.000000,656.111111,1040.582857,69.128865,72.278340,34.564432,36.139170,1050,270,0.058824,11.000000,0.000000,30.000000,1.428482,1.445567
0,-0.001143,0.500000,0.428571,0.055700,0.000000,61.312500,16.666667,57.243016,50.000000,28.621508,25.000000,880,10,0.500000,13.000000,0.000000,25.000000,1.144922,0.000000
0,-0.001143,0.500000,0.428571,0.055700,0.000000,61.312500,16.666667,57.243016,50.000000,28.621508,25.000000,1560,10,0.500000,13.000000,0.000000,25.000000,1.144922,0.000000
0,-0.001143,0.500000,0.428571,0.525412,0.000000,242.555556,297.440000,41.112325,35.843628,20.556163,17.921814,250,10,0.500000,13.000000,0.000000,20.000000,0.822915,0.000000
0,-0.000381,0.166667,0.142857,0.033261,0.000000,52.000000,16.000000,44.628022,40.057063,22.314011,20.028532,840,10,0.166667,13.000000,0.000000,20.000000,0.892595,0.000000
0,0.000000,0.125000,0.125000,6.433767,0.000000,474.868056,759.809524,84.911966,86.434712,42.455983,43.217356,1050,900,0.125000,11.000000,0.000000,40.000000,1.743555,1.728694
0,0.000000,0.125000,0.125000,6.433767,0.000000,474.868056,759.809524,84.911966,86.434712,42.455983,43.217356,1580,1050,0.125000,11.000000,0.000000,40.000000,1.743555,1.728694
0,0.000000,0.714286,0.714286,6.418136,0.000000,465.555556,743.142857,43.772358,36.434712,21.886179,18.217356,1050,30,0.714286,11.000000,0.000000,20.000000,0.920751,0.000000
0,-0.001850,0.285714,0.285714,51.909890,0.084255,661.333333,45.000000,67.699864,50.000000,33.849932,25.000000,1110,390,1.000000,83.000000,0.000000,30.000000,3.438438,0.000000
0,0.000000,0.285714,0.285714,0.036384,0.033714,32.000000,19.444444,38.650048,30.401666,19.325024,15.200833,670,10,0.285714,55.000000,0.000000,15.000000,0.773042,0.000000
0,0.000000,0.100000,0.100000,0.029565,0.027604,32.043750,16.200000,44.954637,37.731054,22.477319,18.865527,3390,10,0.100000,17.000000,0.000000,20.000000,0.899120,0.000000
0,-0.001850,0.285714,0.285714,51.909890,0.084255,661.333333,45.000000,67.699864,50.000000,33.849932,25.000000,940,390,1.000000,83.000000,0.000000,30.000000,3.438438,0.000000
0,0.000000,0.928571,0.928571,0.318567,0.248033,184.895179,135.093490,55.000470,48.555300,27.500235,24.277650,3560,10,0.928571,17.000000,0.000000,25.000000,1.100310,0.000000
0,0.000000,0.928571,0.928571,0.318567,0.248033,184.895179,135.093490,55.000470,48.555300,27.500235,24.277650,3050,10,0.928571,17.000000,0.000000,25.000000,1.100310,0.000000
0,0.000000,0.142857,0.142857,0.265459,0.643766,120.040000,297.440000,74.215441,38.219201,37.107721,19.109600,620,30,0.142857,60.000000,0.000000,35.000000,1.484602,0.000000
0,0.000000,0.153846,0.153846,0.036109,0.033714,35.288194,19.444444,33.682943,30.401666,16.841471,15.200833,390,10,0.153846,17.000000,0.000000,15.000000,0.673692,0.000000
0,0.000000,0.071429,0.071429,0.124315,0.144281,71.843750,66.851852,40.700657,33.633261,20.350328,16.816631,310,10,0.071429,17.000000,0.000000,20.000000,0.814151,0.000000
0,-0.001850,1.000000,0.285714,0.069105,0.084255,37.125000,45.000000,33.999773,50.000000,16.999887,25.000000,50,10,1.000000,121.000000,0.000000,15.000000,0.680108,0.000000
0,-0.000000,0.166667,0.187500,53.289135,0.000000,17633.777778,1518.750000,62.489881,37.777016,31.244940,18.888508,900,800,0.200000,78.000000,0.000000,30.000000,1.330383,0.000000
0,0.000000,0.062500,0.062500,5.136091,0.000000,1540.171488,6702.750000,77.027362,87.777016,38.513681,43.888508,1560,1320,0.062500,36.000000,0.000000,35.000000,1.580205,1.755540
0,0.000000,1.000000,1.000000,14.203120,0.000000,500.500000,5184.000000,78.666240,50.000000,39.333120,25.000000,780,10,1.000000,157.000000,0.000000,35.000000,1.888526,0.000000
0,0.000000,1.000000,1.000000,14.203120,0.000000,500.500000,5184.000000,78.666240,50.000000,39.333120,25.000000,350,10,1.000000,157.000000,0.000000,35.000000,1.888526,0.000000
0,0.000000,0.062500,0.062500,5.136091,0.000000,1540.171488,6702.750000,77.027362,87.777016,38.513681,43.888508,1990,1320,0.062500,36.000000,0.000000,35.000000,1.580205,1.755540
0,0.000000,0.062500,0.062500,5.136091,0.000000,1540.171488,6702.750000,77.027362,87.777016,38.513681,43.888508,2150,1320,0.062500,36.000000,0.000000,35.000000,1.580205,1.755540
0,0.000000,0.090909,0.090909,1.293682,0.000000,56.858988,5751.000000,77.842885,90.060582,38.921443,45.030291,1990,510,0.090909,36.000000,0.000000,35.000000,1.591542,1.801212
0,0.000000,0.090909,0.090909,1.293682,0.000000,56.858988,5751.000000,77.842885,90.060582,38.921443,45.030291,1560,510,0.090909,36.000000,0.000000,35.000000,1.591542,1.801212
0,-0.000018,0.041667,0.037037,3.216282,0.000000,1137.577475,300.000000,78.154273,18.330245,39.077136,9.165123,3950,1200,0.041667,38.000000,0.000000,35.000000,1.568156,0.000000
0,0.000000,1.000000,1.000000,14.203120,0.000000,500.500000,5184.000000,78.666240,50.000000,39.333120,25.000000,940,10,1.000000,157.000000,0.000000,35.000000,1.888526,0.000000
0,0.000000,0.363636,0.363636,2.034273,0.000000,536.178241,567.000000,71.311807,40.060582,35.655903,20.030291,1200,490,0.363636,38.000000,0.000000,35.000000,1.430146,0.000000
0,0.000000,0.090909,0.090909,1.293682,0.000000,56.858988,5751.000000,77.842885,90.060582,38.921443,45.030291,2150,510,0.090909,36.000000,0.000000,35.000000,1.591542,1.801212
0,-0.000017,0.052632,0.333333,35.315612,1.126141,1209.520000,539.169550,72.361541,66.931909,36.180771,33.465955,2490,1550,0.363636,185.000000,0.000000,35.000000,2.031431,1.339836
0,0.000182,0.111111,0.100000,0.400364,1.486118,184.260417,806.169550,73.175593,88.118988,36.587797,44.059494,3040,10,0.111111,87.000000,0.000000,35.000000,1.464041,1.763750
0,0.000182,0.111111,0.100000,0.400364,1.486118,184.260417,806.169550,73.175593,88.118988,36.587797,44.059494,2530,10,0.111111,87.000000,0.000000,35.000000,1.464041,1.763750
0,0.001089,0.666667,0.600000,0.000000,1.766361,1280.866667,867.000000,63.286876,58.931057,31.643438,29.465528,3470,10,0.666667,87.000000,0.000000,30.000000,1.265738,1.180442
0,-0.000046,0.535714,0.500000,1.895801,1.622882,905.364198,742.361111,59.658251,56.159981,29.829125,28.079990,3690,10,0.535714,65.000000,0.000000,25.000000,1.195238,1.124980
0,0.000363,0.200000,0.200000,0.150805,1.982858,101.558642,1009.361111,48.202341,77.347059,24.101171,38.673530,230,10,0.200000,65.000000,0.000000,20.000000,0.964227,1.548894
0,-0.000017,0.052632,0.333333,35.315612,1.126141,1209.520000,539.169550,72.361541,66.931909,36.180771,33.465955,2490,2060,0.363636,185.000000,0.000000,35.000000,2.031431,1.339836
0,-0.000017,0.111111,0.076923,6.274086,5.772455,947.472222,2827.000000,64.848549,56.863667,32.424275,28.431833,3240,910,0.111111,110.000000,0.000000,30.000000,1.318495,1.143182
0,0.000062,0.416667,0.461538,0.463651,5.949808,238.558642,2969.361111,51.234159,75.681180,25.617080,37.840590,1360,10,0.461538,68.000000,0.000000,25.000000,1.025221,1.519585
0,-0.000060,0.100000,0.090909,0.026520,0.050798,38.323457,29.040000,48.667435,34.770236,24.333718,17.385118,3660,10,0.100000,31.000000,0.000000,20.000000,0.973370,0.000000
0,0.000000,0.875000,0.875000,0.428560,0.633956,261.293007,375.038265,57.136257,48.953681,28.568128,24.476840,3830,10,0.875000,31.000000,0.000000,25.000000,1.143109,0.000000
0,0.000000,0.153846,0.153846,0.032390,0.029402,41.567901,19.444444,42.977415,36.600734,21.488707,18.300367,660,10,0.153846,31.000000,0.000000,20.000000,0.859575,0.000000
0,0.000000,0.875000,0.875000,0.428560,0.633956,261.293007,375.038265,57.136257,48.953681,28.568128,24.476840,3320,10,0.875000,31.000000,0.000000,25.000000,1.143109,0.000000
0,0.000000,0.062500,0.062500,0.554457,0.845918,289.530864,442.361111,46.049319,38.824587,23.024659,19.412294,580,10,0.062500,31.000000,0.000000,20.000000,0.921561,0.000000
0,-0.000000,0.142857,0.384615,0.251633,0.646116,149.299040,429.945303,50.938677,49.819916,25.469339,24.909958,2670,10,0.461538,136.000000,0.000000,25.000000,1.019011,0.000000
0,-0.000031,0.250000,0.222222,0.000000,0.142374,46.666667,80.666667,51.087983,30.336648,25.543992,15.168324,880,10,0.250000,49.000000,0.000000,25.000000,1.021760,0.000000
0,-0.000000,0.142857,0.384615,0.251633,0.646116,149.299040,429.945303,50.938677,49.819916,25.469339,24.909958,3180,10,0.461538,136.000000,0.000000,25.000000,1.019011,0.000000
0,0.000000,0.076923,0.076923,0.375286,0.514583,153.888889,268.960000,45.866488,37.022173,22.933244,18.511086,180,110,0.076923,126.000000,0.000000,20.000000,0.917789,0.000000
0,0.000000,0.111111,0.111111,0.938138,0.119068,37.992500,58.680000,46.469316,55.709117,23.234658,27.854559,270,240,0.111111,17.000000,0.000000,20.000000,0.955426,1.114303
0,0.000000,0.076923,0.076923,11.747252,6.788603,4202.194444,3317.760000,40.018444,33.731258,20.009222,16.865629,1040,90,0.076923,128.000000,0.000000,20.000000,0.816793,0.000000
0,-0.000001,0.142857,0.076923,0.060929,0.116126,41.312500,72.250000,52.671586,48.423649,26.335793,24.211824,1220,10,0.166667,136.000000,0.000000,25.000000,1.053505,0.000000
0,-0.000215,0.083333,0.100000,1.605008,14.199113,219.444444,7569.000000,33.270672,33.438976,16.635336,16.719488,1300,30,0.125000,134.000000,0.000000,15.000000,0.698258,0.000000
0,-0.000001,0.142857,0.076923,0.060929,0.116126,41.312500,72.250000,52.671586,48.423649,26.335793,24.211824,710,10,0.166667,136.000000,0.000000,25.000000,1.053505,0.000000
0,-0.000001,0.142857,0.076923,0.060929,0.116126,41.312500,72.250000,52.671586,48.423649,26.335793,24.211824,1390,10,0.166667,136.000000,0.000000,25.000000,1.053505,0.000000
0,0.000000,0.111111,0.111111,0.421970,0.000000,95.979167,116.666667,54.158702,60.748589,27.079351,30.374294,410,350,0.111111,16.000000,0.000000,25.000000,1.085797,1.214972
0,0.000094,0.222222,0.526316,0.648079,0.790692,238.535147,542.615917,71.749794,47.617954,35.874897,23.808977,2240,850,0.600000,220.000000,0.000000,35.000000,1.435927,0.000000
0,0.000001,0.083333,0.105263,0.795009,3.255399,334.444444,1892.938272,67.933387,48.893739,33.966693,24.446869,1380,180,0.125000,167.000000,0.000000,30.000000,1.359614,0.000000
0,0.000000,0.105263,0.105263,195.480662,3.255399,2046.406250,1892.938272,74.326868,48.893739,37.163434,24.446869,2850,2280,0.105263,20.000000,0.000000,35.000000,11.922968,0.000000
0,0.000000,0.105263,0.105263,195.480662,3.255399,2046.406250,1892.938272,74.326868,48.893739,37.163434,24.446869,2960,2850,0.105263,20.000000,0.000000,35.000000,11.922968,0.000000
0,0.000067,0.100000,0.333333,14.282638,0.040999,7601.000000,32.000000,62.089450,37.600331,31.044725,18.800166,2620,10,0.333333,43.000000,0.000000,30.000000,1.255265,0.000000
0,0.000000,0.052632,0.052632,9.654790,7.661179,4946.670000,4275.000000,65.266294,35.196034,32.633147,17.598017,2760,2440,0.052632,29.000000,0.000000,30.000000,1.314757,0.000000
0,-0.000002,0.111111,0.105263,0.448608,0.068171,261.470000,38.818526,62.573541,34.245062,31.286770,17.122531,2760,530,0.111111,29.000000,0.000000,30.000000,1.251857,0.000000
0,0.000000,0.105263,0.105263,195.480662,3.255399,2046.406250,1892.938272,74.326868,48.893739,37.163434,24.446869,2850,2790,0.105263,20.000000,0.000000,35.000000,11.922968,0.000000
0,0.000094,0.222222,0.526316,0.648079,0.790692,238.535147,542.615917,71.749794,47.617954,35.874897,23.808977,2750,850,0.600000,220.000000,0.000000,35.000000,1.435927,0.000000
0,0.000000,0.052632,0.052632,1.354177,1.196942,814.250000,770.416667,72.545735,39.413813,36.272867,19.706906,2760,1410,0.052632,29.000000,0.000000,35.000000,1.452041,0.000000
0,-0.000000,0.166667,0.090909,0.612824,0.894559,71.433884,529.627500,55.780529,73.049246,27.890265,36.524623,570,540,0.166667,60.000000,0.000000,25.000000,1.119811,1.461742
0,-0.000000,0.500000,0.181818,0.856677,0.050807,469.361111,35.437500,51.667377,39.087497,25.833688,19.543748,860,10,0.666667,116.000000,0.000000,25.000000,1.034177,0.000000
0,-0.000092,0.571429,0.857143,0.207537,1.155199,145.495165,872.897959,64.892270,49.278032,32.446135,24.639016,3260,10,0.900000,201.000000,0.000000,30.000000,1.298047,0.000000
0,-0.000000,0.250000,0.090909,0.690456,1.206006,430.333333,908.335459,61.709534,88.365529,30.854767,44.182765,3600,10,0.555556,116.000000,0.000000,30.000000,1.234782,1.768111
0,-0.000000,0.100000,0.076923,0.078738,0.000000,76.058642,0.000000,55.281212,0.000000,27.640606,0.000000,3090,10,0.100000,201.000000,0.000000,25.000000,1.105707,0.000000
0,-0.000092,0.571429,0.857143,0.207537,1.155199,145.495165,872.897959,64.892270,49.278032,32.446135,24.639016,2750,10,0.900000,201.000000,0.000000,30.000000,1.298047,0.000000
0,-0.000000,0.250000,0.090909,0.690456,1.206006,430.333333,908.335459,61.709534,88.365529,30.854767,44.182765,4110,10,0.555556,116.000000,0.000000,30.000000,1.234782,1.768111
0,-0.000082,0.235294,0.761905,0.845918,0.843752,465.041111,494.190000,46.119202,33.961749,23.059601,16.980874,890,10,0.800000,113.000000,0.000000,20.000000,0.923193,0.000000
0,-0.000000,0.333333,0.230769,2.197651,0.000000,734.861111,422.840000,62.733018,50.000000,31.366509,25.000000,2230,2080,0.833333,305.000000,0.000000,30.000000,1.257973,0.000000
0,-0.000000,0.181818,0.230769,165.776342,0.000000,4075.040000,422.840000,73.627116,50.000000,36.813558,25.000000,3950,250,0.250000,118.000000,0.000000,35.000000,4.866662,0.000000
0,-0.000000,0.181818,0.230769,21.202468,0.000000,6429.040000,422.840000,80.434349,50.000000,40.217175,25.000000,4160,90,0.250000,97.000000,0.000000,40.000000,1.643689,0.000000
0,-0.000000,0.500000,0.076923,1.139202,0.000000,192.000000,872.897959,63.076216,49.449444,31.538108,24.724722,300,130,0.500000,500.000000,0.000000,30.000000,1.264952,0.000000
0,-0.000000,0.555556,0.230769,116.273076,0.000000,1367.312500,422.840000,73.214089,50.000000,36.607044,25.000000,2840,210,0.555556,229.000000,0.000000,35.000000,6.461396,0.000000
0,-0.000000,0.222222,0.076923,47.553257,0.000000,696.166667,872.897959,65.701456,49.449444,32.850728,24.724722,1110,770,0.344828,402.000000,0.000000,30.000000,3.991833,0.000000
0,0.000000,0.363636,0.692308,0.050798,0.000000,51.720000,494.190000,42.064851,34.441885,21.032426,17.220943,3970,10,0.692308,116.000000,0.000000,20.000000,0.841341,0.000000
0,0.000000,0.500000,0.500000,0.763359,0.976307,513.277836,760.391111,87.783652,49.662648,43.891826,24.831324,4140,2970,0.500000,70.000000,0.000000,40.000000,1.756248,0.000000
0,0.000000,0.500000,0.500000,0.763359,0.976307,513.277836,760.391111,87.783652,49.662648,43.891826,24.831324,4650,2970,0.500000,70.000000,0.000000,40.000000,1.756248,0.000000
0,0.000000,0.090909,0.090909,2.693153,4.613914,961.485000,2901.834194,83.876031,87.194992,41.938015,43.597496,2050,1050,0.090909,26.000000,0.000000,40.000000,1.681305,1.747569
0,0.000000,0.090909,0.090909,2.693153,4.613914,961.485000,2901.834194,83.876031,87.194992,41.938015,43.597496,3190,1050,0.090909,26.000000,0.000000,40.000000,1.681305,1.747569
0,0.000000,0.090909,0.090909,2.693153,4.613914,961.485000,2901.834194,83.876031,87.194992,41.938015,43.597496,3360,1050,0.090909,26.000000,0.000000,40.000000,1.681305,1.747569
0,0.000000,0.090909,0.090909,2.693153,4.613914,961.485000,2901.834194,83.876031,87.194992,41.938015,43.597496,2680,1050,0.090909,26.000000,0.000000,40.000000,1.681305,1.747569
0,-0.000001,0.043478,0.038462,0.958147,0.957046,576.303417,760.391111,75.512535,49.849119,37.756267,24.924559,4440,910,0.043478,47.000000,0.000000,35.000000,1.511243,0.000000
0,-0.000001,0.043478,0.038462,0.958147,0.957046,576.303417,760.391111,75.512535,49.849119,37.756267,24.924559,4950,910,0.043478,47.000000,0.000000,35.000000,1.511243,0.000000
0,-0.003482,0.222222,0.166667,0.143211,0.000000,112.666667,53.081633,58.825988,37.818869,29.412994,18.909434,480,10,0.466667,93.000000,0.000000,25.000000,1.176647,0.000000
0,-0.006249,0.250000,0.166667,0.000000,0.000000,64.722222,2866.396694,58.951229,48.281581,29.475615,24.140791,2260,10,0.730769,140.000000,0.000000,25.000000,1.179025,0.000000
0,-0.004654,0.111111,0.090909,1.048733,0.000000,96.026667,35.437500,60.534145,39.944351,30.267073,19.972176,650,590,0.454545,76.000000,0.000000,30.000000,1.238053,0.000000
0,-0.006249,0.250000,0.166667,0.000000,0.000000,64.722222,2866.396694,58.951229,48.281581,29.475615,24.140791,2090,10,0.730769,140.000000,0.000000,25.000000,1.179025,0.000000
0,-0.006249,0.125000,0.166667,0.000000,0.000000,526.942222,2866.396694,51.381391,48.281581,25.690695,24.140791,950,10,0.730769,140.000000,0.000000,25.000000,1.027628,0.000000
0,-0.006249,0.250000,0.166667,0.000000,0.000000,64.722222,2866.396694,58.951229,48.281581,29.475615,24.140791,1580,10,0.730769,140.000000,0.000000,25.000000,1.179025,0.000000
0,0.000000,0.090909,0.090909,1.889409,0.000000,1272.326389,1023.962963,79.086142,77.701344,39.543071,38.850672,3510,1630,0.090909,14.000000,0.000000,35.000000,1.583127,1.554027
0,-0.002528,0.823529,0.435897,0.633956,3.086645,397.718265,2586.375000,56.248296,49.466549,28.124148,24.733274,4140,10,0.833333,200.000000,0.000000,25.000000,1.125502,0.000000
0,-0.000282,0.066667,0.051282,1.677369,2.156773,1184.441896,1536.000000,77.788290,37.996549,38.894145,18.998274,3770,1860,0.066667,15.000000,0.000000,35.000000,1.556954,0.000000
0,0.000000,0.055556,0.055556,1.920856,3.462171,1575.477551,2886.375000,98.744899,97.178972,49.372449,48.589486,5530,3240,0.055556,10.000000,0.000000,45.000000,1.976069,1.945656
0,0.009938,0.043478,0.555556,11.402201,0.375526,5815.433884,300.000000,73.260557,47.712423,36.630278,23.856211,800,540,0.555556,147.000000,0.000000,35.000000,1.479544,0.000000
0,0.000000,0.133333,0.133333,2.432941,1.035150,585.000000,704.000000,75.308253,37.610960,37.654126,18.805480,2550,1910,0.133333,10.000000,0.000000,35.000000,1.515501,0.000000
0,0.009938,0.043478,0.555556,11.402201,0.375526,5815.433884,300.000000,73.260557,47.712423,36.630278,23.856211,4650,540,0.555556,147.000000,0.000000,35.000000,1.479544,0.000000
0,0.009938,0.043478,0.555556,11.402201,0.375526,5815.433884,300.000000,73.260557,47.712423,36.630278,23.856211,540,430,0.555556,147.000000,0.000000,35.000000,1.479544,0.000000
0,0.000000,0.055556,0.055556,0.592245,0.000000,429.305785,0.000000,61.272569,0.000000,30.636284,0.000000,1860,230,0.055556,15.000000,0.000000,30.000000,1.225861,0.000000
0,0.009938,0.043478,0.555556,11.402201,0.375526,5815.433884,300.000000,73.260557,47.712423,36.630278,23.856211,1870,540,0.555556,147.000000,0.000000,35.000000,1.479544,0.000000
0,0.000000,0.133333,0.133333,2.697749,0.045533,543.190000,36.000000,70.101438,35.692139,35.050719,17.846069,1830,1800,0.133333,21.000000,0.000000,35.000000,1.443938,0.000000
0,0.000000,0.055556,0.055556,1.920856,3.462171,1575.477551,2886.375000,98.744899,97.178972,49.372449,48.589486,5530,1800,0.055556,10.000000,0.000000,45.000000,1.976069,1.945656
0,0.000000,0.055556,0.055556,1.920856,3.462171,1575.477551,2886.375000,98.744899,97.178972,49.372449,48.589486,6040,2170,0.055556,10.000000,0.000000,45.000000,1.976069,1.945656
0,0.000000,0.055556,0.055556,1.920856,3.462171,1575.477551,2886.375000,98.744899,97.178972,49.372449,48.589486,6020,5530,0.055556,10.000000,0.000000,45.000000,1.976069,1.945656
0,0.000000,0.045455,0.045455,45.721521,2.691726,1989.000000,2094.750000,74.197883,35.036461,37.098942,17.518230,5610,1910,0.045455,10.000000,0.000000,35.000000,2.027916,0.000000
0,-0.002528,0.823529,0.435897,0.633956,3.086645,397.718265,2586.375000,56.248296,49.466549,28.124148,24.733274,3630,10,0.833333,200.000000,0.000000,25.000000,1.125502,0.000000
0,0.000000,0.055556,0.055556,1.920856,3.462171,1575.477551,2886.375000,98.744899,97.178972,49.372449,48.589486,6040,1800,0.055556,10.000000,0.000000,45.000000,1.976069,1.945656
0,0.000000,0.055556,0.055556,1.920856,3.462171,1575.477551,2886.375000,98.744899,97.178972,49.372449,48.589486,6040,6020,0.055556,10.000000,0.000000,45.000000,1.976069,1.945656
0,0.000000,0.055556,0.055556,1.920856,3.462171,1575.477551,2886.375000,98.744899,97.178972,49.372449,48.589486,6040,3240,0.055556,10.000000,0.000000,45.000000,1.976069,1.945656
0,0.000000,0.055556,0.055556,1.920856,3.462171,1575.477551,2886.375000,98.744899,97.178972,49.372449,48.589486,5530,2170,0.055556,10.000000,0.000000,45.000000,1.976069,1.945656
0,-0.000001,0.058824,0.055556,12.045963,0.000000,8660.884298,1382.400000,51.069603,50.000000,25.534802,25.000000,4220,10,0.058824,39.000000,0.000000,25.000000,1.029789,0.000000
0,0.000000,0.181818,0.181818,0.135087,0.000000,148.884298,288.000000,45.632383,39.957335,22.816192,19.978667,2740,10,0.181818,39.000000,0.000000,20.000000,0.912719,0.000000
0,-0.000000,0.222222,0.181818,34.362318,0.000000,1547.830000,1626.026667,75.917805,78.155668,37.958902,39.077834,1950,1140,0.222222,199.000000,0.000000,35.000000,1.932528,1.563113
0,-0.000001,0.058824,0.055556,12.045963,0.000000,8660.884298,1382.400000,51.069603,50.000000,25.534802,25.000000,4380,10,0.058824,39.000000,0.000000,25.000000,1.029789,0.000000
0,0.000039,0.055556,0.111111,0.068704,0.000000,77.290548,44.567901,41.904625,41.071925,20.952313,20.535962,1260,10,0.111111,39.000000,0.000000,20.000000,0.838134,0.000000
0,-0.000001,0.058824,0.055556,12.045963,0.000000,8660.884298,1382.400000,51.069603,50.000000,25.534802,25.000000,3790,10,0.058824,39.000000,0.000000,25.000000,1.029789,0.000000
0,-0.000000,0.111111,0.090909,5.903719,0.000000,583.750000,992.000000,67.849214,77.686254,33.924607,38.843127,1910,1450,0.111111,122.000000,0.000000,30.000000,1.408355,1.553725
0,0.000000,0.055556,0.055556,1.337824,0.000000,1088.304298,2586.375000,52.231954,49.570849,26.115977,24.785424,5260,10,0.055556,39.000000,0.000000,25.000000,1.045477,0.000000
0,0.000000,0.055556,0.055556,1.337824,0.000000,1088.304298,2586.375000,52.231954,49.570849,26.115977,24.785424,5770,10,0.055556,39.000000,0.000000,25.000000,1.045477,0.000000
0,0.000000,1.000000,1.000000,1.410081,0.000000,983.860076,1338.026667,44.332112,38.198334,22.166056,19.099167,3550,10,1.000000,39.000000,0.000000,20.000000,0.887675,0.000000
0,0.000000,0.133333,0.133333,0.643744,0.000000,416.884298,704.000000,39.358853,37.728919,19.679427,18.864460,2280,10,0.133333,39.000000,0.000000,15.000000,0.787700,0.000000
0,0.000000,0.750000,0.777778,4.583188,9.998241,2984.138889,7269.600000,61.630923,81.771577,30.815461,40.885788,3670,10,0.777778,62.000000,0.000000,30.000000,1.236154,1.642308
0,0.000000,0.750000,0.777778,4.583188,9.998241,2984.138889,7269.600000,61.630923,81.771577,30.815461,40.885788,3840,10,0.777778,62.000000,0.000000,30.000000,1.236154,1.642308
0,0.000000,0.750000,0.777778,4.583188,9.998241,2984.138889,7269.600000,61.630923,81.771577,30.815461,40.885788,2530,10,0.777778,62.000000,0.000000,30.000000,1.236154,1.642308
0,0.000000,0.750000,0.777778,4.583188,9.998241,2984.138889,7269.600000,61.630923,81.771577,30.815461,40.885788,3160,10,0.777778,62.000000,0.000000,30.000000,1.236154,1.642308
0,-0.000006,0.400000,0.375000,16.549774,0.000000,432.000000,76.000000,64.838064,76.608809,32.419032,38.304405,2470,2000,0.400000,34.000000,0.000000,30.000000,1.640692,1.532176
0,-0.000001,0.066667,0.062500,16.553389,0.000000,440.567901,92.728395,70.624654,76.840302,35.312327,38.420151,2470,1590,0.066667,34.000000,0.000000,35.000000,1.756422,1.536806
0,-0.000000,0.428571,0.250000,2.536768,2.618345,1720.960000,2221.000000,73.299071,88.402210,36.649535,44.201105,4090,1420,0.428571,229.000000,0.000000,35.000000,1.467853,1.769611
0,-0.000023,0.105263,0.090909,4.640623,1.053460,3614.562500,1063.250000,87.366999,88.402210,43.683500,44.201105,5540,3990,0.105263,84.000000,0.000000,40.000000,1.750322,1.768566
0,-0.000000,0.428571,0.250000,197.068523,2.618345,3275.656250,2221.000000,78.414194,88.402210,39.207097,44.201105,4320,2960,0.428571,206.000000,0.000000,35.000000,12.005723,1.769611
0,-0.000000,0.105263,0.083333,2.702799,0.884916,2220.282986,887.880000,88.114842,88.402210,44.057421,44.201105,5370,1930,0.117647,101.000000,0.000000,40.000000,1.763942,1.768486
0,-0.000000,0.047619,0.041667,3.032780,2.057185,2310.125000,1818.836735,75.512057,76.568944,37.756028,38.284472,5540,3750,0.047619,84.000000,0.000000,35.000000,1.512245,1.532558
0,-0.000000,0.105263,0.083333,2.702799,0.884916,2220.282986,887.880000,88.114842,88.402210,44.057421,44.201105,5370,1560,0.117647,101.000000,0.000000,40.000000,1.763942,1.768486
0,-0.000023,0.105263,0.090909,4.640623,1.053460,3614.562500,1063.250000,87.366999,88.402210,43.683500,44.201105,5540,4420,0.105263,84.000000,0.000000,40.000000,1.750322,1.768566
0,-0.000000,0.428571,0.250000,197.068523,2.618345,3275.656250,2221.000000,78.414194,88.402210,39.207097,44.201105,4320,2280,0.428571,206.000000,0.000000,35.000000,12.005723,1.769611
0,0.000000,0.041667,0.041667,2.888646,1.165828,2780.398148,1113.975309,84.386705,81.578942,42.193353,40.789471,6240,10,0.041667,14.000000,0.000000,40.000000,1.689382,1.632194
0,-0.000023,0.105263,0.090909,4.640623,1.053460,3614.562500,1063.250000,87.366999,88.402210,43.683500,44.201105,5540,4580,0.105263,84.000000,0.000000,40.000000,1.750322,1.768566
0,-0.000000,0.105263,0.083333,2.702799,0.884916,2220.282986,887.880000,88.114842,88.402210,44.057421,44.201105,5780,5370,0.117647,101.000000,0.000000,40.000000,1.763942,1.768486
0,-0.000000,0.428571,0.250000,197.068523,2.618345,3275.656250,2221.000000,78.414194,88.402210,39.207097,44.201105,4320,2790,0.428571,206.000000,0.000000,35.000000,12.005723,1.769611
0,-0.000000,0.105263,0.083333,2.702799,0.884916,2220.282986,887.880000,88.114842,88.402210,44.057421,44.201105,5370,3000,0.117647,101.000000,0.000000,40.000000,1.763942,1.768486
0,0.000050,0.250000,0.085106,1.639917,1.927814,224.141869,1561.051903,95.988071,100.000000,47.994036,50.000000,3030,1580,0.250000,350.000000,0.000000,45.000000,1.938796,2.001191
0,0.000053,0.102564,0.119048,2.443912,0.305623,2494.308148,270.320000,95.288112,92.777710,47.644056,46.388855,6670,10,0.119048,37.000000,0.000000,45.000000,1.907092,1.855727
0,0.000000,0.090909,0.142857,1.307982,0.048191,1000.897959,61.000000,89.007670,89.999636,44.503835,44.999818,5290,2260,0.142857,175.000000,0.000000,40.000000,1.781008,1.800013
0,0.000053,0.102564,0.119048,2.443912,0.305623,2494.308148,270.320000,95.288112,92.777710,47.644056,46.388855,6160,10,0.119048,37.000000,0.000000,45.000000,1.907092,1.855727
0,0.000050,0.250000,0.085106,1.639917,1.927814,224.141869,1561.051903,95.988071,100.000000,47.994036,50.000000,3540,1070,0.250000,350.000000,0.000000,45.000000,1.938796,2.001191
0,0.000050,0.250000,0.085106,1.639917,1.927814,224.141869,1561.051903,95.988071,100.000000,47.994036,50.000000,3030,1750,0.250000,350.000000,0.000000,45.000000,1.938796,2.001191
0,-0.000000,0.041667,0.035714,3.553232,0.088403,3106.527778,84.418685,98.374759,100.000000,49.187380,50.000000,6400,5910,0.041667,62.000000,0.000000,45.000000,1.969527,2.000046
0,-0.000000,0.041667,0.035714,3.553232,0.088403,3106.527778,84.418685,98.374759,100.000000,49.187380,50.000000,6420,2180,0.041667,62.000000,0.000000,45.000000,1.969527,2.000046
0,-0.000000,0.041667,0.035714,3.553232,0.088403,3106.527778,84.418685,98.374759,100.000000,49.187380,50.000000,6420,6400,0.041667,62.000000,0.000000,45.000000,1.969527,2.000046
0,0.000050,0.250000,0.085106,1.639917,1.927814,224.141869,1561.051903,95.988071,100.000000,47.994036,50.000000,3540,1750,0.250000,350.000000,0.000000,45.000000,1.938796,2.001191
0,0.000050,0.125000,0.085106,0.528488,1.927814,234.998163,1561.051903,81.357210,100.000000,40.678605,50.000000,3280,180,0.187500,376.000000,0.000000,40.000000,1.627748,2.001191
0,-0.000043,0.333333,0.320000,0.649917,0.143537,461.945303,127.190083,78.751549,87.454885,39.375774,43.727442,4520,10,0.375000,252.000000,0.000000,35.000000,1.575522,1.749179
0,0.000050,0.250000,0.085106,1.639917,1.927814,224.141869,1561.051903,95.988071,100.000000,47.994036,50.000000,3030,1070,0.250000,350.000000,0.000000,45.000000,1.938796,2.001191
0,-0.000000,0.041667,0.035714,3.553232,0.088403,3106.527778,84.418685,98.374759,100.000000,49.187380,50.000000,5910,3620,0.041667,62.000000,0.000000,45.000000,1.969527,2.000046
0,0.000000,0.090909,0.142857,1.307982,0.048191,1000.897959,61.000000,89.007670,89.999636,44.503835,44.999818,4780,2260,0.142857,175.000000,0.000000,40.000000,1.781008,1.800013
0,0.000000,1.000000,1.000000,2.695964,0.029545,2447.265625,27.111111,60.994152,82.652590,30.497076,41.326295,6090,10,1.000000,44.000000,0.000000,30.000000,1.221375,1.653068
0,-0.000000,0.041667,0.035714,3.553232,0.088403,3106.527778,84.418685,98.374759,100.000000,49.187380,50.000000,5910,2180,0.041667,62.000000,0.000000,45.000000,1.969527,2.000046
0,0.000050,0.250000,0.085106,1.639917,1.927814,224.141869,1561.051903,95.988071,100.000000,47.994036,50.000000,3540,1580,0.250000,350.000000,0.000000,45.000000,1.938796,2.001191
0,-0.000000,0.041667,0.035714,3.553232,0.088403,3106.527778,84.418685,98.374759,100.000000,49.187380,50.000000,6420,2550,0.041667,62.000000,0.000000,45.000000,1.969527,2.000046
0,0.000000,0.100000,0.100000,3.417666,0.277900,3051.142012,224.000000,79.817618,86.018012,39.908809,43.009006,6330,2740,0.100000,20.000000,0.000000,35.000000,1.598271,1.720533
0,-0.000043,0.333333,0.320000,0.649917,0.143537,461.945303,127.190083,78.751549,87.454885,39.375774,43.727442,4010,10,0.375000,252.000000,0.000000,35.000000,1.575522,1.749179
0,0.000000,1.000000,1.000000,2.695964,0.029545,2447.265625,27.111111,60.994152,82.652590,30.497076,41.326295,6600,10,1.000000,44.000000,0.000000,30.000000,1.221375,1.653068
0,-0.000000,0.041667,0.035714,3.553232,0.088403,3106.527778,84.418685,98.374759,100.000000,49.187380,50.000000,6420,3620,0.041667,62.000000,0.000000,45.000000,1.969527,2.000046
0,-0.000000,0.041667,0.035714,3.553232,0.088403,3106.527778,84.418685,98.374759,100.000000,49.187380,50.000000,5910,2550,0.041667,62.000000,0.000000,45.000000,1.969527,2.000046
0,0.000000,0.100000,0.100000,3.417666,0.277900,3051.142012,224.000000,79.817618,86.018012,39.908809,43.009006,6840,2740,0.100000,20.000000,0.000000,35.000000,1.598271,1.720533
0,0.000050,0.125000,0.085106,0.528488,1.927814,234.998163,1561.051903,81.357210,100.000000,40.678605,50.000000,2770,180,0.187500,376.000000,0.000000,40.000000,1.627748,2.001191
0,0.000000,0.500000,0.500000,2.462222,18.799901,1546.222222,15086.222222,81.750584,86.813791,40.875292,43.406896,5130,970,0.500000,15.000000,0.000000,40.000000,1.642451,1.747990
0,0.000000,0.500000,0.500000,2.462222,18.799901,1546.222222,15086.222222,81.750584,86.813791,40.875292,43.406896,4620,970,0.500000,15.000000,0.000000,40.000000,1.642451,1.747990
0,0.000000,0.130435,0.130435,0.000000,18.923584,1580.691903,15272.694215,95.283700,85.764659,47.641850,42.882329,3850,10,0.130435,29.000000,0.000000,45.000000,1.905674,1.727046
0,-0.000000,0.066667,0.040000,0.116809,18.887803,104.250000,15170.190083,76.929050,89.615864,38.464525,44.807932,2050,10,0.200000,272.000000,0.000000,35.000000,1.538675,1.804077
0,-0.000092,0.794872,0.795455,21.538010,23.013980,1256.837899,18758.200000,96.311861,88.071580,48.155930,44.035790,4200,10,0.809524,57.000000,0.000000,45.000000,2.156410,1.775564
0,-0.000000,0.066667,0.040000,0.116809,18.887803,104.250000,15170.190083,76.929050,89.615864,38.464525,44.807932,2730,10,0.200000,272.000000,0.000000,35.000000,1.538675,1.804077
0,0.000000,0.181818,0.285714,1.515582,18.798175,990.074074,15104.000000,88.542074,89.999780,44.271037,44.999890,3500,2260,0.285714,195.000000,0.000000,40.000000,1.772008,1.811702
0,0.000000,0.500000,0.500000,2.462222,18.799901,1546.222222,15086.222222,81.750584,86.813791,40.875292,43.406896,3990,970,0.500000,15.000000,0.000000,40.000000,1.642451,1.747990
0,-0.000092,0.794872,0.795455,21.538010,23.013980,1256.837899,18758.200000,96.311861,88.071580,48.155930,44.035790,4880,10,0.809524,57.000000,0.000000,45.000000,2.156410,1.775564
0,0.000000,0.181818,0.285714,1.515582,18.798175,990.074074,15104.000000,88.542074,89.999780,44.271037,44.999890,2260,2190,0.285714,195.000000,0.000000,40.000000,1.772008,1.811702
0,-0.000000,0.066667,0.040000,0.116809,18.887803,104.250000,15170.190083,76.929050,89.615864,38.464525,44.807932,2560,10,0.200000,272.000000,0.000000,35.000000,1.538675,1.804077
0,0.000000,0.500000,0.500000,2.462222,18.799901,1546.222222,15086.222222,81.750584,86.813791,40.875292,43.406896,5300,970,0.500000,15.000000,0.000000,40.000000,1.642451,1.747990
0,0.000000,0.130435,0.130435,0.000000,18.923584,1580.691903,15272.694215,95.283700,85.764659,47.641850,42.882329,5160,10,0.130435,29.000000,0.000000,45.000000,1.905674,1.727046
0,0.000000,0.130435,0.130435,0.000000,18.923584,1580.691903,15272.694215,95.283700,85.764659,47.641850,42.882329,4480,10,0.130435,29.000000,0.000000,45.000000,1.905674,1.727046
0,-0.000092,0.794872,0.795455,21.538010,23.013980,1256.837899,18758.200000,96.311861,88.071580,48.155930,44.035790,3570,10,0.809524,57.000000,0.000000,45.000000,2.156410,1.775564
0,-0.000000,0.066667,0.040000,0.365990,18.887803,300.960000,15170.190083,65.696445,89.615864,32.848222,44.807932,1420,10,0.200000,272.000000,0.000000,30.000000,1.314178,1.804077
0,0.000000,0.142857,0.142857,0.034147,4.274338,294.148148,3744.200000,86.310931,78.071360,43.155465,39.035680,3640,10,0.142857,57.000000,0.000000,40.000000,1.726232,1.563872
0,0.000000,0.181818,0.285714,1.515582,18.798175,990.074074,15104.000000,88.542074,89.999780,44.271037,44.999890,2820,2260,0.285714,195.000000,0.000000,40.000000,1.772008,1.811702
0,0.000000,0.130435,0.130435,0.000000,18.923584,1580.691903,15272.694215,95.283700,85.764659,47.641850,42.882329,4990,10,0.130435,29.000000,0.000000,45.000000,1.905674,1.727046
0,0.000000,0.181818,0.285714,1.515582,18.798175,990.074074,15104.000000,88.542074,89.999780,44.271037,44.999890,3330,2260,0.285714,195.000000,0.000000,40.000000,1.772008,1.811702
0,-0.000092,0.794872,0.795455,21.538010,23.013980,1256.837899,18758.200000,96.311861,88.071580,48.155930,44.035790,4710,10,0.809524,57.000000,0.000000,45.000000,2.156410,1.775564
0,0.000009,0.200000,0.428571,0.853856,0.296034,589.635825,254.959184,81.840779,37.546129,40.920389,18.773065,4560,1580,0.428571,224.000000,0.000000,40.000000,1.637437,0.000000
0,0.000000,0.500000,1.000000,0.888502,0.000000,187.000000,0.000000,62.556220,0.000000,31.278110,0.000000,880,370,1.000000,643.000000,0.000000,30.000000,1.253241,0.000000
0,0.000015,0.076923,0.285714,11.913980,0.851544,4289.686523,768.812800,76.629899,39.521087,38.314949,19.760543,2750,1040,0.285714,405.000000,0.000000,35.000000,1.549181,0.000000
0,0.000009,0.200000,0.428571,0.853856,0.296034,589.635825,254.959184,81.840779,37.546129,40.920389,18.773065,5070,1580,0.428571,224.000000,0.000000,40.000000,1.637437,0.000000
0,0.000015,0.076923,0.285714,11.913980,0.851544,4289.686523,768.812800,76.629899,39.521087,38.314949,19.760543,3260,1040,0.285714,405.000000,0.000000,35.000000,1.549181,0.000000
0,0.000000,0.500000,0.500000,0.255096,0.245623,274.888889,262.888889,49.708670,50.000000,24.854335,25.000000,5670,10,0.500000,14.000000,0.000000,20.000000,0.994297,0.000000
0,0.000000,0.500000,0.500000,0.255096,0.245623,274.888889,262.888889,49.708670,50.000000,24.854335,25.000000,5830,10,0.500000,14.000000,0.000000,20.000000,0.994297,0.000000
0,0.000000,0.500000,0.500000,0.255096,0.245623,274.888889,262.888889,49.708670,50.000000,24.854335,25.000000,5240,10,0.500000,14.000000,0.000000,20.000000,0.994297,0.000000
0,0.000000,0.428571,0.428571,0.000000,0.000000,26.423611,11.111111,54.251662,39.012524,27.125831,19.506262,560,10,0.428571,30.000000,0.000000,25.000000,1.085033,0.000000
0,0.000000,0.888889,0.888889,13.373482,0.000000,273.882500,179.562500,52.749246,38.183294,26.374623,19.091647,210,10,0.888889,30.000000,0.000000,25.000000,1.400829,0.000000
0,0.000000,0.166667,0.166667,18.787696,0.000000,15073.816327,56.888889,87.991942,37.785830,43.995971,18.892915,4140,1900,0.166667,30.000000,0.000000,40.000000,1.771547,0.000000
0,0.000000,0.750000,1.000000,0.134715,0.000000,1028.571429,0.000000,92.783649,0.000000,46.391824,0.000000,1150,10,1.000000,443.000000,0.000000,45.000000,1.856114,0.000000
0,0.000000,0.166667,0.166667,18.787696,0.000000,15073.816327,56.888889,87.991942,37.785830,43.995971,18.892915,5280,1900,0.166667,30.000000,0.000000,40.000000,1.771547,0.000000
0,0.000000,0.800000,1.000000,11.155488,0.000000,91.591837,0.000000,49.269188,0.000000,24.634594,0.000000,520,10,1.000000,506.000000,0.000000,20.000000,1.957610,0.000000
0,0.000000,0.750000,1.000000,0.134715,0.000000,1028.571429,0.000000,92.783649,0.000000,46.391824,0.000000,640,10,1.000000,443.000000,0.000000,45.000000,1.856114,0.000000
0,0.000000,0.800000,1.000000,11.155488,0.000000,91.591837,0.000000,49.269188,0.000000,24.634594,0.000000,690,10,1.000000,506.000000,0.000000,20.000000,1.957610,0.000000
0,0.000000,0.750000,1.000000,0.134715,0.000000,1028.571429,0.000000,92.783649,0.000000,46.391824,0.000000,1320,10,1.000000,443.000000,0.000000,45.000000,1.856114,0.000000
0,0.000000,1.000000,1.000000,8.603774,0.000000,576.000000,0.000000,58.725856,0.000000,29.362928,0.000000,670,500,1.000000,508.000000,0.000000,25.000000,1.297262,0.000000
0,0.000000,0.166667,0.166667,18.787696,0.000000,15073.816327,56.888889,87.991942,37.785830,43.995971,18.892915,5450,1900,0.166667,30.000000,0.000000,40.000000,1.771547,0.000000
0,0.000000,0.166667,0.166667,18.787696,0.000000,15073.816327,56.888889,87.991942,37.785830,43.995971,18.892915,4770,1900,0.166667,30.000000,0.000000,40.000000,1.771547,0.000000
0,-0.000002,0.038462,0.037037,103.835908,0.216312,7831.888889,240.000000,84.770525,80.919609,42.385262,40.459804,6450,5880,0.038462,31.000000,0.000000,40.000000,2.404328,1.618490
0,-0.000002,0.038462,0.037037,103.835908,0.216312,7831.888889,240.000000,84.770525,80.919609,42.385262,40.459804,6450,5290,0.038462,31.000000,0.000000,40.000000,2.404328,1.618490
0,-0.000002,0.038462,0.037037,103.835908,0.216312,7831.888889,240.000000,84.770525,80.919609,42.385262,40.459804,6450,5720,0.038462,31.000000,0.000000,40.000000,2.404328,1.618490
0,-0.000001,0.083333,0.066667,188.444723,0.658156,12558.679594,628.892857,73.221110,71.351089,36.610555,35.675545,5680,4280,0.083333,108.000000,0.000000,35.000000,2.993867,1.427366
0,-0.000045,0.125000,0.400000,314.565666,0.275152,17353.440000,261.000000,66.842132,68.791629,33.421066,34.395814,5320,2510,0.500000,144.000000,0.000000,30.000000,4.223486,1.375978
0,-0.000000,0.037037,0.034483,13.373482,0.776107,1166.902703,734.088073,72.469036,77.252325,36.234518,38.626162,4930,210,0.037037,51.000000,0.000000,35.000000,1.795225,1.545459
0,-0.000036,0.055556,0.043478,13.373482,0.335593,501.570000,302.327823,72.976648,74.813519,36.488324,37.406760,3660,210,0.055556,51.000000,0.000000,35.000000,1.805377,1.496460
0,-0.000008,0.050000,0.047619,13.373482,0.193869,466.570000,194.170415,70.716801,78.901941,35.358400,39.450970,3050,210,0.050000,51.000000,0.000000,35.000000,1.760180,1.578138
0,-0.000000,0.038462,0.037037,13.373482,0.219271,521.458889,258.920415,81.364512,89.121470,40.682256,44.560735,5170,210,0.038462,51.000000,0.000000,40.000000,1.973135,1.782523
0,-0.000000,0.038462,0.037037,13.373482,0.219271,521.458889,258.920415,81.364512,89.121470,40.682256,44.560735,5600,210,0.038462,51.000000,0.000000,40.000000,1.973135,1.782523
0,-0.000000,0.038462,0.037037,13.373482,0.219271,521.458889,258.920415,81.364512,89.121470,40.682256,44.560735,5760,210,0.038462,51.000000,0.000000,40.000000,1.973135,1.782523
0,-0.000002,0.038462,0.027778,1.539184,0.000000,1200.346260,175.181406,88.101526,85.199710,44.050763,42.599855,4340,2690,0.038462,130.000000,0.000000,40.000000,1.763019,1.703994
0,-0.000000,0.307692,0.259259,11.598017,0.000000,4160.000000,251.000000,85.779163,85.199710,42.889581,42.599855,3700,3030,0.350000,261.000000,0.000000,40.000000,1.740106,1.703994
0,-0.000000,0.307692,0.259259,11.598017,0.000000,4160.000000,251.000000,85.779163,85.199710,42.889581,42.599855,3860,3030,0.350000,261.000000,0.000000,40.000000,1.740106,1.703994
0,-0.000002,0.038462,0.027778,1.539184,0.000000,1200.346260,175.181406,88.101526,85.199710,44.050763,42.599855,4340,2320,0.038462,130.000000,0.000000,40.000000,1.763019,1.703994
0,-0.000077,0.222222,0.074074,13.199566,0.000000,4570.750000,271.495868,63.858579,71.476173,31.929289,35.738087,2720,1450,0.300000,292.000000,0.000000,30.000000,1.335194,1.429523
0,0.000000,0.100000,0.100000,1.036492,0.000000,1091.167658,27.000000,78.535485,35.199710,39.267743,17.599855,7320,5530,0.100000,11.000000,0.000000,35.000000,1.571212,0.000000
0,0.000002,0.066667,0.370370,6.828536,0.000000,3349.760000,270.360000,62.396912,74.085910,31.198456,37.042955,2300,10,0.370370,334.000000,0.000000,30.000000,1.254965,1.481718
0,-0.000000,0.200000,0.166667,1.282362,0.000000,1115.625000,891.000000,76.145109,70.408683,38.072555,35.204341,4430,10,0.200000,121.000000,0.000000,35.000000,1.523712,1.408174
0,-0.000002,0.038462,0.027778,1.539184,0.000000,1200.346260,175.181406,88.101526,85.199710,44.050763,42.599855,6540,4340,0.038462,130.000000,0.000000,40.000000,1.763019,1.703994
0,-0.000000,0.307692,0.259259,11.598017,0.000000,4160.000000,251.000000,85.779163,85.199710,42.889581,42.599855,3270,3030,0.350000,261.000000,0.000000,40.000000,1.740106,1.703994
0,-0.000002,0.038462,0.027778,1.539184,0.000000,1200.346260,175.181406,88.101526,85.199710,44.050763,42.599855,4340,3760,0.038462,130.000000,0.000000,40.000000,1.763019,1.703994
0,-0.000000,0.055556,0.037037,5.187332,0.000000,3884.567901,467.360000,86.516900,88.886200,43.258450,44.443100,4360,1400,0.055556,195.000000,0.000000,40.000000,1.733802,1.777724
0,-0.000000,0.133333,0.095238,3.267997,0.000000,904.562500,27.000000,68.463305,35.199710,34.231653,17.599855,3710,1830,0.133333,193.000000,0.000000,30.000000,1.411622,0.000000
0,-0.000000,0.055556,0.037037,5.187332,0.000000,3884.567901,467.360000,86.516900,88.886200,43.258450,44.443100,4520,1400,0.055556,195.000000,0.000000,40.000000,1.733802,1.777724
0,-0.000000,0.055556,0.037037,5.187332,0.000000,3884.567901,467.360000,86.516900,88.886200,43.258450,44.443100,3930,1400,0.055556,195.000000,0.000000,40.000000,1.733802,1.777724
0,0.000000,0.500000,0.500000,0.000000,0.479064,419.000000,400.000000,53.354134,24.953169,26.677067,12.476585,7340,10,0.500000,11.000000,0.000000,25.000000,1.067083,0.000000
0,0.000001,0.333333,0.380952,0.103771,0.000000,68.000000,243.360000,54.978476,38.967664,27.489238,19.483832,420,10,0.545455,337.000000,0.000000,25.000000,1.099719,0.000000
0,0.000000,0.222222,0.500000,47.441461,0.060015,32415.312500,62.046875,85.605741,50.000000,42.802871,25.000000,4900,1670,0.500000,264.000000,0.000000,40.000000,1.746831,0.000000
0,0.000000,0.166667,0.166667,1.141333,0.131565,94.531856,134.349206,78.595847,50.000000,39.297924,25.000000,6670,3620,0.166667,87.000000,0.000000,35.000000,1.612624,0.000000
0,0.000000,0.166667,0.166667,1.141333,0.131565,94.531856,134.349206,78.595847,50.000000,39.297924,25.000000,6670,3250,0.166667,87.000000,0.000000,35.000000,1.612624,0.000000
0,0.000000,0.166667,0.166667,1.141333,0.131565,94.531856,134.349206,78.595847,50.000000,39.297924,25.000000,6670,4690,0.166667,87.000000,0.000000,35.000000,1.612624,0.000000
0,0.000000,0.111111,0.500000,9.359526,0.069746,7148.000000,59.510204,76.637782,38.304271,38.318891,19.152135,5910,1390,0.500000,163.000000,0.000000,35.000000,1.538883,0.000000
0,0.000000,0.666667,0.666667,0.016131,0.015418,28.800000,12.800000,42.585045,40.266399,21.292523,20.133200,6760,10,0.666667,78.000000,0.000000,20.000000,0.851709,0.000000
0,0.000000,0.500000,0.500000,1.230682,0.060015,78.046875,62.046875,89.325414,50.000000,44.662707,25.000000,7250,1760,0.500000,29.000000,0.000000,40.000000,1.798436,0.000000
0,0.000000,0.166667,0.166667,1.141333,0.131565,94.531856,134.349206,78.595847,50.000000,39.297924,25.000000,7470,6670,0.166667,87.000000,0.000000,35.000000,1.612624,0.000000
0,0.000000,0.222222,0.500000,47.441461,0.060015,32415.312500,62.046875,85.605741,50.000000,42.802871,25.000000,6150,4900,0.500000,264.000000,0.000000,40.000000,1.746831,0.000000
0,0.000000,0.900000,0.900000,0.054392,0.000000,54.595918,400.000000,49.784908,27.555837,24.892454,13.777919,2240,10,0.900000,90.000000,0.000000,20.000000,0.995734,0.000000
0,0.000000,0.250000,0.900000,0.675001,0.000000,194.300000,110.305556,61.665437,50.000000,30.832718,25.000000,8010,10,0.900000,90.000000,0.000000,30.000000,1.234564,0.000000
0,0.000000,0.100000,0.100000,0.015470,0.000000,51.014876,59.504132,46.479390,15.289901,23.239695,7.644950,770,10,0.100000,14.000000,0.000000,20.000000,0.929597,0.000000
0,0.000000,0.200000,0.200000,0.104204,0.000000,114.200000,117.033086,59.112270,50.000000,29.556135,25.000000,4780,10,0.200000,90.000000,0.000000,25.000000,1.182299,0.000000
0,0.000000,0.200000,0.200000,0.104204,0.000000,114.200000,117.033086,59.112270,50.000000,29.556135,25.000000,3710,10,0.200000,90.000000,0.000000,25.000000,1.182299,0.000000
0,0.000000,0.250000,0.900000,0.675001,0.000000,194.300000,110.305556,61.665437,50.000000,30.832718,25.000000,3530,10,0.900000,90.000000,0.000000,30.000000,1.234564,0.000000
0,0.000000,0.200000,0.200000,0.104204,0.000000,114.200000,117.033086,59.112270,50.000000,29.556135,25.000000,7560,10,0.200000,90.000000,0.000000,25.000000,1.182299,0.000000
0,0.000000,0.200000,0.200000,0.104204,0.000000,114.200000,117.033086,59.112270,50.000000,29.556135,25.000000,3340,10,0.200000,90.000000,0.000000,25.000000,1.182299,0.000000
0,0.000000,0.900000,0.900000,1.232409,0.000000,74.846875,110.305556,84.217741,50.000000,42.108870,25.000000,1760,500,0.900000,41.000000,0.000000,40.000000,1.696286,0.000000
0,0.000000,0.062500,0.062500,0.069983,0.636449,97.725080,459.504132,44.461518,45.644491,22.230759,22.822246,3000,10,0.062500,17.000000,0.000000,20.000000,0.889272,0.913334
0,0.000000,0.166667,0.166667,0.445260,0.591604,377.000000,416.000000,50.923634,54.539012,25.461817,27.269506,3100,10,0.166667,11.000000,0.000000,25.000000,1.018747,1.091201
0,-0.000349,0.222222,0.090909,0.098825,0.673866,85.333333,512.000000,90.075441,79.576874,45.037720,39.788437,6570,1250,0.222222,196.000000,0.000000,45.000000,1.801567,1.591991
0,-0.002968,0.600000,0.272727,1.264821,0.594921,103.842793,427.000000,87.493364,79.576874,43.746682,39.788437,2730,1760,0.600000,48.000000,0.000000,40.000000,1.761817,1.591955
0,-0.000349,0.222222,0.090909,0.098825,0.673866,85.333333,512.000000,90.075441,79.576874,45.037720,39.788437,2350,1250,0.222222,196.000000,0.000000,45.000000,1.801567,1.591991
0,-0.000349,0.222222,0.090909,0.098825,0.673866,85.333333,512.000000,90.075441,79.576874,45.037720,39.788437,3790,1250,0.222222,196.000000,0.000000,45.000000,1.801567,1.591991
0,-0.002968,0.833333,0.272727,0.469600,0.594921,52.222222,427.000000,87.500000,79.576874,43.750000,39.788437,5780,10,0.833333,320.000000,0.000000,40.000000,1.754050,1.591955
0,-0.002968,0.833333,0.272727,0.469600,0.594921,52.222222,427.000000,87.500000,79.576874,43.750000,39.788437,1300,10,0.833333,320.000000,0.000000,40.000000,1.754050,1.591955
0,-0.000349,0.222222,0.090909,0.098825,0.673866,85.333333,512.000000,90.075441,79.576874,45.037720,39.788437,2720,1250,0.222222,196.000000,0.000000,45.000000,1.801567,1.591991
0,0.000000,0.777778,0.777778,0.000000,0.000000,130.305556,47.000000,85.852085,89.678404,42.926043,44.839202,2150,10,0.777778,16.000000,0.000000,40.000000,1.717042,1.793568
0,0.000065,0.105263,0.117647,3.412467,0.000000,217.860156,139.000000,85.189636,100.000000,42.594818,50.000000,4200,1760,0.117647,55.000000,0.000000,40.000000,1.731192,2.000000
0,0.000065,0.166667,0.117647,0.096962,0.000000,85.500000,139.000000,100.000000,100.000000,50.000000,50.000000,7020,2350,0.166667,203.000000,0.000000,50.000000,2.000055,2.000000
0,0.000032,0.052632,0.058824,0.060219,0.000000,100.261751,81.442344,56.303033,72.995991,28.151517,36.497996,4290,10,0.058824,28.000000,0.000000,25.000000,1.126090,1.459920
0,0.000000,0.500000,0.500000,0.058617,0.000000,78.046875,43.000000,67.440845,77.920915,33.720423,38.960457,4390,10,0.500000,18.000000,0.000000,30.000000,1.348845,1.558418
0,0.000032,0.052632,0.058824,0.060219,0.000000,100.261751,81.442344,56.303033,72.995991,28.151517,36.497996,2030,10,0.058824,28.000000,0.000000,25.000000,1.126090,1.459920
0,0.000032,0.062500,0.058824,0.797948,0.000000,792.422521,709.897959,86.724387,87.854687,43.362194,43.927343,8240,1150,0.062500,81.000000,0.000000,40.000000,1.734890,1.757094
0,0.000065,0.105263,0.117647,3.412467,0.000000,217.860156,139.000000,85.189636,100.000000,42.594818,50.000000,3830,1760,0.117647,55.000000,0.000000,40.000000,1.731192,2.000000
0,-0.000000,0.100000,0.333333,1.133064,0.000000,298.815000,63.000000,78.038284,89.629210,39.019142,44.814605,2510,2090,0.500000,248.000000,0.000000,35.000000,1.567321,1.792584
0,0.000065,0.166667,0.117647,0.096962,0.000000,85.500000,139.000000,100.000000,100.000000,50.000000,50.000000,2540,2350,0.166667,203.000000,0.000000,50.000000,2.000055,2.000000
0,0.000065,0.105263,0.117647,3.412467,0.000000,217.860156,139.000000,85.189636,100.000000,42.594818,50.000000,5270,1760,0.117647,55.000000,0.000000,40.000000,1.731192,2.000000
0,-0.000000,0.100000,0.333333,1.133064,0.000000,298.815000,63.000000,78.038284,89.629210,39.019142,44.814605,6570,2510,0.500000,248.000000,0.000000,35.000000,1.567321,1.792584
0,0.000032,0.052632,0.058824,0.060219,0.000000,100.261751,81.442344,56.303033,72.995991,28.151517,36.497996,8770,10,0.058824,28.000000,0.000000,25.000000,1.126090,1.459920
0,0.000065,0.166667,0.117647,0.096962,0.000000,85.500000,139.000000,100.000000,100.000000,50.000000,50.000000,7020,2720,0.166667,203.000000,0.000000,50.000000,2.000055,2.000000
0,0.000000,0.777778,0.777778,0.000000,0.000000,130.305556,47.000000,85.852085,89.678404,42.926043,44.839202,4410,10,0.777778,16.000000,0.000000,40.000000,1.717042,1.793568
0,0.000000,0.500000,0.500000,0.058617,0.000000,78.046875,43.000000,67.440845,77.920915,33.720423,38.960457,8870,10,0.500000,18.000000,0.000000,30.000000,1.348845,1.558418
0,0.000000,0.777778,0.777778,0.000000,0.000000,130.305556,47.000000,85.852085,89.678404,42.926043,44.839202,8890,10,0.777778,16.000000,0.000000,40.000000,1.717042,1.793568
0,0.000065,0.166667,0.117647,0.096962,0.000000,85.500000,139.000000,100.000000,100.000000,50.000000,50.000000,6570,2540,0.166667,203.000000,0.000000,50.000000,2.000055,2.000000
0,0.000000,0.333333,0.333333,1.249482,0.000000,98.046875,63.000000,85.656411,89.629210,42.828205,44.814605,4440,1760,0.333333,55.000000,0.000000,40.000000,1.725065,1.792584
0,0.000065,0.166667,0.117647,0.096962,0.000000,85.500000,139.000000,100.000000,100.000000,50.000000,50.000000,7020,3790,0.166667,203.000000,0.000000,50.000000,2.000055,2.000000
0,0.000065,0.166667,0.117647,0.096962,0.000000,85.500000,139.000000,100.000000,100.000000,50.000000,50.000000,2720,2540,0.166667,203.000000,0.000000,50.000000,2.000055,2.000000
0,0.000000,0.500000,0.500000,0.058617,0.000000,78.046875,43.000000,67.440845,77.920915,33.720423,38.960457,2130,10,0.500000,18.000000,0.000000,30.000000,1.348845,1.558418
0,0.000065,0.166667,0.117647,0.096962,0.000000,85.500000,139.000000,100.000000,100.000000,50.000000,50.000000,3790,2540,0.166667,203.000000,0.000000,50.000000,2.000055,2.000000
0,0.000065,0.105263,0.117647,3.412467,0.000000,217.860156,139.000000,85.189636,100.000000,42.594818,50.000000,8050,1760,0.117647,55.000000,0.000000,40.000000,1.731192,2.000000
0,0.000065,0.166667,0.117647,0.096962,0.000000,85.500000,139.000000,100.000000,100.000000,50.000000,50.000000,7020,6570,0.166667,203.000000,0.000000,50.000000,2.000055,2.000000
0,0.000032,0.052632,0.058824,1.942531,0.000000,826.344396,709.897959,87.052777,87.854687,43.526389,43.927343,1760,1410,0.058824,55.000000,0.000000,40.000000,1.753322,1.757094
0,0.000032,0.062500,0.058824,0.797948,0.000000,792.422521,709.897959,86.724387,87.854687,43.362194,43.927343,3760,1150,0.062500,81.000000,0.000000,40.000000,1.734890,1.757094
0,0.000000,0.090909,0.090909,24.698676,0.000000,740.360000,390.122449,61.176022,74.080236,30.588011,37.040118,5350,3870,0.090909,40.000000,0.000000,30.000000,3.485366,1.481605
0,0.000000,0.090909,0.090909,24.768427,0.000000,879.905325,650.843750,63.726686,74.243001,31.863343,37.121501,5350,1720,0.090909,40.000000,0.000000,30.000000,3.536380,1.484860
0,0.000000,0.111111,0.111111,1.787080,0.000000,35.312500,181.500000,80.269759,81.104001,40.134880,40.552001,2490,350,0.111111,13.000000,0.000000,40.000000,1.707135,1.622080
0,0.000000,0.111111,0.111111,1.790775,0.000000,39.812500,168.500000,72.606682,82.675717,36.303341,41.337859,5170,4750,0.111111,13.000000,0.000000,35.000000,1.553875,1.653514
0,0.000000,0.111111,0.111111,1.790775,0.000000,39.812500,168.500000,72.606682,82.675717,36.303341,41.337859,9230,5170,0.111111,13.000000,0.000000,35.000000,1.553875,1.653514
0,0.000000,0.111111,0.111111,1.787080,0.000000,35.312500,181.500000,80.269759,81.104001,40.134880,40.552001,4750,350,0.111111,13.000000,0.000000,40.000000,1.707135,1.622080
0,0.000000,0.111111,0.111111,1.787080,0.000000,35.312500,181.500000,80.269759,81.104001,40.134880,40.552001,9230,350,0.111111,13.000000,0.000000,40.000000,1.707135,1.622080
0,0.000000,0.111111,0.111111,1.790775,0.000000,39.812500,168.500000,72.606682,82.675717,36.303341,41.337859,5170,2490,0.111111,13.000000,0.000000,35.000000,1.553875,1.653514
0,-0.000001,0.260870,0.193548,0.000000,0.253363,146.830083,268.888889,81.892604,38.292852,40.946302,19.146426,2440,10,0.320000,209.000000,0.000000,40.000000,1.637852,0.000000
0,-0.000000,0.034483,0.032258,0.026085,0.069105,77.430943,69.534972,46.821062,34.280537,23.410531,17.140269,1400,10,0.034483,70.000000,0.000000,20.000000,0.936430,0.000000
0,0.000000,1.000000,1.000000,0.000000,0.117093,46.751111,112.000000,75.587165,36.622749,37.793583,18.311375,360,10,1.000000,209.000000,0.000000,35.000000,1.511743,0.000000
0,0.000000,0.909091,0.909091,0.026443,0.069658,68.256066,71.680000,48.185559,33.459804,24.092780,16.729902,1250,10,0.909091,85.000000,0.000000,20.000000,0.963720,0.000000
0,0.000000,0.222222,0.222222,3.575344,0.033277,74.768707,42.666667,71.681487,34.526067,35.840744,17.263034,2450,1880,0.222222,22.000000,0.000000,35.000000,1.581816,0.000000
0,-0.000000,0.043478,0.032258,0.000000,0.080658,123.520000,94.796800,95.454624,50.000000,47.727312,25.000000,4150,10,0.074074,209.000000,0.000000,45.000000,1.909092,0.000000
0,-0.000000,0.086957,0.032258,0.000000,0.462509,289.960000,544.858131,88.361565,36.684767,44.180782,18.342383,290,10,0.086957,209.000000,0.000000,40.000000,1.767231,0.000000
0,-0.000000,0.043478,0.032258,0.000000,0.080658,123.520000,94.796800,95.454624,50.000000,47.727312,25.000000,6930,10,0.074074,209.000000,0.000000,45.000000,1.909092,0.000000
0,-0.000000,0.043478,0.032258,0.000000,0.080658,123.520000,94.796800,95.454624,50.000000,47.727312,25.000000,2710,10,0.074074,209.000000,0.000000,45.000000,1.909092,0.000000
0,-0.000000,0.043478,0.032258,0.000000,0.080658,123.520000,94.796800,95.454624,50.000000,47.727312,25.000000,3080,10,0.074074,209.000000,0.000000,45.000000,1.909092,0.000000
0,-0.000007,0.142857,0.090909,0.000000,0.089823,80.640000,128.000000,85.454167,38.248427,42.727083,19.124213,3920,10,0.285714,209.000000,0.000000,40.000000,1.709083,0.000000
0,-0.000000,0.062500,0.058824,25.691429,736.127382,24021.000000,44508.000000,75.662523,70.922714,37.831262,35.461357,2350,2050,0.062500,36.000000,0.000000,35.000000,1.588068,7.514727
0,0.000000,0.250000,0.250000,2.290382,0.112095,65.000000,117.562500,73.805273,71.720754,36.902636,35.860377,5360,2350,0.250000,36.000000,0.000000,35.000000,1.539493,1.434469
0,-0.000118,0.250000,0.166667,1.112648,0.000000,206.789941,311.986395,64.800965,87.304778,32.400482,43.652389,3800,280,0.250000,147.000000,0.000000,30.000000,1.300376,1.746096
0,0.000000,0.111111,0.111111,3.647762,0.000000,145.527778,178.319728,80.445721,88.334608,40.222861,44.167304,8800,2450,0.111111,69.000000,0.000000,40.000000,1.757136,1.766692
0,0.000000,0.888889,0.888889,0.103823,0.000000,116.712500,135.653061,57.704742,50.000000,28.852371,25.000000,7570,10,0.888889,192.000000,0.000000,25.000000,1.154148,0.000000
0,0.000000,0.071429,0.071429,0.090569,0.000000,108.511672,159.795918,89.585339,89.743681,44.792669,44.871840,6520,3200,0.071429,19.000000,0.000000,40.000000,1.791745,1.794874
0,0.000000,0.071429,0.071429,0.090569,0.000000,108.511672,159.795918,89.585339,89.743681,44.792669,44.871840,9300,3200,0.071429,19.000000,0.000000,40.000000,1.791745,1.794874
0,0.000000,0.071429,0.071429,0.090569,0.000000,108.511672,159.795918,89.585339,89.743681,44.792669,44.871840,5450,3200,0.071429,19.000000,0.000000,40.000000,1.791745,1.794874
0,0.000000,0.111111,0.111111,3.647762,0.000000,145.527778,178.319728,80.445721,88.334608,40.222861,44.167304,4950,2450,0.111111,69.000000,0.000000,40.000000,1.757136,1.766692
0,0.000000,0.029412,0.029412,0.521430,0.000000,653.969254,562.185000,53.895866,38.421096,26.947933,19.210548,2730,10,0.029412,12.000000,0.000000,25.000000,1.078136,0.000000
0,0.000000,0.222222,0.222222,0.030705,0.000000,73.716253,42.666667,54.437065,38.334608,27.218532,19.167304,3020,10,0.222222,12.000000,0.000000,25.000000,1.088752,0.000000
0,0.000000,0.111111,0.111111,3.647762,0.000000,145.527778,178.319728,80.445721,88.334608,40.222861,44.167304,4580,2450,0.111111,69.000000,0.000000,40.000000,1.757136,1.766692
0,0.000000,0.111111,0.111111,3.647762,0.000000,145.527778,178.319728,80.445721,88.334608,40.222861,44.167304,6020,2450,0.111111,69.000000,0.000000,40.000000,1.757136,1.766692
0,0.000000,0.029412,0.029412,0.066237,0.000000,115.418401,135.653061,66.693698,50.000000,33.346849,25.000000,5520,10,0.029412,12.000000,0.000000,30.000000,1.333900,0.000000
0,0.000000,0.111111,0.111111,21.618548,0.000000,18528.312500,55000.000000,61.858582,35.666015,30.929291,17.833007,970,330,0.111111,160.000000,0.000000,30.000000,1.249784,0.000000
0,0.000000,0.888889,0.888889,0.103823,0.000000,116.712500,135.653061,57.704742,50.000000,28.852371,25.000000,3720,10,0.888889,192.000000,0.000000,25.000000,1.154148,0.000000
0,0.000000,0.071429,0.071429,0.090569,0.000000,108.511672,159.795918,89.585339,89.743681,44.792669,44.871840,5080,3200,0.071429,19.000000,0.000000,40.000000,1.791745,1.794874
0,0.000000,0.888889,0.888889,0.103823,0.000000,116.712500,135.653061,57.704742,50.000000,28.852371,25.000000,3350,10,0.888889,192.000000,0.000000,25.000000,1.154148,0.000000
0,0.000000,0.029412,0.029412,0.078308,0.000000,111.849883,102.059172,53.256726,36.162436,26.628363,18.081218,1060,10,0.029412,12.000000,0.000000,25.000000,1.065172,0.000000
0,-0.000118,0.250000,0.166667,1.112648,0.000000,206.789941,311.986395,64.800965,87.304778,32.400482,43.652389,4170,280,0.250000,147.000000,0.000000,30.000000,1.300376,1.746096
0,-0.000118,0.250000,0.166667,1.112648,0.000000,206.789941,311.986395,64.800965,87.304778,32.400482,43.652389,8020,280,0.250000,147.000000,0.000000,30.000000,1.300376,1.746096
0,0.000000,0.029412,0.029412,0.066237,0.000000,115.418401,135.653061,66.693698,50.000000,33.346849,25.000000,6590,10,0.029412,12.000000,0.000000,30.000000,1.333900,0.000000
0,0.000000,0.916667,0.916667,0.064274,0.000000,102.729587,71.680000,53.997497,38.342992,26.998748,19.171496,1210,10,0.916667,12.000000,0.000000,25.000000,1.079979,0.000000
0,0.000000,0.285714,0.285714,0.014429,0.000000,31.312500,16.000000,43.171177,41.844134,21.585588,20.922067,420,10,0.285714,151.000000,0.000000,20.000000,0.863430,0.000000
0,0.000000,0.333333,0.333333,0.013704,0.000000,53.527376,102.059172,43.512870,36.162436,21.756435,18.081218,760,10,0.333333,117.000000,0.000000,20.000000,0.870264,0.000000
0,0.000000,1.000000,1.000000,0.108042,0.000000,143.049587,180.500000,55.301424,35.410949,27.650712,17.705475,2800,10,1.000000,12.000000,0.000000,25.000000,1.106081,0.000000
0,0.000000,0.285714,0.285714,0.066195,0.000000,103.049587,72.000000,52.461785,37.204357,26.230892,18.602178,2750,10,0.285714,12.000000,0.000000,25.000000,1.049266,0.000000
0,0.000000,0.888889,0.888889,0.103823,0.000000,116.712500,135.653061,57.704742,50.000000,28.852371,25.000000,4790,10,0.888889,192.000000,0.000000,25.000000,1.154148,0.000000
0,0.000000,0.029412,0.029412,0.066237,0.000000,115.418401,135.653061,66.693698,50.000000,33.346849,25.000000,5150,10,0.029412,12.000000,0.000000,30.000000,1.333900,0.000000
0,-0.000118,0.250000,0.166667,1.112648,0.000000,206.789941,311.986395,64.800965,87.304778,32.400482,43.652389,5240,280,0.250000,147.000000,0.000000,30.000000,1.300376,1.746096
0,0.000000,0.090909,0.090909,0.082880,0.000000,159.049587,128.000000,56.706297,40.336800,28.353149,20.168400,6360,10,0.090909,12.000000,0.000000,25.000000,1.134153,0.000000
0,0.000000,0.205882,0.205882,0.182009,0.000000,240.392147,209.342561,55.989925,39.480617,27.994963,19.740308,4880,10,0.205882,12.000000,0.000000,25.000000,1.119878,0.000000
0,0.000000,0.029412,0.029412,0.066237,0.000000,115.418401,135.653061,66.693698,50.000000,33.346849,25.000000,9370,10,0.029412,12.000000,0.000000,30.000000,1.333900,0.000000
0,-0.000052,0.076923,0.096774,3.058031,2.812955,2792.888889,505.337500,88.752634,85.917820,44.376317,42.958910,5820,710,0.103448,236.000000,0.000000,40.000000,1.776730,1.750092
0,-0.000052,0.625000,0.266667,5.424670,0.275076,305.151927,447.183673,73.969024,73.383942,36.984512,36.691971,970,430,0.625000,264.000000,0.000000,35.000000,1.527802,1.467767
0,-0.000002,0.071429,0.055556,2.281749,21.230935,204.102041,1104.000000,73.848531,65.951212,36.924265,32.975606,5140,5000,0.071429,110.000000,0.000000,35.000000,1.583510,1.628225
0,-0.000005,0.090909,0.083333,0.546583,0.287183,646.919668,454.880000,87.202168,86.603145,43.601084,43.301572,9820,2730,0.090909,34.000000,0.000000,40.000000,1.744275,1.732159
0,-0.000002,0.250000,0.142857,0.571932,0.308135,629.111111,490.250000,80.674797,75.991971,40.337399,37.995986,2280,2260,0.562500,81.000000,0.000000,40.000000,1.613757,1.519939
0,0.000025,0.058824,0.392857,4.333512,0.283987,571.101052,463.360000,77.610204,79.715822,38.805102,39.857911,2180,320,0.407407,89.000000,0.000000,35.000000,1.623628,1.594406
0,-0.000052,0.076923,0.096774,3.058031,2.812955,2792.888889,505.337500,88.752634,85.917820,44.376317,42.958910,5390,710,0.103448,236.000000,0.000000,40.000000,1.776730,1.750092
0,-0.000005,0.117647,0.083333,65.498014,23.148383,56620.800000,24844.444444,73.905849,74.314197,36.952924,37.157099,1120,840,0.157895,195.000000,0.000000,35.000000,1.516011,1.497094
0,-0.000000,0.058824,0.055556,0.700264,0.572753,816.277778,796.750000,75.242731,75.279522,37.621365,37.639761,2650,1550,0.058824,42.000000,0.000000,35.000000,1.505155,1.505805
0,0.000000,0.038462,0.250000,3.502859,0.247700,3228.021948,427.000000,79.115793,76.560962,39.557896,38.280481,5260,820,0.250000,225.000000,0.000000,35.000000,1.584216,1.531291
0,-0.000002,0.043478,0.041667,43.792113,22.972521,44460.750000,24507.804444,78.120340,80.823730,39.060170,40.411865,2450,870,0.043478,34.000000,0.000000,35.000000,1.585494,1.627242
0,-0.000000,0.064516,0.052632,0.740476,0.601538,778.410612,800.000000,77.836797,68.170814,38.918399,34.085407,5140,1970,0.064516,110.000000,0.000000,35.000000,1.557089,1.363655
0,-0.000015,0.333333,0.555556,1.258946,21.089245,800.297521,1104.000000,76.932198,70.986687,38.466099,35.493344,4180,1150,0.625000,192.000000,0.000000,35.000000,1.542375,1.728828
0,-0.000052,0.076923,0.096774,3.058031,2.812955,2792.888889,505.337500,88.752634,85.917820,44.376317,42.958910,5980,710,0.103448,236.000000,0.000000,40.000000,1.776730,1.750092
0,-0.000005,0.090909,0.083333,0.546583,0.287183,646.919668,454.880000,87.202168,86.603145,43.601084,43.301572,3080,2730,0.090909,34.000000,0.000000,40.000000,1.744275,1.732159
0,-0.000005,0.090909,0.083333,0.546583,0.287183,646.919668,454.880000,87.202168,86.603145,43.601084,43.301572,5340,2730,0.090909,34.000000,0.000000,40.000000,1.744275,1.732159
0,-0.000225,0.333333,0.076923,0.000000,0.000000,368.000000,582.250000,50.185992,65.508426,25.092996,32.754213,3460,10,0.333333,280.000000,0.000000,25.000000,1.003720,1.310169
0,-0.000001,0.583333,0.444444,0.000000,0.000000,328.995868,796.750000,50.891665,71.219497,25.445833,35.609749,4280,10,0.583333,198.000000,0.000000,25.000000,1.017833,1.424390
0,-0.000000,0.058824,0.027027,0.573382,0.000000,415.648395,609.342561,74.806374,71.701138,37.403187,35.850569,2870,1850,0.058824,339.000000,0.000000,35.000000,1.496526,1.434023
0,-0.000009,0.333333,0.052632,1.415428,0.000000,655.000000,521.384222,69.881720,81.984016,34.940860,40.992008,4050,580,0.714286,568.000000,0.000000,30.000000,1.399168,1.639680
0,-0.000009,0.333333,0.052632,21.980688,0.000000,6805.000000,521.384222,74.913152,81.984016,37.456576,40.992008,840,90,0.714286,542.000000,0.000000,35.000000,1.534068,1.639680
0,-0.000006,0.500000,0.333333,0.000000,0.000000,271.495868,886.000000,48.017110,68.739332,24.008555,34.369666,4280,10,0.500000,198.000000,0.000000,20.000000,0.960342,1.374787
0,-0.000009,0.333333,0.052632,1.415428,0.000000,655.000000,521.384222,69.881720,81.984016,34.940860,40.992008,1270,580,0.714286,568.000000,0.000000,30.000000,1.399168,1.639680
0,0.000000,0.333333,0.333333,0.494103,0.000000,457.852071,1000.000000,74.155783,71.791665,37.077891,35.895832,5020,2890,0.333333,124.000000,0.000000,35.000000,1.483382,1.435833
0,-0.000173,0.200000,0.166667,18.218017,0.000000,737.790816,1040.000000,70.516900,66.532589,35.258450,33.266295,5790,1520,0.200000,47.000000,0.000000,35.000000,1.708724,1.330652
0,-0.000009,0.333333,0.052632,166.614693,0.000000,4451.000000,521.384222,64.231259,81.984016,32.115630,40.992008,630,250,0.714286,563.000000,0.000000,30.000000,4.679676,1.639680
0,-0.000000,0.068966,0.052632,0.273288,0.000000,288.020432,576.072485,44.878876,66.406131,22.439438,33.203065,4850,10,0.068966,141.000000,0.000000,20.000000,0.897727,1.328123
0,0.000000,0.111111,0.111111,3.738342,0.000000,226.197279,442.666667,70.850756,71.076974,35.425378,35.538487,5330,2450,0.111111,93.000000,0.000000,35.000000,1.565286,1.421539
0,0.000000,0.111111,0.111111,1.223043,0.000000,123.939643,164.050889,86.096161,89.159300,43.048081,44.579650,9640,3290,0.111111,12.000000,0.000000,40.000000,1.731126,1.783186
0,0.000000,0.066667,0.066667,1.223043,0.000000,128.456650,168.567896,83.391920,87.163575,41.695960,43.581787,6860,3540,0.066667,12.000000,0.000000,40.000000,1.677041,1.743271
0,0.000000,0.066667,0.066667,1.223043,0.000000,128.456650,168.567896,83.391920,87.163575,41.695960,43.581787,9640,3540,0.066667,12.000000,0.000000,40.000000,1.677041,1.743271
0,0.000000,0.066667,0.066667,1.223043,0.000000,128.456650,168.567896,83.391920,87.163575,41.695960,43.581787,5790,3540,0.066667,12.000000,0.000000,40.000000,1.677041,1.743271
0,0.000000,0.111111,0.111111,1.223043,0.000000,123.939643,164.050889,86.096161,89.159300,43.048081,44.579650,5790,3290,0.111111,12.000000,0.000000,40.000000,1.731126,1.783186
0,0.000000,0.111111,0.111111,1.223043,0.000000,123.939643,164.050889,86.096161,89.159300,43.048081,44.579650,5420,3290,0.111111,12.000000,0.000000,40.000000,1.731126,1.783186
0,0.000000,0.111111,0.111111,1.223043,0.000000,123.939643,164.050889,86.096161,89.159300,43.048081,44.579650,6860,3290,0.111111,12.000000,0.000000,40.000000,1.731126,1.783186
0,0.000000,0.066667,0.066667,1.223043,0.000000,128.456650,168.567896,83.391920,87.163575,41.695960,43.581787,5420,3540,0.066667,12.000000,0.000000,40.000000,1.677041,1.743271
0,0.000000,1.000000,1.000000,0.090375,0.000000,107.125000,109.253780,62.500223,50.000000,31.250112,25.000000,5200,10,1.000000,186.000000,0.000000,30.000000,1.250049,0.000000
0,0.000000,0.142857,0.142857,0.180482,0.000000,240.000000,105.337500,62.500223,50.000000,31.250112,25.000000,6020,10,0.142857,186.000000,0.000000,30.000000,1.250077,0.000000
0,0.000000,0.142857,0.142857,0.180482,0.000000,240.000000,105.337500,62.500223,50.000000,31.250112,25.000000,6450,10,0.142857,186.000000,0.000000,30.000000,1.250077,0.000000
0,0.000000,1.000000,1.000000,0.090375,0.000000,107.125000,109.253780,62.500223,50.000000,31.250112,25.000000,4130,10,1.000000,186.000000,0.000000,30.000000,1.250049,0.000000
0,0.000000,1.000000,1.000000,0.090375,0.000000,107.125000,109.253780,62.500223,50.000000,31.250112,25.000000,7980,10,1.000000,186.000000,0.000000,30.000000,1.250049,0.000000
0,0.000000,0.285714,0.285714,0.020339,0.000000,54.214876,216.346154,36.118486,34.571357,18.059243,17.285678,350,10,0.285714,152.000000,0.000000,15.000000,0.722383,0.000000
0,0.000000,1.000000,1.000000,0.090375,0.000000,107.125000,109.253780,62.500223,50.000000,31.250112,25.000000,3760,10,1.000000,186.000000,0.000000,30.000000,1.250049,0.000000
0,0.000000,0.142857,0.142857,0.180482,0.000000,240.000000,105.337500,62.500223,50.000000,31.250112,25.000000,6610,10,0.142857,186.000000,0.000000,30.000000,1.250077,0.000000
0,0.000000,0.142857,0.142857,21.080506,0.000000,18529.000000,24444.444444,48.646883,38.480470,24.323442,19.240235,1060,10,0.142857,186.000000,0.000000,20.000000,0.984940,0.000000
0,0.000000,0.285714,0.285714,0.015628,0.000000,45.040000,71.680000,68.333140,30.112739,34.166570,15.056370,1580,10,0.285714,29.000000,0.000000,30.000000,1.366670,0.000000
0,0.000000,0.200000,0.200000,1.223043,0.000000,117.272977,103.859375,66.915128,50.000000,33.457564,25.000000,5790,10,0.200000,42.000000,0.000000,30.000000,1.347505,0.000000
0,0.000000,0.200000,0.200000,1.223043,0.000000,117.272977,103.859375,66.915128,50.000000,33.457564,25.000000,6860,10,0.200000,42.000000,0.000000,30.000000,1.347505,0.000000
0,0.000000,0.200000,0.200000,0.000000,0.000000,24480.444444,29258.555556,56.858896,37.968192,28.429448,18.984096,2720,10,0.200000,42.000000,0.000000,25.000000,1.137178,0.000000
0,0.000000,0.400000,0.400000,0.000000,0.000000,218.250000,464.750000,51.547048,31.374494,25.773524,15.687247,2720,10,0.400000,42.000000,0.000000,25.000000,1.030941,0.000000
0,0.000000,0.200000,0.200000,1.223043,0.000000,117.272977,103.859375,66.915128,50.000000,33.457564,25.000000,5420,10,0.200000,42.000000,0.000000,30.000000,1.347505,0.000000
0,0.000000,0.200000,0.200000,1.223043,0.000000,117.272977,103.859375,66.915128,50.000000,33.457564,25.000000,9640,10,0.200000,42.000000,0.000000,30.000000,1.347505,0.000000
0,0.000000,0.200000,0.200000,0.000000,0.000000,211.000000,355.555556,59.909479,38.299021,29.954739,19.149511,1900,10,0.200000,42.000000,0.000000,25.000000,1.198190,0.000000
0,0.000000,0.200000,0.200000,1.866190,0.000000,311.625000,275.625000,60.475587,35.955954,30.237793,17.977977,5390,220,0.200000,21.000000,0.000000,30.000000,1.215657,0.000000
0,0.000000,0.250000,0.250000,2.236334,0.042970,59.419660,49.561600,50.789260,31.356592,25.394630,15.678296,3290,250,0.250000,37.000000,0.000000,25.000000,1.091847,0.000000
0,-0.000000,1.000000,0.833333,0.151146,1.539889,206.728395,1589.301775,47.776051,70.657706,23.888025,35.328853,5250,10,1.000000,64.000000,0.000000,20.000000,0.955582,1.413901
0,0.000000,0.032258,0.047619,0.643851,0.183336,650.574876,207.845142,41.298328,79.213815,20.649164,39.606907,3830,10,0.050000,206.000000,0.000000,20.000000,0.826305,1.584358
0,0.000000,0.142857,0.142857,3.230428,0.000000,528.666667,741.750000,74.785808,80.092951,37.392904,40.046475,3290,1900,0.142857,104.000000,0.000000,35.000000,1.506452,1.601859
0,-0.000000,0.111111,0.100000,9.555989,0.000000,351.340136,218.910494,67.466042,78.257340,33.733021,39.128670,4310,2450,0.111111,188.000000,0.000000,30.000000,1.555816,1.565147
0,0.000000,0.142857,0.142857,3.230428,0.000000,695.342561,677.160494,75.569701,77.578735,37.784851,38.789368,5150,1900,0.142857,104.000000,0.000000,35.000000,1.522130,1.551575
0,0.000000,0.041667,0.041667,7.725294,0.000000,168.280379,234.799994,70.811086,74.095295,35.405543,37.047648,5980,2160,0.041667,21.000000,0.000000,35.000000,1.633672,1.481906
0,0.000000,0.142857,0.142857,8.104088,0.000000,622.392623,757.639500,73.934890,75.930906,36.967445,37.965453,2730,2160,0.142857,21.000000,0.000000,35.000000,1.696306,1.518618
0,0.000000,0.133333,0.133333,2.296882,0.000000,122.669660,922.250000,65.235079,79.814283,32.617539,39.907142,3290,3240,0.133333,91.000000,0.000000,30.000000,1.380791,1.596286
0,0.000000,0.031250,0.031250,7.755829,0.000000,199.262446,989.639500,68.582541,75.099434,34.291270,37.549717,3900,2160,0.031250,30.000000,0.000000,30.000000,1.589116,1.501989
0,0.000073,0.076923,0.105263,2.329185,0.000000,169.607868,909.160494,65.598504,77.035523,32.799252,38.517761,5370,3290,0.105263,91.000000,0.000000,30.000000,1.388070,1.540710
0,0.000037,0.111111,0.111111,2.248622,0.000000,75.086326,973.750000,64.649385,78.513464,32.324693,39.256732,3510,3290,0.111111,91.000000,0.000000,30.000000,1.369054,1.570269
0,-0.000210,0.333333,0.384615,0.020058,0.000000,49.040000,1561.000000,48.129679,75.936963,24.064840,37.968482,1600,10,0.416667,260.000000,0.000000,20.000000,0.962604,1.518739
0,0.000000,0.222222,0.250000,0.000000,0.077845,142.413223,116.793941,85.852085,49.142158,42.926043,24.571079,4220,10,0.272727,269.000000,0.000000,40.000000,1.717042,0.000000
0,-0.000000,0.100000,0.083333,1.546513,0.045397,61.500000,54.880000,78.671170,50.000000,39.335585,25.000000,2770,630,0.100000,207.000000,0.000000,35.000000,1.620600,0.000000
0,0.000000,0.222222,0.250000,0.000000,0.077845,142.413223,116.793941,85.852085,49.142158,42.926043,24.571079,5660,10,0.272727,269.000000,0.000000,40.000000,1.717042,0.000000
0,0.000000,0.062500,0.062500,0.663375,0.085959,46.772982,144.500000,81.878994,41.108067,40.939497,20.554034,2780,2510,0.062500,19.000000,0.000000,40.000000,1.644644,0.000000
0,0.000000,0.222222,0.250000,0.000000,0.077845,142.413223,116.793941,85.852085,49.142158,42.926043,24.571079,4590,10,0.272727,269.000000,0.000000,40.000000,1.717042,0.000000
0,0.000000,0.125000,0.125000,0.000000,0.000000,38.434139,0.000000,51.436773,0.000000,25.718387,0.000000,2250,10,0.125000,45.000000,0.000000,25.000000,1.028735,0.000000
0,0.000000,0.777778,0.687500,0.023063,0.041154,67.183673,52.932099,81.899825,37.824112,40.949913,18.912056,80,10,0.800000,262.000000,0.000000,40.000000,1.638010,0.000000
0,-0.000007,0.833333,0.625000,0.000000,0.117222,36.000000,121.500000,54.406789,38.550466,27.203394,19.275233,30,10,0.833333,269.000000,0.000000,25.000000,1.088136,0.000000
0,-0.000000,0.100000,0.083333,1.546513,0.045397,61.500000,54.880000,78.671170,50.000000,39.335585,25.000000,5030,630,0.100000,207.000000,0.000000,35.000000,1.620600,0.000000
0,0.000000,0.222222,0.250000,0.000000,0.077845,142.413223,116.793941,85.852085,49.142158,42.926043,24.571079,8440,10,0.272727,269.000000,0.000000,40.000000,1.717042,0.000000
0,-0.000000,0.100000,0.083333,1.546513,0.045397,61.500000,54.880000,78.671170,50.000000,39.335585,25.000000,9510,630,0.100000,207.000000,0.000000,35.000000,1.620600,0.000000
0,-0.000000,0.111111,0.187500,0.000000,0.120126,68.084711,157.090909,50.681692,38.907070,25.340846,19.453535,130,10,0.272727,269.000000,0.000000,25.000000,1.013634,0.000000
0,-0.000000,0.142857,0.062500,0.149288,0.041924,179.250000,62.500000,79.939219,40.156285,39.969609,20.078143,5320,1380,0.200000,132.000000,0.000000,35.000000,1.598847,0.000000
0,-0.000001,0.285714,0.166667,0.610825,0.109695,638.111111,128.000000,72.131858,36.502427,36.065929,18.251214,3170,1050,0.285714,165.000000,0.000000,35.000000,1.442930,0.000000
0,0.000000,0.071429,0.071429,0.699028,0.000000,94.056933,208.722222,79.148400,81.692211,39.574200,40.846105,2780,1400,0.071429,20.000000,0.000000,35.000000,1.590045,1.633844
0,-0.000008,0.055556,0.052632,1.364441,0.000000,817.334711,1228.250000,74.968645,77.117594,37.484322,38.558797,7330,2780,0.055556,20.000000,0.000000,35.000000,1.506756,1.542352
0,0.000000,0.250000,0.250000,0.000000,0.077642,113.983471,116.793941,57.677053,49.354241,28.838527,24.677120,10680,10,0.250000,47.000000,0.000000,25.000000,1.153541,0.000000
0,0.000000,0.250000,0.250000,0.000000,0.077642,113.983471,116.793941,57.677053,49.354241,28.838527,24.677120,7900,10,0.250000,47.000000,0.000000,25.000000,1.153541,0.000000
0,0.000000,0.100000,0.100000,0.000000,0.144412,282.628832,235.672500,57.720265,50.000000,28.860132,25.000000,8720,10,0.100000,47.000000,0.000000,25.000000,1.154405,0.000000
0,-0.000000,0.125000,0.166667,0.000000,0.109409,171.495868,128.000000,48.731283,36.675120,24.365642,18.337560,4370,10,0.222222,47.000000,0.000000,20.000000,0.974626,0.000000
0,0.000000,0.100000,0.100000,0.000000,0.144412,282.628832,235.672500,57.720265,50.000000,28.860132,25.000000,9310,10,0.100000,47.000000,0.000000,25.000000,1.154405,0.000000
0,0.000000,0.100000,0.100000,0.000000,0.041046,77.183368,52.932099,50.205222,38.002083,25.102611,19.001041,2180,10,0.100000,47.000000,0.000000,25.000000,1.004104,0.000000
0,0.000000,0.111111,0.111111,0.000000,0.026197,52.745868,31.250000,49.900708,43.083704,24.950354,21.541852,670,10,0.111111,47.000000,0.000000,20.000000,0.998014,0.000000
0,0.000000,0.250000,0.250000,0.000000,0.077642,113.983471,116.793941,57.677053,49.354241,28.838527,24.677120,6830,10,0.250000,47.000000,0.000000,25.000000,1.153541,0.000000
0,-0.000211,0.230769,0.214286,0.000000,0.070492,75.575868,104.040000,47.748857,37.178394,23.874429,18.589197,7670,10,0.230769,47.000000,0.000000,20.000000,0.954977,0.000000
0,0.000000,0.100000,0.100000,0.000000,0.144412,282.628832,235.672500,57.720265,50.000000,28.860132,25.000000,9150,10,0.100000,47.000000,0.000000,25.000000,1.154405,0.000000
0,-0.000001,0.142857,0.125000,0.000000,0.116916,66.495868,121.500000,50.806519,38.622037,25.403259,19.311019,2270,10,0.142857,47.000000,0.000000,25.000000,1.016130,0.000000
0,0.000000,0.333333,0.333333,0.000000,0.061846,111.745868,90.250000,49.875809,41.985837,24.937905,20.992918,4060,10,0.333333,47.000000,0.000000,20.000000,0.997516,0.000000
0,0.000000,0.578947,0.578947,0.000000,0.041815,98.656362,62.500000,46.784019,40.148569,23.392009,20.074284,6190,10,0.578947,47.000000,0.000000,20.000000,0.935680,0.000000
0,0.000000,0.250000,0.250000,0.000000,0.077642,113.983471,116.793941,57.677053,49.354241,28.838527,24.677120,6460,10,0.250000,47.000000,0.000000,25.000000,1.153541,0.000000
0,-0.000000,0.090909,0.071429,53.111512,13.763997,55029.040000,16579.111111,62.737444,38.437522,31.368722,19.218761,2630,10,0.090909,175.000000,0.000000,30.000000,1.280393,0.000000
0,-0.000000,1.000000,0.857143,0.099699,1.981583,157.261451,138.162604,76.396574,48.484848,38.198287,24.242424,5700,10,1.000000,175.000000,0.000000,35.000000,1.527970,0.000000
0,0.000000,0.142857,0.142857,2.421243,0.049953,119.909722,63.037500,76.290870,37.117708,38.145435,18.558854,2100,1060,0.142857,70.000000,0.000000,35.000000,1.569816,0.000000
0,-0.000000,1.000000,0.857143,0.099699,1.981583,157.261451,138.162604,76.396574,48.484848,38.198287,24.242424,6770,10,1.000000,175.000000,0.000000,35.000000,1.527970,0.000000
0,0.000000,0.222222,0.222222,0.060443,0.025593,102.930000,31.250000,58.897286,43.373235,29.448643,21.686617,480,10,0.222222,128.000000,0.000000,25.000000,1.177971,0.000000
0,-0.000000,0.363636,0.357143,0.097611,0.153472,131.099172,197.883951,63.163903,37.785242,31.581952,18.892621,1240,10,0.416667,175.000000,0.000000,30.000000,1.263325,0.000000
0,-0.000000,1.000000,0.857143,0.099699,1.981583,157.261451,138.162604,76.396574,48.484848,38.198287,24.242424,5330,10,1.000000,175.000000,0.000000,35.000000,1.527970,0.000000
0,-0.000000,1.000000,0.857143,0.099699,1.981583,157.261451,138.162604,76.396574,48.484848,38.198287,24.242424,9550,10,1.000000,175.000000,0.000000,35.000000,1.527970,0.000000
0,-0.000005,0.071429,0.066667,2.542127,0.329411,2961.132964,535.672500,100.000000,100.000000,50.000000,50.000000,9280,3890,0.071429,70.000000,0.000000,50.000000,2.001098,2.000102
0,0.000037,0.142857,0.533333,3.394463,0.935124,2741.795918,1285.680000,89.817123,85.733238,44.908561,42.866619,3070,2540,0.533333,70.000000,0.000000,40.000000,1.809846,1.715006
0,-0.000005,0.071429,0.066667,2.542127,0.329411,2961.132964,535.672500,100.000000,100.000000,50.000000,50.000000,9280,2540,0.071429,70.000000,0.000000,50.000000,2.001098,2.000102
0,-0.000005,0.071429,0.066667,2.542127,0.329411,2961.132964,535.672500,100.000000,100.000000,50.000000,50.000000,8850,2540,0.071429,70.000000,0.000000,50.000000,2.001098,2.000102
0,-0.000005,0.071429,0.066667,2.542127,0.329411,2961.132964,535.672500,100.000000,100.000000,50.000000,50.000000,8850,3890,0.071429,70.000000,0.000000,50.000000,2.001098,2.000102
0,-0.000005,0.071429,0.066667,2.542127,0.329411,2961.132964,535.672500,100.000000,100.000000,50.000000,50.000000,9440,2540,0.071429,70.000000,0.000000,50.000000,2.001098,2.000102
0,-0.000005,0.071429,0.066667,2.542127,0.329411,2961.132964,535.672500,100.000000,100.000000,50.000000,50.000000,9440,3890,0.071429,70.000000,0.000000,50.000000,2.001098,2.000102
0,0.000037,0.142857,0.533333,3.394463,0.935124,2741.795918,1285.680000,89.817123,85.733238,44.908561,42.866619,3890,3070,0.533333,70.000000,0.000000,40.000000,1.809846,1.715006
0,0.000000,0.111111,0.111111,0.991340,0.000000,170.787037,141.750000,82.303118,41.313332,41.151559,20.656666,4590,2440,0.111111,61.000000,0.000000,40.000000,1.660688,0.000000
0,-0.000000,0.166667,0.105263,0.030394,0.000000,83.183673,735.000000,83.284322,38.574444,41.642161,19.287222,4900,10,0.411765,304.000000,0.000000,40.000000,1.665699,0.000000
0,0.000000,0.090909,0.090909,0.044052,0.000000,84.954649,27.777778,53.868708,22.990087,26.934354,11.495044,2950,10,0.090909,10.000000,0.000000,25.000000,1.077391,0.000000
0,-0.000000,0.090909,0.083333,1.528655,0.000000,48.500000,1435.000000,79.688418,88.574444,39.844209,44.287222,5450,5030,0.090909,249.000000,0.000000,35.000000,1.640933,1.771489
0,-0.000001,0.500000,0.083333,0.695805,0.000000,84.714711,2023.000000,89.194172,88.170097,44.597086,44.085049,11390,2780,0.500000,61.000000,0.000000,40.000000,1.790961,1.763402
0,-0.000000,0.090909,0.083333,1.528655,0.000000,48.500000,1435.000000,79.688418,88.574444,39.844209,44.287222,5450,2770,0.090909,249.000000,0.000000,35.000000,1.640933,1.771489
0,-0.000054,0.047619,0.043478,0.173781,0.000000,214.610000,108.000000,83.120278,36.739500,41.560139,18.369750,5320,1310,0.090909,174.000000,0.000000,40.000000,1.662476,0.000000
0,-0.000000,0.500000,0.583333,0.454527,0.000000,74.183673,700.000000,93.750000,50.000000,46.875000,25.000000,4480,10,0.666667,304.000000,0.000000,45.000000,1.878826,0.000000
0,-0.000006,0.066667,0.083333,0.063245,0.000000,106.687806,216.090278,62.110154,37.726392,31.055077,18.863196,200,10,0.111111,304.000000,0.000000,30.000000,1.242237,0.000000
0,0.000000,0.083333,0.083333,0.045044,0.000000,78.000000,744.307692,79.703354,84.799403,39.851677,42.399702,7140,10,0.083333,38.000000,0.000000,35.000000,1.594086,1.695988
0,0.000000,0.722222,0.722222,0.033075,0.000000,65.995000,44.307692,67.874619,34.799403,33.937310,17.399702,2670,10,0.722222,38.000000,0.000000,30.000000,1.357505,0.000000
0,-0.000006,0.133333,0.083333,0.109724,0.000000,164.216760,161.707284,93.750000,48.928935,46.875000,24.464467,4290,10,0.133333,304.000000,0.000000,45.000000,1.875051,0.000000
0,-0.000006,0.133333,0.083333,0.109724,0.000000,164.216760,161.707284,93.750000,48.928935,46.875000,24.464467,5730,10,0.133333,304.000000,0.000000,45.000000,1.875051,0.000000
0,-0.000001,0.500000,0.083333,0.695805,0.000000,84.714711,2023.000000,89.194172,88.170097,44.597086,44.085049,6910,2780,0.500000,61.000000,0.000000,40.000000,1.790961,1.763402
0,-0.000001,0.500000,0.083333,0.695805,0.000000,84.714711,2023.000000,89.194172,88.170097,44.597086,44.085049,4650,2780,0.500000,61.000000,0.000000,40.000000,1.790961,1.763402
0,-0.000006,0.133333,0.083333,0.109724,0.000000,164.216760,161.707284,93.750000,48.928935,46.875000,24.464467,4660,10,0.133333,304.000000,0.000000,45.000000,1.875051,0.000000
0,-0.000006,0.133333,0.083333,0.109724,0.000000,164.216760,161.707284,93.750000,48.928935,46.875000,24.464467,8510,10,0.133333,304.000000,0.000000,45.000000,1.875051,0.000000
0,0.000000,0.071429,0.071429,3.265683,0.000000,994.333333,958.222222,72.060009,37.911232,36.030005,18.955616,3300,2540,0.071429,51.000000,0.000000,35.000000,1.465485,0.000000
0,-0.000000,0.500000,0.375000,0.022470,0.000000,63.183673,121.500000,67.411684,40.707915,33.705842,20.353958,100,10,0.500000,304.000000,0.000000,30.000000,1.348249,0.000000
0,-0.000000,0.090909,0.083333,1.528655,0.000000,48.500000,1435.000000,79.688418,88.574444,39.844209,44.287222,9510,5450,0.090909,249.000000,0.000000,35.000000,1.640933,1.771489
0,-0.000002,0.142857,0.076923,0.588987,0.000000,621.923875,203.062500,79.223668,36.738992,39.611834,18.369496,3170,980,0.142857,207.000000,0.000000,35.000000,1.584752,0.000000
0,0.000000,0.083333,0.083333,0.045044,0.000000,78.000000,744.307692,79.703354,84.799403,39.851677,42.399702,11620,10,0.083333,38.000000,0.000000,35.000000,1.594086,1.695988
0,0.000000,0.083333,0.083333,0.045044,0.000000,78.000000,744.307692,79.703354,84.799403,39.851677,42.399702,4880,10,0.083333,38.000000,0.000000,35.000000,1.594086,1.695988
0,-0.000000,0.809524,0.666667,1.570003,0.000000,58.871748,1323.000000,80.608624,38.170097,40.304312,19.085049,2780,2440,0.809524,61.000000,0.000000,40.000000,1.633838,0.000000
0,-0.000000,0.500000,0.583333,0.454527,0.000000,74.183673,700.000000,93.750000,50.000000,46.875000,25.000000,2220,10,0.666667,304.000000,0.000000,45.000000,1.878826,0.000000
0,-0.000000,0.500000,0.583333,0.454527,0.000000,74.183673,700.000000,93.750000,50.000000,46.875000,25.000000,8960,10,0.666667,304.000000,0.000000,45.000000,1.878826,0.000000
0,0.000004,0.040000,0.043478,0.157761,0.000000,215.897382,1166.380194,88.492467,87.419857,44.246234,43.709929,6730,3210,0.043478,73.000000,0.000000,40.000000,1.769908,1.748397
0,-0.000016,0.090909,0.071429,35.177534,0.000000,821.487603,1804.880194,85.995762,88.917006,42.997881,44.458503,6830,2520,0.090909,100.000000,0.000000,40.000000,2.568652,1.778340
0,-0.000001,0.066667,0.052632,0.283260,0.000000,128.268328,517.880194,81.598516,89.676875,40.799258,44.838438,7450,4130,0.066667,145.000000,0.000000,40.000000,1.632349,1.793538
0,-0.000001,0.066667,0.052632,0.283260,0.000000,128.268328,517.880194,81.598516,89.676875,40.799258,44.838438,10230,4130,0.066667,145.000000,0.000000,40.000000,1.632349,1.793538
0,-0.000001,0.066667,0.052632,0.283260,0.000000,128.268328,517.880194,81.598516,89.676875,40.799258,44.838438,6380,4130,0.066667,145.000000,0.000000,40.000000,1.632349,1.793538
0,0.000000,0.100000,0.111111,0.276880,0.000000,144.084655,623.630194,79.050198,91.345651,39.525099,45.672826,6380,3880,0.111111,145.000000,0.000000,35.000000,1.581375,1.826913
0,0.000000,0.025000,0.073171,27.794343,0.000000,397.525587,361.499660,70.519902,72.601905,35.259951,36.300953,8960,2180,0.073171,119.000000,0.000000,35.000000,2.877940,1.452038
0,-0.000016,0.090909,0.071429,35.177534,0.000000,821.487603,1804.880194,85.995762,88.917006,42.997881,44.458503,7900,2520,0.090909,100.000000,0.000000,40.000000,2.568652,1.778340
0,0.000000,0.111111,0.111111,0.581919,0.000000,961.707284,1281.880194,98.021045,100.000000,49.010522,50.000000,8730,840,0.111111,17.000000,0.000000,45.000000,1.960598,2.000000
0,0.000000,0.111111,0.111111,0.581919,0.000000,961.707284,1281.880194,98.021045,100.000000,49.010522,50.000000,11510,840,0.111111,17.000000,0.000000,45.000000,1.960598,2.000000
0,-0.000011,0.166667,0.142857,0.722733,0.000000,89.661133,1181.880194,63.459764,83.643180,31.729882,41.821590,6230,170,0.166667,123.000000,0.000000,30.000000,1.283384,1.672864
0,-0.000011,0.166667,0.142857,0.722733,0.000000,89.661133,1181.880194,63.459764,83.643180,31.729882,41.821590,7670,170,0.166667,123.000000,0.000000,30.000000,1.283384,1.672864
0,-0.000001,0.066667,0.052632,0.283260,0.000000,128.268328,517.880194,81.598516,89.676875,40.799258,44.838438,6010,4130,0.066667,145.000000,0.000000,40.000000,1.632349,1.793538
0,0.000000,0.111111,0.111111,0.581919,0.000000,961.707284,1281.880194,98.021045,100.000000,49.010522,50.000000,7290,840,0.111111,17.000000,0.000000,45.000000,1.960598,2.000000
0,0.000000,0.111111,0.111111,0.581919,0.000000,961.707284,1281.880194,98.021045,100.000000,49.010522,50.000000,11510,2790,0.111111,17.000000,0.000000,45.000000,1.960598,2.000000
0,-0.000016,0.090909,0.071429,35.177534,0.000000,821.487603,1804.880194,85.995762,88.917006,42.997881,44.458503,10680,2520,0.090909,100.000000,0.000000,40.000000,2.568652,1.778340
0,0.000004,0.040000,0.043478,0.157761,0.000000,215.897382,1166.380194,88.492467,87.419857,44.246234,43.709929,10950,3210,0.043478,73.000000,0.000000,40.000000,1.769908,1.748397
0,0.000007,0.080000,0.086957,0.236076,0.000000,298.558163,810.327160,76.243752,60.021763,38.121876,30.010881,3210,2640,0.086957,73.000000,0.000000,35.000000,1.524968,1.200435
0,0.000000,0.100000,0.111111,0.276880,0.000000,144.084655,623.630194,79.050198,91.345651,39.525099,45.672826,10230,3880,0.111111,145.000000,0.000000,35.000000,1.581375,1.826913
0,0.000000,0.111111,0.111111,0.581919,0.000000,961.707284,1281.880194,98.021045,100.000000,49.010522,50.000000,7660,2790,0.111111,17.000000,0.000000,45.000000,1.960598,2.000000
0,0.000000,0.222222,0.222222,0.636803,0.000000,1016.090278,925.827160,87.397664,72.601905,43.698832,36.300953,3200,2790,0.222222,17.000000,0.000000,40.000000,1.748156,1.452038
0,0.000000,0.100000,0.111111,0.276880,0.000000,144.084655,623.630194,79.050198,91.345651,39.525099,45.672826,6010,3880,0.111111,145.000000,0.000000,35.000000,1.581375,1.826913
0,0.000000,0.111111,0.111111,0.581919,0.000000,961.707284,1281.880194,98.021045,100.000000,49.010522,50.000000,7290,2790,0.111111,17.000000,0.000000,45.000000,1.960598,2.000000
0,0.000000,0.222222,0.222222,0.636803,0.000000,1016.090278,925.827160,87.397664,72.601905,43.698832,36.300953,3200,840,0.222222,17.000000,0.000000,40.000000,1.748156,1.452038
0,0.000000,0.100000,0.111111,0.276880,0.000000,144.084655,623.630194,79.050198,91.345651,39.525099,45.672826,7450,3880,0.111111,145.000000,0.000000,35.000000,1.581375,1.826913
0,0.000000,0.111111,0.111111,0.581919,0.000000,961.707284,1281.880194,98.021045,100.000000,49.010522,50.000000,7660,840,0.111111,17.000000,0.000000,45.000000,1.960598,2.000000
0,-0.000000,0.142857,0.083333,0.588544,0.000000,524.214876,566.827160,40.943588,63.481939,20.471794,31.740970,580,10,0.142857,336.000000,0.000000,20.000000,0.819228,1.269639
0,-0.000000,0.200000,0.166667,0.091034,0.000000,102.214876,305.827160,39.996532,61.545037,19.998266,30.772518,600,30,0.200000,334.000000,0.000000,15.000000,0.799972,1.230901
0,0.000000,0.111111,0.111111,0.581919,0.000000,961.707284,1281.880194,98.021045,100.000000,49.010522,50.000000,8730,2790,0.111111,17.000000,0.000000,45.000000,1.960598,2.000000
0,-0.000021,0.250000,0.285714,0.000000,0.000000,212.617284,825.827160,52.605885,56.245085,26.302942,28.122543,1980,10,0.333333,139.000000,0.000000,25.000000,1.052118,1.124902
0,-0.000002,0.142857,0.105263,0.109314,0.000000,111.536457,161.827160,75.297275,62.278781,37.648637,31.139390,3200,990,0.142857,238.000000,0.000000,35.000000,1.505999,1.245576
0,0.000000,0.025000,0.073171,27.794343,0.000000,397.525587,361.499660,70.519902,72.601905,35.259951,36.300953,9120,2180,0.073171,119.000000,0.000000,35.000000,2.877940,1.452038
0,-0.000011,0.166667,0.142857,0.722733,0.000000,89.661133,1181.880194,63.459764,83.643180,31.729882,41.821590,10450,170,0.166667,123.000000,0.000000,30.000000,1.283384,1.672864
0,0.000004,0.040000,0.043478,0.157761,0.000000,215.897382,1166.380194,88.492467,87.419857,44.246234,43.709929,7100,3210,0.043478,73.000000,0.000000,40.000000,1.769908,1.748397
0,0.000000,0.025000,0.073171,27.794343,0.000000,397.525587,361.499660,70.519902,72.601905,35.259951,36.300953,8530,2180,0.073171,119.000000,0.000000,35.000000,2.877940,1.452038
0,0.000004,0.040000,0.043478,0.157761,0.000000,215.897382,1166.380194,88.492467,87.419857,44.246234,43.709929,8170,3210,0.043478,73.000000,0.000000,40.000000,1.769908,1.748397
0,-0.000011,0.166667,0.142857,0.722733,0.000000,89.661133,1181.880194,63.459764,83.643180,31.729882,41.821590,6600,170,0.166667,123.000000,0.000000,30.000000,1.283384,1.672864
0,-0.000016,0.090909,0.071429,35.177534,0.000000,821.487603,1804.880194,85.995762,88.917006,42.997881,44.458503,6460,2520,0.090909,100.000000,0.000000,40.000000,2.568652,1.778340
0,-0.000000,0.100000,0.083333,23.514112,0.318208,24619.444444,441.000000,77.294039,40.975326,38.647019,20.487663,2710,1890,0.100000,226.000000,0.000000,35.000000,1.557111,0.000000
0,-0.000001,0.111111,0.100000,26.563213,0.044691,29289.805556,54.000000,62.348162,40.324975,31.174081,20.162487,3100,10,0.111111,187.000000,0.000000,30.000000,1.259021,0.000000
0,-0.000000,0.166667,0.153846,236.095623,0.207334,17975.440000,250.000000,67.150536,34.867968,33.575268,17.433984,4430,3820,0.166667,115.000000,0.000000,30.000000,2.903122,0.000000
0,0.000143,0.368421,0.257143,23.432502,0.382666,18611.000000,568.028571,83.214955,50.000000,41.607477,25.000000,4040,970,0.368421,400.000000,0.000000,40.000000,1.693967,0.000000
0,0.000143,0.368421,0.257143,23.432502,0.382666,18611.000000,568.028571,83.214955,50.000000,41.607477,25.000000,3670,970,0.368421,400.000000,0.000000,40.000000,1.693967,0.000000
0,-0.000043,0.153846,0.117647,23.502726,0.813049,24626.694444,995.312500,68.753816,36.123864,34.376908,18.061932,2710,2710,0.153846,226.000000,0.000000,30.000000,1.386291,0.000000
0,0.000000,0.038462,0.038462,0.803412,0.036054,16623.418803,44.307692,71.364306,39.970677,35.682153,19.985339,4540,300,0.038462,43.000000,0.000000,35.000000,1.434570,0.000000
0,-0.000001,0.071429,0.047619,24.229429,11.766952,24720.069444,465.612245,70.945971,35.591518,35.472986,17.795759,5390,2930,0.071429,204.000000,0.000000,35.000000,1.435309,0.000000
0,0.000143,0.368421,0.257143,23.432502,0.382666,18611.000000,568.028571,83.214955,50.000000,41.607477,25.000000,5110,970,0.368421,400.000000,0.000000,40.000000,1.693967,0.000000
0,0.000003,0.052632,0.045455,20.021355,0.070694,18551.214876,125.827160,45.013275,30.093738,22.506638,15.046869,1400,10,0.052632,357.000000,0.000000,20.000000,0.911092,0.000000
0,0.000143,0.368421,0.257143,23.432502,0.382666,18611.000000,568.028571,83.214955,50.000000,41.607477,25.000000,7890,970,0.368421,400.000000,0.000000,40.000000,1.693967,0.000000
0,0.000000,0.200000,0.200000,20.824966,0.302171,24031.062500,392.000000,72.477383,39.795981,36.238692,19.897990,3720,910,0.200000,125.000000,0.000000,35.000000,1.458572,0.000000
0,-0.000001,0.111111,0.100000,0.054803,2.290085,126.794218,2646.000000,74.642850,89.483402,37.321425,44.741701,8060,10,0.111111,191.000000,0.000000,35.000000,1.492873,1.790659
0,0.000000,0.090909,0.090909,0.137170,2.258930,263.450278,2619.777778,65.208297,84.564913,32.604148,42.282456,9490,10,0.090909,48.000000,0.000000,30.000000,1.304206,1.692274
0,0.000000,1.000000,0.666667,5.618811,2.307426,425.000000,2703.111111,87.500000,90.817829,43.750000,45.408915,5260,10,1.000000,530.000000,0.000000,40.000000,1.798571,1.817347
0,-0.000006,0.083333,0.291667,0.000000,2.735365,347.388889,3276.500000,66.207867,87.003822,33.103933,43.501911,6380,10,0.375000,418.000000,0.000000,30.000000,1.324157,1.741224
0,-0.000006,0.083333,0.291667,0.000000,2.735365,347.388889,3276.500000,66.207867,87.003822,33.103933,43.501911,6220,10,0.375000,418.000000,0.000000,30.000000,1.324157,1.741224
0,0.000000,1.000000,0.666667,5.618811,2.307426,425.000000,2703.111111,87.500000,90.817829,43.750000,45.408915,5100,10,1.000000,530.000000,0.000000,40.000000,1.798571,1.817347
0,-0.000001,0.111111,0.100000,0.054803,2.290085,126.794218,2646.000000,74.642850,89.483402,37.321425,44.741701,8490,10,0.111111,191.000000,0.000000,35.000000,1.492873,1.790659
0,-0.000006,0.083333,0.291667,0.000000,2.735365,347.388889,3276.500000,66.207867,87.003822,33.103933,43.501911,5790,10,0.375000,418.000000,0.000000,30.000000,1.324157,1.741224
0,-0.000001,0.111111,0.100000,0.054803,2.290085,126.794218,2646.000000,74.642850,89.483402,37.321425,44.741701,8650,10,0.111111,191.000000,0.000000,35.000000,1.492873,1.790659
0,0.000000,0.090909,0.090909,0.137170,2.258930,263.450278,2619.777778,65.208297,84.564913,32.604148,42.282456,10080,10,0.090909,48.000000,0.000000,30.000000,1.304206,1.692274
0,0.000000,1.000000,0.666667,5.618811,2.307426,425.000000,2703.111111,87.500000,90.817829,43.750000,45.408915,4670,10,1.000000,530.000000,0.000000,40.000000,1.798571,1.817347
0,0.000000,0.090909,0.090909,0.137170,2.258930,263.450278,2619.777778,65.208297,84.564913,32.604148,42.282456,9920,10,0.090909,48.000000,0.000000,30.000000,1.304206,1.692274
0,-0.000000,0.083333,0.071429,3.156249,3.190745,745.337500,3915.000000,83.580104,87.771149,41.790052,43.885575,8340,1970,0.083333,222.000000,0.000000,40.000000,1.703529,1.756733
0,-0.000000,0.083333,0.071429,3.156249,3.190745,745.337500,3915.000000,83.580104,87.771149,41.790052,43.885575,7750,1970,0.083333,222.000000,0.000000,40.000000,1.703529,1.756733
0,-0.000000,0.083333,0.071429,3.156249,3.190745,745.337500,3915.000000,83.580104,87.771149,41.790052,43.885575,8180,1970,0.083333,222.000000,0.000000,40.000000,1.703529,1.756733
0,0.000000,0.142857,0.142857,0.042232,0.035239,89.027778,63.777778,56.313282,80.706400,28.156641,40.353200,4040,10,0.142857,61.000000,0.000000,25.000000,1.126280,1.614138
0,-0.000008,0.153846,0.142857,0.174706,0.012975,230.840278,27.777778,51.007751,38.985080,25.503876,19.492540,5140,10,0.153846,68.000000,0.000000,25.000000,1.020230,0.000000
0,-0.000004,0.125000,0.071429,0.239669,0.409210,278.221451,615.576333,87.138515,49.605202,43.569258,24.802601,9590,3280,0.125000,254.000000,0.000000,40.000000,1.742874,0.000000
0,-0.000004,0.125000,0.071429,0.239669,0.409210,278.221451,615.576333,87.138515,49.605202,43.569258,24.802601,5370,3280,0.125000,254.000000,0.000000,40.000000,1.742874,0.000000
0,-0.000004,0.125000,0.071429,0.239669,0.409210,278.221451,615.576333,87.138515,49.605202,43.569258,24.802601,6810,3280,0.125000,254.000000,0.000000,40.000000,1.742874,0.000000
0,-0.000004,0.125000,0.071429,0.239669,0.409210,278.221451,615.576333,87.138515,49.605202,43.569258,24.802601,5740,3280,0.125000,254.000000,0.000000,40.000000,1.742874,0.000000
0,-0.000004,0.111111,0.071429,0.107026,0.072745,143.827160,108.000000,77.848129,40.254442,38.924065,20.127221,6200,4380,0.111111,144.000000,0.000000,35.000000,1.557002,0.000000
0,-0.000008,0.166667,0.142857,0.108841,0.034756,151.120000,44.307692,66.542640,41.034857,33.271320,20.517428,4860,10,0.166667,96.000000,0.000000,30.000000,1.330899,0.000000
0,-0.000068,0.133333,0.125000,0.681735,1.206541,944.484375,1986.612245,77.038844,75.069002,38.519422,37.534501,7600,4320,0.133333,23.000000,0.000000,35.000000,1.541023,1.501751
0,-0.000049,0.227273,0.138889,0.106382,0.000000,183.019972,542.015000,63.207878,76.037265,31.603939,38.018632,8670,10,0.227273,100.000000,0.000000,30.000000,1.264194,1.520745
0,-0.000008,0.055556,0.192308,0.041598,0.000000,85.620000,814.962963,69.844587,75.649171,34.922293,37.824586,6680,10,0.217391,128.000000,0.000000,30.000000,1.396906,1.512983
0,0.000000,0.083333,0.083333,6.306580,0.000000,163.782548,127.812500,75.618195,76.037265,37.809098,38.018632,5900,750,0.083333,26.000000,0.000000,35.000000,1.889990,1.520745
0,-0.000000,0.285714,0.250000,2.989294,0.000000,308.328125,1081.444444,72.653376,79.366832,36.326688,39.683416,4750,2620,0.285714,321.000000,0.000000,35.000000,1.506709,1.587337
0,-0.000049,0.227273,0.138889,0.106382,0.000000,183.019972,542.015000,63.207878,76.037265,31.603939,38.018632,11450,10,0.227273,100.000000,0.000000,30.000000,1.264194,1.520745
0,-0.000049,0.227273,0.138889,0.106382,0.000000,183.019972,542.015000,63.207878,76.037265,31.603939,38.018632,7600,10,0.227273,100.000000,0.000000,30.000000,1.264194,1.520745
0,0.000000,0.083333,0.083333,6.306580,0.000000,163.782548,127.812500,75.618195,76.037265,37.809098,38.018632,12640,750,0.083333,26.000000,0.000000,35.000000,1.889990,1.520745
0,-0.000000,0.111111,0.090909,0.024883,0.000000,59.027778,69.312500,58.779576,70.322690,29.389788,35.161345,1440,10,0.111111,100.000000,0.000000,25.000000,1.175601,1.406454
0,-0.000002,0.050000,0.038462,0.189776,0.000000,167.811728,1163.702500,89.395496,88.144045,44.697748,44.072023,2550,1910,0.115385,605.000000,0.000000,40.000000,1.788017,1.762881
0,0.000000,0.166667,0.166667,6.244797,0.000000,87.282548,51.312500,68.118058,68.537194,34.059029,34.268597,4780,750,0.166667,26.000000,0.000000,30.000000,1.739963,1.370744
0,-0.000002,0.050000,0.038462,0.189776,0.000000,167.811728,1163.702500,89.395496,88.144045,44.697748,44.072023,6400,1910,0.115385,605.000000,0.000000,40.000000,1.788017,1.762881
0,-0.000000,0.333333,0.312500,0.058745,0.000000,118.027778,459.756944,56.728678,67.260052,28.364339,33.630026,4830,10,0.333333,100.000000,0.000000,25.000000,1.134593,1.345201
0,-0.000002,0.050000,0.038462,0.189776,0.000000,167.811728,1163.702500,89.395496,88.144045,44.697748,44.072023,2180,1910,0.115385,605.000000,0.000000,40.000000,1.788017,1.762881
0,0.000000,0.200000,0.200000,0.136641,0.000000,221.377778,698.625000,50.749746,58.883495,25.374873,29.441748,8440,10,0.200000,100.000000,0.000000,25.000000,1.015043,1.177670
0,0.000000,0.083333,0.083333,6.306580,0.000000,163.782548,127.812500,75.618195,76.037265,37.809098,38.018632,8160,750,0.083333,26.000000,0.000000,35.000000,1.889990,1.520745
0,-0.000002,0.050000,0.038462,0.189776,0.000000,167.811728,1163.702500,89.395496,88.144045,44.697748,44.072023,3620,1910,0.115385,605.000000,0.000000,40.000000,1.788017,1.762881
0,-0.000000,0.200000,0.187500,0.803412,0.000000,134.557692,622.407407,73.908658,78.727913,36.954329,39.363956,4840,300,0.200000,99.000000,0.000000,35.000000,1.485457,1.574558
0,-0.000110,0.125000,0.100000,0.111053,0.000000,149.277778,303.312500,55.639984,60.841980,27.819992,30.420990,3040,10,0.125000,100.000000,0.000000,25.000000,1.112850,1.216840
0,-0.000049,0.227273,0.138889,0.106382,0.000000,183.019972,542.015000,63.207878,76.037265,31.603939,38.018632,7230,10,0.227273,100.000000,0.000000,30.000000,1.264194,1.520745
0,0.000000,0.100000,0.100000,0.000000,0.255373,483.987245,356.484375,51.944090,39.497931,25.972045,19.748965,7900,10,0.100000,11.000000,0.000000,25.000000,1.038882,0.000000
0,0.000000,0.600000,0.600000,0.000000,0.418887,211.975000,683.312500,53.276362,33.237429,26.638181,16.618714,9350,10,0.600000,11.000000,0.000000,25.000000,1.065527,0.000000
0,0.000000,0.500000,0.500000,0.758669,0.489570,859.000000,653.722222,39.705983,38.687770,19.852992,19.343885,4590,10,0.500000,135.000000,0.000000,15.000000,0.794466,0.000000
0,0.000015,0.222222,0.375000,0.077239,0.692426,139.913941,1060.029321,79.259205,69.079409,39.629603,34.539704,6950,10,0.375000,148.000000,0.000000,35.000000,1.585210,1.381815
0,-0.000000,0.166667,0.130435,0.119191,0.301716,180.210909,476.987654,68.803242,58.428608,34.401621,29.214304,2860,10,0.269231,148.000000,0.000000,30.000000,1.376110,1.168669
0,0.000015,0.222222,0.375000,0.077239,0.692426,139.913941,1060.029321,79.259205,69.079409,39.629603,34.539704,11170,10,0.375000,148.000000,0.000000,35.000000,1.585210,1.381815
0,-0.000006,0.625000,0.500000,0.116309,0.851228,144.620000,1100.000000,68.393428,56.734007,34.196714,28.367003,2760,10,0.625000,148.000000,0.000000,30.000000,1.367924,1.135011
0,-0.000001,0.166667,0.100000,0.117084,1.131748,138.413223,1560.029321,67.440845,86.567004,33.720423,43.283502,4200,10,0.166667,423.000000,0.000000,30.000000,1.348873,1.731756
0,-0.000011,0.111111,0.222222,0.019395,0.240903,50.897778,345.375000,51.755053,47.688809,25.877526,23.844404,290,10,0.272727,120.000000,0.000000,25.000000,1.035109,0.953860
0,-0.000001,0.166667,0.100000,0.117084,1.131748,138.413223,1560.029321,67.440845,86.567004,33.720423,43.283502,5640,10,0.166667,423.000000,0.000000,30.000000,1.348873,1.731756
0,0.000000,0.142857,0.142857,0.034840,0.219912,60.307692,316.000000,53.502222,54.282307,26.751111,27.141153,960,10,0.142857,53.000000,0.000000,25.000000,1.070058,1.085723
0,-0.000000,0.222222,0.181818,0.803412,2.021277,75.557692,337.500000,75.869395,66.570627,37.934697,33.285313,1450,300,0.222222,119.000000,0.000000,35.000000,1.524672,1.375422
0,-0.000001,0.166667,0.100000,0.117084,1.131748,138.413223,1560.029321,67.440845,86.567004,33.720423,43.283502,4570,10,0.166667,423.000000,0.000000,30.000000,1.348873,1.731756
0,0.000015,0.222222,0.375000,0.077239,0.692426,139.913941,1060.029321,79.259205,69.079409,39.629603,34.539704,7320,10,0.375000,148.000000,0.000000,35.000000,1.585210,1.381815
0,-0.000001,0.166667,0.100000,0.117084,1.131748,138.413223,1560.029321,67.440845,86.567004,33.720423,43.283502,8420,10,0.166667,423.000000,0.000000,30.000000,1.348873,1.731756
0,0.000015,0.222222,0.375000,0.077239,0.692426,139.913941,1060.029321,79.259205,69.079409,39.629603,34.539704,8390,10,0.375000,148.000000,0.000000,35.000000,1.585210,1.381815
0,0.000000,0.500000,0.666667,1.703551,0.060473,1602.000000,80.166667,72.363548,88.469591,36.181774,44.234796,4050,930,0.666667,369.000000,0.000000,35.000000,1.448177,1.769415
0,0.000000,0.500000,0.500000,31.832124,0.427423,1313.696051,684.055556,76.415487,88.294956,38.207743,44.147478,2990,2590,0.500000,14.000000,0.000000,35.000000,2.268442,1.766033
0,0.000000,0.666667,0.666667,31.456556,0.060473,709.807163,80.166667,76.342142,88.469591,38.171071,44.234796,4480,2590,0.666667,14.000000,0.000000,35.000000,2.266858,1.769415
0,0.000014,0.363636,0.500000,9.037404,0.427423,548.555556,684.055556,49.775861,88.294956,24.887931,44.147478,4680,70,0.500000,306.000000,0.000000,20.000000,1.086576,1.766033
0,0.000000,0.142857,0.142857,3.831845,26.706559,4372.000000,29624.000000,59.926718,50.000000,29.963359,25.000000,10160,10,0.142857,71.000000,0.000000,25.000000,1.200220,0.000000
0,0.000000,0.142857,0.142857,3.831845,26.706559,4372.000000,29624.000000,59.926718,50.000000,29.963359,25.000000,10750,10,0.142857,71.000000,0.000000,25.000000,1.200220,0.000000
0,0.000000,1.000000,1.000000,0.410203,0.007837,631.576333,15.312500,62.016733,50.000000,31.008367,25.000000,12120,10,1.000000,71.000000,0.000000,30.000000,1.240471,0.000000
0,0.000000,1.000000,1.000000,0.410203,0.007837,631.576333,15.312500,62.016733,50.000000,31.008367,25.000000,9340,10,1.000000,71.000000,0.000000,30.000000,1.240471,0.000000
0,0.000000,1.000000,1.000000,0.410203,0.007837,631.576333,15.312500,62.016733,50.000000,31.008367,25.000000,7900,10,1.000000,71.000000,0.000000,30.000000,1.240471,0.000000
0,0.000000,0.142857,0.142857,3.831845,26.706559,4372.000000,29624.000000,59.926718,50.000000,29.963359,25.000000,10590,10,0.142857,71.000000,0.000000,25.000000,1.200220,0.000000
0,0.000000,1.000000,1.000000,0.410203,0.007837,631.576333,15.312500,62.016733,50.000000,31.008367,25.000000,8270,10,1.000000,71.000000,0.000000,30.000000,1.240471,0.000000
0,-0.000000,0.222222,0.142857,0.000000,2.032993,318.083333,473.993056,55.439549,70.905847,27.719774,35.452924,1880,10,0.222222,325.000000,0.000000,25.000000,1.108791,1.433082
0,0.000034,0.222222,0.166667,0.206396,2.276278,247.596154,3251.375000,61.341912,85.385764,30.670956,42.692882,1710,10,0.222222,288.000000,0.000000,30.000000,1.226937,1.708533
0,-0.000558,0.400000,0.222222,0.183049,1.132830,198.349206,1583.312500,81.967993,83.315258,40.983996,41.657629,5560,600,0.400000,456.000000,0.000000,40.000000,1.639445,1.666711
0,0.000206,0.888889,0.750000,0.074006,1.563862,135.109375,1983.250000,74.642850,98.034606,37.321425,49.017303,5800,10,0.900000,288.000000,0.000000,35.000000,1.492883,1.961309
0,-0.000025,0.076923,0.285714,0.201989,0.652542,236.904222,896.979167,87.624019,88.395040,43.812010,44.197520,9750,3180,0.315789,315.000000,0.000000,40.000000,1.752568,1.768139
0,-0.000558,0.400000,0.222222,0.183049,1.132830,198.349206,1583.312500,81.967993,83.315258,40.983996,41.657629,4490,600,0.400000,456.000000,0.000000,40.000000,1.639445,1.666711
0,0.000000,0.868421,0.478261,0.138530,0.727912,179.197624,1298.750000,56.303033,87.351158,28.151517,43.675579,5540,10,0.886364,458.000000,0.000000,25.000000,1.126129,1.747227
0,-0.000003,0.095238,0.133333,1.346291,26.410825,1107.000000,29639.312500,100.000000,100.000000,50.000000,50.000000,6230,4860,0.222222,667.000000,0.000000,50.000000,2.000819,2.011768
0,-0.000558,0.400000,0.222222,0.183049,1.132830,198.349206,1583.312500,81.967993,83.315258,40.983996,41.657629,4120,600,0.400000,456.000000,0.000000,40.000000,1.639445,1.666711
0,-0.000003,0.095238,0.133333,1.346291,26.410825,1107.000000,29639.312500,100.000000,100.000000,50.000000,50.000000,4700,2380,0.222222,667.000000,0.000000,50.000000,2.000819,2.011768
0,-0.000036,0.206897,0.200000,0.486473,1.563862,1117.147377,1983.250000,89.209898,98.034606,44.604949,49.017303,9870,10,0.206897,25.000000,0.000000,40.000000,1.784354,1.961309
0,-0.000558,0.400000,0.222222,0.183049,1.132830,198.349206,1583.312500,81.967993,83.315258,40.983996,41.657629,8340,600,0.400000,456.000000,0.000000,40.000000,1.639445,1.666711
0,-0.000000,0.071429,0.043478,1.919531,0.245958,384.878780,371.796875,82.416150,90.273194,41.208075,45.136597,5630,5390,0.071429,305.000000,0.000000,40.000000,1.654487,1.805545
0,0.000000,0.868421,0.478261,0.138530,0.727912,179.197624,1298.750000,56.303033,87.351158,28.151517,43.675579,4100,10,0.886364,458.000000,0.000000,25.000000,1.126129,1.747227
0,-0.000003,0.095238,0.133333,1.346291,26.410825,1107.000000,29639.312500,100.000000,100.000000,50.000000,50.000000,4860,3450,0.222222,667.000000,0.000000,50.000000,2.000819,2.011768
0,0.000000,0.166667,0.166667,5.683802,4.451142,6937.933391,6351.312500,88.958292,89.932354,44.479146,44.966177,11820,6220,0.166667,108.000000,0.000000,40.000000,1.781500,1.800207
0,-0.000003,0.095238,0.133333,1.346291,26.410825,1107.000000,29639.312500,100.000000,100.000000,50.000000,50.000000,6230,4700,0.222222,667.000000,0.000000,50.000000,2.000819,2.011768
0,0.000000,0.166667,0.166667,5.683802,4.451142,6937.933391,6351.312500,88.958292,89.932354,44.479146,44.966177,9040,6220,0.166667,108.000000,0.000000,40.000000,1.781500,1.800207
0,-0.000000,0.071429,0.043478,1.919531,0.245958,384.878780,371.796875,82.416150,90.273194,41.208075,45.136597,6000,5390,0.071429,305.000000,0.000000,40.000000,1.654487,1.805545
0,0.000056,0.086957,0.166667,5.408500,2.276278,844.128150,3251.375000,77.761621,85.385764,38.880811,42.692882,7600,4290,0.166667,30.000000,0.000000,35.000000,1.576406,1.708533
0,-0.000003,0.095238,0.133333,1.346291,26.410825,1107.000000,29639.312500,100.000000,100.000000,50.000000,50.000000,6230,4270,0.222222,667.000000,0.000000,50.000000,2.000819,2.011768
0,0.000206,0.888889,0.750000,0.074006,1.563862,135.109375,1983.250000,74.642850,98.034606,37.321425,49.017303,6170,10,0.900000,288.000000,0.000000,35.000000,1.492883,1.961309
0,-0.000000,0.071429,0.043478,1.919531,0.245958,384.878780,371.796875,82.416150,90.273194,41.208075,45.136597,7070,5390,0.071429,305.000000,0.000000,40.000000,1.654487,1.805545
0,0.000343,0.272727,0.750000,3.669439,1.563862,799.781658,1983.250000,88.525493,98.034606,44.262746,49.017303,11890,6890,0.750000,101.000000,0.000000,40.000000,1.793946,1.961309
0,0.000000,0.868421,0.478261,0.138530,0.727912,179.197624,1298.750000,56.303033,87.351158,28.151517,43.675579,4470,10,0.886364,458.000000,0.000000,25.000000,1.126129,1.747227
0,-0.000000,0.071429,0.043478,1.919531,0.245958,384.878780,371.796875,82.416150,90.273194,41.208075,45.136597,9850,5390,0.071429,305.000000,0.000000,40.000000,1.654487,1.805545
0,0.000000,0.166667,0.166667,5.683802,4.451142,6937.933391,6351.312500,88.958292,89.932354,44.479146,44.966177,7600,6220,0.166667,108.000000,0.000000,40.000000,1.781500,1.800207
0,0.000000,0.166667,0.166667,5.683802,4.451142,6937.933391,6351.312500,88.958292,89.932354,44.479146,44.966177,7970,6220,0.166667,108.000000,0.000000,40.000000,1.781500,1.800207
0,-0.000003,0.095238,0.133333,1.346291,26.410825,1107.000000,29639.312500,100.000000,100.000000,50.000000,50.000000,4270,2380,0.222222,667.000000,0.000000,50.000000,2.000819,2.011768
0,-0.000036,0.206897,0.200000,0.486473,1.563862,1117.147377,1983.250000,89.209898,98.034606,44.604949,49.017303,8800,10,0.206897,25.000000,0.000000,40.000000,1.784354,1.961309
0,-0.000025,0.076923,0.285714,0.201989,0.652542,236.904222,896.979167,87.624019,88.395040,43.812010,44.197520,5900,3180,0.315789,315.000000,0.000000,40.000000,1.752568,1.768139
0,0.000343,0.272727,0.750000,3.669439,1.563862,799.781658,1983.250000,88.525493,98.034606,44.262746,49.017303,8040,6890,0.750000,101.000000,0.000000,40.000000,1.793946,1.961309
0,-0.000003,0.095238,0.133333,1.346291,26.410825,1107.000000,29639.312500,100.000000,100.000000,50.000000,50.000000,4700,3450,0.222222,667.000000,0.000000,50.000000,2.000819,2.011768
0,-0.000036,0.206897,0.200000,0.486473,1.563862,1117.147377,1983.250000,89.209898,98.034606,44.604949,49.017303,8430,10,0.206897,25.000000,0.000000,40.000000,1.784354,1.961309
0,-0.000025,0.076923,0.285714,0.201989,0.652542,236.904222,896.979167,87.624019,88.395040,43.812010,44.197520,5530,3180,0.315789,315.000000,0.000000,40.000000,1.752568,1.768139
0,0.000206,0.888889,0.750000,0.074006,1.563862,135.109375,1983.250000,74.642850,98.034606,37.321425,49.017303,7240,10,0.900000,288.000000,0.000000,35.000000,1.492883,1.961309
0,-0.000003,0.095238,0.133333,1.346291,26.410825,1107.000000,29639.312500,100.000000,100.000000,50.000000,50.000000,4860,2380,0.222222,667.000000,0.000000,50.000000,2.000819,2.011768
0,-0.000003,0.095238,0.133333,1.346291,26.410825,1107.000000,29639.312500,100.000000,100.000000,50.000000,50.000000,4270,3450,0.222222,667.000000,0.000000,50.000000,2.000819,2.011768
0,0.000206,0.888889,0.750000,0.074006,1.563862,135.109375,1983.250000,74.642850,98.034606,37.321425,49.017303,10020,10,0.900000,288.000000,0.000000,35.000000,1.492883,1.961309
0,0.000000,0.868421,0.478261,0.138530,0.727912,179.197624,1298.750000,56.303033,87.351158,28.151517,43.675579,8320,10,0.886364,458.000000,0.000000,25.000000,1.126129,1.747227
0,-0.000036,0.206897,0.200000,0.486473,1.563862,1117.147377,1983.250000,89.209898,98.034606,44.604949,49.017303,12650,10,0.206897,25.000000,0.000000,40.000000,1.784354,1.961309
0,0.000343,0.272727,0.750000,3.669439,1.563862,799.781658,1983.250000,88.525493,98.034606,44.262746,49.017303,9110,6890,0.750000,101.000000,0.000000,40.000000,1.793946,1.961309
0,-0.000003,0.095238,0.133333,1.346291,26.410825,1107.000000,29639.312500,100.000000,100.000000,50.000000,50.000000,4860,2010,0.222222,667.000000,0.000000,50.000000,2.000819,2.011768
0,-0.000003,0.095238,0.133333,1.346291,26.410825,1107.000000,29639.312500,100.000000,100.000000,50.000000,50.000000,4270,2010,0.222222,667.000000,0.000000,50.000000,2.000819,2.011768
0,-0.000003,0.095238,0.133333,1.346291,26.410825,1107.000000,29639.312500,100.000000,100.000000,50.000000,50.000000,4700,2010,0.222222,667.000000,0.000000,50.000000,2.000819,2.011768
0,0.000343,0.272727,0.750000,3.669439,1.563862,799.781658,1983.250000,88.525493,98.034606,44.262746,49.017303,7670,6890,0.750000,101.000000,0.000000,40.000000,1.793946,1.961309
0,-0.000025,0.076923,0.285714,0.201989,0.652542,236.904222,896.979167,87.624019,88.395040,43.812010,44.197520,6970,3180,0.315789,315.000000,0.000000,40.000000,1.752568,1.768139
0,-0.000026,0.333333,0.666667,0.000000,0.000000,408.370000,1296.000000,57.212827,50.000000,28.606414,25.000000,4970,10,0.909091,538.000000,0.000000,25.000000,1.144257,0.000000
0,0.000001,0.250000,0.111111,0.113979,0.000000,130.083333,2626.875000,87.948928,89.498454,43.974464,44.749227,8670,1750,0.250000,446.000000,0.000000,40.000000,1.759029,1.789969
0,0.000001,0.250000,0.111111,0.113979,0.000000,130.083333,2626.875000,87.948928,89.498454,43.974464,44.749227,4450,1750,0.250000,446.000000,0.000000,40.000000,1.759029,1.789969
0,0.000001,0.250000,0.111111,0.113979,0.000000,130.083333,2626.875000,87.948928,89.498454,43.974464,44.749227,5890,1750,0.250000,446.000000,0.000000,40.000000,1.759029,1.789969
0,-0.000026,0.333333,0.666667,0.000000,0.000000,408.370000,1296.000000,57.212827,50.000000,28.606414,25.000000,3900,10,0.909091,538.000000,0.000000,25.000000,1.144257,0.000000
0,-0.000026,0.333333,0.666667,0.000000,0.000000,408.370000,1296.000000,57.212827,50.000000,28.606414,25.000000,7750,10,0.909091,538.000000,0.000000,25.000000,1.144257,0.000000
0,-0.000030,0.090909,0.086957,2.222629,0.000000,631.180556,281.666667,68.644237,40.446870,34.322118,20.223435,5390,2110,0.090909,328.000000,0.000000,30.000000,1.379226,0.000000
0,0.000001,0.250000,0.111111,0.113979,0.000000,130.083333,2626.875000,87.948928,89.498454,43.974464,44.749227,4820,1750,0.250000,446.000000,0.000000,40.000000,1.759029,1.789969
0,0.000000,0.250000,0.250000,3.995408,0.000000,102.000000,1296.000000,45.473604,50.000000,22.736802,25.000000,5070,50,0.250000,32.000000,0.000000,20.000000,1.015894,0.000000
0,-0.000026,0.333333,0.666667,0.000000,0.000000,408.370000,1296.000000,57.212827,50.000000,28.606414,25.000000,3530,10,0.909091,538.000000,0.000000,25.000000,1.144257,0.000000
0,0.000000,0.166667,0.166667,3.995408,0.000000,91.000000,16.000000,76.419184,37.956397,38.209592,18.978198,5070,860,0.166667,32.000000,0.000000,35.000000,1.634806,0.000000
0,0.000032,0.250000,0.368421,0.120937,0.000000,107.888889,1330.875000,73.827484,39.498454,36.913742,19.749227,1750,930,0.368421,446.000000,0.000000,35.000000,1.476620,0.000000
0,0.000000,0.166667,0.166667,0.000000,0.000000,169.376543,108.000000,47.352083,36.430805,23.676041,18.215402,6710,10,0.166667,38.000000,0.000000,20.000000,0.947042,0.000000
0,0.000000,0.100000,0.100000,3.684975,0.000000,232.000000,187.222222,89.708939,89.122518,44.854469,44.561259,10520,5560,0.100000,37.000000,0.000000,40.000000,1.897135,1.782450
0,0.000000,0.100000,0.100000,3.684975,0.000000,232.000000,187.222222,89.708939,89.122518,44.854469,44.561259,5560,540,0.100000,37.000000,0.000000,40.000000,1.897135,1.782450
0,0.000000,0.100000,0.100000,3.684975,0.000000,232.000000,187.222222,89.708939,89.122518,44.854469,44.561259,13300,5560,0.100000,37.000000,0.000000,40.000000,1.897135,1.782450
0,0.000000,0.100000,0.100000,3.684975,0.000000,232.000000,187.222222,89.708939,89.122518,44.854469,44.561259,9080,5560,0.100000,37.000000,0.000000,40.000000,1.897135,1.782450
0,0.000000,0.100000,0.100000,3.684975,0.000000,232.000000,187.222222,89.708939,89.122518,44.854469,44.561259,9450,5560,0.100000,37.000000,0.000000,40.000000,1.897135,1.782450
0,0.000000,0.750000,0.750000,0.048048,0.047019,93.937500,73.937500,56.596243,50.000000,28.298121,25.000000,2960,10,0.750000,20.000000,0.000000,25.000000,1.131940,0.000000
0,0.000000,0.750000,0.750000,0.048048,0.047019,93.937500,73.937500,56.596243,50.000000,28.298121,25.000000,1170,10,0.750000,20.000000,0.000000,25.000000,1.131940,0.000000
0,0.000000,0.750000,0.750000,0.048048,0.047019,93.937500,73.937500,56.596243,50.000000,28.298121,25.000000,4910,10,0.750000,20.000000,0.000000,25.000000,1.131940,0.000000
0,0.000000,0.050000,0.050000,0.503749,0.275028,706.451051,385.412069,88.412909,89.135604,44.206455,44.567802,5980,1080,0.050000,24.000000,0.000000,40.000000,1.768438,1.782810
0,0.000000,0.050000,0.050000,0.503749,0.275028,706.451051,385.412069,88.412909,89.135604,44.206455,44.567802,5980,3710,0.050000,24.000000,0.000000,40.000000,1.768438,1.782810
0,0.000000,0.050000,0.050000,0.503749,0.275028,706.451051,385.412069,88.412909,89.135604,44.206455,44.567802,8720,5980,0.050000,24.000000,0.000000,40.000000,1.768438,1.782810
0,-0.000131,0.090909,0.111111,0.029262,0.775662,67.254876,1198.046875,26.498470,68.879094,13.249235,34.439547,160,10,0.363636,577.000000,0.000000,10.000000,0.529984,1.377834
0,0.000000,0.800000,0.800000,9.544739,0.466162,532.000000,700.000000,67.042441,65.723449,33.521221,32.861725,5770,10,0.800000,16.000000,0.000000,30.000000,1.438180,1.314625
0,-0.000001,0.222222,0.200000,3.582528,0.274778,71.706667,412.000000,65.743282,71.033143,32.871641,35.516571,2450,640,0.444444,529.000000,0.000000,30.000000,1.463058,1.420756
0,0.000000,0.250000,0.250000,0.966609,0.220791,2028.000000,312.000000,49.224578,62.626700,24.612289,31.313350,5450,10,0.250000,48.000000,0.000000,20.000000,0.984723,1.252613
0,-0.000000,0.050000,0.045455,0.045338,0.228565,102.306250,347.448980,84.368942,81.800712,42.184471,40.900356,6130,10,0.050000,66.000000,0.000000,40.000000,1.687394,1.636090
0,0.000000,0.166667,0.166667,0.056020,0.072423,124.000000,152.827160,40.710394,76.041549,20.355197,38.020775,7100,10,0.166667,86.000000,0.000000,20.000000,0.814222,1.520848
0,0.000000,0.125000,0.125000,1.501780,0.077678,353.448980,140.000000,69.599110,80.590329,34.799555,40.295165,6390,2300,0.125000,54.000000,0.000000,30.000000,1.396068,1.611828
0,0.000000,0.222222,0.222222,1.897126,1.221186,612.548323,1743.916667,79.208911,78.879616,39.604456,39.439808,6720,1520,0.222222,22.000000,0.000000,35.000000,1.587223,1.578020
0,0.000000,0.090909,0.090909,1.279413,1.230702,2235.600000,2216.160000,43.201464,38.459795,21.600732,19.229897,11440,10,0.090909,27.000000,0.000000,20.000000,0.864399,0.000000
0,0.000000,0.727273,0.727273,0.179196,0.226398,307.440000,365.272189,45.535709,38.415313,22.767855,19.207656,9990,10,0.727273,27.000000,0.000000,20.000000,0.910770,0.000000
0,0.000000,0.181818,0.181818,0.190162,0.182922,336.840000,317.400000,48.040627,40.972135,24.020313,20.486067,7880,10,0.181818,27.000000,0.000000,20.000000,0.960870,0.000000
0,0.000000,1.000000,1.000000,181.703054,0.000000,2704.000000,0.000000,63.287789,0.000000,31.643894,0.000000,2990,210,1.000000,1183.000000,0.000000,30.000000,7.847602,0.000000
0,0.000000,0.500000,1.000000,0.452088,0.000000,746.501826,0.000000,50.672049,0.000000,25.336024,0.000000,8550,10,1.000000,205.000000,0.000000,25.000000,1.013583,0.000000
0,-0.000013,0.250000,0.222222,3.144321,0.000000,2326.222222,560.111111,83.214251,39.621436,41.607125,19.810718,10800,5270,0.250000,124.000000,0.000000,40.000000,1.717592,0.000000
0,0.000000,0.875000,1.000000,8.149324,0.000000,380.515556,0.000000,87.866076,0.000000,43.933038,0.000000,380,10,1.000000,1059.000000,0.000000,40.000000,1.853581,0.000000
0,0.000000,0.500000,1.000000,0.452088,0.000000,746.501826,0.000000,50.672049,0.000000,25.336024,0.000000,8920,10,1.000000,205.000000,0.000000,25.000000,1.013583,0.000000
0,0.000000,0.111111,0.111111,0.051968,0.000000,87.312500,72.000000,70.904665,30.979550,35.452333,15.489775,14550,310,0.111111,27.000000,0.000000,35.000000,1.418109,0.000000
0,-0.000013,0.250000,0.222222,0.012552,0.000000,41.111111,77.777778,61.288096,29.870029,30.644048,14.935014,14290,10,0.250000,53.000000,0.000000,30.000000,1.225765,0.000000
0,0.000000,1.000000,1.000000,0.449996,0.000000,261.000000,0.000000,67.774606,0.000000,33.887303,0.000000,1080,10,1.000000,1096.000000,0.000000,30.000000,1.355942,0.000000
0,0.000000,0.111111,0.111111,0.049535,0.000000,89.250000,144.500000,100.000000,48.226605,50.000000,24.113302,11770,3880,0.111111,27.000000,0.000000,50.000000,2.000014,0.000000
0,-0.000013,0.250000,0.222222,3.144321,0.000000,2326.222222,560.111111,83.214251,39.621436,41.607125,19.810718,9360,5270,0.250000,124.000000,0.000000,40.000000,1.717592,0.000000
0,0.000000,0.111111,0.111111,0.049535,0.000000,89.250000,144.500000,100.000000,48.226605,50.000000,24.113302,10700,2090,0.111111,27.000000,0.000000,50.000000,2.000014,0.000000
0,0.000000,0.111111,0.111111,0.049535,0.000000,89.250000,144.500000,100.000000,48.226605,50.000000,24.113302,14550,3880,0.111111,27.000000,0.000000,50.000000,2.000014,0.000000
0,0.000000,0.111111,0.111111,0.049535,0.000000,89.250000,144.500000,100.000000,48.226605,50.000000,24.113302,10330,2090,0.111111,27.000000,0.000000,50.000000,2.000014,0.000000
0,0.000000,1.000000,1.000000,0.449996,0.000000,261.000000,0.000000,67.774606,0.000000,33.887303,0.000000,3860,10,1.000000,1096.000000,0.000000,30.000000,1.355942,0.000000
0,0.000000,0.111111,0.111111,0.049535,0.000000,89.250000,144.500000,100.000000,48.226605,50.000000,24.113302,3880,1790,0.111111,27.000000,0.000000,50.000000,2.000014,0.000000
0,0.000000,0.111111,0.111111,0.049535,0.000000,89.250000,144.500000,100.000000,48.226605,50.000000,24.113302,10330,3880,0.111111,27.000000,0.000000,50.000000,2.000014,0.000000
0,0.000000,0.111111,0.111111,0.049535,0.000000,89.250000,144.500000,100.000000,48.226605,50.000000,24.113302,14550,5830,0.111111,27.000000,0.000000,50.000000,2.000014,0.000000
0,0.000000,0.111111,0.111111,0.049535,0.000000,89.250000,144.500000,100.000000,48.226605,50.000000,24.113302,14550,2090,0.111111,27.000000,0.000000,50.000000,2.000014,0.000000
0,-0.000013,0.250000,0.222222,0.012552,0.000000,41.111111,77.777778,61.288096,29.870029,30.644048,14.935014,1530,10,0.250000,53.000000,0.000000,30.000000,1.225765,0.000000
0,0.000000,0.111111,0.111111,0.051968,0.000000,87.312500,72.000000,70.904665,30.979550,35.452333,15.489775,1790,310,0.111111,27.000000,0.000000,35.000000,1.418109,0.000000
0,-0.000013,0.250000,0.222222,3.144321,0.000000,2326.222222,560.111111,83.214251,39.621436,41.607125,19.810718,9730,5270,0.250000,124.000000,0.000000,40.000000,1.717592,0.000000
0,-0.000013,0.250000,0.222222,0.012552,0.000000,41.111111,77.777778,61.288096,29.870029,30.644048,14.935014,10070,10,0.250000,53.000000,0.000000,30.000000,1.225765,0.000000
0,0.000000,0.875000,1.000000,8.149324,0.000000,380.515556,0.000000,87.866076,0.000000,43.933038,0.000000,1450,10,1.000000,1059.000000,0.000000,40.000000,1.853581,0.000000
0,0.000000,0.111111,0.111111,0.049535,0.000000,89.250000,144.500000,100.000000,48.226605,50.000000,24.113302,2090,1790,0.111111,27.000000,0.000000,50.000000,2.000014,0.000000
0,0.000000,0.111111,0.111111,0.049535,0.000000,89.250000,144.500000,100.000000,48.226605,50.000000,24.113302,10700,5830,0.111111,27.000000,0.000000,50.000000,2.000014,0.000000
0,0.000000,0.111111,0.111111,0.051968,0.000000,87.312500,72.000000,70.904665,30.979550,35.452333,15.489775,10330,310,0.111111,27.000000,0.000000,35.000000,1.418109,0.000000
0,0.000000,0.111111,0.111111,0.049535,0.000000,89.250000,144.500000,100.000000,48.226605,50.000000,24.113302,10330,5830,0.111111,27.000000,0.000000,50.000000,2.000014,0.000000
0,-0.000013,0.250000,0.222222,0.012552,0.000000,41.111111,77.777778,61.288096,29.870029,30.644048,14.935014,10440,10,0.250000,53.000000,0.000000,30.000000,1.225765,0.000000
0,0.000000,0.111111,0.111111,0.049535,0.000000,89.250000,144.500000,100.000000,48.226605,50.000000,24.113302,10700,3880,0.111111,27.000000,0.000000,50.000000,2.000014,0.000000
0,0.000000,0.875000,1.000000,8.149324,0.000000,380.515556,0.000000,87.866076,0.000000,43.933038,0.000000,4230,10,1.000000,1059.000000,0.000000,40.000000,1.853581,0.000000
0,0.000000,0.111111,0.111111,0.049535,0.000000,89.250000,144.500000,100.000000,48.226605,50.000000,24.113302,11770,5830,0.111111,27.000000,0.000000,50.000000,2.000014,0.000000
0,-0.000013,0.250000,0.222222,0.012552,0.000000,41.111111,77.777778,61.288096,29.870029,30.644048,14.935014,11510,10,0.250000,53.000000,0.000000,30.000000,1.225765,0.000000
0,-0.000013,0.250000,0.222222,3.144321,0.000000,2326.222222,560.111111,83.214251,39.621436,41.607125,19.810718,13580,5270,0.250000,124.000000,0.000000,40.000000,1.717592,0.000000
0,-0.000013,0.250000,0.222222,3.144321,0.000000,2326.222222,560.111111,83.214251,39.621436,41.607125,19.810718,5270,820,0.250000,124.000000,0.000000,40.000000,1.717592,0.000000
0,0.000000,0.111111,0.111111,0.051968,0.000000,87.312500,72.000000,70.904665,30.979550,35.452333,15.489775,11770,310,0.111111,27.000000,0.000000,35.000000,1.418109,0.000000
0,0.000000,0.500000,1.000000,0.452088,0.000000,746.501826,0.000000,50.672049,0.000000,25.336024,0.000000,12770,10,1.000000,205.000000,0.000000,25.000000,1.013583,0.000000
0,0.000000,0.111111,0.111111,0.051968,0.000000,87.312500,72.000000,70.904665,30.979550,35.452333,15.489775,10700,310,0.111111,27.000000,0.000000,35.000000,1.418109,0.000000
0,0.000000,0.111111,0.111111,0.049535,0.000000,89.250000,144.500000,100.000000,48.226605,50.000000,24.113302,11770,2090,0.111111,27.000000,0.000000,50.000000,2.000014,0.000000
0,0.000000,0.500000,1.000000,0.452088,0.000000,746.501826,0.000000,50.672049,0.000000,25.336024,0.000000,9990,10,1.000000,205.000000,0.000000,25.000000,1.013583,0.000000
0,0.000000,0.111111,0.111111,0.049535,0.000000,89.250000,144.500000,100.000000,48.226605,50.000000,24.113302,5830,1790,0.111111,27.000000,0.000000,50.000000,2.000014,0.000000
0,-0.001422,0.375000,0.222222,10.574969,0.071450,281.500000,160.000000,71.607212,41.656693,35.803606,20.828346,5770,4890,0.375000,140.000000,0.000000,35.000000,1.884880,0.000000
0,0.000000,0.111111,0.111111,0.062929,0.063602,102.000000,96.468750,75.901214,39.847599,37.950607,19.923800,5290,2470,0.111111,100.000000,0.000000,35.000000,1.518044,0.000000
0,0.000000,0.111111,0.111111,0.808298,0.012972,74.166667,20.166667,76.411492,36.835997,38.205746,18.417998,6160,4640,0.111111,13.000000,0.000000,35.000000,1.543407,0.000000
0,0.000000,0.555556,0.555556,1.364586,0.062427,250.000000,119.584775,80.669468,43.152683,40.334734,21.576341,9420,5290,0.555556,100.000000,0.000000,40.000000,1.617945,0.000000
0,0.000000,0.111111,0.111111,0.040681,0.009859,74.571429,20.571429,82.647105,44.172819,41.323552,22.086409,6500,5290,0.111111,100.000000,0.000000,40.000000,1.652953,0.000000
0,0.000000,0.181818,0.181818,7.763528,0.000000,263.111111,155.555556,54.996328,39.856340,27.498164,19.928170,8180,1090,0.181818,17.000000,0.000000,25.000000,1.374662,0.000000
0,0.000000,0.090909,0.090909,7.713987,0.000000,151.555556,44.000000,55.882592,39.932984,27.941296,19.966492,7060,1090,0.090909,17.000000,0.000000,25.000000,1.392376,0.000000
0,0.000000,0.090909,0.090909,7.728406,0.000000,182.555556,75.000000,55.925077,39.960609,27.962538,19.980305,8700,1090,0.090909,17.000000,0.000000,25.000000,1.393229,0.000000
0,-0.000004,0.166667,0.117647,0.000000,0.000000,6777.222222,937.000000,78.969040,79.017195,39.484520,39.508597,7210,10,0.166667,218.000000,0.000000,35.000000,1.579381,1.580344
0,-0.000000,0.166667,0.111111,5.377113,0.000000,6516.000000,1868.000000,78.216836,79.966309,39.108418,39.983154,6220,4080,0.166667,317.000000,0.000000,35.000000,1.566561,1.599326
0,-0.000143,0.368421,0.304348,4.464566,0.472083,959.760000,784.000000,78.973323,38.627384,39.486661,19.313692,6550,6250,0.368421,190.000000,0.000000,35.000000,1.648773,0.000000
0,-0.000000,0.133333,0.086957,0.291741,0.040213,533.500000,75.000000,78.418493,39.969420,39.209247,19.984710,6850,6330,0.133333,212.000000,0.000000,35.000000,1.568450,0.000000
0,0.000000,0.500000,0.500000,5.048419,0.192245,123.111111,384.000000,59.665103,40.988125,29.832551,20.494062,5220,10,0.500000,323.000000,0.000000,25.000000,1.307991,0.000000
0,-0.000000,0.066667,0.090909,0.421040,0.026108,487.000000,44.000000,78.065205,40.614694,39.032602,20.307347,3090,1970,0.214286,536.000000,0.000000,35.000000,1.561486,0.000000
0,-0.000000,0.083333,0.066667,67.728966,0.000000,1159.948980,444.000000,70.199482,90.690236,35.099741,45.345118,6500,6500,0.083333,84.000000,0.000000,35.000000,3.932661,1.813805
0,-0.000000,0.125000,0.066667,1.932138,0.000000,291.805556,444.000000,68.976058,90.690236,34.488029,45.345118,5130,340,0.125000,221.000000,0.000000,30.000000,1.394459,1.813805
0,0.000000,0.333333,0.333333,0.434667,0.000000,629.972222,475.783951,77.911976,38.467267,38.955988,19.233633,10770,3300,0.333333,83.000000,0.000000,35.000000,1.558390,0.000000
0,0.000000,1.000000,1.000000,0.279513,0.390149,443.019391,470.560000,49.051510,65.276686,24.525755,32.638343,11720,10,1.000000,12.000000,0.000000,20.000000,0.981122,1.305698
0,-0.000006,0.250000,0.200000,2.013808,0.000000,985.222222,4040.583333,72.401323,74.686543,36.200661,37.343272,8840,3300,0.250000,443.000000,0.000000,35.000000,1.450116,1.493731
0,0.001857,0.066667,0.187500,0.405827,0.000000,443.183673,658.560000,78.267415,88.813540,39.133708,44.406770,6710,4220,0.187500,515.000000,0.000000,35.000000,1.565534,1.776271
0,0.000000,0.200000,0.200000,1.813073,0.000000,180.000000,470.560000,74.082930,83.654685,37.041465,41.827343,13160,800,0.200000,11.000000,0.000000,35.000000,1.527315,1.673094
0,-0.000012,0.300000,0.400000,1.912572,0.000000,683.133059,988.000000,79.246768,76.485596,39.623384,38.242798,5260,1360,0.500000,801.000000,0.000000,35.000000,1.615648,1.529712
0,0.001222,0.111111,0.187500,0.042722,0.000000,90.312500,658.560000,47.877938,88.813540,23.938969,44.406770,8470,10,0.187500,90.000000,0.000000,20.000000,0.957571,1.776271
0,0.000000,0.200000,0.200000,2.123827,0.000000,180.000000,470.560000,74.082930,83.654685,37.041465,41.827343,13160,11750,0.200000,11.000000,0.000000,35.000000,1.544306,1.673094
0,-0.000001,0.214286,0.107143,2.036216,0.000000,1002.666667,4228.583333,70.769445,79.845399,35.384722,39.922699,4940,3300,0.214286,443.000000,0.000000,35.000000,1.417490,1.596908
0,-0.000000,0.166667,0.153846,0.792266,0.396491,40.738095,773.183673,77.415341,76.967477,38.707671,38.483739,7370,4640,0.166667,109.000000,0.000000,35.000000,1.563481,1.539451
0,0.000000,0.500000,0.500000,1.570738,0.000000,2427.000000,521.529086,34.927959,38.578615,17.463980,19.289307,5980,10,0.500000,160.000000,0.000000,15.000000,0.699073,0.000000
0,0.000000,0.045455,0.045455,2.647486,2.568810,4307.358398,4358.591837,78.396882,79.925084,39.198441,39.962542,5970,1840,0.045455,42.000000,0.000000,35.000000,1.568751,1.599259
0,-0.000000,0.750000,0.750000,0.253224,0.238716,428.429707,383.591837,86.592991,76.524722,43.296495,38.262361,7300,10,0.800000,225.000000,0.000000,40.000000,1.731942,1.530569
0,-0.000002,0.100000,0.086957,0.372982,0.207093,561.665895,331.502959,79.461327,76.949315,39.730664,38.474658,7150,5980,0.100000,240.000000,0.000000,35.000000,1.589350,1.539051
0,-0.000000,0.400000,0.406250,1.239921,0.486515,877.511111,821.529086,78.862264,75.722802,39.431132,37.861401,7870,6130,0.464286,168.000000,0.000000,35.000000,1.578285,1.514601
0,-0.000001,0.300000,0.032258,0.478258,0.854753,1010.840278,1384.462810,79.046259,86.043876,39.523130,43.021938,6080,10,0.772727,347.000000,0.000000,35.000000,1.581100,1.721141
0,0.000000,0.090909,0.090909,2.821470,2.711108,4605.612245,4575.000000,74.945848,75.488114,37.472924,37.744057,9130,5970,0.090909,42.000000,0.000000,35.000000,1.499781,1.510566
0,-0.000001,0.315789,0.032258,3.760439,0.854753,809.530864,1384.462810,79.127239,86.043876,39.563619,43.021938,6890,5320,0.772727,423.000000,0.000000,35.000000,1.606046,1.721141
0,-0.000001,0.045455,0.043478,0.899042,0.064795,67.511296,115.094795,80.062156,81.386286,40.031078,40.693143,7520,1400,0.045455,86.000000,0.000000,40.000000,1.617482,1.627744
0,-0.000001,0.666667,0.032258,0.022408,0.854753,58.690000,1384.462810,54.840488,86.043876,27.420244,43.021938,3450,10,0.772727,610.000000,0.000000,25.000000,1.096819,1.721141
0,-0.000000,0.076923,0.062500,0.942461,0.000000,100.160000,4096.468750,78.867158,88.806988,39.433579,44.403494,7220,2070,0.076923,265.000000,0.000000,35.000000,1.591674,1.776140
0,-0.000000,0.076923,0.062500,0.942461,0.000000,100.160000,4096.468750,78.867158,88.806988,39.433579,44.403494,13960,2070,0.076923,265.000000,0.000000,35.000000,1.591674,1.776140
0,-0.000000,0.076923,0.062500,0.942461,0.000000,100.160000,4096.468750,78.867158,88.806988,39.433579,44.403494,9480,2070,0.076923,265.000000,0.000000,35.000000,1.591674,1.776140
0,-0.000022,0.200000,0.125000,11.021433,0.159568,418.000000,444.000000,77.875844,60.733385,38.937922,30.366692,1520,1520,0.200000,719.000000,0.000000,35.000000,1.801428,1.214700
0,0.000000,0.500000,0.454545,0.077680,0.759583,173.888889,1452.000000,51.897379,70.677532,25.948690,35.338766,6550,10,0.500000,216.000000,0.000000,25.000000,1.037966,1.413761
0,-0.000000,0.375000,0.100000,0.044217,0.065170,93.937500,123.340278,52.103244,91.295369,26.051622,45.647685,1790,10,0.545455,224.000000,0.000000,25.000000,1.042078,1.825925
0,-0.000000,0.375000,0.100000,0.044217,0.065170,93.937500,123.340278,52.103244,91.295369,26.051622,45.647685,5530,10,0.545455,224.000000,0.000000,25.000000,1.042078,1.825925
0,0.000000,0.111111,0.111111,0.072790,0.069732,178.312500,153.000000,41.859316,42.078860,20.929658,21.039430,11520,10,0.111111,48.000000,0.000000,20.000000,0.837204,0.000000
0,0.000000,0.222222,0.222222,0.151011,0.024765,282.201389,45.562500,50.689986,50.000000,25.344993,25.000000,5340,10,0.222222,48.000000,0.000000,25.000000,1.013844,0.000000
0,-0.000000,0.375000,0.100000,0.044217,0.065170,93.937500,123.340278,52.103244,91.295369,26.051622,45.647685,3580,10,0.545455,224.000000,0.000000,25.000000,1.042078,1.825925
0,0.000000,0.222222,0.222222,0.151011,0.024765,282.201389,45.562500,50.689986,50.000000,25.344993,25.000000,7290,10,0.222222,48.000000,0.000000,25.000000,1.013844,0.000000
0,0.000000,0.111111,0.111111,0.078388,0.675859,153.312500,1152.000000,40.231632,41.411501,20.115816,20.705751,1730,10,0.111111,48.000000,0.000000,20.000000,0.804657,0.000000
0,0.000000,0.222222,0.222222,0.151011,0.024765,282.201389,45.562500,50.689986,50.000000,25.344993,25.000000,3550,10,0.222222,48.000000,0.000000,25.000000,1.013844,0.000000
0,0.000000,0.333333,0.333333,0.018699,0.040404,55.687500,77.777778,40.166101,41.295369,20.083051,20.647685,1770,10,0.333333,48.000000,0.000000,20.000000,0.803328,0.000000
0,0.000000,0.181818,0.181818,0.000000,0.008516,33.643991,19.755102,36.302826,22.741542,18.151413,11.370771,460,10,0.181818,21.000000,0.000000,15.000000,0.726057,0.000000
0,-0.000000,0.214286,0.090909,0.048558,0.030403,120.880071,67.148760,43.932148,42.231223,21.966074,21.115612,6340,10,0.214286,66.000000,0.000000,20.000000,0.878655,0.000000
0,0.000000,0.071429,0.090909,0.184786,0.172830,396.891429,376.320000,43.630338,40.832714,21.815169,20.416357,9850,10,0.090909,66.000000,0.000000,20.000000,0.872652,0.000000
0,0.000000,0.071429,0.272727,0.019835,0.164686,57.543651,295.312500,43.703775,27.554804,21.851887,13.777402,8210,10,0.272727,66.000000,0.000000,20.000000,0.874081,0.000000
0,-0.000000,0.032258,0.033333,0.526280,0.000000,788.000000,348.583333,78.868399,72.588346,39.434199,36.294173,10070,6790,0.038462,227.000000,0.000000,35.000000,1.577544,1.451767
0,-0.000000,0.473684,0.090909,5.996868,0.000000,6716.881657,10760.000000,78.404917,71.558036,39.202459,35.779018,6720,4730,0.473684,234.000000,0.000000,35.000000,1.572520,1.431161
0,-0.000000,0.222222,0.214286,0.347490,0.000000,515.312500,378.687500,47.654348,77.507411,23.827174,38.753706,6830,10,0.312500,223.000000,0.000000,20.000000,0.953208,1.550148
0,-0.000000,0.052632,0.041667,6.661899,0.000000,1852.311224,236.423611,78.079259,74.138474,39.039629,37.069237,6900,5030,0.052632,216.000000,0.000000,35.000000,1.667393,1.482769
0,-0.000000,0.029412,0.033333,0.401702,0.000000,595.734072,333.000000,81.915536,73.880912,40.957768,36.940456,10040,6790,0.038462,227.000000,0.000000,40.000000,1.638447,1.477618
0,0.000000,0.142857,0.214286,2.998370,0.000000,2041.972222,378.687500,67.217775,77.507411,33.608887,38.753706,7430,3300,0.312500,576.000000,0.000000,30.000000,1.346902,1.550148
0,-0.000000,0.066667,0.066667,0.416094,0.000000,596.468750,276.468750,76.657105,73.650552,38.328552,36.825276,6790,3090,0.076923,227.000000,0.000000,35.000000,1.533287,1.473011
0,-0.000052,0.062500,0.055556,16.593252,18.516172,18113.940000,29561.250000,88.273789,84.506758,44.136894,42.253379,14980,7700,0.062500,39.000000,0.000000,40.000000,1.828146,1.695948
0,-0.000052,0.062500,0.055556,5.532568,0.842714,349.908750,1680.468750,79.674839,78.703429,39.837420,39.351714,7700,5070,0.062500,39.000000,0.000000,35.000000,1.652724,1.574280
0,-0.000052,0.062500,0.055556,16.593252,18.516172,18113.940000,29561.250000,88.273789,84.506758,44.136894,42.253379,15140,7700,0.062500,39.000000,0.000000,40.000000,1.828146,1.695948
0,-0.000052,0.062500,0.055556,16.593252,18.516172,18113.940000,29561.250000,88.273789,84.506758,44.136894,42.253379,14550,7700,0.062500,39.000000,0.000000,40.000000,1.828146,1.695948
0,-0.000010,0.062500,0.066667,1.813073,1.321226,744.247934,2200.826446,89.812229,93.928329,44.906115,46.964164,5350,800,0.071429,158.000000,0.000000,40.000000,1.841901,1.878963
0,-0.000010,0.062500,0.066667,1.813073,1.321226,744.247934,2200.826446,89.812229,93.928329,44.906115,46.964164,10360,800,0.071429,158.000000,0.000000,40.000000,1.841901,1.878963
0,-0.000010,0.031250,0.066667,0.473950,1.321226,703.683673,2200.826446,87.655254,93.928329,43.827627,46.964164,11030,9640,0.071429,230.000000,0.000000,40.000000,1.753265,1.878963
0,-0.000010,0.031250,0.066667,0.473950,1.321226,703.683673,2200.826446,87.655254,93.928329,43.827627,46.964164,11030,2000,0.071429,230.000000,0.000000,40.000000,1.753265,1.878963
0,-0.000051,0.444444,0.333333,5.461665,0.211091,156.373724,381.250000,54.930478,87.536673,27.465239,43.768337,5030,80,0.444444,230.000000,0.000000,25.000000,1.203993,1.750793
0,-0.000051,0.263158,0.333333,5.715515,0.211091,525.061224,381.250000,78.100802,87.536673,39.050401,43.768337,11030,5030,0.357143,230.000000,0.000000,35.000000,1.667487,1.750793
0,0.000000,0.083333,0.083333,1.064373,0.202398,259.187500,360.500000,86.723830,85.003836,43.361915,42.501918,6560,2280,0.083333,10.000000,0.000000,40.000000,1.742088,1.700134
0,-0.000000,0.166667,0.142857,0.038786,0.217028,95.560000,380.000000,60.000001,81.636571,30.000000,40.818285,12490,10,0.166667,84.000000,0.000000,30.000000,1.200011,1.632794
0,-0.000010,0.062500,0.066667,1.813073,0.514112,430.740741,921.075000,77.756689,82.316357,38.878344,41.158179,7050,800,0.071429,158.000000,0.000000,35.000000,1.600790,1.646471
0,0.000000,0.083333,0.083333,1.064373,0.202398,259.187500,360.500000,86.723830,85.003836,43.361915,42.501918,13230,6560,0.083333,10.000000,0.000000,40.000000,1.742088,1.700134
0,-0.000000,0.166667,0.142857,0.038786,0.217028,95.560000,380.000000,60.000001,81.636571,30.000000,40.818285,1540,10,0.166667,84.000000,0.000000,30.000000,1.200011,1.632794
0,-0.000010,0.066667,0.066667,8.054552,0.514112,532.392623,921.075000,73.718094,82.316357,36.859047,41.158179,6860,2160,0.111111,647.000000,0.000000,35.000000,1.691961,1.646471
0,-0.000010,0.062500,0.066667,1.813073,1.321226,744.247934,2200.826446,89.812229,93.928329,44.906115,46.964164,2720,800,0.071429,158.000000,0.000000,40.000000,1.841901,1.878963
0,-0.000010,0.031250,0.066667,0.473950,1.321226,703.683673,2200.826446,87.655254,93.928329,43.827627,46.964164,11030,4630,0.071429,230.000000,0.000000,40.000000,1.753265,1.878963
0,0.000000,0.500000,0.500000,0.025520,0.157413,48.972222,295.312500,80.896018,36.636897,40.448009,18.318448,8120,4700,0.500000,113.000000,0.000000,40.000000,1.617927,0.000000
0,-0.000002,0.333333,0.200000,1.743833,2.513615,325.666667,3969.000000,71.893342,37.997051,35.946671,18.998525,6780,4070,0.333333,314.000000,0.000000,35.000000,1.443758,0.000000
0,-0.000042,0.571429,0.333333,4.878986,0.113430,1363.000000,180.000000,78.504027,35.095133,39.252014,17.547567,5510,4860,0.571429,441.000000,0.000000,35.000000,1.585309,0.000000
0,-0.000000,0.800000,0.500000,0.000000,0.000000,321.448980,295.312500,56.907601,37.419208,28.453801,18.709604,7250,10,0.800000,209.000000,0.000000,25.000000,1.138152,0.000000
0,-0.000000,0.285714,0.250000,0.759978,0.000000,58.888889,121.500000,65.951198,38.948064,32.975599,19.474032,1090,720,0.285714,101.000000,0.000000,30.000000,1.338432,0.000000
0,-0.000000,0.083333,0.052632,0.553913,0.000000,1098.406400,217.061224,86.527400,80.718271,43.263700,40.359136,13570,12550,0.083333,72.000000,0.000000,40.000000,1.730688,1.614365
0,0.000000,0.200000,0.200000,0.108852,0.000000,205.004800,128.000000,73.504308,69.981258,36.752154,34.990629,13740,8690,0.200000,55.000000,0.000000,35.000000,1.470116,1.399625
0,-0.000000,0.083333,0.052632,0.553913,0.000000,1098.406400,217.061224,86.527400,80.718271,43.263700,40.359136,13570,10290,0.083333,72.000000,0.000000,40.000000,1.730688,1.614365
0,-0.000000,0.083333,0.052632,0.553913,0.000000,1098.406400,217.061224,86.527400,80.718271,43.263700,40.359136,17030,13570,0.083333,72.000000,0.000000,40.000000,1.730688,1.614365
0,-0.000003,0.033333,0.031250,1.215625,0.000000,244.342550,173.826990,78.429643,72.140361,39.214822,36.070180,12840,4410,0.033333,145.000000,0.000000,35.000000,1.573144,1.442807
0,0.000001,0.111111,0.166667,0.000000,0.000000,156.317300,100.000000,75.901229,70.717479,37.950615,35.358740,13700,10,0.166667,59.000000,0.000000,35.000000,1.518025,1.414350
0,-0.000000,0.133333,0.125000,1.886694,0.119093,88.979592,218.375000,77.294025,82.177911,38.647012,41.088956,9000,6270,0.133333,101.000000,0.000000,35.000000,1.587473,1.643591
0,0.000000,1.000000,1.000000,0.227661,0.000000,199.524444,700.000000,90.742397,40.107557,45.371198,20.053778,8990,6820,1.000000,239.000000,0.000000,45.000000,1.815085,0.000000
0,0.000000,1.000000,1.000000,0.227661,0.000000,199.524444,700.000000,90.742397,40.107557,45.371198,20.053778,8990,8170,1.000000,239.000000,0.000000,45.000000,1.815085,0.000000
0,-0.000000,0.333333,0.250000,0.000000,1.727928,724.247934,2925.826446,76.338545,48.676472,38.169272,24.338236,10360,10,0.333333,216.000000,0.000000,35.000000,1.526771,0.000000
0,-0.000000,0.166667,0.125000,0.000000,0.110859,502.000000,252.000000,64.638157,41.422425,32.319079,20.711213,8720,10,0.166667,216.000000,0.000000,30.000000,1.292763,0.000000
0,-0.000000,0.333333,0.250000,0.000000,0.031892,48.915556,64.000000,64.894395,41.834732,32.447198,20.917366,1500,10,0.333333,216.000000,0.000000,30.000000,1.297888,0.000000
0,-0.000000,0.333333,0.250000,0.000000,1.727928,724.247934,2925.826446,76.338545,48.676472,38.169272,24.338236,5350,10,0.333333,216.000000,0.000000,35.000000,1.526771,0.000000
0,-0.000000,0.333333,0.250000,0.000000,1.727928,724.247934,2925.826446,76.338545,48.676472,38.169272,24.338236,2720,10,0.333333,216.000000,0.000000,35.000000,1.526771,0.000000
0,-0.000000,0.052632,0.050000,0.977553,0.542214,1591.312500,978.380165,74.367517,76.820668,37.183759,38.410334,9160,8490,0.052632,75.000000,0.000000,35.000000,1.487652,1.536564
0,0.000000,0.333333,0.333333,0.492362,0.245729,845.440000,416.000000,46.211406,56.390786,23.105703,28.195393,9100,10,0.333333,14.000000,0.000000,20.000000,0.924374,1.127888
0,0.000000,0.400000,0.400000,0.397598,0.404675,700.250000,800.000000,79.419039,58.766431,39.709520,29.383216,8650,1580,0.400000,218.000000,0.000000,35.000000,1.588494,1.175432
0,-0.000000,0.166667,0.100000,0.807063,0.222843,1011.312500,412.000000,37.229772,60.166217,18.614886,30.083108,5040,10,0.166667,579.000000,0.000000,15.000000,0.744923,1.203385
0,-0.000000,0.153846,0.071429,2.007818,0.397074,457.875000,758.061224,67.637175,58.975144,33.818588,29.487572,5390,2930,0.153846,790.000000,0.000000,30.000000,1.358956,1.179607
0,0.000000,0.250000,0.230769,0.739495,0.184280,666.153061,338.720000,80.489271,60.011542,40.244635,30.005771,7820,4460,0.250000,301.000000,0.000000,40.000000,1.610908,1.200281
0,-0.000000,0.133333,0.111111,0.000000,0.000000,541.284188,967.111111,48.869787,38.315955,24.434893,19.157978,8090,10,0.133333,138.000000,0.000000,20.000000,0.977396,0.000000
0,0.000000,0.384615,0.384615,11.433315,0.000000,204.027778,116.640000,74.343903,40.451103,37.171951,20.225552,7190,940,0.384615,45.000000,0.000000,35.000000,1.844900,0.000000
0,-0.000000,0.066667,0.055556,0.000000,0.000000,163.755102,578.380165,38.281191,37.857280,19.140596,18.928640,8660,10,0.066667,138.000000,0.000000,15.000000,0.765624,0.000000
0,-0.000000,0.444444,0.400000,0.000000,0.000000,1171.755102,288.000000,48.976898,42.274565,24.488449,21.137283,2120,10,0.444444,138.000000,0.000000,20.000000,0.979538,0.000000
0,-0.000000,0.066667,0.055556,0.000000,0.000000,103.346939,50.567901,49.672545,41.854151,24.836273,20.927076,2540,10,0.066667,138.000000,0.000000,20.000000,0.993451,0.000000
0,-0.000000,0.076923,0.071429,0.017162,0.000000,55.444444,37.555556,34.933495,38.746975,17.466748,19.373487,380,10,0.076923,101.000000,0.000000,15.000000,0.698674,0.000000
0,-0.000000,0.066667,0.055556,0.000000,0.000000,262.515102,458.061224,48.554415,40.192871,24.277208,20.096435,11940,10,0.066667,138.000000,0.000000,20.000000,0.971088,0.000000
0,0.000000,0.076923,0.076923,5.922946,0.000000,154.125000,126.562500,74.452361,41.111086,37.226181,20.555543,9360,710,0.076923,68.000000,0.000000,35.000000,1.627053,0.000000
0,-0.000001,0.250000,0.026316,1.266050,0.000000,879.794785,5700.561983,87.574961,92.757322,43.787481,46.378661,6130,4430,0.250000,351.000000,0.000000,40.000000,1.752556,1.855146
0,-0.000146,0.333333,0.222222,0.017821,0.000000,66.375000,1800.000000,50.462882,83.377356,25.231441,41.688678,2430,10,0.333333,127.000000,0.000000,25.000000,1.009262,1.667547
0,-0.000001,0.250000,0.026316,1.266050,0.000000,879.794785,5700.561983,87.574961,92.757322,43.787481,46.378661,6130,1800,0.250000,351.000000,0.000000,40.000000,1.752556,1.855146
0,-0.000001,0.250000,0.026316,1.266050,0.000000,879.794785,5700.561983,87.574961,92.757322,43.787481,46.378661,9440,6130,0.250000,351.000000,0.000000,40.000000,1.752556,1.855146
0,-0.000000,0.100000,0.090909,0.041635,0.000000,106.540289,918.130178,50.311753,81.226835,25.155876,40.613417,2820,10,0.100000,127.000000,0.000000,25.000000,1.006246,1.624537
0,-0.000006,0.222222,0.034483,3.628444,0.000000,112.201638,1174.867188,59.678244,84.546988,29.839122,42.273494,2450,490,0.500000,915.000000,0.000000,25.000000,1.341783,1.690940
0,0.000128,0.500000,0.636364,3.691005,0.000000,650.111111,1318.130178,81.811152,85.363996,40.905576,42.681998,6130,580,0.657895,351.000000,0.000000,40.000000,1.675974,1.707280
0,-0.000000,0.700000,0.636364,0.240935,0.000000,467.435000,1800.000000,48.258101,83.377356,24.129051,41.688678,8370,10,0.700000,127.000000,0.000000,20.000000,0.965228,1.667547
0,0.000000,0.047619,0.047619,38.355196,27.345519,44500.592593,45657.333333,84.339031,85.870671,42.169516,42.935335,16220,8940,0.047619,33.000000,0.000000,40.000000,2.177042,1.725605
0,0.000000,0.047619,0.047619,11.013516,0.754529,234.419582,1409.777778,78.748008,76.065142,39.374004,38.032571,8940,6310,0.047619,33.000000,0.000000,35.000000,2.056778,1.521505
0,0.000000,0.047619,0.047619,38.355196,27.345519,44500.592593,45657.333333,84.339031,85.870671,42.169516,42.935335,16380,8940,0.047619,33.000000,0.000000,40.000000,2.177042,1.725605
0,0.000000,0.047619,0.047619,38.355196,27.345519,44500.592593,45657.333333,84.339031,85.870671,42.169516,42.935335,15790,8940,0.047619,33.000000,0.000000,40.000000,2.177042,1.725605
0,0.000000,0.166667,0.166667,0.166556,0.000000,366.364444,348.444444,47.864386,40.672383,23.932193,20.336192,5290,10,0.166667,10.000000,0.000000,20.000000,0.957328,0.000000
0,0.000000,0.333333,0.333333,0.337233,0.000000,665.853884,604.340278,45.246421,37.341393,22.623210,18.670697,10350,10,0.333333,10.000000,0.000000,20.000000,0.905016,0.000000
0,-0.000000,0.666667,0.600000,147.319436,0.403546,2010.604167,847.000000,80.030110,37.657088,40.015055,18.828544,7810,4690,0.666667,547.000000,0.000000,40.000000,7.114755,0.000000
0,-0.000000,0.666667,0.600000,0.033786,0.403546,399.784722,847.000000,77.421643,37.657088,38.710821,18.828544,4530,10,0.666667,563.000000,0.000000,35.000000,1.548446,0.000000
0,-0.000000,0.466667,0.291667,147.319436,0.059976,2331.625000,145.185185,79.760801,42.969706,39.880400,21.484853,3200,2800,0.466667,547.000000,0.000000,35.000000,7.109369,0.000000
0,-0.000000,0.076923,0.071429,1.168482,0.019335,1920.270891,37.555556,59.019530,40.544177,29.509765,20.272088,4130,10,0.076923,151.000000,0.000000,25.000000,1.180750,0.000000
0,0.000000,0.666667,1.000000,1.815324,0.000000,394.618056,0.000000,86.701116,0.000000,43.350558,0.000000,2640,10,1.000000,563.000000,0.000000,40.000000,1.777961,0.000000
0,-0.000000,0.666667,0.222222,8.994867,0.046168,447.187500,112.000000,88.245016,41.427674,44.122508,20.713837,8130,2130,0.666667,351.000000,0.000000,40.000000,1.913851,0.000000
0,-0.000033,0.050000,0.043478,2.275519,0.037986,2961.926446,72.297521,97.570737,48.264120,48.785369,24.132060,7500,5050,0.050000,77.000000,0.000000,45.000000,1.956034,0.000000
0,-0.000011,0.642857,0.533333,8.489631,6.053649,356.261528,12393.000000,95.454545,39.619602,47.727273,19.809801,3860,10,0.904762,441.000000,0.000000,45.000000,2.021818,0.000000
0,-0.000000,0.076923,0.071429,1.168482,0.019335,1920.270891,37.555556,59.019530,40.544177,29.509765,20.272088,6760,10,0.076923,151.000000,0.000000,25.000000,1.180750,0.000000
0,-0.000000,0.166667,0.153846,2.115850,0.015092,1961.326446,38.720000,89.944812,41.248560,44.972406,20.624280,6830,6560,0.166667,144.000000,0.000000,40.000000,1.806832,0.000000
0,-0.000033,0.050000,0.043478,2.275519,0.037986,2961.926446,72.297521,97.570737,48.264120,48.785369,24.132060,5050,4870,0.050000,77.000000,0.000000,45.000000,1.956034,0.000000
0,-0.000000,0.666667,0.600000,147.319436,0.403546,2010.604167,847.000000,80.030110,37.657088,40.015055,18.828544,4690,2800,0.666667,547.000000,0.000000,40.000000,7.114755,0.000000
0,-0.000000,0.500000,0.291667,0.405870,0.059976,1003.673611,145.185185,77.396188,42.969706,38.698094,21.484853,3040,10,0.500000,563.000000,0.000000,35.000000,1.548051,0.000000
0,-0.000011,0.642857,0.533333,8.489631,6.053649,356.261528,12393.000000,95.454545,39.619602,47.727273,19.809801,8870,10,0.904762,441.000000,0.000000,45.000000,2.021818,0.000000
0,-0.000000,0.076923,0.071429,1.168482,0.019335,1920.270891,37.555556,59.019530,40.544177,29.509765,20.272088,11770,10,0.076923,151.000000,0.000000,25.000000,1.180750,0.000000
0,0.000000,0.636364,1.000000,3.331464,0.000000,285.753086,0.000000,78.850467,0.000000,39.425234,0.000000,6890,1880,1.000000,639.000000,0.000000,35.000000,1.600335,0.000000
0,-0.000033,0.050000,0.043478,2.275519,0.037986,2961.926446,72.297521,97.570737,48.264120,48.785369,24.132060,8790,7500,0.050000,77.000000,0.000000,45.000000,1.956034,0.000000
0,-0.000000,0.166667,0.153846,2.115850,0.015092,1961.326446,38.720000,89.944812,41.248560,44.972406,20.624280,11840,6560,0.166667,144.000000,0.000000,40.000000,1.806832,0.000000
0,-0.000033,0.050000,0.043478,2.275519,0.037986,2961.926446,72.297521,97.570737,48.264120,48.785369,24.132060,8790,4870,0.050000,77.000000,0.000000,45.000000,1.956034,0.000000
0,-0.000000,0.166667,0.142857,0.666740,0.036490,1109.462810,80.000000,60.000001,41.855704,30.000000,20.927852,6090,10,0.166667,218.000000,0.000000,30.000000,1.200205,0.000000
0,-0.000033,0.050000,0.043478,2.275519,0.037986,2961.926446,72.297521,97.570737,48.264120,48.785369,24.132060,12510,8790,0.050000,77.000000,0.000000,45.000000,1.956034,0.000000
0,-0.000000,0.066667,0.041667,0.193992,6.113625,400.265355,12538.185185,86.214817,82.589308,43.107409,41.294654,4260,10,0.066667,441.000000,0.000000,40.000000,1.724348,1.653277
0,-0.000011,0.642857,0.533333,8.489631,6.053649,356.261528,12393.000000,95.454545,39.619602,47.727273,19.809801,1230,10,0.904762,441.000000,0.000000,45.000000,2.021818,0.000000
0,-0.000033,0.050000,0.043478,2.275519,0.037986,2961.926446,72.297521,97.570737,48.264120,48.785369,24.132060,12510,6840,0.050000,77.000000,0.000000,45.000000,1.956034,0.000000
0,-0.000000,0.666667,0.222222,8.994867,0.046168,447.187500,112.000000,88.245016,41.427674,44.122508,20.713837,8130,4760,0.666667,351.000000,0.000000,40.000000,1.913851,0.000000
0,-0.000000,0.466667,0.291667,147.319436,0.059976,2331.625000,145.185185,79.760801,42.969706,39.880400,21.484853,7810,3200,0.466667,547.000000,0.000000,35.000000,7.109369,0.000000
0,-0.000033,0.050000,0.043478,2.275519,0.037986,2961.926446,72.297521,97.570737,48.264120,48.785369,24.132060,7500,6840,0.050000,77.000000,0.000000,45.000000,1.956034,0.000000
0,-0.000000,0.666667,0.222222,8.994867,0.046168,447.187500,112.000000,88.245016,41.427674,44.122508,20.713837,9770,8130,0.666667,351.000000,0.000000,40.000000,1.913851,0.000000
0,-0.000000,0.166667,0.142857,0.666740,0.036490,1109.462810,80.000000,60.000001,41.855704,30.000000,20.927852,3460,10,0.166667,218.000000,0.000000,30.000000,1.200205,0.000000
0,-0.000000,0.166667,0.142857,0.666740,0.036490,1109.462810,80.000000,60.000001,41.855704,30.000000,20.927852,11100,10,0.166667,218.000000,0.000000,30.000000,1.200205,0.000000
0,0.000000,0.666667,1.000000,1.815324,0.000000,394.618056,0.000000,86.701116,0.000000,43.350558,0.000000,7650,10,1.000000,563.000000,0.000000,40.000000,1.777961,0.000000
0,-0.000033,0.050000,0.043478,2.275519,0.037986,2961.926446,72.297521,97.570737,48.264120,48.785369,24.132060,12510,5050,0.050000,77.000000,0.000000,45.000000,1.956034,0.000000
0,-0.000000,0.333333,0.300000,0.028708,6.457196,79.244521,13240.000000,86.939039,77.276689,43.469520,38.638345,5750,10,0.333333,441.000000,0.000000,40.000000,1.738790,1.547108
0,-0.000000,0.166667,0.153846,2.115850,0.015092,1961.326446,38.720000,89.944812,41.248560,44.972406,20.624280,6560,4200,0.166667,144.000000,0.000000,40.000000,1.806832,0.000000
0,-0.000033,0.050000,0.043478,2.275519,0.037986,2961.926446,72.297521,97.570737,48.264120,48.785369,24.132060,6840,4870,0.050000,77.000000,0.000000,45.000000,1.956034,0.000000
0,0.000000,0.200000,0.200000,0.426516,0.000000,832.750000,112.000000,78.742519,41.428070,39.371259,20.714035,11610,9440,0.200000,26.000000,0.000000,35.000000,1.574960,0.000000
0,-0.000000,0.076923,0.071429,0.098420,0.000000,195.444444,37.555556,49.036406,41.874545,24.518203,20.937272,7960,10,0.076923,174.000000,0.000000,20.000000,0.980756,0.000000
0,-0.000005,0.437500,0.125000,5.918113,0.000000,1074.840000,578.000000,78.360654,37.329066,39.180327,18.664533,7700,3710,0.437500,200.000000,0.000000,35.000000,1.626542,0.000000
0,-0.000003,0.125000,0.062500,5.547904,0.000000,406.440000,84.027778,80.366182,41.795080,40.183091,20.897540,12020,7700,0.190476,200.000000,0.000000,40.000000,1.666551,0.000000
0,-0.000023,0.222222,0.125000,0.000000,0.000000,2009.222222,578.000000,70.658565,38.050736,35.329282,19.025368,5070,10,0.222222,580.000000,0.000000,35.000000,1.413171,0.000000
0,0.000000,0.400000,0.400000,6.066372,0.000000,414.562500,288.000000,81.268728,41.120586,40.634364,20.560293,9360,2820,0.400000,151.000000,0.000000,40.000000,1.763420,0.000000
0,0.000000,1.000000,1.000000,0.164988,0.263353,311.312500,514.940828,27.278862,39.364082,13.639431,19.682041,8850,10,1.000000,206.000000,0.000000,10.000000,0.545623,0.000000
0,0.000000,0.142857,0.142857,0.000000,0.010676,36.166667,20.166667,55.626293,26.850266,27.813147,13.425133,1840,10,0.142857,23.000000,0.000000,25.000000,1.112526,0.000000
0,-0.000053,0.083333,0.076923,0.000000,0.000000,165.351852,246.396825,56.098318,71.054831,28.049159,35.527415,8810,10,0.083333,41.000000,0.000000,25.000000,1.121966,1.421097
0,0.000018,0.400000,0.500000,0.112442,0.386252,232.583333,748.183391,77.902438,37.628663,38.951219,18.814331,12290,8690,0.500000,226.000000,0.000000,35.000000,1.558077,0.000000
0,0.000000,0.142857,0.142857,5.258068,0.000000,182.060000,431.520000,75.264076,91.418800,37.632038,45.709400,2950,630,0.142857,30.000000,0.000000,35.000000,1.640728,1.828376
0,0.000000,0.142857,0.142857,4.205267,0.000000,182.060000,431.520000,75.264076,91.418800,37.632038,45.709400,2950,2280,0.142857,30.000000,0.000000,35.000000,1.591918,1.828376
0,-0.000080,0.384615,0.333333,0.025086,0.064941,75.868056,164.111111,51.276223,92.197956,25.638112,46.098978,7160,10,0.384615,267.000000,0.000000,25.000000,1.025530,1.843972
0,-0.000409,0.083333,0.076923,0.980025,0.034035,98.055556,76.831111,53.646017,92.499924,26.823008,46.249962,6560,80,0.230769,260.000000,0.000000,25.000000,1.080510,1.850006
0,-0.000413,0.230769,0.076923,5.258068,0.034035,140.780000,76.831111,74.534933,92.499924,37.267467,46.249962,8760,630,0.230769,40.000000,0.000000,35.000000,1.626145,1.850006
0,-0.000086,0.380952,0.333333,5.258068,0.064941,310.345714,164.111111,74.865404,92.197956,37.432702,46.098978,9430,630,0.380952,40.000000,0.000000,35.000000,1.632754,1.843972
0,-0.000233,0.200000,0.181818,12.158160,0.000000,11238.000000,41.040000,88.431903,78.140916,44.215952,39.070458,17200,2400,0.200000,97.000000,0.000000,40.000000,1.887262,1.562818
0,-0.000000,0.142857,0.166667,0.000000,0.000000,30065.222222,480.180000,88.888103,81.688481,44.444052,40.844241,11280,10,0.250000,673.000000,0.000000,40.000000,1.777762,1.633770
0,-0.000002,0.125000,0.105263,7.205797,0.000000,12482.111111,972.000000,88.081191,80.526446,44.040596,40.263223,17040,4970,0.125000,97.000000,0.000000,40.000000,1.763705,1.610529
0,-0.000000,0.142857,0.166667,0.000000,0.000000,30065.222222,480.180000,88.888103,81.688481,44.444052,40.844241,10850,10,0.250000,673.000000,0.000000,40.000000,1.777762,1.633770
0,-0.000049,0.071429,0.066667,7.324092,0.000000,12611.208889,31.755102,57.943431,71.342123,28.971715,35.671061,17240,10,0.071429,34.000000,0.000000,25.000000,1.161000,1.426842
0,-0.000000,0.052632,0.030303,18.805093,0.000000,14553.000000,782.691358,88.091709,79.810097,44.045855,39.905049,12320,9390,0.052632,569.000000,0.000000,40.000000,1.862354,1.596202
0,0.000000,0.222222,0.222222,4.980723,0.000000,8754.423611,54.666667,60.000001,65.289694,30.000000,32.644847,17450,10,0.222222,13.000000,0.000000,30.000000,1.201419,1.305794
0,0.000000,0.222222,0.222222,4.980723,0.000000,8754.423611,54.666667,60.000001,65.289694,30.000000,32.644847,17880,10,0.222222,13.000000,0.000000,30.000000,1.201419,1.305794
0,-0.000233,0.200000,0.181818,12.158160,0.000000,11238.000000,41.040000,88.431903,78.140916,44.215952,39.070458,17040,2400,0.200000,97.000000,0.000000,40.000000,1.887262,1.562818
0,0.000000,0.222222,0.222222,4.980723,0.000000,8754.423611,54.666667,60.000001,65.289694,30.000000,32.644847,18040,10,0.222222,13.000000,0.000000,30.000000,1.201419,1.305794
0,-0.000000,0.052632,0.030303,18.805093,0.000000,14553.000000,782.691358,88.091709,79.810097,44.045855,39.905049,12480,9390,0.052632,569.000000,0.000000,40.000000,1.862354,1.596202
0,-0.000000,0.142857,0.166667,0.000000,0.000000,30065.222222,480.180000,88.888103,81.688481,44.444052,40.844241,11440,10,0.250000,673.000000,0.000000,40.000000,1.777762,1.633770
0,-0.000002,0.125000,0.105263,7.205797,0.000000,12482.111111,972.000000,88.081191,80.526446,44.040596,40.263223,16610,4970,0.125000,97.000000,0.000000,40.000000,1.763705,1.610529
0,-0.000000,0.052632,0.030303,18.805093,0.000000,14553.000000,782.691358,88.091709,79.810097,44.045855,39.905049,11890,9390,0.052632,569.000000,0.000000,40.000000,1.862354,1.596202
0,-0.000002,0.125000,0.105263,7.205797,0.000000,12482.111111,972.000000,88.081191,80.526446,44.040596,40.263223,17200,4970,0.125000,97.000000,0.000000,40.000000,1.763705,1.610529
0,-0.000233,0.200000,0.181818,12.158160,0.000000,11238.000000,41.040000,88.431903,78.140916,44.215952,39.070458,16610,2400,0.200000,97.000000,0.000000,40.000000,1.887262,1.562818
0,-0.000049,0.071429,0.066667,7.324092,0.000000,12611.208889,31.755102,57.943431,71.342123,28.971715,35.671061,17830,10,0.071429,34.000000,0.000000,25.000000,1.161000,1.426842
0,-0.000049,0.071429,0.066667,7.324092,0.000000,12611.208889,31.755102,57.943431,71.342123,28.971715,35.671061,17670,10,0.071429,34.000000,0.000000,25.000000,1.161000,1.426842
0,-0.000000,0.166667,0.142857,2.883061,0.000000,5723.022222,856.441358,86.107516,87.513348,43.053758,43.756674,13520,9670,0.166667,157.000000,0.000000,40.000000,1.722877,1.750267
0,-0.000000,0.166667,0.142857,2.883061,0.000000,5723.022222,856.441358,86.107516,87.513348,43.053758,43.756674,13520,3730,0.166667,157.000000,0.000000,40.000000,1.722877,1.750267
0,-0.000004,0.062500,0.035714,0.303937,0.178450,511.097778,458.415512,75.945872,81.581437,37.972936,40.790718,2860,1500,0.062500,534.000000,0.000000,35.000000,1.519008,1.631664
0,-0.000018,0.125000,0.178571,2.322813,0.128880,538.666667,371.597633,81.348769,82.969072,40.674385,41.484536,9810,1500,0.185185,534.000000,0.000000,40.000000,1.647200,1.659404
0,-0.000009,0.090909,0.076923,22.442243,0.628401,2438.935185,1330.396033,85.947921,87.657376,42.973960,43.828688,11860,11290,0.090909,63.000000,0.000000,40.000000,1.825572,1.753296
0,-0.000009,0.090909,0.076923,22.442243,0.628401,2438.935185,1330.396033,85.947921,87.657376,42.973960,43.828688,11860,5350,0.090909,63.000000,0.000000,40.000000,1.825572,1.753296
0,-0.000030,0.045455,0.038462,0.091223,0.331566,386.724923,768.255512,85.441710,78.885031,42.720855,39.442516,7130,10,0.045455,176.000000,0.000000,40.000000,1.708858,1.577772
0,0.000000,0.142857,0.142857,0.033277,0.004623,93.680473,10.275556,85.460801,44.115703,42.730401,22.057852,3260,10,0.142857,115.000000,0.000000,40.000000,1.709223,0.000000
0,0.000000,1.000000,1.000000,0.038744,0.045616,106.250000,123.224852,51.260331,35.574877,25.630165,17.787439,6490,10,1.000000,440.000000,0.000000,25.000000,1.025216,0.000000
0,0.000000,0.142857,0.142857,0.999676,0.017132,140.500000,43.750000,76.416545,36.264635,38.208272,18.132317,6560,750,0.142857,366.000000,0.000000,35.000000,1.535925,0.000000
0,0.000000,0.357143,0.400000,0.381262,0.365776,775.072280,754.349206,48.635496,38.714155,24.317748,19.357078,14740,10,0.400000,132.000000,0.000000,20.000000,0.972807,0.000000
0,-0.000000,0.181818,0.166667,0.095194,0.262517,226.888889,537.777778,47.930559,37.338527,23.965279,18.669264,7250,10,0.181818,132.000000,0.000000,20.000000,0.958634,0.000000
0,0.000000,0.666667,0.666667,0.008667,0.017577,35.067602,42.666667,34.930922,40.172649,17.465461,20.086325,220,10,0.666667,111.000000,0.000000,15.000000,0.698620,0.000000
0,0.000000,0.384615,0.384615,0.013964,0.017080,65.608889,43.750000,51.351177,36.519604,25.675588,18.259802,8920,10,0.384615,132.000000,0.000000,25.000000,1.027026,0.000000
0,0.000000,0.076923,0.076923,0.192003,0.194011,462.220000,467.250000,80.448981,75.552149,40.224490,37.776074,10150,1870,0.076923,12.000000,0.000000,40.000000,1.609020,1.511083
0,0.000000,0.111111,0.111111,0.013675,0.044294,54.032500,97.750000,52.499918,71.032479,26.249959,35.516240,9130,10,0.111111,114.000000,0.000000,25.000000,1.050001,1.420660
0,-0.000000,0.125000,0.076923,0.581217,0.381688,388.454082,798.099206,78.517750,75.712973,39.258875,37.856487,10280,4460,0.125000,581.000000,0.000000,35.000000,1.571433,1.514351
0,-0.000000,0.500000,0.285714,0.481936,0.000000,300.000000,754.349206,37.095686,39.174934,18.547843,19.587467,1460,10,0.971429,1618.000000,0.000000,15.000000,0.742317,0.000000
0,-0.000000,0.235294,0.142857,5.128678,0.000000,422.646117,199.219955,68.765761,39.966138,34.382880,19.983069,13130,9790,0.235294,451.000000,0.000000,30.000000,1.428106,0.000000
0,-0.000004,0.833333,0.714286,0.005734,0.000000,27.111111,20.000000,49.952974,37.492041,24.976487,18.746020,16430,10,0.833333,121.000000,0.000000,20.000000,0.999061,0.000000
0,-0.000000,0.500000,0.142857,0.060193,0.000000,118.406400,92.592593,37.939573,39.692049,18.969787,19.846025,13500,10,0.500000,414.000000,0.000000,15.000000,0.758810,0.000000
0,-0.000000,0.625000,0.555556,4.613512,2.390855,3650.750000,4802.000000,79.468291,38.587245,39.734146,19.293622,8470,6700,0.625000,271.000000,0.000000,35.000000,1.593005,0.000000
0,-0.000037,0.090909,0.142857,0.367115,0.946781,931.498750,2129.531250,84.670432,78.513156,42.335216,39.256578,14110,10,0.157895,242.000000,0.000000,40.000000,1.693502,1.570474
0,-0.000000,0.166667,0.047619,0.603301,0.458715,1200.628099,979.427083,90.567685,90.250169,45.283842,45.125085,17030,12120,0.166667,441.000000,0.000000,45.000000,1.811505,1.805111
0,-0.000000,0.166667,0.047619,0.603301,0.458715,1200.628099,979.427083,90.567685,90.250169,45.283842,45.125085,12120,10290,0.166667,441.000000,0.000000,45.000000,1.811505,1.805111
0,-0.000000,0.166667,0.047619,0.603301,0.458715,1200.628099,979.427083,90.567685,90.250169,45.283842,45.125085,12550,12120,0.166667,441.000000,0.000000,45.000000,1.811505,1.805111
0,-0.000000,0.066667,0.047619,0.130476,0.458715,247.811773,979.427083,83.237499,90.250169,41.618749,45.125085,12120,9170,0.090909,441.000000,0.000000,40.000000,1.664784,1.805111
0,0.000000,0.166667,0.166667,0.454329,0.469218,928.183391,1026.093750,77.650613,81.850561,38.825306,40.925280,14910,5940,0.166667,162.000000,0.000000,35.000000,1.553124,1.637119
0,0.000000,0.363636,0.363636,1.319768,0.000000,806.895000,341.678005,76.666795,78.516700,38.333398,39.258350,13960,2760,0.363636,71.000000,0.000000,35.000000,1.536607,1.570334
0,-0.000000,0.090909,0.142857,6.283037,0.511744,10959.468750,1045.722222,91.220703,91.032443,45.610351,45.516222,17190,9540,0.500000,208.000000,0.000000,45.000000,1.826219,1.820775
0,-0.000000,0.250000,0.200000,0.184004,0.059574,383.687500,165.277778,42.955471,81.021724,21.477736,40.510862,4640,10,0.250000,698.000000,0.000000,20.000000,0.859156,1.620445
0,-0.000000,0.166667,0.142857,1.554006,0.511744,411.880000,1045.722222,92.312872,91.032443,46.156436,45.516222,10480,8260,0.166667,114.000000,0.000000,45.000000,1.849849,1.820775
0,-0.000000,0.090909,0.142857,6.283037,0.511744,10959.468750,1045.722222,91.220703,91.032443,45.610351,45.516222,17620,9540,0.500000,208.000000,0.000000,45.000000,1.826219,1.820775
0,-0.000000,0.090909,0.142857,6.283037,0.511744,10959.468750,1045.722222,91.220703,91.032443,45.610351,45.516222,17780,9540,0.500000,208.000000,0.000000,45.000000,1.826219,1.820775
0,0.000000,0.250000,0.250000,0.037085,0.035612,118.250000,99.500000,43.226159,52.028341,21.613079,26.014171,11520,10,0.250000,10.000000,0.000000,20.000000,0.864530,1.040573
0,-0.000000,0.166667,0.142857,1.554006,0.511744,411.880000,1045.722222,92.312872,91.032443,46.156436,45.516222,10480,6420,0.166667,114.000000,0.000000,45.000000,1.849849,1.820775
0,-0.000000,0.166667,0.142857,1.554006,0.511744,411.880000,1045.722222,92.312872,91.032443,46.156436,45.516222,10480,3110,0.166667,114.000000,0.000000,45.000000,1.849849,1.820775
0,0.000000,0.045455,0.045455,0.005414,0.028887,96.697153,69.073611,50.701460,73.443456,25.350730,36.721728,970,10,0.045455,99.000000,0.000000,25.000000,1.014030,1.468875
0,0.000000,0.045455,0.045455,0.565393,0.534735,1299.777268,1260.438533,46.654751,73.539038,23.327375,36.769519,12570,10,0.045455,99.000000,0.000000,20.000000,0.933227,1.470894
0,0.000000,0.153846,0.153846,0.034973,0.000000,70.720000,74.666667,65.803056,91.247139,32.901528,45.623570,10260,150,0.153846,351.000000,0.000000,30.000000,1.316070,1.824943
0,0.000000,0.153846,0.153846,0.034973,0.000000,70.720000,74.666667,65.803056,91.247139,32.901528,45.623570,5470,150,0.153846,351.000000,0.000000,30.000000,1.316070,1.824943
0,-0.000000,0.400000,0.200000,0.050567,0.000000,94.375000,217.666667,85.606121,89.994724,42.803061,44.997362,7430,930,0.666667,634.000000,0.000000,40.000000,1.712136,1.799894
0,-0.000000,0.400000,0.200000,0.050567,0.000000,94.375000,217.666667,85.606121,89.994724,42.803061,44.997362,2640,930,0.666667,634.000000,0.000000,40.000000,1.712136,1.799894
0,-0.000000,0.125000,0.100000,8.495275,0.000000,153.500000,207.000000,55.799659,81.241864,27.899830,40.620932,3760,150,0.125000,351.000000,0.000000,25.000000,1.412052,1.624837
0,0.000000,0.300000,0.300000,1.039492,0.000000,142.652344,533.775148,74.383502,81.101877,37.191751,40.550938,12780,2440,0.300000,248.000000,0.000000,35.000000,1.507594,1.622038
0,-0.000000,0.500000,0.125000,11.737472,0.000000,124.000000,1393.244536,51.171115,78.232020,25.585557,39.116010,7260,10,0.500000,800.000000,0.000000,25.000000,1.638459,1.564640
0,-0.000000,0.625000,0.285714,11.039452,1.220863,14428.888889,2511.000000,40.828554,40.029470,20.414277,20.014735,3220,10,0.625000,867.000000,0.000000,20.000000,0.820798,0.000000
0,-0.000010,0.033333,0.031250,11.588526,0.000000,491.463129,2942.178005,78.148952,79.906777,39.074476,39.953389,9790,2670,0.033333,48.000000,0.000000,35.000000,1.746885,1.598136
0,-0.000000,0.166667,0.125000,0.331960,0.000000,683.361111,846.093750,49.632242,40.743770,24.816121,20.371885,14980,10,0.166667,229.000000,0.000000,20.000000,0.992727,0.000000
0,0.000000,0.250000,0.250000,1.305981,0.000000,2587.110000,2511.000000,74.982253,40.179131,37.491127,20.089566,10830,1130,0.250000,117.000000,0.000000,35.000000,1.499975,0.000000
0,-0.000000,0.050000,0.062500,1.014865,0.030762,136.904691,76.609410,81.870510,78.315213,40.935255,39.157606,10640,3490,0.300000,156.000000,0.000000,40.000000,1.647327,1.566311
0,0.000000,0.133333,0.133333,0.298162,0.265966,629.887574,562.527778,89.457001,78.315213,44.728501,39.157606,19580,11930,0.133333,27.000000,0.000000,40.000000,1.789211,1.566368
0,0.000000,0.133333,0.133333,0.298162,0.265966,629.887574,562.527778,89.457001,78.315213,44.728501,39.157606,11930,9710,0.133333,27.000000,0.000000,40.000000,1.789211,1.566368
0,0.000000,0.133333,0.133333,0.298162,0.265966,629.887574,562.527778,89.457001,78.315213,44.728501,39.157606,20010,11930,0.133333,27.000000,0.000000,40.000000,1.789211,1.566368
0,0.000000,0.133333,0.133333,0.298162,0.265966,629.887574,562.527778,89.457001,78.315213,44.728501,39.157606,20170,11930,0.133333,27.000000,0.000000,40.000000,1.789211,1.566368
0,0.000000,0.133333,0.133333,0.298162,0.265966,629.887574,562.527778,89.457001,78.315213,44.728501,39.157606,11930,7870,0.133333,27.000000,0.000000,40.000000,1.789211,1.566368
0,0.000000,0.133333,0.133333,0.298162,0.265966,629.887574,562.527778,89.457001,78.315213,44.728501,39.157606,11930,4560,0.133333,27.000000,0.000000,40.000000,1.789211,1.566368
0,-0.000000,0.050000,0.062500,1.014865,0.030762,136.904691,76.609410,81.870510,78.315213,40.935255,39.157606,10640,1840,0.300000,156.000000,0.000000,40.000000,1.647327,1.566311
0,-0.000000,0.100000,0.062500,0.023039,0.000000,133.925926,72.521633,49.836296,89.402810,24.918148,44.701405,3550,10,0.125000,152.000000,0.000000,20.000000,0.996731,1.788056
0,-0.000000,0.100000,0.062500,0.023039,0.000000,133.925926,72.521633,49.836296,89.402810,24.918148,44.701405,1900,10,0.125000,152.000000,0.000000,20.000000,0.996731,1.788056
0,-0.000000,0.318182,0.235294,1.000047,0.000000,241.546235,457.215148,46.970028,79.620473,23.485014,39.810237,13960,10,0.318182,152.000000,0.000000,20.000000,0.942593,1.592409
0,-0.000000,0.400000,0.285714,0.118555,0.000000,372.901235,64.440000,46.966604,79.819485,23.483302,39.909742,6030,10,0.571429,152.000000,0.000000,20.000000,0.939356,1.596390
0,-0.000000,0.318182,0.235294,0.017221,0.000000,122.392359,67.440000,47.191793,77.949115,23.595897,38.974558,10170,10,0.318182,152.000000,0.000000,20.000000,0.943840,1.558982
0,0.000000,0.857143,0.857143,0.188739,0.000000,31.111111,72.000000,73.490623,33.019579,36.745312,16.509790,2500,10,0.857143,304.000000,0.000000,35.000000,1.471415,0.000000
0,0.000000,1.000000,1.000000,3.735014,0.000000,180.666667,0.000000,85.500433,0.000000,42.750217,0.000000,600,10,1.000000,2016.000000,0.000000,40.000000,1.779760,0.000000
0,0.000000,0.833333,1.000000,0.636439,0.000000,340.000000,0.000000,90.000000,0.000000,45.000000,0.000000,5160,10,1.000000,514.000000,0.000000,45.000000,1.810126,0.000000
0,0.000000,0.066667,0.066667,0.274348,0.000000,562.511111,52.900000,91.300838,41.326792,45.650419,20.663396,19580,2200,0.066667,59.000000,0.000000,45.000000,1.826084,0.000000
0,-0.000114,0.111111,0.100000,6.303442,0.000000,10975.000000,77.777778,86.887257,39.998902,43.443629,19.999451,17620,4910,0.250000,298.000000,0.000000,40.000000,1.739557,0.000000
0,0.000000,1.000000,1.000000,10.178244,0.000000,648.000000,0.000000,100.000000,0.000000,50.000000,0.000000,18130,3110,1.000000,204.000000,0.000000,50.000000,2.119152,0.000000
0,-0.000215,0.500000,0.400000,0.484739,0.000000,970.222222,64.000000,52.639450,31.745016,26.319725,15.872508,19170,10,0.500000,100.000000,0.000000,25.000000,1.052912,0.000000
0,0.000000,1.000000,1.000000,10.178244,0.000000,648.000000,0.000000,100.000000,0.000000,50.000000,0.000000,18130,6420,1.000000,204.000000,0.000000,50.000000,2.119152,0.000000
0,-0.000114,0.111111,0.100000,1.596893,0.000000,499.000000,77.777778,89.807862,39.998902,44.903931,19.999451,5850,3110,0.111111,204.000000,0.000000,40.000000,1.799759,0.000000
0,0.000000,1.000000,1.000000,10.178244,0.000000,648.000000,0.000000,100.000000,0.000000,50.000000,0.000000,18720,6420,1.000000,204.000000,0.000000,50.000000,2.119152,0.000000
0,0.000000,1.000000,1.000000,10.178244,0.000000,648.000000,0.000000,100.000000,0.000000,50.000000,0.000000,18560,3110,1.000000,204.000000,0.000000,50.000000,2.119152,0.000000
0,-0.000215,0.500000,0.400000,0.484739,0.000000,970.222222,64.000000,52.639450,31.745016,26.319725,15.872508,19760,10,0.500000,100.000000,0.000000,25.000000,1.052912,0.000000
0,0.000000,1.000000,1.000000,127.777778,0.000000,1400.000000,0.000000,26.456302,0.000000,13.228151,0.000000,260,100,1.000000,2050.000000,0.000000,10.000000,6.413807,0.000000
0,-0.000215,0.500000,0.400000,0.484739,0.000000,970.222222,64.000000,52.639450,31.745016,26.319725,15.872508,7460,10,0.500000,100.000000,0.000000,25.000000,1.052912,0.000000
0,0.000000,0.833333,1.000000,0.636439,0.000000,340.000000,0.000000,90.000000,0.000000,45.000000,0.000000,3320,10,1.000000,514.000000,0.000000,45.000000,1.810126,0.000000
0,0.000000,0.066667,0.066667,0.274348,0.000000,562.511111,52.900000,91.300838,41.326792,45.650419,20.663396,7870,2200,0.066667,59.000000,0.000000,45.000000,1.826084,0.000000
0,-0.000114,0.111111,0.100000,6.303442,0.000000,10975.000000,77.777778,86.887257,39.998902,43.443629,19.999451,17780,4910,0.250000,298.000000,0.000000,40.000000,1.739557,0.000000
0,0.000000,1.000000,1.000000,10.178244,0.000000,648.000000,0.000000,100.000000,0.000000,50.000000,0.000000,18560,8260,1.000000,204.000000,0.000000,50.000000,2.119152,0.000000
0,0.000000,1.000000,1.000000,3.735014,0.000000,180.666667,0.000000,85.500433,0.000000,42.750217,0.000000,440,10,1.000000,2016.000000,0.000000,40.000000,1.779760,0.000000
0,0.000000,1.000000,1.000000,10.178244,0.000000,648.000000,0.000000,100.000000,0.000000,50.000000,0.000000,18560,6420,1.000000,204.000000,0.000000,50.000000,2.119152,0.000000
0,0.000000,1.000000,1.000000,10.178244,0.000000,648.000000,0.000000,100.000000,0.000000,50.000000,0.000000,18130,8260,1.000000,204.000000,0.000000,50.000000,2.119152,0.000000
0,-0.000215,0.500000,0.400000,0.484739,0.000000,970.222222,64.000000,52.639450,31.745016,26.319725,15.872508,4150,10,0.500000,100.000000,0.000000,25.000000,1.052912,0.000000
0,0.000000,0.066667,0.066667,0.274348,0.000000,562.511111,52.900000,91.300838,41.326792,45.650419,20.663396,9710,2200,0.066667,59.000000,0.000000,45.000000,1.826084,0.000000
0,0.000000,1.000000,1.000000,10.178244,0.000000,648.000000,0.000000,100.000000,0.000000,50.000000,0.000000,18720,8260,1.000000,204.000000,0.000000,50.000000,2.119152,0.000000
0,0.000000,1.000000,1.000000,10.178244,0.000000,648.000000,0.000000,100.000000,0.000000,50.000000,0.000000,18720,3110,1.000000,204.000000,0.000000,50.000000,2.119152,0.000000
0,-0.000215,0.500000,0.400000,0.484739,0.000000,970.222222,64.000000,52.639450,31.745016,26.319725,15.872508,9300,10,0.500000,100.000000,0.000000,25.000000,1.052912,0.000000
0,0.000000,0.066667,0.066667,0.274348,0.000000,562.511111,52.900000,91.300838,41.326792,45.650419,20.663396,20170,2200,0.066667,59.000000,0.000000,45.000000,1.826084,0.000000
0,0.000000,1.000000,1.000000,43.222749,0.000000,1600.000000,0.000000,77.778261,0.000000,38.889131,0.000000,4050,2210,1.000000,625.000000,0.000000,35.000000,2.139632,0.000000
0,-0.000114,0.111111,0.100000,6.303442,0.000000,10975.000000,77.777778,86.887257,39.998902,43.443629,19.999451,17190,4910,0.250000,298.000000,0.000000,40.000000,1.739557,0.000000
0,-0.000114,0.111111,0.100000,1.596893,0.000000,499.000000,77.777778,89.807862,39.998902,44.903931,19.999451,8260,5850,0.111111,204.000000,0.000000,40.000000,1.799759,0.000000
0,0.000000,0.066667,0.066667,0.274348,0.000000,562.511111,52.900000,91.300838,41.326792,45.650419,20.663396,20010,2200,0.066667,59.000000,0.000000,45.000000,1.826084,0.000000
0,-0.000114,0.111111,0.100000,1.596893,0.000000,499.000000,77.777778,89.807862,39.998902,44.903931,19.999451,6420,5850,0.111111,204.000000,0.000000,40.000000,1.799759,0.000000
0,-0.000215,0.500000,0.400000,0.484739,0.000000,970.222222,64.000000,52.639450,31.745016,26.319725,15.872508,19600,10,0.500000,100.000000,0.000000,25.000000,1.052912,0.000000
0,0.000000,0.066667,0.066667,0.274348,0.000000,562.511111,52.900000,91.300838,41.326792,45.650419,20.663396,4560,2200,0.066667,59.000000,0.000000,45.000000,1.826084,0.000000
0,0.000000,0.500000,0.500000,0.024967,0.030093,66.000000,63.000000,42.007518,39.549178,21.003759,19.774589,2190,10,0.500000,62.000000,0.000000,20.000000,0.840156,0.000000
0,0.000000,0.250000,0.250000,0.380165,0.321094,858.093750,749.480969,41.586384,41.223432,20.793192,20.611716,17130,10,0.250000,62.000000,0.000000,20.000000,0.831813,0.000000
0,0.000000,0.250000,0.250000,2.016268,0.024545,67.687500,55.687500,27.821437,38.002179,13.910718,19.001089,470,10,0.250000,62.000000,0.000000,10.000000,0.592930,0.000000
0,0.000000,0.076923,0.076923,0.000000,0.000000,88.497778,77.000000,49.868211,76.006578,24.934105,38.003289,5350,10,0.076923,72.000000,0.000000,20.000000,0.997364,1.520132
0,0.000000,0.076923,0.076923,0.000000,0.000000,3161.970000,1932.777778,48.592420,73.451702,24.296210,36.725851,13400,10,0.076923,72.000000,0.000000,20.000000,0.971848,1.469034
0,0.000000,0.250000,0.250000,0.022391,0.087183,46.440000,199.766531,72.667143,90.991395,36.333572,45.495698,1840,580,0.250000,11.000000,0.000000,35.000000,1.453348,1.819847
0,0.000000,0.166667,0.166667,0.358397,0.000000,268.510204,245.000000,64.525002,40.666695,32.262501,20.333348,850,320,0.166667,34.000000,0.000000,30.000000,1.292214,0.000000
0,0.000023,0.222222,0.466667,1.219083,0.000000,2531.000000,1186.839844,64.887410,41.108803,32.443705,20.554401,11900,10,0.466667,65.000000,0.000000,30.000000,1.298044,0.000000
0,0.000367,0.200000,0.666667,0.108004,0.241796,267.224852,563.000000,80.127550,69.485108,40.063775,34.742554,11390,8010,0.666667,164.000000,0.000000,40.000000,1.602573,1.389755
0,-0.000001,0.277778,0.142857,3.213123,0.029089,132.324444,93.625000,91.198804,84.068548,45.599402,42.034274,12100,10800,0.583333,223.000000,0.000000,45.000000,1.938064,1.681376
0,-0.000046,0.400000,0.166667,0.079766,0.238530,180.000000,530.625000,89.999978,85.416560,44.999989,42.708280,12690,8010,0.400000,164.000000,0.000000,40.000000,1.800017,1.708385
0,-0.000046,0.400000,0.166667,0.079766,0.238530,180.000000,530.625000,89.999978,85.416560,44.999989,42.708280,8010,6750,0.400000,164.000000,0.000000,40.000000,1.800017,1.708385
0,-0.000001,0.277778,0.142857,3.213123,0.029089,132.324444,93.625000,91.198804,84.068548,45.599402,42.034274,10800,6160,0.583333,223.000000,0.000000,45.000000,1.938064,1.681376
0,-0.000000,0.333333,0.250000,0.256148,0.708209,510.404959,1727.040816,43.787720,76.679801,21.893860,38.339900,9770,10,0.333333,542.000000,0.000000,20.000000,0.875821,1.533741
0,0.000000,0.076923,0.076923,0.862316,0.065441,92.027778,143.888889,70.198162,75.345414,35.099081,37.672707,6260,920,0.076923,66.000000,0.000000,35.000000,1.412291,1.506923
0,-0.000002,0.333333,0.153846,0.124660,0.000000,254.380165,829.960000,82.873760,78.528236,41.436880,39.264118,8130,910,0.333333,849.000000,0.000000,40.000000,1.657508,1.570565
0,0.000000,0.571429,0.571429,0.015299,0.000000,64.444444,20.000000,58.283347,42.000009,29.141674,21.000004,7720,10,0.571429,139.000000,0.000000,25.000000,1.165670,0.000000
0,0.000000,0.153846,0.153846,0.369300,0.000000,865.538194,802.777778,59.217194,40.632072,29.608597,20.316036,17540,10,0.153846,139.000000,0.000000,25.000000,1.184424,0.000000
0,0.000000,0.076923,0.076923,0.020884,0.000000,72.344444,52.900000,59.466569,41.998874,29.733284,20.999437,2660,10,0.076923,139.000000,0.000000,25.000000,1.189335,0.000000
0,0.000000,0.538462,0.538462,0.224291,0.000000,457.219592,627.792899,58.591132,40.965858,29.295566,20.482929,15650,10,0.538462,139.000000,0.000000,25.000000,1.171880,0.000000
0,0.000000,0.076923,0.076923,0.461563,0.000000,1113.124918,118.755102,57.495426,39.955461,28.747713,19.977730,14260,10,0.076923,139.000000,0.000000,25.000000,1.150006,0.000000
0,0.000000,0.538462,0.538462,0.020370,0.000000,67.444444,48.000000,57.650066,41.606560,28.825033,20.803280,11860,10,0.538462,139.000000,0.000000,25.000000,1.153006,0.000000
0,0.000000,0.153846,0.153846,0.023840,0.000000,72.526077,53.081633,68.012406,50.000000,34.006203,25.000000,3590,10,0.153846,139.000000,0.000000,30.000000,1.360253,0.000000
0,0.000000,0.153846,0.153846,0.023840,0.000000,72.526077,53.081633,68.012406,50.000000,34.006203,25.000000,5240,10,0.153846,139.000000,0.000000,30.000000,1.360253,0.000000
0,-0.000005,0.142857,0.225806,0.480412,0.178403,428.000000,438.755102,81.550677,89.959750,40.775338,44.979875,7320,3230,0.466667,837.000000,0.000000,40.000000,1.632003,1.799231
0,-0.000002,0.048780,0.042553,0.512103,0.086277,1255.284722,220.840150,81.214013,79.940515,40.607007,39.970258,14900,11200,0.048780,79.000000,0.000000,40.000000,1.624385,1.598827
0,0.000000,0.020000,0.020408,0.502819,0.076213,1244.338867,207.093969,80.383487,82.361623,40.191744,41.180812,18150,14900,0.020408,79.000000,0.000000,40.000000,1.607772,1.647247
0,0.000000,0.166667,0.250000,0.929936,0.062541,1931.080000,146.755102,42.218005,79.953353,21.109003,39.976677,12220,10,0.250000,347.000000,0.000000,20.000000,0.844587,1.599080
0,0.000004,0.045455,0.225806,22.925322,0.178403,1357.665816,438.755102,86.670136,89.959750,43.335068,44.979875,14450,13880,0.225806,124.000000,0.000000,40.000000,1.931197,1.799231
0,0.000004,0.045455,0.225806,22.925322,0.178403,1357.665816,438.755102,86.670136,89.959750,43.335068,44.979875,14450,7940,0.225806,124.000000,0.000000,40.000000,1.931197,1.799231
0,-0.000000,0.190476,0.100000,1.927196,0.102795,1307.468626,245.505102,77.151148,82.171529,38.575574,41.085765,12590,3830,0.190476,310.000000,0.000000,35.000000,1.553194,1.643452
0,-0.000000,0.200000,0.166667,1.269864,0.638575,2575.000000,1495.543253,73.384667,80.370672,36.692333,40.185336,13560,11570,0.200000,219.000000,0.000000,35.000000,1.468008,1.607550
0,-0.000000,0.105263,0.080000,0.734407,0.180366,98.444444,429.067405,88.179760,88.142060,44.089880,44.071030,13690,9840,0.105263,360.000000,0.000000,40.000000,1.769357,1.762879
0,0.000000,0.080000,0.080000,23.825180,0.180366,257.136095,429.067405,89.127159,88.142060,44.563580,44.071030,12020,600,0.080000,142.000000,0.000000,40.000000,3.137366,1.762879
0,0.000000,0.250000,0.250000,0.028553,0.117408,75.000000,288.333333,81.187434,78.142060,40.593717,39.071030,12430,9100,0.250000,101.000000,0.000000,40.000000,1.623754,1.562865
0,-0.000000,0.105263,0.080000,0.734407,0.180366,98.444444,429.067405,88.179760,88.142060,44.089880,44.071030,20430,9840,0.105263,360.000000,0.000000,40.000000,1.769357,1.762879
0,-0.000000,0.272727,0.230769,0.723790,0.140199,63.440000,324.053333,71.007911,79.374964,35.503955,39.687482,9840,440,0.272727,360.000000,0.000000,35.000000,1.425919,1.587530
0,-0.000000,0.105263,0.080000,0.734407,0.180366,98.444444,429.067405,88.179760,88.142060,44.089880,44.071030,12570,9840,0.105263,360.000000,0.000000,40.000000,1.769357,1.762879
0,-0.000000,0.105263,0.080000,0.734407,0.180366,98.444444,429.067405,88.179760,88.142060,44.089880,44.071030,15950,9840,0.105263,360.000000,0.000000,40.000000,1.769357,1.762879
0,-0.000000,0.666667,0.500000,0.767456,0.015107,38.222222,35.437500,47.612745,41.088365,23.806373,20.544182,11160,230,0.666667,558.000000,0.000000,20.000000,0.970220,0.000000
0,0.000000,0.050000,0.050000,0.616582,0.000000,446.750000,161.181953,84.786126,92.428789,42.393063,46.214394,14710,6520,0.050000,66.000000,0.000000,40.000000,1.696229,1.848576
0,-0.000000,0.285714,0.050000,1.494796,0.000000,368.217593,161.181953,75.635848,92.428789,37.817924,46.214394,8500,3830,0.285714,335.000000,0.000000,35.000000,1.522788,1.848576
0,0.000000,0.050000,0.050000,0.616582,0.000000,446.750000,161.181953,84.786126,92.428789,42.393063,46.214394,8770,6520,0.050000,66.000000,0.000000,40.000000,1.696229,1.848576
0,-0.000000,0.666667,0.545455,0.025866,0.139202,77.765625,325.000000,50.827289,40.496498,25.413645,20.248249,1730,10,0.666667,269.000000,0.000000,25.000000,1.016552,0.000000
0,0.000000,0.166667,0.166667,0.322646,0.645079,818.777778,1616.015625,41.461552,64.626425,20.730776,32.313212,19020,10,0.166667,34.000000,0.000000,20.000000,0.829296,1.292657
0,0.000000,0.166667,0.166667,0.056017,0.387898,142.953125,925.000000,40.837956,64.114124,20.418978,32.057062,2360,10,0.166667,34.000000,0.000000,20.000000,0.816771,1.282364
0,-0.000000,0.666667,0.545455,0.333025,0.396383,682.673611,1016.015625,49.538654,41.008798,24.769327,20.504399,14950,10,0.666667,441.000000,0.000000,20.000000,0.990856,0.000000
0,-0.000000,0.111111,0.090909,0.831616,0.007251,73.440000,19.440000,78.841307,41.653984,39.420654,20.826992,2340,1440,0.111111,208.000000,0.000000,35.000000,1.594614,0.000000
0,0.000000,0.500000,0.500000,0.027449,0.248696,79.000000,600.000000,42.066888,23.617627,21.033444,11.808813,4080,10,0.500000,34.000000,0.000000,20.000000,0.841344,0.000000
0,-0.000000,0.111111,0.090909,5.751043,0.015322,100.080000,41.326531,66.573607,42.215770,33.286804,21.107885,1390,1350,0.111111,307.000000,0.000000,30.000000,1.687011,0.000000
0,0.000000,0.071429,0.071429,0.000000,0.000000,228.965714,97.562500,85.069714,93.468787,42.534857,46.734394,4370,10,0.071429,68.000000,0.000000,40.000000,1.701394,1.869376
0,0.000000,0.125000,0.125000,0.000000,0.000000,584.285714,592.312500,76.493977,84.896588,38.246989,42.448294,15600,10,0.125000,68.000000,0.000000,35.000000,1.529880,1.697932
0,0.000000,0.071429,0.071429,0.000000,0.000000,228.965714,97.562500,85.069714,93.468787,42.534857,46.734394,8250,10,0.071429,68.000000,0.000000,40.000000,1.701394,1.869376
0,0.000001,0.615385,0.750000,0.095303,0.000000,51.791584,573.440000,93.470412,50.000000,46.735206,25.000000,2590,10,0.750000,476.000000,0.000000,45.000000,1.869527,0.000000
0,0.000000,0.100000,0.100000,0.438112,0.000000,167.132231,636.440000,79.328035,92.359487,39.664017,46.179743,14010,6860,0.100000,49.000000,0.000000,35.000000,1.587422,1.847190
0,0.000000,0.047619,0.055556,0.740248,0.000000,1483.680473,118.755102,80.098407,39.992804,40.049204,19.996402,11610,10,0.055556,476.000000,0.000000,40.000000,1.602155,0.000000
0,0.000001,0.615385,0.750000,0.095303,0.000000,51.791584,573.440000,93.470412,50.000000,46.735206,25.000000,940,10,0.750000,476.000000,0.000000,45.000000,1.869527,0.000000
0,0.000000,0.071429,0.071429,0.000000,0.000000,80.900000,28.000000,81.998719,40.000000,40.999359,20.000000,4000,10,0.071429,77.000000,0.000000,40.000000,1.639974,0.000000
0,0.000000,0.428571,0.500000,3.898749,0.000000,139.680473,63.000000,85.522703,42.359487,42.761352,21.179743,9740,10,0.652174,476.000000,0.000000,40.000000,1.770773,0.000000
0,0.000000,0.230769,0.272727,0.013763,0.000000,52.400473,43.750000,85.970316,41.428017,42.985158,20.714009,9070,10,0.272727,476.000000,0.000000,40.000000,1.719409,0.000000
0,0.000000,0.100000,0.100000,0.438112,0.000000,167.132231,636.440000,79.328035,92.359487,39.664017,46.179743,14010,5210,0.100000,49.000000,0.000000,35.000000,1.587422,1.847190
0,0.000000,0.250000,0.363636,1.027494,0.000000,55.437500,321.750000,83.418064,69.875343,41.709032,34.937672,5080,2960,0.363636,235.000000,0.000000,40.000000,1.683076,1.397507
0,0.000000,0.428571,0.388889,2.244296,0.000000,214.425714,1282.000000,80.476891,77.274659,40.238445,38.637330,11340,7550,0.428571,647.000000,0.000000,40.000000,1.633837,1.545493
0,-0.000000,0.222222,0.111111,24.139302,0.000000,462.816327,487.480000,87.301249,88.166380,43.650624,44.083190,6230,4810,0.600000,921.000000,0.000000,40.000000,2.395858,1.763328
0,-0.000000,0.200000,0.055556,0.124549,0.000000,172.160000,541.456633,68.392665,78.768458,34.196332,39.384229,3400,2100,0.583333,1062.000000,0.000000,30.000000,1.367898,1.575369
0,-0.000000,0.071429,0.055556,4.205267,0.000000,218.700000,973.440000,74.369082,88.166380,37.184541,44.083190,8900,2280,0.076923,512.000000,0.000000,35.000000,1.574018,1.763328
0,-0.000000,0.222222,0.111111,24.139302,0.000000,462.816327,487.480000,87.301249,88.166380,43.650624,44.083190,4810,2490,0.600000,921.000000,0.000000,40.000000,2.395858,1.763328
0,-0.000000,0.100000,0.125000,11.576077,0.000000,470.250000,420.000000,79.505715,80.166382,39.752857,40.083191,7190,3050,0.142857,683.000000,0.000000,35.000000,1.948174,1.603328
0,-0.000000,0.083333,0.055556,0.000000,0.000000,136.806667,973.440000,54.398552,88.166380,27.199276,44.083190,8280,10,0.083333,574.000000,0.000000,25.000000,1.087971,1.763328
0,0.000000,0.083333,0.111111,0.397767,0.000000,815.629628,1300.000000,78.817612,79.285536,39.408806,39.642768,15770,10090,0.111111,393.000000,0.000000,35.000000,1.576449,1.585711
0,-0.000000,0.222222,0.111111,24.139302,0.000000,462.816327,487.480000,87.301249,88.166380,43.650624,44.083190,4810,4280,0.600000,921.000000,0.000000,40.000000,2.395858,1.763328
0,0.000000,0.083333,0.083333,5.376061,0.000000,132.500000,484.500000,75.218914,78.552446,37.609457,39.276223,13160,2410,0.083333,86.000000,0.000000,35.000000,1.674230,1.571049
0,-0.000000,0.400000,0.111111,0.311279,0.000000,489.600000,494.173010,77.255208,78.944116,38.627604,39.472058,9050,3400,0.692308,1062.000000,0.000000,35.000000,1.545204,1.578882
0,0.000000,0.400000,0.200000,0.555249,0.000000,60.100000,7448.396694,90.666645,84.184480,45.333322,42.092240,9390,5050,0.571429,674.000000,0.000000,45.000000,1.817443,1.683690
0,0.000000,0.076923,0.076923,21.984622,0.000000,1092.916667,7339.777778,76.881324,80.909642,38.440662,40.454821,14340,6290,0.076923,179.000000,0.000000,35.000000,1.768801,1.618193
0,-0.000000,0.076923,0.074074,0.841625,0.000000,1851.192493,8190.000000,80.589693,80.618254,40.294846,40.309127,19240,15580,0.076923,55.000000,0.000000,40.000000,1.611987,1.612365
0,-0.000000,0.181818,0.222222,0.862635,0.000000,1536.000000,10384.140625,77.041188,80.260183,38.520594,40.130091,11390,5910,0.260870,474.000000,0.000000,35.000000,1.541067,1.605204
0,-0.000000,0.050000,0.040000,0.604959,0.000000,1032.297521,3252.537319,88.852769,85.479413,44.426385,42.739706,10790,5910,0.050000,474.000000,0.000000,40.000000,1.777233,1.709588
0,0.000000,0.400000,0.200000,0.555249,0.000000,60.100000,7448.396694,90.666645,84.184480,45.333322,42.092240,9390,6840,0.571429,674.000000,0.000000,45.000000,1.817443,1.683690
0,-0.000000,0.050000,0.040000,0.604959,0.000000,1032.297521,3252.537319,88.852769,85.479413,44.426385,42.739706,7050,5910,0.050000,474.000000,0.000000,40.000000,1.777233,1.709588
0,0.000000,0.041667,0.041667,0.768627,0.000000,1570.502959,7321.502959,88.288847,83.577633,44.144424,41.788816,15470,10,0.041667,66.000000,0.000000,40.000000,1.765969,1.671553
0,0.000001,0.066667,0.294118,2.183012,0.000000,2708.916667,7389.000000,66.366294,77.131446,33.183147,38.565723,14310,920,0.333333,182.000000,0.000000,30.000000,1.335987,1.542629
0,-0.000000,0.050000,0.040000,0.604959,0.000000,1032.297521,3252.537319,88.852769,85.479413,44.426385,42.739706,8840,5910,0.050000,474.000000,0.000000,40.000000,1.777233,1.709588
0,0.000000,0.400000,0.200000,0.555249,0.000000,60.100000,7448.396694,90.666645,84.184480,45.333322,42.092240,9390,8790,0.571429,674.000000,0.000000,45.000000,1.817443,1.683690
0,-0.000114,0.300000,0.080000,7.572922,0.000000,6181.000000,1990.747922,78.434268,87.346336,39.217134,43.673168,7550,5330,0.300000,715.000000,0.000000,35.000000,1.650350,1.746927
0,-0.000000,0.153846,0.111111,0.248278,0.000000,561.543403,939.040000,51.109209,86.327359,25.554605,43.163680,9180,10,0.153846,330.000000,0.000000,25.000000,1.022242,1.726547
0,0.000952,0.800000,0.714286,11.230206,0.000000,467.680000,545.000000,69.485345,89.457111,34.742672,44.728555,13560,9350,0.800000,313.000000,0.000000,30.000000,1.545364,1.789142
0,-0.000000,0.076923,0.066667,0.546686,0.000000,1244.289023,1551.997922,81.360569,72.890144,40.680285,36.445072,13350,6410,0.076923,155.000000,0.000000,40.000000,1.627332,1.457803
0,0.000000,0.111111,0.111111,0.008099,0.000000,38.840278,76.562500,80.114496,74.803674,40.057248,37.401837,6910,10,0.111111,105.000000,0.000000,40.000000,1.602291,1.496073
0,-0.000000,0.416667,0.133333,1.768743,0.000000,122.288163,190.850000,89.166665,82.764472,44.583332,41.382236,7840,6260,0.416667,170.000000,0.000000,40.000000,1.798142,1.655289
0,-0.000000,0.416667,0.133333,1.768743,0.000000,122.288163,190.850000,89.166665,82.764472,44.583332,41.382236,6260,3960,0.416667,170.000000,0.000000,40.000000,1.798142,1.655289
0,0.000000,0.111111,0.111111,0.051820,0.092669,142.062500,243.555556,82.408272,84.124782,41.204136,42.062391,7080,10,0.111111,118.000000,0.000000,40.000000,1.648176,1.682513
0,-0.000000,0.272727,0.250000,0.831616,0.010730,350.190000,31.640625,75.691400,42.221880,37.845700,21.110940,2380,1440,0.272727,324.000000,0.000000,35.000000,1.531616,0.000000
0,-0.000000,0.090909,0.083333,0.831616,0.179296,75.127500,439.040000,68.898356,40.121129,34.449178,20.060565,1440,620,0.090909,324.000000,0.000000,30.000000,1.395755,0.000000
0,-0.000000,0.090909,0.083333,0.831616,3.249289,149.118005,160.647959,79.307725,39.854104,39.653862,19.927052,10300,1440,0.090909,324.000000,0.000000,35.000000,1.603942,0.000000
0,0.000000,0.181818,0.666667,0.378090,0.232031,863.039739,650.250000,46.146795,41.108354,23.073397,20.554177,15850,10,0.666667,467.000000,0.000000,20.000000,0.923028,0.000000
0,0.000000,0.040000,0.090909,1.189515,0.000000,1643.132231,573.440000,76.518698,50.000000,38.259349,25.000000,15500,5210,0.090909,183.000000,0.000000,35.000000,1.531424,0.000000
0,0.000000,0.040000,0.090909,1.189515,0.000000,1643.132231,573.440000,76.518698,50.000000,38.259349,25.000000,15500,6860,0.090909,183.000000,0.000000,35.000000,1.531424,0.000000
0,-0.000000,0.250000,0.200000,0.035560,0.000000,99.297521,364.000000,90.000000,72.671587,45.000000,36.335794,13850,9100,0.250000,291.000000,0.000000,40.000000,1.800006,1.453432
0,0.000000,0.600000,0.600000,0.546534,0.000000,320.888889,364.000000,87.623932,74.958415,43.811966,37.479207,5000,1840,0.600000,981.000000,0.000000,40.000000,1.752993,1.499168
0,-0.000000,0.095238,0.074074,4.845900,0.000000,3956.684444,604.761905,94.734253,81.504132,47.367127,40.752066,18350,9180,0.105263,758.000000,0.000000,45.000000,1.897666,1.630083
0,-0.000001,0.200000,0.142857,0.058179,0.000000,302.396694,786.000000,74.661716,70.736938,37.330858,35.368469,13720,10,0.200000,109.000000,0.000000,35.000000,1.493245,1.414739
0,0.000000,0.222222,0.407407,24.185272,0.000000,554.666667,351.280612,93.105873,76.017197,46.552937,38.008598,10460,2490,0.529412,1053.000000,0.000000,45.000000,2.511962,1.520344
0,-0.000000,0.095238,0.074074,4.845900,0.000000,3956.684444,604.761905,94.734253,81.504132,47.367127,40.752066,11610,9180,0.105263,758.000000,0.000000,45.000000,1.897666,1.630083
0,-0.000000,0.250000,0.200000,0.035560,0.000000,99.297521,364.000000,90.000000,72.671587,45.000000,36.335794,11900,9100,0.250000,291.000000,0.000000,40.000000,1.800006,1.453432
0,-0.000000,0.250000,0.200000,0.035560,0.000000,99.297521,364.000000,90.000000,72.671587,45.000000,36.335794,10110,9100,0.250000,291.000000,0.000000,40.000000,1.800006,1.453432
0,-0.000000,0.095238,0.074074,4.845900,0.000000,3956.684444,604.761905,94.734253,81.504132,47.367127,40.752066,13870,9180,0.105263,758.000000,0.000000,45.000000,1.897666,1.630083
0,0.000000,0.600000,0.600000,0.546534,0.000000,320.888889,364.000000,87.623932,74.958415,43.811966,37.479207,6950,1840,0.600000,981.000000,0.000000,40.000000,1.752993,1.499168
0,-0.000000,0.111111,0.296296,24.193159,0.000000,544.468750,460.647959,89.999866,74.175401,44.999933,37.087701,4280,3510,0.411765,1053.000000,0.000000,40.000000,2.449848,1.483508
0,-0.000000,0.095238,0.074074,4.845900,0.000000,3956.684444,604.761905,94.734253,81.504132,47.367127,40.752066,13870,5440,0.105263,758.000000,0.000000,45.000000,1.897666,1.630083
0,0.000000,0.222222,0.407407,24.185272,0.000000,554.666667,351.280612,93.105873,76.017197,46.552937,38.008598,10460,4280,0.529412,1053.000000,0.000000,45.000000,2.511962,1.520344
0,0.000000,0.222222,0.407407,24.185272,0.000000,554.666667,351.280612,93.105873,76.017197,46.552937,38.008598,10460,6230,0.529412,1053.000000,0.000000,45.000000,2.511962,1.520344
0,0.000000,0.600000,0.600000,0.546534,0.000000,320.888889,364.000000,87.623932,74.958415,43.811966,37.479207,3210,1840,0.600000,981.000000,0.000000,40.000000,1.752993,1.499168
0,-0.000001,0.200000,0.142857,0.058179,0.000000,302.396694,786.000000,74.661716,70.736938,37.330858,35.368469,11930,10,0.200000,109.000000,0.000000,35.000000,1.493245,1.414739
0,-0.000000,0.111111,0.296296,24.193159,0.000000,544.468750,460.647959,89.999866,74.175401,44.999933,37.087701,3510,2490,0.411765,1053.000000,0.000000,40.000000,2.449848,1.483508
0,-0.000000,0.095238,0.074074,4.845900,0.000000,3956.684444,604.761905,94.734253,81.504132,47.367127,40.752066,11610,5440,0.105263,758.000000,0.000000,45.000000,1.897666,1.630083
0,-0.000000,0.095238,0.074074,4.845900,0.000000,3956.684444,604.761905,94.734253,81.504132,47.367127,40.752066,11610,7230,0.105263,758.000000,0.000000,45.000000,1.897666,1.630083
0,-0.000000,0.095238,0.074074,4.845900,0.000000,3956.684444,604.761905,94.734253,81.504132,47.367127,40.752066,18350,7230,0.105263,758.000000,0.000000,45.000000,1.897666,1.630083
0,-0.000000,0.133333,0.074074,0.971798,0.000000,92.746173,604.761905,91.887968,81.504132,45.943984,40.752066,8990,7680,0.133333,908.000000,0.000000,45.000000,1.848123,1.630083
0,-0.000000,0.272727,0.166667,0.000000,0.000000,91.737521,832.480000,63.746881,72.438581,31.873440,36.219290,10830,10,0.272727,593.000000,0.000000,30.000000,1.274938,1.448772
0,-0.000000,0.133333,0.074074,0.971798,0.000000,92.746173,604.761905,91.887968,81.504132,45.943984,40.752066,8990,3940,0.133333,908.000000,0.000000,45.000000,1.848123,1.630083
0,-0.000001,0.200000,0.142857,0.058179,0.000000,302.396694,786.000000,74.661716,70.736938,37.330858,35.368469,15670,10,0.200000,109.000000,0.000000,35.000000,1.493245,1.414739
0,-0.000000,0.086957,0.074074,23.832450,0.000000,281.433615,604.761905,98.813678,81.504132,49.406839,40.752066,13440,600,0.090909,332.000000,0.000000,45.000000,3.331097,1.630083
0,-0.000000,0.095238,0.074074,4.845900,0.000000,3956.684444,604.761905,94.734253,81.504132,47.367127,40.752066,13870,7230,0.105263,758.000000,0.000000,45.000000,1.897666,1.630083
0,-0.000000,0.272727,0.166667,0.000000,0.000000,91.737521,832.480000,63.746881,72.438581,31.873440,36.219290,7090,10,0.272727,593.000000,0.000000,30.000000,1.274938,1.448772
0,-0.000000,0.086957,0.074074,23.832450,0.000000,281.433615,604.761905,98.813678,81.504132,49.406839,40.752066,9700,600,0.090909,332.000000,0.000000,45.000000,3.331097,1.630083
0,-0.000000,0.133333,0.074074,0.971798,0.000000,92.746173,604.761905,91.887968,81.504132,45.943984,40.752066,8990,5730,0.133333,908.000000,0.000000,45.000000,1.848123,1.630083
0,-0.000000,0.086957,0.074074,23.832450,0.000000,281.433615,604.761905,98.813678,81.504132,49.406839,40.752066,11490,600,0.090909,332.000000,0.000000,45.000000,3.331097,1.630083
0,-0.000000,0.095238,0.074074,4.845900,0.000000,3956.684444,604.761905,94.734253,81.504132,47.367127,40.752066,18350,5440,0.105263,758.000000,0.000000,45.000000,1.897666,1.630083
0,-0.000000,0.272727,0.166667,0.000000,0.000000,91.737521,832.480000,63.746881,72.438581,31.873440,36.219290,8880,10,0.272727,593.000000,0.000000,30.000000,1.274938,1.448772
0,-0.000000,0.111111,0.296296,24.193159,0.000000,544.468750,460.647959,89.999866,74.175401,44.999933,37.087701,6230,3510,0.411765,1053.000000,0.000000,40.000000,2.449848,1.483508
0,0.000000,0.384615,0.384615,0.047933,0.038624,151.499444,109.136364,57.142861,50.000000,28.571430,25.000000,13360,10,0.384615,37.000000,0.000000,25.000000,1.142866,0.000000
0,0.000000,0.846154,0.846154,0.012253,0.018457,51.053819,45.125000,48.571288,37.268773,24.285644,18.634387,9020,10,0.846154,37.000000,0.000000,20.000000,0.971428,0.000000
0,0.000000,0.076923,0.076923,0.044696,0.064272,137.975057,165.816327,46.783103,37.694343,23.391551,18.847171,3680,10,0.076923,37.000000,0.000000,20.000000,0.935670,0.000000
0,0.000000,0.384615,0.384615,0.047933,0.038624,151.499444,109.136364,57.142861,50.000000,28.571430,25.000000,16880,10,0.384615,37.000000,0.000000,25.000000,1.142866,0.000000
0,0.000000,0.384615,0.384615,0.047933,0.038624,151.499444,109.136364,57.142861,50.000000,28.571430,25.000000,10940,10,0.384615,37.000000,0.000000,25.000000,1.142866,0.000000
0,0.000000,0.846154,0.846154,0.781489,0.830302,1685.730159,1772.929688,47.288496,39.765698,23.644248,19.882849,11590,10,0.846154,37.000000,0.000000,20.000000,0.945953,0.000000
0,0.000000,0.142857,0.142857,0.035257,0.034377,99.444444,80.000000,47.556444,41.378290,23.778222,20.689145,4430,10,0.142857,37.000000,0.000000,20.000000,0.951137,0.000000
0,0.000000,0.076923,0.076923,0.055468,0.054082,180.092404,160.647959,47.774311,41.305035,23.887155,20.652518,13750,10,0.076923,37.000000,0.000000,20.000000,0.955496,0.000000
0,0.000000,0.384615,0.384615,0.047933,0.038624,151.499444,109.136364,57.142861,50.000000,28.571430,25.000000,1610,10,0.384615,37.000000,0.000000,25.000000,1.142866,0.000000
0,0.000000,0.200000,0.200000,0.014229,0.000000,59.437500,44.000000,40.802283,67.964123,20.401142,33.982062,17560,10,0.200000,140.000000,0.000000,20.000000,0.816049,1.359282
0,0.000000,0.500000,0.500000,0.525260,0.165567,1235.933518,494.230769,80.150634,81.503495,40.075317,40.751748,14320,2770,0.500000,189.000000,0.000000,40.000000,1.603124,1.630098
0,-0.000000,0.054054,0.043478,8.664483,0.836227,3231.243790,1867.160457,79.736494,82.445645,39.868247,41.222823,14590,10720,0.054054,162.000000,0.000000,35.000000,1.613345,1.649101
0,0.000000,0.250000,0.250000,0.022477,0.216889,61.431953,634.764444,89.963074,89.998160,44.981537,44.999080,12220,2770,0.250000,189.000000,0.000000,40.000000,1.799266,1.800000
0,0.000000,0.166667,0.166667,2.498423,0.304968,6258.305556,799.564103,77.351909,79.498525,38.675954,39.749263,16030,11900,0.166667,18.000000,0.000000,35.000000,1.547537,1.590029
0,0.000000,0.250000,0.250000,0.022477,0.216889,61.431953,634.764444,89.963074,89.998160,44.981537,44.999080,15740,2770,0.250000,189.000000,0.000000,40.000000,1.799266,1.800000
0,0.000000,0.100000,0.100000,0.254786,1.087453,644.055000,2835.764444,83.389005,89.740070,41.694503,44.870035,11550,1400,0.100000,96.000000,0.000000,40.000000,1.667831,1.795010
0,-0.000000,0.258065,0.204545,13.500697,0.110148,1540.761246,328.995214,84.404186,91.505336,42.202093,45.752668,13290,11190,0.375000,292.000000,0.000000,40.000000,1.950589,1.830125
0,-0.000000,0.318182,0.204545,2.766522,0.110148,1380.985000,328.995214,88.325270,91.505336,44.162635,45.752668,13810,12390,0.375000,382.000000,0.000000,40.000000,1.841017,1.830125
0,-0.000000,0.214286,0.204545,7.281297,0.110148,1622.802922,328.995214,84.666391,91.505336,42.333196,45.752668,15230,1380,0.214286,98.000000,0.000000,40.000000,1.861940,1.830125
0,0.000000,0.100000,0.100000,0.254786,1.087453,644.055000,2835.764444,83.389005,89.740070,41.694503,44.870035,16670,11550,0.100000,96.000000,0.000000,40.000000,1.667831,1.795010
0,0.000000,0.100000,0.100000,0.254786,1.087453,644.055000,2835.764444,83.389005,89.740070,41.694503,44.870035,13150,11550,0.100000,96.000000,0.000000,40.000000,1.667831,1.795010
0,0.000000,0.100000,0.100000,0.254786,1.087453,644.055000,2835.764444,83.389005,89.740070,41.694503,44.870035,11550,10730,0.100000,96.000000,0.000000,40.000000,1.667831,1.795010
0,-0.000000,0.500000,0.285714,1.064752,0.062817,2148.578512,174.230769,41.216306,83.267781,20.608153,41.633891,11060,30,0.500000,515.000000,0.000000,20.000000,0.824590,1.665367
0,0.000000,0.250000,0.250000,6.678658,0.216889,159.055000,634.764444,84.200540,89.998160,42.100270,44.999080,3680,1380,0.250000,98.000000,0.000000,40.000000,1.852499,1.800000
0,-0.000000,0.318182,0.204545,2.766522,0.110148,1380.985000,328.995214,88.325270,91.505336,44.162635,45.752668,12390,7870,0.375000,382.000000,0.000000,40.000000,1.841017,1.830125
0,-0.000022,0.047619,0.045455,0.712368,0.130874,1673.560422,347.105769,75.646886,80.061608,37.823443,40.030804,16780,14790,0.047619,142.000000,0.000000,35.000000,1.513089,1.601257
0,0.000000,0.200000,0.200000,0.756350,1.036130,1857.400000,2695.230769,77.158403,81.245406,38.579201,40.622703,15250,11550,0.200000,96.000000,0.000000,35.000000,1.543322,1.625108
0,0.000000,0.250000,0.250000,0.022477,0.216889,61.431953,634.764444,89.963074,89.998160,44.981537,44.999080,9800,2770,0.250000,189.000000,0.000000,40.000000,1.799266,1.800000
0,-0.000010,0.055556,0.052632,0.483502,0.047576,1255.473710,149.918269,48.620008,73.371692,24.310004,36.685846,15670,10,0.055556,54.000000,0.000000,20.000000,0.972496,1.467441
0,0.000022,0.083333,0.307692,0.000000,0.000000,56.000000,187.107778,79.991963,76.273038,39.995982,38.136519,3390,10,0.307692,261.000000,0.000000,35.000000,1.599839,1.525461
0,-0.000000,0.200000,0.142857,0.067123,0.000000,311.734072,589.093750,75.394278,88.593925,37.697139,44.296962,16980,10,0.200000,171.000000,0.000000,35.000000,1.507899,1.771878
0,-0.000000,0.200000,0.142857,0.067123,0.000000,311.734072,589.093750,75.394278,88.593925,37.697139,44.296962,2830,10,0.200000,171.000000,0.000000,35.000000,1.507899,1.771878
0,0.000000,0.142857,0.142857,0.873120,0.000000,522.000000,329.834711,69.032966,75.890565,34.516483,37.945282,9100,1390,0.142857,33.000000,0.000000,30.000000,1.386670,1.517811
0,-0.000000,0.200000,0.142857,0.067123,0.000000,311.734072,589.093750,75.394278,88.593925,37.697139,44.296962,24840,10,0.200000,171.000000,0.000000,35.000000,1.507899,1.771878
0,-0.000000,0.200000,0.142857,0.050145,0.000000,285.456633,404.166667,66.533136,80.571247,33.266568,40.285623,12950,10,0.200000,171.000000,0.000000,30.000000,1.330672,1.611425
0,-0.000000,0.200000,0.142857,0.120308,0.000000,376.760000,1066.640000,63.460038,78.188032,31.730019,39.094016,4850,10,0.200000,171.000000,0.000000,30.000000,1.269232,1.563761
0,-0.000000,1.000000,0.714286,1.601477,0.000000,210.076698,352.020000,68.005645,81.463478,34.002822,40.731739,19900,10,1.000000,171.000000,0.000000,30.000000,1.379520,1.629270
0,-0.000000,0.200000,0.142857,0.067123,0.000000,311.734072,589.093750,75.394278,88.593925,37.697139,44.296962,20360,10,0.200000,171.000000,0.000000,35.000000,1.507899,1.771878
0,-0.000000,0.200000,0.142857,0.067123,0.000000,311.734072,589.093750,75.394278,88.593925,37.697139,44.296962,18100,10,0.200000,171.000000,0.000000,35.000000,1.507899,1.771878
0,-0.000000,0.333333,0.285714,0.000000,0.000000,413.000000,294.000000,49.283007,39.999998,24.641504,19.999999,5270,10,0.333333,672.000000,0.000000,20.000000,0.985660,0.000000
0,-0.000000,0.100000,0.111111,2.327430,0.000000,385.785714,1392.428571,82.731452,39.607984,41.365726,19.803992,11340,3410,0.142857,858.000000,0.000000,40.000000,1.678948,0.000000
0,0.000000,0.625000,0.666667,5.363795,0.000000,104.500000,193.600000,75.627747,37.737954,37.813874,18.868977,9020,2410,0.666667,297.000000,0.000000,35.000000,1.682404,0.000000
0,-0.000000,0.050000,0.047619,0.145203,0.000000,379.768889,350.953125,90.656530,88.830524,45.328265,44.415262,10810,4780,0.050000,90.000000,0.000000,45.000000,1.813158,1.776610
0,-0.000000,0.050000,0.047619,0.145203,0.000000,379.768889,350.953125,90.656530,88.830524,45.328265,44.415262,6930,4780,0.050000,90.000000,0.000000,45.000000,1.813158,1.776610
0,0.000000,0.052632,0.052632,30.857111,0.000000,817.600000,322.775510,79.133745,88.053004,39.566873,44.026502,4400,3320,0.052632,129.000000,0.000000,35.000000,2.826307,1.761060
0,-0.000000,0.230769,0.214286,1.020408,0.000000,460.480000,155.664399,89.187923,87.792617,44.593962,43.896308,17520,3730,0.230769,88.000000,0.000000,40.000000,1.788532,1.755852
0,-0.000000,0.230769,0.214286,1.020408,0.000000,460.480000,155.664399,89.187923,87.792617,44.593962,43.896308,17520,6570,0.230769,88.000000,0.000000,40.000000,1.788532,1.755852
0,-0.000000,0.062500,0.052632,0.169086,0.000000,354.515625,322.775510,39.140587,88.053004,19.570294,44.026502,1770,10,0.062500,568.000000,0.000000,15.000000,0.782855,1.761060
0,-0.000000,0.111111,0.095238,0.782399,0.000000,350.778828,578.000000,79.236663,90.853430,39.618331,45.426715,19480,9100,0.111111,114.000000,0.000000,35.000000,1.590721,1.817069
0,-0.000000,0.111111,0.095238,0.782399,0.000000,350.778828,578.000000,79.236663,90.853430,39.618331,45.426715,18360,9100,0.111111,114.000000,0.000000,35.000000,1.590721,1.817069
0,-0.000000,0.111111,0.095238,0.782399,0.000000,350.778828,578.000000,79.236663,90.853430,39.618331,45.426715,21740,9100,0.111111,114.000000,0.000000,35.000000,1.590721,1.817069
0,-0.000000,0.111111,0.095238,0.782399,0.000000,350.778828,578.000000,79.236663,90.853430,39.618331,45.426715,26220,9100,0.111111,114.000000,0.000000,35.000000,1.590721,1.817069
0,-0.000000,0.111111,0.095238,0.782399,0.000000,350.778828,578.000000,79.236663,90.853430,39.618331,45.426715,9100,4210,0.111111,114.000000,0.000000,35.000000,1.590721,1.817069
0,0.000000,0.111111,0.111111,1.145925,0.000000,135.516582,421.125000,84.747997,72.026807,42.373999,36.013404,14270,2380,0.111111,126.000000,0.000000,40.000000,1.700816,1.440536
0,-0.000000,0.250000,0.200000,0.049090,0.000000,135.105860,464.000000,81.764596,79.991894,40.882298,39.995947,11130,9100,0.250000,440.000000,0.000000,40.000000,1.635301,1.599838
0,0.000000,0.280000,0.280000,1.231241,0.000000,350.204082,640.000000,80.239138,81.892581,40.119569,40.946290,14270,9210,0.280000,126.000000,0.000000,40.000000,1.610655,1.637852
0,-0.000000,0.032258,0.020408,1.120754,0.000000,2219.073242,2265.301038,80.117954,77.436925,40.058977,38.718463,18650,9540,0.032258,383.000000,0.000000,40.000000,1.602644,1.548739
0,0.000002,0.043478,0.047619,1.164942,0.000000,185.084082,526.953125,91.382108,89.120246,45.691054,44.560123,14270,6740,0.047619,126.000000,0.000000,45.000000,1.833501,1.782405
0,-0.000002,0.666667,0.300000,0.000000,0.000000,111.781250,412.800000,81.406785,79.997628,40.703392,39.998814,5270,10,0.666667,1026.000000,0.000000,40.000000,1.628136,1.599953
0,-0.000000,0.052632,0.062500,7.102062,0.000000,249.529974,833.500000,86.619564,89.998706,43.309782,44.999353,10320,5170,0.157895,1036.000000,0.000000,40.000000,1.894713,1.799974
0,-0.000000,0.023810,0.026316,1.550051,0.000000,273.511633,606.335938,85.861959,89.998706,42.930980,44.999353,13520,13130,0.027027,201.000000,0.000000,40.000000,1.725791,1.799974
0,-0.000000,0.076923,0.058824,1.604872,0.000000,129.698696,435.654321,83.068568,81.136590,41.534284,40.568295,11700,6970,0.076923,383.000000,0.000000,40.000000,1.677041,1.622732
0,0.000127,0.590909,0.616667,0.047569,0.000000,96.527778,736.000000,53.039050,76.453078,26.519525,38.226539,6960,10,0.961538,1552.000000,0.000000,25.000000,1.060797,1.529062
0,-0.000000,0.029412,0.018182,9.752218,0.000000,536.168859,1012.500000,80.761315,80.382433,40.380657,40.191217,10810,3690,0.029412,472.000000,0.000000,40.000000,1.727949,1.607649
0,-0.000000,0.103448,0.062500,23.850336,0.000000,327.293119,833.500000,90.578073,89.998706,45.289036,44.999353,10720,600,0.103448,481.000000,0.000000,45.000000,3.166388,1.799974
0,-0.000000,0.023810,0.026316,1.550051,0.000000,273.511633,606.335938,85.861959,89.998706,42.930980,44.999353,13520,10710,0.027027,201.000000,0.000000,40.000000,1.725791,1.799974
0,-0.000000,0.052632,0.062500,7.102062,0.000000,249.529974,833.500000,86.619564,89.998706,43.309782,44.999353,17060,5170,0.157895,1036.000000,0.000000,40.000000,1.894713,1.799974
0,-0.000000,0.545455,0.315789,0.000000,0.000000,177.855512,1166.640000,55.281425,80.589201,27.640713,40.294601,8110,10,0.545455,742.000000,0.000000,25.000000,1.105629,1.611784
0,-0.000000,0.090909,0.062500,1.574414,0.000000,132.571429,833.500000,75.579778,89.998706,37.789889,44.999353,5950,1920,0.214286,1361.000000,0.000000,35.000000,1.565577,1.799974
0,-0.000000,0.041667,0.026316,0.035455,0.000000,133.588007,606.335938,89.744240,89.998706,44.872120,44.999353,12150,10,0.041667,338.000000,0.000000,40.000000,1.794891,1.799974
0,0.000000,0.040000,0.040000,0.107340,0.000000,288.923202,576.000000,81.721990,78.348246,40.860995,39.174123,21220,9210,0.040000,126.000000,0.000000,40.000000,1.634460,1.566965
0,0.000002,0.043478,0.047619,1.164942,0.000000,185.084082,526.953125,91.382108,89.120246,45.691054,44.560123,14270,10620,0.047619,126.000000,0.000000,45.000000,1.833501,1.782405
0,-0.000005,0.090909,0.034483,0.273521,0.000000,393.666667,1185.014793,74.437894,79.505386,37.218947,39.752693,8550,1570,0.090909,1396.000000,0.000000,35.000000,1.488854,1.590108
0,0.000000,0.066667,0.066667,0.034373,0.000000,136.166667,432.000000,51.243821,77.623281,25.621910,38.811641,14670,10,0.066667,86.000000,0.000000,25.000000,1.024882,1.552466
0,-0.000000,0.052632,0.062500,7.102062,0.000000,249.529974,833.500000,86.619564,89.998706,43.309782,44.999353,12580,5170,0.157895,1036.000000,0.000000,40.000000,1.894713,1.799974
0,-0.000000,0.227273,0.142857,3.392434,0.000000,223.404765,3065.160000,79.237109,76.685979,39.618554,38.342990,12620,10760,0.227273,986.000000,0.000000,35.000000,1.640055,1.533720
0,-0.000000,0.272727,0.171429,3.400622,0.000000,210.746990,3129.160000,76.770782,80.230314,38.385391,40.115157,10760,5670,0.272727,986.000000,0.000000,35.000000,1.590734,1.604606
0,-0.002575,0.111111,0.083333,0.601509,0.000000,1310.415512,544.500000,81.261497,80.908026,40.630748,40.454013,8630,3400,0.555556,690.000000,0.000000,40.000000,1.625368,1.618161
0,-0.000000,0.142857,0.066667,0.000000,0.000000,130.085048,486.400000,79.464020,78.793136,39.732010,39.396568,11900,10,0.142857,363.000000,0.000000,35.000000,1.589280,1.575863
0,-0.000000,0.071429,0.033333,0.000000,0.000000,116.338867,422.400000,82.343086,75.248801,41.171543,37.624401,18850,10,0.071429,363.000000,0.000000,40.000000,1.646862,1.504976
0,-0.000000,0.023810,0.026316,1.550051,0.000000,273.511633,606.335938,85.861959,89.998706,42.930980,44.999353,16650,13520,0.027027,201.000000,0.000000,40.000000,1.725791,1.799974
0,-0.000000,0.033333,0.028571,1.395098,0.000000,2758.527274,4658.461038,78.744903,81.214161,39.372452,40.607080,16790,9540,0.033333,383.000000,0.000000,35.000000,1.575251,1.624283
0,0.000000,0.125000,0.125000,1.318309,0.000000,677.204082,967.000000,82.810669,81.427277,41.405334,40.713639,17970,14270,0.125000,126.000000,0.000000,40.000000,1.662096,1.628546
0,-0.000003,0.047619,0.017241,0.409996,0.000000,639.979167,1121.014793,80.502126,75.961051,40.251063,37.980526,8550,8520,0.047619,1396.000000,0.000000,40.000000,1.610174,1.519221
0,-0.000001,0.333333,0.100000,0.000000,0.000000,168.312500,348.800000,82.190712,76.453294,41.095356,38.226647,12220,10,0.333333,1026.000000,0.000000,40.000000,1.643814,1.529066
0,-0.000000,0.193548,0.122449,2.676935,0.000000,2210.655293,2329.301038,79.630865,80.981260,39.815433,40.490630,11700,9540,0.193548,383.000000,0.000000,35.000000,1.608563,1.619625
0,-0.000202,0.375000,0.190476,0.375159,0.000000,768.183391,877.494793,49.685092,88.858287,24.842546,44.429143,14910,10,0.538462,766.000000,0.000000,20.000000,0.993796,1.777166
0,-0.000202,0.125000,0.190476,0.321094,0.000000,776.703191,877.494793,71.946595,88.858287,35.973298,44.429143,17750,10,0.473684,482.000000,0.000000,35.000000,1.439001,1.777166
0,-0.000155,0.538462,0.318182,0.000000,1.754956,805.107755,4263.000000,50.105290,77.305705,25.052645,38.652852,7920,10,0.538462,561.000000,0.000000,25.000000,1.002106,1.546478
0,0.000000,0.333333,0.333333,0.079842,0.764017,266.764444,2028.220000,59.263848,96.944465,29.631924,48.472233,14280,10,0.333333,102.000000,0.000000,25.000000,1.185291,1.939035
0,-0.000001,0.166667,0.111111,0.031396,0.770458,74.777778,1893.750000,81.383435,85.077991,40.691717,42.538995,8150,3560,0.166667,281.000000,0.000000,40.000000,1.627675,1.701717
0,-0.000000,0.384615,0.294118,1.521841,0.764017,181.832778,2028.220000,85.632541,96.944465,42.816271,48.472233,13130,8790,0.384615,217.000000,0.000000,40.000000,1.721199,1.939035
0,-0.000000,0.384615,0.294118,1.521841,0.764017,181.832778,2028.220000,85.632541,96.944465,42.816271,48.472233,16650,8790,0.384615,217.000000,0.000000,40.000000,1.721199,1.939035
0,-0.000000,0.043478,0.263158,2.338894,1.669797,1723.952932,4056.220000,90.374985,90.662522,45.187493,45.331261,11760,9990,0.270270,354.000000,0.000000,45.000000,1.835410,1.813597
0,-0.000004,0.833333,0.555556,8.030288,1.676237,1765.495868,3921.750000,80.832059,78.796048,40.416029,39.398024,10720,3560,0.833333,281.000000,0.000000,40.000000,1.635119,1.576279
0,0.000000,0.066667,0.066667,0.061764,0.849177,197.816327,2235.000000,49.269097,83.587648,24.634549,41.793824,4600,10,0.066667,102.000000,0.000000,20.000000,0.985393,1.671915
0,-0.000001,0.142857,0.111111,1.538092,0.337816,212.055000,921.970000,83.364274,88.133525,41.682137,44.066763,13130,4200,0.142857,217.000000,0.000000,40.000000,1.675838,1.762734
0,0.000000,0.333333,0.333333,0.079842,0.764017,266.764444,2028.220000,59.263848,96.944465,29.631924,48.472233,11860,10,0.333333,102.000000,0.000000,25.000000,1.185291,1.939035
0,-0.000001,0.166667,0.111111,0.021857,0.337816,56.502959,921.970000,83.829041,88.133525,41.914521,44.066763,3560,740,0.166667,281.000000,0.000000,40.000000,1.676585,1.762734
0,0.000000,0.333333,0.333333,0.079842,0.764017,266.764444,2028.220000,59.263848,96.944465,29.631924,48.472233,2530,10,0.333333,102.000000,0.000000,25.000000,1.185291,1.939035
0,-0.000001,0.142857,0.111111,1.538092,0.337816,212.055000,921.970000,83.364274,88.133525,41.682137,44.066763,16650,4200,0.142857,217.000000,0.000000,40.000000,1.675838,1.762734
0,-0.000022,0.058824,0.045455,5.684804,0.416536,130.502959,1263.220000,76.632923,86.643182,38.316461,43.321591,2270,200,0.058824,335.000000,0.000000,35.000000,1.695210,1.732932
0,-0.000022,0.052632,0.045455,1.547701,0.416536,250.585612,1263.220000,82.901727,86.643182,41.450863,43.321591,16650,3450,0.052632,217.000000,0.000000,40.000000,1.666587,1.732932
0,-0.000000,0.043478,0.263158,2.338894,1.669797,1723.952932,4056.220000,90.374985,90.662522,45.187493,45.331261,15280,9990,0.270270,354.000000,0.000000,45.000000,1.835410,1.813597
0,-0.000000,0.043478,0.263158,2.338894,1.669797,1723.952932,4056.220000,90.374985,90.662522,45.187493,45.331261,9990,9340,0.270270,354.000000,0.000000,45.000000,1.835410,1.813597
0,0.000000,0.500000,0.764706,1.623763,2.102438,2550.000000,5028.000000,75.639465,87.606988,37.819732,43.803494,4150,1580,0.764706,938.000000,0.000000,35.000000,1.513307,1.752580
0,-0.000022,0.052632,0.045455,1.547701,0.416536,250.585612,1263.220000,82.901727,86.643182,41.450863,43.321591,13130,3450,0.052632,217.000000,0.000000,40.000000,1.666587,1.732932
0,-0.000022,0.052632,0.045455,1.547701,0.416536,250.585612,1263.220000,82.901727,86.643182,41.450863,43.321591,10710,3450,0.052632,217.000000,0.000000,40.000000,1.666587,1.732932
0,-0.000001,0.142857,0.111111,0.033035,0.770458,112.000000,1893.750000,51.109379,85.077991,25.554690,42.538995,5350,10,0.142857,102.000000,0.000000,25.000000,1.022194,1.701717
0,0.000000,0.076923,0.076923,25.577036,1.539661,1928.219907,3654.562500,80.860579,81.756961,40.430290,40.878481,16740,13420,0.076923,11.000000,0.000000,40.000000,1.798258,1.635465
0,0.000000,0.333333,0.333333,0.079842,0.764017,266.764444,2028.220000,59.263848,96.944465,29.631924,48.472233,17800,10,0.333333,102.000000,0.000000,25.000000,1.185291,1.939035
0,-0.000000,0.076923,0.058824,5.694705,0.849177,148.777778,2235.000000,70.833541,83.587648,35.416771,41.793824,7610,2270,0.076923,335.000000,0.000000,35.000000,1.579225,1.671915
0,-0.000001,0.142857,0.111111,1.538092,0.337816,212.055000,921.970000,83.364274,88.133525,41.682137,44.066763,10710,4200,0.142857,217.000000,0.000000,40.000000,1.675838,1.762734
0,-0.000000,0.166667,0.066667,0.955129,1.581229,1813.979592,3721.600000,72.748602,80.406134,36.374301,40.203067,8550,1260,0.166667,498.000000,0.000000,35.000000,1.455224,1.608459
0,-0.000000,0.375000,0.263158,0.842690,1.669797,1715.046168,4056.220000,89.465894,90.662522,44.732947,45.331261,9990,10,0.375000,354.000000,0.000000,40.000000,1.789529,1.813597
0,0.000000,0.083333,0.133333,2.954203,1.755444,7096.929688,4233.333333,77.067855,80.563882,38.533927,40.281941,12160,11900,0.133333,137.000000,0.000000,35.000000,1.541974,1.611643
0,0.000000,0.866667,0.866667,0.838143,2.102438,1872.799308,5028.000000,49.467420,87.606988,24.733710,43.803494,12510,10,0.866667,102.000000,0.000000,20.000000,0.989539,1.752580
0,-0.000000,0.384615,0.294118,1.521841,0.764017,181.832778,2028.220000,85.632541,96.944465,42.816271,48.472233,10710,8790,0.384615,217.000000,0.000000,40.000000,1.721199,1.939035
0,-0.000000,0.384615,0.294118,0.021917,0.764017,81.280736,2028.220000,90.511217,96.944465,45.255608,48.472233,7420,10,0.384615,354.000000,0.000000,45.000000,1.810229,1.939035
0,0.000000,0.047619,0.047619,25.619636,1.581858,2025.657407,3752.000000,81.196726,82.088566,40.598363,41.044283,13420,5900,0.047619,11.000000,0.000000,40.000000,1.804990,1.642105
0,0.000000,0.090909,0.090909,0.312813,0.317833,702.953125,876.000000,71.725045,64.686872,35.862522,32.343436,4940,610,0.090909,80.000000,0.000000,35.000000,1.434571,1.293800
0,-0.000133,0.166667,0.125000,2.286341,0.180032,272.222222,575.000000,68.844152,62.913068,34.422076,31.456534,1260,640,0.333333,510.000000,0.000000,30.000000,1.462796,1.258292
0,0.000000,0.066667,0.066667,7.421068,0.263339,958.208333,752.517007,75.483642,81.182535,37.741821,40.591267,18110,11990,0.066667,145.000000,0.000000,35.000000,1.548713,1.623697
0,-0.000131,0.181818,0.153846,11.636168,0.000000,336.471111,68.902778,68.725753,82.250812,34.362876,41.125406,19290,1740,0.181818,141.000000,0.000000,30.000000,1.585165,1.645016
0,-0.000000,0.600000,0.333333,0.027794,0.000000,118.000000,316.000000,47.597982,75.581397,23.798991,37.790699,2010,10,0.600000,458.000000,0.000000,20.000000,0.951966,1.511628
0,-0.000000,0.250000,0.100000,0.046716,0.000000,182.000000,415.600000,47.314002,75.555355,23.657001,37.777677,8890,10,0.250000,458.000000,0.000000,20.000000,0.946289,1.511107
0,0.000000,0.035714,0.035714,1.415506,0.466624,1119.483845,1328.035591,69.903232,72.524127,34.951616,36.262063,21490,20100,0.035714,31.000000,0.000000,30.000000,1.408896,1.450565
0,0.001460,0.285714,0.666667,5.645950,0.106979,146.755102,352.205357,79.949447,60.231303,39.974724,30.115651,15600,10,0.814815,486.000000,0.000000,35.000000,1.733201,1.204642
0,-0.000049,0.142857,0.130435,0.000000,0.130994,81.081633,398.812500,89.999997,75.045429,44.999999,37.522714,4930,10,0.157895,486.000000,0.000000,40.000000,1.800000,1.500930
0,-0.000049,0.142857,0.130435,0.000000,0.130994,81.081633,398.812500,89.999997,75.045429,44.999999,37.522714,6580,10,0.157895,486.000000,0.000000,40.000000,1.800000,1.500930
0,0.000000,0.166667,0.166667,0.017255,0.031356,68.897959,111.062500,37.776087,66.741864,18.888044,33.370932,2190,10,0.166667,268.000000,0.000000,15.000000,0.755525,1.334842
0,0.000000,0.666667,0.666667,1.370960,0.000000,3616.000000,400.000000,46.882539,27.954060,23.441270,13.977030,10370,10,0.666667,30.000000,0.000000,20.000000,0.937912,0.000000
0,0.000027,0.142857,0.250000,5.109395,0.000000,380.400000,47.000000,72.938036,79.903329,36.469018,39.951664,6870,3080,0.250000,200.000000,0.000000,35.000000,1.605726,1.598067
0,0.000000,0.076923,0.076923,1.867029,0.000000,1165.955234,1580.287197,62.182887,77.841094,31.091443,38.920547,21760,4780,0.076923,30.000000,0.000000,30.000000,1.261992,1.556822
0,0.000000,0.058824,0.058824,1.907871,0.306868,934.750000,898.437500,67.588012,77.120762,33.794006,38.560381,23740,21280,0.058824,22.000000,0.000000,30.000000,1.361745,1.542468
0,0.000000,0.142857,0.142857,1.642156,0.044758,152.035714,115.723214,70.325969,79.509242,35.162984,39.754621,21280,3730,0.142857,22.000000,0.000000,35.000000,1.416459,1.590194
0,0.000000,0.047619,0.047619,4.893524,0.000000,368.150000,444.320000,87.609851,89.552243,43.804925,44.776122,12130,6100,0.047619,144.000000,0.000000,40.000000,1.832672,1.791045
0,0.000000,0.047619,0.047619,4.893524,0.000000,368.150000,444.320000,87.609851,89.552243,43.804925,44.776122,8250,6100,0.047619,144.000000,0.000000,40.000000,1.832672,1.791045
0,0.000000,0.333333,0.300000,0.084872,0.230109,196.000000,646.555556,78.203755,39.908858,39.101877,19.954429,5940,2670,0.666667,931.000000,0.000000,35.000000,1.564094,0.000000
0,-0.000000,0.222222,0.100000,0.000000,0.229974,198.873937,700.104058,80.803922,40.675022,40.401961,20.337511,12250,10,0.500000,1197.000000,0.000000,40.000000,1.616078,0.000000
0,0.000000,0.052632,0.052632,0.059495,0.041164,219.915000,123.040000,47.054535,66.537799,23.527267,33.268899,20860,10,0.052632,26.000000,0.000000,20.000000,0.941100,1.330763
0,-0.000000,0.076923,0.090909,0.161718,0.103634,314.756944,321.798611,41.512625,84.621738,20.756312,42.310869,9030,10,0.590909,1209.000000,0.000000,20.000000,0.830297,1.692451
0,-0.000000,0.250000,0.090909,0.000000,0.103634,624.506944,321.798611,52.109453,84.621738,26.054727,42.310869,10680,10,0.590909,1044.000000,0.000000,25.000000,1.042189,1.692451
0,-0.000000,0.166667,0.166667,0.072541,0.038120,198.812500,116.000000,39.681377,81.105716,19.840688,40.552858,17780,10,0.333333,334.000000,0.000000,15.000000,0.793642,1.622121
0,-0.000000,0.300000,0.187500,0.724122,0.069197,152.409722,190.305556,96.313296,100.000000,48.156648,50.000000,19090,7470,0.300000,205.000000,0.000000,45.000000,1.932100,2.000013
0,0.000000,0.062500,0.062500,0.512635,0.627047,1406.618827,1719.555556,89.450406,88.913547,44.725203,44.456774,22330,20940,0.062500,20.000000,0.000000,40.000000,1.789102,1.778385
0,-0.000000,0.300000,0.187500,0.724122,0.069197,152.409722,190.305556,96.313296,100.000000,48.156648,50.000000,14300,7470,0.300000,205.000000,0.000000,45.000000,1.932100,2.000013
0,0.000000,0.100000,0.100000,1.045181,0.052254,152.569444,187.000000,90.012094,92.081960,45.006047,46.040980,20340,6990,0.100000,80.000000,0.000000,45.000000,1.824237,1.841646
0,0.000000,0.142857,0.142857,0.040720,0.021540,128.000000,71.555556,60.000000,92.485293,30.000000,46.242647,13340,10,0.142857,301.000000,0.000000,30.000000,1.200007,1.849709
0,-0.000000,0.300000,0.187500,0.724122,0.069197,152.409722,190.305556,96.313296,100.000000,48.156648,50.000000,19090,4630,0.300000,205.000000,0.000000,45.000000,1.932100,2.000013
0,-0.000000,0.300000,0.187500,0.724122,0.069197,152.409722,190.305556,96.313296,100.000000,48.156648,50.000000,14300,4630,0.300000,205.000000,0.000000,45.000000,1.932100,2.000013
0,0.000000,0.100000,0.100000,1.045181,0.052254,152.569444,187.000000,90.012094,92.081960,45.006047,46.040980,15550,6990,0.100000,80.000000,0.000000,45.000000,1.824237,1.841646
0,0.000000,0.142857,0.142857,0.040720,0.021540,128.000000,71.555556,60.000000,92.485293,30.000000,46.242647,18130,10,0.142857,301.000000,0.000000,30.000000,1.200007,1.849709
0,0.000000,0.062500,0.062500,0.512635,0.627047,1406.618827,1719.555556,89.450406,88.913547,44.725203,44.456774,22330,16150,0.062500,20.000000,0.000000,40.000000,1.789102,1.778385
0,-0.000003,0.018519,0.015625,0.492243,3.463140,1300.601889,9663.735969,78.485694,79.523718,39.242847,39.761859,21970,7870,0.018519,262.000000,0.000000,35.000000,1.569807,1.591095
0,0.000000,0.090909,0.090909,0.076478,0.068540,237.888889,224.000000,49.458570,42.142838,24.729285,21.071419,6260,10,0.090909,167.000000,0.000000,20.000000,0.989184,0.000000
0,0.000000,0.181818,0.181818,0.237371,3.148394,637.227646,8704.000000,48.073156,39.928393,24.036578,19.964197,8820,10,0.181818,167.000000,0.000000,20.000000,0.961508,0.000000
0,0.000000,0.909091,0.909091,0.215935,0.314746,644.887700,959.735969,48.287196,39.595325,24.143598,19.797662,22920,10,0.909091,167.000000,0.000000,20.000000,0.965781,0.000000
0,0.000000,0.272727,0.272727,0.020599,0.028354,70.777778,81.000000,49.260674,37.194862,24.630337,18.597431,18970,10,0.272727,167.000000,0.000000,20.000000,0.985217,0.000000
0,-0.000000,0.142857,0.111111,0.077814,0.056064,198.984072,202.000000,100.000000,100.000000,50.000000,50.000000,24690,12080,0.142857,487.000000,0.000000,50.000000,2.000015,2.000008
0,-0.000000,0.153846,0.142857,0.164522,0.022490,460.079972,73.285714,56.672154,89.627934,28.336077,44.813967,23670,10,0.153846,141.000000,0.000000,25.000000,1.133474,1.792563
0,-0.000000,0.571429,0.120000,1.002756,0.123539,143.068182,462.538752,76.473096,90.262385,38.236548,45.131192,6890,3970,0.571429,1773.000000,0.000000,35.000000,1.536776,1.805265
0,-0.000000,0.181818,0.100000,0.000000,0.557648,73.884444,1381.240000,63.746881,88.140066,31.873440,44.070033,13260,10,0.181818,956.000000,0.000000,30.000000,1.274938,1.762915
0,-0.000000,0.142857,0.111111,0.077814,0.056064,198.984072,202.000000,100.000000,100.000000,50.000000,50.000000,17950,12080,0.142857,487.000000,0.000000,50.000000,2.000015,2.000008
0,-0.000000,0.333333,0.300000,3.122215,0.087923,361.531250,315.000000,79.498022,90.949894,39.749011,45.474947,23390,7460,0.375000,617.000000,0.000000,35.000000,1.626387,1.819011
0,-0.000000,0.153846,0.142857,0.164522,0.022490,460.079972,73.285714,56.672154,89.627934,28.336077,44.813967,6140,10,0.153846,141.000000,0.000000,25.000000,1.133474,1.792563
0,-0.000000,0.142857,0.111111,0.077814,0.056064,198.984072,202.000000,100.000000,100.000000,50.000000,50.000000,24690,8570,0.142857,487.000000,0.000000,50.000000,2.000015,2.000008
0,-0.000000,0.034483,0.017857,5.239326,0.315661,958.617064,986.735969,90.033525,89.737769,45.016762,44.868885,22610,17700,0.034483,695.000000,0.000000,45.000000,1.858538,1.794807
0,-0.000000,0.206897,0.120000,23.826590,0.123539,281.136095,462.538752,89.735810,90.262385,44.867905,45.131192,17670,600,0.206897,695.000000,0.000000,40.000000,3.149538,1.805265
0,-0.000000,0.153846,0.142857,0.164522,0.022490,460.079972,73.285714,56.672154,89.627934,28.336077,44.813967,28150,10,0.153846,141.000000,0.000000,25.000000,1.133474,1.792563
0,-0.000000,0.142857,0.111111,0.077814,0.056064,198.984072,202.000000,100.000000,100.000000,50.000000,50.000000,20210,8570,0.142857,487.000000,0.000000,50.000000,2.000015,2.000008
0,-0.000000,0.333333,0.300000,3.122215,0.087923,361.531250,315.000000,79.498022,90.949894,39.749011,45.474947,7460,1380,0.375000,617.000000,0.000000,35.000000,1.626387,1.819011
0,-0.000000,0.142857,0.111111,0.077814,0.056064,198.984072,202.000000,100.000000,100.000000,50.000000,50.000000,20210,12080,0.142857,487.000000,0.000000,50.000000,2.000015,2.000008
0,-0.000000,0.894737,0.750000,0.157809,2.710955,264.663194,7442.246914,95.317829,88.907456,47.658915,44.453728,11160,10,0.913043,1054.000000,0.000000,45.000000,1.906585,1.778644
0,-0.000000,0.333333,0.300000,3.122215,0.087923,361.531250,315.000000,79.498022,90.949894,39.749011,45.474947,15530,7460,0.375000,617.000000,0.000000,35.000000,1.626387,1.819011
0,-0.000000,0.142857,0.111111,0.077814,0.056064,198.984072,202.000000,100.000000,100.000000,50.000000,50.000000,17950,8570,0.142857,487.000000,0.000000,50.000000,2.000015,2.000008
0,-0.000000,0.894737,0.750000,0.157809,2.710955,264.663194,7442.246914,95.317829,88.907456,47.658915,44.453728,12280,10,0.913043,1054.000000,0.000000,45.000000,1.906585,1.778644
0,-0.000000,0.400000,0.333333,0.136220,0.059828,353.093750,207.000000,89.991795,89.257038,44.995898,44.628519,26420,3770,0.400000,314.000000,0.000000,40.000000,1.799862,1.785150
0,-0.000000,0.200000,0.166667,0.304815,2.765471,769.675000,7595.246914,79.227617,78.164495,39.613809,39.082247,7410,3770,0.200000,314.000000,0.000000,35.000000,1.584613,1.563794
0,-0.000000,0.230769,0.204545,12.136142,1.191504,1446.133500,3386.023669,90.532841,89.775424,45.266421,44.887712,21090,21030,0.230769,173.000000,0.000000,45.000000,1.881818,1.795719
0,-0.000000,0.153846,0.100000,23.839910,0.557648,271.856095,1381.240000,89.441028,88.140066,44.720514,44.070033,2620,600,0.153846,695.000000,0.000000,40.000000,3.143649,1.762915
0,-0.000000,0.142857,0.111111,0.077814,0.056064,198.984072,202.000000,100.000000,100.000000,50.000000,50.000000,16830,8570,0.142857,487.000000,0.000000,50.000000,2.000015,2.000008
0,-0.000000,0.400000,0.333333,0.136220,0.059828,353.093750,207.000000,89.991795,89.257038,44.995898,44.628519,19680,3770,0.400000,314.000000,0.000000,40.000000,1.799862,1.785150
0,-0.000000,0.230769,0.204545,12.136142,1.191504,1446.133500,3386.023669,90.532841,89.775424,45.266421,44.887712,21030,19970,0.230769,173.000000,0.000000,45.000000,1.881818,1.795719
0,-0.000000,0.181818,0.100000,0.000000,0.557648,73.884444,1381.240000,63.746881,88.140066,31.873440,44.070033,15520,10,0.181818,956.000000,0.000000,30.000000,1.274938,1.762915
0,-0.000000,0.034483,0.017857,5.239326,0.315661,958.617064,986.735969,90.033525,89.737769,45.016762,44.868885,17700,15870,0.034483,695.000000,0.000000,45.000000,1.858538,1.794807
0,-0.000000,0.400000,0.333333,0.136220,0.059828,353.093750,207.000000,89.991795,89.257038,44.995898,44.628519,18560,3770,0.400000,314.000000,0.000000,40.000000,1.799862,1.785150
0,-0.000000,0.894737,0.750000,0.157809,2.710955,264.663194,7442.246914,95.317829,88.907456,47.658915,44.453728,19020,10,0.913043,1054.000000,0.000000,45.000000,1.906585,1.778644
0,-0.000000,0.136364,0.080000,0.030118,2.829182,287.658750,7850.785666,88.322997,79.169841,44.161498,39.584921,14080,10,0.153846,1054.000000,0.000000,40.000000,1.766466,1.583908
0,-0.000000,0.142857,0.111111,0.077814,0.056064,198.984072,202.000000,100.000000,100.000000,50.000000,50.000000,16830,12080,0.142857,487.000000,0.000000,50.000000,2.000015,2.000008
0,-0.000000,0.333333,0.300000,3.122215,0.087923,361.531250,315.000000,79.498022,90.949894,39.749011,45.474947,18910,7460,0.375000,617.000000,0.000000,35.000000,1.626387,1.819011
0,-0.000000,0.025641,0.022727,12.080334,1.309731,1423.042405,3794.562421,79.070664,80.037809,39.535332,40.018904,22890,21030,0.025641,173.000000,0.000000,35.000000,1.652557,1.600983
0,-0.000000,0.333333,0.300000,3.122215,0.087923,361.531250,315.000000,79.498022,90.949894,39.749011,45.474947,16650,7460,0.375000,617.000000,0.000000,35.000000,1.626387,1.819011
0,-0.000000,0.034483,0.017857,5.239326,0.315661,958.617064,986.735969,90.033525,89.737769,45.016762,44.868885,18130,17700,0.034483,695.000000,0.000000,45.000000,1.858538,1.794807
0,-0.000000,0.153846,0.142857,0.164522,0.022490,460.079972,73.285714,56.672154,89.627934,28.336077,44.813967,21410,10,0.153846,141.000000,0.000000,25.000000,1.133474,1.792563
0,-0.000000,0.181818,0.100000,0.000000,0.557648,73.884444,1381.240000,63.746881,88.140066,31.873440,44.070033,12140,10,0.181818,956.000000,0.000000,30.000000,1.274938,1.762915
0,-0.000000,0.142857,0.111111,0.077814,0.056064,198.984072,202.000000,100.000000,100.000000,50.000000,50.000000,12080,2680,0.142857,487.000000,0.000000,50.000000,2.000015,2.000008
0,-0.000000,0.500000,0.750000,25.035731,2.710955,3021.636095,7442.246914,88.597126,88.907456,44.298563,44.453728,3600,600,0.795455,695.000000,0.000000,40.000000,3.127030,1.778644
0,-0.000000,0.894737,0.750000,0.157809,2.710955,264.663194,7442.246914,95.317829,88.907456,47.658915,44.453728,14540,10,0.913043,1054.000000,0.000000,45.000000,1.906585,1.778644
0,-0.000000,0.166667,0.120000,3.650283,0.123539,220.500000,462.538752,88.682901,90.262385,44.341451,45.131192,12420,7480,0.300000,1714.000000,0.000000,40.000000,1.830504,1.805265
0,-0.000000,0.230769,0.204545,12.136142,1.191504,1446.133500,3386.023669,90.532841,89.775424,45.266421,44.887712,27830,21030,0.230769,173.000000,0.000000,45.000000,1.881818,1.795719
0,-0.000000,0.205128,0.181818,12.204716,3.897147,1630.086162,10774.270582,80.574656,78.682880,40.287328,39.341440,21030,8820,0.205128,173.000000,0.000000,40.000000,1.682667,1.574363
0,-0.000000,0.400000,0.333333,0.136220,0.059828,353.093750,207.000000,89.991795,89.257038,44.995898,44.628519,4410,3770,0.400000,314.000000,0.000000,40.000000,1.799862,1.785150
0,-0.000000,0.166667,0.120000,3.650283,0.123539,220.500000,462.538752,88.682901,90.262385,44.341451,45.131192,7940,7480,0.300000,1714.000000,0.000000,40.000000,1.830504,1.805265
0,-0.000000,0.400000,0.333333,0.136220,0.059828,353.093750,207.000000,89.991795,89.257038,44.995898,44.628519,21940,3770,0.400000,314.000000,0.000000,40.000000,1.799862,1.785150
0,-0.000000,0.166667,0.120000,3.650283,0.123539,220.500000,462.538752,88.682901,90.262385,44.341451,45.131192,7480,5680,0.300000,1714.000000,0.000000,40.000000,1.830504,1.805265
0,-0.000000,0.500000,0.017857,0.337539,0.315661,776.480969,986.735969,73.110886,89.737769,36.555443,44.868885,17680,580,0.500000,697.000000,0.000000,35.000000,1.462291,1.794807
0,-0.000000,0.153846,0.142857,0.164522,0.022490,460.079972,73.285714,56.672154,89.627934,28.336077,44.813967,20290,10,0.153846,141.000000,0.000000,25.000000,1.133474,1.792563
0,-0.000000,0.034483,0.017857,5.239326,0.315661,958.617064,986.735969,90.033525,89.737769,45.016762,44.868885,17700,14750,0.034483,695.000000,0.000000,45.000000,1.858538,1.794807
0,-0.000000,0.142857,0.111111,0.077814,0.056064,198.984072,202.000000,100.000000,100.000000,50.000000,50.000000,8570,2680,0.142857,487.000000,0.000000,50.000000,2.000015,2.000008
0,-0.000000,0.230769,0.204545,12.136142,1.191504,1446.133500,3386.023669,90.532841,89.775424,45.266421,44.887712,21030,5820,0.230769,173.000000,0.000000,45.000000,1.881818,1.795719
0,-0.000000,0.181818,0.100000,0.000000,0.557648,73.884444,1381.240000,63.746881,88.140066,31.873440,44.070033,20000,10,0.181818,956.000000,0.000000,30.000000,1.274938,1.762915
0,-0.000000,0.230769,0.204545,12.136142,1.191504,1446.133500,3386.023669,90.532841,89.775424,45.266421,44.887712,23350,21030,0.230769,173.000000,0.000000,45.000000,1.881818,1.795719
0,-0.000027,0.041667,0.040000,1.520243,1.194535,1731.148760,3385.904762,77.450993,80.869609,38.725497,40.434805,22560,12220,0.041667,61.000000,0.000000,35.000000,1.555294,1.617603
0,-0.000000,0.100000,0.090909,0.946091,0.099725,198.593205,312.888889,80.435891,80.663218,40.217945,40.331609,12220,7820,0.100000,61.000000,0.000000,40.000000,1.614885,1.613280
0,0.000000,0.153846,0.153846,0.918284,0.039543,90.676538,108.861111,79.830287,82.369929,39.915144,41.184965,12220,9270,0.153846,61.000000,0.000000,35.000000,1.602769,1.647406
0,-0.000000,0.052632,0.047619,2.327590,1.723782,818.051020,4829.250000,73.599088,79.302070,36.799544,39.651035,17360,9080,0.052632,197.000000,0.000000,35.000000,1.488520,1.586350
0,-0.000000,0.052632,0.047619,2.278178,0.431418,760.549831,1367.708383,74.950215,79.428951,37.475108,39.714476,23180,17360,0.052632,197.000000,0.000000,35.000000,1.515529,1.588647
0,-0.000000,0.100000,0.090909,2.078204,0.123160,159.926020,406.687500,77.377421,80.925496,38.688711,40.462748,17360,4070,0.100000,197.000000,0.000000,35.000000,1.564040,1.618529
0,-0.000000,0.500000,0.500000,0.547352,0.104069,1252.401871,441.570000,49.091689,60.148478,24.545844,30.074239,13180,10,0.529412,671.000000,0.000000,20.000000,0.981956,1.202982
0,-0.000000,0.166667,0.090909,0.069900,0.136361,276.640625,527.555556,50.287551,58.830712,25.143775,29.415356,1820,10,0.166667,671.000000,0.000000,25.000000,1.005761,1.176632
0,-0.000007,0.037037,0.027027,95.870189,0.000000,1860.570000,2264.083333,93.824443,100.000000,46.912221,50.000000,16860,9720,0.037037,129.000000,0.000000,45.000000,4.673817,2.000000
0,-0.000007,0.037037,0.027027,95.870189,0.000000,1860.570000,2264.083333,93.824443,100.000000,46.912221,50.000000,14440,9720,0.037037,129.000000,0.000000,45.000000,4.673817,2.000000
0,-0.000007,0.037037,0.027027,95.870189,0.000000,1860.570000,2264.083333,93.824443,100.000000,46.912221,50.000000,9720,5110,0.037037,129.000000,0.000000,45.000000,4.673817,2.000000
0,-0.000000,0.185185,0.285714,1.535233,0.000000,216.883402,2000.083333,86.186764,91.718076,43.093382,45.859038,16650,8460,0.296296,502.000000,0.000000,40.000000,1.732286,1.834362
0,-0.000007,0.037037,0.027027,95.870189,0.000000,1860.570000,2264.083333,93.824443,100.000000,46.912221,50.000000,14440,13600,0.037037,129.000000,0.000000,45.000000,4.673817,2.000000
0,-0.000007,0.037037,0.027027,95.870189,0.000000,1860.570000,2264.083333,93.824443,100.000000,46.912221,50.000000,16860,13600,0.037037,129.000000,0.000000,45.000000,4.673817,2.000000
0,0.000000,0.027027,0.027027,12.374381,0.000000,2109.694444,2264.083333,95.536218,100.000000,47.768109,50.000000,15480,6160,0.027027,25.000000,0.000000,45.000000,2.060497,2.000000
0,-0.000000,0.500000,0.285714,0.000000,0.000000,144.035714,2000.083333,76.567960,91.718076,38.283980,45.859038,6840,10,0.777778,664.000000,0.000000,35.000000,1.531359,1.834362
0,-0.000000,0.185185,0.285714,1.535233,0.000000,216.883402,2000.083333,86.186764,91.718076,43.093382,45.859038,13130,8460,0.296296,502.000000,0.000000,40.000000,1.732286,1.834362
0,0.000000,0.027027,0.027027,12.374381,0.000000,2109.694444,2264.083333,95.536218,100.000000,47.768109,50.000000,6160,6150,0.027027,25.000000,0.000000,45.000000,2.060497,2.000000
0,0.000000,0.111111,0.111111,95.831485,0.000000,1782.000000,1936.388889,87.395957,91.428571,43.697979,45.714286,20950,5110,0.111111,129.000000,0.000000,40.000000,4.545239,1.828571
0,0.000000,0.027027,0.027027,12.374381,0.000000,2109.694444,2264.083333,95.536218,100.000000,47.768109,50.000000,6400,6160,0.027027,25.000000,0.000000,45.000000,2.060497,2.000000
0,0.000000,0.111111,0.111111,95.831485,0.000000,1782.000000,1936.388889,87.395957,91.428571,43.697979,45.714286,20950,20380,0.111111,129.000000,0.000000,40.000000,4.545239,1.828571
0,0.000000,0.027027,0.027027,12.374381,0.000000,2109.694444,2264.083333,95.536218,100.000000,47.768109,50.000000,17900,6160,0.027027,25.000000,0.000000,45.000000,2.060497,2.000000
0,-0.000007,0.062500,0.027027,0.408233,0.000000,148.078125,2264.083333,80.245474,100.000000,40.122737,50.000000,7980,3620,0.062500,303.000000,0.000000,40.000000,1.608015,2.000000
0,0.000000,0.111111,0.111111,95.831485,0.000000,1782.000000,1936.388889,87.395957,91.428571,43.697979,45.714286,20950,16860,0.111111,129.000000,0.000000,40.000000,4.545239,1.828571
0,-0.000000,0.185185,0.285714,1.535233,0.000000,216.883402,2000.083333,86.186764,91.718076,43.093382,45.859038,10710,8460,0.296296,502.000000,0.000000,40.000000,1.732286,1.834362
0,0.000000,0.027027,0.027027,12.374381,0.000000,2109.694444,2264.083333,95.536218,100.000000,47.768109,50.000000,21420,6160,0.027027,25.000000,0.000000,45.000000,2.060497,2.000000
0,-0.000000,0.125000,0.111111,0.528224,0.000000,588.125000,1936.388889,72.717993,91.428571,36.358997,45.714286,19210,3620,0.125000,303.000000,0.000000,35.000000,1.457481,1.828571
0,0.000000,0.111111,0.111111,95.831485,0.000000,1782.000000,1936.388889,87.395957,91.428571,43.697979,45.714286,20950,14440,0.111111,129.000000,0.000000,40.000000,4.545239,1.828571
0,-0.000007,0.037037,0.027027,95.870189,0.000000,1860.570000,2264.083333,93.824443,100.000000,46.912221,50.000000,20380,9720,0.037037,129.000000,0.000000,45.000000,4.673817,2.000000
0,-0.000007,0.037037,0.027027,95.870189,0.000000,1860.570000,2264.083333,93.824443,100.000000,46.912221,50.000000,13600,5110,0.037037,129.000000,0.000000,45.000000,4.673817,2.000000
0,-0.000000,0.050000,0.285714,0.051750,0.000000,158.252959,2000.083333,91.501474,91.718076,45.750737,45.859038,7090,10,0.296296,639.000000,0.000000,45.000000,1.830040,1.834362
0,-0.000007,0.037037,0.027027,95.870189,0.000000,1860.570000,2264.083333,93.824443,100.000000,46.912221,50.000000,20380,13600,0.037037,129.000000,0.000000,45.000000,4.673817,2.000000
0,-0.000007,0.062500,0.027027,0.408233,0.000000,148.078125,2264.083333,80.245474,100.000000,40.122737,50.000000,11860,3620,0.062500,303.000000,0.000000,40.000000,1.608015,2.000000
0,0.000000,0.090909,0.090909,4.299476,0.000000,421.024943,494.111111,74.565183,76.202308,37.282591,38.101154,8310,6730,0.090909,59.000000,0.000000,35.000000,1.573355,1.524046
0,-0.000000,0.142857,0.181818,2.172098,0.000000,5404.000000,98.437500,78.172181,41.426626,39.086091,20.713313,11900,5000,0.285714,427.000000,0.000000,35.000000,1.563880,0.000000
0,-0.000000,0.066667,0.058824,7.421068,0.000000,761.020833,39.669421,67.031859,41.912564,33.515929,20.956282,11990,460,0.066667,418.000000,0.000000,30.000000,1.379677,0.000000
0,0.000000,0.285714,0.285714,0.318221,0.000000,992.444444,16.000000,49.515620,37.534097,24.757810,18.767049,15460,10,0.285714,71.000000,0.000000,20.000000,0.990364,0.000000
0,0.000000,0.111111,0.111111,12.879208,0.000000,3997.444444,4907.591837,85.522133,89.996756,42.761067,44.998378,18730,6160,0.111111,58.000000,0.000000,40.000000,1.860282,1.799935
0,-0.000050,0.100000,0.083333,0.646314,0.000000,172.125000,347.320000,75.790787,60.198067,37.895393,30.099033,14520,7370,0.100000,644.000000,0.000000,35.000000,1.519738,1.203961
0,-0.000000,0.071429,0.026316,23.138095,0.000000,616.206612,4679.147392,88.258976,90.385578,44.129488,45.192789,14530,5790,0.071429,943.000000,0.000000,40.000000,2.434647,1.807712
0,-0.000000,0.357143,0.285714,23.062501,0.000000,471.000000,1679.591837,89.286657,68.769874,44.643328,34.384937,4380,1910,0.400000,943.000000,0.000000,40.000000,2.455181,1.375397
0,-0.000000,0.500000,0.214286,0.120967,0.000000,240.190476,1291.545265,42.849828,58.890774,21.424914,29.445387,12050,10,0.500000,1380.000000,0.000000,20.000000,0.857030,1.177815
0,0.000000,0.125000,0.125000,0.063013,0.000000,220.756944,315.312500,49.546755,38.881212,24.773378,19.440606,13660,10,0.125000,15.000000,0.000000,20.000000,0.990945,0.777624
0,-0.000000,0.166667,0.222222,0.955260,0.000000,207.562500,3828.000000,74.423332,58.766631,37.211666,29.383315,6820,1320,0.250000,1249.000000,0.000000,35.000000,1.491751,1.175333
0,-0.000000,0.071429,0.026316,23.138095,0.000000,616.206612,4679.147392,88.258976,90.385578,44.129488,45.192789,14530,1910,0.071429,943.000000,0.000000,40.000000,2.434647,1.807712
0,-0.000000,0.071429,0.111111,26.391114,0.000000,8521.000000,4907.591837,88.909288,89.996756,44.454644,44.998378,9880,5790,0.125000,943.000000,0.000000,40.000000,2.448321,1.799935
0,0.000000,0.285714,0.285714,11.919825,0.000000,674.888889,1679.591837,87.355532,68.769874,43.677766,34.384937,13230,6160,0.285714,58.000000,0.000000,40.000000,1.896812,1.375397
0,-0.000000,0.071429,0.111111,26.391114,0.000000,8521.000000,4907.591837,88.909288,89.996756,44.454644,44.998378,9880,1910,0.125000,943.000000,0.000000,40.000000,2.448321,1.799935
0,-0.000000,0.166667,0.333333,7.351260,0.000000,210.375000,441.750000,61.169734,59.907354,30.584867,29.953677,9240,480,0.375000,1333.000000,0.000000,30.000000,1.372849,1.198147
0,-0.000000,0.027027,0.026316,13.197818,0.000000,4257.199546,4679.147392,84.905440,90.385578,42.452720,45.192789,23380,6160,0.027027,58.000000,0.000000,40.000000,1.848038,1.807712
0,-0.000000,0.357143,0.285714,23.062501,0.000000,471.000000,1679.591837,89.286657,68.769874,44.643328,34.384937,5790,4380,0.400000,943.000000,0.000000,40.000000,2.455181,1.375397
0,0.000000,0.333333,0.333333,0.000000,0.000000,525.444444,900.000000,91.837862,62.222853,45.918931,31.111426,13390,10,0.333333,42.000000,0.000000,45.000000,1.836757,1.244457
0,-0.000000,0.500000,0.214286,0.134477,0.000000,259.555556,3599.555556,38.859830,59.155452,19.429915,29.577726,10160,10,0.500000,1380.000000,0.000000,15.000000,0.777234,1.183109
0,-0.000000,0.071429,0.066667,2.818489,0.036317,127.591270,122.000000,81.868736,81.422986,40.934368,40.711493,4560,2460,0.071429,134.000000,0.000000,40.000000,1.673250,1.628465
0,0.000000,0.111111,0.111111,4.952477,0.035409,91.925926,122.666667,75.071218,80.153297,37.535609,40.076648,3170,1500,0.111111,63.000000,0.000000,35.000000,1.675971,1.603071
0,0.000000,0.052632,0.052632,0.564784,0.075952,200.320484,231.061224,72.439522,77.713204,36.219761,38.856602,23080,3430,0.052632,37.000000,0.000000,35.000000,1.449855,1.554277
0,-0.000000,0.333333,0.285714,0.150477,0.204626,374.960000,692.510000,78.028812,82.252208,39.014406,41.126104,16570,5660,0.333333,719.000000,0.000000,35.000000,1.560607,1.645074
0,-0.000000,0.142857,0.125000,0.692860,0.152227,56.409722,393.250000,86.173536,47.530279,43.086768,23.765140,7470,970,0.142857,357.000000,0.000000,40.000000,1.729300,0.000000
0,-0.000000,0.333333,0.285714,0.085013,0.177948,261.000000,600.000000,49.999049,39.948383,24.999525,19.974191,8320,10,0.333333,453.000000,0.000000,20.000000,0.999996,0.000000
0,0.000000,0.125000,0.125000,0.333081,11.978515,1036.545265,1082.622268,80.845071,39.095682,40.422535,19.547841,25650,4250,0.125000,29.000000,0.000000,40.000000,1.616955,0.000000
0,-0.000000,0.142857,0.125000,0.692860,0.152227,56.409722,393.250000,86.173536,47.530279,43.086768,23.765140,4630,970,0.142857,357.000000,0.000000,40.000000,1.729300,0.000000
0,0.000000,1.000000,1.000000,0.051509,0.026678,176.000000,92.510000,50.981111,42.303825,25.490556,21.151913,19230,10,1.000000,453.000000,0.000000,25.000000,1.019631,0.000000
0,-0.000000,0.055556,0.050000,5.361891,0.000000,754.278611,1122.400000,80.750305,90.147326,40.375153,45.073663,12010,7880,0.055556,166.000000,0.000000,40.000000,1.679817,1.802947
0,0.000000,0.166667,0.166667,0.003949,0.000000,39.040000,536.000000,49.419382,78.070113,24.709691,39.035057,3090,10,0.166667,183.000000,0.000000,20.000000,0.988388,1.561402
0,0.000000,0.500000,0.500000,0.067785,0.000000,233.798611,764.000000,50.020963,93.663995,25.010482,46.831998,10850,10,0.500000,117.000000,0.000000,25.000000,1.000430,1.873280
0,0.000000,0.083333,0.129032,0.000000,0.000000,95.033854,3363.555556,54.652221,90.465246,27.326111,45.232623,12070,10,0.129032,1201.000000,0.000000,25.000000,1.093044,1.809305
0,0.000000,0.333333,0.833333,0.226402,0.000000,589.440000,564.000000,50.000000,85.222491,25.000000,42.611246,8760,10,0.833333,491.000000,0.000000,25.000000,1.000045,1.704450
0,0.000000,0.032258,0.032258,5.361891,0.000000,921.902669,1146.622268,83.439138,89.202458,41.719569,44.601229,24310,12010,0.032258,166.000000,0.000000,40.000000,1.733594,1.784049
0,0.000000,0.157895,0.473684,0.101131,0.000000,326.790000,100.000000,59.435806,92.847622,29.717903,46.423811,10190,10,0.473684,183.000000,0.000000,25.000000,1.188733,1.856952
0,0.000000,0.500000,0.500000,0.067785,0.000000,233.798611,764.000000,50.020963,93.663995,25.010482,46.831998,12500,10,0.500000,117.000000,0.000000,25.000000,1.000430,1.873280
0,-0.000000,0.055556,0.050000,5.361891,0.000000,754.278611,1122.400000,80.750305,90.147326,40.375153,45.073663,10360,7880,0.055556,166.000000,0.000000,40.000000,1.679817,1.802947
0,0.000000,0.333333,0.833333,0.226402,0.000000,589.440000,564.000000,50.000000,85.222491,25.000000,42.611246,7110,10,0.833333,491.000000,0.000000,25.000000,1.000045,1.704450
0,0.000000,0.032258,0.032258,5.361891,0.000000,921.902669,1146.622268,83.439138,89.202458,41.719569,44.601229,24310,10360,0.032258,166.000000,0.000000,40.000000,1.733594,1.784049
0,0.000000,0.157895,0.473684,0.101131,0.000000,326.790000,100.000000,59.435806,92.847622,29.717903,46.423811,11840,10,0.473684,183.000000,0.000000,25.000000,1.188733,1.856952
0,0.000000,0.041667,0.129032,4.205267,0.000000,220.712344,3363.555556,72.457431,90.465246,36.228715,45.232623,12690,2280,0.129032,1139.000000,0.000000,35.000000,1.535785,1.809305
0,0.000010,0.076923,0.095238,0.333137,0.000000,1050.382000,918.750000,82.235476,57.340090,41.117738,28.670045,25650,23470,0.100000,45.000000,0.000000,40.000000,1.644762,1.146802
0,-0.000000,0.200000,0.076923,0.399089,0.000000,832.126984,444.000000,78.419017,59.796758,39.209509,29.898379,16010,6230,0.222222,1009.000000,0.000000,35.000000,1.568476,1.195935
0,-0.000000,0.538462,0.533333,1.079103,0.000000,655.197883,1200.000000,78.931572,59.566141,39.465786,29.783070,21470,17520,0.571429,463.000000,0.000000,35.000000,1.583413,1.191323
0,-0.000002,0.071429,0.031250,23.380283,0.000000,1150.349206,328.444444,89.144748,68.767053,44.572374,34.383527,16420,5790,0.071429,968.000000,0.000000,40.000000,2.452417,1.375341
0,-0.000000,0.200000,0.166667,0.990665,0.000000,1061.390625,347.320000,74.366338,60.195423,37.183169,30.097712,19410,14520,0.200000,669.000000,0.000000,35.000000,1.491316,1.203908
0,0.000000,0.916667,0.916667,0.325261,0.000000,1036.182292,340.320000,45.902952,38.564525,22.951476,19.282262,25980,10,0.916667,12.000000,0.000000,20.000000,0.918111,0.771290
0,-0.000178,0.083333,0.100000,1.137423,0.000000,584.623724,9910.000000,78.338858,52.845610,39.169429,26.422805,13360,6820,0.125000,1274.000000,0.000000,35.000000,1.570105,1.056912
0,-0.000000,0.142857,0.111111,0.351957,0.000000,931.250000,475.000000,91.133978,68.767053,45.566989,34.383527,19780,8570,0.142857,632.000000,0.000000,45.000000,1.822746,1.375341
0,0.000000,0.038462,0.038462,3.037279,0.000000,1248.644031,557.098765,79.775762,68.767053,39.887881,34.383527,25840,4850,0.038462,26.000000,0.000000,35.000000,1.609997,1.375341
0,-0.000002,0.071429,0.031250,23.380283,0.000000,1150.349206,328.444444,89.144748,68.767053,44.572374,34.383527,16420,1910,0.071429,968.000000,0.000000,40.000000,2.452417,1.375341
0,-0.000000,0.352941,0.130435,0.393848,0.000000,869.859375,700.000000,51.314933,60.250999,25.657467,30.125499,16670,10,0.352941,943.000000,0.000000,25.000000,1.026390,1.205020
0,-0.000000,0.142857,0.111111,0.351957,0.000000,931.250000,475.000000,91.133978,68.767053,45.566989,34.383527,19780,12080,0.142857,632.000000,0.000000,45.000000,1.822746,1.375341
0,0.000017,0.105263,0.117647,0.247225,0.000000,770.595556,336.000000,50.051899,61.439281,25.025949,30.719640,24140,10,0.117647,196.000000,0.000000,25.000000,1.001079,1.228786
0,0.000000,0.083333,0.083333,0.124283,0.000000,420.166667,440.320000,48.184347,61.281417,24.092173,30.640709,9320,10,0.083333,12.000000,0.000000,20.000000,0.963706,1.225628
0,-0.000000,0.076923,0.066667,0.998145,0.000000,386.808889,1300.000000,80.057651,82.283033,40.028825,41.141517,17520,4810,0.076923,463.000000,0.000000,40.000000,1.605923,1.645661
0,-0.000003,0.043478,0.038462,0.786535,0.000000,1224.848765,557.098765,75.238502,68.767053,37.619251,34.383527,25440,19620,0.043478,66.000000,0.000000,35.000000,1.505419,1.375341
0,0.000000,0.250000,0.250000,0.026076,0.000000,101.166667,940.320000,47.661763,60.596559,23.830882,30.298280,22030,10,0.250000,12.000000,0.000000,20.000000,0.953239,1.211931
0,0.000000,0.133333,0.133333,0.308207,0.000000,991.735969,422.222222,43.001340,51.681649,21.500670,25.840825,24900,10,0.133333,120.000000,0.000000,20.000000,0.860076,1.033633
0,-0.000000,0.235294,0.181818,5.148186,0.000000,459.444752,3599.555556,72.099370,59.576290,36.049685,29.788145,11680,9790,0.258065,1442.000000,0.000000,35.000000,1.494783,1.191526
0,0.000000,0.052632,0.052632,0.887360,0.000000,1199.811224,441.061224,70.433750,58.691538,35.216875,29.345769,25540,23080,0.052632,56.000000,0.000000,35.000000,1.409791,1.173831
0,0.000000,0.142857,0.142857,0.269715,0.000000,816.000000,317.285714,50.214914,60.468642,25.107457,30.234321,23820,10,0.142857,228.000000,0.000000,25.000000,1.004344,1.209373
0,0.000000,0.250000,0.250000,0.315777,0.000000,1006.857765,315.312500,47.912780,49.143615,23.956390,24.571808,25700,10,0.250000,40.000000,0.000000,20.000000,0.958306,0.982872
0,0.000000,0.250000,0.250000,0.249989,0.000000,754.942387,320.000000,40.188461,60.589955,20.094230,30.294977,22860,10,0.250000,324.000000,0.000000,20.000000,0.803812,1.211799
0,0.000000,0.500000,0.500000,0.266067,0.000000,827.000000,1200.000000,41.019714,40.993701,20.509857,20.496851,24080,10,0.500000,202.000000,0.000000,20.000000,0.820439,0.819874
0,-0.000002,0.111111,0.031250,1.248075,0.000000,641.891012,328.444444,81.649105,68.767053,40.824553,34.383527,21440,2330,0.111111,466.000000,0.000000,40.000000,1.667801,1.375341
0,-0.000000,0.166667,0.166667,0.004765,0.014029,32.000000,44.285714,50.000041,81.889260,25.000021,40.944630,7160,10,0.333333,235.000000,0.000000,25.000000,1.000002,1.637787
0,0.000000,0.125000,0.125000,0.000000,0.017648,1399.591837,48.444444,63.580603,75.618885,31.790301,37.809442,6900,10,0.125000,17.000000,0.000000,30.000000,1.271612,1.512381
0,0.000000,0.125000,0.125000,0.000000,0.017648,1399.591837,48.444444,63.580603,75.618885,31.790301,37.809442,11500,10,0.125000,17.000000,0.000000,30.000000,1.271612,1.512381
0,-0.000000,0.047619,0.043478,1.642273,0.019882,156.206005,68.113866,88.884695,91.999664,44.442348,45.999832,9360,2940,0.047619,231.000000,0.000000,40.000000,1.791309,1.839996
0,-0.000000,0.045455,0.043478,11.868182,0.019882,517.444444,68.113866,87.207362,91.999664,43.603681,45.999832,6160,4340,0.045455,91.000000,0.000000,40.000000,1.893840,1.839996
0,-0.000000,0.047619,0.043478,1.642273,0.019882,156.206005,68.113866,88.884695,91.999664,44.442348,45.999832,13240,2940,0.047619,231.000000,0.000000,40.000000,1.791309,1.839996
0,0.000000,0.125000,0.125000,0.000000,0.017648,1399.591837,48.444444,63.580603,75.618885,31.790301,37.809442,15380,10,0.125000,17.000000,0.000000,30.000000,1.271612,1.512381
0,0.000000,0.083333,0.083333,0.369442,0.168519,388.764444,640.320000,67.035342,75.317493,33.517671,37.658747,22780,90,0.083333,14.000000,0.000000,30.000000,1.341551,1.506372
0,-0.000090,0.166667,0.142857,41.434959,0.262246,789.444444,930.625000,74.905587,88.258300,37.452794,44.129150,22210,8860,0.166667,71.000000,0.000000,35.000000,3.945004,1.765204
0,-0.000000,0.176471,0.136364,0.031332,0.176582,140.765625,698.312500,45.980807,90.813222,22.990404,45.406611,18950,10,0.176471,198.000000,0.000000,20.000000,0.919620,1.816287
0,0.000000,0.083333,0.083333,0.369442,0.168519,388.764444,640.320000,67.035342,75.317493,33.517671,37.658747,1850,90,0.083333,14.000000,0.000000,30.000000,1.341551,1.506372
0,0.000000,0.090909,0.090909,41.421550,0.276046,748.444444,1000.000000,77.663982,91.431619,38.831991,45.715810,22210,8830,0.090909,71.000000,0.000000,35.000000,4.000170,1.828671
0,-0.000074,0.272727,0.090909,4.215401,0.170609,147.555556,652.937500,69.346714,90.511054,34.673357,45.255527,6730,760,0.272727,123.000000,0.000000,30.000000,1.468973,1.810243
0,-0.000000,0.076923,0.058824,2.041663,0.182973,271.828125,690.355372,45.556386,88.462171,22.778193,44.231086,14690,10,0.076923,198.000000,0.000000,20.000000,0.919530,1.769268
0,-0.000090,0.200000,0.142857,0.036967,0.262246,155.210069,930.625000,46.958217,88.258300,23.479108,44.129150,7590,10,0.200000,198.000000,0.000000,20.000000,0.939170,1.765204
0,-0.000000,0.062500,0.058824,41.349317,0.182973,522.055556,690.355372,77.337568,88.462171,38.668784,44.231086,22210,15960,0.062500,71.000000,0.000000,35.000000,3.993630,1.769268
0,-0.000074,0.100000,0.090909,41.326144,0.170609,442.555556,652.937500,71.604615,90.511054,35.802308,45.255527,22210,7250,0.100000,71.000000,0.000000,35.000000,3.878968,1.810243
0,-0.000000,0.117647,0.090909,0.070167,0.276046,247.765625,1000.000000,46.588328,91.431619,23.294164,45.715810,7560,10,0.117647,198.000000,0.000000,20.000000,0.931778,1.828671
0,0.000000,0.136364,0.136364,41.322907,0.176582,465.444444,698.312500,78.176489,90.813222,39.088245,45.406611,22210,20220,0.136364,71.000000,0.000000,35.000000,4.010404,1.816287
0,-0.000000,0.083333,0.050000,5.655728,0.400054,712.292899,1058.400000,74.539696,40.397778,37.269848,20.198889,16950,2410,0.083333,739.000000,0.000000,35.000000,1.660713,0.000000
0,0.000000,0.076923,0.076923,1.568736,0.007735,1687.527778,23.527778,79.867226,41.428571,39.933613,20.714286,22440,9150,0.076923,190.000000,0.000000,35.000000,1.616830,0.000000
0,0.000000,0.055556,0.055556,3.865071,0.007849,3324.555556,25.000000,78.328288,48.804671,39.164144,24.402335,24020,22630,0.055556,32.000000,0.000000,35.000000,1.716765,0.000000
0,0.000000,0.437500,0.437500,0.000000,0.009666,3327.680556,36.000000,64.391987,34.273686,32.195994,17.136843,24120,10,0.437500,22.000000,0.000000,30.000000,1.287840,0.000000
0,0.000003,0.368421,0.411765,0.570883,0.009711,1576.327197,36.000000,48.313797,42.319618,24.156899,21.159809,22250,10,0.411765,209.000000,0.000000,20.000000,0.966381,0.000000
0,0.000000,0.153846,0.176471,2.547448,0.029735,1633.556327,90.355372,80.561271,38.855959,40.280636,19.427980,22330,14690,0.176471,201.000000,0.000000,40.000000,1.619720,0.000000
0,-0.000000,0.047619,0.045455,1.291333,0.134984,3700.571429,494.596800,79.675518,40.344742,39.837759,20.172371,24780,22920,0.047619,142.000000,0.000000,35.000000,1.593737,0.000000
0,-0.000057,0.083333,0.090909,0.952013,3.127238,201.429688,9610.000000,78.705297,36.152762,39.352648,18.076381,11470,6820,0.125000,1287.000000,0.000000,35.000000,1.577389,0.000000
0,0.000000,0.125000,0.125000,1.138511,0.004320,3314.868056,15.312500,48.245110,33.636374,24.122555,16.818187,23810,10,0.125000,53.000000,0.000000,20.000000,0.965099,0.000000
0,-0.000000,0.100000,0.083333,0.881315,0.011156,673.167899,47.320000,74.448801,41.428427,37.224401,20.714213,17520,14520,0.100000,682.000000,0.000000,35.000000,1.492953,0.000000
0,0.000000,0.055556,0.055556,3.865071,0.007849,3324.555556,25.000000,78.328288,48.804671,39.164144,24.402335,24020,17840,0.055556,32.000000,0.000000,35.000000,1.716765,0.000000
0,-0.000023,0.100000,0.071429,0.542753,0.108924,1516.938272,330.625000,81.963102,38.751392,40.981551,19.375696,22330,7590,0.100000,201.000000,0.000000,40.000000,1.639360,0.000000
0,0.000000,0.444444,0.444444,50.552266,0.019160,3391.690335,73.500000,79.611103,41.327051,39.805552,20.663526,22730,13710,0.444444,161.000000,0.000000,35.000000,1.972481,0.000000
0,0.000000,1.000000,1.000000,0.037228,0.060050,114.437500,162.000000,50.031606,37.013828,25.015803,18.506914,8560,10,1.000000,141.000000,0.000000,25.000000,1.000639,0.000000
0,0.000000,0.333333,0.333333,0.029330,0.000000,106.355372,109.330000,40.732915,41.116258,20.366457,20.558129,16910,10,0.333333,14.000000,0.000000,20.000000,0.814663,0.000000
0,0.000000,0.166667,0.166667,0.023374,0.000000,85.120000,48.076923,42.334566,42.164214,21.167283,21.082107,14210,10,0.166667,14.000000,0.000000,20.000000,0.846695,0.000000
0,-0.000000,0.043478,0.038462,2.039645,3.234104,4662.598765,10004.098765,75.865421,87.843718,37.932711,43.921859,19620,11340,0.043478,117.000000,0.000000,35.000000,1.518186,1.757398
0,0.000000,0.058824,0.071429,1.610045,3.170757,4510.722222,9764.285714,69.236688,80.383154,34.618344,40.191577,11350,1640,0.071429,116.000000,0.000000,30.000000,1.385026,1.608178
0,-0.000000,0.117647,0.086957,0.537516,3.348825,1307.203125,10359.000000,49.871066,79.080725,24.935533,39.540363,2570,10,0.117647,994.000000,0.000000,20.000000,0.997534,1.582156
0,0.000000,0.153846,0.230769,0.271737,3.467134,671.343750,10739.750000,80.784216,75.839094,40.392108,37.919547,10140,5820,0.230769,669.000000,0.000000,40.000000,1.615739,1.517342
0,0.000000,0.038462,0.038462,4.573429,3.234104,5441.098765,10004.098765,78.588157,87.843718,39.294078,43.921859,11740,4850,0.038462,77.000000,0.000000,35.000000,1.586526,1.757398
0,-0.000000,0.100000,0.083333,1.247432,0.000000,1555.496107,1470.312500,73.105819,76.234450,36.552910,38.117225,14520,14140,0.100000,721.000000,0.000000,35.000000,1.466169,1.524689
0,0.000000,0.142857,0.142857,0.019326,0.000000,89.937500,1388.000000,39.987188,75.281351,19.993594,37.640676,19570,10,0.142857,216.000000,0.000000,15.000000,0.799746,1.505627
0,-0.000000,0.250000,0.200000,0.603313,0.000000,72.375000,1516.000000,73.333500,75.449762,36.666750,37.724881,14520,4090,0.250000,721.000000,0.000000,35.000000,1.470584,1.508995
0,-0.000000,0.166667,0.125000,0.022090,0.000000,89.937500,1468.000000,38.168912,75.443529,19.084456,37.721765,17610,10,0.166667,412.000000,0.000000,15.000000,0.763382,1.508871
0,0.000000,0.200000,0.200000,0.000000,0.000000,172.125000,83.187500,63.903878,36.633738,31.951939,18.316869,10690,10,0.200000,77.000000,0.000000,30.000000,1.278078,0.000000
0,-0.000000,0.250000,0.200000,1.226117,0.000000,2538.000000,198.347107,79.690295,36.673669,39.845147,18.336834,11910,1860,0.250000,960.000000,0.000000,35.000000,1.594102,0.000000
0,0.000000,0.200000,0.200000,0.039340,0.000000,160.000000,16.000000,39.936770,39.887506,19.968385,19.943753,9140,10,0.200000,232.000000,0.000000,15.000000,0.798741,0.000000
0,0.000000,0.200000,0.200000,0.036442,0.000000,159.312500,15.312500,47.997261,39.921986,23.998630,19.960993,10380,10,0.200000,108.000000,0.000000,20.000000,0.959950,0.000000
0,0.000000,0.200000,0.200000,0.044965,0.000000,160.000000,96.000000,30.963135,39.995665,15.481567,19.997833,7180,10,0.200000,428.000000,0.000000,15.000000,0.619270,0.000000
0,0.000000,0.166667,0.166667,2.891227,0.000000,418.250000,25.000000,85.053138,50.000000,42.526569,25.000000,22630,11010,0.166667,88.000000,0.000000,40.000000,1.851099,0.000000
0,0.000000,0.166667,0.166667,2.891227,0.000000,418.250000,25.000000,85.053138,50.000000,42.526569,25.000000,17840,11010,0.166667,88.000000,0.000000,40.000000,1.851099,0.000000
0,0.000000,0.166667,0.166667,2.891227,0.000000,418.250000,25.000000,85.053138,50.000000,42.526569,25.000000,22630,8170,0.166667,88.000000,0.000000,40.000000,1.851099,0.000000
0,0.000000,0.166667,0.166667,2.891227,0.000000,418.250000,25.000000,85.053138,50.000000,42.526569,25.000000,17840,8170,0.166667,88.000000,0.000000,40.000000,1.851099,0.000000
0,0.000466,0.411765,0.888889,0.721449,0.000000,157.960743,2085.777778,88.311634,40.891256,44.155817,20.445628,20190,4630,0.888889,442.000000,0.000000,40.000000,1.772065,0.000000
0,0.000466,0.411765,0.888889,0.721449,0.000000,157.960743,2085.777778,88.311634,40.891256,44.155817,20.445628,20190,7470,0.888889,442.000000,0.000000,40.000000,1.772065,0.000000
0,0.000000,0.875000,1.000000,3.019030,0.000000,68.548753,0.000000,71.451822,0.000000,35.725911,0.000000,2850,10,1.000000,904.000000,0.000000,35.000000,1.539311,0.000000
0,-0.000000,0.272727,0.055556,5.111480,0.030543,195.384246,91.444444,83.741551,89.997687,41.870776,44.998844,21410,13240,0.272727,296.000000,0.000000,40.000000,1.750200,1.799959
0,-0.000000,0.272727,0.055556,11.891198,0.030543,567.881944,91.444444,85.416157,89.997687,42.708078,44.998844,22810,6160,0.272727,156.000000,0.000000,40.000000,1.858021,1.799959
0,-0.000000,0.272727,0.055556,5.111480,0.030543,195.384246,91.444444,83.741551,89.997687,41.870776,44.998844,21410,9360,0.272727,296.000000,0.000000,40.000000,1.750200,1.799959
0,0.000000,0.133333,0.133333,0.557396,0.030731,173.061224,95.000000,70.694179,82.396347,35.347090,41.198174,23080,5530,0.133333,129.000000,0.000000,35.000000,1.414947,1.647932
0,0.000000,0.090909,0.090909,12.952891,0.227558,717.061224,639.000000,82.110919,81.101236,41.055460,40.550618,23800,3850,0.090909,57.000000,0.000000,40.000000,1.786775,1.622065
0,0.000000,0.285714,0.285714,2.728556,0.068128,280.608970,257.098765,80.916411,50.000000,40.458206,25.000000,20690,4850,0.285714,101.000000,0.000000,40.000000,1.632761,0.000000
0,-0.000000,0.333333,0.285714,0.979059,0.068128,108.576923,257.098765,82.709506,50.000000,41.354753,25.000000,7230,6560,0.400000,1447.000000,0.000000,40.000000,1.661778,0.000000
0,-0.000000,0.166667,0.142857,0.048212,0.049643,189.000000,198.347107,82.768198,37.322165,41.384099,18.661083,18360,18240,0.166667,334.000000,0.000000,40.000000,1.655370,0.000000
0,-0.000000,0.909091,0.818182,0.000000,1.001769,91.037633,2883.000000,56.196226,76.731165,28.098113,38.365582,15060,10,0.923077,1181.000000,0.000000,25.000000,1.123925,1.534798
0,-0.000476,0.111111,0.047619,0.541056,0.646945,1171.440000,1771.703704,74.187615,79.329986,37.093807,39.664993,3400,530,0.333333,1129.000000,0.000000,35.000000,1.483877,1.586718
0,0.000000,1.000000,1.000000,0.076477,0.690567,309.787628,1983.000000,46.526547,76.281413,23.263273,38.140706,23210,10,1.000000,366.000000,0.000000,20.000000,0.930541,1.525750
0,-0.000000,0.500000,0.333333,0.036511,0.399562,115.338867,1308.000000,80.604945,76.280566,40.302472,38.140283,18080,9100,0.500000,879.000000,0.000000,40.000000,1.612105,1.525673
0,-0.000952,0.222222,0.095238,0.551990,0.395474,1218.392318,1254.703704,82.669910,75.159953,41.334955,37.579976,15580,3400,0.611111,1129.000000,0.000000,40.000000,1.653524,1.503261
0,0.000000,0.166667,0.166667,0.003803,0.339831,36.693878,925.000000,46.671081,80.000847,23.335541,40.000423,14230,10,0.166667,366.000000,0.000000,20.000000,0.933422,1.600081
0,-0.000000,0.230769,0.200000,0.441477,0.942038,1029.293878,2500.000000,45.542167,80.451446,22.771084,40.225723,8160,10,0.230769,366.000000,0.000000,20.000000,0.910940,1.609207
0,0.000000,0.083333,0.062500,0.043751,0.000000,202.070000,369.166667,40.891580,78.433914,20.445790,39.216957,16850,10,0.083333,489.000000,0.000000,20.000000,0.817838,1.568678
0,-0.000000,0.076923,0.071429,0.096223,0.000000,307.321759,1028.722222,80.177936,78.224630,40.088968,39.112315,8970,3490,0.076923,141.000000,0.000000,40.000000,1.603574,1.564493
0,0.000000,0.062500,0.062500,3.874164,0.000000,180.355372,337.475309,77.558675,81.947840,38.779338,40.973920,16610,4030,0.062500,87.000000,0.000000,35.000000,1.634230,1.638957
0,-0.000001,0.875000,0.250000,0.011457,0.000000,62.632500,1372.000000,47.999444,38.506478,23.999722,19.253239,20810,10,0.875000,136.000000,0.000000,20.000000,0.959990,0.000000
0,0.000000,0.125000,0.125000,0.028540,0.000000,132.312500,166.666667,48.925235,38.701369,24.462617,19.350685,20430,10,0.125000,136.000000,0.000000,20.000000,0.978508,0.000000
0,0.000000,0.142857,0.142857,0.005247,0.000000,31.312500,16.000000,46.267662,39.944632,23.133831,19.972316,1250,10,0.142857,136.000000,0.000000,20.000000,0.925354,0.000000
0,0.000000,0.125000,0.125000,0.038403,0.000000,111.312500,96.000000,47.933245,39.997866,23.966623,19.998933,3210,10,0.125000,136.000000,0.000000,20.000000,0.958673,0.000000
0,0.000000,0.875000,0.875000,0.000000,0.000000,43.437500,83.187500,51.307137,39.081231,25.653569,19.540615,320,10,0.875000,105.000000,0.000000,25.000000,1.026143,0.000000
0,-0.000004,0.100000,0.090909,57.689458,0.048627,1557.000000,195.659722,73.295839,76.864663,36.647919,38.432331,2120,1950,0.100000,104.000000,0.000000,35.000000,2.559592,1.537299
0,0.000000,0.055556,0.055556,1.279777,0.026256,61.502296,93.141204,82.326317,80.785861,41.163159,40.392931,14590,2670,0.055556,49.000000,0.000000,40.000000,1.671012,1.615721
0,0.000000,0.250000,0.250000,0.008870,0.013747,50.040000,48.437500,49.376049,80.108086,24.688025,40.054043,5270,10,0.250000,315.000000,0.000000,20.000000,0.987522,1.602164
0,0.000000,1.000000,1.000000,0.038109,0.000000,128.992500,2592.000000,59.656248,40.716343,29.828124,20.358172,10120,10,1.000000,90.000000,0.000000,25.000000,1.193132,0.000000
0,0.000000,0.263158,0.333333,0.049045,0.126715,901.561224,427.781250,87.016566,41.231795,43.508283,20.615898,23630,10,0.333333,148.000000,0.000000,40.000000,1.740340,0.000000
0,-0.000000,0.750000,0.375000,0.000000,0.007495,161.061224,20.000000,52.206214,39.782268,26.103107,19.891134,23550,10,0.750000,156.000000,0.000000,25.000000,1.044124,0.000000
0,-0.000000,0.500000,0.250000,0.013206,0.016171,70.593750,61.884298,47.905808,40.523655,23.952904,20.261827,18480,10,0.545455,663.000000,0.000000,20.000000,0.958119,0.000000
0,-0.000000,0.142857,0.142857,0.216259,0.157401,645.375000,600.000000,79.859898,40.000000,39.929949,20.000000,21040,19800,0.285714,407.000000,0.000000,35.000000,1.597234,0.000000
0,-0.000000,0.090909,0.083333,12.913813,0.339608,604.444444,949.820000,90.690480,90.187415,45.345240,45.093707,7150,3850,0.090909,134.000000,0.000000,45.000000,1.958360,1.803809
0,-0.000000,0.090909,0.083333,12.913813,0.339608,604.444444,949.820000,90.690480,90.187415,45.345240,45.093707,15630,3850,0.090909,134.000000,0.000000,45.000000,1.958360,1.803809
0,-0.000000,0.090909,0.083333,12.913813,0.339608,604.444444,949.820000,90.690480,90.187415,45.345240,45.093707,11750,3850,0.090909,134.000000,0.000000,45.000000,1.958360,1.803809
0,0.000000,0.043478,0.083333,0.601619,0.000000,635.543210,3344.194444,85.618022,97.580166,42.809011,48.790083,19620,10930,0.083333,319.000000,0.000000,40.000000,1.712981,1.951603
0,0.000000,0.043478,0.083333,0.601619,0.000000,635.543210,3344.194444,85.618022,97.580166,42.809011,48.790083,19620,14810,0.083333,319.000000,0.000000,40.000000,1.712981,1.951603
0,-0.000000,0.272727,0.375000,0.016153,0.000000,67.515625,3048.444444,51.271512,47.580166,25.635756,23.790083,10850,10,0.391304,1196.000000,0.000000,25.000000,1.025433,0.000000
0,0.000000,0.555556,0.500000,1.148542,0.000000,320.201389,295.750000,82.642917,50.000000,41.321459,25.000000,4780,2330,0.600000,719.000000,0.000000,40.000000,1.687663,0.000000
0,0.000000,0.038462,0.083333,3.175909,0.000000,1636.690602,3344.194444,89.666414,97.580166,44.833207,48.790083,11330,4850,0.083333,279.000000,0.000000,40.000000,1.807835,1.951603
0,0.000000,0.260870,0.500000,15.161561,0.000000,869.444444,295.750000,84.997081,50.000000,42.498540,25.000000,14640,8610,0.500000,336.000000,0.000000,40.000000,1.940634,0.000000
0,0.000000,0.038462,0.083333,3.175909,0.000000,1636.690602,3344.194444,89.666414,97.580166,44.833207,48.790083,6730,4850,0.083333,279.000000,0.000000,40.000000,1.807835,1.951603
0,-0.000000,0.391304,0.375000,2.849143,0.000000,657.098765,3048.444444,81.032092,47.580166,40.516046,23.790083,9180,4850,0.391304,279.000000,0.000000,40.000000,1.635094,0.000000
0,0.000000,0.260870,0.500000,15.161561,0.000000,869.444444,295.750000,84.997081,50.000000,42.498540,25.000000,10760,8610,0.500000,336.000000,0.000000,40.000000,1.940634,0.000000
0,0.000000,0.043478,0.083333,0.601619,0.000000,635.543210,3344.194444,85.618022,97.580166,42.809011,48.790083,19620,6330,0.083333,319.000000,0.000000,40.000000,1.712981,1.951603
0,0.000000,0.038462,0.083333,3.175909,0.000000,1636.690602,3344.194444,89.666414,97.580166,44.833207,48.790083,15210,4850,0.083333,279.000000,0.000000,40.000000,1.807835,1.951603
0,-0.000364,0.250000,0.181818,0.165402,0.062214,161.750000,388.888889,81.428571,69.390913,40.714286,34.695456,20320,8520,0.250000,516.000000,0.000000,40.000000,1.628979,1.387823
0,0.000000,0.142857,0.142857,0.029108,0.982462,111.305785,3384.750000,40.701122,80.912395,20.350561,40.456197,22280,10,0.142857,438.000000,0.000000,20.000000,0.814027,1.618390
0,-0.000000,0.083333,0.066667,0.048688,1.060929,220.500000,3671.937500,41.996870,81.138210,20.998435,40.569105,19940,10,0.083333,672.000000,0.000000,20.000000,0.839945,1.622917
0,-0.000025,0.076923,0.066667,1.095635,2.086712,2980.750000,5487.109375,74.858748,74.923321,37.429374,37.461660,12080,2300,0.076923,51.000000,0.000000,35.000000,1.497378,1.498865
0,-0.000000,0.043478,0.040000,0.010311,0.091991,800.169421,339.109375,89.307103,81.554713,44.653552,40.777357,5160,10,0.043478,280.000000,0.000000,40.000000,1.786143,1.631107
0,0.000000,0.125000,0.125000,0.008070,0.086312,780.500000,307.109375,67.113559,80.017560,33.556780,40.008780,90,10,0.125000,280.000000,0.000000,30.000000,1.342273,1.600363
0,0.000000,0.071429,0.071429,0.047462,0.045374,212.326531,168.437500,38.267467,65.351110,19.133734,32.675555,23250,10,0.071429,48.000000,0.000000,15.000000,0.765356,1.307028
0,-0.000001,0.062500,0.058824,6.386222,0.000000,18752.921875,114.765625,78.434951,72.696683,39.217475,36.348341,14950,3080,0.062500,33.000000,0.000000,35.000000,1.569786,1.453934
0,0.000000,0.133333,0.133333,7.745577,0.000000,18753.531569,100.734694,74.485256,73.210927,37.242628,36.605464,14950,10810,0.133333,33.000000,0.000000,35.000000,1.516409,1.464219
0,0.000000,0.076923,0.076923,1.049380,0.000000,181.920525,258.562500,82.238502,84.440302,41.119251,42.220151,1600,1210,0.076923,229.000000,0.000000,40.000000,1.670373,1.688806
0,-0.000217,0.615385,0.529412,1.005056,0.041041,182.287778,141.735537,82.539491,42.684771,41.269745,21.342386,14800,9150,0.615385,533.000000,0.000000,40.000000,1.670170,0.000000
0,-0.000217,0.250000,0.529412,4.442887,0.033965,79.083333,108.000000,91.428566,46.162500,45.714283,23.081250,21050,9150,0.615385,533.000000,0.000000,45.000000,1.957446,0.000000
0,-0.000217,0.250000,0.529412,4.442887,0.033965,79.083333,108.000000,91.428566,46.162500,45.714283,23.081250,16260,9150,0.615385,533.000000,0.000000,45.000000,1.957446,0.000000
0,-0.000048,0.142857,0.117647,0.675936,0.019559,91.632479,68.266667,79.616980,41.911280,39.808490,20.955640,14260,11310,0.142857,317.000000,0.000000,35.000000,1.597091,0.000000
0,0.000000,0.076923,0.076923,8.840967,0.936751,118.833563,3368.750000,81.428556,40.909582,40.714278,20.454791,22150,9150,0.076923,533.000000,0.000000,40.000000,1.974220,0.000000
0,-0.000169,0.100000,0.411765,0.991369,0.023789,154.972222,77.644970,83.677734,39.640109,41.838867,19.820054,9150,7700,0.437500,533.000000,0.000000,40.000000,1.692932,0.000000
0,-0.000000,0.032258,0.031250,10.757379,0.000000,352.170137,437.557452,75.734075,82.060386,37.867038,41.030193,22580,3040,0.032258,79.000000,0.000000,35.000000,1.724547,1.641208
0,-0.000000,0.333333,0.285714,0.317133,0.000000,826.555556,939.250000,75.388045,39.819914,37.694022,19.909957,13830,5980,0.333333,715.000000,0.000000,35.000000,1.507822,0.000000
0,0.000000,0.142857,0.142857,0.580186,0.000000,506.000000,77.777778,64.033692,36.853399,32.016846,18.426699,11580,11420,0.142857,171.000000,0.000000,30.000000,1.285487,0.000000
0,0.000000,0.083333,0.083333,3.657899,0.256104,172.010204,812.500000,81.149615,80.043728,40.574807,40.021864,23030,7910,0.083333,207.000000,0.000000,40.000000,1.681874,1.600915
0,-0.000000,0.363636,0.333333,0.027634,0.342935,45.194711,1126.666667,77.057462,79.725739,38.528731,39.862869,9370,1570,0.428571,841.000000,0.000000,35.000000,1.541159,1.594567
0,-0.000000,0.800000,0.555556,0.008359,0.283161,59.156250,932.320000,44.062547,79.627244,22.031274,39.813622,930,10,0.800000,905.000000,0.000000,20.000000,0.881252,1.592589
0,-0.000000,0.157895,0.166667,0.040554,0.170696,85.522211,658.986667,69.921838,81.763957,34.960919,40.881978,9370,650,0.285714,841.000000,0.000000,30.000000,1.398448,1.635301
0,-0.000000,0.333333,0.125000,0.216162,0.000000,555.520000,1133.805556,45.616687,39.113976,22.808344,19.556988,7710,10,0.352941,599.000000,0.000000,20.000000,0.912378,0.000000
0,0.000000,0.250000,0.250000,2.033933,0.000000,1029.437500,1008.000000,79.362975,39.999536,39.681487,19.999768,16680,3070,0.250000,293.000000,0.000000,35.000000,1.659633,0.000000
0,0.000000,0.052632,0.125000,0.093663,0.000000,362.342400,1183.000000,49.589095,39.998955,24.794547,19.999478,24110,10,0.125000,599.000000,0.000000,20.000000,0.991795,0.000000
0,-0.000000,0.444444,0.333333,0.000000,0.000000,337.562500,1887.000000,60.141383,79.074626,30.070691,39.537313,18310,10,0.444444,441.000000,0.000000,30.000000,1.202828,1.581493
0,-0.000000,0.444444,0.333333,0.000000,0.000000,337.562500,1887.000000,60.141383,79.074626,30.070691,39.537313,14800,10,0.444444,441.000000,0.000000,30.000000,1.202828,1.581493
0,0.000000,0.250000,0.250000,0.000000,0.883254,62.765625,2604.000000,51.366346,79.499588,25.683173,39.749794,3320,10,0.250000,118.000000,0.000000,25.000000,1.027327,1.590142
0,-0.000001,0.066667,0.200000,1.286735,0.266628,237.600000,833.000000,76.048983,40.066124,38.024491,20.033062,5290,2850,0.461538,882.000000,0.000000,35.000000,1.537463,0.000000
0,0.000000,0.222222,0.222222,0.000000,0.000000,318.500000,102.060000,40.050190,39.956415,20.025095,19.978207,6640,10,0.222222,184.000000,0.000000,20.000000,0.801004,0.000000
0,0.000000,0.285714,0.285714,0.000000,0.000000,31.312500,16.000000,39.999233,39.999993,19.999616,19.999996,4300,10,0.285714,184.000000,0.000000,15.000000,0.799985,0.000000
0,-0.000000,0.300000,0.272727,0.755069,0.000000,3068.444444,5399.777778,51.249518,50.000000,25.624759,25.000000,23650,10,0.300000,142.000000,0.000000,25.000000,1.025084,0.000000
0,-0.000000,0.300000,0.272727,0.755069,0.000000,3068.444444,5399.777778,51.249518,50.000000,25.624759,25.000000,8480,10,0.300000,142.000000,0.000000,25.000000,1.025084,0.000000
0,0.000000,0.333333,0.333333,0.009686,0.000000,50.375000,30.375000,36.642955,39.873517,18.321477,19.936758,960,10,0.333333,142.000000,0.000000,15.000000,0.732861,0.000000
0,0.000001,0.181818,0.545455,0.059044,0.000000,210.763889,85.562500,63.732792,40.054828,31.866396,20.027414,4930,360,0.545455,107.000000,0.000000,30.000000,1.274664,0.000000
0,-0.000000,0.100000,0.090909,0.018807,0.000000,82.869822,103.444444,42.707588,41.535730,21.353794,20.767865,12840,10,0.100000,142.000000,0.000000,20.000000,0.854155,0.000000
0,-0.000000,0.200000,0.181818,0.030641,0.000000,142.297578,109.086420,42.268996,41.243671,21.134498,20.621835,24200,10,0.200000,142.000000,0.000000,20.000000,0.845384,0.000000
0,-0.000000,0.045455,0.038462,7.353152,0.000000,3229.469238,385.562500,87.204013,90.937078,43.602007,45.468539,24580,5510,0.045455,83.000000,0.000000,40.000000,1.865707,1.818742
0,-0.000000,0.045455,0.038462,7.353152,0.000000,3229.469238,385.562500,87.204013,90.937078,43.602007,45.468539,9410,5510,0.045455,83.000000,0.000000,40.000000,1.865707,1.818742
0,-0.000000,0.214286,0.111111,0.078207,0.000000,336.222222,562.888889,50.196778,81.330460,25.098389,40.665230,22700,10,0.214286,271.000000,0.000000,25.000000,1.003946,1.626609
0,-0.000000,0.214286,0.111111,0.078207,0.000000,336.222222,562.888889,50.196778,81.330460,25.098389,40.665230,7530,10,0.214286,271.000000,0.000000,25.000000,1.003946,1.626609
0,0.000000,0.166667,0.166667,43.303698,0.051219,607.555556,190.240000,76.608118,79.054046,38.304059,39.527023,16840,8490,0.166667,143.000000,0.000000,35.000000,3.116909,1.581088
0,-0.000000,0.038462,0.034483,6.659600,0.000000,290.111213,260.565710,78.432128,79.689327,39.216064,39.844664,25130,5510,0.038462,102.000000,0.000000,35.000000,1.690187,1.593787
0,-0.000030,0.285714,0.200000,0.000000,0.025435,620.000000,77.777778,53.580593,37.980323,26.790296,18.990162,22310,10,0.285714,566.000000,0.000000,25.000000,1.071612,0.000000
0,-0.000015,0.142857,0.100000,0.216997,0.050625,659.259259,232.320000,79.372049,40.833325,39.686025,20.416662,19800,2570,0.142857,817.000000,0.000000,35.000000,1.587477,0.000000
0,-0.000000,0.076923,0.304348,2.816183,0.000000,273.062500,808.727811,77.855153,80.848948,38.927577,40.424474,22630,9280,0.350000,598.000000,0.000000,35.000000,1.707122,1.616979
0,0.000000,1.000000,0.794118,32.239693,0.000000,2655.000000,1347.755102,68.025780,71.411745,34.012890,35.705873,11370,10,1.000000,1525.000000,0.000000,30.000000,1.567485,1.428235
0,-0.000000,0.071429,0.156250,0.675936,0.000000,378.701923,772.250000,81.947530,72.674212,40.973765,36.337106,14260,9860,0.172414,540.000000,0.000000,40.000000,1.643702,1.453484
0,-0.000000,0.076923,0.304348,2.816183,0.000000,273.062500,808.727811,77.855153,80.848948,38.927577,40.424474,17840,9280,0.350000,598.000000,0.000000,35.000000,1.707122,1.616979
0,-0.000000,0.050000,0.047619,15.263142,0.000000,366.333333,893.142857,70.319602,70.431859,35.159801,35.215929,14510,2630,0.050000,75.000000,0.000000,35.000000,1.849476,1.408637
0,0.000000,0.357143,0.370370,1.091405,0.000000,1324.357460,7112.005102,79.255965,80.755468,39.627982,40.377734,15530,11270,0.370370,1109.000000,0.000000,35.000000,1.586971,1.615109
0,0.000000,0.777778,0.851852,3.305570,0.000000,184.706667,7164.250000,76.798040,71.106639,38.399020,35.553320,11270,4170,0.880000,1109.000000,0.000000,35.000000,1.582947,1.422133
0,0.000000,0.142857,0.142857,1.730054,0.236730,427.750000,875.000000,82.534455,72.635542,41.267228,36.317771,13850,4700,0.142857,68.000000,0.000000,40.000000,1.681252,1.452743
0,-0.000000,0.100000,0.090909,2.993603,0.000000,683.038395,11490.848395,80.256157,82.465952,40.128079,41.232976,12890,1970,0.100000,432.000000,0.000000,40.000000,1.612292,1.649319
0,-0.000000,0.055556,0.047619,3.186953,0.000000,138.623702,53.240000,84.607618,50.000000,42.303809,25.000000,23280,10710,0.055556,247.000000,0.000000,40.000000,1.764905,0.000000
0,0.000029,0.250000,0.444444,0.039841,0.000000,135.160000,15.312500,79.907919,38.441740,39.953959,19.220870,25230,9870,0.444444,52.000000,0.000000,35.000000,1.598164,0.000000
0,0.000000,0.090909,0.090909,1.946790,0.000000,131.250000,43.750000,81.334138,50.000000,40.667069,25.000000,23520,17760,0.090909,223.000000,0.000000,40.000000,1.668823,0.000000
0,0.000000,0.090909,0.090909,1.946790,0.000000,131.250000,43.750000,81.334138,50.000000,40.667069,25.000000,23520,16110,0.090909,223.000000,0.000000,40.000000,1.668823,0.000000
0,-0.000000,0.055556,0.047619,3.186953,0.000000,138.623702,53.240000,84.607618,50.000000,42.303809,25.000000,23280,19190,0.055556,247.000000,0.000000,40.000000,1.764905,0.000000
0,-0.000000,0.055556,0.047619,3.186953,0.000000,138.623702,53.240000,84.607618,50.000000,42.303809,25.000000,23280,15310,0.055556,247.000000,0.000000,40.000000,1.764905,0.000000
0,-0.000000,0.400000,0.181818,0.000000,0.000000,6112.125000,65.728395,59.678205,42.542028,29.839102,21.271014,19470,10,0.400000,628.000000,0.000000,25.000000,1.193564,0.000000
0,0.000000,0.965517,0.953488,3.690536,0.000000,670.791481,11425.120000,79.839113,39.923924,39.919557,19.961962,21430,12890,0.966667,432.000000,0.000000,35.000000,1.608742,0.000000
0,0.000000,0.888889,1.000000,0.233907,0.000000,360.671875,0.000000,46.701890,0.000000,23.350945,0.000000,10960,10,1.000000,2227.000000,0.000000,20.000000,0.934117,0.000000
0,-0.000000,0.200000,0.181818,0.011557,0.000000,46.375000,35.437500,83.071696,40.406983,41.535848,20.203492,18970,6210,0.200000,250.000000,0.000000,40.000000,1.661435,0.000000
0,-0.000000,0.500000,0.400000,0.414020,0.000000,51.000000,64.000000,57.143863,39.949593,28.571932,19.974796,16490,10,0.500000,498.000000,0.000000,25.000000,1.146448,0.000000
0,-0.000000,0.625000,0.666667,1.140244,0.000000,99.222222,33.880000,73.644754,42.318570,36.822377,21.159285,17590,15880,0.727273,559.000000,0.000000,35.000000,1.495998,0.000000
0,-0.000000,0.666667,0.250000,0.000000,0.000000,413.000000,42.666667,67.913167,39.999824,33.956583,19.999912,13540,10,0.666667,793.000000,0.000000,30.000000,1.358263,0.000000
0,0.000000,0.300000,0.300000,29.131176,0.000000,988.571429,968.000000,81.386274,41.248119,40.693137,20.624060,20250,11260,0.300000,122.000000,0.000000,40.000000,2.065913,0.000000
0,-0.000000,0.625000,0.411765,1.904908,0.370864,180.759259,1314.400000,80.162826,90.616695,40.081413,45.308348,10930,3170,0.700000,748.000000,0.000000,40.000000,1.632963,1.812386
0,0.000000,0.222222,0.222222,0.399349,0.249797,1519.972222,911.750000,100.000000,100.000000,50.000000,50.000000,28160,17090,0.222222,132.000000,0.000000,50.000000,2.000053,2.000035
0,-0.000000,0.666667,0.363636,0.034804,0.268639,193.888889,1024.000000,47.999818,92.253015,23.999909,46.126508,9440,10,0.666667,897.000000,0.000000,20.000000,0.960000,1.845097
0,-0.000000,0.100000,0.090909,2.333896,0.230072,120.435000,938.400000,80.228732,82.869710,40.114366,41.434855,8330,6660,0.100000,232.000000,0.000000,40.000000,1.631169,1.657423
0,0.000000,0.111111,0.111111,0.095758,0.211229,385.990000,826.150000,89.925398,90.616695,44.962699,45.308348,28160,9330,0.111111,132.000000,0.000000,40.000000,1.798520,1.812361
0,-0.000000,0.062500,0.058824,333.916918,0.252832,3175.820000,932.320000,82.237099,90.833333,41.118549,45.416666,10120,8500,0.062500,171.000000,0.000000,40.000000,20.578962,1.816702
0,0.000000,0.083333,0.083333,333.891501,0.229358,3056.000000,812.500000,82.653753,91.249999,41.326876,45.625000,26160,8500,0.083333,171.000000,0.000000,40.000000,20.587292,1.825033
0,0.000000,0.111111,0.111111,0.095758,0.211229,385.990000,826.150000,89.925398,90.616695,44.962699,45.308348,9330,7230,0.111111,132.000000,0.000000,40.000000,1.798520,1.812361
0,-0.000000,0.400000,0.363636,333.868699,0.268639,2961.875000,1024.000000,83.070470,92.253015,41.535235,46.126508,8500,7270,0.400000,171.000000,0.000000,40.000000,20.595624,1.845097
0,0.000000,0.222222,0.222222,0.399349,0.249797,1519.972222,911.750000,100.000000,100.000000,50.000000,50.000000,28160,8890,0.222222,132.000000,0.000000,50.000000,2.000053,2.000035
0,0.000000,0.222222,0.222222,0.399349,0.249797,1519.972222,911.750000,100.000000,100.000000,50.000000,50.000000,8890,7230,0.222222,132.000000,0.000000,50.000000,2.000053,2.000035
0,-0.000000,0.166667,0.083333,3.657004,0.229358,172.010204,812.500000,80.840101,91.249999,40.420051,45.625000,23030,13570,0.166667,484.000000,0.000000,40.000000,1.675683,1.825033
0,-0.000000,0.437500,0.411765,333.913559,0.370864,3117.740000,1314.400000,79.098268,90.616695,39.549134,45.308348,8940,8500,0.437500,171.000000,0.000000,35.000000,20.516186,1.812386
0,0.000000,0.222222,0.222222,0.399349,0.249797,1519.972222,911.750000,100.000000,100.000000,50.000000,50.000000,17090,7230,0.222222,132.000000,0.000000,50.000000,2.000053,2.000035
0,-0.000000,0.125000,0.058824,0.041726,0.252832,169.500000,932.320000,81.149367,90.833333,40.574684,45.416666,10930,4350,0.125000,748.000000,0.000000,40.000000,1.622992,1.816702
0,0.000000,0.055556,0.055556,410.657634,0.000000,9690.916667,907.027778,76.829735,89.992196,38.414868,44.996098,22580,170,0.055556,68.000000,0.000000,35.000000,27.457409,1.799844
0,-0.000000,0.111111,0.080000,0.675936,0.000000,73.076923,3417.000000,91.536935,90.373380,45.768467,45.186690,23210,14260,0.111111,630.000000,0.000000,45.000000,1.835490,1.807468
0,0.000000,0.181818,0.315789,3.972518,0.000000,197.444444,3342.000000,77.322023,80.365576,38.661012,40.182788,12170,9470,0.400000,1109.000000,0.000000,35.000000,1.668522,1.607312
0,0.000000,0.437500,0.421053,1.039112,0.000000,119.900510,675.000000,89.710064,89.992196,44.855032,44.996098,15550,14090,0.538462,917.000000,0.000000,40.000000,1.818196,1.799844
0,-0.000000,0.058824,0.055556,0.064568,0.000000,216.326531,907.027778,83.981619,89.992196,41.990809,44.996098,21440,14090,0.076923,917.000000,0.000000,40.000000,1.679642,1.799844
0,-0.000000,0.111111,0.080000,0.675936,0.000000,73.076923,3417.000000,91.536935,90.373380,45.768467,45.186690,18420,14260,0.111111,630.000000,0.000000,45.000000,1.835490,1.807468
0,0.000000,0.437500,0.421053,1.039112,0.000000,119.900510,675.000000,89.710064,89.992196,44.855032,44.996098,20340,14090,0.538462,917.000000,0.000000,40.000000,1.818196,1.799844
0,-0.000027,0.750000,0.480000,18.157341,0.813778,393.562500,3042.000000,78.784088,40.377934,39.392044,20.188967,8190,6510,0.750000,1238.000000,0.000000,35.000000,2.064108,0.000000
0,-0.000018,0.076923,0.076923,1.591612,0.043364,3577.222222,144.000000,87.959187,46.602115,43.979593,23.301058,8930,8890,0.200000,996.000000,0.000000,40.000000,1.759540,0.000000
0,0.000000,0.133333,0.133333,5.045948,0.271067,15055.555556,976.444444,80.414033,40.769917,40.207017,20.384958,17570,5480,0.133333,132.000000,0.000000,40.000000,1.609127,0.000000
0,-0.000018,0.076923,0.076923,1.591612,0.043364,3577.222222,144.000000,87.959187,46.602115,43.979593,23.301058,10540,8930,0.200000,996.000000,0.000000,40.000000,1.759540,0.000000
0,0.000000,0.090909,0.090909,3.268898,0.017646,9997.312500,63.000000,81.001821,41.425453,40.500911,20.712726,18670,9730,0.090909,22.000000,0.000000,40.000000,1.620571,0.000000
0,0.000000,0.153846,0.153846,3.303921,0.052357,10116.562500,182.250000,80.541685,41.026249,40.270842,20.513125,22800,18670,0.153846,22.000000,0.000000,40.000000,1.611373,0.000000
0,0.000000,0.105263,0.105263,3.260795,0.009616,9969.991512,35.679012,82.122917,42.738873,41.061459,21.369436,18670,8770,0.105263,22.000000,0.000000,40.000000,1.642992,0.000000
0,-0.000000,0.333333,0.066667,16.964517,0.012447,477.562500,56.250000,80.589392,50.000000,40.294696,25.000000,8560,6510,0.333333,1238.000000,0.000000,40.000000,2.092073,0.000000
0,-0.000000,0.076923,0.066667,30.363150,0.012447,6613.111111,56.250000,80.287491,50.000000,40.143746,25.000000,11310,840,0.076923,758.000000,0.000000,40.000000,2.807409,0.000000
0,0.000000,0.166667,0.416667,3.693406,0.092426,315.000000,412.500000,80.857793,81.138618,40.428897,40.569309,23030,5810,0.416667,494.000000,0.000000,40.000000,1.676042,1.622783
0,0.000000,0.235294,0.294118,2.826930,0.115795,158.305556,532.320000,79.879070,80.721952,39.939535,40.360976,3640,2460,0.294118,829.000000,0.000000,35.000000,1.633458,1.614452
0,0.000000,0.142857,0.142857,0.064770,0.071540,218.500000,316.000000,38.575956,79.888619,19.287978,39.944309,2350,10,0.142857,840.000000,0.000000,15.000000,0.771529,1.597780
0,0.000000,0.166667,0.166667,0.045543,0.071509,190.240000,316.000000,41.220538,64.629789,20.610269,32.314895,10370,10,0.166667,38.000000,0.000000,20.000000,0.824417,1.292604
0,0.000000,0.333333,0.333333,0.005057,0.070668,76.500000,316.000000,37.653217,82.388619,18.826608,41.194310,730,10,0.333333,1074.000000,0.000000,15.000000,0.753065,1.647780
0,-0.000000,0.181818,0.133333,0.047656,0.125072,188.500000,548.187500,39.433836,80.806358,19.716918,40.403179,6630,10,0.181818,1074.000000,0.000000,15.000000,0.788686,1.616141
0,0.000000,0.200000,0.200000,0.061739,0.099147,202.060000,400.000000,79.253496,79.888582,39.626748,39.944291,10580,8390,0.200000,236.000000,0.000000,35.000000,1.585080,1.597784
0,0.000000,0.833333,0.857143,8.016439,0.385837,501.888889,1200.000000,78.734099,36.099532,39.367050,18.049766,13920,4710,0.857143,405.000000,0.000000,35.000000,1.697635,0.000000
0,0.000000,0.142857,0.142857,0.000000,0.044693,44.125000,192.400000,63.114858,81.099866,31.557429,40.549933,1560,10,0.142857,710.000000,0.000000,30.000000,1.262297,1.622003
0,-0.000000,0.062500,0.047619,0.000000,0.194105,145.125000,826.650000,64.745526,80.399468,32.372763,40.199734,20740,10,0.062500,710.000000,0.000000,30.000000,1.294911,1.608012
0,-0.000000,0.045455,0.050000,1.542697,0.192646,152.727811,698.848980,92.060593,90.693930,46.030297,45.346965,23770,5840,0.052632,127.000000,0.000000,45.000000,1.852010,1.813905
0,-0.000000,0.045455,0.050000,1.542697,0.192646,152.727811,698.848980,92.060593,90.693930,46.030297,45.346965,28560,5840,0.052632,127.000000,0.000000,45.000000,1.852010,1.813905
0,-0.000000,0.125000,0.090909,0.000000,0.056525,124.125000,229.337500,63.874675,81.099806,31.937338,40.549903,3520,10,0.125000,710.000000,0.000000,30.000000,1.277494,1.622003
0,0.000002,0.058824,0.058824,0.387700,0.473936,1256.437500,1821.712500,79.460057,90.301059,39.730029,45.150530,24790,970,0.076923,614.000000,0.000000,35.000000,1.589261,1.806083
0,0.000002,0.055556,0.058824,409.002058,0.473936,3270.666667,1821.712500,78.925554,90.301059,39.462777,45.150530,6110,170,0.058824,100.000000,0.000000,35.000000,27.499112,1.806083
0,-0.000000,0.111111,0.095238,6.642784,0.033901,211.399793,130.375000,76.766686,80.596518,38.383343,40.298259,5510,1890,0.300000,274.000000,0.000000,35.000000,1.656877,1.611935
0,-0.000000,0.100000,0.095238,15.263142,0.160771,371.975309,680.625000,69.763415,79.350405,34.881707,39.675203,25870,2630,0.100000,200.000000,0.000000,30.000000,1.838352,1.587027
0,0.000000,0.200000,0.200000,0.039154,0.030674,116.000000,100.000000,79.985430,39.999985,39.992715,19.999993,10580,6050,0.200000,273.000000,0.000000,35.000000,1.599715,0.000000
0,0.000000,0.166667,0.166667,0.003706,0.003548,32.000000,16.000000,40.065722,34.020126,20.032861,17.010063,8030,10,0.166667,75.000000,0.000000,20.000000,0.801315,0.000000
0,0.000000,0.428571,0.428571,0.041458,0.015359,112.000000,52.937500,38.458644,39.999956,19.229322,19.999978,1970,10,0.428571,877.000000,0.000000,15.000000,0.769182,0.000000
0,0.000491,0.142857,0.428571,0.004415,0.006673,45.040000,26.851240,46.803574,36.540154,23.401787,18.270077,4610,10,0.428571,417.000000,0.000000,20.000000,0.936072,0.000000
0,0.000000,0.142857,0.142857,0.030810,0.152329,133.000000,650.250000,41.536732,39.483108,20.768366,19.741554,19190,10,0.142857,877.000000,0.000000,20.000000,0.830739,0.000000
0,-0.000001,0.190476,0.111111,1.921596,0.197182,246.382857,602.500000,81.321017,89.999791,40.660509,44.999896,20750,2870,0.285714,212.000000,0.000000,40.000000,1.659309,1.800029
0,-0.000001,0.190476,0.111111,1.921596,0.197182,246.382857,602.500000,81.321017,89.999791,40.660509,44.999896,12270,2870,0.285714,212.000000,0.000000,40.000000,1.659309,1.800029
0,-0.000001,0.190476,0.111111,1.921596,0.197182,246.382857,602.500000,81.321017,89.999791,40.660509,44.999896,16870,2870,0.285714,212.000000,0.000000,40.000000,1.659309,1.800029
0,0.000000,0.142857,0.142857,0.150349,0.164278,533.743827,557.804734,52.335973,38.954679,26.167987,19.477340,17570,10,0.142857,28.000000,0.000000,25.000000,1.046741,0.000000
0,0.000000,0.050000,0.050000,0.208936,0.185717,824.245868,706.122449,41.860561,67.715928,20.930280,33.857964,21570,10,0.050000,50.000000,0.000000,20.000000,0.837238,1.354343
0,0.000000,0.142857,0.142857,0.004587,0.005248,38.434139,20.000000,32.169657,28.720476,16.084828,14.360238,230,10,0.142857,28.000000,0.000000,15.000000,0.643394,0.000000
0,0.000000,0.250000,0.250000,0.005202,0.005144,44.160494,27.222222,53.409152,41.990313,26.704576,20.995157,3180,10,0.250000,28.000000,0.000000,25.000000,1.068184,0.000000
0,0.000000,0.050000,0.050000,0.025081,0.033619,121.495868,130.144044,45.064863,68.310150,22.532431,34.155075,8890,10,0.050000,50.000000,0.000000,20.000000,0.901300,1.366207
0,0.000000,0.181818,0.181818,0.137068,0.135533,592.938272,576.000000,51.427459,39.999323,25.713729,19.999662,23480,10,0.181818,28.000000,0.000000,25.000000,1.028565,0.000000
0,0.000000,0.785714,0.785714,0.009299,0.007928,54.169041,32.102041,51.360603,41.191527,25.680302,20.595763,3700,10,0.785714,28.000000,0.000000,25.000000,1.027213,0.000000
0,0.000000,0.090909,0.090909,0.138749,0.140781,597.495868,596.000000,44.443013,68.719799,22.221507,34.359900,23260,10,0.090909,50.000000,0.000000,20.000000,0.888877,1.374413
0,-0.000058,0.285714,0.428571,0.143999,0.494651,297.000000,1815.000000,89.213370,48.703247,44.606685,24.351623,10040,8940,0.555556,2209.000000,0.000000,40.000000,1.784302,0.000000
0,0.000000,0.500000,1.000000,0.596684,0.000000,753.000000,0.000000,65.420453,0.000000,32.710227,0.000000,4800,10,1.000000,2623.000000,0.000000,30.000000,1.315002,0.000000
0,0.000000,0.200000,0.300000,1.539448,0.006332,137.767811,26.851240,90.970861,40.814283,45.485430,20.407141,23770,2790,0.300000,247.000000,0.000000,45.000000,1.830215,0.000000
0,-0.000058,0.285714,0.428571,0.143999,0.494651,297.000000,1815.000000,89.213370,48.703247,44.606685,24.351623,10040,4150,0.555556,2209.000000,0.000000,40.000000,1.784302,0.000000
0,0.000000,0.200000,0.300000,1.539448,0.006332,137.767811,26.851240,90.970861,40.814283,45.485430,20.407141,28560,2790,0.300000,247.000000,0.000000,45.000000,1.830215,0.000000
0,-0.000058,0.444444,0.428571,409.023735,0.494651,3335.394477,1815.000000,86.198287,48.703247,43.099144,24.351623,28830,170,0.500000,220.000000,0.000000,40.000000,27.644570,0.000000
0,-0.000058,0.444444,0.428571,409.023735,0.494651,3335.394477,1815.000000,86.198287,48.703247,43.099144,24.351623,24040,170,0.500000,220.000000,0.000000,40.000000,27.644570,0.000000
0,-0.000017,0.032258,0.035714,0.182508,1.438510,566.750000,4781.481481,80.847794,58.538046,40.423897,29.269023,23490,13680,0.045455,607.000000,0.000000,40.000000,1.616986,1.170978
0,-0.000017,0.037037,0.035714,3.380919,0.097851,883.699600,382.152893,74.698512,59.500150,37.349256,29.750075,28860,9240,0.037037,70.000000,0.000000,35.000000,1.540275,1.190016
0,-0.000000,0.166667,0.090909,0.042611,0.091432,157.570000,352.937500,41.291303,58.767052,20.645652,29.383526,17230,10,0.166667,1233.000000,0.000000,20.000000,0.825832,1.175353
0,0.000000,0.100000,0.100000,0.035309,0.083379,167.102500,326.851240,47.403011,59.798595,23.701506,29.899297,23790,10,0.100000,577.000000,0.000000,20.000000,0.948065,1.195983
0,-0.000000,0.142857,0.176471,0.000000,0.300058,700.250000,1196.000000,59.947100,56.950518,29.973550,28.475259,28140,10,0.200000,142.000000,0.000000,25.000000,1.198942,1.139048
0,0.000000,0.200000,0.200000,0.572227,0.012071,1684.080000,43.940000,40.254492,62.699131,20.127246,31.349565,14720,10,0.200000,385.000000,0.000000,20.000000,0.805188,1.253984
0,0.000000,0.142857,0.142857,2.148605,0.025220,1489.722222,85.750000,72.123871,62.684671,36.061936,31.342335,16130,4470,0.142857,244.000000,0.000000,35.000000,1.465571,1.253697
0,0.000000,0.666667,0.625000,72.024556,0.209989,2163.750000,824.500000,77.225822,63.685199,38.612911,31.842599,13580,10060,0.666667,499.000000,0.000000,35.000000,2.850377,1.273731
0,-0.000000,0.250000,0.181818,0.233542,0.000000,1036.160000,576.000000,47.342538,39.999899,23.671269,19.999949,19790,10,0.250000,472.000000,0.000000,20.000000,0.946878,0.000000
0,0.000000,0.100000,0.100000,0.013147,0.000000,73.495868,26.094675,44.326323,26.869460,22.163161,13.434730,3480,10,0.100000,125.000000,0.000000,20.000000,0.886528,0.000000
0,-0.000000,0.250000,0.222222,0.315189,0.000000,1211.160000,1800.000000,47.342170,38.757707,23.671085,19.378854,30280,10,0.250000,472.000000,0.000000,20.000000,0.946885,0.000000
0,0.000000,0.111111,0.130435,0.270453,0.000000,861.160000,480.964286,46.996400,40.474839,23.498200,20.237420,13880,10,0.130435,472.000000,0.000000,20.000000,0.939972,0.000000
0,-0.000105,0.285714,0.153846,4.021171,0.000000,499.888889,285.234568,51.693583,47.993352,25.846791,23.996676,5670,130,0.285714,1137.000000,0.000000,25.000000,1.050478,0.000000
0,-0.000000,0.100000,0.083333,29.129941,0.000000,986.375000,3240.000000,81.625287,39.714197,40.812643,19.857099,11260,7490,0.100000,401.000000,0.000000,40.000000,2.070693,0.000000
0,-0.000105,0.200000,0.153846,22.611745,0.000000,424.796875,285.234568,79.784601,47.993352,39.892301,23.996676,7520,2020,0.200000,398.000000,0.000000,35.000000,2.224494,0.000000
0,-0.000000,0.200000,0.166667,0.014045,0.000000,48.750000,33.880000,83.327480,41.429333,41.663740,20.714666,20680,6210,0.200000,529.000000,0.000000,40.000000,1.666552,0.000000
0,-0.000003,0.166667,0.090909,1.149281,0.014698,152.222222,60.880000,74.362903,68.304160,37.181452,34.152080,17590,2350,0.166667,851.000000,0.000000,35.000000,1.510361,1.366085
0,-0.000003,0.200000,0.090909,19.056484,0.645418,631.027778,2408.440000,89.999915,76.875041,44.999958,38.437520,8230,840,0.200000,263.000000,0.000000,40.000000,2.098966,1.537587
0,-0.000003,0.200000,0.090909,19.056484,0.645418,631.027778,2408.440000,89.999915,76.875041,44.999958,38.437520,30600,8230,0.200000,263.000000,0.000000,40.000000,2.098966,1.537587
0,0.000000,0.500000,0.400000,7.050184,0.000000,76.000000,100.000000,86.982301,39.974585,43.491150,19.987293,4580,240,0.500000,413.000000,0.000000,40.000000,2.067274,0.000000
0,0.000000,1.000000,1.000000,66.457680,0.000000,1200.000000,0.000000,48.600406,0.000000,24.300203,0.000000,4610,130,1.000000,3581.000000,0.000000,20.000000,2.815448,0.000000
0,0.000000,1.000000,1.000000,4.155329,0.000000,148.500000,0.000000,88.652485,0.000000,44.326242,0.000000,12420,4560,1.000000,2800.000000,0.000000,40.000000,1.834539,0.000000
0,0.000000,0.500000,0.500000,0.000000,0.000000,189.562500,637.875000,60.141383,39.997784,30.070691,19.998892,24180,10,0.500000,950.000000,0.000000,30.000000,1.202828,0.000000
0,-0.000000,0.090909,0.250000,0.203132,0.000000,585.603889,157.687500,85.627820,40.825101,42.813910,20.412551,20620,6800,0.500000,1161.000000,0.000000,40.000000,1.712592,0.000000
0,0.000000,1.000000,1.000000,1.586120,0.000000,124.093750,0.000000,94.297542,0.000000,47.148771,0.000000,4020,1760,1.000000,3192.000000,0.000000,45.000000,1.898974,0.000000
0,0.000000,1.000000,1.000000,4.155329,0.000000,148.500000,0.000000,88.652485,0.000000,44.326242,0.000000,5680,4560,1.000000,2800.000000,0.000000,40.000000,1.834539,0.000000
0,0.000000,1.000000,1.000000,1.586120,0.000000,124.093750,0.000000,94.297542,0.000000,47.148771,0.000000,8500,1760,1.000000,3192.000000,0.000000,45.000000,1.898974,0.000000
0,0.000000,0.500000,0.500000,0.000000,0.000000,189.562500,637.875000,60.141383,39.997784,30.070691,19.998892,30920,10,0.500000,950.000000,0.000000,30.000000,1.202828,0.000000
0,-0.000000,0.090909,0.250000,0.203132,0.000000,585.603889,157.687500,85.627820,40.825101,42.813910,20.412551,20950,20620,0.500000,1161.000000,0.000000,40.000000,1.712592,0.000000
0,0.000000,0.500000,0.500000,0.000000,0.000000,189.562500,637.875000,60.141383,39.997784,30.070691,19.998892,8910,10,0.500000,950.000000,0.000000,30.000000,1.202828,0.000000
0,-0.000000,0.090909,0.250000,0.203132,0.000000,585.603889,157.687500,85.627820,40.825101,42.813910,20.412551,28810,20620,0.500000,1161.000000,0.000000,40.000000,1.712592,0.000000
0,0.000000,0.500000,0.500000,0.000000,0.000000,189.562500,637.875000,60.141383,39.997784,30.070691,19.998892,23060,10,0.500000,950.000000,0.000000,30.000000,1.202828,0.000000
0,0.000000,1.000000,1.000000,28.721955,0.000000,418.272189,0.000000,97.627355,0.000000,48.813678,0.000000,14750,600,1.000000,1781.000000,0.000000,45.000000,3.365164,0.000000
0,0.000000,1.000000,1.000000,28.721955,0.000000,418.272189,0.000000,97.627355,0.000000,48.813678,0.000000,18130,600,1.000000,1781.000000,0.000000,45.000000,3.365164,0.000000
0,0.000000,1.000000,1.000000,4.155329,0.000000,148.500000,0.000000,88.652485,0.000000,44.326242,0.000000,7940,4560,1.000000,2800.000000,0.000000,40.000000,1.834539,0.000000
0,0.000000,0.500000,0.500000,0.000000,0.000000,189.562500,637.875000,60.141383,39.997784,30.070691,19.998892,26440,10,0.500000,950.000000,0.000000,30.000000,1.202828,0.000000
0,-0.000000,0.090909,0.250000,0.203132,0.000000,585.603889,157.687500,85.627820,40.825101,42.813910,20.412551,22070,20620,0.500000,1161.000000,0.000000,40.000000,1.712592,0.000000
0,0.000000,1.000000,1.000000,28.721955,0.000000,418.272189,0.000000,97.627355,0.000000,48.813678,0.000000,22610,600,1.000000,1781.000000,0.000000,45.000000,3.365164,0.000000
0,0.000000,1.000000,1.000000,28.721955,0.000000,418.272189,0.000000,97.627355,0.000000,48.813678,0.000000,15870,600,1.000000,1781.000000,0.000000,45.000000,3.365164,0.000000
0,-0.000000,0.090909,0.250000,0.203132,0.000000,585.603889,157.687500,85.627820,40.825101,42.813910,20.412551,24330,20620,0.500000,1161.000000,0.000000,40.000000,1.712592,0.000000
0,0.000000,0.111111,0.111111,7.088320,0.000000,278.201389,3427.555556,91.139152,82.036968,45.569576,41.018484,31090,11650,0.111111,199.000000,0.000000,45.000000,1.918214,1.640739
0,-0.000000,0.083333,0.071429,20.908422,0.000000,56495.320000,302.500000,88.408786,50.000000,44.204393,25.000000,16880,12430,0.111111,803.000000,0.000000,40.000000,1.772539,0.000000
0,-0.000000,0.300000,0.250000,8.913034,0.000000,6092.031746,2727.555556,89.624953,50.000000,44.812476,25.000000,31090,18470,0.300000,199.000000,0.000000,40.000000,1.888217,0.000000
0,-0.000001,0.052632,0.051282,20.801763,0.000000,56875.781250,358.826667,79.751520,38.848262,39.875760,19.424131,12430,1430,0.064516,803.000000,0.000000,35.000000,1.598835,0.000000
0,-0.000000,0.333333,0.285714,1.545563,0.000000,4962.937500,1008.000000,80.704949,39.876315,40.352474,19.938158,18730,7250,0.333333,173.000000,0.000000,40.000000,1.614340,0.000000
0,-0.000000,0.300000,0.250000,8.913034,0.000000,6092.031746,2727.555556,89.624953,50.000000,44.812476,25.000000,29740,18470,0.300000,199.000000,0.000000,40.000000,1.888217,0.000000
0,0.000000,0.500000,0.666667,0.238585,0.000000,723.692042,700.000000,80.132011,32.036968,40.066006,16.018484,16690,9870,0.666667,377.000000,0.000000,40.000000,1.602680,0.000000
0,-0.000000,0.083333,0.071429,20.908422,0.000000,56495.320000,302.500000,88.408786,50.000000,44.204393,25.000000,12430,8400,0.111111,803.000000,0.000000,40.000000,1.772539,0.000000
0,0.000000,0.111111,0.111111,7.088320,0.000000,278.201389,3427.555556,91.139152,82.036968,45.569576,41.018484,29740,11650,0.111111,199.000000,0.000000,45.000000,1.918214,1.640739
0,-0.000000,0.083333,0.071429,20.908422,0.000000,56495.320000,302.500000,88.408786,50.000000,44.204393,25.000000,13000,12430,0.111111,803.000000,0.000000,40.000000,1.772539,0.000000
0,-0.000000,0.045455,0.043478,2.177619,0.000000,716.747449,700.011338,64.888960,80.806655,32.444480,40.403327,22770,1210,0.045455,97.000000,0.000000,30.000000,1.363309,1.616133
0,-0.000000,0.045455,0.043478,2.023542,0.000000,112.777893,89.053350,65.078183,81.480023,32.539092,40.740011,10090,1210,0.045455,97.000000,0.000000,30.000000,1.367073,1.629600
0,-0.000000,0.090909,0.083333,2.134159,0.000000,606.625000,916.388889,64.225527,78.488869,32.112763,39.244435,24460,1210,0.090909,97.000000,0.000000,30.000000,1.350033,1.569777
0,0.000000,0.090909,0.166667,10.029757,0.000000,498.760000,72.723200,82.563389,82.757580,41.281695,41.378790,10780,6380,0.166667,248.000000,0.000000,40.000000,1.765037,1.655152
0,-0.000000,1.000000,0.153846,0.165688,0.044105,564.220000,201.080000,62.594809,100.000000,31.297404,50.000000,12880,10,1.000000,1388.000000,0.000000,30.000000,1.251922,2.000005
0,-0.000000,0.166667,0.153846,250.426883,0.044105,1190.000000,201.080000,86.328125,100.000000,43.164062,50.000000,15310,1580,0.166667,212.000000,0.000000,40.000000,30.164020,2.000005
0,-0.000000,1.000000,0.153846,0.165688,0.044105,564.220000,201.080000,62.594809,100.000000,31.297404,50.000000,15300,10,1.000000,1388.000000,0.000000,30.000000,1.251922,2.000005
0,0.000000,0.166667,0.166667,250.504229,0.092091,1422.500000,347.000000,77.217785,91.994819,38.608893,45.997409,5220,1580,0.166667,212.000000,0.000000,35.000000,29.981826,1.839909
0,-0.000000,1.000000,0.153846,0.165688,0.044105,564.220000,201.080000,62.594809,100.000000,31.297404,50.000000,3550,10,1.000000,1388.000000,0.000000,30.000000,1.251922,2.000005
0,-0.000000,0.166667,0.153846,250.426883,0.044105,1190.000000,201.080000,86.328125,100.000000,43.164062,50.000000,24640,1580,0.166667,212.000000,0.000000,40.000000,30.164020,2.000005
0,-0.000000,0.166667,0.153846,250.426883,0.044105,1190.000000,201.080000,86.328125,100.000000,43.164062,50.000000,15560,1580,0.166667,212.000000,0.000000,40.000000,30.164020,2.000005
0,-0.000000,0.200000,0.166667,0.011396,0.092091,136.000000,347.000000,72.534996,91.994819,36.267498,45.997409,6560,10,0.200000,733.000000,0.000000,35.000000,1.450702,1.839909
0,-0.000000,1.000000,0.153846,0.165688,0.044105,564.220000,201.080000,62.594809,100.000000,31.297404,50.000000,18820,10,1.000000,1388.000000,0.000000,30.000000,1.251922,2.000005
0,-0.000000,0.166667,0.153846,0.011827,0.044105,67.640625,201.080000,46.163343,100.000000,23.081672,50.000000,3800,10,1.000000,1388.000000,0.000000,20.000000,0.923269,2.000005
0,-0.000000,0.166667,0.153846,250.426883,0.044105,1190.000000,201.080000,86.328125,100.000000,43.164062,50.000000,30580,1580,0.166667,212.000000,0.000000,40.000000,30.164020,2.000005
0,-0.000000,0.166667,0.153846,250.426883,0.044105,1190.000000,201.080000,86.328125,100.000000,43.164062,50.000000,27060,1580,0.166667,212.000000,0.000000,40.000000,30.164020,2.000005
0,0.000000,0.071429,0.071429,0.642507,0.614228,2402.011429,2381.440000,72.860661,50.000000,36.430330,25.000000,3380,10,0.071429,125.000000,0.000000,35.000000,1.457300,0.000000
0,0.000000,0.500000,0.500000,0.356244,0.005387,47.571429,27.000000,46.376895,39.303961,23.188448,19.651981,10770,10,0.500000,125.000000,0.000000,20.000000,0.929888,0.000000
0,0.000000,0.200000,0.200000,0.014466,0.013829,84.571429,64.000000,62.860622,39.999998,31.430311,19.999999,7820,10,0.200000,125.000000,0.000000,30.000000,1.257214,0.000000
0,0.000000,0.083333,0.083333,0.945334,0.903726,3260.571429,3240.000000,62.698697,40.950935,31.349348,20.475468,15310,10,0.083333,125.000000,0.000000,30.000000,1.254112,0.000000
0,0.000000,0.333333,0.333333,0.009125,0.008723,54.451429,33.880000,64.289920,41.428600,32.144960,20.714300,26010,10,0.333333,125.000000,0.000000,30.000000,1.285800,0.000000
0,0.000000,0.071429,0.071429,0.642507,0.614228,2402.011429,2381.440000,72.860661,50.000000,36.430330,25.000000,33140,10,0.071429,125.000000,0.000000,35.000000,1.457300,0.000000
0,0.000000,0.058824,0.058824,9.967226,0.390551,454.440000,1627.010000,58.629751,78.222132,29.314876,39.111066,7650,330,0.058824,285.000000,0.000000,25.000000,1.375108,1.564490
0,-0.000000,0.040000,0.052632,10.746173,0.203409,326.491124,849.540612,75.180926,78.498867,37.590463,39.249433,8190,3040,0.058824,746.000000,0.000000,35.000000,1.713482,1.570002
0,-0.000000,0.125000,0.083333,10.740544,0.248096,294.491124,956.010000,73.643195,76.734810,36.821598,38.367405,3120,3040,0.125000,746.000000,0.000000,35.000000,1.682727,1.534729
0,0.000000,0.714286,0.714286,7.508467,0.187909,925.111111,700.000000,79.999841,40.224584,39.999920,20.112292,18230,14850,0.714286,11.000000,0.000000,35.000000,1.735045,0.000000
0,0.000000,0.250000,0.250000,0.014760,0.000000,51.500000,24.500000,80.812473,40.303043,40.406237,20.151521,20250,4210,0.250000,39.000000,0.000000,40.000000,1.616252,0.000000
0,0.000000,0.500000,0.500000,0.191021,0.000000,758.010000,731.010000,76.581258,38.726720,38.290629,19.363360,10470,4210,0.500000,39.000000,0.000000,35.000000,1.531649,0.000000
0,0.000000,0.285714,0.285714,0.000000,0.385738,352.500000,1510.000000,70.274805,89.951931,35.137402,44.975966,18900,10,0.285714,356.000000,0.000000,35.000000,1.405496,1.799088
0,0.000000,0.071429,0.071429,3.276921,0.318914,412.644044,1300.163265,88.117048,91.551787,44.058524,45.775894,23500,9240,0.071429,284.000000,0.000000,40.000000,1.808634,1.831075
0,0.000000,0.142857,0.352941,0.000000,0.108332,150.000000,390.163265,60.885641,81.503719,30.442821,40.751859,8520,10,0.352941,356.000000,0.000000,30.000000,1.217713,1.630090
0,0.000000,0.285714,0.285714,0.000000,0.385738,352.500000,1510.000000,70.274805,89.951931,35.137402,44.975966,22780,10,0.285714,356.000000,0.000000,35.000000,1.405496,1.799088
0,0.000000,0.071429,0.071429,3.276921,0.318914,412.644044,1300.163265,88.117048,91.551787,44.058524,45.775894,15020,9240,0.071429,284.000000,0.000000,40.000000,1.808634,1.831075
0,0.000000,0.071429,0.071429,3.276921,0.318914,412.644044,1300.163265,88.117048,91.551787,44.058524,45.775894,19620,9240,0.071429,284.000000,0.000000,40.000000,1.808634,1.831075
0,0.000000,0.285714,0.285714,0.000000,0.385738,352.500000,1510.000000,70.274805,89.951931,35.137402,44.975966,14300,10,0.285714,356.000000,0.000000,35.000000,1.405496,1.799088
0,-0.000000,0.142857,0.125000,1.727947,0.241504,293.570000,844.530612,72.740159,75.225424,36.370079,37.612712,11500,4470,0.142857,473.000000,0.000000,35.000000,1.477825,1.504544
0,-0.000000,0.250000,0.200000,0.019975,0.000000,81.000000,99.555556,54.048747,77.800493,27.024374,38.900246,18200,10,0.250000,974.000000,0.000000,25.000000,1.080979,1.556010
0,0.000000,0.125000,0.125000,11.415126,0.000000,1310.500000,1408.000000,89.844663,89.998411,44.922332,44.999206,16340,8890,0.125000,181.000000,0.000000,40.000000,1.861529,1.799968
0,0.000000,0.125000,0.125000,11.415126,0.000000,1310.500000,1408.000000,89.844663,89.998411,44.922332,44.999206,24820,8890,0.125000,181.000000,0.000000,40.000000,1.861529,1.799968
0,0.000001,0.500000,0.250000,0.818469,0.000000,788.944444,1888.375000,97.222222,87.644457,48.611111,43.822229,6980,10,0.777778,1117.000000,0.000000,45.000000,1.956220,1.752889
0,0.000001,0.500000,0.250000,0.818469,0.000000,788.944444,1888.375000,97.222222,87.644457,48.611111,43.822229,15460,10,0.777778,1117.000000,0.000000,45.000000,1.956220,1.752889
0,0.000000,0.125000,0.125000,11.415126,0.000000,1310.500000,1408.000000,89.844663,89.998411,44.922332,44.999206,20940,8890,0.125000,181.000000,0.000000,40.000000,1.861529,1.799968
0,0.000001,0.500000,0.250000,0.818469,0.000000,788.944444,1888.375000,97.222222,87.644457,48.611111,43.822229,11580,10,0.777778,1117.000000,0.000000,45.000000,1.956220,1.752889
0,-0.000000,0.500000,0.285714,6.824740,0.265591,370.000000,987.840000,91.379760,40.167689,45.689880,20.083845,7820,5990,0.500000,1834.000000,0.000000,45.000000,1.921529,0.000000
0,0.000000,0.800000,1.000000,3.804483,0.000000,125.250000,0.000000,77.262809,0.000000,38.631404,0.000000,5110,1600,1.000000,2456.000000,0.000000,35.000000,1.662076,0.000000
0,-0.000000,0.500000,0.285714,6.824740,0.265591,370.000000,987.840000,91.379760,40.167689,45.689880,20.083845,11330,5990,0.500000,1834.000000,0.000000,45.000000,1.921529,0.000000
0,-0.000544,0.571429,0.600000,2.834216,0.105024,747.372449,452.250000,76.812383,78.646648,38.406192,39.323324,21930,3600,0.666667,343.000000,0.000000,35.000000,1.593720,1.572946
0,0.000000,0.038462,0.038462,0.170316,0.159146,763.981250,758.531250,82.110428,81.110331,41.055214,40.555165,25220,25200,0.038462,14.000000,0.000000,40.000000,1.642228,1.622223
0,0.000000,1.000000,1.000000,0.003329,0.008714,54.375000,36.000000,54.166667,42.499542,27.083333,21.249771,22540,10,1.000000,438.000000,0.000000,25.000000,1.083334,0.000000
0,0.000000,0.666667,0.666667,0.017779,0.003203,89.500000,15.312500,50.033772,41.999999,25.016886,21.000000,16770,10,0.666667,1015.000000,0.000000,25.000000,1.000678,0.000000
0,-0.000000,0.400000,0.333333,0.079494,0.000000,271.500000,900.000000,88.820695,90.000000,44.410347,45.000000,28790,9030,0.400000,285.000000,0.000000,40.000000,1.776426,1.800000
0,-0.000000,0.400000,0.333333,0.079494,0.000000,271.500000,900.000000,88.820695,90.000000,44.410347,45.000000,27000,9030,0.400000,285.000000,0.000000,40.000000,1.776426,1.800000
0,-0.000000,0.400000,0.333333,0.079494,0.000000,271.500000,900.000000,88.820695,90.000000,44.410347,45.000000,32890,9030,0.400000,285.000000,0.000000,40.000000,1.776426,1.800000
0,-0.000000,0.636364,0.518519,0.275662,0.000000,93.257500,1961.750000,55.727516,82.595797,27.863758,41.297899,7820,90,0.937500,1179.000000,0.000000,25.000000,1.115380,1.651916
0,-0.000000,0.400000,0.250000,0.000000,0.000000,111.183673,1147.000000,47.457337,81.199148,23.728669,40.599574,2570,10,0.400000,931.000000,0.000000,20.000000,0.949147,1.623983
0,-0.000000,0.400000,0.333333,0.079494,0.000000,271.500000,900.000000,88.820695,90.000000,44.410347,45.000000,30740,9030,0.400000,285.000000,0.000000,40.000000,1.776426,1.800000
0,-0.000000,0.777778,0.518519,23.449592,0.000000,2998.421875,1961.750000,79.345837,82.595797,39.672919,41.297899,5330,2020,0.900000,655.000000,0.000000,35.000000,2.215855,1.651916
0,0.000000,0.125000,0.125000,0.021014,0.148777,132.500000,749.000000,49.250000,82.062336,24.625000,41.031168,31480,10,0.125000,154.000000,0.000000,20.000000,0.985002,1.641262
0,-0.000000,0.416667,0.384615,3.653112,0.159612,164.500000,833.040000,80.526007,81.821874,40.263003,40.910937,23030,6990,0.416667,999.000000,0.000000,40.000000,1.669401,1.636453
0,0.000000,0.500000,0.500000,0.008550,0.000000,56.035556,35.555556,41.812389,39.670639,20.906194,19.835320,28060,10,0.500000,63.000000,0.000000,20.000000,0.836249,0.000000
0,0.000000,0.400000,0.400000,0.013330,0.000000,84.480000,64.000000,43.435621,40.000000,21.717811,20.000000,9870,10,0.400000,63.000000,0.000000,20.000000,0.868714,0.000000
0,-0.000298,0.230769,0.200000,0.387163,0.000000,1460.480000,1331.000000,44.016769,37.742662,22.008384,18.871331,17360,10,0.230769,63.000000,0.000000,20.000000,0.880387,0.000000
0,0.000000,0.500000,0.500000,7.279296,0.000000,103.167500,82.687500,22.703542,34.455859,11.351771,17.227930,12900,90,0.500000,55.000000,0.000000,10.000000,0.774099,0.000000
0,0.000005,0.240000,0.269231,2.715010,0.025024,230.018733,120.581315,80.861199,78.049522,40.430599,39.024761,14930,10250,0.269231,77.000000,0.000000,40.000000,1.644399,1.560993
0,0.000000,0.043478,0.043478,2.719523,0.029707,229.057851,127.305785,78.511960,77.694203,39.255980,38.847102,28370,14930,0.043478,77.000000,0.000000,35.000000,1.597416,1.553888
0,0.000058,0.250000,0.562500,2.700449,0.011265,160.752066,59.000000,88.867186,87.030061,44.433593,43.515030,14930,4490,0.562500,77.000000,0.000000,40.000000,1.804518,1.740602
0,-0.000010,0.615385,0.562500,9.970785,0.011265,274.872066,59.000000,81.059975,87.030061,40.529987,43.515030,14930,890,0.615385,77.000000,0.000000,40.000000,1.835876,1.740602
0,0.000058,0.250000,0.562500,2.700449,0.011265,160.752066,59.000000,88.867186,87.030061,44.433593,43.515030,14930,14680,0.562500,77.000000,0.000000,40.000000,1.804518,1.740602
0,0.000000,0.428571,0.428571,0.166424,0.134196,679.250000,529.000000,39.972135,39.838079,19.986067,19.919039,22010,10,0.428571,182.000000,0.000000,15.000000,0.799464,0.000000
0,-0.000031,0.125000,0.117647,197.135220,0.000000,894.830000,199.722656,91.001441,99.215861,45.500721,49.607931,28010,15140,0.125000,39.000000,0.000000,45.000000,28.769445,1.984317
0,0.000231,0.062500,0.117647,197.120751,0.000000,816.055785,122.305785,81.463895,90.695163,40.731947,45.347582,28830,15140,0.117647,39.000000,0.000000,40.000000,28.578692,1.813903
0,0.000000,0.166667,0.166667,0.087965,0.000000,592.250000,347.000000,90.779088,91.999918,45.389544,45.999959,7250,10,0.166667,173.000000,0.000000,45.000000,1.815594,1.839998
0,-0.000031,0.125000,0.117647,197.135220,0.000000,894.830000,199.722656,91.001441,99.215861,45.500721,49.607931,18680,4950,0.125000,39.000000,0.000000,45.000000,28.769445,1.984317
0,-0.000031,0.125000,0.117647,197.135220,0.000000,894.830000,199.722656,91.001441,99.215861,45.500721,49.607931,30430,15140,0.125000,39.000000,0.000000,45.000000,28.769445,1.984317
0,0.000000,0.166667,0.166667,197.180443,0.000000,1040.750000,347.000000,83.001223,91.999918,41.500611,45.999959,8590,4950,0.166667,39.000000,0.000000,40.000000,28.609447,1.839998
0,-0.000031,0.125000,0.117647,197.135220,0.000000,894.830000,199.722656,91.001441,99.215861,45.500721,49.607931,18680,15140,0.125000,39.000000,0.000000,45.000000,28.769445,1.984317
0,-0.000031,0.125000,0.117647,197.135220,0.000000,894.830000,199.722656,91.001441,99.215861,45.500721,49.607931,28010,4950,0.125000,39.000000,0.000000,45.000000,28.769445,1.984317
0,-0.000032,0.153846,0.117647,0.039779,0.000000,446.330000,199.722656,98.785595,99.215861,49.392798,49.607931,26670,10,0.153846,173.000000,0.000000,45.000000,1.975716,1.984317
0,0.000231,0.153846,0.117647,1.752458,0.000000,320.841111,122.305785,91.024286,90.695163,45.512143,45.347582,27490,10,0.153846,173.000000,0.000000,45.000000,1.852087,1.813903
0,-0.000031,0.125000,0.117647,197.135220,0.000000,894.830000,199.722656,91.001441,99.215861,45.500721,49.607931,18930,4950,0.125000,39.000000,0.000000,45.000000,28.769445,1.984317
0,-0.000032,0.153846,0.117647,0.039779,0.000000,446.330000,199.722656,98.785595,99.215861,49.392798,49.607931,32610,10,0.153846,173.000000,0.000000,45.000000,1.975716,1.984317
0,-0.000032,0.153846,0.117647,0.039779,0.000000,446.330000,199.722656,98.785595,99.215861,49.392798,49.607931,17590,10,0.153846,173.000000,0.000000,45.000000,1.975716,1.984317
0,-0.000032,0.153846,0.117647,0.039779,0.000000,446.330000,199.722656,98.785595,99.215861,49.392798,49.607931,29090,10,0.153846,173.000000,0.000000,45.000000,1.975716,1.984317
0,0.000000,0.166667,0.166667,197.180443,0.000000,1040.750000,347.000000,83.001223,91.999918,41.500611,45.999959,15140,8590,0.166667,39.000000,0.000000,40.000000,28.609447,1.839998
0,0.000231,0.062500,0.117647,197.120751,0.000000,816.055785,122.305785,81.463895,90.695163,40.731947,45.347582,28830,4950,0.117647,39.000000,0.000000,40.000000,28.578692,1.813903
0,-0.000031,0.125000,0.117647,197.135220,0.000000,894.830000,199.722656,91.001441,99.215861,45.500721,49.607931,33950,15140,0.125000,39.000000,0.000000,45.000000,28.769445,1.984317
0,-0.000031,0.125000,0.117647,197.135220,0.000000,894.830000,199.722656,91.001441,99.215861,45.500721,49.607931,33950,4950,0.125000,39.000000,0.000000,45.000000,28.769445,1.984317
0,-0.000031,0.125000,0.117647,197.135220,0.000000,894.830000,199.722656,91.001441,99.215861,45.500721,49.607931,18930,15140,0.125000,39.000000,0.000000,45.000000,28.769445,1.984317
0,-0.000032,0.153846,0.117647,0.039779,0.000000,446.330000,199.722656,98.785595,99.215861,49.392798,49.607931,17340,10,0.153846,173.000000,0.000000,45.000000,1.975716,1.984317
0,-0.000031,0.125000,0.117647,197.135220,0.000000,894.830000,199.722656,91.001441,99.215861,45.500721,49.607931,30430,4950,0.125000,39.000000,0.000000,45.000000,28.769445,1.984317
0,0.000000,0.033333,0.033333,1.321559,0.026235,112.634179,118.709751,67.870143,80.891744,33.935072,40.445872,13050,4170,0.033333,39.000000,0.000000,30.000000,1.395109,1.617838
0,0.000000,0.076923,0.076923,1.389478,0.141672,423.582025,611.000000,66.712492,76.250707,33.356246,38.125354,27420,4170,0.076923,39.000000,0.000000,30.000000,1.371963,1.525031
0,0.000000,0.500000,0.500000,0.166177,0.457608,732.960000,1936.000000,39.304122,39.630429,19.652061,19.815215,12440,10,0.500000,26.000000,0.000000,15.000000,0.786102,0.000000
0,0.000000,0.166667,0.166667,0.035533,0.029112,169.120000,110.016529,40.726360,40.737754,20.363180,20.368877,35160,10,0.166667,26.000000,0.000000,20.000000,0.814532,0.000000
0,0.000000,0.100000,0.500000,0.934373,0.013360,3279.555556,52.000000,79.313831,89.999811,39.656915,44.999906,36890,1270,0.500000,197.000000,0.000000,35.000000,1.600563,1.799998
0,0.000000,0.200000,0.500000,0.814802,0.013360,3287.888889,52.000000,45.000169,89.999811,22.500084,44.999906,35700,10,0.500000,316.000000,0.000000,20.000000,0.900106,1.799998
0,0.000000,0.117647,0.285714,0.159314,0.375452,594.622149,1428.244898,89.987615,50.000000,44.993807,25.000000,14210,7340,0.285714,236.000000,0.000000,40.000000,1.799774,0.000000
0,0.000000,0.363636,0.285714,13.080968,0.218148,1134.734694,955.255102,85.775323,40.630151,42.887662,20.315076,3850,180,0.363636,1272.000000,0.000000,40.000000,1.860083,0.000000
0,0.000000,0.117647,0.285714,0.159314,0.375452,594.622149,1428.244898,89.987615,50.000000,44.993807,25.000000,18380,14210,0.285714,236.000000,0.000000,40.000000,1.799774,0.000000
0,0.000000,0.071429,0.071429,3.449761,0.006185,56.500000,24.500000,75.914288,41.249446,37.957144,20.624723,21720,15610,0.071429,96.000000,0.000000,35.000000,1.704237,0.000000
0,0.000000,0.111111,0.111111,2.153425,0.010486,74.666667,42.666667,74.922968,37.220513,37.461484,18.610256,16410,8070,0.111111,16.000000,0.000000,35.000000,1.552456,0.000000
0,0.000000,0.833333,0.833333,0.003284,0.000000,40.000000,31.604938,46.551734,32.056011,23.275867,16.028005,2380,10,0.833333,422.000000,0.000000,20.000000,0.931035,0.000000
0,0.000000,0.200000,0.200000,0.031762,0.000000,116.000000,100.000000,40.065625,42.037645,20.032813,21.018822,12560,10,0.200000,659.000000,0.000000,20.000000,0.801318,0.000000
0,-0.000000,0.375000,0.222222,55.673867,0.000000,1771.000000,2178.000000,88.225208,49.183970,44.112604,24.591985,28830,17430,0.375000,783.000000,0.000000,40.000000,2.931520,0.000000
0,-0.000000,0.375000,0.222222,55.673867,0.000000,1771.000000,2178.000000,88.225208,49.183970,44.112604,24.591985,27480,17430,0.375000,783.000000,0.000000,40.000000,2.931520,0.000000
0,0.000000,0.047619,0.500000,2.189327,0.000000,7002.491124,955.255102,76.457452,40.740529,38.228726,20.370264,19930,3310,0.500000,973.000000,0.000000,35.000000,1.529491,0.000000
0,0.000000,0.071429,0.500000,137.739646,0.000000,14051.051020,24.500000,71.651144,41.249611,35.825572,20.624806,25150,18310,0.500000,451.000000,0.000000,35.000000,4.259820,0.000000
0,-0.000019,0.066667,0.058824,7.323841,0.101102,382.937500,534.750000,85.454546,88.483927,42.727273,44.241963,33330,21120,0.066667,257.000000,0.000000,40.000000,1.905499,1.769688
0,0.000000,0.250000,0.388889,0.294198,0.400064,1179.750000,1696.000000,90.609717,86.819411,45.304858,43.409705,17860,6690,0.388889,828.000000,0.000000,45.000000,1.812231,1.736436
0,-0.000000,0.200000,0.166667,0.082641,0.078846,356.000000,425.000000,89.968081,92.499998,44.984041,46.249999,11200,8620,0.200000,377.000000,0.000000,40.000000,1.799371,1.850007
0,-0.000000,0.200000,0.166667,0.082641,0.078846,356.000000,425.000000,89.968081,92.499998,44.984041,46.249999,32130,8620,0.200000,377.000000,0.000000,40.000000,1.799371,1.850007
0,0.000000,0.250000,0.388889,0.294198,0.400064,1179.750000,1696.000000,90.609717,86.819411,45.304858,43.409705,27620,17860,0.388889,828.000000,0.000000,45.000000,1.812231,1.736436
0,0.000000,0.100000,0.100000,6.067115,0.111595,309.750000,575.000000,87.883003,91.427121,43.941502,45.713561,25730,12610,0.100000,236.000000,0.000000,40.000000,1.861687,1.828553
0,0.000000,0.100000,0.100000,6.067115,0.111595,309.750000,575.000000,87.883003,91.427121,43.941502,45.713561,33540,25730,0.100000,236.000000,0.000000,40.000000,1.861687,1.828553
0,-0.000019,0.066667,0.058824,7.323841,0.101102,382.937500,534.750000,85.454546,88.483927,42.727273,44.241963,21120,12400,0.066667,257.000000,0.000000,40.000000,1.905499,1.769688
0,0.000000,0.333333,1.000000,0.347469,0.000000,53.285714,87.500000,37.488307,39.031793,18.744154,19.515896,1700,10,1.000000,1390.000000,0.000000,15.000000,0.753258,0.000000
0,-0.000000,0.166667,0.142857,0.128513,0.000000,399.687500,80.083333,70.902882,40.827039,35.451441,20.413519,17110,580,0.333333,1333.000000,0.000000,35.000000,1.418078,0.000000
0,-0.000000,0.333333,0.285714,0.004270,0.000000,52.000000,320.333333,41.487516,39.996568,20.743758,19.998284,8850,10,0.333333,1390.000000,0.000000,20.000000,0.829751,0.000000
0,0.000117,0.833333,0.875000,6.039108,0.731124,200.000000,3200.000000,79.428435,38.850484,39.714218,19.425242,25730,10030,0.875000,333.000000,0.000000,35.000000,1.692592,0.000000
0,0.000000,0.125000,0.125000,7.283422,0.000000,118.243056,162.118056,51.238291,79.989131,25.619146,39.994565,28140,12900,0.125000,308.000000,0.000000,25.000000,1.344794,1.599783
0,-0.000012,0.200000,0.166667,7.288171,0.000000,146.687500,306.562500,52.563907,76.052187,26.281954,38.026094,12900,9950,0.200000,308.000000,0.000000,25.000000,1.371307,1.521044
0,-0.000000,0.076923,0.058824,7.659596,0.000000,1522.687500,1142.242500,53.038502,79.955442,26.519251,39.977721,17440,12900,0.076923,308.000000,0.000000,25.000000,1.380849,1.599109
0,-0.000001,0.181818,0.111111,5.403610,0.000000,432.000000,553.061224,82.341067,77.905908,41.170533,38.952954,16090,13640,0.285714,1151.000000,0.000000,40.000000,1.696809,1.558118
0,-0.000078,0.470588,0.421053,1.680269,0.000000,1413.551020,2259.000000,72.521004,77.955203,36.260502,38.977601,26110,12590,0.470588,149.000000,0.000000,35.000000,1.458254,1.559104
0,-0.000008,0.043478,0.041667,0.088235,0.015965,77.681829,81.453576,74.760521,90.332472,37.380261,45.166236,15270,3920,0.043478,120.000000,0.000000,35.000000,1.495288,1.806651
0,0.000000,0.090909,0.090909,0.097696,0.022542,106.994329,100.370242,73.511668,91.430919,36.755834,45.715460,4580,3850,0.090909,120.000000,0.000000,35.000000,1.470313,1.828621
0,0.000000,0.047619,0.047619,0.380828,0.374924,1518.554329,1511.930242,89.978581,89.990711,44.989290,44.995356,19060,4790,0.047619,33.000000,0.000000,40.000000,1.799619,1.799861
0,0.000000,0.166667,0.166667,0.086032,0.011384,59.994329,53.370242,72.002408,89.998481,36.001204,44.999240,8440,3850,0.166667,120.000000,0.000000,35.000000,1.440126,1.799971
0,-0.000008,0.043478,0.041667,0.088235,0.015965,77.681829,81.453576,74.760521,90.332472,37.380261,45.166236,15270,3850,0.043478,120.000000,0.000000,35.000000,1.495288,1.806651
0,0.000000,0.166667,0.166667,0.086032,0.011384,59.994329,53.370242,72.002408,89.998481,36.001204,44.999240,8440,3920,0.166667,120.000000,0.000000,35.000000,1.440126,1.799971
0,0.000000,0.047619,0.047619,0.380828,0.374924,1518.554329,1511.930242,89.978581,89.990711,44.989290,44.995356,19060,4720,0.047619,33.000000,0.000000,40.000000,1.799619,1.799861
0,0.000000,0.090909,0.090909,0.097696,0.022542,106.994329,100.370242,73.511668,91.430919,36.755834,45.715460,4580,3920,0.090909,120.000000,0.000000,35.000000,1.470313,1.828621
0,0.000000,0.875000,0.857143,1.919109,0.282443,180.000000,1100.000000,89.050311,50.000000,44.525155,25.000000,16410,13680,0.875000,468.000000,0.000000,40.000000,1.805898,0.000000
0,0.000000,0.875000,0.857143,1.919109,0.282443,180.000000,1100.000000,89.050311,50.000000,44.525155,25.000000,21880,16410,0.875000,468.000000,0.000000,40.000000,1.805898,0.000000
0,0.000000,0.125000,0.125000,0.021745,0.016477,102.752363,82.752363,83.572866,41.578961,41.786433,20.789481,14840,3370,0.125000,131.000000,0.000000,40.000000,1.671460,0.000000
0,0.000000,0.750000,0.750000,0.020934,0.028260,138.530612,161.638889,48.833333,37.817132,24.416667,18.908566,15440,10,0.750000,467.000000,0.000000,20.000000,0.976669,0.000000
0,-0.000000,0.090909,0.230769,134.824635,0.005642,3363.773243,24.500000,71.773161,41.249998,35.886581,20.624999,18310,8610,0.272727,666.000000,0.000000,35.000000,4.261863,0.000000
0,-0.000000,0.375000,0.230769,0.000000,0.028048,59.669421,161.638889,55.759378,38.780635,27.879689,19.390318,5080,10,0.375000,1526.000000,0.000000,25.000000,1.115188,0.000000
0,-0.000001,0.181818,0.166667,1.057433,1.154141,2952.720000,4851.000000,79.999066,38.538383,39.999533,19.269192,21430,12480,0.181818,279.000000,0.000000,35.000000,1.600953,0.000000
0,-0.000000,0.083333,0.076923,3.117470,0.122985,1013.474490,563.409972,74.033235,40.463996,37.016618,20.231998,11590,11510,0.083333,368.000000,0.000000,35.000000,1.486592,0.000000
0,0.000000,0.083333,0.083333,0.244393,0.000000,1121.944444,1118.500000,53.219292,83.467029,26.609646,41.733515,19300,10,0.083333,268.000000,0.000000,25.000000,1.064413,1.669341
0,0.000000,0.100000,0.125000,0.017099,0.000000,71.701531,202.500000,87.847132,86.255601,43.923566,43.127801,13050,6890,0.125000,397.000000,0.000000,40.000000,1.756945,1.725112
0,0.000000,0.100000,0.125000,0.017099,0.000000,71.701531,202.500000,87.847132,86.255601,43.923566,43.127801,25570,6890,0.125000,397.000000,0.000000,40.000000,1.756945,1.725112
0,0.000000,0.076923,0.090909,0.105933,0.020475,443.061728,103.640625,82.248819,81.415066,41.124410,40.707533,24570,1790,0.090909,477.000000,0.000000,40.000000,1.644989,1.628303
0,0.000000,0.250000,0.250000,24.515223,0.000000,139.500000,1791.000000,81.141749,90.000000,40.570875,45.000000,17110,6500,0.250000,196.000000,0.000000,40.000000,4.292659,1.800000
0,-0.000000,0.142857,0.100000,24.522930,0.000000,173.750000,2276.000000,83.141752,89.718805,41.570876,44.859403,9080,3320,0.142857,196.000000,0.000000,40.000000,4.332660,1.794376
0,-0.000000,0.142857,0.100000,0.014482,0.000000,108.756925,2276.000000,85.416223,89.718805,42.708112,44.859403,7410,10,0.142857,363.000000,0.000000,40.000000,1.708326,1.794376
0,-0.000000,0.142857,0.100000,24.522930,0.000000,173.750000,2276.000000,83.141752,89.718805,41.570876,44.859403,17110,9080,0.142857,196.000000,0.000000,40.000000,4.332660,1.794376
0,0.000000,0.250000,0.250000,0.006238,0.000000,74.506925,1791.000000,83.416023,90.000000,41.708012,45.000000,4830,10,0.250000,363.000000,0.000000,40.000000,1.668321,1.800000
0,-0.000000,0.142857,0.100000,24.522930,0.000000,173.750000,2276.000000,83.141752,89.718805,41.570876,44.859403,9080,6920,0.142857,196.000000,0.000000,40.000000,4.332660,1.794376
0,0.000000,0.250000,0.250000,24.515223,0.000000,139.500000,1791.000000,81.141749,90.000000,40.570875,45.000000,6500,3320,0.250000,196.000000,0.000000,40.000000,4.292659,1.800000
0,0.000000,0.250000,0.250000,24.515223,0.000000,139.500000,1791.000000,81.141749,90.000000,40.570875,45.000000,6920,6500,0.250000,196.000000,0.000000,40.000000,4.292659,1.800000
0,-0.000000,0.083333,0.076923,0.366036,0.000000,65.484938,95.581111,68.999427,82.671510,34.499713,41.335755,16490,4140,0.083333,313.000000,0.000000,30.000000,1.382021,1.653430
0,-0.000000,0.052632,0.050000,0.367644,0.000000,75.323947,76.580119,69.964275,83.427008,34.982137,41.713504,9930,4140,0.052632,313.000000,0.000000,30.000000,1.401318,1.668540
0,0.000000,0.166667,0.166667,0.044061,0.012846,226.583333,67.029586,47.720386,66.233930,23.860193,33.116965,33060,10,0.166667,20.000000,0.000000,20.000000,0.954412,1.324680
0,-0.000000,0.214286,0.518519,0.220103,0.103396,678.555556,492.029586,42.840070,84.187208,21.420035,42.093604,15930,10,0.562500,1733.000000,0.000000,20.000000,0.856839,1.683755
0,0.000000,0.058824,0.058824,2.891909,0.035800,372.222222,212.668475,70.356869,81.707266,35.178434,40.853633,32590,20630,0.058824,67.000000,0.000000,35.000000,1.426618,1.634148
0,0.000000,0.050000,0.050000,3.028249,0.168271,945.583333,786.029586,72.272952,83.147453,36.136476,41.573727,32590,17490,0.050000,67.000000,0.000000,35.000000,1.464956,1.662967
0,0.000000,0.181818,0.181818,2.878243,0.022523,273.583333,114.029586,72.370908,83.243190,36.185454,41.621595,32590,6570,0.181818,67.000000,0.000000,35.000000,1.466898,1.664866
0,-0.000000,0.333333,0.166667,0.081768,0.014138,367.506925,68.903592,85.416121,50.000000,42.708061,25.000000,8890,10,0.333333,433.000000,0.000000,40.000000,1.708333,0.000000
0,-0.000000,0.333333,0.166667,24.585831,0.014138,432.500000,68.903592,83.141751,50.000000,41.570875,25.000000,10560,3320,0.333333,266.000000,0.000000,40.000000,4.332668,0.000000
0,-0.000000,0.333333,0.166667,24.585831,0.014138,432.500000,68.903592,83.141751,50.000000,41.570875,25.000000,10560,6920,0.333333,266.000000,0.000000,40.000000,4.332668,0.000000
0,0.000000,0.166667,0.166667,2.330058,0.003775,335.312500,15.312500,74.000000,40.248674,37.000000,20.124337,12620,8560,0.166667,60.000000,0.000000,35.000000,1.646720,0.000000
0,-0.000000,0.200000,0.166667,0.037885,0.021632,241.735537,110.965278,80.034998,50.000000,40.017499,25.000000,10350,10,0.200000,1321.000000,0.000000,40.000000,1.600705,0.000000
0,-0.000000,0.200000,0.166667,0.037885,0.021632,241.735537,110.965278,80.034998,50.000000,40.017499,25.000000,21850,10,0.200000,1321.000000,0.000000,40.000000,1.600705,0.000000
0,-0.000000,0.333333,0.166667,24.585831,0.014138,432.500000,68.903592,83.141751,50.000000,41.570875,25.000000,17110,10560,0.333333,266.000000,0.000000,40.000000,4.332668,0.000000
0,-0.000000,0.200000,0.166667,0.037885,0.021632,241.735537,110.965278,80.034998,50.000000,40.017499,25.000000,19430,10,0.200000,1321.000000,0.000000,40.000000,1.600705,0.000000
0,-0.000000,0.200000,0.166667,0.037885,0.021632,241.735537,110.965278,80.034998,50.000000,40.017499,25.000000,25370,10,0.200000,1321.000000,0.000000,40.000000,1.600705,0.000000
0,-0.000000,0.200000,0.166667,0.037885,0.021632,241.735537,110.965278,80.034998,50.000000,40.017499,25.000000,10100,10,0.200000,1321.000000,0.000000,40.000000,1.600705,0.000000
0,0.000000,1.000000,1.000000,1.367198,0.018439,156.000000,89.693333,70.323508,42.400518,35.161754,21.200259,2130,10,1.000000,1321.000000,0.000000,35.000000,1.423160,0.000000
0,0.000000,0.428571,0.444444,3.647157,0.000000,190.222222,173.400000,49.992355,41.048160,24.996178,20.524080,14040,10,0.538462,1886.000000,0.000000,20.000000,1.038022,0.000000
0,-0.000000,0.500000,0.222222,0.054129,0.000000,207.625000,637.000000,39.930227,40.037741,19.965113,20.018871,13080,10,0.500000,1982.000000,0.000000,15.000000,0.798613,0.000000
0,-0.000000,0.050000,0.055556,8.056934,0.119164,3135.207500,534.654959,59.855084,100.000000,29.927542,50.000000,12900,5510,0.076923,528.000000,0.000000,25.000000,1.517229,2.000013
0,0.000000,1.000000,1.000000,17.187522,0.023617,396.938776,108.404959,70.077468,92.242967,35.038734,46.121483,1170,760,1.000000,113.000000,0.000000,35.000000,1.798375,1.844862
0,0.000000,0.055556,0.055556,17.287667,0.119164,823.188776,534.654959,84.233702,100.000000,42.116851,50.000000,9660,1170,0.055556,113.000000,0.000000,40.000000,2.081512,2.000013
0,-0.000000,0.050000,0.055556,8.056934,0.119164,3135.207500,534.654959,59.855084,100.000000,29.927542,50.000000,35270,12900,0.076923,528.000000,0.000000,25.000000,1.517229,2.000013
0,0.000000,0.055556,0.055556,17.287667,0.119164,823.188776,534.654959,84.233702,100.000000,42.116851,50.000000,39420,1170,0.055556,113.000000,0.000000,40.000000,2.081512,2.000013
0,0.000000,0.333333,1.000000,0.023299,0.023617,151.562500,108.404959,39.995408,92.242967,19.997704,46.121483,16300,10,1.000000,188.000000,0.000000,15.000000,0.799910,1.844862
0,-0.000000,0.136364,0.125000,0.105568,0.000000,480.704545,71.583333,60.906550,76.350702,30.453275,38.175351,9910,10,0.136364,111.000000,0.000000,30.000000,1.218143,1.527014
0,-0.000000,0.090909,0.076923,0.656824,0.000000,2405.440000,64.111111,54.120211,77.948855,27.060106,38.974427,2910,10,0.105263,811.000000,0.000000,25.000000,1.082495,1.558977
0,-0.000000,0.250000,0.194444,18.417236,0.000000,1620.794490,755.330332,82.107197,76.848956,41.053598,38.424478,35410,11510,0.250000,537.000000,0.000000,40.000000,1.789834,1.536979
0,-0.000000,0.250000,0.194444,18.417236,0.000000,1620.794490,755.330332,82.107197,76.848956,41.053598,38.424478,11510,5650,0.250000,537.000000,0.000000,40.000000,1.789834,1.536979
0,-0.000000,0.136364,0.125000,0.105568,0.000000,480.704545,71.583333,60.906550,76.350702,30.453275,38.175351,39670,10,0.136364,111.000000,0.000000,30.000000,1.218143,1.527014
0,-0.000000,0.090909,0.076923,0.656824,0.000000,2405.440000,64.111111,54.120211,77.948855,27.060106,38.974427,32670,10,0.105263,811.000000,0.000000,25.000000,1.082495,1.558977
0,0.000000,0.055556,0.055556,4.046746,0.000000,897.494898,477.494898,96.243174,85.806625,48.121587,42.903313,18290,10900,0.055556,12.000000,0.000000,45.000000,1.942316,1.716133
0,-0.000237,0.074074,0.055556,0.102066,0.000000,511.640533,477.494898,100.000000,85.806625,50.000000,42.903313,10700,10,0.074074,32.000000,0.000000,50.000000,2.000012,1.716133
0,0.000000,0.333333,0.333333,0.083675,0.000000,378.355469,56.250000,50.000000,78.876883,25.000000,39.438442,38670,10,0.333333,211.000000,0.000000,25.000000,1.000010,1.577538
0,-0.000002,0.375000,0.333333,0.138377,0.000000,605.222222,111.916667,58.000000,75.627993,29.000000,37.813997,7970,10,0.375000,305.000000,0.000000,25.000000,1.160017,1.512560
0,-0.000237,0.074074,0.055556,0.102066,0.000000,511.640533,477.494898,100.000000,85.806625,50.000000,42.903313,40460,10,0.074074,32.000000,0.000000,50.000000,2.000012,1.716133
0,-0.000002,0.375000,0.333333,0.138377,0.000000,605.222222,111.916667,58.000000,75.627993,29.000000,37.813997,37730,10,0.375000,305.000000,0.000000,25.000000,1.160017,1.512560
0,-0.000000,0.200000,0.178571,6.126135,0.000000,1050.040000,687.046875,89.985462,77.979463,44.992731,38.989732,38120,14300,0.200000,266.000000,0.000000,40.000000,1.844117,1.559589
0,0.000000,0.055556,0.055556,4.046746,0.000000,897.494898,477.494898,96.243174,85.806625,48.121587,42.903313,40660,18290,0.055556,12.000000,0.000000,45.000000,1.942316,1.716133
0,0.000000,0.055556,0.055556,4.046746,0.000000,897.494898,477.494898,96.243174,85.806625,48.121587,42.903313,10900,2410,0.055556,12.000000,0.000000,45.000000,1.942316,1.716133
0,0.000000,0.055556,0.055556,4.046746,0.000000,897.494898,477.494898,96.243174,85.806625,48.121587,42.903313,40660,2410,0.055556,12.000000,0.000000,45.000000,1.942316,1.716133
0,-0.000000,0.200000,0.166667,0.966480,0.000000,3397.790000,94.449446,47.715258,77.350488,23.857629,38.675244,26880,10,0.352941,1390.000000,0.000000,20.000000,0.954444,1.547010
0,0.000000,0.333333,0.333333,0.083675,0.000000,378.355469,56.250000,50.000000,78.876883,25.000000,39.438442,8910,10,0.333333,211.000000,0.000000,25.000000,1.000010,1.577538
0,-0.000000,0.200000,0.166667,408.998847,0.000000,3255.706667,94.449446,77.850244,77.350488,38.925122,38.675244,3060,170,0.352941,1085.000000,0.000000,35.000000,27.477605,1.547010
0,-0.000000,0.200000,0.178571,6.126135,0.000000,1050.040000,687.046875,89.985462,77.979463,44.992731,38.989732,14300,8360,0.200000,266.000000,0.000000,40.000000,1.844117,1.559589
0,0.000000,0.333333,0.428571,0.000000,0.000000,482.562500,638.440000,49.748730,81.320847,24.874365,40.660423,22730,10,0.428571,1729.000000,0.000000,20.000000,0.994975,1.626417
0,0.000000,0.200000,0.200000,4.019626,0.000000,260.372449,556.190000,76.485555,82.709529,38.242778,41.354764,36680,930,0.200000,334.000000,0.000000,35.000000,1.579539,1.654191
0,-0.000000,0.333333,0.333333,0.040142,0.000000,224.100000,279.000000,39.091994,90.261389,19.545997,45.130695,12940,10,0.666667,300.000000,0.000000,15.000000,0.781844,1.805228
0,0.000000,0.050000,0.150000,0.390023,0.000000,1603.890533,1642.500000,89.914125,89.988670,44.957063,44.994335,22630,10,0.150000,80.000000,0.000000,40.000000,1.798332,1.799773
0,0.000000,0.833333,0.833333,0.221310,0.000000,918.500000,401.111111,62.500292,50.000000,31.250146,25.000000,21860,10,0.833333,495.000000,0.000000,30.000000,1.250033,0.000000
0,0.000000,0.125000,0.500000,4.869202,0.000000,106.430556,144.375000,71.275069,89.909906,35.637535,44.954953,32210,16970,0.500000,192.000000,0.000000,35.000000,1.592265,1.798198
0,-0.000000,0.166667,0.333333,4.900417,0.000000,250.875000,279.000000,70.953987,90.261389,35.476994,45.130695,16970,14020,0.666667,192.000000,0.000000,35.000000,1.585847,1.805228
0,-0.000000,0.176471,0.150000,0.262863,0.000000,1059.780000,1642.500000,43.994131,89.988670,21.997065,44.994335,20430,10,0.176471,300.000000,0.000000,20.000000,0.879917,1.799773
0,0.000000,0.833333,0.833333,0.221310,0.000000,918.500000,401.111111,62.500292,50.000000,31.250146,25.000000,9740,10,0.833333,495.000000,0.000000,30.000000,1.250033,0.000000
0,0.000000,0.500000,0.500000,0.007559,0.000000,79.655556,144.375000,44.036440,89.909906,22.018220,44.954953,31130,10,0.500000,300.000000,0.000000,20.000000,0.880730,1.798198
0,0.000000,0.166667,0.333333,0.036660,0.000000,240.390533,279.000000,91.981155,90.261389,45.990578,45.130695,15140,10,0.333333,80.000000,0.000000,45.000000,1.839627,1.805228
0,0.000000,0.100000,0.500000,0.010037,0.000000,105.765533,144.375000,89.317150,89.909906,44.658575,44.954953,33330,10,0.500000,80.000000,0.000000,40.000000,1.786344,1.798198
0,-0.000000,0.052632,0.150000,5.451110,0.000000,2293.515000,1642.500000,69.811759,89.988670,34.905879,44.994335,21510,16970,0.157895,192.000000,0.000000,30.000000,1.563076,1.799773
0,-0.000000,0.500000,0.166667,1.654607,0.000000,106.750000,144.400000,82.266069,37.452881,41.133035,18.726440,7040,4700,0.500000,1188.000000,0.000000,40.000000,1.675876,0.000000
0,-0.000000,0.100000,0.083333,0.038540,0.000000,144.000000,81.000000,91.398280,50.000000,45.699140,25.000000,19730,7040,0.100000,1188.000000,0.000000,45.000000,1.827971,0.000000
0,-0.000000,0.181818,0.166667,0.154419,0.000000,611.437500,833.333333,81.589601,39.997707,40.794800,19.998853,22480,8450,0.181818,1047.000000,0.000000,40.000000,1.631812,0.000000
0,-0.000000,0.666667,0.416667,0.000000,0.000000,196.000000,1100.000000,59.519628,40.662655,29.759814,20.331328,6820,10,0.666667,1891.000000,0.000000,25.000000,1.190393,0.000000
0,-0.000000,0.100000,0.083333,0.038540,0.000000,144.000000,81.000000,91.398280,50.000000,45.699140,25.000000,7210,7040,0.100000,1188.000000,0.000000,45.000000,1.827971,0.000000
0,-0.000044,0.357143,0.161290,1.152923,0.703003,485.321429,2842.671280,88.136357,90.473991,44.068179,45.236995,23930,9180,0.357143,1677.000000,0.000000,40.000000,1.788458,1.809567
0,-0.000000,0.153846,0.076923,4.715583,0.903298,8768.571429,3740.640000,74.189615,80.418006,37.094808,40.209003,23930,5830,0.153846,1677.000000,0.000000,35.000000,1.510283,1.608469
0,0.000100,0.928571,0.733333,2.024004,0.124581,39.929453,563.250000,80.747944,88.535296,40.373972,44.267648,23930,1600,0.928571,1677.000000,0.000000,40.000000,1.666267,1.770720
0,0.000100,0.692308,0.733333,11.194370,0.124581,493.120000,563.250000,80.765278,88.535296,40.382639,44.267648,34280,1060,0.733333,642.000000,0.000000,40.000000,1.788215,1.770720
0,-0.000044,0.357143,0.161290,1.152923,0.703003,485.321429,2842.671280,88.136357,90.473991,44.068179,45.236995,23930,10650,0.357143,1677.000000,0.000000,40.000000,1.788458,1.809567
0,-0.000044,0.357143,0.161290,1.152923,0.703003,485.321429,2842.671280,88.136357,90.473991,44.068179,45.236995,23930,4240,0.357143,1677.000000,0.000000,40.000000,1.788458,1.809567
0,-0.000000,0.076923,0.071429,0.088608,0.000000,442.565193,666.555556,92.288065,89.010478,46.144033,44.505239,26720,19050,0.076923,92.000000,0.000000,45.000000,1.845770,1.780210
0,-0.000000,0.076923,0.071429,0.088608,0.000000,442.565193,666.555556,92.288065,89.010478,46.144033,44.505239,19050,14600,0.076923,92.000000,0.000000,45.000000,1.845770,1.780210
0,0.000000,0.346154,0.343750,0.032500,0.082671,200.506925,468.903592,93.416224,100.000000,46.708112,50.000000,34250,10,0.354839,635.000000,0.000000,45.000000,1.868328,2.000007
0,0.000000,0.310345,0.343750,24.538590,0.082671,248.972222,468.903592,91.141752,100.000000,45.570876,50.000000,29980,17110,0.354839,468.000000,0.000000,45.000000,4.492662,2.000007
0,0.000000,0.346154,0.343750,0.032500,0.082671,200.506925,468.903592,93.416224,100.000000,46.708112,50.000000,19230,10,0.354839,635.000000,0.000000,45.000000,1.868328,2.000007
0,0.000000,0.833333,0.818182,0.034949,0.123605,157.735537,627.555556,62.502881,91.248436,31.251440,45.624218,23330,10,0.875000,1375.000000,0.000000,30.000000,1.250062,1.824981
0,-0.000002,0.500000,0.680851,2.529729,0.117164,520.650000,649.148148,96.153846,93.133665,48.076923,46.566832,19730,10,0.814815,1735.000000,0.000000,45.000000,1.945679,1.862684
0,0.000000,0.833333,0.818182,0.034949,0.123605,157.735537,627.555556,62.502881,91.248436,31.251440,45.624218,11830,10,0.875000,1375.000000,0.000000,30.000000,1.250062,1.824981
0,0.000000,0.250000,0.555556,0.029659,0.073031,128.479290,415.312500,59.723145,91.989473,29.861572,45.994737,26020,120,0.555556,1106.000000,0.000000,25.000000,1.194466,1.839796
0,0.000000,0.310345,0.343750,24.538590,0.082671,248.972222,468.903592,91.141752,100.000000,45.570876,50.000000,20650,6920,0.354839,468.000000,0.000000,45.000000,4.492662,2.000007
0,0.000000,0.250000,0.555556,0.029659,0.073031,128.479290,415.312500,59.723145,91.989473,29.861572,45.994737,14270,120,0.555556,1106.000000,0.000000,25.000000,1.194466,1.839796
0,-0.000002,0.500000,0.680851,2.529729,0.117164,520.650000,649.148148,96.153846,93.133665,48.076923,46.566832,17310,10,0.814815,1735.000000,0.000000,45.000000,1.945679,1.862684
0,-0.000000,0.025000,0.022727,0.202379,0.195627,838.309240,986.149584,90.178344,89.990645,45.089172,44.995323,32940,23880,0.025000,414.000000,0.000000,45.000000,1.803591,1.799833
0,0.000000,0.310345,0.343750,24.538590,0.082671,248.972222,468.903592,91.141752,100.000000,45.570876,50.000000,32400,17110,0.354839,468.000000,0.000000,45.000000,4.492662,2.000007
0,-0.000000,0.025000,0.022727,0.202379,0.195627,838.309240,986.149584,90.178344,89.990645,45.089172,44.995323,36460,23880,0.025000,414.000000,0.000000,45.000000,1.803591,1.799833
0,0.000002,0.363636,0.769231,10.036074,2.238354,528.500000,9148.000000,89.710395,93.270524,44.855197,46.635262,29620,10780,0.777778,1098.000000,0.000000,40.000000,1.907977,1.865685
0,-0.000000,0.025000,0.022727,0.202379,0.195627,838.309240,986.149584,90.178344,89.990645,45.089172,44.995323,23880,21190,0.025000,414.000000,0.000000,45.000000,1.803591,1.799833
0,0.000000,0.310345,0.343750,24.538590,0.082671,248.972222,468.903592,91.141752,100.000000,45.570876,50.000000,20650,17110,0.354839,468.000000,0.000000,45.000000,4.492662,2.000007
0,-0.000000,0.025000,0.022727,0.202379,0.195627,838.309240,986.149584,90.178344,89.990645,45.089172,44.995323,30520,23880,0.025000,414.000000,0.000000,45.000000,1.803591,1.799833
0,0.000000,0.833333,0.818182,0.034949,0.123605,157.735537,627.555556,62.502881,91.248436,31.251440,45.624218,11580,10,0.875000,1375.000000,0.000000,30.000000,1.250062,1.824981
0,-0.000002,0.500000,0.680851,2.529729,0.117164,520.650000,649.148148,96.153846,93.133665,48.076923,46.566832,23250,10,0.814815,1735.000000,0.000000,45.000000,1.945679,1.862684
0,0.000002,0.363636,0.769231,10.036074,2.238354,528.500000,9148.000000,89.710395,93.270524,44.855197,46.635262,23680,10780,0.777778,1098.000000,0.000000,40.000000,1.907977,1.865685
0,0.000000,0.250000,0.555556,0.029659,0.073031,128.479290,415.312500,59.723145,91.989473,29.861572,45.994737,14520,120,0.555556,1106.000000,0.000000,25.000000,1.194466,1.839796
0,-0.000002,0.500000,0.680851,2.529729,0.117164,520.650000,649.148148,96.153846,93.133665,48.076923,46.566832,7980,10,0.814815,1735.000000,0.000000,45.000000,1.945679,1.862684
0,0.000000,0.310345,0.343750,24.538590,0.082671,248.972222,468.903592,91.141752,100.000000,45.570876,50.000000,29980,6920,0.354839,468.000000,0.000000,45.000000,4.492662,2.000007
0,0.000000,0.346154,0.343750,0.032500,0.082671,200.506925,468.903592,93.416224,100.000000,46.708112,50.000000,30730,10,0.354839,635.000000,0.000000,45.000000,1.868328,2.000007
0,0.000000,0.346154,0.343750,0.032500,0.082671,200.506925,468.903592,93.416224,100.000000,46.708112,50.000000,28310,10,0.354839,635.000000,0.000000,45.000000,1.868328,2.000007
0,0.000000,0.310345,0.343750,24.538590,0.082671,248.972222,468.903592,91.141752,100.000000,45.570876,50.000000,29980,3320,0.354839,468.000000,0.000000,45.000000,4.492662,2.000007
0,-0.000002,0.500000,0.680851,2.529729,0.117164,520.650000,649.148148,96.153846,93.133665,48.076923,46.566832,8230,10,0.814815,1735.000000,0.000000,45.000000,1.945679,1.862684
0,0.000000,0.346154,0.343750,0.032500,0.082671,200.506925,468.903592,93.416224,100.000000,46.708112,50.000000,18980,10,0.354839,635.000000,0.000000,45.000000,1.868328,2.000007
0,0.000000,0.310345,0.343750,24.538590,0.082671,248.972222,468.903592,91.141752,100.000000,45.570876,50.000000,20900,6920,0.354839,468.000000,0.000000,45.000000,4.492662,2.000007
0,0.000000,0.310345,0.343750,24.538590,0.082671,248.972222,468.903592,91.141752,100.000000,45.570876,50.000000,35920,3320,0.354839,468.000000,0.000000,45.000000,4.492662,2.000007
0,0.000000,0.250000,0.555556,0.029659,0.073031,128.479290,415.312500,59.723145,91.989473,29.861572,45.994737,29540,120,0.555556,1106.000000,0.000000,25.000000,1.194466,1.839796
0,0.000000,0.833333,0.818182,0.034949,0.123605,157.735537,627.555556,62.502881,91.248436,31.251440,45.624218,26850,10,0.875000,1375.000000,0.000000,30.000000,1.250062,1.824981
0,0.000000,0.833333,0.818182,0.034949,0.123605,157.735537,627.555556,62.502881,91.248436,31.251440,45.624218,20910,10,0.875000,1375.000000,0.000000,30.000000,1.250062,1.824981
0,0.000000,0.250000,0.555556,0.029659,0.073031,128.479290,415.312500,59.723145,91.989473,29.861572,45.994737,23600,120,0.555556,1106.000000,0.000000,25.000000,1.194466,1.839796
0,0.000000,0.310345,0.343750,24.538590,0.082671,248.972222,468.903592,91.141752,100.000000,45.570876,50.000000,20900,3320,0.354839,468.000000,0.000000,45.000000,4.492662,2.000007
0,0.000000,0.310345,0.343750,24.538590,0.082671,248.972222,468.903592,91.141752,100.000000,45.570876,50.000000,32400,3320,0.354839,468.000000,0.000000,45.000000,4.492662,2.000007
0,0.000002,0.363636,0.769231,10.036074,2.238354,528.500000,9148.000000,89.710395,93.270524,44.855197,46.635262,14600,10780,0.777778,1098.000000,0.000000,40.000000,1.907977,1.865685
0,0.000000,0.310345,0.343750,24.538590,0.082671,248.972222,468.903592,91.141752,100.000000,45.570876,50.000000,35920,17110,0.354839,468.000000,0.000000,45.000000,4.492662,2.000007
0,0.000000,0.310345,0.343750,24.538590,0.082671,248.972222,468.903592,91.141752,100.000000,45.570876,50.000000,35920,6920,0.354839,468.000000,0.000000,45.000000,4.492662,2.000007
0,0.000000,0.310345,0.343750,24.538590,0.082671,248.972222,468.903592,91.141752,100.000000,45.570876,50.000000,20900,17110,0.354839,468.000000,0.000000,45.000000,4.492662,2.000007
0,0.000002,0.363636,0.769231,10.036074,2.238354,528.500000,9148.000000,89.710395,93.270524,44.855197,46.635262,14350,10780,0.777778,1098.000000,0.000000,40.000000,1.907977,1.865685
0,0.000002,0.363636,0.769231,10.036074,2.238354,528.500000,9148.000000,89.710395,93.270524,44.855197,46.635262,26100,10780,0.777778,1098.000000,0.000000,40.000000,1.907977,1.865685
0,0.000000,0.310345,0.343750,24.538590,0.082671,248.972222,468.903592,91.141752,100.000000,45.570876,50.000000,20650,3320,0.354839,468.000000,0.000000,45.000000,4.492662,2.000007
0,-0.000001,0.100000,0.076923,1.100844,2.216479,91.625000,8997.148148,81.039124,86.404189,40.519562,43.202095,17620,13220,0.100000,414.000000,0.000000,40.000000,1.630517,1.728357
0,-0.000000,0.025000,0.022727,0.202379,0.195627,838.309240,986.149584,90.178344,89.990645,45.089172,44.995323,23880,21440,0.025000,414.000000,0.000000,45.000000,1.803591,1.799833
0,0.000000,0.310345,0.343750,24.538590,0.082671,248.972222,468.903592,91.141752,100.000000,45.570876,50.000000,32400,6920,0.354839,468.000000,0.000000,45.000000,4.492662,2.000007
0,-0.000000,0.615385,0.571429,0.013858,0.039235,92.174545,180.625000,50.895906,40.638171,25.447953,20.319086,19360,10,0.615385,265.000000,0.000000,25.000000,1.017920,0.000000
0,0.000000,0.333333,0.333333,0.008281,0.017724,73.173554,85.806094,51.906525,39.683792,25.953263,19.841896,12800,10,0.333333,265.000000,0.000000,25.000000,1.038131,0.000000
0,0.000000,0.071429,0.071429,0.155697,0.140649,793.343434,763.888889,50.652156,40.908781,25.326078,20.454390,36960,10,0.071429,265.000000,0.000000,25.000000,1.013059,0.000000
0,-0.000000,0.045455,0.041667,0.149047,0.134642,685.251420,655.796875,51.748117,41.060866,25.874059,20.530433,15850,10,0.045455,265.000000,0.000000,25.000000,1.034979,0.000000
0,0.000000,0.400000,0.400000,0.016347,0.014767,93.454545,64.000000,50.131255,39.999054,25.065628,19.999527,6660,10,0.400000,265.000000,0.000000,25.000000,1.002627,0.000000
0,-0.000000,0.300000,0.153846,0.004747,0.006700,55.054545,40.000000,52.898863,38.641364,26.449432,19.320682,7010,10,0.300000,265.000000,0.000000,25.000000,1.057978,0.000000
0,-0.000000,0.200000,0.142857,0.021372,0.017842,129.454545,80.000000,53.406550,41.371619,26.703275,20.685809,21930,10,0.200000,265.000000,0.000000,25.000000,1.068133,0.000000
0,-0.000000,0.111111,0.100000,0.009447,0.004800,72.121212,24.000000,52.573197,41.666667,26.286598,20.833333,7190,10,0.111111,265.000000,0.000000,25.000000,1.051465,0.000000
0,-0.000000,0.250000,0.166667,0.889867,0.000000,25.888889,24.000000,70.585425,40.000000,35.292713,20.000000,4730,2090,0.400000,875.000000,0.000000,35.000000,1.440064,0.000000
0,-0.000000,0.250000,0.166667,0.135053,0.000000,492.964286,586.149584,71.709549,39.993761,35.854775,19.996881,19430,4730,0.250000,875.000000,0.000000,35.000000,1.434210,0.000000
0,0.000000,0.142857,0.142857,0.951527,0.000000,98.752363,562.062500,86.041043,40.888775,43.020521,20.444388,13080,2420,0.142857,686.000000,0.000000,40.000000,1.726259,0.000000
0,0.000000,0.714286,0.714286,0.351298,0.000000,1550.250000,2570.367347,72.500000,50.000000,36.250000,25.000000,33100,10,0.714286,927.000000,0.000000,35.000000,1.450040,0.000000
0,0.000000,0.714286,0.714286,0.351298,0.000000,1550.250000,2570.367347,72.500000,50.000000,36.250000,25.000000,31750,10,0.714286,927.000000,0.000000,35.000000,1.450040,0.000000
0,0.000000,0.857143,0.857143,0.434421,0.000000,1608.888889,500.979592,62.218983,39.126190,31.109492,19.563095,11490,10,0.857143,927.000000,0.000000,30.000000,1.244439,0.000000
0,0.000000,0.111111,0.111111,2.152759,0.000000,67.166667,71.706667,74.331826,81.610975,37.165913,40.805488,22520,8070,0.111111,615.000000,0.000000,35.000000,1.540633,1.632220
0,0.000000,0.076923,0.076923,0.005338,0.000000,48.027778,52.567778,41.254359,79.852451,20.627180,39.926225,26270,10,0.076923,240.000000,0.000000,20.000000,0.825088,1.597049
0,-0.000000,0.153846,0.076923,0.010974,0.009700,84.215868,55.502959,45.695413,80.178666,22.847707,40.089333,9480,10,0.153846,1126.000000,0.000000,20.000000,0.913909,1.603574
0,0.000000,0.100000,0.045455,58.078975,0.142791,2579.400000,668.567959,71.446945,79.509473,35.723473,39.754736,9820,1950,0.100000,1879.000000,0.000000,35.000000,2.522688,1.590205
0,0.000000,0.111111,0.111111,0.805475,0.000000,130.272203,140.221354,74.918433,79.828547,37.459216,39.914274,8480,1420,0.111111,38.000000,0.000000,35.000000,1.504908,1.596571
0,0.000000,1.000000,1.000000,0.005936,0.014830,53.131944,90.000000,53.123194,40.149772,26.561597,20.074886,14400,10,1.000000,654.000000,0.000000,25.000000,1.062464,0.000000
0,0.000000,0.066667,0.066667,2.062020,0.235072,2580.000000,1132.444444,66.063473,41.534661,33.031736,20.767331,23600,4310,0.066667,224.000000,0.000000,30.000000,1.355940,0.000000
0,0.000000,0.166667,0.166667,0.013752,0.013479,79.000000,67.320000,51.428668,81.422135,25.714334,40.711067,7040,10,0.166667,345.000000,0.000000,25.000000,1.028575,1.628444
0,0.000000,0.400000,0.400000,2.137968,0.103058,7300.000000,515.312500,79.946600,73.630116,39.973300,36.815058,23190,4660,0.400000,746.000000,0.000000,35.000000,1.599245,1.472613
0,0.000000,0.133333,0.133333,0.721952,0.168536,3046.163265,768.000000,89.956079,39.969957,44.978040,19.984979,27470,21190,0.133333,15.000000,0.000000,40.000000,1.799207,0.000000
0,-0.000000,0.285714,0.296296,3.575720,0.024832,3455.961481,106.122449,89.124273,43.076917,44.562137,21.538459,16670,3840,0.320000,601.000000,0.000000,40.000000,1.802597,0.000000
0,0.000000,0.875000,0.800000,5.375687,0.193876,3328.000000,1000.000000,99.035019,50.000000,49.517509,25.000000,37110,18090,0.875000,459.000000,0.000000,45.000000,1.988827,0.000000
0,0.000000,0.875000,0.800000,5.375687,0.193876,3328.000000,1000.000000,99.035019,50.000000,49.517509,25.000000,23030,15330,0.875000,459.000000,0.000000,45.000000,1.988827,0.000000
0,-0.000000,0.545455,0.222222,11.966362,0.013179,323.937500,64.946746,98.571301,50.000000,49.285650,25.000000,9060,10,0.666667,2003.000000,0.000000,45.000000,2.257814,0.000000
0,0.000000,0.875000,0.800000,5.375687,0.193876,3328.000000,1000.000000,99.035019,50.000000,49.517509,25.000000,24500,15330,0.875000,459.000000,0.000000,45.000000,1.988827,0.000000
0,0.000000,0.133333,0.133333,0.721952,0.168536,3046.163265,768.000000,89.956079,39.969957,44.978040,19.984979,28940,21190,0.133333,15.000000,0.000000,40.000000,1.799207,0.000000
0,0.000000,0.875000,0.800000,5.375687,0.193876,3328.000000,1000.000000,99.035019,50.000000,49.517509,25.000000,18090,15330,0.875000,459.000000,0.000000,45.000000,1.988827,0.000000
0,0.000000,0.875000,0.800000,5.375687,0.193876,3328.000000,1000.000000,99.035019,50.000000,49.517509,25.000000,37110,24500,0.875000,459.000000,0.000000,45.000000,1.988827,0.000000
0,0.000000,0.133333,0.133333,0.721952,0.168536,3046.163265,768.000000,89.956079,39.969957,44.978040,19.984979,22530,21190,0.133333,15.000000,0.000000,40.000000,1.799207,0.000000
0,-0.000000,0.545455,0.222222,11.966362,0.013179,323.937500,64.946746,98.571301,50.000000,49.285650,25.000000,7590,10,0.666667,2003.000000,0.000000,45.000000,2.257814,0.000000
0,-0.000009,0.111111,0.033333,12.443899,1.813932,1402.000000,7396.000000,88.972792,38.233270,44.486396,19.116635,4240,2650,0.111111,2003.000000,0.000000,40.000000,2.065942,0.000000
0,-0.000000,0.285714,0.296296,3.575720,0.024832,3455.961481,106.122449,89.124273,43.076917,44.562137,21.538459,23080,3840,0.320000,601.000000,0.000000,40.000000,1.802597,0.000000
0,-0.000000,0.461538,0.222222,11.923968,0.013179,3082.222222,64.946746,89.956156,50.000000,44.978078,25.000000,21000,1060,0.461538,809.000000,0.000000,40.000000,1.972136,0.000000
0,0.000000,1.000000,1.000000,377.384196,0.000000,3000.000000,0.000000,91.352818,0.000000,45.676409,0.000000,7170,2230,1.000000,2045.000000,0.000000,45.000000,26.535802,0.000000
0,-0.000009,0.111111,0.033333,12.443899,1.813932,1402.000000,7396.000000,88.972792,38.233270,44.486396,19.116635,9060,4240,0.111111,2003.000000,0.000000,40.000000,2.065942,0.000000
0,0.000000,0.071429,0.071429,0.864049,0.087684,3556.458333,455.625000,91.992089,42.999288,45.996044,21.499644,33610,28140,0.071429,95.000000,0.000000,45.000000,1.839947,0.000000
0,-0.000000,0.461538,0.222222,11.923968,0.013179,3082.222222,64.946746,89.956156,50.000000,44.978078,25.000000,19530,1060,0.461538,809.000000,0.000000,40.000000,1.972136,0.000000
0,0.000000,0.875000,0.800000,5.375687,0.193876,3328.000000,1000.000000,99.035019,50.000000,49.517509,25.000000,37110,23030,0.875000,459.000000,0.000000,45.000000,1.988827,0.000000
0,0.000000,0.071429,0.071429,0.864049,0.087684,3556.458333,455.625000,91.992089,42.999288,45.996044,21.499644,33610,26670,0.071429,95.000000,0.000000,45.000000,1.839947,0.000000
0,0.000000,1.000000,1.000000,377.384196,0.000000,3000.000000,0.000000,91.352818,0.000000,45.676409,0.000000,8640,7170,1.000000,2045.000000,0.000000,45.000000,26.535802,0.000000
0,-0.000000,0.461538,0.222222,11.923968,0.013179,3082.222222,64.946746,89.956156,50.000000,44.978078,25.000000,14590,1060,0.461538,809.000000,0.000000,40.000000,1.972136,0.000000
0,-0.000000,0.545455,0.222222,11.966362,0.013179,323.937500,64.946746,98.571301,50.000000,49.285650,25.000000,2650,10,0.666667,2003.000000,0.000000,45.000000,2.257814,0.000000
0,-0.000000,1.000000,0.434783,13.404068,0.026209,468.163265,130.680000,87.500000,42.096089,43.750000,21.048045,12800,10,1.000000,1482.000000,0.000000,40.000000,2.027127,0.000000
0,-0.000000,0.285714,0.296296,3.575720,0.024832,3455.961481,106.122449,89.124273,43.076917,44.562137,21.538459,21610,3840,0.320000,601.000000,0.000000,40.000000,1.802597,0.000000
0,-0.000000,1.000000,0.434783,13.404068,0.026209,468.163265,130.680000,87.500000,42.096089,43.750000,21.048045,14270,10,1.000000,1482.000000,0.000000,40.000000,2.027127,0.000000
0,-0.000000,1.000000,0.434783,13.404068,0.026209,468.163265,130.680000,87.500000,42.096089,43.750000,21.048045,7860,10,1.000000,1482.000000,0.000000,40.000000,2.027127,0.000000
0,-0.000009,0.111111,0.033333,12.443899,1.813932,1402.000000,7396.000000,88.972792,38.233270,44.486396,19.116635,7590,4240,0.111111,2003.000000,0.000000,40.000000,2.065942,0.000000
0,0.000000,0.071429,0.071429,0.864049,0.087684,3556.458333,455.625000,91.992089,42.999288,45.996044,21.499644,33610,21730,0.071429,95.000000,0.000000,45.000000,1.839947,0.000000
0,0.000000,1.000000,1.000000,179.104478,0.000000,1800.000000,0.000000,80.154793,0.000000,40.077396,0.000000,8180,1770,1.000000,2091.000000,0.000000,40.000000,11.488807,0.000000
0,0.000000,0.125000,0.125000,2.187285,0.000000,837.222222,1310.000000,55.294760,83.535171,27.647380,41.767585,33360,70,0.125000,136.000000,0.000000,25.000000,1.181161,1.670703
0,0.000000,0.111111,0.111111,1.574254,0.000000,239.946746,64.946746,90.230874,50.000000,45.115437,25.000000,8200,4650,0.111111,111.000000,0.000000,45.000000,1.822594,0.000000
0,0.000000,0.500000,0.625000,9.663634,0.000000,202.000000,500.000000,40.976632,40.739410,20.488316,20.369705,4340,10,0.625000,142.000000,0.000000,20.000000,1.086349,0.000000
0,0.000000,0.428571,0.333333,0.000000,0.000000,3231.250000,810.000000,49.094525,42.795760,24.547262,21.397880,28970,10,0.428571,575.000000,0.000000,20.000000,0.981890,0.000000
0,0.000000,0.111111,0.111111,1.574254,0.000000,239.946746,64.946746,90.230874,50.000000,45.115437,25.000000,19090,4650,0.111111,111.000000,0.000000,45.000000,1.822594,0.000000
0,0.000000,0.166667,0.166667,0.001930,0.000000,41.000000,11.111111,52.500000,42.499575,26.250000,21.249788,20060,10,0.166667,441.000000,0.000000,25.000000,1.050000,0.000000
0,0.000000,0.166667,0.166667,0.000000,0.000000,77.250000,448.000000,58.500000,41.232334,29.250000,20.616167,19160,10,0.166667,531.000000,0.000000,25.000000,1.170000,0.000000
0,0.000000,0.833333,0.833333,0.000000,0.000000,93.777778,52.083333,49.999982,42.330190,24.999991,21.165095,5910,10,0.833333,2446.000000,0.000000,20.000000,1.000000,0.000000
0,-0.000000,0.125000,0.111111,0.057138,0.075094,196.812500,371.555556,80.516670,81.249987,40.258335,40.624993,10070,9780,0.125000,817.000000,0.000000,40.000000,1.610342,1.625007
0,-0.000573,0.222222,0.222222,2.673847,0.000000,1779.312500,42.312500,82.000000,91.999843,41.000000,45.999921,19170,8560,0.555556,428.000000,0.000000,40.000000,1.806761,1.839997
0,0.000047,0.068966,0.142857,24.521936,0.000000,172.500000,97.775510,81.793578,91.663510,40.896789,45.831755,30800,17110,0.142857,634.000000,0.000000,40.000000,4.305696,1.833270
0,0.000047,0.086957,0.142857,0.022646,0.000000,142.812710,97.775510,84.076028,91.663510,42.038014,45.831755,29130,10,0.142857,801.000000,0.000000,40.000000,1.681523,1.833270
0,-0.000695,0.090909,0.095238,4.332533,0.000000,296.459147,75.000000,90.000901,92.245592,45.000450,46.122796,11650,5890,0.500000,377.000000,0.000000,45.000000,1.936229,1.844912
0,0.000000,0.125000,0.125000,1.793398,0.000000,1156.182222,54.222222,89.021555,91.330821,44.510778,45.665410,13220,13110,0.125000,15.000000,0.000000,40.000000,1.825571,1.826616
0,0.000000,0.125000,0.125000,1.793398,0.000000,1156.182222,54.222222,89.021555,91.330821,44.510778,45.665410,13220,9510,0.125000,15.000000,0.000000,40.000000,1.825571,1.826616
0,0.000000,0.125000,0.125000,1.793398,0.000000,1156.182222,54.222222,89.021555,91.330821,44.510778,45.665410,23300,13220,0.125000,15.000000,0.000000,40.000000,1.825571,1.826616
0,-0.000695,0.090909,0.095238,4.332533,0.000000,296.459147,75.000000,90.000901,92.245592,45.000450,46.122796,19680,11650,0.500000,377.000000,0.000000,45.000000,1.936229,1.844912
0,-0.000695,0.090909,0.095238,4.332533,0.000000,296.459147,75.000000,90.000901,92.245592,45.000450,46.122796,11650,4250,0.500000,377.000000,0.000000,45.000000,1.936229,1.844912
0,-0.000573,0.222222,0.222222,2.673847,0.000000,1779.312500,42.312500,82.000000,91.999843,41.000000,45.999921,8560,3740,0.555556,428.000000,0.000000,40.000000,1.806761,1.839997
0,-0.000695,0.090909,0.095238,4.332533,0.000000,296.459147,75.000000,90.000901,92.245592,45.000450,46.122796,11650,9490,0.500000,377.000000,0.000000,45.000000,1.936229,1.844912
0,-0.000573,0.222222,0.222222,2.673847,0.000000,1779.312500,42.312500,82.000000,91.999843,41.000000,45.999921,8560,5380,0.555556,428.000000,0.000000,40.000000,1.806761,1.839997
0,0.000047,0.068966,0.142857,24.521936,0.000000,172.500000,97.775510,81.793578,91.663510,40.896789,45.831755,30800,3320,0.142857,634.000000,0.000000,40.000000,4.305696,1.833270
0,0.000000,0.125000,0.125000,1.793398,0.000000,1156.182222,54.222222,89.021555,91.330821,44.510778,45.665410,13220,7870,0.125000,15.000000,0.000000,40.000000,1.825571,1.826616
0,0.000047,0.068966,0.142857,24.521936,0.000000,172.500000,97.775510,81.793578,91.663510,40.896789,45.831755,30800,6920,0.142857,634.000000,0.000000,40.000000,4.305696,1.833270
0,-0.000573,0.222222,0.222222,2.673847,0.000000,1779.312500,42.312500,82.000000,91.999843,41.000000,45.999921,8980,8560,0.555556,428.000000,0.000000,40.000000,1.806761,1.839997
0,-0.000001,0.150000,0.047619,24.180476,0.347699,1821.277778,1577.777778,81.440490,88.631425,40.720245,44.315712,25230,2610,0.150000,88.000000,0.000000,40.000000,2.650595,1.772667
0,-0.000001,0.150000,0.047619,0.381104,0.347699,1646.747934,1577.777778,89.985770,88.631425,44.992885,44.315712,23340,10,0.150000,277.000000,0.000000,40.000000,1.799762,1.772667
0,-0.000000,0.153846,0.133333,0.791959,0.457865,2998.250000,2068.000000,79.645261,78.622284,39.822631,39.311142,22070,17770,0.153846,404.000000,0.000000,35.000000,1.593010,1.572496
0,-0.000001,0.150000,0.047619,24.180476,0.347699,1821.277778,1577.777778,81.440490,88.631425,40.720245,44.315712,25230,4810,0.150000,88.000000,0.000000,40.000000,2.650595,1.772667
0,-0.000000,0.090909,0.071429,0.596017,0.322284,2307.140000,1444.400000,79.494703,78.628318,39.747351,39.314159,21930,15050,0.090909,418.000000,0.000000,35.000000,1.589971,1.572602
0,-0.000000,0.058824,0.055556,0.000000,0.303310,1583.500000,1357.469388,43.996374,78.498426,21.998187,39.249213,23880,10,0.058824,223.000000,0.000000,20.000000,0.879927,1.570002
0,-0.000000,0.400000,0.300000,29.137168,0.308070,1001.880000,1380.666667,75.954856,78.631323,37.977428,39.315661,21960,11260,0.400000,1485.000000,0.000000,35.000000,1.957286,1.572661
0,-0.000001,0.150000,0.142857,0.348799,0.347699,1609.772727,1577.777778,89.999957,88.631425,44.999978,44.315712,25630,10,0.150000,48.000000,0.000000,40.000000,1.800039,1.772667
0,-0.000001,0.150000,0.047619,24.180476,0.347699,1821.277778,1577.777778,81.440490,88.631425,40.720245,44.315712,25230,20690,0.150000,88.000000,0.000000,40.000000,2.650595,1.772667
0,-0.000000,0.400000,0.142857,1.518944,0.114346,734.680000,579.120000,65.901552,67.992474,32.950776,33.996237,29600,1350,0.400000,438.000000,0.000000,30.000000,1.332709,1.359861
0,0.000000,0.055556,0.055556,0.125678,0.010594,568.331852,47.480000,42.651548,60.016046,21.325774,30.008023,25670,10,0.055556,413.000000,0.000000,20.000000,0.853045,1.200322
0,0.000000,0.125000,0.125000,0.137244,0.019949,710.565000,100.500000,45.426928,56.771073,22.713464,28.385536,28680,10,0.125000,112.000000,0.000000,20.000000,0.908553,1.135423
0,-0.000000,0.125000,0.055556,0.535972,0.043847,1743.000000,235.333333,80.554329,59.600384,40.277165,29.800192,16680,10770,0.125000,1903.000000,0.000000,40.000000,1.611171,1.192012
0,0.000000,0.500000,0.500000,0.165161,0.080772,813.500000,427.000000,40.273728,49.868020,20.136864,24.934010,29320,10,0.500000,48.000000,0.000000,20.000000,0.805492,0.997368
0,-0.000000,0.076923,0.083333,0.136764,0.013466,508.964286,67.320000,46.795807,61.359993,23.397903,30.679997,18570,10,0.090909,1123.000000,0.000000,20.000000,0.935936,1.227201
0,-0.000000,0.400000,0.384615,0.181122,0.010211,636.537190,53.855469,44.783333,51.730900,22.391667,25.865450,17350,10,0.454545,1245.000000,0.000000,20.000000,0.895693,1.034619
0,0.000006,0.120000,0.288889,0.133014,0.025832,519.853175,126.243856,46.886418,68.767053,23.443209,34.383527,19300,10,0.288889,1050.000000,0.000000,20.000000,0.937747,1.375344
0,0.000000,0.500000,0.500000,0.135081,0.053083,547.431111,427.000000,40.198325,58.767053,20.099163,29.383526,22160,10,0.500000,764.000000,0.000000,20.000000,0.803984,1.175344
0,-0.000000,0.052632,0.064516,1.263628,2.148025,4884.906667,8829.560000,78.518851,58.203830,39.259426,29.101915,23160,18210,0.095238,664.000000,0.000000,35.000000,1.570540,1.164338
0,0.000006,0.187500,0.288889,0.133572,0.025832,501.444286,126.243856,42.801669,68.767053,21.400835,34.383527,19230,10,0.288889,1057.000000,0.000000,20.000000,0.856052,1.375344
0,-0.000000,0.200000,0.133333,0.180324,0.854143,723.750000,3611.000000,81.621707,58.359184,40.810854,29.179592,23880,17620,0.200000,592.000000,0.000000,40.000000,1.632457,1.167285
0,-0.000000,0.380952,0.250000,1.542087,0.024733,768.057851,144.000000,81.532926,53.662210,40.766463,26.831105,14590,10370,0.409091,1943.000000,0.000000,40.000000,1.655193,1.073246
0,-0.000000,1.000000,0.555556,16.010204,0.000000,4640.500000,144.000000,69.012299,41.107841,34.506149,20.553921,10950,10,1.000000,2123.000000,0.000000,30.000000,1.408749,0.000000
0,0.000000,0.555556,0.555556,0.243564,0.000000,96.666667,54.000000,81.666646,41.666667,40.833323,20.833333,17780,11690,0.555556,346.000000,0.000000,40.000000,1.633847,0.000000
0,-0.000178,0.142857,0.111111,16.237482,0.056960,1396.680000,285.120000,78.393802,39.901346,39.196901,19.950673,29580,27300,0.142857,450.000000,0.000000,35.000000,1.746154,0.000000
0,0.000000,1.000000,1.000000,133.533654,0.000000,1800.000000,0.000000,69.033036,0.000000,34.516518,0.000000,4330,450,1.000000,3135.000000,0.000000,30.000000,6.861211,0.000000
0,-0.000178,0.142857,0.111111,16.237482,0.056960,1396.680000,285.120000,78.393802,39.901346,39.196901,19.950673,31180,29580,0.142857,450.000000,0.000000,35.000000,1.746154,0.000000
0,0.000000,0.666667,1.000000,2.365870,0.000000,87.562500,0.000000,90.000000,0.000000,45.000000,0.000000,8490,10,1.000000,2719.000000,0.000000,45.000000,1.838736,0.000000
0,-0.000178,0.142857,0.111111,16.237482,0.056960,1396.680000,285.120000,78.393802,39.901346,39.196901,19.950673,29580,22700,0.142857,450.000000,0.000000,35.000000,1.746154,0.000000
0,0.000000,0.666667,1.000000,2.365870,0.000000,87.562500,0.000000,90.000000,0.000000,45.000000,0.000000,4610,10,1.000000,2719.000000,0.000000,45.000000,1.838736,0.000000
0,0.000000,0.300000,0.300000,1.989932,0.000000,973.428571,542.000000,90.997906,90.000000,45.498953,45.000000,18290,10990,0.300000,211.000000,0.000000,45.000000,1.822527,1.800000
0,0.000000,0.111111,0.111111,0.175961,0.000000,874.779614,408.493827,81.099790,81.135089,40.549895,40.567544,34330,18770,0.111111,163.000000,0.000000,40.000000,1.622014,1.622702
0,-0.000000,0.037037,0.027027,0.288283,0.000000,1293.255102,585.120000,81.487837,80.094829,40.743919,40.047415,26660,12810,0.037037,759.000000,0.000000,40.000000,1.629789,1.601897
0,0.000000,0.076923,0.076923,0.127950,0.000000,629.047778,323.527778,40.950932,79.997992,20.475466,39.998996,16490,10,0.076923,391.000000,0.000000,20.000000,0.819032,1.599960
0,0.000000,0.300000,0.300000,1.989932,0.000000,973.428571,542.000000,90.997906,90.000000,45.498953,45.000000,18290,5050,0.300000,211.000000,0.000000,45.000000,1.822527,1.800000
0,0.000000,0.300000,0.300000,1.989932,0.000000,973.428571,542.000000,90.997906,90.000000,45.498953,45.000000,18290,17020,0.300000,211.000000,0.000000,45.000000,1.822527,1.800000
0,0.000000,0.500000,0.375000,1.182856,0.000000,971.255102,320.000000,69.855763,79.278014,34.927882,39.639007,12660,6010,0.500000,774.000000,0.000000,30.000000,1.426079,1.585560
0,0.000000,0.166667,0.166667,0.099154,0.000000,532.096000,316.000000,40.863108,51.218077,20.431554,25.609038,20270,10,0.166667,13.000000,0.000000,20.000000,0.817272,1.024362
0,-0.000000,0.066667,0.363636,12.723285,0.000000,5474.491124,329.040000,70.797519,79.998782,35.398759,39.999391,12820,3040,0.500000,1736.000000,0.000000,35.000000,1.626193,1.599976
0,0.000000,0.200000,0.555556,0.195743,0.000000,795.010000,342.666667,78.394393,81.327059,39.197196,40.663530,10770,6100,0.555556,963.000000,0.000000,35.000000,1.567912,1.626541
0,-0.000000,0.230769,0.100000,0.546867,0.000000,781.941327,320.000000,82.370080,81.999996,41.185040,40.999998,18220,4130,0.230769,218.000000,0.000000,40.000000,1.652500,1.640000
0,0.000000,0.021277,0.022727,1.276034,0.000000,687.416975,399.243856,72.868652,90.000000,36.434326,45.000000,19130,9490,0.022727,127.000000,0.000000,35.000000,1.465946,1.800000
0,-0.000000,0.052632,0.055556,3.074810,0.000000,907.005102,525.333333,75.707453,79.592372,37.853726,39.796186,16660,11510,0.071429,889.000000,0.000000,35.000000,1.520069,1.591847
0,0.000003,0.875000,0.714286,3.703910,0.000000,619.814815,1029.000000,48.732483,78.451061,24.366242,39.225530,13830,10,0.900000,657.000000,0.000000,20.000000,0.986225,1.569021
0,0.000000,0.200000,0.200000,0.132029,0.000000,673.754253,364.000000,80.930118,82.500000,40.465059,41.250000,19270,10160,0.200000,113.000000,0.000000,40.000000,1.618615,1.650000
0,0.000000,0.021277,0.022727,1.276034,0.000000,687.416975,399.243856,72.868652,90.000000,36.434326,45.000000,19130,9560,0.022727,127.000000,0.000000,35.000000,1.465946,1.800000
0,-0.000000,0.040000,0.038462,1.950881,0.000000,813.511412,370.775510,82.406126,81.665430,41.203063,40.832715,35400,18290,0.040000,211.000000,0.000000,40.000000,1.650687,1.633309
0,-0.000000,0.166667,0.176471,0.218423,0.000000,713.363281,1132.000000,77.650314,80.769203,38.825157,40.384601,7730,7250,0.250000,1267.000000,0.000000,35.000000,1.553040,1.615384
0,0.000000,1.000000,1.000000,0.107292,0.103421,541.625000,525.625000,48.875898,41.643600,24.437949,20.821800,31350,10,1.000000,104.000000,0.000000,20.000000,0.977529,0.000000
0,0.000000,0.285714,0.285714,0.039492,0.038067,179.653061,163.653061,50.959596,41.756485,25.479798,20.878242,32600,10,0.285714,104.000000,0.000000,25.000000,1.019197,0.000000
0,0.000000,0.125000,0.125000,1.578938,0.057538,84.346189,252.222222,81.149625,83.018416,40.574813,41.509208,15270,13220,0.125000,102.000000,0.000000,40.000000,1.668111,1.660375
0,0.000000,0.200000,0.200000,2.849796,0.025257,217.000000,133.057851,73.588777,79.967421,36.794389,39.983711,33930,11720,0.200000,92.000000,0.000000,35.000000,1.506482,1.599351
0,-0.000000,1.000000,0.166667,0.006171,0.016310,85.390533,80.687500,92.177190,92.499996,46.088595,46.249998,1800,10,1.000000,443.000000,0.000000,45.000000,1.843545,1.850002
0,-0.000000,0.500000,0.166667,1.871363,0.025584,206.632653,180.687500,88.999928,92.000000,44.499964,46.000000,41170,1820,0.500000,262.000000,0.000000,40.000000,1.801084,1.840002
0,-0.000000,0.500000,0.166667,1.871363,0.025584,206.632653,180.687500,88.999928,92.000000,44.499964,46.000000,41170,19900,0.500000,262.000000,0.000000,40.000000,1.801084,1.840002
0,-0.000000,0.500000,0.166667,1.871363,0.025584,206.632653,180.687500,88.999928,92.000000,44.499964,46.000000,41170,4020,0.500000,262.000000,0.000000,40.000000,1.801084,1.840002
0,-0.000000,1.000000,0.166667,3.951544,0.016310,471.244898,80.687500,88.548620,92.499996,44.274310,46.249998,2410,2000,1.000000,423.000000,0.000000,40.000000,1.788415,1.850002
0,-0.000000,0.500000,0.166667,5.305529,0.025584,402.777778,180.687500,89.490183,92.000000,44.745092,46.000000,42750,400,0.500000,104.000000,0.000000,40.000000,1.840471,1.840002
0,-0.000000,0.166667,0.166667,0.805475,0.025584,174.605536,180.687500,80.182285,92.000000,40.091143,46.000000,41480,1420,0.500000,231.000000,0.000000,40.000000,1.610185,1.840002
0,-0.000000,0.166667,0.166667,0.805475,0.016310,74.605536,80.687500,79.321280,92.499996,39.660640,46.249998,3920,1420,1.000000,231.000000,0.000000,35.000000,1.592965,1.850002
0,-0.000000,1.000000,0.166667,3.951544,0.016310,471.244898,80.687500,88.548620,92.499996,44.274310,46.249998,18290,2000,1.000000,423.000000,0.000000,40.000000,1.788415,1.850002
0,-0.000000,1.000000,0.166667,5.305529,0.016310,302.777778,80.687500,89.990124,92.499996,44.995062,46.249998,5190,400,1.000000,104.000000,0.000000,40.000000,1.850470,1.850002
0,0.000000,0.125000,0.615385,1.776181,0.000000,1247.946746,625.234375,90.603942,100.000000,45.301971,50.000000,27940,8200,0.615385,240.000000,0.000000,45.000000,1.830075,2.000000
0,0.000000,0.125000,0.615385,1.776181,0.000000,1247.946746,625.234375,90.603942,100.000000,45.301971,50.000000,27940,19090,0.615385,240.000000,0.000000,45.000000,1.830075,2.000000
0,0.000000,0.571429,0.615385,1.618773,0.000000,520.571746,625.234375,91.277789,100.000000,45.638895,50.000000,33610,8200,0.615385,240.000000,0.000000,45.000000,1.843535,2.000000
0,0.000000,0.571429,0.615385,1.618773,0.000000,520.571746,625.234375,91.277789,100.000000,45.638895,50.000000,33610,19090,0.615385,240.000000,0.000000,45.000000,1.843535,2.000000
0,-0.000000,0.500000,0.444444,0.006554,0.017605,47.702222,80.666667,42.631480,39.999690,21.315740,19.999845,42070,10,0.500000,502.000000,0.000000,20.000000,0.852630,0.000000
0,0.000000,0.055556,0.055556,2.035890,0.004117,47.335469,26.855469,71.248735,40.905665,35.624368,20.452832,12370,4050,0.055556,98.000000,0.000000,35.000000,1.502144,0.000000
0,0.000000,0.222222,0.777778,0.013680,0.022347,80.368889,111.375000,52.294880,48.239752,26.147440,24.119876,6380,10,0.777778,502.000000,0.000000,25.000000,1.045899,0.000000
0,0.000000,0.222222,0.777778,0.013680,0.022347,80.368889,111.375000,52.294880,48.239752,26.147440,24.119876,6450,10,0.777778,502.000000,0.000000,25.000000,1.045899,0.000000
0,-0.000000,0.066667,0.055556,0.177366,0.020683,853.813333,117.187500,42.569075,40.833333,21.284538,20.416667,31580,10,0.066667,502.000000,0.000000,20.000000,0.851400,0.000000
0,0.000000,0.142857,0.142857,0.875867,0.000000,119.604938,128.298611,83.269129,83.333317,41.634564,41.666658,35910,4990,0.142857,72.000000,0.000000,40.000000,1.668897,1.666666
0,-0.000000,0.222222,0.200000,0.982961,0.000000,556.493827,1085.187500,82.151451,80.630688,41.075726,40.315344,35910,5890,0.222222,72.000000,0.000000,40.000000,1.646556,1.612614
0,0.000000,0.200000,0.200000,0.879569,0.000000,172.493827,181.187500,78.552201,82.571253,39.276100,41.285626,35910,430,0.200000,72.000000,0.000000,35.000000,1.574558,1.651425
0,0.000000,0.166667,0.166667,0.056883,0.000000,301.120000,332.120000,39.954643,39.870281,19.977321,19.935140,34120,10,0.166667,81.000000,0.000000,15.000000,0.799099,0.000000
0,-0.000000,0.166667,0.117647,0.025481,0.000000,165.495868,180.777778,44.313752,81.673419,22.156876,40.836710,18700,10,0.461538,1447.000000,0.000000,20.000000,0.886277,1.633468
0,-0.000000,0.500000,0.250000,1.853741,0.000000,41.816327,20.000000,81.665875,42.000000,40.832937,21.000000,11570,4130,0.500000,403.000000,0.000000,40.000000,1.678181,0.000000
0,0.000000,0.125000,0.125000,2.728424,0.000000,432.571429,375.000000,72.714278,40.459922,36.357139,20.229961,28870,12800,0.125000,280.000000,0.000000,35.000000,1.628399,0.000000
0,0.000000,0.125000,0.125000,2.650926,0.000000,90.775510,70.775510,73.652961,41.666655,36.826480,20.833328,36560,12800,0.125000,280.000000,0.000000,35.000000,1.647164,0.000000
0,0.000000,0.125000,0.125000,5.372615,0.000000,55.640000,35.640000,57.124131,36.928307,28.562065,18.464154,31340,14910,0.125000,69.000000,0.000000,25.000000,1.547435,0.000000
0,0.000000,0.200000,0.375000,0.976920,0.000000,80.000000,42.666667,70.083476,40.012267,35.041738,20.006134,7990,6010,0.500000,959.000000,0.000000,35.000000,1.430609,0.000000
0,0.000000,0.111111,0.222222,2.278306,0.000000,68.761341,535.640000,66.024312,78.254226,33.012156,39.127113,30510,16060,0.222222,168.000000,0.000000,30.000000,1.419272,1.565085
0,-0.000000,0.333333,0.111111,0.396558,0.000000,57.482993,520.166667,83.332535,81.257030,41.666268,40.628515,13550,4130,0.333333,419.000000,0.000000,40.000000,1.671733,1.625141
0,0.000000,0.333333,0.434783,0.023438,0.000000,81.728395,1992.500000,90.590479,98.356071,45.295240,49.178036,15450,1750,0.500000,2118.000000,0.000000,45.000000,1.811813,1.967121
0,0.000000,0.100000,0.260870,1.928002,0.000000,72.790000,1514.979290,80.454708,91.056778,40.227354,45.528389,16110,1010,0.260870,1887.000000,0.000000,40.000000,1.651231,1.821136
0,-0.000000,0.074074,0.103448,0.298951,0.000000,1326.476875,1020.902344,77.126167,88.784464,38.563084,44.392232,29540,15770,0.111111,716.000000,0.000000,35.000000,1.542557,1.775689
0,0.000000,0.100000,0.260870,1.928002,0.000000,72.790000,1514.979290,80.454708,91.056778,40.227354,45.528389,17760,1010,0.260870,1887.000000,0.000000,40.000000,1.651231,1.821136
0,-0.000000,0.030303,0.026316,0.207484,0.000000,708.167603,543.381634,76.029157,81.485171,38.014579,40.742586,30130,13310,0.030303,657.000000,0.000000,35.000000,1.520651,1.629703
0,0.000000,0.333333,0.434783,0.023438,0.000000,81.728395,1992.500000,90.590479,98.356071,45.295240,49.178036,13800,1750,0.500000,2118.000000,0.000000,45.000000,1.811813,1.967121
0,0.000000,0.800000,0.413793,0.014565,0.000000,82.280000,980.479290,47.701458,89.412849,23.850729,44.706425,3060,10,0.800000,1987.000000,0.000000,20.000000,0.954031,1.788257
0,0.000000,0.100000,0.100000,0.050580,0.000000,262.380247,1992.500000,90.000018,98.356071,45.000009,49.178036,33510,10,0.100000,147.000000,0.000000,45.000000,1.800005,1.967121
0,0.000000,0.100000,0.100000,0.015500,0.000000,93.140265,980.479290,81.183486,89.412849,40.591743,44.706425,18410,10,0.100000,147.000000,0.000000,40.000000,1.623671,1.788257
0,-0.000000,0.583333,0.055556,0.000000,0.000000,75.445000,3530.666667,65.333446,87.621627,32.666723,43.810814,21120,10,0.583333,2292.000000,0.000000,30.000000,1.306669,1.752433
0,0.000000,0.100000,0.100000,0.050580,0.000000,262.380247,1992.500000,90.000018,98.356071,45.000009,49.178036,35160,10,0.100000,147.000000,0.000000,45.000000,1.800005,1.967121
0,-0.000000,0.083333,0.076923,0.895451,0.000000,3840.000000,9316.000000,80.655666,76.444902,40.327833,38.222451,32090,23500,0.384615,285.000000,0.000000,40.000000,1.613218,1.528898
0,0.000000,0.222222,0.225806,1.169313,0.049640,978.752363,269.934911,81.799485,40.943019,40.899743,20.471509,13900,13080,0.225806,1115.000000,0.000000,40.000000,1.641455,0.000000
0,-0.000000,0.666667,0.500000,0.050429,0.077359,249.256198,400.000000,51.875001,40.000198,25.937501,20.000099,17140,10,0.666667,709.000000,0.000000,25.000000,1.037505,0.000000
0,-0.000000,0.068966,0.115385,0.114381,0.287404,484.092978,1536.000000,82.660422,31.780496,41.330211,15.890248,24570,11890,0.150000,1234.000000,0.000000,40.000000,1.653222,0.000000
0,-0.000013,0.040000,0.037037,2.035890,0.008011,636.966580,48.800781,70.516946,37.774775,35.258473,18.887387,21250,12370,0.041667,298.000000,0.000000,35.000000,1.487508,0.000000
0,-0.000000,0.125000,0.095238,0.033703,0.134878,183.030141,739.840000,82.236164,39.306523,41.118082,19.653261,18800,14840,0.125000,939.000000,0.000000,40.000000,1.644726,0.000000
0,-0.000000,0.538462,0.461538,0.020431,0.061900,110.152893,338.000000,47.336692,42.299297,23.668346,21.149648,10110,10,0.538462,1412.000000,0.000000,20.000000,0.946736,0.000000
0,-0.000000,0.111111,0.100000,0.128011,0.009761,635.423611,54.000000,59.027731,43.314006,29.513866,21.657003,21070,10,0.111111,316.000000,0.000000,25.000000,1.180568,0.000000
0,0.000000,0.111111,0.555556,2.394272,0.008767,527.312500,42.312500,72.061288,82.000000,36.030644,41.000000,11140,8560,0.555556,743.000000,0.000000,35.000000,1.607956,1.640001
0,0.000000,0.521739,0.481481,0.011621,0.013100,103.565668,67.256837,88.727984,81.876369,44.363992,40.938185,15330,10,0.521739,324.000000,0.000000,40.000000,1.774561,1.637529
0,0.000000,0.833333,0.888889,0.012021,0.121399,72.000000,652.000000,56.013643,82.876388,28.006821,41.438194,3610,10,0.913043,1856.000000,0.000000,25.000000,1.120274,1.657539
0,-0.000000,0.125000,0.111111,3.394516,0.024200,83.002834,107.666667,77.549766,81.527922,38.774883,40.763961,16820,14770,0.125000,175.000000,0.000000,35.000000,1.653913,1.630561
0,0.000000,0.200000,0.200000,9.260368,0.166361,372.000000,859.343750,69.980182,72.766625,34.990091,36.383312,35790,13580,0.200000,127.000000,0.000000,30.000000,1.556572,1.455349
0,0.000000,0.125000,0.125000,0.084686,0.011731,381.500000,59.000000,89.097861,87.797701,44.548930,43.898850,46190,8870,0.125000,98.000000,0.000000,40.000000,1.781967,1.755955
0,0.000000,0.125000,0.125000,0.084686,0.011731,381.500000,59.000000,89.097861,87.797701,44.548930,43.898850,16430,8870,0.125000,98.000000,0.000000,40.000000,1.781967,1.755955
0,-0.000000,0.055556,0.052632,2.663558,0.187768,344.734694,961.843750,76.342424,75.506135,38.171212,37.753067,36160,21780,0.055556,99.000000,0.000000,35.000000,1.573880,1.510141
0,0.000000,0.125000,0.125000,1.167720,0.000000,151.162722,163.436391,45.499929,83.629902,22.749964,41.814951,9560,110,0.125000,456.000000,0.000000,20.000000,0.918561,1.672598
0,0.000000,0.125000,0.125000,1.167720,0.000000,151.162722,163.436391,45.499929,83.629902,22.749964,41.814951,9490,110,0.125000,456.000000,0.000000,20.000000,0.918561,1.672598
0,0.000000,0.045455,0.045455,2.345369,0.000000,1113.889467,1242.280000,80.620839,77.974180,40.310419,38.987090,28870,3510,0.045455,12.000000,0.000000,40.000000,1.641552,1.559484
0,0.000000,0.166667,0.166667,2.160000,0.000000,115.609467,244.000000,70.239725,72.336499,35.119863,36.168249,3510,100,0.166667,12.000000,0.000000,35.000000,1.433912,1.446730
0,0.000000,0.250000,0.250000,0.011652,0.000000,94.888889,140.451389,58.000000,88.230941,29.000000,44.115471,35250,10,0.250000,283.000000,0.000000,25.000000,1.160001,1.764619
0,0.000000,0.250000,0.250000,0.011652,0.000000,94.888889,140.451389,58.000000,88.230941,29.000000,44.115471,22730,10,0.250000,283.000000,0.000000,25.000000,1.160001,1.764619
0,0.000000,0.058824,0.058824,0.021331,0.000000,117.703125,58.640625,90.806656,91.183623,45.403328,45.591811,33500,9370,0.058824,52.000000,0.000000,45.000000,1.816135,1.823672
0,0.000000,0.500000,0.444444,0.009808,0.000000,148.622934,179.444444,89.886850,86.378131,44.943425,43.189065,34040,10,0.500000,697.000000,0.000000,40.000000,1.797738,1.727563
0,-0.000002,0.250000,0.333333,23.850852,0.000000,399.277778,2396.250000,84.137489,100.000000,42.068745,50.000000,17740,4810,0.555556,508.000000,0.000000,40.000000,2.704497,2.000000
0,-0.000000,0.235294,0.238095,0.000000,0.000000,143.247934,80.481481,46.548292,90.679072,23.274146,45.339536,550,10,0.250000,643.000000,0.000000,20.000000,0.930966,1.813581
0,0.000000,0.058824,0.058824,0.021331,0.000000,117.703125,58.640625,90.806656,91.183623,45.403328,45.591811,33500,4170,0.058824,52.000000,0.000000,45.000000,1.816135,1.823672
0,0.000000,0.166667,0.166667,0.462802,0.000000,183.049887,152.000000,86.514602,92.000000,43.257301,46.000000,43900,4550,0.166667,314.000000,0.000000,40.000000,1.732024,1.840000
0,0.000000,0.166667,0.166667,0.462802,0.000000,183.049887,152.000000,86.514602,92.000000,43.257301,46.000000,43900,22630,0.166667,314.000000,0.000000,40.000000,1.732024,1.840000
0,0.000000,0.434783,0.523810,1.200300,0.000000,169.754325,1432.240000,96.153846,98.028488,48.076923,49.014244,670,10,0.523810,402.000000,0.000000,45.000000,1.936732,1.960570
0,-0.000002,0.250000,0.333333,23.850852,0.000000,399.277778,2396.250000,84.137489,100.000000,42.068745,50.000000,20690,17740,0.555556,508.000000,0.000000,40.000000,2.704497,2.000000
0,-0.000000,0.029412,0.026316,1.248284,0.000000,5356.000000,3364.157025,89.833675,88.286811,44.916837,44.143405,26560,7510,0.029412,238.000000,0.000000,40.000000,1.796819,1.765736
0,-0.000000,0.029412,0.026316,1.248284,0.000000,5356.000000,3364.157025,89.833675,88.286811,44.916837,44.143405,26560,5310,0.029412,238.000000,0.000000,40.000000,1.796819,1.765736
0,0.000000,0.571429,1.000000,7.134282,0.000000,110.111111,1432.240000,62.500000,98.028488,31.250000,49.014244,18800,10,1.000000,697.000000,0.000000,30.000000,1.507061,1.960570
0,0.000000,0.434783,0.523810,1.200300,0.000000,169.754325,1432.240000,96.153846,98.028488,48.076923,49.014244,21750,10,0.523810,402.000000,0.000000,45.000000,1.936732,1.960570
0,0.000000,0.166667,0.166667,0.462802,0.000000,183.049887,152.000000,86.514602,92.000000,43.257301,46.000000,43900,3840,0.166667,314.000000,0.000000,40.000000,1.732024,1.840000
0,0.000000,0.058824,0.058824,0.021331,0.000000,117.703125,58.640625,90.806656,91.183623,45.403328,45.591811,33500,7170,0.058824,52.000000,0.000000,45.000000,1.816135,1.823672
0,-0.000000,0.222222,0.238095,0.011106,0.000000,123.742115,80.481481,89.551641,90.679072,44.775821,45.339536,1760,10,0.250000,468.000000,0.000000,40.000000,1.791034,1.813581
0,0.000000,0.500000,0.444444,23.834255,0.000000,323.152778,179.444444,81.439664,86.378131,40.719832,43.189065,35930,4810,0.500000,508.000000,0.000000,40.000000,2.650539,1.727563
0,0.000002,0.111111,0.333333,0.468298,0.000000,138.716553,2396.250000,86.181181,100.000000,43.090591,50.000000,10900,1550,0.333333,314.000000,0.000000,40.000000,1.725357,2.000000
0,0.000000,0.500000,0.444444,23.834255,0.000000,323.152778,179.444444,81.439664,86.378131,40.719832,43.189065,35930,2610,0.500000,508.000000,0.000000,40.000000,2.650539,1.727563
0,0.000000,0.434783,0.523810,1.200300,0.000000,169.754325,1432.240000,96.153846,98.028488,48.076923,49.014244,5870,10,0.523810,402.000000,0.000000,45.000000,1.936732,1.960570
0,0.000002,0.111111,0.333333,0.468298,0.000000,138.716553,2396.250000,86.181181,100.000000,43.090591,50.000000,22630,10900,0.333333,314.000000,0.000000,40.000000,1.725357,2.000000
0,0.000000,0.434783,0.523810,1.200300,0.000000,169.754325,1432.240000,96.153846,98.028488,48.076923,49.014244,2960,10,0.523810,402.000000,0.000000,45.000000,1.936732,1.960570
0,-0.000000,0.166667,0.142857,0.453559,0.000000,83.049887,38.111111,87.014599,90.723046,43.507299,45.361523,6340,1550,0.166667,314.000000,0.000000,40.000000,1.742024,1.814461
0,-0.000000,0.166667,0.142857,0.453559,0.000000,83.049887,38.111111,87.014599,90.723046,43.507299,45.361523,6340,4550,0.166667,314.000000,0.000000,40.000000,1.742024,1.814461
0,0.000000,0.571429,1.000000,7.134282,0.000000,110.111111,1432.240000,62.500000,98.028488,31.250000,49.014244,720,10,1.000000,697.000000,0.000000,30.000000,1.507061,1.960570
0,-0.000002,0.333333,0.333333,0.035822,0.000000,283.247934,2396.250000,90.328281,100.000000,45.164141,50.000000,15850,10,0.555556,697.000000,0.000000,45.000000,1.806569,2.000000
0,-0.000000,0.222222,0.238095,23.836425,0.000000,335.247166,80.481481,80.206251,90.679072,40.103125,45.339536,20690,1360,0.250000,508.000000,0.000000,40.000000,2.625871,1.813581
0,0.000002,0.111111,0.333333,0.468298,0.000000,138.716553,2396.250000,86.181181,100.000000,43.090591,50.000000,10900,4550,0.333333,314.000000,0.000000,40.000000,1.725357,2.000000
0,0.000002,0.111111,0.333333,0.468298,0.000000,138.716553,2396.250000,86.181181,100.000000,43.090591,50.000000,10900,3840,0.333333,314.000000,0.000000,40.000000,1.725357,2.000000
0,0.000000,0.434783,0.523810,1.200300,0.000000,169.754325,1432.240000,96.153846,98.028488,48.076923,49.014244,3670,10,0.523810,402.000000,0.000000,45.000000,1.936732,1.960570
0,0.000002,0.111111,0.333333,0.468298,0.000000,138.716553,2396.250000,86.181181,100.000000,43.090591,50.000000,10900,6750,0.333333,314.000000,0.000000,40.000000,1.725357,2.000000
0,-0.000000,0.029412,0.026316,1.248284,0.000000,5356.000000,3364.157025,89.833675,88.286811,44.916837,44.143405,26560,4600,0.029412,238.000000,0.000000,40.000000,1.796819,1.765736
0,0.000000,0.571429,1.000000,0.000000,0.000000,114.359045,1432.240000,62.500000,98.028488,31.250000,49.014244,10,10,1.000000,697.000000,0.000000,30.000000,1.250000,1.960570
0,0.000000,0.500000,0.444444,23.834255,0.000000,323.152778,179.444444,81.439664,86.378131,40.719832,43.189065,35930,20690,0.500000,508.000000,0.000000,40.000000,2.650539,1.727563
0,0.000000,0.058824,0.058824,0.021331,0.000000,117.703125,58.640625,90.806656,91.183623,45.403328,45.591811,33500,6460,0.058824,52.000000,0.000000,45.000000,1.816135,1.823672
0,0.000000,0.571429,1.000000,7.134282,0.000000,110.111111,1432.240000,62.500000,98.028488,31.250000,49.014244,2920,10,1.000000,697.000000,0.000000,30.000000,1.507061,1.960570
0,0.000000,0.166667,0.166667,0.462802,0.000000,183.049887,152.000000,86.514602,92.000000,43.257301,46.000000,43900,6750,0.166667,314.000000,0.000000,40.000000,1.732024,1.840000
0,0.000000,0.166667,0.166667,0.462802,0.000000,183.049887,152.000000,86.514602,92.000000,43.257301,46.000000,43900,1550,0.166667,314.000000,0.000000,40.000000,1.732024,1.840000
0,-0.000000,0.166667,0.142857,0.453559,0.000000,83.049887,38.111111,87.014599,90.723046,43.507299,45.361523,6750,6340,0.166667,314.000000,0.000000,40.000000,1.742024,1.814461
0,-0.000000,0.166667,0.142857,0.453559,0.000000,83.049887,38.111111,87.014599,90.723046,43.507299,45.361523,6340,3840,0.166667,314.000000,0.000000,40.000000,1.742024,1.814461
0,-0.000000,0.029412,0.026316,1.248284,0.000000,5356.000000,3364.157025,89.833675,88.286811,44.916837,44.143405,26560,2310,0.029412,238.000000,0.000000,40.000000,1.796819,1.765736
0,-0.000000,0.222222,0.238095,23.836425,0.000000,335.247166,80.481481,80.206251,90.679072,40.103125,45.339536,4810,1360,0.250000,508.000000,0.000000,40.000000,2.625871,1.813581
0,0.000000,0.058824,0.058824,0.021331,0.000000,117.703125,58.640625,90.806656,91.183623,45.403328,45.591811,33500,25250,0.058824,52.000000,0.000000,45.000000,1.816135,1.823672
0,-0.000000,0.166667,0.142857,0.453559,0.000000,83.049887,38.111111,87.014599,90.723046,43.507299,45.361523,22630,6340,0.166667,314.000000,0.000000,40.000000,1.742024,1.814461
0,-0.000000,0.500000,0.444444,0.008976,0.000000,111.647727,179.444444,89.999657,86.378131,44.999828,43.189065,36330,10,0.500000,468.000000,0.000000,40.000000,1.799994,1.727563
0,-0.000000,0.222222,0.238095,23.836425,0.000000,335.247166,80.481481,80.206251,90.679072,40.103125,45.339536,2610,1360,0.250000,508.000000,0.000000,40.000000,2.625871,1.813581
0,-0.000000,0.029412,0.026316,1.248284,0.000000,5356.000000,3364.157025,89.833675,88.286811,44.916837,44.143405,26560,23390,0.029412,238.000000,0.000000,40.000000,1.796819,1.765736
0,-0.000002,0.250000,0.333333,23.850852,0.000000,399.277778,2396.250000,84.137489,100.000000,42.068745,50.000000,17740,2610,0.555556,508.000000,0.000000,40.000000,2.704497,2.000000
0,0.000000,0.571429,1.000000,0.003177,0.000000,77.383838,1432.240000,92.408971,98.028488,46.204486,49.014244,2300,10,1.000000,468.000000,0.000000,45.000000,1.848180,1.960570
0,-0.000002,0.222222,0.333333,0.057281,0.000000,318.272727,2396.250000,86.452981,100.000000,43.226491,50.000000,18140,10,0.555556,468.000000,0.000000,40.000000,1.729066,2.000000
0,-0.000000,0.428571,0.071429,1.684476,0.018761,80.690000,111.111111,70.780380,39.987032,35.390190,19.993516,4470,1420,0.428571,1802.000000,0.000000,35.000000,1.438625,0.000000
0,0.000000,0.545455,0.571429,1.285792,0.040479,293.861678,169.710744,81.103817,41.475329,40.551908,20.737665,15490,8560,0.583333,700.000000,0.000000,40.000000,1.633504,0.000000
0,-0.000000,0.166667,0.142857,0.062679,0.018096,217.500000,101.250000,81.016096,39.999951,40.508048,19.999976,9780,4300,0.166667,1271.000000,0.000000,40.000000,1.620331,0.000000
0,-0.000017,0.555556,0.181818,0.003306,0.143032,61.754201,735.055556,88.547300,80.714355,44.273650,40.357178,12750,10,0.555556,447.000000,0.000000,40.000000,1.770946,1.614301
0,-0.000000,0.125000,0.111111,1.570601,0.020338,42.534722,96.666667,81.021325,81.660504,40.510663,40.830252,13220,12690,0.125000,453.000000,0.000000,40.000000,1.665544,1.633212
0,0.000029,0.333333,0.500000,0.135737,0.301010,665.333333,1369.000000,37.376707,36.188478,18.688353,18.094239,23110,10,0.500000,514.000000,0.000000,15.000000,0.747548,0.000000
0,-0.000001,0.333333,0.391304,0.019909,0.055211,116.371882,315.804734,42.854306,40.896936,21.427153,20.448468,16550,10,0.400000,514.000000,0.000000,20.000000,0.857088,0.000000
0,0.000000,0.055556,0.055556,1.401224,0.518637,2829.243056,2801.666667,66.088904,40.652335,33.044452,20.326167,45530,4830,0.055556,32.000000,0.000000,30.000000,1.335700,0.000000
0,0.000021,0.142857,0.285714,0.005988,0.002041,31.111111,11.111111,82.498745,40.249666,41.249373,20.124833,8840,4090,0.285714,106.000000,0.000000,40.000000,1.649975,0.000000
0,0.000015,0.166667,0.200000,0.060047,0.638490,265.000000,2601.000000,40.310274,39.535377,20.155137,19.767689,10410,10,0.200000,514.000000,0.000000,20.000000,0.806213,0.000000
0,-0.000000,0.500000,0.200000,0.000000,0.000000,64.937500,1369.000000,53.333333,37.114978,26.666667,18.557489,12710,10,0.500000,1565.000000,0.000000,25.000000,1.066667,0.000000
0,-0.000000,0.250000,0.100000,0.000000,0.000000,38.851240,315.804734,54.413262,40.806846,27.206631,20.403423,6150,10,0.250000,1565.000000,0.000000,25.000000,1.088265,0.000000
0,0.000000,0.500000,0.500000,0.026597,0.047190,133.250000,272.301020,80.554933,40.695388,40.277467,20.347694,16250,2140,0.500000,575.000000,0.000000,40.000000,1.611101,0.000000
0,-0.000000,0.307692,0.250000,1.118015,0.249970,1598.720000,1433.846154,90.750667,82.037645,45.375334,41.018822,46190,18110,0.307692,303.000000,0.000000,45.000000,1.820618,1.640775
0,-0.000000,0.307692,0.250000,1.118015,0.249970,1598.720000,1433.846154,90.750667,82.037645,45.375334,41.018822,44840,18110,0.307692,303.000000,0.000000,45.000000,1.820618,1.640775
0,0.000000,0.050000,0.050000,6.076340,8.418236,1706.810658,44459.055556,90.089290,90.714289,45.044645,45.357144,47620,5560,0.050000,18.000000,0.000000,45.000000,1.819668,1.815083
0,0.000000,0.062500,0.062500,5.947961,8.290962,1028.255102,43780.500000,90.515688,91.180697,45.257844,45.590349,34910,25840,0.062500,18.000000,0.000000,45.000000,1.828183,1.824399
0,0.000000,0.062500,0.062500,5.947961,8.290962,1028.255102,43780.500000,90.515688,91.180697,45.257844,45.590349,47620,34910,0.062500,18.000000,0.000000,45.000000,1.828183,1.824399
0,0.000000,0.100000,0.100000,5.945027,8.288053,1011.755102,43764.000000,99.375000,100.000000,49.687500,50.000000,47620,18190,0.100000,18.000000,0.000000,45.000000,2.005369,2.000785
0,0.000000,0.071429,0.071429,5.946115,8.289132,1011.897959,43764.142857,92.156850,92.809408,46.078425,46.404704,25840,11400,0.071429,18.000000,0.000000,45.000000,1.861007,1.856973
0,0.000000,0.050000,0.050000,6.076340,8.418236,1706.810658,44459.055556,90.089290,90.714289,45.044645,45.357144,25840,5560,0.050000,18.000000,0.000000,45.000000,1.819668,1.815083
0,0.000000,0.100000,0.100000,5.945027,8.288053,1011.755102,43764.000000,99.375000,100.000000,49.687500,50.000000,25840,12250,0.100000,18.000000,0.000000,45.000000,2.005369,2.000785
0,0.000000,0.100000,0.100000,5.945027,8.288053,1011.755102,43764.000000,99.375000,100.000000,49.687500,50.000000,25840,18190,0.100000,18.000000,0.000000,45.000000,2.005369,2.000785
0,0.000000,0.100000,0.100000,5.945027,8.288053,1011.755102,43764.000000,99.375000,100.000000,49.687500,50.000000,47620,12250,0.100000,18.000000,0.000000,45.000000,2.005369,2.000785
0,0.000000,0.100000,0.100000,5.945027,8.288053,1011.755102,43764.000000,99.375000,100.000000,49.687500,50.000000,25840,24220,0.100000,18.000000,0.000000,45.000000,2.005369,2.000785
0,0.000000,0.071429,0.071429,5.946115,8.289132,1011.897959,43764.142857,92.156850,92.809408,46.078425,46.404704,47620,11400,0.071429,18.000000,0.000000,45.000000,1.861007,1.856973
0,0.000000,0.100000,0.100000,5.945027,8.288053,1011.755102,43764.000000,99.375000,100.000000,49.687500,50.000000,47620,24220,0.100000,18.000000,0.000000,45.000000,2.005369,2.000785
0,0.000000,0.500000,0.500000,0.000000,0.000000,157.521481,88.408163,54.444264,40.663526,27.222132,20.331763,6350,10,0.500000,156.000000,0.000000,25.000000,1.088885,0.000000
0,-0.000000,0.777778,0.700000,0.000000,0.000000,184.706667,700.000000,54.444444,41.021689,27.222222,20.510844,40920,10,0.777778,156.000000,0.000000,25.000000,1.088889,0.000000
0,-0.000000,0.100000,0.100000,0.000000,0.000000,85.375000,788.408163,43.971166,81.685215,21.985583,40.842607,34580,10,0.111111,790.000000,0.000000,20.000000,0.879423,1.633704
0,0.000000,0.125000,0.500000,0.011273,0.006276,70.138889,33.328889,47.766424,83.654808,23.883212,41.827404,2470,10,0.500000,475.000000,0.000000,20.000000,0.955330,1.673097
0,-0.000000,0.076923,0.083333,0.012763,0.018876,113.000000,146.002500,56.254400,91.655000,28.127200,45.827500,32790,10,0.230769,721.000000,0.000000,25.000000,1.125089,1.833101
0,-0.000000,0.076923,0.083333,0.012763,0.018876,113.000000,146.002500,56.254400,91.655000,28.127200,45.827500,20270,10,0.230769,721.000000,0.000000,25.000000,1.125089,1.833101
0,-0.000000,0.142857,0.473684,0.031632,0.202073,176.400000,1030.940000,46.125992,82.410759,23.062996,41.205380,17760,10,0.500000,721.000000,0.000000,20.000000,0.922523,1.648235
0,-0.000000,0.047619,0.045455,0.589742,0.310873,803.343750,1602.625000,74.682900,74.385989,37.341450,37.192995,37970,23590,0.047619,179.000000,0.000000,35.000000,1.495945,1.487750
0,-0.000000,0.187500,0.333333,0.005753,0.000000,46.574675,703.739796,41.715343,91.379155,20.857672,45.689578,1890,10,0.416667,1634.000000,0.000000,20.000000,0.834308,1.827583
0,-0.000000,0.043478,0.041667,0.029844,0.000000,161.227327,724.231405,92.499999,92.934341,46.249999,46.467170,30940,10780,0.043478,557.000000,0.000000,45.000000,1.850003,1.858687
0,0.000000,0.034483,0.034483,10.028182,0.000000,370.610511,900.784722,86.470875,90.402483,43.235437,45.201241,19770,15560,0.034483,72.000000,0.000000,40.000000,1.921478,1.808050
0,0.000000,0.100000,0.100000,5.673409,0.000000,205.878578,717.777778,72.877326,89.996710,36.438663,44.998355,12900,2240,0.100000,338.000000,0.000000,35.000000,1.662634,1.799934
0,-0.000000,0.125000,0.333333,0.671247,0.000000,52.222222,655.750000,76.239813,91.154992,38.119906,45.577496,39260,3640,0.500000,1271.000000,0.000000,35.000000,1.532935,1.823100
0,-0.000000,0.125000,0.333333,0.671247,0.000000,52.222222,655.750000,76.239813,91.154992,38.119906,45.577496,39260,3570,0.500000,1271.000000,0.000000,35.000000,1.532935,1.823100
0,0.000000,0.034483,0.034483,10.028182,0.000000,370.610511,900.784722,86.470875,90.402483,43.235437,45.201241,19770,15630,0.034483,72.000000,0.000000,40.000000,1.921478,1.808050
0,-0.000009,0.035714,0.023256,2.338039,0.000000,4980.342722,3413.668639,70.906250,89.624418,35.453125,44.812209,23830,9490,0.035714,679.000000,0.000000,35.000000,1.426829,1.792488
0,-0.000000,0.100000,0.090909,26.576386,0.000000,397.825789,768.000000,75.341537,89.396510,37.670769,44.698255,15020,5640,0.100000,126.000000,0.000000,35.000000,2.731218,1.787930
0,-0.000000,0.047619,0.045455,0.007592,0.000000,73.800781,847.739796,46.972742,70.037475,23.486371,35.018737,16690,10,0.047619,154.000000,0.000000,20.000000,0.939455,1.400749
0,-0.000000,0.166667,0.476190,0.217077,0.000000,941.388889,777.312500,43.631910,86.469592,21.815955,43.234796,25210,10,0.500000,1627.000000,0.000000,20.000000,0.872664,1.729392
0,0.000000,0.090909,0.100000,1.165354,0.000000,140.662722,978.000000,73.333459,92.499863,36.666730,46.249932,10220,9490,0.100000,679.000000,0.000000,35.000000,1.475231,1.849997
0,-0.000009,0.035714,0.023256,2.338039,0.000000,4980.342722,3413.668639,70.906250,89.624418,35.453125,44.812209,23830,9560,0.035714,679.000000,0.000000,35.000000,1.426829,1.792488
0,-0.000000,0.050000,0.047619,0.003791,0.000000,51.851240,921.312500,46.671933,65.127911,23.335966,32.563956,39940,10,0.050000,154.000000,0.000000,20.000000,0.933439,1.302558
0,-0.000000,0.100000,0.090909,26.576386,0.000000,397.825789,768.000000,75.341537,89.396510,37.670769,44.698255,15090,5640,0.100000,126.000000,0.000000,35.000000,2.731218,1.787930
0,-0.000005,0.809524,0.772727,0.020173,0.000000,134.825789,1424.000000,55.560822,78.658319,27.780411,39.329160,14810,10,0.809524,154.000000,0.000000,25.000000,1.111218,1.573166
0,-0.000000,0.043478,0.041667,0.029844,0.000000,161.227327,724.231405,92.499999,92.934341,46.249999,46.467170,30940,10710,0.043478,557.000000,0.000000,45.000000,1.850003,1.858687
0,-0.000005,0.809524,0.772727,0.020173,0.000000,134.825789,1424.000000,55.560822,78.658319,27.780411,39.329160,14740,10,0.809524,154.000000,0.000000,25.000000,1.111218,1.573166
0,-0.000000,0.130435,0.333333,0.005729,0.000000,64.983563,703.739796,46.146663,91.379155,23.073332,45.689578,1960,10,0.416667,1627.000000,0.000000,20.000000,0.922934,1.827583
0,-0.000000,0.055556,0.047619,2.035890,0.000000,235.188802,201.052296,70.833330,77.848747,35.416665,38.924374,35620,12370,0.055556,586.000000,0.000000,35.000000,1.493836,1.556975
0,0.000000,0.100000,0.100000,5.673409,0.000000,205.878578,717.777778,72.877326,89.996710,36.438663,44.998355,12970,2240,0.100000,338.000000,0.000000,35.000000,1.662634,1.799934
0,-0.000000,0.166667,0.476190,0.217988,0.000000,922.980000,777.312500,39.100780,86.469592,19.550390,43.234796,25140,10,0.500000,1634.000000,0.000000,15.000000,0.782042,1.729392
0,0.000000,0.090909,0.100000,1.165354,0.000000,140.662722,978.000000,73.333459,92.499863,36.666730,46.249932,10220,9560,0.100000,679.000000,0.000000,35.000000,1.475231,1.849997
0,0.000000,0.461538,0.250000,27.804878,0.148770,406.444444,1122.500000,80.988848,89.815045,40.494424,44.907523,12990,840,0.466667,2681.000000,0.000000,40.000000,2.820909,1.796311
0,0.000000,0.125000,0.125000,0.032080,0.067203,213.042969,420.000000,40.000118,50.577013,20.000059,25.288506,39700,10,0.125000,10.000000,0.000000,20.000000,0.800005,1.011546
0,-0.000000,0.800000,0.375000,4.521392,0.127836,622.734694,738.000000,70.094810,77.134268,35.047405,38.567134,22710,10,0.875000,1709.000000,0.000000,35.000000,1.420190,1.542697
0,0.000000,0.166667,0.166667,0.051076,0.069840,327.902344,436.000000,50.432890,79.935632,25.216445,39.967816,38750,10,0.166667,105.000000,0.000000,25.000000,1.008662,1.598718
0,0.000002,0.200000,0.333333,0.102673,0.072750,458.156250,454.000000,78.958242,72.503425,39.479121,36.251713,25200,6890,0.333333,1460.000000,0.000000,35.000000,1.579176,1.450074
0,0.000000,0.800000,0.250000,2.677732,0.148770,161.250000,1122.500000,78.325638,89.815045,39.162819,44.907523,2210,1840,0.800000,3796.000000,0.000000,35.000000,1.622926,1.796311
0,-0.000000,0.100000,0.142857,0.018947,0.000000,81.977500,32143.680000,45.108859,78.401088,22.554429,39.200544,6570,10,0.272727,2299.000000,0.000000,20.000000,0.902181,1.568022
0,-0.000468,0.391304,0.588235,5.948816,0.327247,1041.942602,1700.000000,91.041667,48.291772,45.520833,24.145886,42600,25840,0.625000,52.000000,0.000000,45.000000,1.838703,0.000000
0,-0.000000,0.142857,0.125000,0.000000,0.003714,115.775510,20.000000,68.337874,41.999065,34.168937,20.999533,39430,10,0.142857,369.000000,0.000000,30.000000,1.366757,0.000000
0,-0.000000,0.037037,0.030303,0.036181,0.037147,182.653333,179.562500,77.929579,41.736604,38.964790,20.868302,40340,36220,0.037037,278.000000,0.000000,35.000000,1.558595,0.000000
0,0.000000,0.115385,0.150000,0.011711,0.132180,117.217211,719.055556,88.210201,41.296471,44.105100,20.648236,37050,10,0.150000,607.000000,0.000000,40.000000,1.764205,0.000000
0,-0.000000,0.222222,0.714286,7.653533,0.004574,148.250000,24.142857,50.218318,42.836960,25.109159,21.418480,31210,10,1.000000,1191.000000,0.000000,25.000000,1.254694,0.000000
0,-0.000000,0.222222,0.062500,0.783035,0.012332,137.972452,59.510204,75.559623,40.926940,37.779811,20.463470,28950,16020,0.222222,1417.000000,0.000000,35.000000,1.517970,0.000000
0,-0.000000,0.066667,0.100000,3.420267,0.076982,124.592593,424.595041,72.563317,41.044996,36.281659,20.522498,22060,7220,0.125000,2106.000000,0.000000,35.000000,1.514105,0.000000
0,-0.000002,0.200000,0.166667,0.011421,0.092686,134.775510,384.000000,79.166042,32.716522,39.583021,16.358261,37780,10,0.200000,534.000000,0.000000,35.000000,1.583322,0.000000
0,-0.000000,1.000000,0.500000,1.099666,0.005149,205.983471,35.437500,63.578010,50.000000,31.789005,25.000000,24420,10,1.000000,1870.000000,0.000000,30.000000,1.281315,0.000000
0,-0.000000,0.555556,0.500000,196.654515,0.005149,1019.029586,35.437500,88.063692,50.000000,44.031846,25.000000,33690,3340,0.555556,943.000000,0.000000,40.000000,21.735221,0.000000
0,-0.000000,0.074074,0.062500,0.022772,0.009708,132.528333,56.000000,83.809523,42.142857,41.904761,21.071429,40340,26460,0.074074,278.000000,0.000000,40.000000,1.676192,0.000000
0,0.000000,0.272727,0.272727,0.008521,0.002305,77.013333,15.360000,49.331645,38.961927,24.665823,19.480963,42140,10,0.272727,98.000000,0.000000,20.000000,0.986633,0.000000
0,-0.000000,0.400000,0.500000,4.389479,0.005149,173.983471,35.437500,80.568793,50.000000,40.284397,25.000000,25060,6680,0.833333,1806.000000,0.000000,40.000000,1.696870,0.000000
0,-0.000468,0.391304,0.588235,5.948816,0.327247,1041.942602,1700.000000,91.041667,48.291772,45.520833,24.145886,47620,42600,0.625000,52.000000,0.000000,45.000000,1.838703,0.000000
0,0.000000,0.250000,0.625000,2.538879,0.006383,390.687500,40.500000,79.999179,41.220697,39.999589,20.610349,17110,9420,0.625000,2601.000000,0.000000,35.000000,1.708754,0.000000
0,0.000000,0.833333,0.833333,0.000000,0.000000,57.777778,36.000000,45.969022,39.948758,22.984511,19.974379,970,10,0.833333,18.000000,0.000000,20.000000,0.919380,0.000000
0,0.000000,0.111111,0.111111,0.000000,0.000000,753.206349,942.702948,58.016965,48.241849,29.008483,24.120925,22660,10,0.111111,18.000000,0.000000,25.000000,1.160339,0.000000
0,0.000000,0.500000,0.500000,0.000000,0.000000,41.777778,54.000000,9.609063,14.139486,4.804532,7.069743,20,10,0.500000,18.000000,0.000000,0.000000,0.192181,0.000000
0,0.000000,0.083333,0.083333,0.000000,0.000000,69.097778,47.320000,48.610590,40.001043,24.305295,20.000522,35640,10,0.083333,18.000000,0.000000,20.000000,0.972212,0.000000
0,0.000000,0.111111,0.111111,0.000000,0.000000,753.206349,942.702948,58.016965,48.241849,29.008483,24.120925,33700,10,0.111111,18.000000,0.000000,25.000000,1.160339,0.000000
0,0.000000,0.285714,0.285714,0.141415,0.000000,763.250000,57.800000,81.066298,82.912582,40.533149,41.456291,29060,5640,0.285714,224.000000,0.000000,40.000000,1.621339,1.658252
0,-0.000000,0.200000,0.125000,0.052197,0.000000,251.760000,203.772222,40.833294,79.985800,20.416647,39.992900,10090,10,0.200000,2121.000000,0.000000,20.000000,0.816672,1.599716
0,0.000000,0.058824,0.250000,134.823588,0.000000,3445.871020,60.120000,72.643410,80.913372,36.321705,40.456686,18310,13680,0.368421,1762.000000,0.000000,35.000000,4.279265,1.618267
0,0.000000,0.181818,0.500000,1.324238,0.000000,5338.000000,1365.333333,82.199158,39.035921,41.099579,19.517960,15390,13720,0.500000,621.000000,0.000000,40.000000,1.644147,0.000000
0,0.000000,0.200000,0.200000,0.000000,0.000000,512.000000,64.000000,68.995192,42.499999,34.497596,21.249999,5470,10,0.200000,642.000000,0.000000,30.000000,1.379904,0.000000
0,-0.000000,0.166667,0.142857,0.015852,0.000000,86.250000,11.111111,49.541747,42.500000,24.770873,21.250000,910,10,0.166667,1098.000000,0.000000,20.000000,0.990837,0.000000
0,0.000000,0.166667,0.166667,5.673295,0.000000,1699.812500,137.312500,74.039746,40.038814,37.019873,20.019407,41390,11370,0.166667,52.000000,0.000000,35.000000,1.597996,0.000000
0,-0.000000,0.571429,0.333333,0.000000,0.000000,160.250000,101.920000,56.833517,42.920073,28.416758,21.460036,25060,10,0.571429,1188.000000,0.000000,25.000000,1.136670,0.000000
0,0.000000,0.400000,0.500000,0.620613,0.000000,2404.000000,1112.109375,79.904556,88.207690,39.952278,44.103845,18470,5430,0.500000,1300.000000,0.000000,35.000000,1.598171,1.764154
0,-0.000000,0.105263,0.086957,0.997118,0.000000,4401.687500,1270.859375,81.463352,89.539501,40.731676,44.769751,26880,23470,0.105263,459.000000,0.000000,40.000000,1.629380,1.790790
0,-0.000000,0.058824,0.031250,1.149795,0.000000,4525.812500,2140.484375,78.447181,88.607542,39.223590,44.303771,27380,18210,0.095238,1326.000000,0.000000,35.000000,1.569090,1.772151
0,0.000000,1.000000,1.000000,0.559897,0.000000,2604.123967,1487.109375,69.151226,90.197206,34.575613,45.098603,27860,10,1.000000,361.000000,0.000000,30.000000,1.383088,1.803944
0,0.000000,0.040000,0.040000,2.035890,0.000000,8829.415469,1150.849171,69.194215,89.047825,34.597108,44.523912,24760,12370,0.041667,671.000000,0.000000,30.000000,1.461054,1.780956
0,-0.000000,0.062500,0.044444,1.580381,0.000000,6722.666667,2409.609375,90.239044,98.207690,45.119522,49.103845,28730,25590,0.062500,588.000000,0.000000,45.000000,1.804967,1.964154
0,0.000000,0.166667,0.166667,0.608934,0.000000,2839.239796,1212.109375,79.098182,88.199376,39.549091,44.099688,30890,6310,0.166667,58.000000,0.000000,35.000000,1.582029,1.763988
0,-0.000000,0.062500,0.044444,1.580381,0.000000,6722.666667,2409.609375,90.239044,98.207690,45.119522,49.103845,25590,17690,0.062500,588.000000,0.000000,45.000000,1.804967,1.964154
0,-0.000000,0.142857,0.125000,0.000000,0.006241,420.000000,40.500000,67.164716,41.246134,33.582358,20.623067,31740,10,0.142857,449.000000,0.000000,30.000000,1.343294,0.000000
0,-0.000000,0.285714,0.250000,0.000000,0.117328,297.000000,537.777778,67.703539,40.864050,33.851769,20.432025,7140,10,0.285714,449.000000,0.000000,30.000000,1.354071,0.000000
0,0.000000,0.571429,0.625000,0.494754,0.004472,65.166667,24.142857,66.117351,42.563388,33.058676,21.281694,8230,10,0.625000,449.000000,0.000000,30.000000,1.328416,0.000000
0,0.000000,0.090909,0.090909,0.100163,0.000000,50.797500,35.437500,86.841186,50.000000,43.420593,25.000000,12680,900,0.090909,92.000000,0.000000,40.000000,1.736965,0.000000
0,0.000000,0.111111,0.111111,0.009258,0.000000,69.360000,54.000000,49.331645,41.666667,24.665823,20.833333,19980,10,0.111111,181.000000,0.000000,20.000000,0.986634,0.000000
0,-0.000000,0.083333,0.076923,6.541494,0.000000,2318.500000,11659.250000,78.546051,80.496863,39.273025,40.248432,37430,28840,0.083333,139.000000,0.000000,35.000000,1.587442,1.609937
0,0.000000,0.727273,0.727273,0.096608,0.000000,529.120000,667.140496,48.100011,39.167723,24.050006,19.583862,27300,10,0.727273,181.000000,0.000000,20.000000,0.962009,0.000000
0,0.000000,0.181818,0.181818,0.005379,0.000000,49.240000,23.527778,49.088834,42.566002,24.544417,21.283001,4890,10,0.181818,181.000000,0.000000,20.000000,0.981777,0.000000
0,0.000000,0.090909,0.090909,0.100163,0.000000,50.797500,35.437500,86.841186,50.000000,43.420593,25.000000,24650,900,0.090909,92.000000,0.000000,40.000000,1.736965,0.000000
0,0.000000,0.272727,0.272727,0.004744,0.000000,39.502857,24.142857,50.280832,42.480387,25.140416,21.240193,10940,10,0.272727,181.000000,0.000000,25.000000,1.005617,0.000000
0,0.000000,0.090909,0.090909,0.100163,0.000000,50.797500,35.437500,86.841186,50.000000,43.420593,25.000000,18620,900,0.090909,92.000000,0.000000,40.000000,1.736965,0.000000
0,0.000000,0.272727,0.272727,0.006620,0.000000,55.860000,40.500000,48.564667,41.246417,24.282333,20.623208,34450,10,0.272727,181.000000,0.000000,20.000000,0.971294,0.000000
0,0.000000,0.090909,0.181818,1.779499,0.000000,8243.360000,9940.500000,47.354455,39.931169,23.677228,19.965585,28420,10,0.181818,181.000000,0.000000,20.000000,0.947282,0.000000
0,0.000000,0.090909,0.090909,0.010069,0.000000,71.360000,50.260388,49.807836,42.142857,24.903918,21.071429,28260,10,0.090909,181.000000,0.000000,20.000000,0.996158,0.000000
0,0.000000,1.000000,1.000000,1.788679,0.000000,7621.000000,5927.040000,62.500000,49.776522,31.250000,24.888261,33340,10,1.000000,367.000000,0.000000,30.000000,1.250210,0.000000
0,0.000000,1.000000,1.000000,1.788679,0.000000,7621.000000,5927.040000,62.500000,49.776522,31.250000,24.888261,41790,10,1.000000,367.000000,0.000000,30.000000,1.250210,0.000000
0,0.000000,0.200000,0.200000,1.818478,0.000000,8328.000000,1056.250000,79.313744,80.542014,39.656872,40.271007,28110,8480,0.200000,230.000000,0.000000,35.000000,1.586473,1.610840
0,0.000000,0.100000,0.100000,8.505594,0.000000,90.577778,77.777778,77.081374,42.225657,38.540687,21.112829,31350,7930,0.100000,87.000000,0.000000,35.000000,2.006416,0.000000
0,0.000000,1.000000,1.000000,1.133773,0.000000,532.831250,2080.125000,76.872806,40.825355,38.436403,20.412678,31210,10,1.000000,101.000000,0.000000,35.000000,1.587669,0.000000
0,0.000000,0.571429,1.000000,17.496140,0.000000,1296.000000,0.000000,77.601319,0.000000,38.800659,0.000000,31230,25560,1.000000,1084.000000,0.000000,35.000000,1.738846,0.000000
0,-0.000001,1.000000,0.777778,0.119279,0.762413,589.440000,4046.000000,50.000140,39.996770,25.000070,19.998385,25260,10,1.000000,363.000000,0.000000,25.000000,1.000015,0.000000
0,0.000000,0.222222,0.222222,1.491587,0.132227,486.272500,735.875000,75.396963,41.409826,37.698482,20.704913,35650,3140,0.222222,50.000000,0.000000,35.000000,1.572467,0.000000
0,0.000000,0.333333,0.333333,2.132274,0.000000,880.275000,735.875000,88.896311,41.282300,44.448156,20.641150,34270,25320,0.333333,196.000000,0.000000,40.000000,1.791675,0.000000
0,-0.000000,0.222222,0.181818,0.277716,0.000000,1134.000000,576.000000,88.699886,50.000000,44.349943,25.000000,29450,12820,0.222222,1446.000000,0.000000,40.000000,1.774032,0.000000
0,0.000000,0.100000,0.181818,0.018793,0.000000,124.800000,576.000000,90.000018,50.000000,45.000009,25.000000,13970,10,0.181818,582.000000,0.000000,45.000000,1.800002,0.000000
0,-0.000000,0.090909,0.066667,27.089648,0.000000,773.632653,169.710744,84.440952,41.999594,42.220476,20.999797,13950,1390,0.090909,444.000000,0.000000,40.000000,2.192145,0.000000
0,0.000000,0.100000,0.181818,0.018793,0.000000,124.800000,576.000000,90.000018,50.000000,45.000009,25.000000,38090,10,0.181818,582.000000,0.000000,45.000000,1.800002,0.000000
0,-0.000000,0.100000,0.066667,0.257195,0.000000,1013.444444,169.710744,79.472601,41.999594,39.736300,20.999797,12820,3930,0.100000,1446.000000,0.000000,35.000000,1.589485,0.000000
0,-0.000000,0.222222,0.181818,0.277716,0.000000,1134.000000,576.000000,88.699886,50.000000,44.349943,25.000000,12820,5330,0.222222,1446.000000,0.000000,40.000000,1.774032,0.000000
0,0.000000,0.142857,0.142857,0.023986,0.000000,160.400000,16.000000,60.000000,37.270746,30.000000,18.635373,26590,10,0.142857,69.000000,0.000000,30.000000,1.200002,0.000000
0,0.000000,0.900000,1.000000,1.241967,0.000000,273.584722,0.000000,81.063823,0.000000,40.531911,0.000000,21460,10,1.000000,582.000000,0.000000,40.000000,1.624234,0.000000
0,0.000000,0.333333,0.333333,2.132274,0.000000,880.275000,735.875000,88.896311,41.282300,44.448156,20.641150,34270,3870,0.333333,196.000000,0.000000,40.000000,1.791675,0.000000
0,0.000000,0.142857,0.142857,0.023986,0.000000,160.400000,16.000000,60.000000,37.270746,30.000000,18.635373,5140,10,0.142857,69.000000,0.000000,30.000000,1.200002,0.000000
0,-0.000000,0.545455,0.500000,0.147604,0.000000,769.320000,8112.000000,73.200611,40.562786,36.600305,20.281393,35140,16120,0.545455,413.000000,0.000000,35.000000,1.464026,0.000000
0,0.000000,0.083333,0.083333,0.014884,0.000000,74.200000,23.527778,76.225364,42.857127,38.112682,21.428564,16120,3020,0.083333,413.000000,0.000000,35.000000,1.524509,0.000000
0,-0.000108,0.666667,0.205128,0.481972,0.345283,2425.312500,1952.000000,67.671546,98.917504,33.835773,49.458752,42150,10,0.700000,796.000000,0.000000,30.000000,1.353479,1.978381
0,-0.000000,0.153846,0.176471,0.340223,0.028504,1670.956349,176.277778,48.321876,91.713736,24.160938,45.856868,40110,10,0.200000,1135.000000,0.000000,20.000000,0.966473,1.834277
0,-0.000000,0.200000,0.125000,0.255476,0.034496,1265.068878,196.277778,90.008998,91.712128,45.004499,45.856064,38470,20380,0.200000,1164.000000,0.000000,45.000000,1.800206,1.834246
0,-0.000000,0.200000,0.125000,0.255476,0.034496,1265.068878,196.277778,90.008998,91.712128,45.004499,45.856064,39820,20380,0.200000,1164.000000,0.000000,45.000000,1.800206,1.834246
0,0.000000,0.090909,0.090909,22.614939,0.178617,2114.143424,977.280000,88.699721,89.887753,44.349860,44.943876,51150,3160,0.090909,31.000000,0.000000,40.000000,1.935435,1.797771
0,-0.000000,0.153846,0.176471,0.340223,0.028504,1670.956349,176.277778,48.321876,91.713736,24.160938,45.856868,38760,10,0.200000,1135.000000,0.000000,20.000000,0.966473,1.834277
0,-0.000108,0.100000,0.205128,30.154930,0.345283,5048.000000,1952.000000,89.156029,98.917504,44.578015,49.458752,24140,3880,0.235294,2597.000000,0.000000,40.000000,2.424079,1.978381
0,0.000000,0.100000,0.100000,3.042951,0.022187,1720.481509,126.375000,83.333333,89.507108,41.666667,44.753554,50740,22280,0.100000,72.000000,0.000000,40.000000,1.790866,1.790144
0,0.000000,0.090909,0.090909,22.614939,0.178617,2114.143424,977.280000,88.699721,89.887753,44.349860,44.943876,49800,3160,0.090909,31.000000,0.000000,40.000000,1.935435,1.797771
0,-0.000108,0.666667,0.205128,0.481972,0.345283,2425.312500,1952.000000,67.671546,98.917504,33.835773,49.458752,43500,10,0.700000,796.000000,0.000000,30.000000,1.353479,1.978381
0,0.000000,0.100000,0.100000,3.042951,0.022187,1720.481509,126.375000,83.333333,89.507108,41.666667,44.753554,49390,22280,0.100000,72.000000,0.000000,40.000000,1.790866,1.790144
0,-0.000108,0.100000,0.205128,30.154930,0.345283,5048.000000,1952.000000,89.156029,98.917504,44.578015,49.458752,25490,3880,0.235294,2597.000000,0.000000,40.000000,2.424079,1.978381
0,-0.000023,0.076923,0.071429,3.677137,0.000000,2675.000000,33004.000000,80.950573,81.467089,40.475286,40.733544,38910,30320,0.076923,94.000000,0.000000,40.000000,1.626081,1.629342
0,0.000000,0.200000,0.200000,0.720231,0.010107,108.632653,84.000000,84.855621,84.500000,42.427810,42.250000,12480,12180,0.200000,672.000000,0.000000,40.000000,1.702780,1.690001
0,-0.000000,0.200000,0.076923,0.924911,0.116249,113.382716,557.777778,84.479452,82.993485,42.239726,41.496742,8830,2460,0.200000,1037.000000,0.000000,40.000000,1.698042,1.659882
0,-0.000000,0.538462,0.466667,0.816839,0.116374,489.077098,569.250000,82.031858,83.104020,41.015929,41.552010,12480,7470,0.538462,672.000000,0.000000,40.000000,1.646317,1.662092
0,-0.000000,0.285714,0.230769,0.978098,0.071780,445.382716,426.125000,82.750618,82.305835,41.375309,41.152918,18930,8830,0.285714,1037.000000,0.000000,40.000000,1.663469,1.646123
0,0.000000,0.043478,0.043478,4.612989,0.121661,710.876033,667.140496,69.327269,40.413483,34.663635,20.206742,30050,7640,0.043478,26.000000,0.000000,30.000000,1.617073,0.000000
0,-0.000059,0.181818,0.529412,0.848173,6.406584,3608.000000,30976.000000,74.011515,40.493936,37.005758,20.246968,23540,10,0.642857,789.000000,0.000000,35.000000,1.480331,0.000000
0,-0.000002,0.545455,0.142857,0.025567,0.357374,168.000000,2028.000000,75.419771,40.917899,37.709885,20.458949,32130,10,0.545455,789.000000,0.000000,35.000000,1.508398,0.000000
0,0.000000,0.555556,0.555556,0.010986,0.019721,78.000000,112.000000,75.925531,35.841140,37.962765,17.920570,15100,10,0.555556,789.000000,0.000000,35.000000,1.518512,0.000000
0,0.000000,0.166667,0.200000,0.000000,0.000000,224.333333,137.312500,70.833331,41.530798,35.416666,20.765399,35870,10,0.200000,784.000000,0.000000,35.000000,1.416667,0.000000
0,0.000000,0.166667,0.300000,0.000000,0.000000,848.000000,130.612245,70.769195,41.874455,35.384598,20.937227,19830,10,0.300000,784.000000,0.000000,35.000000,1.415384,0.000000
0,0.000000,1.000000,1.000000,0.086071,0.086708,486.960000,431.250000,50.710124,69.143851,25.355062,34.571925,35540,10,1.000000,182.000000,0.000000,25.000000,1.014210,1.382886
0,0.000000,0.166667,0.166667,0.212171,20.966926,1178.375000,1285.140625,80.307546,78.799700,40.153773,39.399850,40060,6310,0.166667,217.000000,0.000000,40.000000,1.606170,1.749145
0,0.000000,0.100000,0.100000,0.427333,0.000000,57.493343,102.263889,84.010853,80.185489,42.005426,40.092744,21130,3080,0.100000,74.000000,0.000000,40.000000,1.687444,1.603710
0,0.000000,0.095238,0.095238,0.489132,0.000000,416.587093,461.357639,83.772759,79.947394,41.886379,39.973697,7860,3080,0.095238,74.000000,0.000000,40.000000,1.682688,1.598948
0,0.000000,0.555556,0.555556,5.910183,0.000000,10246.000000,1200.000000,91.663560,91.326267,45.831780,45.663134,32450,24270,0.555556,54.000000,0.000000,45.000000,1.980972,1.826525
0,0.000000,0.555556,0.555556,5.910183,0.000000,10246.000000,1200.000000,91.663560,91.326267,45.831780,45.663134,42380,24270,0.555556,54.000000,0.000000,45.000000,1.980972,1.826525
0,-0.000000,0.037037,0.038462,34.052638,0.062105,1342.550781,359.524444,68.004912,78.685956,34.002456,39.342978,36820,15260,0.040000,564.000000,0.000000,30.000000,1.808246,1.573725
0,-0.000000,0.076923,0.058824,2.275154,0.000000,49.622452,234.900000,65.447945,83.895014,32.723972,41.947507,30510,4250,0.250000,806.000000,0.000000,30.000000,1.407744,1.677900
0,0.000000,0.083333,0.071429,22.128306,0.171793,922.375000,885.644628,90.129839,48.869963,45.064920,24.434982,27150,1970,0.083333,220.000000,0.000000,45.000000,2.087491,0.000000
0,0.000000,0.058824,0.058824,12.057679,0.379772,874.398779,2078.875346,89.241203,89.983065,44.620601,44.991533,26780,26370,0.058824,109.000000,0.000000,40.000000,1.878245,1.799696
0,0.000000,0.058824,0.058824,12.057679,0.379772,874.398779,2078.875346,89.241203,89.983065,44.620601,44.991533,26780,17590,0.058824,109.000000,0.000000,40.000000,1.878245,1.799696
0,0.000000,0.083333,0.071429,22.128306,0.171793,922.375000,885.644628,90.129839,48.869963,45.064920,24.434982,16260,1970,0.083333,220.000000,0.000000,45.000000,2.087491,0.000000
0,0.000002,0.545455,0.857143,0.356949,0.231526,325.993056,1210.000000,92.857143,50.000000,46.428571,25.000000,23300,10,1.000000,416.000000,0.000000,45.000000,1.857423,0.000000
0,0.000002,0.545455,0.857143,0.356949,0.231526,325.993056,1210.000000,92.857143,50.000000,46.428571,25.000000,14520,10,1.000000,416.000000,0.000000,45.000000,1.857423,0.000000
0,0.000000,0.083333,0.071429,69.302524,0.171793,922.375000,885.644628,90.129839,48.869963,45.064920,24.434982,31380,1970,0.083333,220.000000,0.000000,45.000000,4.596976,0.000000
0,-0.000003,0.476190,0.142857,12.456636,0.148247,787.741612,868.875346,81.585390,39.983065,40.792695,19.991533,26780,3080,0.476190,109.000000,0.000000,40.000000,1.732354,0.000000
0,0.000000,0.090909,0.090909,11.118209,0.000000,877.912722,1052.290000,85.329394,88.211294,42.664697,44.105647,10580,1970,0.090909,135.000000,0.000000,40.000000,1.971993,1.764226
0,0.000000,0.090909,0.090909,11.118209,0.000000,877.912722,1052.290000,85.329394,88.211294,42.664697,44.105647,7630,1970,0.090909,135.000000,0.000000,40.000000,1.971993,1.764226
0,0.000000,0.043478,0.043478,11.006802,0.000000,329.582722,503.960000,88.111271,90.534531,44.055635,45.267265,38430,7630,0.043478,135.000000,0.000000,40.000000,2.027619,1.810691
0,0.000000,0.043478,0.043478,11.006802,0.000000,329.582722,503.960000,88.111271,90.534531,44.055635,45.267265,38430,10580,0.043478,135.000000,0.000000,40.000000,2.027619,1.810691
0,0.000000,0.166667,0.166667,0.126856,0.000000,683.140496,667.140496,81.880229,40.474512,40.940114,20.237256,29180,6990,0.166667,256.000000,0.000000,40.000000,1.637616,0.000000
0,-0.000000,0.800000,0.666667,0.000000,0.000000,139.000000,84.231405,69.821381,42.151178,34.910691,21.075589,30520,10,0.800000,954.000000,0.000000,30.000000,1.396428,0.000000
0,-0.000000,0.200000,0.166667,5.673295,0.000000,201.312500,137.312500,76.491292,41.070418,38.245646,20.535209,41390,5910,0.200000,364.000000,0.000000,35.000000,1.647027,0.000000
0,-0.000000,0.200000,0.166667,0.000000,0.000000,75.111111,11.111111,70.200560,42.500000,35.100280,21.250000,4570,10,0.200000,954.000000,0.000000,35.000000,1.404011,0.000000
0,-0.000000,0.857143,0.933333,12.636075,0.158262,842.000000,800.000000,68.331703,40.730136,34.165851,20.365068,14440,13710,1.000000,751.000000,0.000000,30.000000,1.689971,0.000000
0,0.000000,0.142857,0.181818,0.090685,0.000000,500.750000,137.312500,46.254285,41.009047,23.127142,20.504523,34130,10,0.181818,1099.000000,0.000000,20.000000,0.925094,0.000000
0,0.000000,0.071429,0.090909,0.006663,0.000000,72.000000,178.571429,46.082245,39.305423,23.041122,19.652712,9810,10,0.090909,1099.000000,0.000000,20.000000,0.921645,0.000000
0,0.000000,0.285714,0.285714,0.017742,0.000000,112.000000,121.500000,48.075017,41.666667,24.037509,20.833333,24730,10,0.285714,1099.000000,0.000000,20.000000,0.961502,0.000000
0,0.000000,0.357143,0.454545,0.356301,0.000000,1619.000000,637.000000,45.746492,40.612489,22.873246,20.306244,26910,10,0.454545,1099.000000,0.000000,20.000000,0.914970,0.000000
0,-0.000000,0.200000,0.181818,35.047904,0.000000,551.708333,226.000000,86.633107,86.579985,43.316553,43.289992,42810,7570,0.200000,104.000000,0.000000,40.000000,2.884013,1.731600
0,-0.000000,0.200000,0.181818,35.047904,0.000000,551.708333,226.000000,86.633107,86.579985,43.316553,43.289992,30290,7570,0.200000,104.000000,0.000000,40.000000,2.884013,1.731600
0,0.000000,0.166667,0.166667,0.006068,0.009237,56.000000,54.000000,37.292508,43.023889,18.646254,21.511944,960,10,0.166667,406.000000,0.000000,15.000000,0.745851,0.000000
0,0.000000,0.333333,0.333333,1.986743,0.012351,83.320000,83.352041,50.016840,48.492743,25.008420,24.246372,34680,10,0.333333,501.000000,0.000000,25.000000,1.042044,0.000000
0,0.000000,0.166667,0.333333,0.006556,0.012351,72.000000,83.352041,54.195327,48.492743,27.097664,24.246372,1280,10,0.333333,501.000000,0.000000,25.000000,1.083907,0.000000
0,0.000000,0.166667,0.333333,10.998456,0.082696,263.662722,480.200000,85.788957,50.000000,42.894479,25.000000,10580,2950,0.333333,207.000000,0.000000,40.000000,1.981173,0.000000
0,0.000000,0.166667,0.333333,0.006046,0.039182,47.111111,251.680000,41.973290,36.495054,20.986645,18.247527,1060,10,0.333333,396.000000,0.000000,20.000000,0.839466,0.000000
0,0.000000,0.166667,0.333333,10.998456,0.082696,263.662722,480.200000,85.788957,50.000000,42.894479,25.000000,7630,2950,0.333333,207.000000,0.000000,40.000000,1.981173,0.000000
0,-0.000000,0.090909,0.076923,0.100163,0.000000,91.437500,192.888889,90.714286,91.279914,45.357143,45.639957,29150,12680,0.090909,401.000000,0.000000,45.000000,1.814427,1.825598
0,-0.000000,0.166667,0.153846,0.051910,0.000000,276.250000,360.000000,60.000000,98.203658,30.000000,49.101829,12830,10,0.181818,1583.000000,0.000000,30.000000,1.200005,1.964073
0,0.000000,0.125000,0.187500,0.443017,0.000000,37.285714,1696.592593,66.885752,80.863788,33.442876,40.431894,11580,4430,0.187500,2777.000000,0.000000,30.000000,1.342508,1.617276
0,-0.000000,0.090909,0.076923,0.100163,0.000000,460.032541,1068.592593,89.614471,90.863789,44.807235,45.431895,28190,24650,0.090909,401.000000,0.000000,40.000000,1.792431,1.817276
0,-0.000000,0.111111,0.153846,196.653039,0.000000,999.250000,360.000000,88.186710,98.203658,44.093355,49.101829,3340,2490,0.181818,1335.000000,0.000000,40.000000,21.737681,1.964073
0,-0.000000,0.153846,0.133333,0.016480,0.000000,85.691327,408.888889,85.476190,89.483572,42.738095,44.741786,26460,9140,0.153846,670.000000,0.000000,40.000000,1.709525,1.789671
0,0.000000,0.083333,0.125000,0.072357,0.000000,367.171296,820.888889,82.792230,81.279912,41.396115,40.639956,32650,26460,0.125000,670.000000,0.000000,40.000000,1.655852,1.625598
0,-0.000000,0.111111,0.153846,196.745176,0.000000,1380.571429,772.000000,86.950825,89.999998,43.475413,44.999999,26000,3340,0.181818,1335.000000,0.000000,40.000000,21.712975,1.800000
0,0.000000,0.041667,0.062500,0.085765,0.000000,417.296296,804.040000,76.912286,79.727326,38.456143,39.863663,36220,32650,0.062500,670.000000,0.000000,35.000000,1.538255,1.594547
0,-0.000000,0.200000,0.153846,0.168600,0.000000,681.777778,772.000000,59.025065,89.999998,29.512533,44.999999,16730,10,0.200000,2262.000000,0.000000,25.000000,1.180528,1.800000
0,-0.000000,1.000000,0.666667,0.110178,0.000000,443.821429,988.000000,45.281537,88.203656,22.640768,44.101828,23520,10,1.000000,1583.000000,0.000000,20.000000,0.905645,1.764073
0,-0.000000,0.333333,0.200000,0.020349,0.000000,118.750000,1284.592593,51.087392,89.067447,25.543696,44.533724,16370,10,0.333333,1583.000000,0.000000,25.000000,1.021750,1.781349
0,-0.000000,0.076923,0.066667,0.029888,0.000000,135.816327,392.040000,79.596247,87.930986,39.798123,43.965493,36220,9140,0.076923,670.000000,0.000000,35.000000,1.591928,1.758620
0,-0.000000,0.166667,0.153846,41.856183,0.000000,965.750000,772.000000,82.002941,89.999998,41.001471,44.999999,21870,11180,0.181818,1748.000000,0.000000,40.000000,5.215447,1.800000
0,0.000000,0.100000,0.100000,0.006031,0.000000,70.875000,988.000000,49.053790,88.203656,24.526895,44.101828,37410,10,0.100000,194.000000,0.000000,20.000000,0.981076,1.764073
0,-0.000000,0.090909,0.076923,0.100163,0.000000,91.437500,192.888889,90.714286,91.279914,45.357143,45.639957,29150,18620,0.090909,401.000000,0.000000,45.000000,1.814427,1.825598
0,-0.000000,0.090909,0.076923,0.100163,0.000000,91.437500,192.888889,90.714286,91.279914,45.357143,45.639957,29150,24650,0.090909,401.000000,0.000000,45.000000,1.814427,1.825598
0,-0.000000,0.090909,0.076923,0.100163,0.000000,460.032541,1068.592593,89.614471,90.863789,44.807235,45.431895,28190,18620,0.090909,401.000000,0.000000,40.000000,1.792431,1.817276
0,-0.000000,0.166667,0.153846,0.051910,0.000000,276.250000,360.000000,60.000000,98.203658,30.000000,49.101829,6800,10,0.181818,1583.000000,0.000000,30.000000,1.200005,1.964073
0,-0.000000,0.090909,0.076923,0.100163,0.000000,460.032541,1068.592593,89.614471,90.863789,44.807235,45.431895,28190,12680,0.090909,401.000000,0.000000,40.000000,1.792431,1.817276
0,0.000000,0.066667,0.066667,7.517316,0.000000,374.062500,77.000000,78.807268,91.428571,39.403634,45.714286,55620,25110,0.066667,52.000000,0.000000,35.000000,1.654947,1.828571
0,-0.000000,0.111111,0.066667,0.002760,0.000000,31.062500,77.000000,49.428428,91.428571,24.714214,45.714286,53620,10,0.111111,252.000000,0.000000,20.000000,0.988569,1.828571
0,0.000000,0.200000,0.200000,0.083089,0.000000,458.312500,161.250000,88.781962,89.999997,44.390981,44.999998,25330,19520,0.200000,30.000000,0.000000,40.000000,1.775647,1.800000
0,0.000000,0.200000,0.200000,0.083089,0.000000,458.312500,161.250000,88.781962,89.999997,44.390981,44.999998,19520,2230,0.200000,30.000000,0.000000,40.000000,1.775647,1.800000
0,-0.000000,0.400000,0.750000,0.028391,0.186251,124.000000,1272.222222,46.650690,70.189844,23.325345,35.094922,14930,10,1.000000,2138.000000,0.000000,20.000000,0.933018,1.403811
0,-0.000000,0.200000,0.125000,1.043172,0.062682,142.666667,412.500000,82.499301,70.624611,41.249651,35.312306,20530,5790,0.200000,1578.000000,0.000000,40.000000,1.662194,1.412497
0,0.000000,0.047619,0.047619,3.447193,0.000000,326.661612,894.708950,88.499848,90.778153,44.249924,45.389077,49520,44680,0.047619,174.000000,0.000000,40.000000,1.801047,1.815563
0,0.000000,0.833333,0.806452,6.475140,0.000000,130.111111,757.396450,100.000000,50.000000,50.000000,25.000000,25840,10,0.840000,2542.000000,0.000000,50.000000,2.582326,0.000000
0,0.000000,0.833333,0.806452,6.475140,0.000000,130.111111,757.396450,100.000000,50.000000,50.000000,25.000000,5010,10,0.840000,2542.000000,0.000000,50.000000,2.582326,0.000000
0,-0.000000,0.125000,0.095238,0.184313,0.000000,892.250000,137.312500,80.692648,40.778153,40.346324,20.389077,33150,12160,0.238095,1327.000000,0.000000,40.000000,1.613872,0.000000
0,0.000000,0.047619,0.047619,3.447193,0.000000,326.661612,894.708950,88.499848,90.778153,44.249924,45.389077,44680,28690,0.047619,174.000000,0.000000,40.000000,1.801047,1.815563
0,0.000000,0.400000,0.806452,2.110923,0.000000,206.111111,757.396450,87.420407,50.000000,43.710204,25.000000,6370,10,0.840000,2542.000000,0.000000,40.000000,1.768301,0.000000
0,0.000000,0.047619,0.047619,3.447193,0.000000,326.661612,894.708950,88.499848,90.778153,44.249924,45.389077,44680,30050,0.047619,174.000000,0.000000,40.000000,1.801047,1.815563
0,-0.000000,0.090909,0.064516,0.232639,0.000000,1083.994898,3346.110000,90.538556,47.652283,45.269278,23.826141,27050,13780,0.090909,1165.000000,0.000000,45.000000,1.810796,0.000000
0,0.000000,0.363636,0.354839,0.030279,0.000000,278.222222,39.609375,84.622188,42.638688,42.311094,21.319344,4300,10,0.363636,2113.000000,0.000000,40.000000,1.692447,0.000000
0,-0.000000,0.090909,0.064516,0.232639,0.000000,1083.994898,3346.110000,90.538556,47.652283,45.269278,23.826141,16010,13780,0.090909,1165.000000,0.000000,45.000000,1.810796,0.000000
0,0.000000,0.500000,0.500000,0.008674,0.000000,38.111111,27.000000,45.215718,40.000000,22.607859,20.000000,1970,40,0.500000,1389.000000,0.000000,20.000000,0.904315,0.000000
0,0.000000,0.142857,0.142857,5.673295,0.000000,148.423611,137.312500,76.491296,41.542048,38.245648,20.771024,41390,10470,0.142857,539.000000,0.000000,35.000000,1.647027,0.000000
0,0.000000,1.000000,1.000000,0.018369,0.000000,117.592593,60.307692,51.251945,41.389015,25.625972,20.694508,25960,10,1.000000,1585.000000,0.000000,25.000000,1.025041,0.000000
0,0.000000,1.000000,1.000000,3.220929,0.000000,514.197531,0.000000,79.332828,0.000000,39.666414,0.000000,20020,4850,1.000000,3185.000000,0.000000,35.000000,1.601569,0.000000
0,-0.000001,0.500000,0.250000,17.805155,0.371239,2339.791950,2188.120000,89.638142,97.799045,44.819071,48.899522,39960,11060,0.500000,82.000000,0.000000,40.000000,1.860899,1.956012
0,-0.000001,0.500000,0.250000,17.805155,0.371239,2339.791950,2188.120000,89.638142,97.799045,44.819071,48.899522,39960,32940,0.500000,82.000000,0.000000,40.000000,1.860899,1.956012
0,0.000000,0.500000,0.500000,0.167538,0.005111,897.644628,34.500000,50.000000,89.858717,25.000000,44.929359,30110,10,0.500000,223.000000,0.000000,25.000000,1.000016,1.797175
0,0.000000,0.500000,0.500000,0.167538,0.005111,897.644628,34.500000,50.000000,89.858717,25.000000,44.929359,34340,10,0.500000,223.000000,0.000000,25.000000,1.000016,1.797175
0,0.000000,0.500000,0.500000,0.167538,0.005111,897.644628,34.500000,50.000000,89.858717,25.000000,44.929359,19220,10,0.500000,223.000000,0.000000,25.000000,1.000016,1.797175
0,0.000000,0.500000,0.500000,0.004458,0.011405,57.555556,80.214844,41.798731,39.889763,20.899365,19.944881,14870,10,0.500000,934.000000,0.000000,20.000000,0.835975,0.000000
0,-0.000000,0.076923,0.066667,0.247109,0.000000,1942.017778,1539.000000,84.450330,41.051711,42.225165,20.525855,33760,10,0.076923,485.000000,0.000000,40.000000,1.689029,0.000000
0,0.000000,0.615385,0.666667,2.041612,0.000000,623.777778,302.500000,95.000000,50.000000,47.500000,25.000000,36530,10,0.666667,485.000000,0.000000,45.000000,1.957891,0.000000
0,0.000000,0.615385,0.666667,2.041612,0.000000,623.777778,302.500000,95.000000,50.000000,47.500000,25.000000,24410,10,0.666667,485.000000,0.000000,45.000000,1.957891,0.000000
0,-0.000000,0.181818,0.250000,0.239884,0.000000,935.360000,204.764706,79.571098,41.130165,39.785549,20.565082,23490,22240,0.416667,2144.000000,0.000000,35.000000,1.591453,0.000000
0,-0.000000,0.071429,0.555556,0.113418,0.000000,572.680556,332.750000,91.808304,50.000000,45.904152,25.000000,32300,22090,0.750000,1138.000000,0.000000,45.000000,1.836177,0.000000
0,-0.000000,0.071429,0.555556,0.113418,0.000000,572.680556,332.750000,91.808304,50.000000,45.904152,25.000000,32300,1010,0.750000,1138.000000,0.000000,45.000000,1.836177,0.000000
0,-0.000000,0.071429,0.555556,0.113418,0.000000,572.680556,332.750000,91.808304,50.000000,45.904152,25.000000,32300,3300,0.750000,1138.000000,0.000000,45.000000,1.836177,0.000000
0,-0.000000,0.888889,0.555556,0.039688,0.000000,253.611111,332.750000,49.000641,50.000000,24.500320,25.000000,36470,10,0.888889,721.000000,0.000000,20.000000,0.980016,0.000000
0,-0.000000,0.071429,0.555556,0.113418,0.000000,572.680556,332.750000,91.808304,50.000000,45.904152,25.000000,32300,4010,0.750000,1138.000000,0.000000,45.000000,1.836177,0.000000
0,-0.000000,0.071429,0.555556,0.113418,0.000000,572.680556,332.750000,91.808304,50.000000,45.904152,25.000000,32300,6210,0.750000,1138.000000,0.000000,45.000000,1.836177,0.000000
0,0.000000,0.083333,0.100000,4.636117,0.000000,710.440000,97.920000,80.332340,42.352896,40.166170,21.176448,29540,21030,0.100000,1414.000000,0.000000,40.000000,1.663183,0.000000
0,0.000025,0.200000,0.600000,0.113918,0.000000,853.073724,651.215278,78.550868,41.274773,39.275434,20.637386,30020,10,0.600000,108.000000,0.000000,35.000000,1.571027,0.000000
0,-0.000020,1.000000,0.666667,10.385847,0.000000,525.802469,764.111111,87.500000,50.000000,43.750000,25.000000,24260,10,1.000000,108.000000,0.000000,40.000000,1.891259,0.000000
0,-0.000020,1.000000,0.666667,10.385847,0.000000,525.802469,764.111111,87.500000,50.000000,43.750000,25.000000,11100,10,1.000000,108.000000,0.000000,40.000000,1.891259,0.000000
0,-0.000020,1.000000,0.666667,10.385847,0.000000,525.802469,764.111111,87.500000,50.000000,43.750000,25.000000,34450,10,1.000000,108.000000,0.000000,40.000000,1.891259,0.000000
0,0.000000,0.125000,0.125000,1.646655,0.000000,721.437500,700.000000,71.191519,40.032834,35.595760,20.016417,5840,730,0.125000,36.000000,0.000000,35.000000,1.479120,0.000000
0,-0.000020,1.000000,0.666667,10.385847,0.000000,525.802469,764.111111,87.500000,50.000000,43.750000,25.000000,20660,10,1.000000,108.000000,0.000000,40.000000,1.891259,0.000000
0,-0.000020,1.000000,0.666667,10.385847,0.000000,525.802469,764.111111,87.500000,50.000000,43.750000,25.000000,19020,10,1.000000,108.000000,0.000000,40.000000,1.891259,0.000000
0,0.000000,0.111111,0.111111,8.980068,0.000000,2201.120000,5455.444444,83.842689,88.953560,41.921345,44.476780,11570,5380,0.111111,70.000000,0.000000,40.000000,1.889600,1.779071
0,0.000000,0.200000,0.200000,0.018768,0.000000,115.750000,472.000000,81.428564,80.462398,40.714282,40.231199,55840,19520,0.200000,235.000000,0.000000,40.000000,1.628573,1.609248
0,0.000000,0.111111,0.111111,8.980068,0.000000,2201.120000,5455.444444,83.842689,88.953560,41.921345,44.476780,33450,5380,0.111111,70.000000,0.000000,40.000000,1.889600,1.779071
0,-0.000000,0.266667,0.250000,0.066702,0.000000,285.684911,5352.444444,76.361821,90.462398,38.180911,45.231199,49550,25510,0.266667,864.000000,0.000000,35.000000,1.527251,1.809248
0,0.000000,0.230769,0.230769,0.000000,0.000000,2502.194444,5333.381944,100.000000,91.466594,50.000000,45.733297,10130,10,0.230769,214.000000,0.000000,50.000000,2.000000,1.829332
0,0.000000,0.076923,0.076923,0.000000,0.000000,39.277778,124.937500,91.428571,81.928992,45.714286,40.964496,56050,10,0.076923,214.000000,0.000000,45.000000,1.828571,1.638580
0,0.000000,0.230769,0.230769,0.000000,0.000000,2502.194444,5333.381944,100.000000,91.466594,50.000000,45.733297,32010,10,0.230769,214.000000,0.000000,50.000000,2.000000,1.829332
0,0.000000,0.400000,0.400000,0.463409,0.000000,2578.666667,5680.444444,89.999993,90.000000,44.999996,45.000000,31800,19520,0.400000,235.000000,0.000000,40.000000,1.800042,1.800000
0,0.000000,0.400000,0.400000,0.463409,0.000000,2578.666667,5680.444444,89.999993,90.000000,44.999996,45.000000,19520,9920,0.400000,235.000000,0.000000,40.000000,1.800042,1.800000
0,-0.000000,0.266667,0.250000,55.354219,0.000000,1279.947531,5352.444444,77.596275,90.462398,38.798138,45.231199,49930,4010,0.266667,826.000000,0.000000,35.000000,2.763660,1.809248
0,0.000000,0.200000,0.200000,0.000000,0.000000,123.527778,452.937500,89.999996,81.466594,44.999998,40.733297,19730,10,0.200000,214.000000,0.000000,40.000000,1.800000,1.629332
0,-0.000000,0.125000,0.214286,0.004615,0.000000,97.500000,80.214844,45.987438,40.585925,22.993719,20.292962,11340,10,0.375000,1313.000000,0.000000,20.000000,0.919749,0.000000
0,-0.000000,0.083333,0.071429,4.421286,0.000000,386.612245,124.470588,81.202965,40.304571,40.601482,20.152286,27340,8800,0.083333,434.000000,0.000000,40.000000,1.697237,0.000000
0,-0.000000,0.181818,0.307692,0.279538,0.000000,1545.846154,992.750000,79.946402,49.663742,39.973201,24.831871,48450,5810,0.363636,733.000000,0.000000,35.000000,1.598953,0.000000
0,-0.000000,0.181818,0.307692,0.279538,0.000000,1545.846154,992.750000,79.946402,49.663742,39.973201,24.831871,47100,5810,0.363636,733.000000,0.000000,35.000000,1.598953,0.000000
0,-0.000001,0.333333,0.428571,0.003062,0.000000,40.750000,3600.000000,45.098099,39.086640,22.549049,19.543320,50430,10,0.461538,821.000000,0.000000,20.000000,0.901962,0.000000
0,0.000000,0.461538,0.461538,0.484673,0.000000,2681.444444,0.000000,50.513847,0.000000,25.256924,0.000000,6520,10,0.461538,170.000000,0.000000,25.000000,1.010321,0.000000
0,-0.000000,0.125000,0.111111,0.558986,0.000000,1612.500000,32.666667,73.330338,41.625000,36.665169,20.812500,9910,5200,0.125000,302.000000,0.000000,35.000000,1.467141,0.000000
0,0.000000,0.142857,0.142857,0.154396,0.000000,961.920000,97.920000,82.352926,42.352933,41.176463,21.176467,35610,30340,0.142857,24.000000,0.000000,40.000000,1.647071,0.000000
0,0.000000,0.285714,0.285714,0.313988,0.000000,1822.222222,958.222222,79.961846,39.979220,39.980923,19.989610,39500,30340,0.285714,24.000000,0.000000,35.000000,1.599264,0.000000
0,0.000000,0.153846,0.153846,0.018676,0.000000,123.484444,204.764706,52.912491,41.169176,26.456245,20.584588,43880,10,0.153846,178.000000,0.000000,25.000000,1.058251,0.000000
0,0.000000,0.444444,0.444444,0.004343,0.000000,52.111111,32.666667,50.990682,41.327059,25.495341,20.663530,11230,10,0.444444,178.000000,0.000000,25.000000,1.019814,0.000000
0,0.000000,0.500000,0.500000,1.731301,0.009718,119.352041,68.400000,84.736148,92.500000,42.368074,46.250000,39600,6970,0.500000,297.000000,0.000000,40.000000,1.712703,1.850001
0,0.000000,0.166667,0.500000,0.007429,0.009718,72.000000,68.400000,58.176559,92.500000,29.088280,46.250000,780,10,0.500000,916.000000,0.000000,25.000000,1.163532,1.850001
0,-0.000029,0.571429,0.500000,1.731301,0.044838,285.852041,286.320000,84.204469,89.833074,42.102235,44.916537,39600,13340,0.571429,297.000000,0.000000,40.000000,1.702070,1.796665
0,-0.000029,0.833333,0.500000,0.010299,0.044838,94.979592,286.320000,61.804207,89.833074,30.902104,44.916537,7150,10,0.833333,916.000000,0.000000,30.000000,1.236085,1.796665
0,-0.000000,0.111111,0.100000,18.573712,0.018369,1321.000000,118.418403,84.479477,100.000000,42.239739,50.000000,47300,12160,0.125000,944.000000,0.000000,40.000000,2.685442,2.000001
0,-0.000000,0.111111,0.100000,18.573712,0.018369,1321.000000,118.418403,84.479477,100.000000,42.239739,50.000000,17540,12160,0.125000,944.000000,0.000000,40.000000,2.685442,2.000001
0,-0.000000,0.111111,0.100000,18.573712,0.018369,1321.000000,118.418403,84.479477,100.000000,42.239739,50.000000,47300,15960,0.125000,944.000000,0.000000,40.000000,2.685442,2.000001
0,-0.000000,0.111111,0.100000,18.573712,0.018369,1321.000000,118.418403,84.479477,100.000000,42.239739,50.000000,17540,15960,0.125000,944.000000,0.000000,40.000000,2.685442,2.000001
0,0.000000,0.250000,0.250000,12.261823,0.020338,859.000000,124.470588,79.092520,41.540455,39.546260,20.770227,15820,5080,0.250000,1660.000000,0.000000,35.000000,1.672122,0.000000
0,-0.000000,0.600000,0.500000,13.048108,0.062319,309.000000,347.027778,69.860291,41.492924,34.930146,20.746462,15410,10,0.666667,2167.000000,0.000000,30.000000,1.744661,0.000000
0,-0.000000,0.062500,0.058824,5.561595,0.011524,276.180000,75.764275,77.112948,77.380115,38.556474,38.690057,28230,3880,0.062500,308.000000,0.000000,35.000000,1.603709,1.547603
0,-0.000000,0.214286,0.166667,17.832550,0.053126,796.288889,332.400000,79.337321,79.383527,39.668661,39.691763,39540,19070,0.214286,331.000000,0.000000,35.000000,1.794784,1.587675
0,-0.000000,0.071429,0.055556,18.020493,0.219610,1929.750000,1403.673469,77.354058,70.376268,38.677029,35.188134,19070,3710,0.071429,331.000000,0.000000,35.000000,1.755134,1.407543
0,0.000000,0.714286,0.714286,5.162248,0.165393,711.333333,1000.000000,79.935366,70.521018,39.967683,35.260509,27570,20620,0.714286,176.000000,0.000000,35.000000,1.656056,1.410434
0,-0.000000,0.214286,0.166667,0.539748,0.053126,847.240930,332.400000,79.112156,79.383527,39.556078,39.691763,19130,6200,0.214286,325.000000,0.000000,35.000000,1.583991,1.587675
0,0.000000,0.166667,0.166667,0.076373,0.026950,492.180000,196.000000,82.507322,42.222232,41.253661,21.111116,39700,22450,0.166667,175.000000,0.000000,40.000000,1.650152,0.000000
0,-0.000000,0.222222,0.111111,0.189759,0.016053,751.000000,137.312500,80.533663,41.538491,40.266832,20.769246,22480,15260,0.222222,2619.000000,0.000000,40.000000,1.610697,0.000000
0,0.000000,0.055556,0.055556,0.073832,0.011026,475.440000,80.214844,80.883895,41.932548,40.441948,20.966274,39700,23670,0.055556,175.000000,0.000000,40.000000,1.617684,0.000000
0,0.000000,0.055556,0.055556,0.190156,0.128845,1146.235556,777.656805,79.615105,41.139998,39.807552,20.569999,39700,33630,0.055556,175.000000,0.000000,35.000000,1.592318,0.000000
0,-0.000000,0.458333,0.407407,10.924147,0.000000,5773.250000,1448.000000,80.236823,83.977514,40.118412,41.988757,52850,40690,0.458333,149.000000,0.000000,40.000000,1.909131,1.679550
0,-0.000000,0.200000,0.407407,0.029704,0.000000,141.540000,1448.000000,48.045661,83.977514,24.022831,41.988757,24170,10,0.500000,3017.000000,0.000000,20.000000,0.960917,1.679550
0,0.000000,0.050000,0.050000,0.584807,0.163201,572.691766,996.592593,71.057122,81.817178,35.528561,40.908589,32800,24150,0.050000,175.000000,0.000000,35.000000,1.426180,1.636357
0,0.000000,0.111111,0.111111,0.052626,0.000000,242.088889,321.723183,89.141465,90.457470,44.570732,45.228735,8470,2840,0.111111,487.000000,0.000000,40.000000,1.782835,1.809149
0,0.000000,0.111111,0.111111,0.052626,0.000000,242.088889,321.723183,89.141465,90.457470,44.570732,45.228735,11420,2840,0.111111,487.000000,0.000000,40.000000,1.782835,1.809149
0,-0.000003,0.125000,0.166667,5.243844,0.000000,644.306122,269.798611,89.995914,89.887829,44.997957,44.943915,35350,7240,0.176471,163.000000,0.000000,40.000000,1.998989,1.797757
0,-0.000003,0.125000,0.166667,5.243844,0.000000,644.306122,269.798611,89.995914,89.887829,44.997957,44.943915,35350,33490,0.176471,163.000000,0.000000,40.000000,1.998989,1.797757
0,-0.000003,0.125000,0.166667,5.243844,0.000000,644.306122,269.798611,89.995914,89.887829,44.997957,44.943915,35350,15410,0.176471,163.000000,0.000000,40.000000,1.998989,1.797757
0,-0.000003,0.125000,0.166667,5.243844,0.000000,644.306122,269.798611,89.995914,89.887829,44.997957,44.943915,35350,17610,0.176471,163.000000,0.000000,40.000000,1.998989,1.797757
0,-0.000003,0.125000,0.166667,5.243844,0.000000,644.306122,269.798611,89.995914,89.887829,44.997957,44.943915,35350,12410,0.176471,163.000000,0.000000,40.000000,1.998989,1.797757
0,-0.000003,0.125000,0.166667,5.243844,0.000000,644.306122,269.798611,89.995914,89.887829,44.997957,44.943915,35350,14700,0.176471,163.000000,0.000000,40.000000,1.998989,1.797757
0,0.000000,0.125000,0.125000,1.764155,0.209355,254.878893,1188.222222,87.247268,91.636297,43.623634,45.818148,23170,3170,0.125000,15.000000,0.000000,40.000000,1.783015,1.832744
0,0.000000,0.125000,0.125000,1.764155,0.209355,254.878893,1188.222222,87.247268,91.636297,43.623634,45.818148,36960,3170,0.125000,15.000000,0.000000,40.000000,1.783015,1.832744
0,0.000000,0.125000,0.125000,1.764155,0.209355,254.878893,1188.222222,87.247268,91.636297,43.623634,45.818148,13610,3170,0.125000,15.000000,0.000000,40.000000,1.783015,1.832744
0,0.000000,0.125000,0.125000,1.764155,0.209355,254.878893,1188.222222,87.247268,91.636297,43.623634,45.818148,26770,3170,0.125000,15.000000,0.000000,40.000000,1.783015,1.832744
0,0.000000,0.125000,0.125000,1.764155,0.209355,254.878893,1188.222222,87.247268,91.636297,43.623634,45.818148,21530,3170,0.125000,15.000000,0.000000,40.000000,1.783015,1.832744
0,0.000000,0.100000,0.100000,0.028289,0.048388,191.408163,338.080000,79.997121,79.992174,39.998561,39.996087,24790,13600,0.100000,243.000000,0.000000,35.000000,1.599945,1.599847
0,-0.000000,0.100000,0.090909,0.000000,0.038160,127.360000,243.755556,46.656358,75.628489,23.328179,37.814244,24790,10,0.100000,447.000000,0.000000,20.000000,0.933127,1.512573
0,0.000000,0.090909,0.090909,0.020293,0.029433,139.830588,179.501730,49.349508,80.433415,24.674754,40.216708,32470,10,0.090909,140.000000,0.000000,20.000000,0.986992,1.608671
0,0.000000,0.090909,0.090909,0.011127,0.058587,99.860000,396.000000,50.282405,80.060582,25.141203,40.030291,24040,10,0.090909,140.000000,0.000000,25.000000,1.005649,1.601216
0,0.000030,0.545455,0.700000,0.000000,0.000000,1011.952593,670.530612,47.175523,41.162153,23.587761,20.581077,32110,10,0.700000,470.000000,0.000000,20.000000,0.943510,0.000000
0,-0.000034,0.363636,0.100000,0.000000,0.000000,746.891250,229.687500,45.824382,39.989877,22.912191,19.994938,33230,10,0.363636,470.000000,0.000000,20.000000,0.916488,0.000000
0,0.000000,0.142857,0.142857,156.030406,0.000000,3982.111111,1011.111111,69.091004,79.270913,34.545502,39.635456,24270,18360,0.142857,178.000000,0.000000,30.000000,4.447169,1.585418
0,0.000000,0.083333,0.083333,4.838680,0.000000,4238.723183,1376.816609,82.343939,86.228060,41.171969,43.114030,24610,16200,0.083333,144.000000,0.000000,40.000000,1.679866,1.724561
0,0.000000,0.083333,0.083333,4.838680,0.000000,4238.723183,1376.816609,82.343939,86.228060,41.171969,43.114030,24610,13250,0.083333,144.000000,0.000000,40.000000,1.679866,1.724561
0,0.000000,0.181818,0.181818,0.016829,0.000000,152.672500,519.360000,54.873605,84.555794,27.436803,42.277897,47050,10,0.181818,347.000000,0.000000,25.000000,1.097473,1.691116
0,-0.000000,0.125000,0.111111,0.016097,0.000000,157.312500,536.666667,49.541292,82.415176,24.770646,41.207588,48550,10,0.125000,197.000000,0.000000,20.000000,0.990827,1.648304
0,0.000000,0.375000,0.375000,1.247771,0.006248,56.000000,36.000000,79.472505,41.111111,39.736252,20.555555,43340,14030,0.375000,140.000000,0.000000,35.000000,1.603641,0.000000
0,-0.000000,0.333333,0.125000,0.004117,0.005294,71.386667,38.720000,64.862159,39.970786,32.431079,19.985393,12920,10,0.333333,251.000000,0.000000,30.000000,1.297243,0.000000
0,-0.000005,0.022222,0.015152,0.535523,0.430161,2796.265928,2523.847819,90.660172,91.006798,45.330086,45.503399,35410,26560,0.022222,754.000000,0.000000,45.000000,1.813255,1.820173
0,-0.000005,0.022222,0.015152,0.535523,0.430161,2796.265928,2523.847819,90.660172,91.006798,45.330086,45.503399,26560,24370,0.022222,754.000000,0.000000,45.000000,1.813255,1.820173
0,0.000000,0.100000,0.100000,0.005246,0.010675,69.095000,67.760000,54.787733,66.234271,27.393867,33.117136,2750,10,0.100000,18.000000,0.000000,25.000000,1.095755,1.324686
0,0.000000,0.300000,0.300000,0.006192,0.015630,66.375000,88.550204,55.915163,65.318083,27.957582,32.659042,44970,10,0.300000,18.000000,0.000000,25.000000,1.118304,1.306363
0,-0.000002,0.142857,0.117647,4.924007,0.060811,25564.859504,376.816609,89.999433,50.000000,44.999717,25.000000,40050,10080,0.142857,534.000000,0.000000,40.000000,1.800463,0.000000
0,-0.000000,0.222222,0.200000,4.880962,0.053062,25343.000000,392.000000,80.920426,41.247421,40.460213,20.623711,53090,40050,0.222222,534.000000,0.000000,40.000000,1.618879,0.000000
0,-0.000002,0.142857,0.117647,4.924007,0.060811,25564.859504,376.816609,89.999433,50.000000,44.999717,25.000000,40050,13030,0.142857,534.000000,0.000000,40.000000,1.800463,0.000000
0,-0.000002,0.133333,0.117647,1.199176,0.088129,6500.000000,554.864198,81.538211,36.433099,40.769106,18.216550,41210,29000,0.133333,418.000000,0.000000,40.000000,1.630875,0.000000
0,0.000000,0.800000,1.000000,4.773215,0.000000,275.000000,0.000000,80.000000,0.000000,40.000000,0.000000,15860,13590,1.000000,883.000000,0.000000,35.000000,1.664604,0.000000
0,0.000000,0.857143,0.857143,60.848444,0.000000,962.000000,800.000000,93.750000,42.887598,46.875000,21.443799,24580,10,0.857143,11.000000,0.000000,45.000000,4.017670,0.000000
0,0.000000,0.857143,0.857143,60.848444,0.000000,962.000000,800.000000,93.750000,42.887598,46.875000,21.443799,22310,10,0.857143,11.000000,0.000000,45.000000,4.017670,0.000000
0,-0.000000,0.250000,0.100000,18.352866,0.006927,201.000000,40.640625,73.485177,50.000000,36.742588,25.000000,47300,9980,0.307692,1262.000000,0.000000,35.000000,2.465534,0.000000
0,0.000000,0.285714,0.300000,0.174889,0.032477,804.322314,219.453125,75.082726,39.997851,37.541363,19.998925,35680,8390,0.300000,1421.000000,0.000000,35.000000,1.501674,0.000000
0,-0.000000,0.875000,0.800000,2.655348,0.591354,254.234694,3312.000000,79.367011,40.561323,39.683505,20.280662,21780,8870,0.944444,1373.000000,0.000000,35.000000,1.634372,0.000000
0,-0.000000,0.250000,0.100000,18.352866,0.006927,201.000000,40.640625,73.485177,50.000000,36.742588,25.000000,17540,9980,0.307692,1262.000000,0.000000,35.000000,2.465534,0.000000
0,-0.000000,0.041667,0.030303,4.763474,0.623831,1325.625000,3531.453125,76.535269,80.559174,38.267635,40.279587,41080,26700,0.041667,881.000000,0.000000,35.000000,1.569166,1.611239
0,0.000000,0.400000,1.000000,1204.591303,39.149968,103044.000000,238572.000000,87.500000,50.000000,43.750000,25.000000,26230,10,1.000000,1345.000000,0.000000,40.000000,8.800730,0.000000
0,0.000000,0.400000,1.000000,1204.591303,39.149968,103044.000000,238572.000000,87.500000,50.000000,43.750000,25.000000,34430,10,1.000000,1345.000000,0.000000,40.000000,8.800730,0.000000
0,0.000000,0.400000,1.000000,1204.591303,39.149968,103044.000000,238572.000000,87.500000,50.000000,43.750000,25.000000,45500,10,1.000000,1345.000000,0.000000,40.000000,8.800730,0.000000
0,0.000000,0.444444,0.444444,0.000000,0.000000,104.214844,80.214844,48.348375,41.999971,24.174188,20.999985,25330,10,0.444444,315.000000,0.000000,20.000000,0.966968,0.000000
0,0.000000,0.444444,0.444444,0.000000,0.000000,148.470588,143.501730,48.265876,41.665407,24.132938,20.832704,32540,10,0.444444,315.000000,0.000000,20.000000,0.965318,0.000000
0,-0.000000,0.142857,0.062500,0.047140,0.000000,212.588889,1036.111111,87.457009,89.998161,43.728504,44.999080,8470,2740,0.166667,758.000000,0.000000,40.000000,1.749145,1.799963
0,0.000000,0.142857,0.125000,0.165164,0.000000,843.845805,2453.173777,50.574325,89.184795,25.287162,44.592398,33790,10,0.142857,1031.000000,0.000000,25.000000,1.011503,1.783696
0,0.000000,0.142857,0.125000,0.165164,0.000000,843.845805,2453.173777,50.574325,89.184795,25.287162,44.592398,22750,10,0.142857,1031.000000,0.000000,25.000000,1.011503,1.783696
0,-0.000000,0.142857,0.062500,0.047140,0.000000,212.588889,1036.111111,87.457009,89.998161,43.728504,44.999080,11420,2740,0.166667,758.000000,0.000000,40.000000,1.749145,1.799963
0,-0.000000,0.142857,0.333333,0.003409,0.000000,31.111111,1186.000000,12.614670,81.665096,6.307335,40.832548,110,10,0.444444,1031.000000,0.000000,5.000000,0.252294,1.633302
0,-0.000000,0.285714,0.153846,1.679113,0.024288,1027.500000,156.000000,80.022326,61.430116,40.011163,30.715058,31000,17130,0.285714,1218.000000,0.000000,40.000000,1.670276,1.228604
0,-0.000010,0.285714,0.133333,1.777918,0.093819,1616.000000,551.000000,90.000000,69.207894,45.000000,34.603947,21650,17130,0.285714,1218.000000,0.000000,40.000000,1.869838,1.384166
0,-0.000026,0.153846,0.333333,4.123527,0.010130,792.111111,65.306875,78.571429,69.207894,39.285714,34.603947,26640,26220,0.384615,309.000000,0.000000,35.000000,1.856898,1.384159
0,-0.000026,0.153846,0.333333,4.123527,0.010130,792.111111,65.306875,78.571429,69.207894,39.285714,34.603947,26220,13480,0.384615,309.000000,0.000000,35.000000,1.856898,1.384159
0,-0.000026,0.153846,0.333333,4.123527,0.010130,792.111111,65.306875,78.571429,69.207894,39.285714,34.603947,36830,26220,0.384615,309.000000,0.000000,35.000000,1.856898,1.384159
0,-0.000052,0.500000,0.666667,0.020299,0.142280,84.760000,937.897959,52.515071,61.067960,26.257536,30.533980,6300,120,0.727273,2919.000000,0.000000,25.000000,1.050304,1.221370
0,-0.000010,0.285714,0.133333,1.777918,0.093819,1616.000000,551.000000,90.000000,69.207894,45.000000,34.603947,33770,17130,0.285714,1218.000000,0.000000,40.000000,1.869838,1.384166
0,-0.000026,0.153846,0.333333,4.123527,0.010130,792.111111,65.306875,78.571429,69.207894,39.285714,34.603947,26220,21400,0.384615,309.000000,0.000000,35.000000,1.856898,1.384159
0,-0.000000,0.090909,0.083333,4.018087,0.025491,140.000000,156.500000,69.990066,60.446974,34.995033,30.223487,26750,26220,0.090909,309.000000,0.000000,30.000000,1.685263,1.208942
0,-0.000026,0.153846,0.333333,4.123527,0.010130,792.111111,65.306875,78.571429,69.207894,39.285714,34.603947,26220,23040,0.384615,309.000000,0.000000,35.000000,1.856898,1.384159
0,-0.000005,0.142857,0.066667,1.509759,0.024035,115.000000,189.970000,80.453004,59.977106,40.226502,29.988553,26100,17130,0.142857,1218.000000,0.000000,40.000000,1.678874,1.199544
0,-0.000000,0.125000,0.111111,4.042112,0.019560,244.000000,108.000000,70.176391,62.541204,35.088196,31.270602,26220,3040,0.125000,309.000000,0.000000,35.000000,1.688992,1.250826
0,0.000000,0.095238,0.263158,0.224912,0.000000,1198.118056,864.000000,88.903674,84.539740,44.451837,42.269870,40970,8150,0.263158,1115.000000,0.000000,40.000000,1.778095,1.690795
0,0.000000,0.230769,0.230769,4.204783,0.000000,295.723183,388.000000,89.764016,86.117355,44.882008,43.058678,13250,2520,0.230769,310.000000,0.000000,40.000000,1.828217,1.722347
0,0.000282,0.076923,0.176471,4.225741,0.000000,430.285683,507.888889,86.956535,81.921537,43.478268,40.960768,16200,7590,0.176471,310.000000,0.000000,40.000000,1.772069,1.638431
0,0.000000,1.000000,0.857143,0.005374,0.000000,142.000000,392.666667,88.653816,88.460388,44.326908,44.230194,5460,10,1.000000,1634.000000,0.000000,40.000000,1.773077,1.769208
0,0.000000,0.095238,0.263158,0.224912,0.000000,1198.118056,864.000000,88.903674,84.539740,44.451837,42.269870,40970,5200,0.263158,1115.000000,0.000000,40.000000,1.778095,1.690795
0,0.000000,0.200000,0.200000,0.076726,0.000000,481.789256,372.500000,93.750000,85.760303,46.875000,42.880152,12490,10,0.200000,386.000000,0.000000,45.000000,1.875006,1.715206
0,0.000000,0.200000,0.200000,0.076726,0.000000,481.789256,372.500000,93.750000,85.760303,46.875000,42.880152,15440,10,0.200000,386.000000,0.000000,45.000000,1.875006,1.715206
0,-0.000000,0.500000,0.400000,0.014889,0.000000,242.000000,752.000000,88.153845,84.255281,44.076923,42.127641,43020,10,0.500000,1634.000000,0.000000,40.000000,1.763078,1.685106
0,0.000000,0.117647,0.250000,232.744048,0.000000,1436.880625,392.400000,83.069183,93.260232,41.534592,46.630116,33930,6890,0.250000,1241.000000,0.000000,40.000000,20.935597,1.865205
0,0.000000,0.400000,0.400000,0.000000,0.000000,440.816609,424.000000,63.268105,83.376955,31.634053,41.688477,18260,10,0.400000,104.000000,0.000000,30.000000,1.265362,1.667539
0,0.000000,0.285714,0.857143,232.744048,0.000000,1416.351111,392.666667,82.775086,88.460388,41.387543,44.230194,9390,6890,0.857143,1241.000000,0.000000,40.000000,20.929715,1.769208
0,0.000000,0.166667,0.250000,10.998701,0.000000,263.662722,392.400000,88.290488,93.260232,44.145244,46.630116,10580,4220,0.250000,872.000000,0.000000,40.000000,2.031203,1.865205
0,0.000000,0.400000,0.400000,0.000000,0.000000,440.816609,424.000000,63.268105,83.376955,31.634053,41.688477,15310,10,0.400000,104.000000,0.000000,30.000000,1.265362,1.667539
0,-0.000000,0.500000,0.400000,232.744048,0.000000,1530.240000,752.000000,83.867005,84.255281,41.933502,42.127641,46950,6890,0.500000,1241.000000,0.000000,40.000000,20.951554,1.685106
0,0.000000,0.230769,0.230769,4.204783,0.000000,295.723183,388.000000,89.764016,86.117355,44.882008,43.058678,16200,2520,0.230769,310.000000,0.000000,40.000000,1.828217,1.722347
0,-0.000020,0.043478,0.029412,11.217352,0.000000,1558.942722,3025.406250,86.939006,82.482904,43.469503,41.241452,10580,1790,0.043478,872.000000,0.000000,40.000000,2.004192,1.649658
0,0.000282,0.076923,0.176471,4.225741,0.000000,430.285683,507.888889,86.956535,81.921537,43.478268,40.960768,13250,7590,0.176471,310.000000,0.000000,40.000000,1.772069,1.638431
0,-0.000020,0.043478,0.029412,11.217352,0.000000,1558.942722,3025.406250,86.939006,82.482904,43.469503,41.241452,7630,1790,0.043478,872.000000,0.000000,40.000000,2.004192,1.649658
0,-0.000000,0.037037,0.034483,4.205472,0.000000,319.723183,399.812500,89.266337,85.578586,44.633169,42.789293,44050,13250,0.037037,310.000000,0.000000,40.000000,1.818263,1.711572
0,0.000000,0.294118,0.250000,2.157971,0.000000,111.250092,392.400000,82.937971,93.260232,41.468986,46.630116,33500,3510,0.294118,1284.000000,0.000000,40.000000,1.687877,1.865205
0,0.000000,0.166667,0.250000,10.998701,0.000000,263.662722,392.400000,88.290488,93.260232,44.145244,46.630116,7630,4220,0.250000,872.000000,0.000000,40.000000,2.031203,1.865205
0,-0.000000,0.037037,0.034483,4.205472,0.000000,319.723183,399.812500,89.266337,85.578586,44.633169,42.789293,44050,16200,0.037037,310.000000,0.000000,40.000000,1.818263,1.711572
0,0.000000,0.090909,0.090909,0.124906,0.000000,818.555556,969.875000,90.592644,80.517364,45.296322,40.258682,2890,10,0.090909,192.000000,0.000000,45.000000,1.811863,1.610347
0,0.000000,0.222222,0.222222,0.069496,0.068129,478.375000,448.000000,41.433336,41.428560,20.716668,20.714280,28660,10,0.222222,66.000000,0.000000,20.000000,0.828672,0.000000
0,0.000000,0.100000,0.100000,0.101491,0.082228,676.445000,533.942149,38.733572,40.113939,19.366786,20.056970,37310,10,0.100000,66.000000,0.000000,15.000000,0.774679,0.000000
0,0.000000,0.200000,0.200000,0.009623,0.009434,90.128086,59.753086,41.981967,41.995701,20.990984,20.997850,34430,10,0.200000,66.000000,0.000000,20.000000,0.839640,0.000000
0,-0.000001,0.078947,0.016129,1.154930,0.000000,865.857639,330.207645,90.000000,92.572072,45.000000,46.286036,32230,14670,0.078947,1230.000000,0.000000,40.000000,1.812013,1.851441
0,-0.000000,0.090909,0.046512,314.036099,0.000000,3190.927746,353.306875,90.000000,100.000000,45.000000,50.000000,27420,20250,0.105263,607.000000,0.000000,45.000000,46.064777,2.000000
0,-0.000000,0.090909,0.046512,314.036099,0.000000,3190.927746,353.306875,90.000000,100.000000,45.000000,50.000000,38460,20250,0.105263,607.000000,0.000000,45.000000,46.064777,2.000000
0,-0.000000,0.090909,0.046512,314.036099,0.000000,3190.927746,353.306875,90.000000,100.000000,45.000000,50.000000,27420,18610,0.105263,607.000000,0.000000,45.000000,46.064777,2.000000
0,-0.000000,0.200000,0.166667,0.168145,0.000000,910.250000,316.666667,100.000000,100.000000,50.000000,50.000000,45800,21790,0.200000,1170.000000,0.000000,50.000000,2.000016,2.000000
0,-0.000000,0.166667,0.078947,33.177504,0.000000,1110.750000,735.555556,90.998091,91.378765,45.499045,45.689382,18660,13510,0.166667,3102.000000,0.000000,45.000000,2.328042,1.827575
0,-0.000000,0.071429,0.066667,2.779692,0.000000,2661.222222,421.000000,86.162962,92.209083,43.081481,46.104542,30680,13200,0.071429,281.000000,0.000000,40.000000,1.764939,1.844182
0,-0.000000,0.046512,0.036364,0.897576,0.000000,4742.229568,2835.152344,99.000166,99.707180,49.500083,49.853590,36590,30760,0.046512,794.000000,0.000000,45.000000,1.980088,1.994144
0,0.000000,0.090909,0.090909,2.737924,0.000000,304.120000,875.080000,62.829064,80.468859,31.414532,40.234429,17670,160,0.090909,122.000000,0.000000,30.000000,1.382120,1.609377
0,-0.000000,0.040000,0.032258,0.458960,0.000000,2344.888889,656.777778,90.913201,90.998317,45.456600,45.499159,27940,25550,0.041667,794.000000,0.000000,45.000000,1.818309,1.819966
0,-0.000000,0.200000,0.166667,0.168145,0.000000,910.250000,316.666667,100.000000,100.000000,50.000000,50.000000,32830,15870,0.200000,1170.000000,0.000000,50.000000,2.000016,2.000000
0,-0.000000,0.071429,0.066667,2.779692,0.000000,2661.222222,421.000000,86.162962,92.209083,43.081481,46.104542,41720,13200,0.071429,281.000000,0.000000,40.000000,1.764939,1.844182
0,-0.000000,0.200000,0.166667,0.168145,0.000000,910.250000,316.666667,100.000000,100.000000,50.000000,50.000000,45800,32830,0.200000,1170.000000,0.000000,50.000000,2.000016,2.000000
0,0.000000,0.500000,0.500000,0.318305,0.000000,1841.957194,327.000000,50.000474,89.303705,25.000237,44.651852,42930,10,0.500000,160.000000,0.000000,25.000000,1.000037,1.786074
0,-0.000000,0.090909,0.046512,0.477215,0.000000,2432.734678,353.306875,91.428571,100.000000,45.714286,50.000000,35410,7640,0.105263,912.000000,0.000000,45.000000,1.828618,2.000000
0,-0.000000,0.250000,0.117647,0.299368,0.000000,1408.687500,381.632653,89.999980,91.990175,44.999990,45.995087,25770,14630,0.250000,1876.000000,0.000000,40.000000,1.800032,1.839803
0,-0.000000,0.166667,0.078947,33.177504,0.000000,1110.750000,735.555556,90.998091,91.378765,45.499045,45.689382,18660,2470,0.166667,3102.000000,0.000000,45.000000,2.328042,1.827575
0,-0.000000,0.090909,0.046512,314.036099,0.000000,3190.927746,353.306875,90.000000,100.000000,45.000000,50.000000,38460,34040,0.105263,607.000000,0.000000,45.000000,46.064777,2.000000
0,-0.000000,0.090909,0.046512,0.477215,0.000000,2432.734678,353.306875,91.428571,100.000000,45.714286,50.000000,24370,7640,0.105263,912.000000,0.000000,45.000000,1.828618,2.000000
0,0.000000,0.117647,0.111111,0.000000,0.000000,1041.677686,575.080000,54.000000,89.999994,27.000000,44.999997,25650,10,0.117647,1888.000000,0.000000,25.000000,1.080000,1.800000
0,0.000000,0.153846,0.153846,0.739075,0.000000,4051.750000,2487.000000,89.998419,87.136439,44.999210,43.568219,41330,37460,0.153846,320.000000,0.000000,40.000000,1.800036,1.742729
0,-0.000001,0.078947,0.016129,1.154930,0.000000,865.857639,330.207645,90.000000,92.572072,45.000000,46.286036,21190,14670,0.078947,1230.000000,0.000000,40.000000,1.812013,1.851441
0,0.000000,0.015625,0.015625,0.000000,0.000000,2833.897959,1225.897959,91.049634,91.786215,45.524817,45.893108,44250,35400,0.015625,28.000000,0.000000,45.000000,1.820993,1.835724
0,0.000000,0.200000,0.636364,0.315439,0.000000,1845.332194,900.000000,64.804052,90.468864,32.402026,45.234432,43160,10,0.636364,137.000000,0.000000,30.000000,1.296108,1.809377
0,-0.000000,0.090909,0.046512,314.036099,0.000000,3190.927746,353.306875,90.000000,100.000000,45.000000,50.000000,34040,27420,0.105263,607.000000,0.000000,45.000000,46.064777,2.000000
0,-0.000000,0.125000,0.083333,0.704987,0.000000,4102.816635,11564.000000,89.999999,88.986363,45.000000,44.493181,42490,27510,0.125000,598.000000,0.000000,40.000000,1.800062,1.779727
0,0.000000,0.015625,0.015625,0.000000,0.000000,2833.897959,1225.897959,91.049634,91.786215,45.524817,45.893108,35400,33210,0.015625,28.000000,0.000000,45.000000,1.820993,1.835724
0,-0.000000,0.046512,0.036364,0.897576,0.000000,4742.229568,2835.152344,99.000166,99.707180,49.500083,49.853590,36590,8880,0.046512,794.000000,0.000000,45.000000,1.980088,1.994144
0,0.000000,0.153846,0.153846,0.739075,0.000000,4051.750000,2487.000000,89.998419,87.136439,44.999210,43.568219,37460,30290,0.153846,320.000000,0.000000,40.000000,1.800036,1.742729
0,-0.000000,0.046512,0.036364,0.897576,0.000000,4742.229568,2835.152344,99.000166,99.707180,49.500083,49.853590,25550,8880,0.046512,794.000000,0.000000,45.000000,1.980088,1.994144
0,-0.000000,0.125000,0.083333,0.704987,0.000000,4102.816635,11564.000000,89.999999,88.986363,45.000000,44.493181,42490,38550,0.125000,598.000000,0.000000,40.000000,1.800062,1.779727
0,-0.000212,0.090909,0.285714,1.573239,0.000000,5478.244898,488.222222,89.775413,89.232637,44.887707,44.616318,23220,19970,0.500000,2456.000000,0.000000,40.000000,1.795734,1.784653
0,-0.000000,0.200000,0.166667,0.168145,0.000000,910.250000,316.666667,100.000000,100.000000,50.000000,50.000000,21790,15870,0.200000,1170.000000,0.000000,50.000000,2.000016,2.000000
0,0.000000,0.076923,0.076923,0.283452,0.000000,1546.552469,2375.222222,81.810746,76.369075,40.905373,38.184538,44580,37460,0.076923,320.000000,0.000000,40.000000,1.636241,1.527382
0,0.000000,0.090909,0.090909,2.708057,0.000000,73.672653,788.222222,64.816858,79.701501,32.408429,39.850751,46560,160,0.090909,122.000000,0.000000,30.000000,1.421874,1.594030
0,-0.000212,0.090909,0.285714,1.573239,0.000000,5478.244898,488.222222,89.775413,89.232637,44.887707,44.616318,23220,8930,0.500000,2456.000000,0.000000,40.000000,1.795734,1.784653
0,-0.000000,0.071429,0.040000,0.967116,0.000000,776.333333,5017.048669,76.560075,80.776454,38.280038,40.388227,36680,23140,0.071429,1110.000000,0.000000,35.000000,1.558859,1.615529
0,-0.000000,0.090909,0.046512,314.036099,0.000000,3190.927746,353.306875,90.000000,100.000000,45.000000,50.000000,38460,23850,0.105263,607.000000,0.000000,45.000000,46.064777,2.000000
0,-0.000000,0.040000,0.032258,0.458960,0.000000,2344.888889,656.777778,90.913201,90.998317,45.456600,45.499159,36590,27940,0.041667,794.000000,0.000000,45.000000,1.818309,1.819966
0,-0.000000,0.250000,0.117647,0.299368,0.000000,1408.687500,381.632653,89.999980,91.990175,44.999990,45.995087,14730,14630,0.250000,1876.000000,0.000000,40.000000,1.800032,1.839803
0,-0.000000,0.666667,0.520000,22.643873,0.000000,586.421875,5128.826446,80.005486,91.543817,40.002743,45.771908,2770,2020,0.666667,3147.000000,0.000000,40.000000,2.228915,1.830876
0,-0.000000,0.046512,0.036364,0.897576,0.000000,4742.229568,2835.152344,99.000166,99.707180,49.500083,49.853590,30760,25550,0.046512,794.000000,0.000000,45.000000,1.980088,1.994144
0,-0.000000,0.090909,0.046512,314.036099,0.000000,3190.927746,353.306875,90.000000,100.000000,45.000000,50.000000,38460,18610,0.105263,607.000000,0.000000,45.000000,46.064777,2.000000
0,-0.000026,0.062500,0.035714,0.867211,0.000000,192.006944,623.777778,77.397606,80.611401,38.698803,40.305701,38580,36680,0.062500,1110.000000,0.000000,35.000000,1.575601,1.612228
0,0.000000,0.117647,0.111111,0.000000,0.000000,1041.677686,575.080000,54.000000,89.999994,27.000000,44.999997,14610,10,0.117647,1888.000000,0.000000,25.000000,1.080000,1.800000
0,0.000000,0.500000,0.500000,0.318305,0.000000,1841.957194,327.000000,50.000474,89.303705,25.000237,44.651852,31890,10,0.500000,160.000000,0.000000,25.000000,1.000037,1.786074
0,-0.000000,0.400000,0.520000,0.000000,0.000000,87.527778,5128.826446,51.455751,91.543817,25.727876,45.771908,10300,10,0.800000,3423.000000,0.000000,25.000000,1.029115,1.830876
0,-0.000000,0.090909,0.046512,314.036099,0.000000,3190.927746,353.306875,90.000000,100.000000,45.000000,50.000000,27420,23850,0.105263,607.000000,0.000000,45.000000,46.064777,2.000000
0,0.000000,0.200000,0.636364,0.315439,0.000000,1845.332194,900.000000,64.804052,90.468864,32.402026,45.234432,32120,10,0.636364,137.000000,0.000000,30.000000,1.296108,1.809377
0,-0.000004,0.157895,0.150000,5.811552,0.000000,600.694444,842.357778,79.398391,82.753311,39.699196,41.376656,33100,26790,0.157895,125.000000,0.000000,35.000000,1.632551,1.655066
0,0.000035,0.800000,0.588235,8.452094,0.618562,554.000000,3846.000000,67.492467,76.994490,33.746234,38.497245,16480,10,0.800000,2170.000000,0.000000,30.000000,1.422745,1.539940
0,0.000000,0.050000,0.050000,0.583050,0.000000,62.607645,142.951985,91.833086,93.008398,45.916543,46.504199,26720,12820,0.050000,77.000000,0.000000,45.000000,1.842216,1.860168
0,0.000000,0.029412,0.029412,0.601903,0.000000,3559.620783,359.510204,78.894167,58.712308,39.447084,29.356154,31700,10390,0.029412,77.000000,0.000000,35.000000,1.577934,1.174246
0,0.000000,0.029412,0.029412,0.624788,0.000000,3689.832917,857.074218,88.151238,91.620796,44.075619,45.810398,36010,10390,0.029412,77.000000,0.000000,40.000000,1.763078,1.832416
0,0.000000,0.205882,0.205882,1.022659,0.000000,2695.613895,170.062189,79.984324,84.629194,39.992162,42.314597,26720,10390,0.205882,77.000000,0.000000,35.000000,1.605278,1.692584
0,0.000000,0.047619,0.047619,2.952379,0.000000,2689.290548,83.394502,69.581022,82.812906,34.790511,41.406453,57850,10990,0.047619,17.000000,0.000000,30.000000,1.524232,1.656258
0,0.000000,0.047619,0.047619,2.952379,0.000000,2689.290548,83.394502,69.581022,82.812906,34.790511,41.406453,27920,10990,0.047619,17.000000,0.000000,30.000000,1.524232,1.656258
0,0.000000,0.029412,0.029412,0.624788,0.000000,3689.832917,857.074218,88.151238,91.620796,44.075619,45.810398,37370,10390,0.029412,77.000000,0.000000,40.000000,1.763078,1.832416
0,0.000000,0.050000,0.050000,0.583050,0.000000,62.607645,142.951985,91.833086,93.008398,45.916543,46.504199,46220,26720,0.050000,77.000000,0.000000,45.000000,1.842216,1.860168
0,0.000000,0.029412,0.029412,0.624788,0.000000,3689.832917,857.074218,88.151238,91.620796,44.075619,45.810398,56840,10390,0.029412,77.000000,0.000000,40.000000,1.763078,1.832416
0,-0.000004,0.200000,0.428571,0.788474,0.000000,229.666667,381.000000,80.736420,68.767053,40.368210,34.383527,6100,1200,0.461538,2640.000000,0.000000,40.000000,1.624902,1.375341
0,0.000000,0.142857,0.142857,0.166107,0.000000,1211.050625,810.551985,91.103400,92.646060,45.551700,46.323030,50370,26280,0.142857,124.000000,0.000000,45.000000,1.822079,1.852921
0,0.000537,0.090909,0.333333,3.913506,0.000000,649.269097,323.884298,91.566609,61.481064,45.783304,30.740532,27530,23150,0.333333,497.000000,0.000000,45.000000,1.879977,1.229621
0,0.000000,0.250000,0.250000,0.000000,0.000000,921.214533,327.000000,57.596593,54.150985,28.798297,27.075493,31860,10,0.250000,64.000000,0.000000,25.000000,1.151932,1.083020
0,-0.000004,0.222222,0.428571,0.117314,0.000000,572.272500,381.000000,50.197254,68.767053,25.098627,34.383527,18600,10,0.461538,1390.000000,0.000000,25.000000,1.003957,1.375341
0,-0.000001,0.083333,0.142857,15.721369,0.000000,685.452675,191.551985,85.975715,92.910263,42.987858,46.455131,16110,2500,0.153846,1141.000000,0.000000,40.000000,1.912609,1.858205
0,-0.000000,0.125000,0.275000,3.518731,0.000000,217.600000,1097.564014,84.649186,68.767053,42.324593,34.383527,13170,8860,0.450000,2364.000000,0.000000,40.000000,1.782789,1.375341
0,0.000000,0.142857,0.142857,0.166107,0.000000,1211.050625,810.551985,91.103400,92.646060,45.551700,46.323030,40440,26280,0.142857,124.000000,0.000000,45.000000,1.822079,1.852921
0,-0.000000,0.583333,0.700000,2.735334,0.000000,361.981481,410.551985,76.589618,61.677316,38.294809,30.838658,8820,3840,0.821429,2368.000000,0.000000,35.000000,1.551790,1.233546
0,0.000000,0.285714,0.285714,0.320898,0.000000,2070.214533,1000.000000,89.594004,68.502850,44.797002,34.251425,50370,31260,0.285714,124.000000,0.000000,40.000000,1.791905,1.370057
0,-0.000001,0.083333,0.142857,36.840918,0.000000,685.452675,191.551985,85.975715,92.910263,42.987858,46.455131,16190,16110,0.153846,1141.000000,0.000000,40.000000,2.779868,1.858205
0,0.000537,0.090909,0.333333,3.913506,0.000000,649.269097,323.884298,91.566609,61.481064,45.783304,30.740532,53080,27530,0.333333,497.000000,0.000000,45.000000,1.879977,1.229621
0,-0.000004,0.200000,0.428571,0.048710,0.000000,219.591111,381.000000,42.017612,68.767053,21.008806,34.383527,4840,10,0.461538,2766.000000,0.000000,20.000000,0.840358,1.375341
0,-0.000000,0.125000,0.275000,3.518731,0.000000,217.600000,1097.564014,84.649186,68.767053,42.324593,34.383527,34000,8860,0.450000,2364.000000,0.000000,40.000000,1.782789,1.375341
0,-0.000000,0.125000,0.275000,3.518731,0.000000,217.600000,1097.564014,84.649186,68.767053,42.324593,34.383527,14530,8860,0.450000,2364.000000,0.000000,40.000000,1.782789,1.375341
0,0.000000,0.285714,0.285714,0.320898,0.000000,2070.214533,1000.000000,89.594004,68.502850,44.797002,34.251425,40440,31260,0.285714,124.000000,0.000000,40.000000,1.791905,1.370057
0,-0.000001,0.083333,0.142857,36.840918,0.000000,685.452675,191.551985,85.975715,92.910263,42.987858,46.455131,16260,16110,0.153846,1141.000000,0.000000,40.000000,2.779868,1.858205
0,-0.000000,0.111111,0.055556,0.018911,0.076161,103.777778,432.653061,82.744790,81.264453,41.372395,40.632227,37600,22900,0.111111,947.000000,0.000000,40.000000,1.654898,1.625296
0,-0.000000,0.083333,0.052632,0.353422,0.293092,1910.400000,1757.057851,91.059921,89.802583,45.529961,44.901291,40060,37580,0.083333,949.000000,0.000000,45.000000,1.821231,1.796076
0,-0.000000,0.083333,0.052632,0.353422,0.293092,1910.400000,1757.057851,91.059921,89.802583,45.529961,44.901291,41710,37580,0.083333,949.000000,0.000000,45.000000,1.821231,1.796076
0,-0.000000,0.071429,0.052632,3.481716,0.098213,795.753472,553.320000,76.294878,80.540333,38.147439,40.270167,38860,32600,0.071429,821.000000,0.000000,35.000000,1.534123,1.610815
0,0.000000,0.333333,0.333333,0.438232,0.006009,2852.000000,36.000000,82.118997,42.495144,41.059498,21.247572,48920,1780,0.333333,97.000000,0.000000,40.000000,1.642414,0.000000
0,-0.000000,0.166667,0.153846,1.747136,2.868896,11428.688091,159.969600,78.332483,39.938994,39.166242,19.969497,48490,10,0.166667,140.000000,0.000000,35.000000,1.566785,0.000000
0,0.000000,0.153846,0.153846,0.491439,0.057761,3157.333333,341.333333,89.284507,50.000000,44.642253,25.000000,48920,14580,0.153846,97.000000,0.000000,40.000000,1.785728,0.000000
0,0.000000,0.153846,0.153846,0.491439,0.057761,3157.333333,341.333333,89.284507,50.000000,44.642253,25.000000,48920,27310,0.153846,97.000000,0.000000,40.000000,1.785728,0.000000
0,-0.000000,0.750000,0.076923,0.489750,0.104319,2294.673469,594.140625,80.767796,41.374882,40.383898,20.687441,42490,28260,0.750000,740.000000,0.000000,40.000000,1.615443,0.000000
0,0.000000,1.000000,1.000000,0.311597,0.000000,1996.611111,1985.500000,49.975408,40.359920,24.987704,20.179960,32270,10,1.000000,99.000000,0.000000,20.000000,0.999533,0.000000
0,0.000000,0.142857,0.142857,0.006828,0.000000,70.621315,59.510204,51.605375,42.171915,25.802688,21.085957,11150,10,0.142857,99.000000,0.000000,25.000000,1.032108,0.000000
0,0.000000,0.052632,0.052632,0.755539,0.720136,4348.566875,4286.520000,89.690158,50.000000,44.845079,25.000000,55660,18800,0.052632,122.000000,0.000000,40.000000,1.793869,0.000000
0,-0.000000,0.133333,0.105263,0.160592,0.543466,892.000000,3064.816327,82.501285,40.029112,41.250643,20.014556,35120,17360,0.133333,266.000000,0.000000,40.000000,1.650040,0.000000
0,0.000000,0.166667,0.210526,0.762254,0.243050,945.531250,1373.880000,92.999942,48.367593,46.499971,24.183796,37610,18410,0.210526,161.000000,0.000000,45.000000,1.864054,0.000000
0,-0.000000,0.111111,0.071429,14.805560,0.036815,487.000000,227.380886,81.022115,83.911955,40.511058,41.955978,30460,5090,0.111111,735.000000,0.000000,40.000000,1.938930,1.678242
0,-0.000000,0.062500,0.052632,0.587498,0.015857,77.228053,101.531250,84.055191,41.753796,42.027595,20.876898,26720,18170,0.111111,185.000000,0.000000,40.000000,1.686659,0.000000
0,-0.000000,0.200000,0.105263,0.539748,0.003589,161.129819,32.400000,84.955105,50.000000,42.477553,25.000000,11550,6200,0.200000,847.000000,0.000000,40.000000,1.700850,0.000000
0,-0.000000,0.444444,0.357143,14.789128,0.020132,386.750000,112.500000,81.408991,42.245294,40.704495,21.122647,12670,5090,0.500000,735.000000,0.000000,40.000000,1.946666,0.000000
0,0.000000,0.285714,0.375000,0.008070,0.006638,565.031250,59.510204,79.773964,41.956762,39.886982,20.978381,7790,10,0.400000,1223.000000,0.000000,35.000000,1.595480,0.000000
0,-0.000000,0.666667,0.105263,6.685245,0.016683,603.500000,114.880886,80.708284,41.666661,40.354142,20.833330,21200,3410,0.666667,1661.000000,0.000000,40.000000,1.666340,0.000000
0,0.000000,0.166667,0.210526,0.762254,0.243050,945.531250,1373.880000,92.999942,48.367593,46.499971,24.183796,57080,18410,0.210526,161.000000,0.000000,45.000000,1.864054,0.000000
0,-0.000000,0.200000,0.105263,0.795181,0.003589,110.177778,32.400000,74.644681,50.000000,37.322340,25.000000,37280,9230,0.200000,1079.000000,0.000000,35.000000,1.502267,0.000000
0,0.000000,0.166667,0.210526,0.762254,0.243050,945.531250,1373.880000,92.999942,48.367593,46.499971,24.183796,36250,18410,0.210526,161.000000,0.000000,45.000000,1.864054,0.000000
0,0.000000,0.052632,0.052632,0.755539,0.720136,4348.566875,4286.520000,89.690158,50.000000,44.845079,25.000000,47210,18800,0.052632,122.000000,0.000000,40.000000,1.793869,0.000000
0,0.000000,0.142857,0.142857,0.004464,0.000000,47.250000,31.250000,48.085289,39.957016,24.042645,19.978508,950,10,0.142857,176.000000,0.000000,20.000000,0.961706,0.000000
0,0.000000,0.166667,0.166667,0.002450,0.000000,32.000000,16.000000,51.786333,39.999983,25.893166,19.999992,6980,10,0.166667,176.000000,0.000000,25.000000,1.035727,0.000000
0,0.000000,1.000000,1.000000,0.028261,0.000000,210.394464,297.551020,51.787297,39.784500,25.893648,19.892250,50480,10,1.000000,176.000000,0.000000,25.000000,1.035748,0.000000
0,0.000000,0.250000,0.250000,0.003039,0.000000,191.688091,159.969600,78.634156,41.114632,39.317078,20.557316,1630,10,0.250000,176.000000,0.000000,35.000000,1.572683,0.000000
0,0.000000,0.500000,0.500000,309.386084,0.000000,4855.826446,594.140625,81.064411,41.748737,40.532205,20.874369,34150,1520,0.500000,187.000000,0.000000,40.000000,11.532573,0.000000
0,-0.000000,0.222222,0.200000,0.298046,0.226665,1754.000000,1433.057851,58.000239,50.000000,29.000120,25.000000,47840,10,0.222222,306.000000,0.000000,25.000000,1.160030,0.000000
0,0.000000,0.200000,0.200000,0.173296,0.303347,974.608889,1686.078125,75.320990,49.790382,37.660495,24.895191,56380,280,0.200000,279.000000,0.000000,35.000000,1.506435,0.000000
0,0.000000,0.200000,0.200000,0.173296,0.303347,974.608889,1686.078125,75.320990,49.790382,37.660495,24.895191,35550,280,0.200000,279.000000,0.000000,35.000000,1.506435,0.000000
0,-0.000000,0.888889,0.800000,0.004886,0.003501,65.297778,35.266436,49.630424,42.150990,24.815212,21.075495,46300,10,0.888889,306.000000,0.000000,20.000000,0.992609,0.000000
0,0.000000,0.100000,0.100000,0.021424,0.016464,140.800000,114.880886,81.740410,41.666665,40.870205,20.833332,36340,1120,0.100000,195.000000,0.000000,40.000000,1.634810,0.000000
0,0.000000,0.500000,0.500000,0.003067,0.002823,47.000000,27.000000,48.000239,40.000000,24.000120,20.000000,18420,10,0.500000,306.000000,0.000000,20.000000,0.960005,0.000000
0,-0.000000,0.222222,0.200000,0.298046,0.226665,1754.000000,1433.057851,58.000239,50.000000,29.000120,25.000000,49490,10,0.222222,306.000000,0.000000,25.000000,1.160030,0.000000
0,-0.000000,0.111111,0.100000,0.001890,0.001739,35.360000,15.360000,51.332962,43.333333,25.666481,21.666667,4230,10,0.111111,306.000000,0.000000,25.000000,1.026659,0.000000
0,-0.000000,0.111111,0.100000,0.003447,0.009182,52.666667,77.777778,49.595324,41.421750,24.797662,20.710875,2730,10,0.111111,306.000000,0.000000,20.000000,0.991907,0.000000
0,0.000000,0.200000,0.200000,0.173296,0.303347,974.608889,1686.078125,75.320990,49.790382,37.660495,24.895191,36910,280,0.200000,279.000000,0.000000,35.000000,1.506435,0.000000
0,-0.000000,0.800000,0.400000,3.553476,0.010807,196.000000,100.000000,73.681562,40.000000,36.840781,20.000000,16540,12950,0.800000,813.000000,0.000000,35.000000,1.538891,0.000000
0,-0.000000,0.285714,0.250000,3.074997,0.835233,4387.127551,4952.920000,88.574079,49.515310,44.287039,24.757655,50000,13610,0.285714,747.000000,0.000000,40.000000,1.813031,0.000000
0,-0.000000,0.285714,0.250000,3.074997,0.835233,4387.127551,4952.920000,88.574079,49.515310,44.287039,24.757655,41550,13610,0.285714,747.000000,0.000000,40.000000,1.813031,0.000000
0,-0.000000,0.285714,0.250000,2.258007,0.003267,81.250000,20.000000,72.419738,42.000000,36.209869,21.000000,13610,550,0.285714,747.000000,0.000000,35.000000,1.489867,0.000000
0,0.000000,0.076923,0.076923,0.036071,0.000000,243.484706,602.222222,64.362802,83.506248,32.181401,41.753124,45570,10,0.076923,657.000000,0.000000,30.000000,1.287259,1.670125
0,0.000000,0.071429,0.083333,1.345252,0.211797,254.764706,1223.000000,83.674862,77.736351,41.837431,38.868176,46310,7470,0.083333,607.000000,0.000000,40.000000,1.690662,1.554745
0,0.000000,0.250000,0.250000,0.000000,0.164073,1051.426667,915.642722,66.666667,50.000000,33.333333,25.000000,36170,10,0.250000,317.000000,0.000000,30.000000,1.333333,0.000000
0,0.000000,0.250000,0.250000,0.000000,0.164073,1051.426667,915.642722,66.666667,50.000000,33.333333,25.000000,57000,10,0.250000,317.000000,0.000000,30.000000,1.333333,0.000000
0,0.000000,0.250000,0.250000,0.000000,0.164073,1051.426667,915.642722,66.666667,50.000000,33.333333,25.000000,37530,10,0.250000,317.000000,0.000000,30.000000,1.333333,0.000000
0,0.000000,0.500000,0.500000,0.000000,0.014970,57.207645,99.079882,59.186097,41.588196,29.593049,20.794098,26880,10,0.500000,317.000000,0.000000,25.000000,1.183722,0.000000
0,0.000000,0.666667,0.666667,1.371411,0.014091,8000.750000,105.875000,75.000000,50.000000,37.500000,25.000000,16720,10,0.666667,1032.000000,0.000000,35.000000,1.500118,0.000000
0,0.000000,0.666667,0.666667,1.371411,0.014091,8000.750000,105.875000,75.000000,50.000000,37.500000,25.000000,9910,10,0.666667,1032.000000,0.000000,35.000000,1.500118,0.000000
0,0.000000,0.666667,0.666667,1.371411,0.014091,8000.750000,105.875000,75.000000,50.000000,37.500000,25.000000,29750,10,0.666667,1032.000000,0.000000,35.000000,1.500118,0.000000
0,0.000000,0.500000,0.500000,0.445339,0.274006,2299.857143,1748.760331,74.646155,50.000000,37.323078,25.000000,41800,10,0.500000,1032.000000,0.000000,35.000000,1.492967,0.000000
0,0.000000,0.500000,0.500000,0.445339,0.274006,2299.857143,1748.760331,74.646155,50.000000,37.323078,25.000000,43450,10,0.500000,1032.000000,0.000000,35.000000,1.492967,0.000000
0,0.000000,0.058824,0.055556,0.000000,0.000000,355.875000,1267.330000,54.000000,86.882652,27.000000,43.441326,31590,10,0.058824,2235.000000,0.000000,25.000000,1.080000,1.737653
0,0.000000,0.250000,0.250000,0.231678,0.000000,1445.057851,1188.250000,50.000000,73.844796,25.000000,36.922398,51700,10,0.250000,224.000000,0.000000,25.000000,1.000019,1.476896
0,-0.000001,0.055556,0.038462,431.876099,0.000000,22281.580247,1098.125000,94.117647,96.255684,47.058824,48.127842,34330,2440,0.055556,1796.000000,0.000000,45.000000,6.114259,1.925114
0,-0.000000,0.038462,0.032258,0.307668,0.000000,1606.827692,1038.803633,91.547624,86.523246,45.773812,43.261623,44910,41720,0.038462,903.000000,0.000000,45.000000,1.830982,1.730465
0,-0.000000,0.037037,0.029412,0.308531,0.000000,1762.213333,1148.387778,60.833330,87.360868,30.416665,43.680434,46720,10,0.037037,557.000000,0.000000,30.000000,1.216694,1.747217
0,-0.000001,0.071429,0.038462,379.181292,0.000000,9103.875000,1098.125000,87.692306,96.255684,43.846153,48.127842,30910,5830,0.071429,2138.000000,0.000000,40.000000,9.931199,1.925114
0,-0.000000,0.057143,0.055556,0.258159,0.000000,1561.057851,1123.828947,91.666424,87.687132,45.833212,43.843566,50600,36340,0.057143,334.000000,0.000000,45.000000,1.833350,1.753743
0,-0.000001,0.076923,0.038462,9.091364,0.000000,1120.444444,1098.125000,84.796590,96.255684,42.398295,48.127842,18760,6710,0.076923,3353.000000,0.000000,40.000000,1.738255,1.925114
0,-0.000001,0.055556,0.038462,431.876099,0.000000,22281.580247,1098.125000,94.117647,96.255684,47.058824,48.127842,35980,2440,0.055556,1796.000000,0.000000,45.000000,6.114259,1.925114
0,0.000000,0.058824,0.055556,0.000000,0.000000,355.875000,1267.330000,54.000000,86.882652,27.000000,43.441326,29940,10,0.058824,2235.000000,0.000000,25.000000,1.080000,1.737653
0,-0.000002,0.153846,0.111111,0.355134,0.000000,1965.282500,1888.250000,91.110845,84.724009,45.555422,42.362005,41710,38930,0.153846,1223.000000,0.000000,45.000000,1.822249,1.694480
0,-0.000001,0.076923,0.038462,9.091364,0.000000,1120.444444,1098.125000,84.796590,96.255684,42.398295,48.127842,20410,6710,0.076923,3353.000000,0.000000,40.000000,1.738255,1.925114
0,-0.000000,0.057143,0.055556,0.258159,0.000000,1561.057851,1123.828947,91.666424,87.687132,45.833212,43.843566,48950,36340,0.057143,334.000000,0.000000,45.000000,1.833350,1.753743
0,0.000000,0.250000,0.250000,0.231678,0.000000,1445.057851,1188.250000,50.000000,73.844796,25.000000,36.922398,50050,10,0.250000,224.000000,0.000000,25.000000,1.000019,1.476896
0,-0.000000,0.038462,0.032258,0.307668,0.000000,1606.827692,1038.803633,91.547624,86.523246,45.773812,43.261623,43260,41720,0.038462,903.000000,0.000000,45.000000,1.830982,1.730465
0,-0.000002,0.153846,0.111111,0.355134,0.000000,1965.282500,1888.250000,91.110845,84.724009,45.555422,42.362005,40060,38930,0.153846,1223.000000,0.000000,45.000000,1.822249,1.694480
0,-0.000000,0.037037,0.029412,0.308531,0.000000,1762.213333,1148.387778,60.833330,87.360868,30.416665,43.680434,48370,10,0.037037,557.000000,0.000000,30.000000,1.216694,1.747217
0,-0.000001,0.071429,0.038462,379.181292,0.000000,9103.875000,1098.125000,87.692306,96.255684,43.846153,48.127842,32560,5830,0.071429,2138.000000,0.000000,40.000000,9.931199,1.925114
0,0.000000,0.142857,0.142857,6.747675,0.000000,725.233560,166.913580,81.049404,41.269935,40.524702,20.634968,39920,1180,0.142857,390.000000,0.000000,40.000000,1.652850,0.000000
0,0.000000,1.000000,1.000000,0.396239,0.000000,2482.621315,1526.574653,62.239587,50.000000,31.119793,25.000000,15290,10,1.000000,507.000000,0.000000,30.000000,1.244823,0.000000
0,0.000000,1.000000,1.000000,0.396239,0.000000,2482.621315,1526.574653,62.239587,50.000000,31.119793,25.000000,37170,10,1.000000,507.000000,0.000000,30.000000,1.244823,0.000000
0,0.000000,0.142857,0.142857,0.012881,0.000000,98.222222,74.630385,84.173576,42.206961,42.086788,21.103481,30190,2730,0.142857,235.000000,0.000000,40.000000,1.683472,0.000000
0,0.000000,0.041667,0.041667,0.271412,0.289271,1708.014653,1810.074653,90.685687,90.866266,45.342844,45.433133,35300,20270,0.041667,11.000000,0.000000,45.000000,1.813735,1.817349
0,0.000000,0.041667,0.041667,0.271412,0.289271,1708.014653,1810.074653,90.685687,90.866266,45.342844,45.433133,42150,35300,0.041667,11.000000,0.000000,45.000000,1.813735,1.817349
0,0.000000,0.037037,0.037037,0.258562,0.266717,1661.574653,1720.974653,90.900664,91.167889,45.450332,45.583945,44320,42150,0.037037,11.000000,0.000000,45.000000,1.818033,1.823378
0,0.000000,0.037037,0.037037,0.258562,0.266717,1661.574653,1720.974653,90.900664,91.167889,45.450332,45.583945,44320,20270,0.037037,11.000000,0.000000,45.000000,1.818033,1.823378
0,0.000000,0.400000,0.400000,12.465801,0.000000,1026.926020,1755.428571,93.358497,50.000000,46.679248,25.000000,36980,23640,0.400000,189.000000,0.000000,45.000000,1.944182,0.000000
0,0.000000,0.400000,0.666667,0.000000,0.000000,75.111111,16.000000,55.768105,42.499905,27.884053,21.249952,20760,10,0.666667,477.000000,0.000000,25.000000,1.115362,0.000000
0,-0.000000,0.285714,0.400000,0.000000,0.000000,1579.111111,303.694444,41.158413,38.162069,20.579206,19.081034,11120,10,0.571429,1441.000000,0.000000,20.000000,0.823168,0.000000
0,0.000000,0.400000,0.400000,12.465801,0.000000,1026.926020,1755.428571,93.358497,50.000000,46.679248,25.000000,28200,23640,0.400000,189.000000,0.000000,45.000000,1.944182,0.000000
0,-0.000000,0.142857,0.200000,0.005069,0.000000,33.673611,655.360000,81.148497,40.498129,40.574248,20.249064,40970,10650,0.222222,1488.000000,0.000000,40.000000,1.622970,0.000000
0,-0.000003,0.080000,0.076923,6.552016,0.000000,37797.750000,17067.000000,92.555852,68.767053,46.277926,34.383527,39770,36890,0.080000,384.000000,0.000000,45.000000,1.851685,1.375341
0,-0.000000,0.166667,0.052632,29.537714,0.000000,397.876543,9825.588642,81.757301,90.160829,40.878651,45.080415,40810,11270,0.176471,1256.000000,0.000000,40.000000,3.335991,1.803217
0,-0.000000,0.035714,0.023810,1.270414,0.000000,456.323125,10511.436250,78.693246,80.851241,39.346623,40.425621,34880,24160,0.035714,1849.000000,0.000000,35.000000,1.585927,1.617025
0,0.000000,0.176471,0.176471,2.220920,0.000000,107.640625,331.640625,80.381142,60.871306,40.190571,30.435653,42290,3660,0.176471,132.000000,0.000000,40.000000,1.684791,1.217426
0,-0.000000,0.055556,0.052632,28.525847,0.000000,1984.541667,17901.156250,76.853447,81.259151,38.426723,40.629576,39880,35030,0.055556,762.000000,0.000000,35.000000,1.912601,1.625183
0,-0.000000,0.142857,0.125000,0.000000,0.000000,117.000000,320.000000,60.587128,60.765518,30.293564,30.382759,39830,10,0.142857,378.000000,0.000000,30.000000,1.211743,1.215310
0,-0.000002,0.040000,0.038462,6.615522,0.000000,38161.305556,26527.280000,90.957948,90.160829,45.478974,45.080415,58670,49530,0.040000,384.000000,0.000000,45.000000,1.819732,1.803217
0,-0.000000,0.500000,0.400000,0.017987,0.000000,115.816327,800.000000,82.283397,58.726776,41.141698,29.363388,35910,2520,0.500000,770.000000,0.000000,40.000000,1.645669,1.174536
0,-0.000000,0.235294,0.263158,10.930384,0.000000,256.387504,365.308642,85.928651,68.767053,42.964325,34.383527,33620,31920,0.277778,999.000000,0.000000,40.000000,2.121113,1.375341
0,-0.000000,0.235294,0.263158,10.930384,0.000000,256.387504,365.308642,85.928651,68.767053,42.964325,34.383527,33620,5670,0.277778,999.000000,0.000000,40.000000,2.121113,1.375341
0,-0.000000,0.235294,0.263158,10.930384,0.000000,256.387504,365.308642,85.928651,68.767053,42.964325,34.383527,33620,13840,0.277778,999.000000,0.000000,40.000000,2.121113,1.375341
0,-0.000000,0.235294,0.263158,10.930384,0.000000,256.387504,365.308642,85.928651,68.767053,42.964325,34.383527,33620,13130,0.277778,999.000000,0.000000,40.000000,2.121113,1.375341
0,0.000000,0.100000,0.263158,0.729111,0.000000,3428.562500,26910.280000,80.740999,80.729569,40.370500,40.364785,37580,31710,0.263158,1579.000000,0.000000,40.000000,1.614898,1.614591
0,-0.000003,0.080000,0.076923,6.552016,0.000000,37797.750000,17067.000000,92.555852,68.767053,46.277926,34.383527,58670,39770,0.080000,384.000000,0.000000,45.000000,1.851685,1.375341
0,-0.000000,0.357143,0.200000,1.322840,0.000000,130.925620,948.000000,85.440974,58.447374,42.720487,29.223687,36550,7470,0.416667,706.000000,0.000000,40.000000,1.725982,1.168947
0,-0.000000,0.250000,0.200000,0.039621,0.000000,231.764706,10260.280000,81.099821,80.120553,40.549911,40.060276,45670,2520,0.250000,770.000000,0.000000,40.000000,1.622000,1.602411
0,0.000000,0.500000,0.500000,0.011521,0.000000,92.000000,316.000000,41.498245,58.734518,20.749123,29.367259,40800,10,0.500000,281.000000,0.000000,20.000000,0.829966,1.174690
0,-0.000000,0.166667,0.052632,29.537714,0.000000,397.876543,9825.588642,81.757301,90.160829,40.878651,45.080415,40810,13470,0.176471,1256.000000,0.000000,40.000000,3.335991,1.803217
0,-0.000002,0.040000,0.038462,6.615522,0.000000,38161.305556,26527.280000,90.957948,90.160829,45.478974,45.080415,49530,36890,0.040000,384.000000,0.000000,45.000000,1.819732,1.803217
0,-0.000000,0.235294,0.263158,10.930384,0.000000,256.387504,365.308642,85.928651,68.767053,42.964325,34.383527,33620,16040,0.277778,999.000000,0.000000,40.000000,2.121113,1.375341
0,0.000000,0.200000,0.315789,0.700205,0.000000,3305.000000,17450.000000,82.142635,59.335793,41.071317,29.667896,31710,27820,0.315789,1579.000000,0.000000,40.000000,1.642927,1.186716
0,0.000000,0.250000,0.250000,0.018694,0.000000,120.498615,312.000000,42.351924,58.767053,21.175962,29.383527,33870,10,0.250000,974.000000,0.000000,20.000000,0.847040,1.175341
0,0.000000,0.250000,0.238095,0.008500,0.000000,43.000000,1051.156250,46.480350,59.457465,23.240175,29.728732,970,10,0.625000,4264.000000,0.000000,20.000000,0.929608,1.189149
0,-0.000000,0.166667,0.052632,29.537714,0.000000,397.876543,9825.588642,81.757301,90.160829,40.878651,45.080415,40810,8270,0.176471,1256.000000,0.000000,40.000000,3.335991,1.803217
0,-0.000000,0.235294,0.263158,10.930384,0.000000,256.387504,365.308642,85.928651,68.767053,42.964325,34.383527,33620,10840,0.277778,999.000000,0.000000,40.000000,2.121113,1.375341
0,0.000014,0.250000,0.720930,4.832520,0.000000,1461.440000,10060.280000,77.220686,58.927883,38.610343,29.463941,30790,21030,0.736842,2258.000000,0.000000,35.000000,1.600975,1.178558
0,-0.000000,0.222222,0.052632,0.038865,0.000000,199.562500,9825.588642,49.047290,90.160829,24.523645,45.080415,37720,10,0.222222,1565.000000,0.000000,20.000000,0.980950,1.803217
0,-0.000000,0.166667,0.052632,29.537714,0.000000,397.876543,9825.588642,81.757301,90.160829,40.878651,45.080415,40810,29350,0.176471,1256.000000,0.000000,40.000000,3.335991,1.803217
0,-0.000000,0.166667,0.052632,29.537714,0.000000,397.876543,9825.588642,81.757301,90.160829,40.878651,45.080415,40810,10560,0.176471,1256.000000,0.000000,40.000000,3.335991,1.803217
0,0.000000,0.043478,0.043478,0.853173,0.037144,142.147978,245.165625,85.142691,84.934018,42.571345,42.467009,42480,35000,0.043478,224.000000,0.000000,40.000000,1.718231,1.698683
0,0.000000,0.833333,0.833333,0.000000,0.013822,121.875000,105.875000,88.004943,50.000000,44.002472,25.000000,40150,10,0.833333,62.000000,0.000000,40.000000,1.760099,0.000000
0,0.000000,0.833333,0.833333,0.000000,0.013822,121.875000,105.875000,88.004943,50.000000,44.002472,25.000000,27120,10,0.833333,62.000000,0.000000,40.000000,1.760099,0.000000
0,0.000000,0.833333,0.833333,0.000000,0.013822,121.875000,105.875000,88.004943,50.000000,44.002472,25.000000,20310,10,0.833333,62.000000,0.000000,40.000000,1.760099,0.000000
0,0.000000,0.062500,0.040000,0.025860,0.000000,155.802222,249.139645,83.610095,84.093831,41.805047,42.046915,32000,20130,0.062500,1294.000000,0.000000,40.000000,1.672204,1.681877
0,-0.000000,0.066667,0.040816,0.717631,0.000000,3979.118457,1381.312130,89.752665,92.608072,44.876332,46.304036,30760,26300,0.066667,1205.000000,0.000000,40.000000,1.795118,1.852161
0,-0.000000,0.032258,0.027027,309.386084,0.000000,5185.604224,1023.300296,82.923313,82.720210,41.461656,41.360105,35790,34150,0.033333,420.000000,0.000000,40.000000,11.569751,1.654404
0,-0.000000,0.024390,0.021739,12.400459,0.000000,2556.975332,1262.193618,100.000000,100.000000,50.000000,50.000000,36520,14580,0.024390,629.000000,0.000000,50.000000,2.030642,2.000000
0,0.000000,0.250000,0.227273,5.913334,0.000000,2160.586735,1309.086420,100.000000,97.240703,50.000000,48.620352,48820,19500,0.250000,143.000000,0.000000,50.000000,2.046027,1.944814
0,-0.000000,0.018519,0.018182,4.815890,0.000000,2732.392722,1975.000000,100.000000,100.000000,50.000000,50.000000,39080,19640,0.018519,129.000000,0.000000,50.000000,2.011219,2.000000
0,0.000000,0.166667,0.166667,0.026921,0.000000,202.913580,703.654321,53.807311,74.874727,26.903655,37.437364,43890,10,0.166667,50.000000,0.000000,25.000000,1.076148,1.497495
0,-0.000000,0.333333,0.117647,0.313913,0.000000,1762.792500,2172.222222,58.000000,100.000000,29.000000,50.000000,7700,10,0.333333,1323.000000,0.000000,25.000000,1.160028,2.000000
0,-0.000007,0.041667,0.028986,12.500880,0.000000,3193.822715,2000.107266,91.751261,91.573543,45.875631,45.786772,36520,33500,0.041667,629.000000,0.000000,45.000000,1.865675,1.831471
0,-0.000000,0.181818,0.117647,0.264168,0.000000,1479.635847,2172.222222,89.706752,100.000000,44.853376,50.000000,23280,7870,0.294118,1306.000000,0.000000,40.000000,1.794159,2.000000
0,-0.000000,0.046512,0.042553,0.407807,0.000000,2699.840434,1347.900888,89.055691,91.902595,44.527845,45.951298,16840,10,0.046512,409.000000,0.000000,40.000000,1.781147,1.838052
0,-0.000000,0.142857,0.125000,0.439091,0.000000,2775.017361,1235.555556,60.000000,91.942749,30.000000,45.971375,17870,10,0.142857,306.000000,0.000000,25.000000,1.200035,1.838855
0,-0.000007,0.027027,0.025000,14.689677,0.000000,1784.259571,1327.392290,91.356103,91.090269,45.678051,45.545134,37400,18010,0.027027,292.000000,0.000000,45.000000,1.891606,1.821805
0,-0.000130,0.292683,0.307692,7.129574,0.000000,3108.270886,1867.654321,90.100581,91.343779,45.050291,45.671889,39920,16460,0.375000,447.000000,0.000000,45.000000,1.833904,1.826876
0,0.000000,0.071429,0.222222,14.764820,0.000000,2315.934240,1255.780612,91.477159,92.090001,45.738579,46.045001,39890,28970,0.222222,292.000000,0.000000,45.000000,1.894032,1.841800
0,0.000000,0.050000,0.045455,5.724462,0.000000,928.203599,951.074585,86.818827,87.352841,43.409413,43.676420,38560,36700,0.050000,143.000000,0.000000,40.000000,1.782389,1.747057
0,0.000000,0.076923,0.076923,0.309622,0.000000,1960.750000,1344.000000,92.222222,92.222222,46.111111,46.111111,46050,41380,0.076923,143.000000,0.000000,45.000000,1.844469,1.844444
0,-0.000000,0.024390,0.021739,12.400459,0.000000,2556.975332,1262.193618,100.000000,100.000000,50.000000,50.000000,37930,14640,0.024390,629.000000,0.000000,50.000000,2.030642,2.000000
0,-0.000000,0.032258,0.027027,0.057855,0.000000,521.465869,989.889053,80.297071,82.014733,40.148536,41.007366,35900,10,0.033333,409.000000,0.000000,40.000000,1.605946,1.640295
0,-0.000000,0.018519,0.018182,4.815890,0.000000,2732.392722,1975.000000,100.000000,100.000000,50.000000,50.000000,59910,41520,0.018519,129.000000,0.000000,50.000000,2.011219,2.000000
0,-0.000000,0.024390,0.021739,12.400459,0.000000,2556.975332,1262.193618,100.000000,100.000000,50.000000,50.000000,14640,14580,0.024390,629.000000,0.000000,50.000000,2.030642,2.000000
0,0.000000,0.076923,0.076923,0.309622,0.000000,1960.750000,1344.000000,92.222222,92.222222,46.111111,46.111111,46050,19500,0.076923,143.000000,0.000000,45.000000,1.844469,1.844444
0,-0.000000,0.024390,0.021739,12.400459,0.000000,2556.975332,1262.193618,100.000000,100.000000,50.000000,50.000000,36520,27740,0.024390,629.000000,0.000000,50.000000,2.030642,2.000000
0,-0.000000,0.142857,0.125000,0.439091,0.000000,2775.017361,1235.555556,60.000000,91.942749,30.000000,45.971375,39750,10,0.142857,306.000000,0.000000,25.000000,1.200035,1.838855
0,-0.000000,0.125000,0.117647,26.248214,0.000000,3400.906250,2172.222222,90.700237,100.000000,45.350119,50.000000,17670,7550,0.125000,326.000000,0.000000,45.000000,2.336807,2.000000
0,-0.000000,0.018519,0.018182,4.815890,0.000000,2732.392722,1975.000000,100.000000,100.000000,50.000000,50.000000,40440,19640,0.018519,129.000000,0.000000,50.000000,2.011219,2.000000
0,-0.000000,0.333333,0.285714,0.346905,0.000000,2051.120000,1280.000000,57.267411,92.000000,28.633706,46.000000,33840,10,0.333333,897.000000,0.000000,25.000000,1.145378,1.840000
0,-0.000130,0.292683,0.307692,7.129574,0.000000,3108.270886,1867.654321,90.100581,91.343779,45.050291,45.671889,39920,38340,0.375000,447.000000,0.000000,45.000000,1.833904,1.826876
0,-0.000000,0.142857,0.058824,6.755533,0.000000,775.372449,1639.876543,90.100581,91.343779,45.050291,45.671889,39920,31870,0.142857,447.000000,0.000000,45.000000,1.833874,1.826876
0,-0.000000,0.030303,0.022222,45.449808,0.000000,9390.906250,5382.280992,99.629630,100.000000,49.814815,50.000000,49390,17790,0.030303,314.000000,0.000000,45.000000,2.145477,2.000000
0,-0.000000,0.111111,0.135135,55.445711,0.000000,1732.197531,2041.988166,80.329452,90.112138,40.164726,45.056069,23070,4010,0.208333,1692.000000,0.000000,40.000000,2.818333,1.802243
0,-0.000000,0.266667,0.250000,14.692732,0.000000,1779.628685,1346.944444,88.358790,91.806335,44.179395,45.903167,39890,4940,0.266667,292.000000,0.000000,40.000000,1.831660,1.836127
0,-0.000000,0.030303,0.022222,45.449808,0.000000,9390.906250,5382.280992,99.629630,100.000000,49.814815,50.000000,60460,17790,0.030303,314.000000,0.000000,45.000000,2.145477,2.000000
0,-0.000000,0.333333,0.285714,0.346905,0.000000,2051.120000,1280.000000,57.267411,92.000000,28.633706,46.000000,11960,10,0.333333,897.000000,0.000000,25.000000,1.145378,1.840000
0,-0.000000,0.024390,0.021739,12.400459,0.000000,2556.975332,1262.193618,100.000000,100.000000,50.000000,50.000000,36520,22500,0.024390,629.000000,0.000000,50.000000,2.030642,2.000000
0,0.000000,0.050000,0.045455,5.724462,0.000000,928.203599,951.074585,86.818827,87.352841,43.409413,43.676420,48820,38560,0.050000,143.000000,0.000000,40.000000,1.782389,1.747057
0,-0.000000,0.333333,0.117647,0.313913,0.000000,1762.792500,2172.222222,58.000000,100.000000,29.000000,50.000000,29580,10,0.333333,1323.000000,0.000000,25.000000,1.160028,2.000000
0,-0.000000,0.125000,0.117647,26.248214,0.000000,3400.906250,2172.222222,90.700237,100.000000,45.350119,50.000000,39550,7550,0.125000,326.000000,0.000000,45.000000,2.336807,2.000000
0,-0.000000,0.066667,0.040816,0.717631,0.000000,3979.118457,1381.312130,89.752665,92.608072,44.876332,46.304036,26300,8880,0.066667,1205.000000,0.000000,40.000000,1.795118,1.852161
0,0.000000,0.050000,0.045455,5.652213,0.000000,510.750315,776.740741,89.470203,88.584482,44.735101,44.292241,48820,42960,0.050000,143.000000,0.000000,40.000000,1.835410,1.771690
0,0.000000,0.222222,0.222222,0.766719,0.000000,4739.842500,1215.312500,68.004178,93.999998,34.002089,46.999999,36350,10,0.222222,646.000000,0.000000,30.000000,1.360146,1.880000
0,-0.000000,0.018519,0.018182,4.815890,0.000000,2732.392722,1975.000000,100.000000,100.000000,50.000000,50.000000,41520,40440,0.018519,129.000000,0.000000,50.000000,2.011219,2.000000
0,-0.000000,0.024390,0.021739,12.400459,0.000000,2556.975332,1262.193618,100.000000,100.000000,50.000000,50.000000,37930,36520,0.024390,629.000000,0.000000,50.000000,2.030642,2.000000
0,-0.000000,0.024390,0.021739,12.400459,0.000000,2556.975332,1262.193618,100.000000,100.000000,50.000000,50.000000,22500,14640,0.024390,629.000000,0.000000,50.000000,2.030642,2.000000
0,-0.000000,0.030303,0.022222,45.449808,0.000000,9390.906250,5382.280992,99.629630,100.000000,49.814815,50.000000,41190,39670,0.030303,314.000000,0.000000,45.000000,2.145477,2.000000
0,-0.000000,0.181818,0.117647,0.264168,0.000000,1479.635847,2172.222222,89.706752,100.000000,44.853376,50.000000,29750,23280,0.294118,1306.000000,0.000000,40.000000,1.794159,2.000000
0,-0.000000,0.024390,0.021739,12.400459,0.000000,2556.975332,1262.193618,100.000000,100.000000,50.000000,50.000000,24140,14640,0.024390,629.000000,0.000000,50.000000,2.030642,2.000000
0,-0.000000,0.030303,0.022222,45.449808,0.000000,9390.906250,5382.280992,99.629630,100.000000,49.814815,50.000000,41190,17790,0.030303,314.000000,0.000000,45.000000,2.145477,2.000000
0,-0.000000,0.024390,0.021739,12.400459,0.000000,2556.975332,1262.193618,100.000000,100.000000,50.000000,50.000000,27740,14640,0.024390,629.000000,0.000000,50.000000,2.030642,2.000000
0,0.001040,0.218750,0.291667,14.683959,0.000000,1756.489796,1254.739645,91.393676,92.274027,45.696838,46.137014,39890,30190,0.291667,292.000000,0.000000,45.000000,1.892357,1.845481
0,-0.000000,0.062500,0.058824,25.836042,0.000000,813.720000,1639.876543,81.081804,91.343779,40.540902,45.671889,41130,7550,0.062500,326.000000,0.000000,40.000000,2.144406,1.826876
0,0.000000,0.250000,0.227273,5.913334,0.000000,2160.586735,1309.086420,100.000000,97.240703,50.000000,48.620352,41380,36700,0.250000,143.000000,0.000000,50.000000,2.046027,1.944814
0,0.000000,1.000000,1.000000,0.217686,0.000000,1442.891200,1236.000000,62.500011,83.530949,31.250005,41.765474,42310,10,1.000000,50.000000,0.000000,30.000000,1.250017,1.670619
0,0.000149,0.031250,0.041667,0.033473,0.000000,224.695886,722.393966,83.297323,83.617806,41.648661,41.808903,41470,30190,0.041667,292.000000,0.000000,40.000000,1.665949,1.672356
0,0.000000,0.050000,0.045455,5.652213,0.000000,510.750315,776.740741,89.470203,88.584482,44.735101,44.292241,42960,36700,0.050000,143.000000,0.000000,40.000000,1.835410,1.771690
0,-0.000000,0.024390,0.021739,12.400459,0.000000,2556.975332,1262.193618,100.000000,100.000000,50.000000,50.000000,36520,24140,0.024390,629.000000,0.000000,50.000000,2.030642,2.000000
0,0.000000,1.000000,1.000000,0.217686,0.000000,1442.891200,1236.000000,62.500011,83.530949,31.250005,41.765474,20430,10,1.000000,50.000000,0.000000,30.000000,1.250017,1.670619
0,-0.000007,0.027027,0.025000,14.689677,0.000000,1784.259571,1327.392290,91.356103,91.090269,45.678051,45.545134,39890,37400,0.027027,292.000000,0.000000,45.000000,1.891606,1.821805
0,0.001040,0.218750,0.291667,14.683959,0.000000,1756.489796,1254.739645,91.393676,92.274027,45.696838,46.137014,30190,18010,0.291667,292.000000,0.000000,45.000000,1.892357,1.845481
0,-0.000000,0.266667,0.250000,14.692732,0.000000,1779.628685,1346.944444,88.358790,91.806335,44.179395,45.903167,18010,4940,0.266667,292.000000,0.000000,40.000000,1.831660,1.836127
0,-0.000000,0.018519,0.018182,4.815890,0.000000,2732.392722,1975.000000,100.000000,100.000000,50.000000,50.000000,41520,39080,0.018519,129.000000,0.000000,50.000000,2.011219,2.000000
0,0.000000,0.222222,0.222222,0.766719,0.000000,4739.842500,1215.312500,68.004178,93.999998,34.002089,46.999999,14470,10,0.222222,646.000000,0.000000,30.000000,1.360146,1.880000
0,-0.000000,0.142857,0.058824,6.755533,0.000000,775.372449,1639.876543,90.100581,91.343779,45.050291,45.671889,39920,8770,0.142857,447.000000,0.000000,45.000000,1.833874,1.826876
0,-0.000000,0.032258,0.027027,6.804426,0.000000,1070.900227,1509.642487,81.018084,81.455916,40.509042,40.727958,39920,35520,0.033333,447.000000,0.000000,40.000000,1.652228,1.629118
0,-0.000000,0.142857,0.135135,0.152251,0.000000,712.916667,2041.988166,79.381277,90.112138,39.690639,45.056069,18930,16110,0.208333,2388.000000,0.000000,35.000000,1.587642,1.802243
0,-0.000000,0.046512,0.042553,0.407807,0.000000,2699.840434,1347.900888,89.055691,91.902595,44.527845,45.951298,38720,10,0.046512,409.000000,0.000000,40.000000,1.781147,1.838052
0,-0.000000,0.030303,0.022222,45.449808,0.000000,9390.906250,5382.280992,99.629630,100.000000,49.814815,50.000000,49390,39670,0.030303,314.000000,0.000000,45.000000,2.145477,2.000000
0,-0.000007,0.041667,0.028986,12.500880,0.000000,3193.822715,2000.107266,91.751261,91.573543,45.875631,45.786772,33500,14640,0.041667,629.000000,0.000000,45.000000,1.865675,1.831471
0,0.000000,0.250000,0.227273,5.913334,0.000000,2160.586735,1309.086420,100.000000,97.240703,50.000000,48.620352,48820,41380,0.250000,143.000000,0.000000,50.000000,2.046027,1.944814
0,0.000000,0.250000,0.227273,5.913334,0.000000,2160.586735,1309.086420,100.000000,97.240703,50.000000,48.620352,36700,19500,0.250000,143.000000,0.000000,50.000000,2.046027,1.944814
0,0.000000,0.071429,0.222222,14.764820,0.000000,2315.934240,1255.780612,91.477159,92.090001,45.738579,46.045001,28970,18010,0.222222,292.000000,0.000000,45.000000,1.894032,1.841800
0,-0.000000,0.018519,0.018182,4.815890,0.000000,2732.392722,1975.000000,100.000000,100.000000,50.000000,50.000000,59910,19640,0.018519,129.000000,0.000000,50.000000,2.011219,2.000000
0,-0.000000,0.030303,0.022222,45.449808,0.000000,9390.906250,5382.280992,99.629630,100.000000,49.814815,50.000000,60460,39670,0.030303,314.000000,0.000000,45.000000,2.145477,2.000000
0,-0.000000,0.500000,0.133333,0.006329,0.000000,64.213333,201.137778,51.944441,80.046146,25.972220,40.023073,44240,10,0.562500,626.000000,0.000000,25.000000,1.038889,1.600923
0,-0.000000,0.153846,0.133333,1.134124,0.000000,536.250000,941.000000,80.643689,78.872576,40.321844,39.436288,18790,17440,0.636364,3306.000000,0.000000,40.000000,1.637730,1.577452
0,-0.000001,0.111111,0.090909,25.647733,0.000000,440.303633,4649.524691,76.144569,79.454138,38.072285,39.727069,50420,47470,0.111111,113.000000,0.000000,35.000000,2.357875,1.589083
0,0.000000,0.333333,0.333333,0.791577,0.015127,34.375000,92.160000,81.591190,38.810000,40.795595,19.405000,8390,7250,0.333333,1271.000000,0.000000,40.000000,1.651228,0.000000
0,0.000000,0.333333,0.333333,0.869824,0.123273,465.555556,726.000000,80.714346,40.223598,40.357173,20.111799,27460,8390,0.333333,1271.000000,0.000000,40.000000,1.633699,0.000000
0,-0.000000,0.038462,0.037037,1.911567,0.000000,5796.555556,6295.000000,72.662571,80.429528,36.331285,40.214764,41540,32890,0.038462,82.000000,0.000000,35.000000,1.470392,1.608591
0,0.000000,0.266667,0.266667,0.275990,0.014164,141.330104,89.730104,78.633594,78.528360,39.316797,39.264180,14990,1610,0.266667,19.000000,0.000000,35.000000,1.573979,1.570568
0,-0.000010,0.071429,0.066667,0.043596,0.030064,228.888889,211.888889,77.575757,74.882214,38.787879,37.441107,24460,14880,0.071429,30.000000,0.000000,35.000000,1.551520,1.497646
0,-0.000076,0.750000,0.600000,10.446177,0.018322,151.875000,141.777778,86.574382,83.973123,43.287191,41.986562,18630,10,0.750000,1517.000000,0.000000,40.000000,2.180552,1.679464
0,-0.000076,0.750000,0.600000,10.446177,0.018322,151.875000,141.777778,86.574382,83.973123,43.287191,41.986562,14830,10,0.750000,1517.000000,0.000000,40.000000,2.180552,1.679464
0,0.000000,0.444444,0.444444,2.135743,0.945502,4884.128827,6177.960000,92.000226,50.000000,46.000113,25.000000,49810,15230,0.444444,343.000000,0.000000,45.000000,1.901354,0.000000
0,0.000000,0.444444,0.444444,2.135743,0.945502,4884.128827,6177.960000,92.000226,50.000000,46.000113,25.000000,60880,15230,0.444444,343.000000,0.000000,45.000000,1.901354,0.000000
0,-0.000000,1.000000,0.333333,0.014421,0.235943,116.277778,1728.000000,49.996609,38.179215,24.998305,19.089607,6380,10,1.000000,1865.000000,0.000000,20.000000,0.999933,0.000000
0,0.000000,0.333333,0.333333,3.916917,0.013046,38.809541,90.000000,82.020637,50.000000,41.010318,25.000000,16440,560,0.333333,222.000000,0.000000,40.000000,1.966504,0.000000
0,-0.000000,0.500000,0.333333,0.005525,0.013046,48.500000,90.000000,86.250000,50.000000,43.125000,25.000000,9850,10,0.500000,881.000000,0.000000,40.000000,1.725000,0.000000
0,0.000000,0.444444,0.444444,2.135743,0.945502,4884.128827,6177.960000,92.000226,50.000000,46.000113,25.000000,41610,15230,0.444444,343.000000,0.000000,45.000000,1.901354,0.000000
0,0.000000,0.076923,0.076923,168.085405,32.772592,1721.827160,3216.370370,82.852411,88.285486,41.426205,44.142743,45360,14160,0.076923,86.000000,0.000000,40.000000,9.996571,1.980078
0,0.000000,0.076923,0.076923,11.373324,32.772592,1721.827160,3216.370370,82.852411,88.285486,41.426205,44.142743,14160,8890,0.076923,86.000000,0.000000,40.000000,1.695206,1.980078
0,-0.000000,0.083333,0.076923,1.135849,0.122390,88.433333,882.137778,73.868948,81.515958,36.934474,40.757979,9480,1400,0.083333,554.000000,0.000000,35.000000,1.508696,1.630328
0,0.000000,0.076923,0.076923,168.085405,32.772592,1721.827160,3216.370370,82.852411,88.285486,41.426205,44.142743,30240,14160,0.076923,86.000000,0.000000,40.000000,9.996571,1.980078
0,0.000000,0.076923,0.076923,168.085405,32.772592,1721.827160,3216.370370,82.852411,88.285486,41.426205,44.142743,41130,14160,0.076923,86.000000,0.000000,40.000000,9.996571,1.980078
0,0.000000,0.050000,0.062500,0.173024,0.019083,1116.173469,149.510204,84.731478,91.111326,42.365739,45.555663,6650,10,0.062500,886.000000,0.000000,40.000000,1.694643,1.822228
0,0.000000,0.062500,0.062500,3.921105,0.019083,83.007246,149.510204,81.198981,91.111326,40.599491,45.555663,13240,560,0.062500,227.000000,0.000000,40.000000,1.950071,1.822228
0,-0.000000,0.571429,0.500000,1.051866,11.216290,6638.111111,71824.000000,60.000000,48.694444,30.000000,24.347222,49470,10,0.571429,400.000000,0.000000,25.000000,1.200083,0.000000
0,-0.000000,0.571429,0.500000,1.051866,11.216290,6638.111111,71824.000000,60.000000,48.694444,30.000000,24.347222,60540,10,0.571429,400.000000,0.000000,25.000000,1.200083,0.000000
0,-0.000000,0.571429,0.500000,1.051866,11.216290,6638.111111,71824.000000,60.000000,48.694444,30.000000,24.347222,41270,10,0.571429,400.000000,0.000000,25.000000,1.200083,0.000000
0,0.000000,1.000000,1.000000,0.022437,0.044519,148.695886,300.000000,51.006250,29.111345,25.503125,14.555673,41330,10,1.000000,400.000000,0.000000,25.000000,1.020127,0.000000
0,-0.000000,0.043478,0.041667,0.032293,0.000000,205.493594,380.083333,85.027377,71.525359,42.513689,35.762679,44280,39100,0.043478,106.000000,0.000000,40.000000,1.700550,1.430507
0,0.000552,0.151515,0.200000,45.034983,0.000000,6782.320312,72124.000000,90.056781,78.159256,45.028391,39.079628,41250,41190,0.200000,409.000000,0.000000,45.000000,1.953987,1.563185
0,0.000000,0.074074,0.166667,0.027699,0.000000,176.661563,829.000000,80.787372,70.389017,40.393686,35.194508,44280,33330,0.166667,106.000000,0.000000,40.000000,1.615750,1.407780
0,0.000552,0.151515,0.200000,45.034983,0.000000,6782.320312,72124.000000,90.056781,78.159256,45.028391,39.079628,60460,41250,0.200000,409.000000,0.000000,45.000000,1.953987,1.563185
0,0.000552,0.151515,0.200000,45.034983,0.000000,6782.320312,72124.000000,90.056781,78.159256,45.028391,39.079628,49390,41250,0.200000,409.000000,0.000000,45.000000,1.953987,1.563185
0,-0.000000,0.076923,0.200000,0.705314,0.000000,3567.320000,945.333333,89.895033,79.383561,44.947517,39.691781,55130,35100,0.214286,1024.000000,0.000000,40.000000,1.797970,1.587671
0,-0.000000,0.076923,0.200000,0.705314,0.000000,3567.320000,945.333333,89.895033,79.383561,44.947517,39.691781,53780,35100,0.214286,1024.000000,0.000000,40.000000,1.797970,1.587671
0,-0.000000,0.045455,0.041667,13.825482,11.195992,4248.553719,71904.083333,89.602912,91.490299,44.801456,45.745149,62860,38470,0.045455,176.000000,0.000000,40.000000,1.814877,1.830678
0,-0.000000,0.100000,0.083333,13.925252,11.265681,4904.280992,72353.000000,87.822112,90.312941,43.911056,45.156470,62860,32700,0.153846,176.000000,0.000000,40.000000,1.779269,1.807136
0,-0.000000,0.045455,0.041667,13.825482,11.195992,4248.553719,71904.083333,89.602912,91.490299,44.801456,45.745149,51790,38470,0.045455,176.000000,0.000000,40.000000,1.814877,1.830678
0,-0.000000,0.100000,0.083333,13.925252,11.265681,4904.280992,72353.000000,87.822112,90.312941,43.911056,45.156470,51790,32700,0.153846,176.000000,0.000000,40.000000,1.779269,1.807136
0,-0.000000,0.100000,0.083333,13.925252,11.265681,4904.280992,72353.000000,87.822112,90.312941,43.911056,45.156470,43590,32700,0.153846,176.000000,0.000000,40.000000,1.779269,1.807136
0,-0.000000,0.045455,0.041667,13.825482,11.195992,4248.553719,71904.083333,89.602912,91.490299,44.801456,45.745149,43590,38470,0.045455,176.000000,0.000000,40.000000,1.814877,1.830678
0,-0.000000,0.200000,0.166667,0.834457,0.000000,4425.877551,5603.090000,92.500000,50.000000,46.250000,25.000000,41550,17200,0.200000,1049.000000,0.000000,45.000000,1.850079,0.000000
0,-0.000000,0.200000,0.166667,0.834457,0.000000,4425.877551,5603.090000,92.500000,50.000000,46.250000,25.000000,50000,17200,0.200000,1049.000000,0.000000,45.000000,1.850079,0.000000
0,-0.000000,0.200000,0.166667,0.017467,0.000000,120.000000,20.000000,76.345659,42.000000,38.172830,21.000000,17200,550,0.200000,1049.000000,0.000000,35.000000,1.526914,0.000000
0,0.000000,0.600000,0.611111,0.017668,2.750238,172.613333,22332.000000,51.832262,74.915030,25.916131,37.457515,45590,10,0.625000,750.000000,0.000000,25.000000,1.036646,1.498470
0,-0.000000,0.375000,0.368421,0.021695,0.143310,150.713333,1005.333333,48.647863,78.559842,24.323931,39.279921,29540,10,0.411765,750.000000,0.000000,20.000000,0.972959,1.571207
0,-0.000000,0.444444,0.052632,0.267148,0.209533,228.222222,1471.721088,81.228895,79.404469,40.614448,39.702234,28720,11690,0.444444,2535.000000,0.000000,40.000000,1.625094,1.588104
0,-0.000000,0.111111,0.100000,0.018793,0.072792,124.213333,475.000000,54.163710,82.852342,27.081855,41.426171,4220,10,0.111111,750.000000,0.000000,25.000000,1.083276,1.657052
0,-0.000000,0.071429,0.041667,3.812231,0.969408,2759.531250,5993.054422,76.522325,81.069182,38.261162,40.534591,41190,32600,0.071429,1288.000000,0.000000,35.000000,1.538700,1.621462
0,-0.000000,0.071429,0.055556,3.479173,3.567120,812.531250,27258.666667,76.795720,75.139652,38.397860,37.569826,40210,32600,0.071429,1288.000000,0.000000,35.000000,1.544140,1.503030
0,-0.000000,0.111111,0.315789,0.860913,0.960192,3638.000000,5932.000000,81.215328,78.784463,40.607664,39.392232,23500,15060,0.444444,2198.000000,0.000000,40.000000,1.624408,1.575767
0,-0.000000,0.523810,0.480000,0.033131,0.903184,209.694815,5526.666667,50.824411,80.224555,25.412205,40.112278,37980,10,0.545455,750.000000,0.000000,25.000000,1.016491,1.604565
0,-0.000000,0.111111,0.083333,0.509148,0.152526,2968.213333,1066.387755,50.090363,80.844560,25.045181,40.422280,46570,10,0.111111,750.000000,0.000000,25.000000,1.001851,1.616902
0,-0.000000,0.111111,0.055556,0.019185,2.807246,135.000000,22737.333333,82.777524,73.474938,41.388762,36.737469,38950,22900,0.111111,1414.000000,0.000000,40.000000,1.655552,1.469672
0,-0.000000,0.300000,0.333333,0.113381,0.000000,568.152778,321.111111,48.797131,50.000000,24.398565,25.000000,12810,10,0.583333,1438.000000,0.000000,20.000000,0.975955,0.000000
0,-0.000000,0.111111,0.333333,0.494754,0.000000,272.166667,321.111111,80.478457,50.000000,40.239228,25.000000,8230,7140,0.583333,2005.000000,0.000000,40.000000,1.615638,0.000000
0,0.000000,0.222222,0.222222,101.568642,0.000000,6272.125000,928.649324,90.536392,89.991140,45.268196,44.995570,67430,40950,0.222222,113.000000,0.000000,45.000000,2.702274,1.799823
0,0.000000,0.222222,0.222222,101.568642,0.000000,6272.125000,928.649324,90.536392,89.991140,45.268196,44.995570,67430,42310,0.222222,113.000000,0.000000,45.000000,2.702274,1.799823
0,0.000000,0.166667,0.166667,101.502909,0.000000,5885.086420,509.086420,90.536392,89.991140,45.268196,44.995570,67430,38710,0.166667,113.000000,0.000000,45.000000,2.702269,1.799823
0,0.000000,0.166667,0.166667,101.502909,0.000000,5885.086420,509.086420,90.536392,89.991140,45.268196,44.995570,67430,50830,0.166667,113.000000,0.000000,45.000000,2.702269,1.799823
0,0.000000,0.071429,0.071429,101.487444,0.000000,5796.571429,420.571429,76.319269,82.443518,38.159635,41.221759,67430,560,0.071429,113.000000,0.000000,35.000000,2.417925,1.648870
0,0.000000,0.055556,0.055556,101.504067,0.000000,5904.596939,528.596939,82.254309,81.975000,41.127154,40.987500,67430,31660,0.055556,113.000000,0.000000,40.000000,2.536627,1.639500
0,0.000000,0.222222,0.222222,101.568642,0.000000,6272.125000,928.649324,90.536392,89.991140,45.268196,44.995570,67430,61780,0.222222,113.000000,0.000000,45.000000,2.702274,1.799823
0,0.000000,0.153846,0.153846,5.290648,0.000000,997.000000,424.000000,90.700237,100.000000,45.350119,50.000000,20280,9980,0.153846,520.000000,0.000000,45.000000,1.835568,2.000000
0,0.000000,0.238095,0.260870,7.023458,0.000000,10865.666667,16603.187500,98.527827,100.000000,49.263914,50.000000,41340,11000,0.260870,175.000000,0.000000,45.000000,2.021629,2.000000
0,0.000000,0.222222,0.400000,5.266571,0.000000,812.000000,128.000000,80.700236,89.864860,40.350118,44.932430,33080,11480,0.400000,520.000000,0.000000,40.000000,1.635566,1.797297
0,0.000000,0.238095,0.260870,7.023458,0.000000,10865.666667,16603.187500,98.527827,100.000000,49.263914,50.000000,63120,36530,0.260870,175.000000,0.000000,45.000000,2.021629,2.000000
0,0.000000,0.222222,0.400000,5.266571,0.000000,812.000000,128.000000,80.700236,89.864860,40.350118,44.932430,11480,9980,0.400000,520.000000,0.000000,40.000000,1.635566,1.797297
0,0.000000,0.076923,0.153846,0.917027,0.000000,382.191111,424.000000,86.250002,100.000000,43.125001,50.000000,18780,6050,0.153846,670.000000,0.000000,40.000000,1.733091,2.000000
0,0.000000,0.238095,0.260870,7.023458,0.000000,10865.666667,16603.187500,98.527827,100.000000,49.263914,50.000000,41340,36530,0.260870,175.000000,0.000000,45.000000,2.021629,2.000000
0,0.000000,0.238095,0.260870,7.023458,0.000000,10865.666667,16603.187500,98.527827,100.000000,49.263914,50.000000,41340,13430,0.260870,175.000000,0.000000,45.000000,2.021629,2.000000
0,0.000000,0.076923,0.153846,0.917027,0.000000,382.191111,424.000000,86.250002,100.000000,43.125001,50.000000,15830,6050,0.153846,670.000000,0.000000,40.000000,1.733091,2.000000
0,0.000000,0.153846,0.153846,5.290648,0.000000,997.000000,424.000000,90.700237,100.000000,45.350119,50.000000,17330,9980,0.153846,520.000000,0.000000,45.000000,1.835568,2.000000
0,0.000000,0.222222,0.400000,8.632666,0.000000,198.527778,128.000000,75.494988,89.864860,37.747494,44.932430,5380,1450,0.400000,1130.000000,0.000000,35.000000,1.722615,1.797297
0,0.000000,0.153846,0.153846,5.290648,0.000000,997.000000,424.000000,90.700237,100.000000,45.350119,50.000000,33080,20280,0.153846,520.000000,0.000000,45.000000,1.835568,2.000000
0,0.000000,0.238095,0.260870,7.023458,0.000000,10865.666667,16603.187500,98.527827,100.000000,49.263914,50.000000,63120,11000,0.260870,175.000000,0.000000,45.000000,2.021629,2.000000
0,0.000000,0.153846,0.153846,5.290648,0.000000,997.000000,424.000000,90.700237,100.000000,45.350119,50.000000,33080,17330,0.153846,520.000000,0.000000,45.000000,1.835568,2.000000
0,0.000000,0.238095,0.260870,7.023458,0.000000,10865.666667,16603.187500,98.527827,100.000000,49.263914,50.000000,63120,13430,0.260870,175.000000,0.000000,45.000000,2.021629,2.000000
0,-0.000000,0.076923,0.071429,0.007541,0.006682,88.307692,57.760000,52.985281,42.484071,26.492641,21.242036,41540,10,0.076923,1199.000000,0.000000,25.000000,1.059706,0.000000
0,0.000000,0.461538,0.500000,0.017175,0.050488,165.312500,413.777778,52.208702,38.097702,26.104351,19.048851,46510,10,0.500000,1199.000000,0.000000,25.000000,1.044175,0.000000
0,-0.000000,0.615385,0.571429,0.021484,0.023893,154.562500,173.395062,52.553102,41.895296,26.276551,20.947648,30470,10,0.615385,1199.000000,0.000000,25.000000,1.051064,0.000000
0,-0.000000,0.058824,0.035714,0.248119,0.074381,1040.333333,587.172840,80.767416,79.992998,40.383708,39.996499,34330,18290,0.058824,2417.000000,0.000000,40.000000,1.615378,1.599865
0,-0.000000,0.055556,0.050000,12.502022,0.682033,1251.551020,4116.222222,90.773090,87.774908,45.386545,43.887454,28200,12530,0.055556,476.000000,0.000000,45.000000,1.892477,1.755555
0,-0.000000,0.055556,0.050000,12.502022,0.682033,1251.551020,4116.222222,90.773090,87.774908,45.386545,43.887454,36980,12530,0.055556,476.000000,0.000000,45.000000,1.892477,1.755555
0,-0.000000,0.714286,0.416667,4.708496,0.053939,506.000000,556.000000,90.000000,77.534106,45.000000,38.767053,1410,10,0.714286,3456.000000,0.000000,45.000000,1.822809,1.550685
0,-0.000000,0.454545,0.416667,9.458662,0.053939,745.000000,556.000000,89.412895,77.534106,44.706448,38.767053,22830,10850,0.454545,1314.000000,0.000000,40.000000,2.048226,1.550685
0,0.000000,0.400000,0.400000,9.295039,0.156643,491.000000,1100.000000,87.396330,68.528985,43.698165,34.264493,26240,22790,0.400000,120.000000,0.000000,40.000000,1.857761,1.370591
0,-0.000000,0.714286,0.416667,4.708496,0.053939,506.000000,556.000000,90.000000,77.534106,45.000000,38.767053,25530,10,0.714286,3456.000000,0.000000,45.000000,1.822809,1.550685
0,0.000000,0.400000,0.400000,9.295039,0.156643,491.000000,1100.000000,87.396330,68.528985,43.698165,34.264493,33370,26240,0.400000,120.000000,0.000000,40.000000,1.857761,1.370591
0,-0.000000,0.454545,0.416667,9.458662,0.053939,745.000000,556.000000,89.412895,77.534106,44.706448,38.767053,46950,10850,0.454545,1314.000000,0.000000,40.000000,2.048226,1.550685
0,0.000000,1.000000,1.000000,4.461799,0.030819,287.777778,225.000000,68.895890,41.111111,34.447945,20.555556,27900,10,1.000000,711.000000,0.000000,30.000000,1.430926,0.000000
0,-0.000000,0.250000,0.166667,0.043477,0.007023,269.801020,86.680000,89.970111,90.000000,44.985056,45.000000,21610,10960,0.250000,1542.000000,0.000000,40.000000,1.799406,1.800000
0,-0.000000,0.250000,0.166667,0.043477,0.007023,269.801020,86.680000,89.970111,90.000000,44.985056,45.000000,21610,8010,0.250000,1542.000000,0.000000,40.000000,1.799406,1.800000
0,0.000000,0.076923,0.076923,1.360594,0.022075,503.360000,181.140625,83.331036,92.541155,41.665518,46.270577,40700,19260,0.076923,712.000000,0.000000,40.000000,1.672604,1.850825
0,-0.000000,0.333333,0.285714,0.100588,0.016211,639.333333,160.000000,89.999995,92.993726,44.999998,46.496863,19480,15930,0.333333,1045.000000,0.000000,40.000000,1.800008,1.859875
0,-0.000000,0.333333,0.285714,0.100588,0.016211,639.333333,160.000000,89.999995,92.993726,44.999998,46.496863,19480,12980,0.333333,1045.000000,0.000000,40.000000,1.800008,1.859875
0,0.000000,0.076923,0.076923,1.360594,0.022075,503.360000,181.140625,83.331036,92.541155,41.665518,46.270577,40700,16310,0.076923,712.000000,0.000000,40.000000,1.672604,1.850825
0,0.000000,0.300000,0.300000,0.991587,0.000000,105.562500,117.140625,84.496072,42.597531,42.248036,21.298765,46520,11480,0.300000,136.000000,0.000000,40.000000,1.695633,0.000000
0,0.000000,1.000000,1.000000,1.140538,0.000000,5919.250000,12102.469388,60.000764,50.000000,30.000382,25.000000,41010,10,1.000000,1283.000000,0.000000,30.000000,1.200126,0.000000
0,0.000000,1.000000,1.000000,1.140538,0.000000,5919.250000,12102.469388,60.000764,50.000000,30.000382,25.000000,49460,10,1.000000,1283.000000,0.000000,30.000000,1.200126,0.000000
0,0.000000,0.071429,0.071429,0.018907,0.022408,129.657848,136.472222,59.113214,50.000000,29.556607,25.000000,38160,10,0.071429,290.000000,0.000000,25.000000,1.182266,0.000000
0,0.000000,0.111111,0.111111,0.003122,0.002400,35.883929,15.312500,54.905402,43.888007,27.452701,21.944004,790,10,0.111111,212.000000,0.000000,25.000000,1.098108,0.000000
0,0.000000,0.071429,0.071429,0.018623,0.023388,147.963719,173.395062,52.763503,41.553492,26.381751,20.776746,40350,10,0.071429,290.000000,0.000000,25.000000,1.055271,0.000000
0,-0.000000,0.090909,0.071429,0.004884,0.049228,64.321429,332.750000,54.390661,42.487034,27.195330,21.243517,7850,10,0.090909,290.000000,0.000000,25.000000,1.087813,0.000000
0,-0.000000,0.090909,0.083333,0.001645,0.003299,35.931429,28.000000,54.866888,42.679071,27.433444,21.339536,9350,10,0.090909,290.000000,0.000000,25.000000,1.097338,0.000000
0,0.000000,0.071429,0.071429,5.916668,0.077864,308.571429,597.333333,77.505586,39.469066,38.752793,19.734533,57810,1430,0.071429,148.000000,0.000000,35.000000,1.610825,0.000000
0,0.000000,0.642857,0.642857,0.004338,0.006540,62.096120,57.760000,52.749241,42.910916,26.374621,21.455458,51420,10,0.642857,290.000000,0.000000,25.000000,1.054985,0.000000
0,0.000000,0.142857,0.142857,0.134601,0.096013,795.571429,585.992654,61.533555,48.467510,30.766778,24.233755,41760,10,0.142857,290.000000,0.000000,30.000000,1.230683,0.000000
0,0.000000,0.142857,0.142857,0.134601,0.096013,795.571429,585.992654,61.533555,48.467510,30.766778,24.233755,40400,10,0.142857,290.000000,0.000000,30.000000,1.230683,0.000000
0,0.000000,0.666667,0.666667,0.001639,0.001512,36.571429,16.000000,51.532763,41.990588,25.766382,20.995294,38870,10,0.666667,290.000000,0.000000,25.000000,1.030655,0.000000
0,0.000000,0.071429,0.071429,0.018907,0.022408,129.657848,136.472222,59.113214,50.000000,29.556607,25.000000,50280,10,0.071429,290.000000,0.000000,25.000000,1.182266,0.000000
0,0.000000,0.500000,0.500000,0.002669,0.002463,47.571429,27.000000,51.533555,40.000000,25.766778,20.000000,23540,10,0.500000,290.000000,0.000000,25.000000,1.030671,0.000000
0,0.000000,0.142857,0.142857,0.134601,0.096013,795.571429,585.992654,61.533555,48.467510,30.766778,24.233755,61230,10,0.142857,290.000000,0.000000,30.000000,1.230683,0.000000
0,-0.000000,0.066667,0.062500,0.162482,0.226844,1018.973214,1448.000000,88.911182,74.163653,44.455591,37.081826,49900,22500,0.066667,152.000000,0.000000,40.000000,1.778237,1.483291
0,-0.000000,0.038462,0.033333,11.383344,0.179871,1799.702160,1318.609467,91.785677,84.675677,45.892839,42.337839,20900,8890,0.038462,312.000000,0.000000,45.000000,1.873872,1.693526
0,0.000000,0.076923,0.263158,1.912035,0.103056,132.545000,732.750000,84.729661,84.247460,42.364830,42.123730,9280,7610,0.263158,152.000000,0.000000,40.000000,1.730308,1.684956
0,-0.000000,0.045455,0.033333,4.229941,0.179871,219.375000,1318.609467,100.000000,84.675677,50.000000,42.337839,34740,24240,0.050000,912.000000,0.000000,50.000000,2.045368,1.693526
0,-0.000000,0.333333,0.315789,1.911286,0.060972,128.410714,457.750000,92.366946,77.083182,46.183473,38.541591,42340,9280,0.333333,152.000000,0.000000,45.000000,1.883053,1.541668
0,-0.000000,0.045455,0.033333,4.229941,0.179871,219.375000,1318.609467,100.000000,84.675677,50.000000,42.337839,24240,21710,0.050000,912.000000,0.000000,50.000000,2.045368,1.693526
0,-0.000000,0.066667,0.062500,0.162482,0.226844,1018.973214,1448.000000,88.911182,74.163653,44.455591,37.081826,49900,42340,0.066667,152.000000,0.000000,40.000000,1.778237,1.483291
0,-0.000000,0.035714,0.033333,0.017237,0.018344,141.785714,182.760000,88.977445,77.537734,44.488723,38.768867,52850,29310,0.035714,152.000000,0.000000,40.000000,1.779550,1.550756
0,-0.000000,0.045455,0.033333,4.229941,0.179871,219.375000,1318.609467,100.000000,84.675677,50.000000,42.337839,39360,21710,0.050000,912.000000,0.000000,50.000000,2.045368,1.693526
0,-0.000000,0.066667,0.062500,0.162482,0.226844,1018.973214,1448.000000,88.911182,74.163653,44.455591,37.081826,49900,29310,0.066667,152.000000,0.000000,40.000000,1.778237,1.483291
0,-0.000000,0.333333,0.315789,1.911286,0.060972,128.410714,457.750000,92.366946,77.083182,46.183473,38.541591,22500,9280,0.333333,152.000000,0.000000,45.000000,1.883053,1.541668
0,-0.000000,0.045455,0.033333,4.229941,0.179871,219.375000,1318.609467,100.000000,84.675677,50.000000,42.337839,35130,34740,0.050000,912.000000,0.000000,50.000000,2.045368,1.693526
0,-0.000000,0.045455,0.033333,4.229941,0.179871,219.375000,1318.609467,100.000000,84.675677,50.000000,42.337839,39360,14900,0.050000,912.000000,0.000000,50.000000,2.045368,1.693526
0,-0.000000,0.045455,0.033333,4.229941,0.179871,219.375000,1318.609467,100.000000,84.675677,50.000000,42.337839,24240,14900,0.050000,912.000000,0.000000,50.000000,2.045368,1.693526
0,-0.000000,0.038462,0.033333,11.383344,0.179871,1799.702160,1318.609467,91.785677,84.675677,45.892839,42.337839,40740,8890,0.038462,312.000000,0.000000,45.000000,1.873872,1.693526
0,0.000000,0.727273,0.846154,4.226546,0.065711,259.875000,525.000000,100.000000,76.515632,50.000000,38.257816,14900,10,0.846154,912.000000,0.000000,50.000000,2.045368,1.530317
0,0.000000,0.727273,0.846154,4.226546,0.065711,259.875000,525.000000,100.000000,76.515632,50.000000,38.257816,21710,10,0.846154,912.000000,0.000000,50.000000,2.045368,1.530317
0,-0.000000,0.045455,0.033333,4.229941,0.179871,219.375000,1318.609467,100.000000,84.675677,50.000000,42.337839,35130,14900,0.050000,912.000000,0.000000,50.000000,2.045368,1.693526
0,-0.000000,0.038462,0.033333,11.383344,0.179871,1799.702160,1318.609467,91.785677,84.675677,45.892839,42.337839,27710,8890,0.038462,312.000000,0.000000,45.000000,1.873872,1.693526
0,-0.000000,0.045455,0.033333,4.229941,0.179871,219.375000,1318.609467,100.000000,84.675677,50.000000,42.337839,35130,21710,0.050000,912.000000,0.000000,50.000000,2.045368,1.693526
0,0.000000,0.727273,0.846154,4.226546,0.065711,259.875000,525.000000,100.000000,76.515632,50.000000,38.257816,34740,10,0.846154,912.000000,0.000000,50.000000,2.045368,1.530317
0,-0.000000,0.045455,0.033333,4.229941,0.179871,219.375000,1318.609467,100.000000,84.675677,50.000000,42.337839,39360,34740,0.050000,912.000000,0.000000,50.000000,2.045368,1.693526
0,-0.000000,0.035714,0.033333,0.017237,0.018344,141.785714,182.760000,88.977445,77.537734,44.488723,38.768867,52850,42340,0.035714,152.000000,0.000000,40.000000,1.779550,1.550756
0,-0.000000,0.333333,0.315789,1.911286,0.060972,128.410714,457.750000,92.366946,77.083182,46.183473,38.541591,29310,9280,0.333333,152.000000,0.000000,45.000000,1.883053,1.541668
0,-0.000000,0.035714,0.033333,0.017237,0.018344,141.785714,182.760000,88.977445,77.537734,44.488723,38.768867,52850,22500,0.035714,152.000000,0.000000,40.000000,1.779550,1.550756
0,-0.000000,0.066667,0.055556,309.386084,0.000000,4949.826446,497.656250,84.144615,81.948198,42.072308,40.974099,34150,15920,0.187500,721.000000,0.000000,40.000000,11.594177,1.638964
0,0.000000,0.100000,0.111111,0.034187,0.000000,225.062130,477.777778,92.608365,89.948198,46.304182,44.974099,38600,29810,0.111111,276.000000,0.000000,45.000000,1.852170,1.798964
0,-0.000000,0.020408,0.018519,309.386084,0.000000,5754.724405,932.549638,83.755703,82.047775,41.877852,41.023888,35590,34150,0.026316,721.000000,0.000000,40.000000,11.586399,1.640956
0,-0.000000,0.023256,0.019608,0.008282,0.000000,217.994966,1497.860217,89.296072,90.385568,44.648036,45.192784,26340,10,0.023256,710.000000,0.000000,40.000000,1.785922,1.807711
0,-0.000001,0.242424,0.195652,0.111368,0.000000,496.266212,1873.469388,92.239406,89.948198,46.119703,44.974099,37730,9200,0.242424,363.000000,0.000000,45.000000,1.844804,1.798964
0,-0.000000,0.046512,0.039216,309.386084,0.000000,4882.133321,545.761452,91.938895,89.948198,45.969447,44.974099,40020,34150,0.052632,721.000000,0.000000,45.000000,11.750063,1.798964
0,-0.000001,0.242424,0.195652,0.111368,0.000000,496.266212,1873.469388,92.239406,89.948198,46.119703,44.974099,37730,37210,0.242424,363.000000,0.000000,45.000000,1.844804,1.798964
0,-0.000000,0.083333,0.043478,0.028401,0.000000,179.788643,2825.568153,85.209392,90.385568,42.604696,45.192784,3480,740,0.083333,363.000000,0.000000,40.000000,1.704190,1.807711
0,-0.000000,0.023256,0.019608,0.008282,0.000000,217.994966,1497.860217,89.296072,90.385568,44.648036,45.192784,40130,10,0.023256,710.000000,0.000000,40.000000,1.785922,1.807711
0,-0.000001,0.242424,0.195652,0.111368,0.000000,496.266212,1873.469388,92.239406,89.948198,46.119703,44.974099,49210,37730,0.242424,363.000000,0.000000,45.000000,1.844804,1.798964
0,-0.000000,0.023256,0.019608,0.008282,0.000000,217.994966,1497.860217,89.296072,90.385568,44.648036,45.192784,16780,10,0.023256,710.000000,0.000000,40.000000,1.785922,1.807711
0,0.000000,0.100000,0.111111,0.034187,0.000000,225.062130,477.777778,92.608365,89.948198,46.304182,44.974099,38600,33610,0.111111,276.000000,0.000000,45.000000,1.852170,1.798964
0,-0.000000,0.046512,0.039216,309.386084,0.000000,4882.133321,545.761452,91.938895,89.948198,45.969447,44.974099,34150,26230,0.052632,721.000000,0.000000,45.000000,11.750063,1.798964
0,0.000000,0.815789,0.740741,16.873217,0.000000,679.990313,1752.098765,81.910153,80.333767,40.955077,40.166883,34260,10,0.815789,710.000000,0.000000,40.000000,1.914454,1.606675
0,-0.000000,0.023256,0.019608,0.008282,0.000000,217.994966,1497.860217,89.296072,90.385568,44.648036,45.192784,29940,10,0.023256,710.000000,0.000000,40.000000,1.785922,1.807711
0,0.000000,0.333333,0.333333,0.051996,0.000000,343.500000,1000.000000,40.088587,74.483702,20.044293,37.241851,39330,10,0.333333,203.000000,0.000000,20.000000,0.801776,1.489674
0,0.000000,0.058824,0.058824,0.012002,0.000000,246.320744,1402.864390,81.286732,82.609823,40.643366,41.304911,33410,10,0.058824,710.000000,0.000000,40.000000,1.625736,1.652196
0,-0.000001,0.375000,0.195652,0.075531,0.000000,213.199885,1873.469388,85.554447,89.948198,42.777223,44.974099,37730,740,0.375000,363.000000,0.000000,40.000000,1.711103,1.798964
0,-0.000000,0.117647,0.117647,309.386084,0.000000,4910.459099,450.765625,83.926555,82.172452,41.963278,41.086226,34150,33300,0.235294,721.000000,0.000000,40.000000,11.589816,1.643449
0,-0.000000,0.023256,0.019608,0.008282,0.000000,217.994966,1497.860217,89.296072,90.385568,44.648036,45.192784,24700,10,0.023256,710.000000,0.000000,40.000000,1.785922,1.807711
0,0.000000,0.166667,0.166667,0.031383,0.000000,226.920439,1952.098765,39.882578,74.921072,19.941289,37.460536,5080,10,0.166667,203.000000,0.000000,15.000000,0.797654,1.498421
0,-0.000000,0.030303,0.043478,0.064238,0.000000,462.854969,2825.568153,91.894351,90.385568,45.947176,45.192784,9200,3480,0.047619,363.000000,0.000000,45.000000,1.837892,1.807711
0,-0.000000,0.030303,0.043478,0.064238,0.000000,462.854969,2825.568153,91.894351,90.385568,45.947176,45.192784,49210,3480,0.047619,363.000000,0.000000,45.000000,1.837892,1.807711
0,-0.000000,0.030303,0.043478,0.064238,0.000000,462.854969,2825.568153,91.894351,90.385568,45.947176,45.192784,37210,3480,0.047619,363.000000,0.000000,45.000000,1.837892,1.807711
0,-0.000000,0.046512,0.039216,309.386084,0.000000,4882.133321,545.761452,91.938895,89.948198,45.969447,44.974099,34150,24590,0.052632,721.000000,0.000000,45.000000,11.750063,1.798964
0,-0.000000,0.046512,0.039216,309.386084,0.000000,4882.133321,545.761452,91.938895,89.948198,45.969447,44.974099,34150,16670,0.052632,721.000000,0.000000,45.000000,11.750063,1.798964
0,-0.000000,0.046512,0.039216,309.386084,0.000000,4882.133321,545.761452,91.938895,89.948198,45.969447,44.974099,34150,29830,0.052632,721.000000,0.000000,45.000000,11.750063,1.798964
0,-0.000000,0.095238,0.272727,0.365294,0.127164,1912.434898,1015.760204,90.909088,84.050818,45.454544,42.025409,42870,30870,0.363636,1477.000000,0.000000,45.000000,1.818217,1.681024
0,-0.000000,0.238095,0.185185,0.206108,0.017806,81.306173,120.167009,90.833333,81.107568,45.416667,40.553784,61110,42080,0.238095,356.000000,0.000000,45.000000,1.817024,1.622153
0,-0.000000,0.285714,0.272727,0.363737,0.098375,973.064597,609.502858,90.833333,83.695451,45.416667,41.847725,60700,42080,0.300000,356.000000,0.000000,45.000000,1.817038,1.673917
0,-0.000000,0.321429,0.303030,0.218316,0.024207,160.866319,166.384294,81.608543,74.198944,40.804272,37.099472,42080,30580,0.333333,356.000000,0.000000,40.000000,1.632529,1.483981
0,0.000000,0.714286,0.714286,0.006067,0.029385,68.000000,198.510204,41.449015,76.392197,20.724508,38.196098,43860,10,0.714286,178.000000,0.000000,20.000000,0.828981,1.527846
0,-0.000000,0.238095,0.185185,0.206108,0.017806,81.306173,120.167009,90.833333,81.107568,45.416667,40.553784,42080,31180,0.238095,356.000000,0.000000,45.000000,1.817024,1.622153
0,-0.000000,0.095238,0.272727,0.365294,0.127164,1912.434898,1015.760204,90.909088,84.050818,45.454544,42.025409,41220,30870,0.363636,1477.000000,0.000000,45.000000,1.818217,1.681024
0,0.000000,0.285714,0.285714,0.130310,0.041140,776.865052,275.510204,81.076847,75.215186,40.538423,37.607593,42110,9160,0.285714,353.000000,0.000000,40.000000,1.621548,1.504307
0,-0.000000,0.285714,0.272727,0.363737,0.098375,973.064597,609.502858,90.833333,83.695451,45.416667,41.847725,42080,41230,0.300000,356.000000,0.000000,45.000000,1.817038,1.673917
0,-0.000000,0.285714,0.272727,0.363737,0.098375,973.064597,609.502858,90.833333,83.695451,45.416667,41.847725,42080,39870,0.300000,356.000000,0.000000,45.000000,1.817038,1.673917
0,0.000000,0.250000,0.250000,57.623455,0.000000,2997.000000,1600.000000,79.241536,77.350727,39.620768,38.675363,39390,35060,0.250000,215.000000,0.000000,35.000000,2.317604,1.547015
0,0.000000,0.125000,0.125000,2.212627,0.000000,51.640625,73.081633,79.732223,82.932699,39.866111,41.466349,3660,2470,0.125000,508.000000,0.000000,35.000000,1.671812,1.658654
0,0.000000,0.071429,0.071429,5.948066,0.077997,1406.875000,525.625000,81.061183,59.662930,40.530591,29.831465,7310,6100,0.071429,17.000000,0.000000,40.000000,1.636027,1.193264
0,-0.000000,0.150000,0.115385,0.044082,0.083041,491.743646,603.061728,78.906510,59.517044,39.453255,29.758522,27950,10,0.150000,747.000000,0.000000,35.000000,1.578133,1.190347
0,-0.000036,0.130435,0.125000,5.948876,0.088597,1475.127551,655.265306,80.194920,57.896417,40.097460,28.948208,26210,7310,0.130435,17.000000,0.000000,40.000000,1.618701,1.157934
0,0.000000,0.181818,0.181818,0.118084,0.128041,763.755102,876.000000,80.769843,58.764883,40.384921,29.382441,5500,1500,0.181818,198.000000,0.000000,40.000000,1.615406,1.175307
0,0.000000,0.066667,0.066667,5.915937,0.045974,1204.760204,323.510204,77.100027,57.611828,38.550013,28.805914,45790,7310,0.066667,17.000000,0.000000,35.000000,1.556801,1.152240
0,-0.000002,0.066667,0.193548,102.386841,0.000000,2524.805556,40204.016529,88.461476,99.794557,44.230738,49.897279,24270,13600,0.590909,2052.000000,0.000000,40.000000,3.980253,1.995891
0,-0.000003,0.363636,0.250000,0.003395,0.000000,85.500000,4438.016529,100.000000,91.070437,50.000000,45.535218,24240,10,0.363636,966.000000,0.000000,50.000000,2.000000,1.821409
0,0.000000,0.750000,0.750000,7.882122,0.000000,431.785052,838.016529,100.000000,50.000000,50.000000,25.000000,44410,10,0.750000,38.000000,0.000000,50.000000,2.088535,0.000000
0,-0.000003,0.363636,0.250000,0.003395,0.000000,85.500000,4438.016529,100.000000,91.070437,50.000000,45.535218,39360,10,0.363636,966.000000,0.000000,50.000000,2.000000,1.821409
0,0.000000,0.666667,0.666667,30.161212,0.000000,2380.920000,39366.000000,97.826087,49.794557,48.913043,24.897279,42520,10,0.666667,38.000000,0.000000,45.000000,2.154282,0.000000
0,-0.000002,0.200000,0.193548,1.259233,0.000000,5404.000000,40204.016529,82.675149,99.794557,41.337574,49.897279,26560,20440,0.590909,2246.000000,0.000000,40.000000,1.653650,1.995891
0,0.000000,0.153846,0.166667,5.151270,0.000000,1837.348571,42966.000000,87.500001,90.864994,43.750001,45.432497,30640,6190,0.166667,348.000000,0.000000,40.000000,1.893975,1.817300
0,0.000000,0.083333,0.083333,0.124324,0.000000,962.920000,882.000000,91.553575,41.623454,45.776787,20.811727,55920,10,0.083333,38.000000,0.000000,45.000000,1.831080,0.000000
0,0.000000,0.750000,0.750000,7.882122,0.000000,431.785052,838.016529,100.000000,50.000000,50.000000,25.000000,48640,10,0.750000,38.000000,0.000000,50.000000,2.088535,0.000000
0,0.000000,0.333333,0.333333,0.053669,0.000000,480.920000,3600.000000,91.597192,41.070437,45.798596,20.535218,9290,10,0.333333,38.000000,0.000000,45.000000,1.831947,0.000000
0,0.000000,0.750000,0.750000,7.882122,0.000000,431.785052,838.016529,100.000000,50.000000,50.000000,25.000000,12170,10,0.750000,38.000000,0.000000,50.000000,2.088535,0.000000
0,0.000000,0.153846,0.166667,5.151270,0.000000,1837.348571,42966.000000,87.500001,90.864994,43.750001,45.432497,39420,6190,0.166667,348.000000,0.000000,40.000000,1.893975,1.817300
0,0.000000,0.666667,0.666667,30.161212,0.000000,2380.920000,39366.000000,97.826087,49.794557,48.913043,24.897279,33740,10,0.666667,38.000000,0.000000,45.000000,2.154282,0.000000
0,-0.000002,0.100000,0.193548,0.079113,0.000000,384.250000,40204.016529,92.841474,99.794557,46.420737,49.897279,20440,11440,0.590909,2246.000000,0.000000,45.000000,1.856838,1.995891
0,-0.000003,0.363636,0.250000,0.003395,0.000000,85.500000,4438.016529,100.000000,91.070437,50.000000,45.535218,35130,10,0.363636,966.000000,0.000000,50.000000,2.000000,1.821409
0,-0.000002,0.100000,0.193548,0.079113,0.000000,384.250000,40204.016529,92.841474,99.794557,46.420737,49.897279,22330,20440,0.590909,2246.000000,0.000000,45.000000,1.856838,1.995891
0,0.000000,0.750000,0.750000,7.882122,0.000000,431.785052,838.016529,100.000000,50.000000,50.000000,25.000000,33520,10,0.750000,38.000000,0.000000,50.000000,2.088535,0.000000
0,-0.000002,0.066667,0.193548,102.386841,0.000000,2524.805556,40204.016529,88.461476,99.794557,44.230738,49.897279,13600,13380,0.590909,2052.000000,0.000000,40.000000,3.980253,1.995891
0,-0.000002,0.045455,0.193548,30.109730,0.000000,2240.980000,40204.016529,87.033582,99.794557,43.516791,49.897279,26820,5250,0.250000,730.000000,0.000000,40.000000,2.081634,1.995891
0,-0.000003,0.200000,0.250000,11.374903,0.000000,1739.202160,4438.016529,83.452346,91.070437,41.726173,45.535218,8890,6010,0.333333,366.000000,0.000000,40.000000,1.707205,1.821409
0,-0.000002,0.133333,0.193548,102.910161,0.000000,4829.373967,40204.016529,78.961032,99.794557,39.480516,49.897279,28500,13600,0.590909,2052.000000,0.000000,35.000000,3.790303,1.995891
0,-0.000002,0.045455,0.193548,30.109730,0.000000,2240.980000,40204.016529,87.033582,99.794557,43.516791,49.897279,35600,5250,0.250000,730.000000,0.000000,40.000000,2.081634,1.995891
0,-0.000366,0.333333,0.250000,0.403248,0.000000,2368.000000,1022.222222,89.997706,82.634792,44.998853,41.317396,27440,23200,0.333333,1131.000000,0.000000,40.000000,1.799988,1.652696
0,-0.000366,0.250000,0.250000,0.325017,0.000000,1295.000000,656.000000,89.658057,82.634792,44.829029,41.317396,32610,10310,0.400000,2844.000000,0.000000,40.000000,1.793202,1.652696
0,-0.000183,0.166667,0.125000,0.048952,0.000000,305.000000,692.571429,79.997705,72.599839,39.998853,36.299920,27440,7160,0.166667,1131.000000,0.000000,35.000000,1.599958,1.451997
0,-0.000366,0.250000,0.250000,0.325017,0.000000,1295.000000,656.000000,89.658057,82.634792,44.829029,41.317396,10310,8490,0.400000,2844.000000,0.000000,40.000000,1.793202,1.652696
0,-0.000366,0.333333,0.250000,0.403248,0.000000,2368.000000,1022.222222,89.997706,82.634792,44.998853,41.317396,27440,10470,0.333333,1131.000000,0.000000,40.000000,1.799988,1.652696
0,0.000000,0.857143,0.754717,2.764071,0.000000,229.250000,2183.851852,93.750000,89.999825,46.875000,44.999913,10660,10,0.914286,3462.000000,0.000000,45.000000,1.912729,1.799997
0,-0.000000,0.090909,0.250000,3.948651,0.000000,803.283447,2217.219199,100.000000,100.000000,50.000000,50.000000,31840,23150,0.333333,1208.000000,0.000000,50.000000,2.048648,2.000000
0,-0.000000,0.090909,0.250000,3.948651,0.000000,803.283447,2217.219199,100.000000,100.000000,50.000000,50.000000,53080,33200,0.333333,1208.000000,0.000000,50.000000,2.048648,2.000000
0,0.000000,0.230769,0.214286,1.005972,0.000000,833.692294,1752.000000,89.999869,89.999825,44.999935,44.999913,26030,21350,0.230769,860.000000,0.000000,40.000000,1.810159,1.799997
0,0.000000,0.230769,0.214286,1.005972,0.000000,833.692294,1752.000000,89.999869,89.999825,44.999935,44.999913,26030,9900,0.230769,860.000000,0.000000,40.000000,1.810159,1.799997
0,0.000000,0.857143,0.754717,2.764071,0.000000,229.250000,2183.851852,93.750000,89.999825,46.875000,44.999913,30130,10,0.914286,3462.000000,0.000000,45.000000,1.912729,1.799997
0,0.000079,0.033333,0.038462,0.433672,0.000000,2620.024324,41249.851852,99.172045,99.922940,49.586022,49.961470,42840,41850,0.038462,108.000000,0.000000,45.000000,1.983477,1.998459
0,-0.000001,0.026316,0.025000,0.126253,0.000000,781.593960,2220.097527,89.851876,89.002182,44.925938,44.501091,61370,54840,0.026316,338.000000,0.000000,40.000000,1.797048,1.780044
0,-0.000000,0.181818,0.285714,3.830345,0.000000,194.666667,633.367347,91.567896,89.999825,45.783948,44.999913,53080,22550,0.380952,1208.000000,0.000000,45.000000,1.879995,1.799997
0,-0.000000,0.181818,0.285714,3.830345,0.000000,194.666667,633.367347,91.567896,89.999825,45.783948,44.999913,23150,22550,0.380952,1208.000000,0.000000,45.000000,1.879995,1.799997
0,-0.000000,0.090909,0.250000,3.948651,0.000000,803.283447,2217.219199,100.000000,100.000000,50.000000,50.000000,33200,23150,0.333333,1208.000000,0.000000,50.000000,2.048648,2.000000
0,-0.000000,0.090909,0.250000,3.948651,0.000000,803.283447,2217.219199,100.000000,100.000000,50.000000,50.000000,52670,23150,0.333333,1208.000000,0.000000,50.000000,2.048648,2.000000
0,-0.000000,0.371429,0.371429,0.087676,0.000000,142.540199,436.472222,91.515105,89.999825,45.757553,44.999913,36840,29790,0.382353,484.000000,0.000000,45.000000,1.830364,1.799997
0,0.000079,0.033333,0.038462,0.433672,0.000000,2620.024324,41249.851852,99.172045,99.922940,49.586022,49.961470,42840,33070,0.038462,108.000000,0.000000,45.000000,1.983477,1.998459
0,0.000000,0.857143,0.754717,2.764071,0.000000,229.250000,2183.851852,93.750000,89.999825,46.875000,44.999913,9300,10,0.914286,3462.000000,0.000000,45.000000,1.912729,1.799997
0,-0.000000,0.021277,0.018868,0.117359,0.000000,833.076818,832.549638,82.894442,82.103639,41.447221,41.051820,39940,31230,0.021277,340.000000,0.000000,40.000000,1.657897,1.642073
0,-0.000000,0.090909,0.250000,3.948651,0.000000,803.283447,2217.219199,100.000000,100.000000,50.000000,50.000000,53080,52670,0.333333,1208.000000,0.000000,50.000000,2.048648,2.000000
0,-0.000001,0.026316,0.025000,0.126253,0.000000,781.593960,2220.097527,89.851876,89.002182,44.925938,44.501091,54840,40540,0.026316,338.000000,0.000000,40.000000,1.797048,1.780044
0,-0.000001,0.026316,0.025000,0.126253,0.000000,781.593960,2220.097527,89.851876,89.002182,44.925938,44.501091,54840,41900,0.026316,338.000000,0.000000,40.000000,1.797048,1.780044
0,0.000079,0.033333,0.038462,0.433672,0.000000,2620.024324,41249.851852,99.172045,99.922940,49.586022,49.961470,63670,33070,0.038462,108.000000,0.000000,45.000000,1.983477,1.998459
0,0.000079,0.033333,0.038462,0.433672,0.000000,2620.024324,41249.851852,99.172045,99.922940,49.586022,49.961470,63670,41850,0.038462,108.000000,0.000000,45.000000,1.983477,1.998459
0,0.000159,0.066667,0.076923,0.365883,0.000000,2211.256094,39666.000000,91.169688,89.922765,45.584844,44.961383,41850,33550,0.076923,108.000000,0.000000,45.000000,1.823424,1.798455
0,0.000079,0.033333,0.038462,0.433672,0.000000,2620.024324,41249.851852,99.172045,99.922940,49.586022,49.961470,44200,41850,0.038462,108.000000,0.000000,45.000000,1.983477,1.998459
0,-0.000000,0.090909,0.250000,3.948651,0.000000,803.283447,2217.219199,100.000000,100.000000,50.000000,50.000000,53080,31840,0.333333,1208.000000,0.000000,50.000000,2.048648,2.000000
0,0.000079,0.033333,0.038462,0.433672,0.000000,2620.024324,41249.851852,99.172045,99.922940,49.586022,49.961470,44200,33070,0.038462,108.000000,0.000000,45.000000,1.983477,1.998459
0,-0.000000,0.371429,0.371429,0.087676,0.000000,142.540199,436.472222,91.515105,89.999825,45.757553,44.999913,48960,29790,0.382353,484.000000,0.000000,45.000000,1.830364,1.799997
0,0.000159,0.066667,0.076923,0.365883,0.000000,2211.256094,39666.000000,91.169688,89.922765,45.584844,44.961383,33550,33070,0.076923,108.000000,0.000000,45.000000,1.823424,1.798455
0,-0.000002,0.052632,0.050000,0.055356,0.000000,381.541575,636.245675,81.182716,79.002007,40.591358,39.501003,54840,31250,0.052632,338.000000,0.000000,40.000000,1.623658,1.580040
0,-0.000000,0.022222,0.019608,2.209123,1.228687,604.254846,7771.851852,99.687500,100.000000,49.843750,50.000000,44370,41880,0.022222,352.000000,0.000000,45.000000,1.998322,2.000097
0,0.000000,0.090909,0.088889,0.016900,0.333425,73.098765,2487.469388,82.510800,92.987086,41.255400,46.493543,5170,3210,0.181818,3829.000000,0.000000,40.000000,1.650218,1.859764
0,-0.000000,0.022222,0.019608,2.209123,1.228687,604.254846,7771.851852,99.687500,100.000000,49.843750,50.000000,40520,30580,0.022222,352.000000,0.000000,45.000000,1.998322,2.000097
0,-0.000000,0.166667,0.142857,0.009317,1.058187,101.190476,6896.000000,62.500011,84.065998,31.250005,42.032999,43720,10,0.166667,417.000000,0.000000,30.000000,1.250001,1.681401
0,0.000066,0.126984,0.156863,2.294358,0.434536,1223.427101,2897.851852,91.419815,92.987086,45.709908,46.493543,61350,39940,0.156863,352.000000,0.000000,45.000000,1.832974,1.859775
0,-0.000000,0.818182,0.862745,0.050938,1.040799,309.350998,6902.000000,88.146541,92.987086,44.073271,46.493543,18930,10,0.909091,2453.000000,0.000000,40.000000,1.762936,1.859821
0,-0.000000,0.100000,0.357143,313.641752,0.965837,1156.486111,6248.000000,81.666667,90.999941,40.833333,45.499970,23960,23850,0.454545,1385.000000,0.000000,40.000000,45.898072,1.820074
0,-0.000000,0.022222,0.019608,2.209123,1.228687,604.254846,7771.851852,99.687500,100.000000,49.843750,50.000000,41880,34180,0.022222,352.000000,0.000000,45.000000,1.998322,2.000097
0,-0.000000,0.125000,0.100000,1.867365,0.961236,255.603878,6212.000000,88.055328,91.995808,44.027664,45.997904,23550,3550,0.125000,1055.000000,0.000000,40.000000,1.803122,1.839991
0,0.000000,0.214286,0.266667,3.952803,0.217561,840.205279,1719.333333,81.616174,83.814926,40.808087,41.907463,33330,29290,0.285714,1013.000000,0.000000,40.000000,1.703053,1.676312
0,-0.000000,0.022222,0.019608,2.209123,1.228687,604.254846,7771.851852,99.687500,100.000000,49.843750,50.000000,61350,21020,0.022222,352.000000,0.000000,45.000000,1.998322,2.000097
0,-0.000000,0.022222,0.019608,2.209123,1.228687,604.254846,7771.851852,99.687500,100.000000,49.843750,50.000000,40520,34180,0.022222,352.000000,0.000000,45.000000,1.998322,2.000097
0,-0.000000,0.500000,0.357143,0.006395,0.965837,73.663923,6248.000000,86.834401,90.999941,43.417200,45.499970,13280,10,0.500000,2453.000000,0.000000,40.000000,1.736689,1.820074
0,-0.000000,0.769231,0.862745,0.019665,1.040799,368.516667,6902.000000,90.730024,92.987086,45.365012,46.493543,9370,10,0.909091,3409.000000,0.000000,45.000000,1.814602,1.859821
0,-0.000000,1.000000,0.862745,0.012666,1.040799,415.080000,6902.000000,88.653444,92.987086,44.326722,46.493543,4440,10,1.000000,4345.000000,0.000000,40.000000,1.773071,1.859821
0,0.000000,0.093750,0.088889,117.249326,0.333425,3827.612245,2487.469388,86.891999,92.987086,43.446000,46.493543,37560,7590,0.114286,590.000000,0.000000,40.000000,4.191773,1.859764
0,-0.000000,0.846154,0.862745,0.017960,1.040799,136.088240,6902.000000,84.285543,92.987086,42.142771,46.493543,11010,10,0.909091,3245.000000,0.000000,40.000000,1.685713,1.859821
0,-0.000000,0.022222,0.019608,2.209123,1.228687,604.254846,7771.851852,99.687500,100.000000,49.843750,50.000000,44370,40520,0.022222,352.000000,0.000000,45.000000,1.998322,2.000097
0,-0.000000,0.022222,0.019608,2.209123,1.228687,604.254846,7771.851852,99.687500,100.000000,49.843750,50.000000,41880,30580,0.022222,352.000000,0.000000,45.000000,1.998322,2.000097
0,-0.000000,0.100000,0.357143,313.641752,0.965837,1156.486111,6248.000000,81.666667,90.999941,40.833333,45.499970,23960,18610,0.454545,1385.000000,0.000000,40.000000,45.898072,1.820074
0,0.000000,0.083333,0.083333,0.807871,0.125758,1053.901361,1034.166667,82.603840,84.653753,41.301920,42.326876,38700,37580,0.083333,588.000000,0.000000,40.000000,1.662776,1.693083
0,-0.000000,0.125000,0.100000,1.867365,0.961236,255.603878,6212.000000,88.055328,91.995808,44.027664,45.997904,37340,3550,0.125000,1055.000000,0.000000,40.000000,1.803122,1.839991
0,0.000000,0.043478,0.088889,0.138073,0.333425,1000.654068,2487.469388,86.544044,92.987086,43.272022,46.493543,38440,10,0.095238,502.000000,0.000000,40.000000,1.730891,1.859764
0,0.000000,1.000000,0.900000,0.139562,0.167085,875.566893,1338.000000,49.467437,84.982894,24.733718,42.491447,29370,10,1.000000,1409.000000,0.000000,20.000000,0.989360,1.699668
0,0.000000,0.085714,0.088889,10.031859,0.333425,813.215278,2487.469388,82.079789,92.987086,41.039895,46.493543,40690,30650,0.115385,1281.000000,0.000000,40.000000,1.945910,1.859764
0,-0.000000,0.142857,0.076923,0.000000,0.269962,666.432099,2114.000000,56.769985,82.428598,28.384993,41.214299,24910,10,0.142857,1855.000000,0.000000,25.000000,1.135400,1.648589
0,-0.000000,0.125000,0.100000,1.867365,0.961236,255.603878,6212.000000,88.055328,91.995808,44.027664,45.997904,13990,3550,0.125000,1055.000000,0.000000,40.000000,1.803122,1.839991
0,0.000000,0.142857,0.142857,0.729908,0.178229,1260.690542,1500.000000,83.220819,84.653753,41.610410,42.326876,38880,14050,0.142857,458.000000,0.000000,40.000000,1.664708,1.693086
0,-0.000000,0.272727,0.230769,0.678053,0.131780,840.963269,1072.836735,83.090408,86.319932,41.545204,43.159966,38880,38300,0.272727,458.000000,0.000000,40.000000,1.662097,1.726407
0,-0.000000,0.022222,0.019608,2.209123,1.228687,604.254846,7771.851852,99.687500,100.000000,49.843750,50.000000,61350,28940,0.022222,352.000000,0.000000,45.000000,1.998322,2.000097
0,0.000066,0.126984,0.156863,2.294358,0.434536,1223.427101,2897.851852,91.419815,92.987086,45.709908,46.493543,41880,39940,0.156863,352.000000,0.000000,45.000000,1.832974,1.859775
0,-0.000000,0.166667,0.142857,0.009317,1.058187,101.190476,6896.000000,62.500011,84.065998,31.250005,42.032999,20370,10,0.166667,417.000000,0.000000,30.000000,1.250001,1.681401
0,-0.000000,0.750000,0.862745,250.417935,1.040799,1146.174858,6902.000000,79.429190,92.987086,39.714595,46.493543,7340,1580,0.909091,3612.000000,0.000000,35.000000,30.026040,1.859821
0,-0.000000,0.022222,0.019608,2.209123,1.228687,604.254846,7771.851852,99.687500,100.000000,49.843750,50.000000,40520,21020,0.022222,352.000000,0.000000,45.000000,1.998322,2.000097
0,-0.000000,0.100000,0.357143,313.641752,0.965837,1156.486111,6248.000000,81.666667,90.999941,40.833333,45.499970,23960,20250,0.454545,1385.000000,0.000000,40.000000,45.898072,1.820074
0,-0.000000,0.100000,0.357143,313.641752,0.965837,1156.486111,6248.000000,81.666667,90.999941,40.833333,45.499970,34040,23960,0.454545,1385.000000,0.000000,40.000000,45.898072,1.820074
0,-0.000000,0.166667,0.142857,0.009317,1.058187,101.190476,6896.000000,62.500011,84.065998,31.250005,42.032999,33530,10,0.166667,417.000000,0.000000,30.000000,1.250001,1.681401
0,-0.000000,0.029412,0.028571,0.114677,0.145386,803.864198,1150.472222,90.437360,92.987086,45.218680,46.493543,39940,38280,0.029412,352.000000,0.000000,45.000000,1.808755,1.859751
0,-0.000000,0.500000,0.375000,0.108521,0.126032,724.890625,1034.000000,54.383556,84.986993,27.191778,42.493497,35180,10,0.500000,828.000000,0.000000,25.000000,1.087679,1.699748
0,-0.000000,0.166667,0.142857,0.009317,1.058187,101.190476,6896.000000,62.500011,84.065998,31.250005,42.032999,29930,10,0.166667,417.000000,0.000000,30.000000,1.250001,1.681401
0,-0.000000,0.022222,0.019608,2.209123,1.228687,604.254846,7771.851852,99.687500,100.000000,49.843750,50.000000,61350,44370,0.022222,352.000000,0.000000,45.000000,1.998322,2.000097
0,-0.000000,0.022222,0.019608,2.209123,1.228687,604.254846,7771.851852,99.687500,100.000000,49.843750,50.000000,40520,28940,0.022222,352.000000,0.000000,45.000000,1.998322,2.000097
0,-0.000000,0.022222,0.019608,2.209123,1.228687,604.254846,7771.851852,99.687500,100.000000,49.843750,50.000000,61350,30580,0.022222,352.000000,0.000000,45.000000,1.998322,2.000097
0,-0.000000,0.029412,0.028571,0.114677,0.145386,803.864198,1150.472222,90.437360,92.987086,45.218680,46.493543,50400,39940,0.029412,352.000000,0.000000,45.000000,1.808755,1.859751
0,0.000066,0.126984,0.156863,2.294358,0.434536,1223.427101,2897.851852,91.419815,92.987086,45.709908,46.493543,40520,39940,0.156863,352.000000,0.000000,45.000000,1.832974,1.859775
0,-0.000000,0.100000,0.166667,0.778370,0.130374,1496.690542,1062.986159,82.055438,83.548566,41.027719,41.774283,38880,32530,0.192308,458.000000,0.000000,40.000000,1.641405,1.670979
0,-0.000000,0.333333,0.285714,0.113826,0.264035,836.107266,2022.000000,53.509997,77.053083,26.754999,38.526542,39290,10,0.333333,417.000000,0.000000,25.000000,1.070208,1.541079
0,-0.000000,0.022222,0.019608,2.209123,1.228687,604.254846,7771.851852,99.687500,100.000000,49.843750,50.000000,61350,34180,0.022222,352.000000,0.000000,45.000000,1.998322,2.000097
0,-0.000000,0.022222,0.019608,2.209123,1.228687,604.254846,7771.851852,99.687500,100.000000,49.843750,50.000000,41880,28940,0.022222,352.000000,0.000000,45.000000,1.998322,2.000097
0,-0.000000,0.166667,0.142857,0.009317,1.058187,101.190476,6896.000000,62.500011,84.065998,31.250005,42.032999,28290,10,0.166667,417.000000,0.000000,30.000000,1.250001,1.681401
0,-0.000000,0.022222,0.019608,2.209123,1.228687,604.254846,7771.851852,99.687500,100.000000,49.843750,50.000000,41880,21020,0.022222,352.000000,0.000000,45.000000,1.998322,2.000097
0,-0.000000,0.125000,0.100000,1.867365,0.961236,255.603878,6212.000000,88.055328,91.995808,44.027664,45.997904,27150,3550,0.125000,1055.000000,0.000000,40.000000,1.803122,1.839991
0,-0.000000,0.125000,0.100000,1.867365,0.961236,255.603878,6212.000000,88.055328,91.995808,44.027664,45.997904,21910,3550,0.125000,1055.000000,0.000000,40.000000,1.803122,1.839991
0,-0.000043,0.066667,0.062500,0.049525,0.000000,286.180612,330.828125,80.964940,83.150830,40.482470,41.575415,31680,21960,0.066667,390.000000,0.000000,40.000000,1.619303,1.663017
0,-0.000000,0.035714,0.029412,0.891287,0.000000,5834.000000,14231.565000,82.340655,74.925677,41.170328,37.462838,41880,32900,0.041667,390.000000,0.000000,40.000000,1.646881,1.498514
0,-0.000003,0.064516,0.054054,0.933939,0.000000,5389.660900,9305.643125,89.489666,86.046061,44.744833,43.023030,55540,29260,0.083333,754.000000,0.000000,40.000000,1.789874,1.720921
0,-0.000000,0.076923,0.062500,0.735589,0.000000,171.501730,5486.064815,76.004126,82.782340,38.002063,41.391170,34430,1970,0.076923,958.000000,0.000000,35.000000,1.529153,1.655647
0,0.000000,0.037037,0.037037,0.048121,0.000000,324.431183,285.170000,83.161772,77.448102,41.580886,38.724051,55370,36590,0.037037,21.000000,0.000000,40.000000,1.663239,1.548962
0,-0.000000,0.076923,0.375000,0.764309,0.000000,388.000000,5460.828125,76.166393,83.947169,38.083196,41.973584,26000,1970,0.400000,958.000000,0.000000,35.000000,1.532400,1.678943
0,-0.000000,0.200000,0.181818,0.000000,0.000000,2358.739645,2929.690000,68.200995,76.045239,34.100497,38.022620,33020,10,0.200000,378.000000,0.000000,30.000000,1.364020,1.520905
0,-0.000000,0.071429,0.062500,0.931127,0.000000,5348.888889,14555.953125,91.746919,91.796219,45.873459,45.898109,55540,4010,0.071429,754.000000,0.000000,45.000000,1.835019,1.835924
0,-0.000000,0.100000,0.090909,0.000000,0.000000,2359.780612,3060.828125,68.041458,82.150129,34.020729,41.075064,31800,10,0.100000,378.000000,0.000000,30.000000,1.360829,1.643003
0,0.000000,0.062500,0.062500,0.113371,0.000000,695.842404,6570.000000,82.425258,82.044847,41.212629,41.022424,26770,7650,0.062500,390.000000,0.000000,40.000000,1.648514,1.640897
0,-0.000085,0.133333,0.125000,0.050612,0.000000,298.400000,199.690000,81.306644,77.045940,40.653322,38.522970,32900,21960,0.133333,390.000000,0.000000,40.000000,1.626137,1.540919
0,-0.000000,0.043478,0.035714,0.095057,0.000000,604.678571,1450.828125,83.059192,82.399579,41.529596,41.199790,31680,26770,0.043478,390.000000,0.000000,40.000000,1.661191,1.647992
0,-0.000000,0.037037,0.035714,1.190830,0.000000,4342.300612,9436.781250,88.436396,92.150950,44.218198,46.075475,56480,28980,0.037037,660.000000,0.000000,40.000000,1.770720,1.843019
0,-0.000000,0.037037,0.035714,1.190830,0.000000,4342.300612,9436.781250,88.436396,92.150950,44.218198,46.075475,48030,28980,0.037037,660.000000,0.000000,40.000000,1.770720,1.843019
0,-0.000043,0.066667,0.062500,0.067839,0.000000,377.344444,5450.000000,80.331007,82.796098,40.165503,41.398049,21960,7650,0.066667,390.000000,0.000000,40.000000,1.606626,1.655922
0,-0.000000,0.090909,0.076923,16.358377,0.000000,713.629630,202.252500,81.830360,77.157172,40.915180,38.578586,26570,25610,0.090909,1023.000000,0.000000,40.000000,1.842160,1.543143
0,-0.000000,0.071429,0.062500,0.931127,0.000000,5348.888889,14555.953125,91.746919,91.796219,45.873459,45.898109,47090,4010,0.071429,754.000000,0.000000,45.000000,1.835019,1.835924
0,-0.000000,0.086957,0.071429,0.096144,0.000000,616.897959,1319.690000,83.400896,76.294689,41.700448,38.147345,32900,26770,0.086957,390.000000,0.000000,40.000000,1.668025,1.525894
0,0.000000,0.636364,0.500000,0.011063,0.000000,95.574844,5329.690000,49.014583,77.842279,24.507291,38.921140,25260,10,0.636364,1154.000000,0.000000,20.000000,0.980292,1.556846
0,-0.000003,0.064516,0.054054,0.933939,0.000000,5389.660900,9305.643125,89.489666,86.046061,44.744833,43.023030,47090,29260,0.083333,754.000000,0.000000,40.000000,1.789874,1.720921
0,-0.000000,0.181818,0.166667,0.064534,0.059283,392.215278,422.680000,79.890233,79.989317,39.945117,39.994658,34670,28870,0.181818,903.000000,0.000000,35.000000,1.597810,1.599791
0,-0.000000,0.400000,0.250000,2.302749,0.076004,330.272189,521.500000,81.081222,81.222987,40.540611,40.611493,43100,36130,0.400000,757.000000,0.000000,40.000000,1.631500,1.624465
0,0.000000,0.153846,0.153846,0.147722,0.076758,888.562500,562.562500,79.744400,81.100428,39.872200,40.550214,39500,31660,0.153846,420.000000,0.000000,35.000000,1.594900,1.622014
0,0.000000,0.133333,0.133333,3.198990,0.092185,1343.171429,611.600000,80.102542,80.985522,40.051271,40.492761,42410,17370,0.133333,129.000000,0.000000,40.000000,1.623503,1.619717
0,0.000000,0.750000,0.866667,0.020054,0.066546,114.166667,464.000000,47.999747,81.100125,23.999873,40.550063,20220,10,0.866667,2348.000000,0.000000,20.000000,0.959997,1.622007
0,-0.000000,0.800000,0.066667,0.775294,0.061748,181.000000,453.081633,87.500000,89.989317,43.750000,44.994658,15040,10,0.800000,4369.000000,0.000000,40.000000,1.753710,1.799791
0,-0.000000,0.800000,0.066667,0.775294,0.061748,181.000000,453.081633,87.500000,89.989317,43.750000,44.994658,2520,10,0.800000,4369.000000,0.000000,40.000000,1.753710,1.799791
0,0.000291,0.428571,0.500000,0.130762,0.287840,1008.250000,1764.000000,50.110363,39.879637,25.055181,19.939819,55860,10,0.500000,244.000000,0.000000,25.000000,1.002216,0.000000
0,0.000350,0.142857,0.400000,0.261809,0.016854,1718.250000,112.000000,88.730823,41.428571,44.365412,20.714286,54110,9160,0.400000,419.000000,0.000000,40.000000,1.774637,0.000000
0,0.000291,0.428571,0.500000,0.130762,0.287840,1008.250000,1764.000000,50.110363,39.879637,25.055181,19.939819,54210,10,0.500000,244.000000,0.000000,25.000000,1.002216,0.000000
0,0.000350,0.142857,0.400000,0.261809,0.016854,1718.250000,112.000000,88.730823,41.428571,44.365412,20.714286,52460,9160,0.400000,419.000000,0.000000,40.000000,1.774637,0.000000
0,0.000000,0.583333,1.000000,0.000000,0.000000,57.722222,0.000000,54.172834,0.000000,27.086417,0.000000,1660,10,1.000000,5664.000000,0.000000,25.000000,1.083457,0.000000
0,0.000000,0.100000,0.100000,18.194971,0.004414,584.000000,39.690000,77.013196,37.249600,38.506598,18.624800,35090,7470,0.100000,177.000000,0.000000,35.000000,1.863242,0.000000
0,0.000000,0.100000,0.100000,18.644980,0.305175,3587.200000,2135.555556,73.846994,40.486997,36.923497,20.243499,44550,7470,0.100000,177.000000,0.000000,35.000000,1.799952,0.000000
0,-0.000000,0.153846,0.125000,0.000000,0.000000,507.748943,290.000000,51.786399,74.496301,25.893200,37.248150,48400,10,0.294118,917.000000,0.000000,25.000000,1.035728,1.489926
0,-0.000000,0.250000,0.214286,36.848080,0.242862,1000.000000,1600.888889,76.430961,81.000278,38.215480,40.500139,33500,23730,0.250000,491.000000,0.000000,35.000000,2.529985,1.620024
0,-0.000000,0.083333,0.071429,36.826258,0.188494,864.222222,1245.480000,76.609085,81.441598,38.304543,40.720799,50870,23730,0.083333,491.000000,0.000000,35.000000,2.533546,1.628846
0,-0.000000,0.250000,0.230769,313.745121,0.000000,1811.111111,6877.000000,81.427716,38.015073,40.713858,19.007537,23850,4710,0.250000,1431.000000,0.000000,40.000000,45.893301,0.000000
0,0.000000,0.500000,1.000000,6.659517,0.000000,74.506925,0.000000,93.416224,0.000000,46.708112,0.000000,15440,10,1.000000,3291.000000,0.000000,45.000000,2.689605,0.000000
0,-0.000000,0.250000,0.230769,313.745121,0.000000,1811.111111,6877.000000,81.427716,38.015073,40.713858,19.007537,20250,4710,0.250000,1431.000000,0.000000,40.000000,45.893301,0.000000
0,0.000000,0.500000,1.000000,6.659517,0.000000,74.506925,0.000000,93.416224,0.000000,46.708112,0.000000,1650,10,1.000000,3291.000000,0.000000,45.000000,2.689605,0.000000
0,0.000000,0.500000,1.000000,6.785033,0.000000,299.250000,0.000000,98.785595,0.000000,49.392798,0.000000,13800,10,1.000000,3455.000000,0.000000,45.000000,2.828243,0.000000
0,-0.000000,0.666667,0.500000,0.008413,0.000000,69.306875,180.000000,62.500000,41.592442,31.250000,20.796221,39610,10,0.666667,874.000000,0.000000,30.000000,1.250001,0.000000
0,0.000000,1.000000,1.000000,358.166164,0.000000,2205.000000,0.000000,72.656249,0.000000,36.328125,0.000000,11770,1580,1.000000,3658.000000,0.000000,35.000000,35.156630,0.000000
0,-0.000000,0.250000,0.230769,313.745121,0.000000,1811.111111,6877.000000,81.427716,38.015073,40.713858,19.007537,18610,4710,0.250000,1431.000000,0.000000,40.000000,45.893301,0.000000
0,-0.000000,0.666667,0.500000,0.008413,0.000000,69.306875,180.000000,62.500000,41.592442,31.250000,20.796221,29420,10,0.666667,874.000000,0.000000,30.000000,1.250001,0.000000
0,-0.000000,0.666667,0.500000,0.008413,0.000000,69.306875,180.000000,62.500000,41.592442,31.250000,20.796221,24180,10,0.666667,874.000000,0.000000,30.000000,1.250001,0.000000
0,0.000000,0.500000,1.000000,6.659517,0.000000,74.506925,0.000000,93.416224,0.000000,46.708112,0.000000,5250,10,1.000000,3291.000000,0.000000,45.000000,2.689605,0.000000
0,0.000000,0.500000,1.000000,6.803563,0.000000,73.441701,0.000000,96.547498,0.000000,48.273749,0.000000,7930,10,1.000000,2499.000000,0.000000,45.000000,2.788144,0.000000
0,-0.000000,0.250000,0.230769,313.745121,0.000000,1811.111111,6877.000000,81.427716,38.015073,40.713858,19.007537,34040,4710,0.250000,1431.000000,0.000000,40.000000,45.893301,0.000000
0,0.000000,0.500000,1.000000,6.803563,0.000000,73.441701,0.000000,96.547498,0.000000,48.273749,0.000000,13170,10,1.000000,2499.000000,0.000000,45.000000,2.788144,0.000000
0,-0.000000,0.666667,0.500000,0.008413,0.000000,69.306875,180.000000,62.500000,41.592442,31.250000,20.796221,25820,10,0.666667,874.000000,0.000000,30.000000,1.250001,0.000000
0,-0.000000,0.571429,0.230769,0.000000,0.000000,764.055556,6877.000000,56.714288,38.015073,28.357144,19.007537,5990,10,0.625000,1901.000000,0.000000,25.000000,1.134286,0.000000
0,-0.000000,0.666667,0.500000,0.008413,0.000000,69.306875,180.000000,62.500000,41.592442,31.250000,20.796221,16260,10,0.666667,874.000000,0.000000,30.000000,1.250001,0.000000
0,0.000000,0.500000,1.000000,6.785033,0.000000,299.250000,0.000000,98.785595,0.000000,49.392798,0.000000,3610,10,1.000000,3455.000000,0.000000,45.000000,2.828243,0.000000
0,0.000000,0.500000,1.000000,6.803563,0.000000,73.441701,0.000000,96.547498,0.000000,48.273749,0.000000,9570,10,1.000000,2499.000000,0.000000,45.000000,2.788144,0.000000
0,0.000000,0.500000,1.000000,6.803563,0.000000,73.441701,0.000000,96.547498,0.000000,48.273749,0.000000,23360,10,1.000000,2499.000000,0.000000,45.000000,2.788144,0.000000
0,0.000000,0.125000,0.125000,3.946926,0.000000,9285.953125,320.000000,81.959321,67.266730,40.979660,33.633365,63140,2530,0.125000,50.000000,0.000000,40.000000,1.801583,1.345335
0,-0.000000,0.076923,0.083333,1.135494,0.000000,5934.080000,340.320000,100.000000,77.534106,50.000000,38.767053,49710,23820,0.090909,1393.000000,0.000000,50.000000,2.000109,1.550682
0,0.000000,0.074074,0.074074,1.443794,0.000000,9511.433125,545.480000,91.147532,69.210958,45.573766,34.605479,62870,55370,0.074074,77.000000,0.000000,45.000000,1.823060,1.384219
0,0.000000,0.041667,0.041667,0.752821,0.000000,4812.092893,481.440000,90.717422,68.248395,45.358711,34.124198,60930,37500,0.041667,271.000000,0.000000,45.000000,1.814407,1.364968
0,0.000000,0.074074,0.074074,1.443794,0.000000,9511.433125,545.480000,91.147532,69.210958,45.573766,34.605479,55370,54420,0.074074,77.000000,0.000000,45.000000,1.823060,1.384219
0,-0.000000,0.076923,0.083333,1.135494,0.000000,5934.080000,340.320000,100.000000,77.534106,50.000000,38.767053,41260,17880,0.090909,1393.000000,0.000000,50.000000,2.000109,1.550682
0,0.000000,0.125000,0.125000,3.946926,0.000000,9285.953125,320.000000,81.959321,67.266730,40.979660,33.633365,54690,2530,0.125000,50.000000,0.000000,40.000000,1.801583,1.345335
0,-0.000000,0.250000,0.235294,1.709747,0.000000,4716.215393,547.834711,92.496072,70.932391,46.248036,35.466196,52480,46520,0.250000,271.000000,0.000000,45.000000,1.855689,1.418648
0,-0.000000,0.076923,0.083333,1.135494,0.000000,5934.080000,340.320000,100.000000,77.534106,50.000000,38.767053,49710,29850,0.090909,1393.000000,0.000000,50.000000,2.000109,1.550682
0,-0.000000,0.055556,0.052632,0.714230,0.000000,4659.097337,344.567901,58.888889,69.177079,29.444444,34.588540,52860,10,0.055556,233.000000,0.000000,25.000000,1.177833,1.383542
0,-0.000000,0.250000,0.235294,1.709747,0.000000,4716.215393,547.834711,92.496072,70.932391,46.248036,35.466196,60930,46520,0.250000,271.000000,0.000000,45.000000,1.855689,1.418648
0,-0.000000,0.054054,0.081081,0.761432,0.000000,4401.400886,496.064815,91.524845,68.855496,45.762422,34.427748,55660,36590,0.083333,798.000000,0.000000,45.000000,1.830563,1.377110
0,-0.000000,0.054054,0.081081,0.761432,0.000000,4401.400886,496.064815,91.524845,68.855496,45.762422,34.427748,47210,36590,0.083333,798.000000,0.000000,45.000000,1.830563,1.377110
0,-0.000000,0.055556,0.052632,0.714230,0.000000,4659.097337,344.567901,58.888889,69.177079,29.444444,34.588540,61310,10,0.055556,233.000000,0.000000,25.000000,1.177833,1.383542
0,-0.000000,0.043478,0.035714,0.884862,0.000000,5501.817959,1580.000000,90.754833,68.352089,45.377417,34.176044,50730,26770,0.043478,446.000000,0.000000,45.000000,1.815168,1.367042
0,-0.000000,0.076923,0.083333,1.135494,0.000000,5934.080000,340.320000,100.000000,77.534106,50.000000,38.767053,49710,17880,0.090909,1393.000000,0.000000,50.000000,2.000109,1.550682
0,0.000000,0.041667,0.041667,0.752821,0.000000,4812.092893,481.440000,90.717422,68.248395,45.358711,34.124198,52480,37500,0.041667,271.000000,0.000000,45.000000,1.814407,1.364968
0,-0.000000,0.066667,0.062500,0.839330,0.000000,5183.320000,460.000000,88.660582,68.534077,44.330291,34.267039,59180,21960,0.066667,446.000000,0.000000,40.000000,1.773280,1.370682
0,-0.000000,0.076923,0.083333,1.135494,0.000000,5934.080000,340.320000,100.000000,77.534106,50.000000,38.767053,41260,23820,0.090909,1393.000000,0.000000,50.000000,2.000109,1.550682
0,-0.000000,0.076923,0.083333,1.135494,0.000000,5934.080000,340.320000,100.000000,77.534106,50.000000,38.767053,41260,29850,0.090909,1393.000000,0.000000,50.000000,2.000109,1.550682
0,-0.000000,0.043478,0.035714,0.884862,0.000000,5501.817959,1580.000000,90.754833,68.352089,45.377417,34.176044,59180,26770,0.043478,446.000000,0.000000,45.000000,1.815168,1.367042
0,-0.000000,0.066667,0.062500,0.839330,0.000000,5183.320000,460.000000,88.660582,68.534077,44.330291,34.267039,50730,21960,0.066667,446.000000,0.000000,40.000000,1.773280,1.370682
0,-0.000000,0.035714,0.026316,0.176004,0.000000,1007.106667,1605.864637,91.828666,93.016564,45.914333,46.508282,46570,35550,0.035714,935.000000,0.000000,45.000000,1.836589,1.860331
0,-0.000000,0.035714,0.026316,0.176004,0.000000,1007.106667,1605.864637,91.828666,93.016564,45.914333,46.508282,56380,46570,0.035714,935.000000,0.000000,45.000000,1.836589,1.860331
0,-0.000000,0.035714,0.026316,0.176004,0.000000,1007.106667,1605.864637,91.828666,93.016564,45.914333,46.508282,46570,36910,0.035714,935.000000,0.000000,45.000000,1.836589,1.860331
0,0.000000,0.166667,0.166667,0.599492,0.000000,51.266436,204.944637,82.124625,76.674402,41.062312,38.337201,49270,36720,0.166667,665.000000,0.000000,40.000000,1.653592,1.533488
0,-0.000000,0.533333,0.466667,3.935980,0.000000,171.385930,3904.000000,80.929698,85.659669,40.464849,42.829835,22810,560,0.533333,615.000000,0.000000,40.000000,1.944687,1.713193
0,-0.000000,0.500000,0.466667,0.063721,0.000000,409.250000,3904.000000,83.113840,85.659669,41.556920,42.829835,16220,10,0.533333,1274.000000,0.000000,40.000000,1.662282,1.713193
0,0.000000,0.466667,0.466667,21.143464,0.000000,645.083333,3904.000000,81.206580,85.659669,40.603290,42.829835,28210,1700,0.466667,75.000000,0.000000,40.000000,2.884246,1.713193
0,0.000000,0.800000,0.800000,0.228016,0.006071,80.000000,64.000000,69.999863,41.990588,34.999931,20.995294,26520,10,0.800000,645.000000,0.000000,30.000000,1.401622,0.000000
0,0.000000,0.444444,0.444444,0.501459,0.000000,1720.734694,2135.555556,80.492727,40.898006,40.246364,20.449003,47160,26760,0.444444,104.000000,0.000000,40.000000,1.610131,0.000000
0,0.000000,0.200000,0.200000,0.286502,0.000000,215.755102,64.000000,82.494278,42.500000,41.247139,21.250000,26760,23840,0.200000,104.000000,0.000000,40.000000,1.650147,0.000000
0,0.000000,0.125000,0.125000,5.917704,0.106353,308.000000,798.720000,77.388335,79.938545,38.694167,39.969272,57810,51900,0.125000,459.000000,0.000000,35.000000,1.608480,1.598778
0,0.000000,1.000000,1.000000,147.044335,0.000000,1200.000000,0.000000,90.000000,0.000000,45.000000,0.000000,19550,13660,1.000000,5136.000000,0.000000,40.000000,10.809255,0.000000
0,0.000000,1.000000,1.000000,66.561126,0.000000,1600.000000,0.000000,61.011076,0.000000,30.505538,0.000000,2290,340,1.000000,6647.000000,0.000000,30.000000,2.680938,0.000000
0,0.000000,1.000000,1.000000,147.044335,0.000000,1200.000000,0.000000,90.000000,0.000000,45.000000,0.000000,19550,17400,1.000000,5136.000000,0.000000,40.000000,10.809255,0.000000
0,0.000000,1.000000,1.000000,0.108723,0.000000,118.375000,0.000000,87.500000,0.000000,43.750000,0.000000,3750,10,1.000000,6501.000000,0.000000,40.000000,1.750322,0.000000
0,0.000000,1.000000,1.000000,147.044335,0.000000,1200.000000,0.000000,90.000000,0.000000,45.000000,0.000000,19550,15450,1.000000,5136.000000,0.000000,40.000000,10.809255,0.000000
0,0.000000,1.000000,1.000000,0.108723,0.000000,118.375000,0.000000,87.500000,0.000000,43.750000,0.000000,1800,10,1.000000,6501.000000,0.000000,40.000000,1.750322,0.000000
0,0.000000,0.888889,1.000000,0.022661,0.000000,133.748891,0.000000,60.000054,0.000000,30.000027,0.000000,13770,10,1.000000,2368.000000,0.000000,30.000000,1.200003,0.000000
0,0.000000,0.750000,1.000000,0.004879,0.000000,59.368889,0.000000,14.076062,0.000000,7.038031,0.000000,80,10,1.000000,3737.000000,0.000000,5.000000,0.281522,0.000000
0,-0.000011,0.062500,0.055556,0.020205,0.039151,147.526909,286.002770,91.934836,41.249715,45.967418,20.624857,41220,32130,0.062500,532.000000,0.000000,45.000000,1.838698,0.000000
0,-0.000011,0.062500,0.055556,0.020205,0.039151,147.526909,286.002770,91.934836,41.249715,45.967418,20.624857,41220,18370,0.062500,532.000000,0.000000,45.000000,1.838698,0.000000
0,0.000000,0.888889,1.000000,0.022661,0.000000,133.748891,0.000000,60.000054,0.000000,30.000027,0.000000,13700,10,1.000000,2368.000000,0.000000,30.000000,1.200003,0.000000
0,-0.000011,0.062500,0.055556,0.020205,0.039151,147.526909,286.002770,91.934836,41.249715,45.967418,20.624857,41220,32060,0.062500,532.000000,0.000000,45.000000,1.838698,0.000000
0,0.000000,0.071429,0.200000,2.653862,0.025057,623.058514,162.000000,88.828517,50.000000,44.414258,25.000000,20650,16200,0.214286,2829.000000,0.000000,40.000000,1.888353,0.000000
0,0.000000,0.105263,0.333333,0.017544,0.082703,107.925926,597.333333,80.997705,34.932404,40.498852,17.466202,24930,5350,0.333333,2401.000000,0.000000,40.000000,1.619956,0.000000
0,0.000000,0.444444,0.571429,2.534251,0.018563,350.000000,144.400000,78.501169,38.529628,39.250584,19.264814,9780,4880,0.571429,4406.000000,0.000000,35.000000,1.582552,0.000000
0,0.000000,0.071429,0.200000,2.653862,0.025057,623.058514,162.000000,88.828517,50.000000,44.414258,25.000000,28320,20650,0.214286,2829.000000,0.000000,40.000000,1.888353,0.000000
0,-0.000000,0.071429,0.066667,0.575066,0.010514,249.135204,73.673469,71.634919,41.999945,35.817460,20.999972,45550,5860,0.071429,339.000000,0.000000,35.000000,1.439732,0.000000
0,0.000000,0.375000,0.375000,2.577872,0.000000,201.440000,149.950413,72.673618,40.714286,36.336809,20.357143,39710,2530,0.375000,282.000000,0.000000,35.000000,1.615766,0.000000
0,0.000000,0.125000,0.125000,2.555103,0.000000,64.567901,40.090909,72.693215,38.771481,36.346607,19.385741,2530,1840,0.125000,282.000000,0.000000,35.000000,1.616156,0.000000
0,0.000000,0.125000,0.125000,2.559185,0.000000,116.000000,96.000000,73.758516,41.666772,36.879258,20.833386,30840,2530,0.125000,282.000000,0.000000,35.000000,1.637462,0.000000
0,0.000000,0.125000,0.125000,2.574771,0.000000,216.064815,258.117500,73.007798,41.281825,36.503899,20.640913,44070,2530,0.125000,282.000000,0.000000,35.000000,1.622449,0.000000
0,0.000000,0.500000,0.750000,0.028579,0.000000,221.400000,392.561983,41.990817,39.129932,20.995408,19.564966,46210,10,0.750000,534.000000,0.000000,20.000000,0.839818,0.000000
0,0.000000,0.857143,0.857143,0.007314,0.000000,51.222222,71.272727,62.506508,50.000000,31.253254,25.000000,20870,10,0.857143,1244.000000,0.000000,30.000000,1.250131,0.000000
0,0.000000,0.857143,0.857143,0.007314,0.000000,51.222222,71.272727,62.506508,50.000000,31.253254,25.000000,17960,10,0.857143,1244.000000,0.000000,30.000000,1.250131,0.000000
0,0.000000,0.857143,0.857143,0.007314,0.000000,51.222222,71.272727,62.506508,50.000000,31.253254,25.000000,36750,10,0.857143,1244.000000,0.000000,30.000000,1.250131,0.000000
0,0.000000,0.857143,0.857143,0.007314,0.000000,51.222222,71.272727,62.506508,50.000000,31.253254,25.000000,15670,10,0.857143,1244.000000,0.000000,30.000000,1.250131,0.000000
0,0.000000,0.857143,0.857143,0.007314,0.000000,51.222222,71.272727,62.506508,50.000000,31.253254,25.000000,18670,10,0.857143,1244.000000,0.000000,30.000000,1.250131,0.000000
0,0.000000,0.857143,0.857143,0.007314,0.000000,51.222222,71.272727,62.506508,50.000000,31.253254,25.000000,10500,10,0.857143,1244.000000,0.000000,30.000000,1.250131,0.000000
0,-0.000000,0.125000,0.111111,0.000000,0.129114,692.606305,952.741021,50.389676,50.000000,25.194838,25.000000,44270,10,0.125000,581.000000,0.000000,25.000000,1.007794,0.000000
0,-0.000000,0.625000,0.555556,0.000000,1.105464,5253.888889,7511.111111,50.111456,38.180499,25.055728,19.090249,45390,10,0.625000,581.000000,0.000000,25.000000,1.002229,0.000000
0,0.000000,0.111111,0.111111,1.262540,0.129114,1052.736536,952.741021,84.359748,50.000000,42.179874,25.000000,49710,4490,0.111111,133.000000,0.000000,40.000000,1.687961,0.000000
0,0.000000,0.750000,0.777778,0.003873,0.004427,50.987847,35.640000,50.840933,41.568913,25.420467,20.784456,2630,10,0.777778,319.000000,0.000000,25.000000,1.016819,0.000000
0,0.000000,0.166667,0.250000,0.046001,0.000000,308.000000,96.000000,79.999965,41.666696,39.999983,20.833348,26580,19480,0.250000,1468.000000,0.000000,35.000000,1.600003,0.000000
0,0.000000,0.250000,0.250000,0.107684,0.128882,791.353741,952.741021,80.514579,50.000000,40.257289,25.000000,48050,14020,0.250000,211.000000,0.000000,40.000000,1.610299,0.000000
0,0.000000,0.500000,0.500000,0.008651,0.006242,63.100000,40.090909,81.943761,41.001468,40.971880,20.500734,14020,3070,0.500000,211.000000,0.000000,40.000000,1.638876,0.000000
0,0.000000,0.250000,0.250000,1.263391,0.128882,1064.424036,952.741021,80.360033,50.000000,40.180016,25.000000,49710,14720,0.250000,141.000000,0.000000,40.000000,1.607967,0.000000
0,0.000000,0.200000,0.200000,13.401095,0.404120,954.909091,2660.750000,81.588371,74.518203,40.794186,37.259101,32880,25150,0.200000,179.000000,0.000000,40.000000,1.732486,1.490395
0,0.000000,1.000000,1.000000,510.130422,0.000000,6453.333333,0.000000,72.396574,0.000000,36.198287,0.000000,29930,170,1.000000,4261.000000,0.000000,35.000000,28.953607,0.000000
0,-0.000000,0.100000,0.090909,2.600679,0.007670,143.898148,72.000000,91.666667,50.000000,45.833333,25.000000,70530,35390,0.100000,201.000000,0.000000,45.000000,1.866994,0.000000
0,0.000000,0.444444,0.444444,0.014049,0.001936,115.460648,15.312500,58.000000,41.098842,29.000000,20.549421,71130,10,0.444444,141.000000,0.000000,25.000000,1.160001,0.000000
0,0.000000,0.333333,0.428571,0.240912,0.242155,911.250000,1670.765625,86.146865,40.962550,43.073433,20.481275,6640,1290,0.714286,4149.000000,0.000000,40.000000,1.722969,0.000000
0,-0.000000,1.000000,0.875000,0.977540,0.100607,197.081633,726.000000,87.500000,41.326952,43.750000,20.663476,23870,10,1.000000,1891.000000,0.000000,40.000000,1.759001,0.000000
0,-0.000000,0.100000,0.090909,2.600679,0.007670,143.898148,72.000000,91.666667,50.000000,45.833333,25.000000,40770,35390,0.100000,201.000000,0.000000,45.000000,1.866994,0.000000
0,0.000000,0.444444,0.444444,0.014049,0.001936,115.460648,15.312500,58.000000,41.098842,29.000000,20.549421,41370,10,0.444444,141.000000,0.000000,25.000000,1.160001,0.000000
0,-0.000000,0.200000,0.125000,0.075776,0.342762,536.000000,2396.765625,77.260683,82.289502,38.630342,41.144751,29220,10,0.200000,1891.000000,0.000000,35.000000,1.545221,1.645815
0,0.000000,0.333333,0.428571,0.240912,0.242155,911.250000,1670.765625,86.146865,40.962550,43.073433,20.481275,31050,6640,0.714286,4149.000000,0.000000,40.000000,1.722969,0.000000
0,0.000000,0.062500,0.062500,3.078022,0.459232,3684.148148,3584.000000,81.453327,40.712798,40.726663,20.356399,70530,30150,0.062500,201.000000,0.000000,40.000000,1.662759,0.000000
0,0.000000,0.062500,0.062500,3.078022,0.459232,3684.148148,3584.000000,81.453327,40.712798,40.726663,20.356399,40770,30150,0.062500,201.000000,0.000000,40.000000,1.662759,0.000000
0,-0.000000,1.000000,0.875000,0.977540,0.100607,197.081633,726.000000,87.500000,41.326952,43.750000,20.663476,53630,10,1.000000,1891.000000,0.000000,40.000000,1.759001,0.000000
0,-0.000000,0.100000,0.090909,2.600679,0.007670,143.898148,72.000000,91.666667,50.000000,45.833333,25.000000,70530,39190,0.100000,201.000000,0.000000,45.000000,1.866994,0.000000
0,-0.000000,0.100000,0.090909,2.600679,0.007670,143.898148,72.000000,91.666667,50.000000,45.833333,25.000000,40770,39190,0.100000,201.000000,0.000000,45.000000,1.866994,0.000000
0,-0.000000,0.571429,0.375000,0.000000,0.000000,480.555556,13.888889,58.963875,39.972105,29.481937,19.986052,49590,10,0.625000,1219.000000,0.000000,25.000000,1.179277,0.000000
0,0.000000,0.222222,0.222222,0.001466,0.000000,30.625000,24.000000,50.000000,41.377944,25.000000,20.688972,14660,10,0.222222,161.000000,0.000000,20.000000,1.000000,0.000000
0,0.000000,0.222222,0.222222,0.019452,0.000000,163.201389,83.187500,48.864913,40.908341,24.432457,20.454171,11830,10,0.222222,161.000000,0.000000,20.000000,0.977300,0.000000
0,0.000000,0.777778,0.777778,0.334936,0.000000,2306.979167,1670.765625,47.081801,40.854609,23.540900,20.427305,46720,10,0.777778,161.000000,0.000000,20.000000,0.941660,0.000000
0,-0.000000,0.222222,0.181818,0.024083,0.012902,174.071429,104.595556,80.573502,40.714221,40.286751,20.357110,9410,2560,0.222222,205.000000,0.000000,40.000000,1.611472,0.000000
0,-0.000000,0.142857,0.090909,1.614067,2.954954,10734.370370,20334.080000,88.062020,50.000000,44.031010,25.000000,55630,6340,0.142857,512.000000,0.000000,40.000000,1.761362,0.000000
0,-0.000000,0.500000,0.272727,0.115221,0.075962,767.156250,576.195153,40.218308,50.000000,20.109154,25.000000,39840,10,0.500000,1145.000000,0.000000,20.000000,0.804375,0.000000
0,0.000000,0.090909,0.090909,83.118001,1.493053,12749.680000,12461.680000,76.571777,39.009346,38.285888,19.504673,54850,11220,0.090909,24.000000,0.000000,35.000000,1.808309,0.000000
0,-0.000000,0.222222,0.181818,3.108611,0.014750,135.632653,99.000000,76.870900,40.831628,38.435450,20.415814,25950,9410,0.222222,205.000000,0.000000,35.000000,1.596282,0.000000
0,-0.000000,0.375000,0.272727,1.279952,0.075962,1158.924036,576.195153,79.913661,50.000000,39.956831,25.000000,49710,8920,0.375000,254.000000,0.000000,35.000000,1.599041,0.000000
0,-0.000000,0.142857,0.090909,1.614067,2.954954,10734.370370,20334.080000,88.062020,50.000000,44.031010,25.000000,47430,6340,0.142857,512.000000,0.000000,40.000000,1.761362,0.000000
0,-0.000000,0.142857,0.090909,1.614067,2.954954,10734.370370,20334.080000,88.062020,50.000000,44.031010,25.000000,66700,6340,0.142857,512.000000,0.000000,40.000000,1.761362,0.000000
0,0.000000,1.000000,1.000000,0.009244,0.000000,91.666667,400.000000,49.999994,41.990069,24.999997,20.995034,30460,10,1.000000,433.000000,0.000000,20.000000,1.000001,0.000000
0,-0.000000,0.200000,0.133333,0.532505,0.000000,75.007653,634.600000,83.333294,80.002235,41.666647,40.001117,46520,8780,0.200000,1398.000000,0.000000,40.000000,1.669780,1.600045
0,-0.000000,0.068966,0.066667,16.559040,0.000000,1307.306529,2111.765625,80.508020,79.635730,40.254010,39.817865,58580,46980,0.068966,192.000000,0.000000,40.000000,1.737836,1.592715
0,0.000000,0.074074,0.074074,0.172292,0.163235,1309.477431,1348.171875,81.911334,79.150966,40.955667,39.575483,63210,59630,0.074074,196.000000,0.000000,40.000000,1.638238,1.583029
0,0.000000,0.250000,0.250000,0.314173,0.170552,2214.438017,1376.000000,79.761177,77.570433,39.880588,38.785217,62970,47410,0.250000,220.000000,0.000000,35.000000,1.595246,1.551419
0,0.000000,0.100000,0.100000,1.292805,0.069849,567.680556,606.375000,73.826325,79.153310,36.913163,39.576655,63450,57540,0.100000,172.000000,0.000000,35.000000,1.501189,1.583070
0,-0.000000,0.227273,0.228571,0.883340,0.072284,170.477298,655.944637,83.269228,80.569936,41.634614,40.284968,35910,30940,0.285714,2926.000000,0.000000,40.000000,1.668899,1.611403
0,0.000000,0.100000,0.100000,0.089935,0.065891,695.466667,588.800000,46.963762,78.923862,23.481881,39.461931,63630,10,0.100000,154.000000,0.000000,20.000000,0.939281,1.578481
0,0.000000,0.111111,0.444444,0.039446,0.066496,415.729167,591.312500,56.666507,81.572288,28.333254,40.786144,57170,10,0.444444,800.000000,0.000000,25.000000,1.133332,1.631450
0,0.000000,0.058824,0.058824,0.090747,0.084999,686.081066,724.775510,81.236325,78.571347,40.618162,39.285673,63210,21150,0.058824,196.000000,0.000000,40.000000,1.624733,1.571432
0,0.000000,0.166667,0.166667,0.428538,0.065767,778.938272,592.000000,79.412009,80.072288,39.706005,40.036144,60800,27950,0.166667,437.000000,0.000000,35.000000,1.593979,1.601449
0,-0.000000,0.181818,0.153846,5.915178,0.066401,303.360000,595.444444,78.763553,80.429431,39.381777,40.214716,57810,10770,0.181818,736.000000,0.000000,35.000000,1.635984,1.608592
0,-0.000000,0.076923,0.058824,5.935709,0.108566,450.562500,900.480000,76.931014,79.156246,38.465507,39.578123,57810,9270,0.076923,736.000000,0.000000,35.000000,1.599335,1.583132
0,0.000000,0.076923,0.096774,0.204502,1.513206,991.319444,10049.750000,80.182641,79.961122,40.091321,39.980561,22580,7470,0.176471,2845.000000,0.000000,40.000000,1.603674,1.599336
0,-0.000008,0.076923,0.047619,7.810771,1.151118,857.654321,7696.812500,76.470803,79.923232,38.235402,39.961616,32120,29930,0.076923,1891.000000,0.000000,35.000000,1.603992,1.598551
0,0.000000,0.045455,0.045455,0.694692,0.020735,162.832229,137.812500,89.970625,50.000000,44.985312,25.000000,45030,4990,0.045455,214.000000,0.000000,40.000000,1.801344,0.000000
0,-0.000000,0.500000,0.454545,1.266038,0.101673,1073.524036,784.265625,82.350475,50.000000,41.175237,25.000000,49710,3770,0.500000,336.000000,0.000000,40.000000,1.647776,0.000000
0,-0.000000,0.066667,0.055556,0.007221,0.004241,68.333526,35.640000,49.822561,40.912958,24.911281,20.456479,1910,10,0.066667,522.000000,0.000000,20.000000,0.996452,0.000000
0,0.000000,0.388889,0.363636,0.012571,0.065222,114.006944,475.000000,51.387388,42.518611,25.693694,21.259305,46900,10,0.388889,712.000000,0.000000,25.000000,1.027749,0.000000
0,-0.000000,0.035714,0.032258,1.294815,0.166895,1285.258747,1259.265625,83.313446,92.518611,41.656723,46.259305,50660,49710,0.035714,336.000000,0.000000,40.000000,1.667037,1.850383
0,-0.000000,0.055556,0.045455,0.006150,0.044532,77.035556,364.500000,51.196566,50.000000,25.598283,25.000000,33810,10,0.055556,712.000000,0.000000,25.000000,1.023932,0.000000
0,0.000000,0.045455,0.045455,0.694692,0.020735,162.832229,137.812500,89.970625,50.000000,44.985312,25.000000,57150,4990,0.045455,214.000000,0.000000,40.000000,1.801344,0.000000
0,-0.000000,0.050000,0.045455,19.600278,0.044532,486.100000,364.500000,78.911265,50.000000,39.455633,25.000000,3230,1550,0.050000,390.000000,0.000000,35.000000,2.004836,0.000000
0,-0.000000,0.052632,0.032258,0.192721,0.166895,1124.684583,1259.265625,82.496166,92.518611,41.248083,46.259305,36990,35080,0.052632,1703.000000,0.000000,40.000000,1.649940,1.850383
0,-0.000000,0.055556,0.045455,0.031396,0.018357,209.884444,126.000000,49.604373,40.714286,24.802186,20.357143,37880,10,0.055556,712.000000,0.000000,20.000000,0.992090,0.000000
0,0.000000,0.222222,0.227273,0.014718,0.030080,134.644823,234.120181,50.883963,41.304304,25.441982,20.652152,42240,10,0.238095,712.000000,0.000000,25.000000,1.017680,0.000000
0,0.000000,0.200000,0.200000,0.006151,0.021532,184.090909,144.000000,79.186234,42.277906,39.593117,21.138953,5900,10,0.200000,123.000000,0.000000,35.000000,1.583725,0.000000
0,-0.000000,0.555556,0.454545,0.094664,0.101673,718.527778,784.265625,48.842286,50.000000,24.421143,25.000000,44990,10,0.555556,712.000000,0.000000,20.000000,0.976852,0.000000
0,-0.000000,0.200000,0.125000,5.880842,0.133978,211.888889,902.987654,73.256058,76.761492,36.628029,38.380746,10500,860,0.200000,1386.000000,0.000000,35.000000,1.581720,1.535240
0,-0.000000,0.500000,0.333333,0.840084,0.032226,156.000000,275.000000,54.998096,40.909091,27.499048,20.454545,45830,29220,0.500000,1384.000000,0.000000,25.000000,1.129368,0.000000
0,-0.000000,0.500000,0.333333,0.840084,0.002743,36.000000,28.000000,63.886990,50.000000,31.943495,25.000000,29220,23170,0.500000,1384.000000,0.000000,30.000000,1.307146,0.000000
0,-0.000000,0.500000,0.333333,0.840084,0.002743,36.000000,28.000000,63.886990,50.000000,31.943495,25.000000,35140,29220,0.500000,1384.000000,0.000000,30.000000,1.307146,0.000000
0,-0.000000,0.250000,0.166667,0.840084,1.708141,1580.000000,10800.000000,53.928902,36.972149,26.964451,18.486074,29220,15750,0.250000,1384.000000,0.000000,25.000000,1.107984,0.000000
0,-0.000000,0.500000,0.333333,0.840084,0.002743,36.000000,28.000000,63.886990,50.000000,31.943495,25.000000,29220,29110,0.500000,1384.000000,0.000000,30.000000,1.307146,0.000000
0,-0.000085,0.357143,0.272727,1.271391,0.047554,654.416667,315.875000,81.765900,41.010731,40.882950,20.505366,25680,20870,0.400000,1130.000000,0.000000,40.000000,1.640245,0.000000
0,0.000000,0.800000,0.714286,3.090960,0.049452,156.480000,567.000000,81.130625,41.137479,40.565312,20.568740,10160,5450,0.800000,3153.000000,0.000000,40.000000,1.673944,0.000000
0,-0.000000,0.105263,0.066667,0.453738,0.365156,2689.722500,2711.183673,80.165748,40.103432,40.082874,20.051716,36740,21150,0.230769,1583.000000,0.000000,40.000000,1.603353,0.000000
0,0.000000,0.058824,0.058824,9.709269,0.042845,1209.173878,324.480000,82.466320,41.662601,41.233160,20.831301,36420,17260,0.058824,56.000000,0.000000,40.000000,1.702132,0.000000
0,0.000000,0.400000,0.400000,9.841481,0.173284,2061.082766,1176.388889,81.528967,41.282610,40.764483,20.641305,57880,36420,0.400000,56.000000,0.000000,40.000000,1.683395,0.000000
0,-0.000000,0.076923,0.045455,7.838250,0.016747,950.361111,144.444444,76.769496,40.769231,38.384748,20.384615,29930,17010,0.076923,1997.000000,0.000000,35.000000,1.609969,0.000000
0,0.000000,1.000000,1.000000,2.396955,0.179231,16862.469136,1300.000000,62.500005,91.987528,31.250002,45.993764,58910,10,1.000000,363.000000,0.000000,30.000000,1.250171,1.839763
0,-0.000000,0.038462,0.034483,4.348392,0.226585,22333.424036,1807.611111,90.360033,99.753220,45.180016,49.876610,69280,49710,0.038462,433.000000,0.000000,45.000000,1.808190,1.995079
0,-0.000000,0.041667,0.027778,205.632541,0.114650,17750.267007,939.599174,88.487953,93.571380,44.243977,46.785690,65040,40650,0.041667,857.000000,0.000000,40.000000,2.966118,1.871435
0,-0.000000,0.043478,0.034483,1.689333,0.226585,11308.724941,1807.611111,90.719720,99.753220,45.359860,49.876610,55630,46170,0.043478,691.000000,0.000000,45.000000,1.814521,1.995079
0,-0.000000,0.083333,0.108108,205.701426,0.121124,18199.183673,983.591837,87.172106,90.736677,43.586053,45.368339,65040,34880,0.137931,857.000000,0.000000,40.000000,2.939807,1.814741
0,-0.000000,0.041667,0.027778,205.632541,0.114650,17750.267007,939.599174,88.487953,93.571380,44.243977,46.785690,53970,40650,0.041667,857.000000,0.000000,40.000000,2.966118,1.871435
0,-0.000000,0.043478,0.034483,1.689333,0.226585,11308.724941,1807.611111,90.719720,99.753220,45.359860,49.876610,47430,46170,0.043478,691.000000,0.000000,45.000000,1.814521,1.995079
0,0.000000,1.000000,1.000000,2.396955,0.179231,16862.469136,1300.000000,62.500005,91.987528,31.250002,45.993764,50710,10,1.000000,363.000000,0.000000,30.000000,1.250171,1.839763
0,-0.000000,0.083333,0.108108,205.701426,0.121124,18199.183673,983.591837,87.172106,90.736677,43.586053,45.368339,53970,34880,0.137931,857.000000,0.000000,40.000000,2.939807,1.814741
0,-0.000000,0.038462,0.034483,4.348392,0.226585,22333.424036,1807.611111,90.360033,99.753220,45.180016,49.876610,50010,49710,0.038462,433.000000,0.000000,45.000000,1.808190,1.995079
0,-0.000000,0.038462,0.034483,4.348392,0.226585,22333.424036,1807.611111,90.360033,99.753220,45.180016,49.876610,58210,49710,0.038462,433.000000,0.000000,45.000000,1.808190,1.995079
0,-0.000000,0.083333,0.108108,205.701426,0.121124,18199.183673,983.591837,87.172106,90.736677,43.586053,45.368339,45770,34880,0.137931,857.000000,0.000000,40.000000,2.939807,1.814741
0,0.000000,1.000000,1.000000,2.396955,0.179231,16862.469136,1300.000000,62.500005,91.987528,31.250002,45.993764,69980,10,1.000000,363.000000,0.000000,30.000000,1.250171,1.839763
0,-0.000000,0.043478,0.034483,1.689333,0.226585,11308.724941,1807.611111,90.719720,99.753220,45.359860,49.876610,66700,46170,0.043478,691.000000,0.000000,45.000000,1.814521,1.995079
0,-0.000000,0.041667,0.027778,205.632541,0.114650,17750.267007,939.599174,88.487953,93.571380,44.243977,46.785690,45770,40650,0.041667,857.000000,0.000000,40.000000,2.966118,1.871435
0,0.000000,0.111111,0.111111,83.082336,0.000000,12566.275556,506.122449,78.895255,80.769229,39.447628,40.384615,54850,4370,0.111111,204.000000,0.000000,35.000000,1.854775,1.615385
0,-0.000066,0.157895,0.136364,83.084194,0.000000,12560.680000,596.875000,78.947953,78.531112,39.473977,39.265556,54850,27760,0.157895,204.000000,0.000000,35.000000,1.855830,1.570622
0,0.000000,0.333333,0.333333,1.058308,0.000000,6937.187500,820.000000,89.324316,90.000000,44.662158,45.000000,70430,48920,0.333333,343.000000,0.000000,40.000000,1.786568,1.800000
0,-0.000000,0.400000,0.181818,4.864836,0.000000,4440.000000,815.875000,77.913345,81.212235,38.956673,40.606117,38130,18210,0.500000,1422.000000,0.000000,35.000000,1.570935,1.624245
0,0.000000,0.083333,0.083333,0.000000,0.000000,7542.000000,528.000000,60.281678,72.972144,30.140839,36.486072,52010,10,0.083333,34.000000,0.000000,30.000000,1.205634,1.459443
0,-0.000000,0.058824,0.050000,1.876269,0.000000,11944.368889,565.728395,75.584980,80.909088,37.792490,40.454544,46810,10120,0.058824,554.000000,0.000000,35.000000,1.511847,1.618182
0,0.000000,0.035714,0.032258,2.134491,0.000000,5800.920415,576.165289,74.207849,81.331902,37.103924,40.665951,43960,35310,0.035714,839.000000,0.000000,35.000000,1.508514,1.626638
0,0.000000,0.333333,0.333333,1.058308,0.000000,6937.187500,820.000000,89.324316,90.000000,44.662158,45.000000,49500,48920,0.333333,343.000000,0.000000,40.000000,1.786568,1.800000
0,-0.000000,0.500000,0.333333,1.271084,0.000000,8219.000000,536.000000,79.814854,79.997979,39.907427,39.998989,47410,2540,0.500000,494.000000,0.000000,35.000000,1.596395,1.599960
0,-0.000000,0.111111,0.090909,1.857476,0.000000,11811.792500,524.000000,80.028729,81.665621,40.014364,40.832810,46810,12950,0.111111,554.000000,0.000000,40.000000,1.600721,1.633312
0,-0.000000,0.500000,0.285714,0.059389,0.000000,420.250000,420.500000,50.034199,49.897254,25.017100,24.948627,18090,10,0.666667,1073.000000,0.000000,25.000000,1.000688,0.000000
0,-0.000000,0.500000,0.285714,0.059389,0.000000,420.250000,420.500000,50.034199,49.897254,25.017100,24.948627,30820,10,0.666667,1073.000000,0.000000,25.000000,1.000688,0.000000
0,-0.000000,0.500000,0.333333,0.005622,0.000000,63.000000,36.000000,42.534191,42.500000,21.267096,21.250000,5290,10,1.000000,1073.000000,0.000000,20.000000,0.850684,0.000000
0,-0.000000,0.100000,0.090909,7.126894,0.000000,584.250000,269.351474,77.461793,81.230177,38.730897,40.615089,40680,9840,0.100000,206.000000,0.000000,35.000000,1.598729,1.624604
0,0.000000,0.400000,0.400000,0.248502,0.235449,1436.000000,1372.000000,79.997330,39.999759,39.998665,19.999880,25450,12970,0.400000,95.000000,0.000000,35.000000,1.599968,0.000000
0,-0.000022,0.235294,0.222222,0.000000,0.000000,555.430556,176.000000,78.300562,40.617812,39.150281,20.308906,32340,10,0.235294,141.000000,0.000000,35.000000,1.566011,0.000000
0,0.000000,0.200000,0.200000,1.259947,0.000000,1361.208333,1045.333333,79.045003,40.651756,39.522502,20.325878,32020,28470,0.200000,173.000000,0.000000,35.000000,1.581607,0.000000
0,-0.000000,0.071429,0.045455,1.303553,0.000000,875.250000,144.444444,81.015377,41.396198,40.507689,20.698099,38600,20870,0.071429,1288.000000,0.000000,40.000000,1.625237,0.000000
0,0.000000,0.062500,0.100000,0.113117,0.002576,800.111111,36.000000,100.000000,50.000000,50.000000,25.000000,66090,35290,0.100000,320.000000,0.000000,50.000000,2.000008,0.000000
0,0.000000,0.062500,0.100000,0.246077,0.316305,1890.777778,2585.888889,100.000000,50.000000,50.000000,25.000000,23530,21400,0.100000,320.000000,0.000000,50.000000,2.000016,0.000000
0,0.000000,0.900000,0.900000,1.819164,0.005321,266.720000,40.640625,95.294882,40.904956,47.647441,20.452478,22680,10,0.900000,192.000000,0.000000,45.000000,2.035169,0.000000
0,0.000000,0.062500,0.100000,0.246077,0.316305,1890.777778,2585.888889,100.000000,50.000000,50.000000,25.000000,34980,21400,0.100000,320.000000,0.000000,50.000000,2.000016,0.000000
0,0.000000,0.062500,0.100000,0.246077,0.316305,1890.777778,2585.888889,100.000000,50.000000,50.000000,25.000000,35290,23530,0.100000,320.000000,0.000000,50.000000,2.000016,0.000000
0,0.000000,0.600000,1.000000,0.003309,0.000000,48.859375,0.000000,49.289766,0.000000,24.644883,0.000000,13900,10,1.000000,2459.000000,0.000000,20.000000,0.985796,0.000000
0,0.000000,0.062500,0.100000,0.246077,0.316305,1890.777778,2585.888889,100.000000,50.000000,50.000000,25.000000,21400,3220,0.100000,320.000000,0.000000,50.000000,2.000016,0.000000
0,0.000000,0.900000,0.900000,1.819164,0.005321,266.720000,40.640625,95.294882,40.904956,47.647441,20.452478,36570,10,0.900000,192.000000,0.000000,45.000000,2.035169,0.000000
0,0.000000,0.062500,0.100000,0.113117,0.002576,800.111111,36.000000,100.000000,50.000000,50.000000,25.000000,41970,21400,0.100000,320.000000,0.000000,50.000000,2.000008,0.000000
0,0.000000,0.062500,0.100000,0.246077,0.316305,1890.777778,2585.888889,100.000000,50.000000,50.000000,25.000000,35290,34980,0.100000,320.000000,0.000000,50.000000,2.000016,0.000000
0,0.000000,0.062500,0.100000,0.246077,0.316305,1890.777778,2585.888889,100.000000,50.000000,50.000000,25.000000,35290,3220,0.100000,320.000000,0.000000,50.000000,2.000016,0.000000
0,0.000000,0.062500,0.100000,0.113117,0.002576,800.111111,36.000000,100.000000,50.000000,50.000000,25.000000,41970,35290,0.100000,320.000000,0.000000,50.000000,2.000008,0.000000
0,0.000000,0.062500,0.100000,0.113117,0.002576,800.111111,36.000000,100.000000,50.000000,50.000000,25.000000,66090,21400,0.100000,320.000000,0.000000,50.000000,2.000008,0.000000
0,0.000000,0.250000,0.250000,0.004269,0.000000,42.680000,51.142857,90.000000,90.000000,45.000000,45.000000,19510,17240,0.250000,46.000000,0.000000,40.000000,1.800000,1.800000
0,0.000000,0.250000,0.250000,0.004269,0.000000,42.680000,51.142857,90.000000,90.000000,45.000000,45.000000,17240,9210,0.250000,46.000000,0.000000,40.000000,1.800000,1.800000
0,0.000000,0.250000,0.250000,0.004269,0.000000,42.680000,51.142857,90.000000,90.000000,45.000000,45.000000,17240,13470,0.250000,46.000000,0.000000,40.000000,1.800000,1.800000
0,-0.000000,0.500000,0.411765,1.245106,0.702533,691.840000,6118.750000,90.239390,90.722535,45.119695,45.361267,31560,20600,0.500000,2115.000000,0.000000,45.000000,1.840332,1.814491
0,-0.000000,0.357143,0.333333,7.141353,0.609321,416.108750,5396.250000,100.000000,100.000000,50.000000,50.000000,48430,22130,0.357143,1865.000000,0.000000,50.000000,2.084852,2.000034
0,-0.000000,0.357143,0.333333,7.141353,0.609321,416.108750,5396.250000,100.000000,100.000000,50.000000,50.000000,48430,34060,0.357143,1865.000000,0.000000,50.000000,2.084852,2.000034
0,-0.000000,0.357143,0.333333,7.141353,0.609321,416.108750,5396.250000,100.000000,100.000000,50.000000,50.000000,35910,34060,0.357143,1865.000000,0.000000,50.000000,2.084852,2.000034
0,-0.000000,0.100000,0.411765,0.011461,0.702533,123.775000,6118.750000,82.888352,90.722535,41.444176,45.361267,32270,10,0.437500,948.000000,0.000000,40.000000,1.657768,1.814491
0,-0.000000,0.076923,0.066667,0.017715,0.103802,148.640000,867.000000,91.192963,90.722535,45.596482,45.361267,35910,23100,0.076923,1865.000000,0.000000,45.000000,1.823860,1.814457
0,-0.000000,0.076923,0.066667,0.017715,0.103802,148.640000,867.000000,91.192963,90.722535,45.596482,45.361267,48430,23100,0.076923,1865.000000,0.000000,45.000000,1.823860,1.814457
0,-0.000000,0.357143,0.333333,7.141353,0.609321,416.108750,5396.250000,100.000000,100.000000,50.000000,50.000000,35910,22130,0.357143,1865.000000,0.000000,50.000000,2.084852,2.000034
0,-0.000000,0.500000,0.411765,1.245106,0.702533,691.840000,6118.750000,90.239390,90.722535,45.119695,45.361267,20600,19630,0.500000,2115.000000,0.000000,45.000000,1.840332,1.814491
0,-0.000000,0.142857,0.411765,1.149847,0.702533,142.920000,6118.750000,81.918263,90.722535,40.959132,45.361267,20600,8370,0.500000,2115.000000,0.000000,40.000000,1.673902,1.814491
0,-0.000000,0.357143,0.333333,183.034592,0.609321,3085.390000,5396.250000,95.263158,100.000000,47.631579,50.000000,51700,14140,0.357143,1538.000000,0.000000,45.000000,7.546951,2.000034
0,0.000000,0.333333,0.333333,227.043489,0.609321,2108.859410,5396.250000,95.454546,100.000000,47.727273,50.000000,63000,5410,0.333333,408.000000,0.000000,45.000000,14.446145,2.000034
0,-0.000000,0.357143,0.333333,183.034592,0.609321,3085.390000,5396.250000,95.263158,100.000000,47.631579,50.000000,39180,14140,0.357143,1538.000000,0.000000,45.000000,7.546951,2.000034
0,0.000000,0.333333,0.333333,227.043489,0.609321,2108.859410,5396.250000,95.454546,100.000000,47.727273,50.000000,50480,5410,0.333333,408.000000,0.000000,45.000000,14.446145,2.000034
0,0.000000,0.545455,0.545455,2.287452,0.000000,514.937500,354.222222,89.766523,82.869367,44.883262,41.434683,72500,11850,0.545455,82.000000,0.000000,40.000000,1.801208,1.657387
0,0.000000,0.227273,0.227273,2.292957,0.000000,585.444444,324.444444,90.491453,81.319157,45.245726,40.659579,72500,51200,0.227273,82.000000,0.000000,45.000000,1.815707,1.626383
0,0.000000,0.380952,0.622222,0.000000,0.000000,2177.164352,884.884298,92.307616,82.180220,46.153808,41.090110,45310,10,0.622222,854.000000,0.000000,45.000000,1.846152,1.643604
0,0.000000,0.227273,0.227273,2.292957,0.000000,585.444444,324.444444,90.491453,81.319157,45.245726,40.659579,53030,51200,0.227273,82.000000,0.000000,45.000000,1.815707,1.626383
0,-0.000000,0.043478,0.025000,2.206844,0.000000,584.336824,214.656000,93.304605,83.338472,46.652303,41.669236,40520,39360,0.043478,1197.000000,0.000000,45.000000,1.870664,1.666769
0,-0.000000,0.111111,0.105263,0.123968,0.000000,855.949250,385.959184,91.557010,82.280685,45.778505,41.140342,48850,42620,0.111111,364.000000,0.000000,45.000000,1.831149,1.645614
0,-0.000000,0.040000,0.038462,0.268947,0.000000,1748.644291,306.000000,90.714286,80.494981,45.357143,40.247491,48630,42860,0.040000,522.000000,0.000000,45.000000,1.814306,1.609900
0,0.000000,0.545455,0.545455,2.287452,0.000000,514.937500,354.222222,89.766523,82.869367,44.883262,41.434683,53030,11850,0.545455,82.000000,0.000000,40.000000,1.801208,1.657387
0,0.000000,1.000000,1.000000,10.496546,0.000000,1204.500000,880.000000,87.500000,84.330601,43.750000,42.165301,47590,10,1.000000,490.000000,0.000000,40.000000,1.799877,1.686612
0,-0.000000,0.111111,0.105263,0.123968,0.000000,855.949250,385.959184,91.557010,82.280685,45.778505,41.140342,69680,42620,0.111111,364.000000,0.000000,45.000000,1.831149,1.645614
0,-0.000000,0.523810,0.500000,6.615339,0.000000,5817.280303,6850.125000,89.496385,80.222857,44.748193,40.111428,52560,48740,0.523810,375.000000,0.000000,40.000000,1.817955,1.604457
0,-0.000000,0.023810,0.016949,71.042603,0.000000,2141.982657,1137.453686,95.052042,89.780696,47.526021,44.890348,43490,3120,0.023810,1036.000000,0.000000,45.000000,3.461392,1.795614
0,-0.000000,0.040000,0.038462,0.268947,0.000000,1748.644291,306.000000,90.714286,80.494981,45.357143,40.247491,47270,42860,0.040000,522.000000,0.000000,45.000000,1.814306,1.609900
0,0.000000,0.227273,0.227273,2.292957,0.000000,585.444444,324.444444,90.491453,81.319157,45.245726,40.659579,51670,51200,0.227273,82.000000,0.000000,45.000000,1.815707,1.626383
0,0.000000,0.045455,0.045455,5.420864,0.000000,6806.590600,7375.009298,78.855286,82.841685,39.427643,41.420843,54190,6430,0.045455,212.000000,0.000000,35.000000,1.649683,1.656834
0,0.000000,0.200000,0.200000,0.018745,0.000000,222.741319,1982.909091,87.500000,94.549905,43.750000,47.274953,45350,10,0.200000,490.000000,0.000000,40.000000,1.750001,1.890998
0,-0.000000,0.043478,0.025000,2.206844,0.000000,584.336824,214.656000,93.304605,83.338472,46.652303,41.669236,61350,39360,0.043478,1197.000000,0.000000,45.000000,1.870664,1.666769
0,-0.000000,0.047619,0.045455,0.789881,0.000000,5344.062500,7953.034091,89.727545,90.442161,44.863772,45.221081,58620,52560,0.047619,375.000000,0.000000,40.000000,1.794609,1.808843
0,-0.000000,0.023810,0.016949,71.042603,0.000000,2141.982657,1137.453686,95.052042,89.780696,47.526021,44.890348,42130,3120,0.023810,1036.000000,0.000000,45.000000,3.461392,1.795614
0,0.000000,1.000000,1.000000,10.496546,0.000000,1204.500000,880.000000,87.500000,84.330601,43.750000,42.165301,48950,10,1.000000,490.000000,0.000000,40.000000,1.799877,1.686612
0,-0.000000,0.023810,0.016949,71.042603,0.000000,2141.982657,1137.453686,95.052042,89.780696,47.526021,44.890348,62960,3120,0.023810,1036.000000,0.000000,45.000000,3.461392,1.795614
0,-0.000000,0.523810,0.500000,6.615339,0.000000,5817.280303,6850.125000,89.496385,80.222857,44.748193,40.111428,69570,52560,0.523810,375.000000,0.000000,40.000000,1.817955,1.604457
0,-0.000000,0.029412,0.016949,2.247836,0.000000,895.996262,1137.453686,99.687500,89.780696,49.843750,44.890348,61350,9970,0.029412,1197.000000,0.000000,45.000000,1.998325,1.795614
0,0.000000,0.200000,0.200000,4.466150,0.000000,236.465600,1404.884298,80.836466,86.949429,40.418233,43.474715,6430,2790,0.200000,212.000000,0.000000,40.000000,1.689237,1.738989
0,0.000000,0.380952,0.622222,0.000000,0.000000,2177.164352,884.884298,92.307616,82.180220,46.153808,41.090110,43950,10,0.622222,854.000000,0.000000,45.000000,1.846152,1.643604
0,-0.000000,0.029412,0.016949,2.247836,0.000000,895.996262,1137.453686,99.687500,89.780696,49.843750,44.890348,61350,49980,0.029412,1197.000000,0.000000,45.000000,1.998325,1.795614
0,-0.000000,0.076923,0.052632,4.548895,0.000000,1059.642722,1076.000000,92.222222,80.280690,46.111111,40.140345,46190,39080,0.076923,1341.000000,0.000000,45.000000,1.855642,1.605614
0,0.000000,0.090909,0.090909,0.028218,0.000000,200.107618,879.106520,82.535826,85.488195,41.267913,42.744098,11850,7730,0.090909,82.000000,0.000000,40.000000,1.650719,1.709764
0,-0.000000,0.076923,0.052632,4.548895,0.000000,1059.642722,1076.000000,92.222222,80.280690,46.111111,40.140345,59910,46190,0.076923,1341.000000,0.000000,45.000000,1.855642,1.605614
0,0.000000,1.000000,1.000000,10.496546,0.000000,1204.500000,880.000000,87.500000,84.330601,43.750000,42.165301,68420,10,1.000000,490.000000,0.000000,40.000000,1.799877,1.686612
0,-0.000000,0.523810,0.500000,6.615339,0.000000,5817.280303,6850.125000,89.496385,80.222857,44.748193,40.111428,52560,50100,0.523810,375.000000,0.000000,40.000000,1.817955,1.604457
0,0.000000,0.545455,0.545455,2.287452,0.000000,514.937500,354.222222,89.766523,82.869367,44.883262,41.434683,51670,11850,0.545455,82.000000,0.000000,40.000000,1.801208,1.657387
0,-0.000000,0.029412,0.016949,2.247836,0.000000,895.996262,1137.453686,99.687500,89.780696,49.843750,44.890348,40520,37980,0.029412,1197.000000,0.000000,45.000000,1.998325,1.795614
0,-0.000000,0.111111,0.105263,0.123968,0.000000,855.949250,385.959184,91.557010,82.280685,45.778505,41.140342,50210,42620,0.111111,364.000000,0.000000,45.000000,1.831149,1.645614
0,-0.000000,0.040000,0.038462,0.268947,0.000000,1748.644291,306.000000,90.714286,80.494981,45.357143,40.247491,68100,42860,0.040000,522.000000,0.000000,45.000000,1.814306,1.609900
0,0.000000,0.090909,0.090909,0.044657,0.000000,303.570636,1457.131313,90.044301,93.088671,45.022150,46.544336,61550,11850,0.090909,82.000000,0.000000,45.000000,1.800889,1.861773
0,-0.000000,0.029412,0.016949,2.247836,0.000000,895.996262,1137.453686,99.687500,89.780696,49.843750,44.890348,41880,37980,0.029412,1197.000000,0.000000,45.000000,1.998325,1.795614
0,-0.000000,0.029412,0.016949,2.247836,0.000000,895.996262,1137.453686,99.687500,89.780696,49.843750,44.890348,49980,40520,0.029412,1197.000000,0.000000,45.000000,1.998325,1.795614
0,0.000000,0.047619,0.355556,0.000000,0.000000,429.784722,1987.793388,92.307616,92.399524,46.153808,46.199762,53830,10,0.355556,854.000000,0.000000,45.000000,1.846152,1.847990
0,-0.000000,0.029412,0.016949,2.247836,0.000000,895.996262,1137.453686,99.687500,89.780696,49.843750,44.890348,61350,37980,0.029412,1197.000000,0.000000,45.000000,1.998325,1.795614
0,-0.000000,0.029412,0.016949,2.247836,0.000000,895.996262,1137.453686,99.687500,89.780696,49.843750,44.890348,49980,41880,0.029412,1197.000000,0.000000,45.000000,1.998325,1.795614
0,-0.000000,0.047619,0.045455,0.789881,0.000000,5344.062500,7953.034091,89.727545,90.442161,44.863772,45.221081,52560,46500,0.047619,375.000000,0.000000,40.000000,1.794609,1.808843
0,0.000000,0.047619,0.355556,0.000000,0.000000,429.784722,1987.793388,92.307616,92.399524,46.153808,46.199762,41710,10,0.355556,854.000000,0.000000,45.000000,1.846152,1.847990
0,0.000000,0.200000,0.200000,0.018745,0.000000,222.741319,1982.909091,87.500000,94.549905,43.750000,47.274953,57470,10,0.200000,490.000000,0.000000,40.000000,1.750001,1.890998
0,-0.000000,0.076923,0.052632,4.548895,0.000000,1059.642722,1076.000000,92.222222,80.280690,46.111111,40.140345,46190,40440,0.076923,1341.000000,0.000000,45.000000,1.855642,1.605614
0,0.000000,0.380952,0.622222,0.000000,0.000000,2177.164352,884.884298,92.307616,82.180220,46.153808,41.090110,64780,10,0.622222,854.000000,0.000000,45.000000,1.846152,1.643604
0,-0.000000,0.029412,0.016949,2.247836,0.000000,895.996262,1137.453686,99.687500,89.780696,49.843750,44.890348,41880,9970,0.029412,1197.000000,0.000000,45.000000,1.998325,1.795614
0,-0.000000,0.043478,0.025000,2.206844,0.000000,584.336824,214.656000,93.304605,83.338472,46.652303,41.669236,41880,39360,0.043478,1197.000000,0.000000,45.000000,1.870664,1.666769
0,0.000000,0.090909,0.090909,0.044657,0.000000,303.570636,1457.131313,90.044301,93.088671,45.022150,46.544336,49430,11850,0.090909,82.000000,0.000000,45.000000,1.800889,1.861773
0,-0.000000,0.029412,0.016949,2.247836,0.000000,895.996262,1137.453686,99.687500,89.780696,49.843750,44.890348,40520,9970,0.029412,1197.000000,0.000000,45.000000,1.998325,1.795614
0,0.000000,0.133333,0.133333,16.554898,0.000000,1262.890000,2609.221302,78.921287,81.285721,39.460643,40.642860,46980,20840,0.133333,555.000000,0.000000,35.000000,1.706101,1.625714
0,0.000000,0.125000,0.125000,0.195008,0.000000,1470.000000,2172.000000,89.999947,91.428571,44.999974,45.714286,58010,32850,0.125000,499.000000,0.000000,40.000000,1.800012,1.828571
0,0.000000,0.166667,0.166667,0.435389,0.000000,2681.406250,160.444444,40.650016,84.188595,20.325008,42.094298,11040,10,0.166667,1613.000000,0.000000,20.000000,0.813036,1.683772
0,-0.000000,0.200000,0.142857,0.012942,0.000000,203.100592,824.142857,87.500000,100.000000,43.750000,50.000000,19380,10,0.444444,1022.000000,0.000000,40.000000,1.750001,2.000000
0,-0.000000,0.400000,0.142857,0.648184,0.000000,44.900000,824.142857,93.750000,100.000000,46.875000,50.000000,42480,10,0.666667,2052.000000,0.000000,45.000000,1.881484,2.000000
0,-0.000000,0.400000,0.470588,3.224464,0.000000,150.882490,840.111111,63.612183,94.205951,31.806092,47.102975,23130,10,0.500000,647.000000,0.000000,30.000000,1.314157,1.884119
0,-0.000000,0.400000,0.142857,0.648184,0.000000,44.900000,824.142857,93.750000,100.000000,46.875000,50.000000,9080,10,0.666667,2052.000000,0.000000,45.000000,1.881484,2.000000
0,0.000000,0.333333,0.333333,0.006653,0.000000,79.693878,356.194444,52.307692,66.807339,26.153846,33.403669,26950,10,0.333333,22.000000,0.000000,25.000000,1.046154,1.336147
0,-0.000000,0.066667,0.259259,0.196687,0.000000,203.888889,1602.750000,79.132471,90.283064,39.566235,45.141532,48880,22620,0.291667,1412.000000,0.000000,35.000000,1.582925,1.805661
0,-0.000000,0.066667,0.259259,0.196687,0.000000,203.888889,1602.750000,79.132471,90.283064,39.566235,45.141532,22620,15480,0.291667,1412.000000,0.000000,35.000000,1.582925,1.805661
0,0.000000,0.250000,0.250000,0.011932,0.000000,114.955679,827.000000,90.000000,90.000000,45.000000,45.000000,28580,17240,0.250000,102.000000,0.000000,40.000000,1.800001,1.800000
0,0.000000,1.000000,1.000000,0.010401,0.000000,111.165533,1011.750000,57.773946,74.656388,28.886973,37.328194,29380,10,1.000000,22.000000,0.000000,25.000000,1.155480,1.493128
0,0.000000,1.000000,1.000000,0.010401,0.000000,111.165533,1011.750000,57.773946,74.656388,28.886973,37.328194,62780,10,1.000000,22.000000,0.000000,25.000000,1.155480,1.493128
0,-0.000000,0.400000,0.470588,3.224464,0.000000,150.882490,840.111111,63.612183,94.205951,31.806092,47.102975,56530,10,0.500000,647.000000,0.000000,30.000000,1.314157,1.884119
0,-0.000000,0.200000,0.142857,0.012942,0.000000,203.100592,824.142857,87.500000,100.000000,43.750000,50.000000,52780,10,0.444444,1022.000000,0.000000,40.000000,1.750001,2.000000
0,0.000000,0.250000,0.250000,0.011932,0.000000,114.955679,827.000000,90.000000,90.000000,45.000000,45.000000,61980,17240,0.250000,102.000000,0.000000,40.000000,1.800001,1.800000
0,-0.000000,0.583333,0.142857,3.921474,0.000000,79.497041,824.142857,86.426156,100.000000,43.213078,50.000000,49070,560,0.608696,1393.000000,0.000000,40.000000,2.054615,2.000000
0,0.000000,0.500000,0.500000,0.003707,0.000000,48.400000,816.000000,50.000908,92.037645,25.000454,46.018822,46870,10,0.500000,1613.000000,0.000000,25.000000,1.000018,1.840753
0,0.000000,0.500000,0.500000,0.003707,0.000000,48.400000,816.000000,50.000908,92.037645,25.000454,46.018822,13470,10,0.500000,1613.000000,0.000000,25.000000,1.000018,1.840753
0,0.000013,0.052632,0.407407,0.411713,0.000000,1685.840000,944.444444,75.858130,92.150950,37.929065,46.075475,5080,2650,0.529412,2452.000000,0.000000,35.000000,1.518298,1.843019
0,-0.000000,0.583333,0.142857,3.921474,0.000000,79.497041,824.142857,86.426156,100.000000,43.213078,50.000000,15670,560,0.608696,1393.000000,0.000000,40.000000,2.054615,2.000000
0,0.000013,0.250000,0.407407,0.007211,0.000000,567.351250,944.444444,77.774955,92.150950,38.887478,46.075475,35840,10,0.529412,2716.000000,0.000000,35.000000,1.555500,1.843019
0,0.000000,0.125000,0.125000,0.195008,0.000000,1470.000000,2172.000000,89.999947,91.428571,44.999974,45.714286,32850,24610,0.125000,499.000000,0.000000,40.000000,1.800012,1.828571
0,-0.000000,0.181818,0.214286,0.138463,0.000000,775.080000,144.444444,89.999998,41.538462,44.999999,20.769231,28380,21980,0.230769,2420.000000,0.000000,40.000000,1.800012,0.000000
0,0.000000,1.000000,1.000000,314.268654,0.000000,1936.000000,0.000000,92.493459,0.000000,46.246729,0.000000,15310,3340,1.000000,3690.000000,0.000000,45.000000,28.970066,0.000000
0,-0.000000,0.800000,0.142857,1.813145,0.000000,88.000000,15925.000000,87.500000,40.341251,43.750000,20.170626,13370,10,0.800000,3281.000000,0.000000,40.000000,1.818490,0.000000
0,-0.000000,0.800000,0.142857,1.813145,0.000000,88.000000,15925.000000,87.500000,40.341251,43.750000,20.170626,7430,10,0.800000,3281.000000,0.000000,40.000000,1.818490,0.000000
0,-0.000000,0.181818,0.214286,0.138463,0.000000,775.080000,144.444444,89.999998,41.538462,44.999999,20.769231,28380,28010,0.230769,2420.000000,0.000000,40.000000,1.800012,0.000000
0,0.000000,0.833333,1.000000,4.385074,0.000000,148.000000,0.000000,77.004141,0.000000,38.502070,0.000000,6680,650,1.000000,4553.000000,0.000000,35.000000,1.625577,0.000000
0,-0.000000,0.800000,0.142857,1.813145,0.000000,88.000000,15925.000000,87.500000,40.341251,43.750000,20.170626,19400,10,0.800000,3281.000000,0.000000,40.000000,1.818490,0.000000
0,0.000000,0.727273,0.642857,1.293224,0.000000,168.000000,0.000000,91.110983,0.000000,45.555492,0.000000,44490,21830,0.727273,1841.000000,0.000000,45.000000,1.830493,0.000000
0,0.000000,0.727273,0.642857,1.293224,0.000000,168.000000,0.000000,91.110983,0.000000,45.555492,0.000000,44490,27770,0.727273,1841.000000,0.000000,45.000000,1.830493,0.000000
0,0.000000,1.000000,1.000000,314.268654,0.000000,1936.000000,0.000000,92.493459,0.000000,46.246729,0.000000,9280,3340,1.000000,3690.000000,0.000000,45.000000,28.970066,0.000000
0,0.000000,0.727273,0.642857,1.293224,0.000000,168.000000,0.000000,91.110983,0.000000,45.555492,0.000000,44490,33800,0.727273,1841.000000,0.000000,45.000000,1.830493,0.000000
0,-0.000000,0.181818,0.214286,0.138463,0.000000,775.080000,144.444444,89.999998,41.538462,44.999999,20.769231,28380,16040,0.230769,2420.000000,0.000000,40.000000,1.800012,0.000000
0,0.000000,0.466667,0.473684,0.088618,0.000000,682.395625,973.440000,49.005122,49.063921,24.502561,24.531961,46890,10,0.473684,889.000000,0.000000,20.000000,0.980108,0.000000
0,-0.000000,0.055556,0.052632,0.013210,0.000000,123.840617,79.160665,81.105762,42.350793,40.552881,21.175397,61370,6170,0.055556,273.000000,0.000000,40.000000,1.622116,0.000000
0,0.000000,0.411765,0.473684,1.267620,0.000000,1093.111536,973.440000,80.321440,49.063921,40.160720,24.531961,49710,1870,0.473684,703.000000,0.000000,40.000000,1.607195,0.000000
0,-0.000000,0.266667,0.210526,0.805787,0.000000,5250.432292,8379.000000,49.548977,39.403003,24.774488,19.701501,48010,10,0.266667,889.000000,0.000000,20.000000,0.991042,0.000000
0,-0.000000,0.222222,0.142857,1.053881,2.397155,1712.000000,15925.000000,82.357559,40.604729,41.178779,20.302365,44490,14410,0.222222,1845.000000,0.000000,40.000000,1.649085,0.000000
0,0.000000,0.333333,0.333333,0.049192,0.023989,447.040816,245.000000,80.909091,40.000000,40.454545,20.000000,60050,16390,0.333333,289.000000,0.000000,40.000000,1.618185,0.000000
0,-0.000024,0.071429,0.047619,0.832977,0.015661,735.555556,144.444444,81.075544,41.538462,40.537772,20.769231,44490,34170,0.071429,1845.000000,0.000000,40.000000,1.623421,0.000000
0,-0.000000,0.421053,0.375000,19.598887,0.571722,489.690000,5120.000000,80.101882,46.630116,40.050941,23.315058,38250,1550,0.428571,760.000000,0.000000,40.000000,2.028649,0.000000
0,-0.000000,0.181818,0.153846,0.007927,0.676007,83.780612,5920.000000,41.803175,88.839529,20.901588,44.419764,29650,10,0.181818,1498.000000,0.000000,20.000000,0.836064,1.776829
0,-0.000000,0.052632,0.041667,1.264665,0.122228,1077.114036,973.440000,83.647440,49.193337,41.823720,24.596669,49710,38790,0.052632,706.000000,0.000000,40.000000,1.673715,0.000000
0,0.000000,0.307692,0.583333,4.379735,0.102697,186.136689,807.061224,82.026995,40.823534,41.013497,20.411767,27340,20130,0.600000,2572.000000,0.000000,40.000000,1.713713,0.000000
0,-0.000000,0.148148,0.041667,2.212183,0.122228,674.135000,973.440000,81.189213,49.193337,40.594607,24.596669,33340,23380,0.148148,2247.000000,0.000000,40.000000,1.627787,0.000000
0,-0.000000,0.222222,0.214286,19.639425,0.674419,768.663580,5927.061224,77.411809,87.453650,38.705905,43.726825,45460,1550,0.222222,760.000000,0.000000,35.000000,1.974850,1.749111
0,0.000000,0.363636,0.384615,0.016573,0.206982,142.880886,1607.061224,41.730948,83.032947,20.865474,41.516473,38080,10,0.384615,1498.000000,0.000000,20.000000,0.834620,1.660672
0,-0.000000,0.100000,0.214286,4.424445,0.674419,468.612245,5927.061224,83.752795,87.453650,41.876398,43.726825,27340,18910,0.285714,2572.000000,0.000000,40.000000,1.748233,1.749111
0,0.000000,0.363636,0.538462,0.009826,0.104285,106.182825,800.000000,43.189284,42.209413,21.594642,21.104706,30870,10,0.545455,1498.000000,0.000000,20.000000,0.863786,0.000000
0,-0.000000,0.181818,0.153846,19.598653,0.676007,478.000000,5920.000000,78.377344,88.839529,39.188672,44.419764,7390,1550,0.181818,760.000000,0.000000,35.000000,1.994158,1.776829
0,0.000000,0.166667,0.166667,0.004167,0.002262,56.000000,16.000000,52.999980,42.160423,26.499990,21.080212,44080,10,0.166667,177.000000,0.000000,25.000000,1.060000,0.000000
0,-0.000000,0.040000,0.041667,3.447390,0.049148,266.400000,392.561983,74.155735,42.105298,37.077867,21.052649,45460,33590,0.052632,1226.000000,0.000000,35.000000,1.564257,0.000000
0,-0.000000,0.538462,0.375000,0.005890,0.571722,54.094675,5120.000000,31.673384,46.630116,15.836692,23.315058,1230,10,0.821429,4462.000000,0.000000,15.000000,0.633468,0.000000
0,-0.000000,0.090909,0.083333,2.241984,0.000000,38.884444,24.142857,89.761905,50.000000,44.880952,25.000000,11610,8140,0.090909,264.000000,0.000000,40.000000,1.924232,0.000000
0,0.000000,0.166667,0.166667,0.137240,0.000000,1040.044444,957.453686,91.428571,50.000000,45.714286,25.000000,19920,11380,0.166667,287.000000,0.000000,45.000000,1.828580,0.000000
0,0.000000,0.166667,0.166667,0.137240,0.000000,1040.044444,957.453686,91.428571,50.000000,45.714286,25.000000,11460,11380,0.166667,287.000000,0.000000,45.000000,1.828580,0.000000
0,-0.000000,0.111111,0.083333,0.006427,0.000000,79.510204,144.444444,49.777964,41.690640,24.888982,20.845320,13480,10,0.111111,1424.000000,0.000000,20.000000,0.995560,0.000000
0,-0.000000,0.090909,0.083333,2.241984,0.000000,38.884444,24.142857,89.761905,50.000000,44.880952,25.000000,18440,11610,0.090909,264.000000,0.000000,40.000000,1.924232,0.000000
0,0.000000,0.166667,0.166667,0.137240,0.000000,1040.044444,957.453686,91.428571,50.000000,45.714286,25.000000,59930,11380,0.166667,287.000000,0.000000,45.000000,1.828580,0.000000
0,0.000000,0.166667,0.166667,0.137240,0.000000,1040.044444,957.453686,91.428571,50.000000,45.714286,25.000000,47930,11380,0.166667,287.000000,0.000000,45.000000,1.828580,0.000000
0,-0.000000,0.888889,0.666667,0.215481,0.000000,1478.734694,2121.578512,48.642331,40.520610,24.321165,20.260305,34600,10,0.888889,1424.000000,0.000000,20.000000,0.972863,0.000000
0,-0.000000,0.090909,0.083333,2.241984,0.000000,38.884444,24.142857,89.761905,50.000000,44.880952,25.000000,12400,11610,0.090909,264.000000,0.000000,40.000000,1.924232,0.000000
0,0.000000,0.428571,0.428571,0.004458,0.002558,61.795918,25.283951,40.000007,40.000000,20.000004,20.000000,42940,10,0.428571,225.000000,0.000000,20.000000,0.800000,0.000000
0,0.000000,0.250000,0.250000,0.087774,0.000000,675.000000,802.750000,79.558633,40.481713,39.779317,20.240856,35720,17240,0.250000,169.000000,0.000000,35.000000,1.591178,0.000000
0,0.000000,0.500000,0.500000,0.003868,0.000000,41.440000,32.490000,85.555538,42.585963,42.777769,21.292981,17240,5460,0.500000,169.000000,0.000000,40.000000,1.711111,0.000000
0,0.000000,0.190476,0.133333,0.000000,0.123289,1766.781888,912.884298,92.307616,91.617290,46.153808,45.808645,53410,10,0.190476,975.000000,0.000000,45.000000,1.846152,1.832354
0,0.000000,0.500000,0.500000,0.202094,0.033118,1439.595156,235.000000,89.998441,90.000000,44.999221,45.000000,45280,3860,0.500000,588.000000,0.000000,40.000000,1.799983,1.800002
0,0.000000,0.500000,0.500000,0.202094,0.033118,1439.595156,235.000000,89.998441,90.000000,44.999221,45.000000,57280,3860,0.500000,588.000000,0.000000,40.000000,1.799983,1.800002
0,-0.000000,0.666667,0.444444,0.047317,0.030825,379.812500,223.312500,60.000000,90.000000,30.000000,45.000000,44330,10,0.666667,1883.000000,0.000000,30.000000,1.200003,1.800002
0,-0.000000,0.166667,0.111111,0.023298,0.099847,187.000000,713.750000,56.950757,91.398308,28.475379,45.699154,28860,10,0.166667,2230.000000,0.000000,25.000000,1.139017,1.827973
0,0.000000,0.500000,0.500000,0.202094,0.033118,1439.595156,235.000000,89.998441,90.000000,44.999221,45.000000,17270,3860,0.500000,588.000000,0.000000,40.000000,1.799983,1.800002
0,0.000000,0.190476,0.133333,0.000000,0.123289,1766.781888,912.884298,92.307616,91.617290,46.153808,45.808645,41410,10,0.190476,975.000000,0.000000,45.000000,1.846152,1.832354
0,-0.000000,0.666667,0.444444,0.047317,0.030825,379.812500,223.312500,60.000000,90.000000,30.000000,45.000000,32330,10,0.666667,1883.000000,0.000000,30.000000,1.200003,1.800002
0,0.000000,0.200000,0.200000,2.238548,0.034401,1324.000000,272.000000,90.000000,90.000000,45.000000,45.000000,47930,18910,0.200000,424.000000,0.000000,45.000000,1.833419,1.800002
0,-0.000000,0.444444,0.444444,117.099571,0.030825,2809.190051,223.312500,86.532131,90.000000,43.266065,45.000000,7590,3280,0.666667,1556.000000,0.000000,40.000000,4.184565,1.800002
0,0.000000,0.190476,0.133333,0.000000,0.123289,1766.781888,912.884298,92.307616,91.617290,46.153808,45.808645,13400,10,0.190476,975.000000,0.000000,45.000000,1.846152,1.832354
0,0.000000,0.500000,0.500000,0.202094,0.033118,1439.595156,235.000000,89.998441,90.000000,44.999221,45.000000,8810,3860,0.500000,588.000000,0.000000,40.000000,1.799983,1.800002
0,0.000000,0.200000,0.200000,2.238548,0.034401,1324.000000,272.000000,90.000000,90.000000,45.000000,45.000000,58920,47930,0.200000,424.000000,0.000000,45.000000,1.833419,1.800002
0,0.000000,0.200000,0.200000,2.238548,0.034401,1324.000000,272.000000,90.000000,90.000000,45.000000,45.000000,47930,46920,0.200000,424.000000,0.000000,45.000000,1.833419,1.800002
0,-0.000000,0.142857,0.111111,117.111816,0.099847,2873.877551,713.750000,87.990338,91.398308,43.995169,45.699154,7590,6750,0.142857,1556.000000,0.000000,40.000000,4.213730,1.827973
0,0.000000,0.200000,0.200000,2.238548,0.034401,1324.000000,272.000000,90.000000,90.000000,45.000000,45.000000,47930,10450,0.200000,424.000000,0.000000,45.000000,1.833419,1.800002
0,0.000000,0.190476,0.133333,0.000000,0.123289,1766.781888,912.884298,92.307616,91.617290,46.153808,45.808645,4940,10,0.190476,975.000000,0.000000,45.000000,1.846152,1.832354
0,-0.000000,0.166667,0.111111,0.023298,0.099847,187.000000,713.750000,56.950757,91.398308,28.475379,45.699154,40860,10,0.166667,2230.000000,0.000000,25.000000,1.139017,1.827973
0,-0.000000,0.125000,0.111111,70.992279,0.099847,1829.333333,713.750000,85.641646,91.398308,42.820823,45.699154,10740,3120,0.125000,1157.000000,0.000000,40.000000,3.273180,1.827973
0,-0.000000,0.222222,0.444444,0.001645,0.030825,52.294749,223.312500,85.058373,90.000000,42.529186,45.000000,4160,10,0.666667,1468.000000,0.000000,40.000000,1.701168,1.800002
0,0.000000,0.300000,0.300000,0.000000,0.000000,1968.000000,11676.000000,46.254078,70.470143,23.127039,35.235071,55220,10,0.300000,69.000000,0.000000,20.000000,0.925082,1.409403
0,0.001778,0.125000,0.222222,352.214804,0.267895,23215.000000,2320.666667,73.350188,37.286125,36.675094,18.643062,53000,25760,0.222222,1243.000000,0.000000,35.000000,4.282347,0.000000
0,0.000132,0.133333,0.166667,0.014295,0.006705,136.250000,71.442500,84.236111,42.352766,42.118055,21.176383,59470,40230,0.166667,562.000000,0.000000,40.000000,1.684723,0.000000
0,-0.000026,0.133333,0.166667,0.987032,0.155367,1119.795918,1077.476562,78.833936,40.632699,39.416968,20.316350,53860,42650,0.187500,320.000000,0.000000,35.000000,1.584930,0.000000
0,-0.000018,0.333333,0.111111,17.508359,0.331230,686.250000,2347.062500,78.443747,40.048106,39.221874,20.024053,25610,1320,0.333333,2024.000000,0.000000,35.000000,1.793065,0.000000
0,0.000000,0.076923,0.076923,0.009920,0.001767,91.694444,19.444444,83.968254,42.857143,41.984127,21.428571,40230,17400,0.076923,562.000000,0.000000,40.000000,1.679366,0.000000
0,0.000000,0.800000,0.800000,2.853726,0.000000,109.000000,400.000000,74.622354,41.735207,37.311177,20.867604,5180,10,0.800000,136.000000,0.000000,35.000000,1.582933,0.000000
0,-0.000000,0.333333,0.285714,0.002835,0.000000,44.000000,61.250000,41.151361,39.566450,20.575680,19.783225,1700,10,0.333333,218.000000,0.000000,20.000000,0.823027,0.000000
0,0.000000,0.333333,0.384615,0.000000,0.000000,267.555556,134.750000,67.951751,40.002295,33.975876,20.001148,260,10,0.384615,362.000000,0.000000,30.000000,1.359035,0.000000
0,-0.000000,0.166667,0.153846,0.000000,0.000000,67.599174,62.869822,63.571368,40.255925,31.785684,20.127963,49130,10,0.166667,387.000000,0.000000,30.000000,1.271427,0.000000
0,0.000000,0.750000,0.769231,0.000000,0.000000,111.591837,73.331361,59.965538,41.116474,29.982769,20.558237,43360,10,0.769231,387.000000,0.000000,25.000000,1.199311,0.000000
0,-0.000000,0.045455,0.040000,0.504512,0.000000,396.944444,61.117347,82.034268,41.818182,41.017134,20.909091,36250,460,0.045455,986.000000,0.000000,40.000000,1.642882,0.000000
0,0.000000,0.111111,0.263158,0.075008,0.000000,563.833333,205.959184,83.699841,42.249936,41.849920,21.124968,42620,4910,0.263158,541.000000,0.000000,40.000000,1.674002,0.000000
0,-0.000000,0.052632,0.045455,0.123201,0.000000,923.440000,641.777778,82.161159,41.249936,41.080580,20.624968,43630,4310,0.052632,601.000000,0.000000,40.000000,1.643231,0.000000
0,-0.000000,0.083333,0.052632,0.000000,0.000000,313.479167,154.687500,83.974283,40.908575,41.987141,20.454287,44490,10,0.083333,1031.000000,0.000000,40.000000,1.679486,0.000000
0,0.000000,0.133333,0.133333,0.093834,0.000000,1039.143557,360.465976,89.775250,42.990849,44.887625,21.495425,9670,10,0.133333,65.000000,0.000000,40.000000,1.795511,0.000000
0,-0.000000,0.142857,0.111111,0.000000,0.000000,779.312500,1800.000000,83.974283,41.132058,41.987141,20.566029,18540,10,0.142857,1031.000000,0.000000,40.000000,1.679486,0.000000
0,0.000000,0.238095,0.166667,0.000000,0.000000,342.298659,73.331361,82.619078,41.129893,41.309539,20.564947,37020,10,0.238095,1031.000000,0.000000,40.000000,1.652382,0.000000
0,0.000000,0.285714,0.200000,0.000000,0.000000,352.149235,62.869822,85.640338,40.736675,42.820169,20.368337,42790,10,0.285714,1031.000000,0.000000,40.000000,1.712807,0.000000
0,-0.000000,0.066667,0.062500,4.467447,0.000000,292.715600,9610.000000,80.386497,37.193544,40.193248,18.596772,49790,6430,0.066667,389.000000,0.000000,40.000000,1.680237,0.000000
0,-0.000000,0.043478,0.040000,86.756059,0.500193,12476.612654,3697.406250,89.120882,91.938672,44.560441,45.969336,37490,21820,0.043478,704.000000,0.000000,40.000000,2.088219,1.838807
0,-0.000000,0.043478,0.040000,86.756059,0.500193,12476.612654,3697.406250,89.120882,91.938672,44.560441,45.969336,46270,21820,0.043478,704.000000,0.000000,40.000000,2.088219,1.838807
0,0.000000,0.100000,0.100000,0.936251,0.480359,6651.000000,3537.656250,56.666667,91.604146,28.333334,45.802073,50830,10,0.100000,248.000000,0.000000,25.000000,1.133399,1.832116
0,0.000000,0.100000,0.100000,0.936251,0.480359,6651.000000,3537.656250,56.666667,91.604146,28.333334,45.802073,42050,10,0.100000,248.000000,0.000000,25.000000,1.133399,1.832116
0,-0.000000,0.074074,0.052632,0.039078,0.066185,296.733333,533.092045,83.851036,78.557093,41.925518,39.278546,44790,28580,0.074074,838.000000,0.000000,40.000000,1.677023,1.571146
0,-0.000000,0.037037,0.026316,0.037441,0.067427,284.696066,543.553583,82.048410,78.695381,41.024205,39.347690,39020,28580,0.037037,838.000000,0.000000,40.000000,1.640971,1.573912
0,-0.000000,0.200000,0.166667,0.000000,0.000000,114.765625,580.000000,52.223149,77.568831,26.111574,38.784416,40960,10,0.200000,1061.000000,0.000000,25.000000,1.044463,1.551377
0,-0.000000,0.800000,0.571429,17.871374,0.000000,424.480000,1905.555556,87.500000,50.000000,43.750000,25.000000,71380,10,0.800000,718.000000,0.000000,40.000000,2.242151,0.000000
0,-0.000000,0.800000,0.571429,17.871374,0.000000,424.480000,1905.555556,87.500000,50.000000,43.750000,25.000000,70030,10,0.800000,718.000000,0.000000,40.000000,2.242151,0.000000
0,-0.000000,0.095238,0.080000,0.403776,0.040291,2615.771429,327.750000,79.018145,83.098021,39.509073,41.549011,43360,18000,0.217391,1147.000000,0.000000,35.000000,1.580394,1.661963
0,0.000000,0.111111,0.111111,6.263412,0.054565,2695.954635,424.333333,80.874250,81.944360,40.437125,40.972180,52560,10430,0.111111,227.000000,0.000000,40.000000,1.680692,1.638891
0,-0.000000,0.074074,0.055556,0.401299,0.180853,2401.101928,1311.361111,81.582181,81.111942,40.791090,40.555971,40370,34600,0.312500,1446.000000,0.000000,40.000000,1.631677,1.622251
0,-0.000000,0.111111,0.083333,0.418919,0.023794,2571.954475,188.307692,82.177387,68.900022,41.088694,34.450011,42010,9950,0.111111,1282.000000,0.000000,40.000000,1.643582,1.378002
0,-0.000000,0.055556,0.045455,0.420434,0.026735,2581.641975,216.297521,82.399086,82.265386,41.199543,41.132693,42010,7120,0.062500,1282.000000,0.000000,40.000000,1.648016,1.645309
0,-0.000000,0.032258,0.041667,0.571377,0.028592,3438.122449,240.694215,80.943949,82.652431,40.471975,41.326215,35120,9580,0.062500,1971.000000,0.000000,40.000000,1.618927,1.653050
0,-0.000000,0.400000,0.100000,0.156859,0.019638,1082.090000,156.800000,48.721764,83.111111,24.360882,41.555555,47560,10,0.400000,727.000000,0.000000,20.000000,0.974447,1.662223
0,-0.000000,0.068966,0.060606,0.296250,0.145246,2173.566406,1145.880000,81.077520,82.226241,40.538760,41.113120,62340,49850,0.068966,498.000000,0.000000,40.000000,1.621571,1.644534
0,0.000000,0.052632,0.052632,0.000000,0.537539,846.188272,4174.160494,83.846154,85.387147,41.923077,42.693573,44830,10,0.052632,21.000000,0.000000,40.000000,1.676923,1.707778
0,0.000000,0.058824,0.058824,0.000000,0.494182,495.803288,3823.775510,74.846154,76.387147,37.423077,38.193573,28750,10,0.058824,21.000000,0.000000,35.000000,1.496923,1.527775
0,0.000000,0.052632,0.052632,0.000000,0.511340,678.660431,4006.632653,74.230769,75.771762,37.115384,37.885881,69120,10,0.052632,21.000000,0.000000,35.000000,1.484615,1.515468
0,0.000000,0.052632,0.052632,0.000000,0.537539,846.188272,4174.160494,83.846154,85.387147,41.923077,42.693573,55720,10,0.052632,21.000000,0.000000,40.000000,1.676923,1.707778
0,0.000000,0.052632,0.052632,0.000000,0.537539,846.188272,4174.160494,83.846154,85.387147,41.923077,42.693573,59950,10,0.052632,21.000000,0.000000,40.000000,1.676923,1.707778
0,0.000000,0.052632,0.052632,0.000000,0.537539,846.188272,4174.160494,83.846154,85.387147,41.923077,42.693573,23480,10,0.052632,21.000000,0.000000,40.000000,1.676923,1.707778
0,-0.000000,0.027027,0.023810,0.266619,0.227180,1821.219451,1803.674383,89.681121,90.161619,44.840560,45.080809,40240,30300,0.028571,1525.000000,0.000000,40.000000,1.793642,1.803247
0,-0.000000,0.027027,0.023810,0.266619,0.227180,1821.219451,1803.674383,89.681121,90.161619,44.840560,45.080809,40240,8950,0.028571,1525.000000,0.000000,40.000000,1.793642,1.803247
0,-0.000000,0.027027,0.023810,0.266619,0.227180,1821.219451,1803.674383,89.681121,90.161619,44.840560,45.080809,41190,40240,0.028571,1525.000000,0.000000,40.000000,1.793642,1.803247
0,-0.000000,0.173913,0.151515,10.004588,0.329551,731.147392,2606.842014,81.911511,81.097445,40.955755,40.548722,52700,40240,0.178571,1525.000000,0.000000,40.000000,1.720814,1.621970
0,-0.000000,0.027027,0.023810,0.266619,0.227180,1821.219451,1803.674383,89.681121,90.161619,44.840560,45.080809,45420,40240,0.028571,1525.000000,0.000000,40.000000,1.793642,1.803247
0,-0.000000,0.045455,0.043478,0.982272,17.714838,6758.325617,134118.020794,80.708610,82.940533,40.354305,41.470266,61370,54170,0.045455,543.000000,0.000000,40.000000,1.614244,1.659981
0,-0.000000,0.090909,0.080000,203.963443,0.068949,3880.468750,471.510000,73.554067,89.901936,36.777034,44.950968,33260,28430,0.090909,205.000000,0.000000,35.000000,7.226764,1.798044
0,-0.000000,0.250000,0.166667,0.000000,0.048927,284.930556,341.360000,74.399086,91.225456,37.199543,45.612728,50580,10,0.250000,1191.000000,0.000000,35.000000,1.487982,1.824513
0,0.000000,0.166667,0.166667,203.937512,0.048927,3710.500000,341.360000,72.138747,91.225456,36.069374,45.612728,60440,33260,0.166667,205.000000,0.000000,35.000000,7.198455,1.824513
0,-0.000000,0.133333,0.080000,0.000000,0.068949,375.030556,471.510000,74.271458,89.901936,37.135729,44.950968,18570,10,0.133333,1191.000000,0.000000,35.000000,1.485429,1.798044
0,0.000000,1.000000,1.000000,2.659975,0.161516,20025.000000,1300.000000,62.500000,91.071354,31.250000,45.535677,74630,10,1.000000,420.000000,0.000000,30.000000,1.250177,1.821437
0,0.000000,1.000000,1.000000,2.659975,0.161516,20025.000000,1300.000000,62.500000,91.071354,31.250000,45.535677,52850,10,1.000000,420.000000,0.000000,30.000000,1.250177,1.821437
0,-0.000000,0.066667,0.058824,2.451738,0.059351,1235.405386,499.160494,85.023806,50.000000,42.511903,25.000000,47680,16480,0.066667,1384.000000,0.000000,40.000000,1.762679,0.000000
0,-0.000000,0.066667,0.058824,2.451738,0.059351,1235.405386,499.160494,85.023806,50.000000,42.511903,25.000000,16480,11210,0.066667,1384.000000,0.000000,40.000000,1.762679,0.000000
0,-0.000000,0.400000,0.529412,0.307387,0.159540,1797.750000,1302.328125,79.743455,41.162775,39.871727,20.581388,46990,8510,0.666667,2181.000000,0.000000,35.000000,1.594895,0.000000
0,-0.000000,0.066667,0.058824,2.451738,0.059351,1235.405386,499.160494,85.023806,50.000000,42.511903,25.000000,32560,16480,0.066667,1384.000000,0.000000,40.000000,1.762679,0.000000
0,-0.000000,0.066667,0.058824,2.451738,0.059351,1235.405386,499.160494,85.023806,50.000000,42.511903,25.000000,43450,16480,0.066667,1384.000000,0.000000,40.000000,1.762679,0.000000
0,0.000000,0.058824,0.058824,0.028784,0.004422,220.084152,49.612847,83.990373,42.941176,41.995187,21.470588,58240,21150,0.058824,917.000000,0.000000,40.000000,1.679809,0.000000
0,0.000000,0.200000,0.200000,0.001385,0.000000,36.800000,12.800000,48.665856,42.000000,24.332928,21.000000,4190,10,0.200000,484.000000,0.000000,20.000000,0.973317,0.000000
0,0.000000,0.454545,0.454545,0.928667,0.000000,55.693333,40.333333,83.137878,42.326700,41.568939,21.163350,25890,3280,0.454545,157.000000,0.000000,40.000000,1.673414,0.000000
0,-0.000000,0.100000,0.090909,0.021525,0.000000,200.987654,151.859504,48.809524,41.999844,24.404762,20.999922,26380,10,0.100000,484.000000,0.000000,20.000000,0.976192,0.000000
0,0.000000,0.666667,0.666667,0.018688,0.000000,204.000000,180.000000,46.666664,41.592471,23.333332,20.796236,13240,10,0.666667,484.000000,0.000000,20.000000,0.933334,0.000000
0,-0.000094,0.250000,0.117647,0.208470,0.000000,1148.306122,704.770408,80.263486,75.219355,40.131743,37.609677,27980,10640,0.250000,2446.000000,0.000000,40.000000,1.605289,1.504387
0,0.000000,0.157895,0.384615,1.395960,0.000000,84.380401,971.442500,79.334898,83.698787,39.667449,41.849393,46780,45840,0.500000,2120.000000,0.000000,35.000000,1.608428,1.673976
0,0.000000,0.777778,0.800000,0.003801,0.000000,52.581198,71.442500,58.112873,42.821315,29.056437,21.410657,52200,10,0.800000,1578.000000,0.000000,25.000000,1.162258,0.000000
0,-0.000000,0.111111,0.100000,0.105183,0.000000,787.484375,1302.328125,83.745236,41.038618,41.872618,20.519309,59630,6050,0.111111,974.000000,0.000000,40.000000,1.674912,0.000000
0,0.000000,0.166667,0.166667,0.428538,0.000000,31.312500,16.000000,84.041071,42.500000,42.020535,21.250000,27950,3640,0.166667,1215.000000,0.000000,40.000000,1.686560,0.000000
0,0.000000,0.625000,0.600000,0.004176,0.000000,35.312500,900.000000,55.788260,40.877472,27.894130,20.438736,51260,10,0.625000,1578.000000,0.000000,25.000000,1.115766,0.000000
0,-0.000000,0.111111,0.100000,0.022497,0.000000,177.875000,225.333333,54.575531,41.666667,27.287766,20.833333,8630,10,0.111111,1578.000000,0.000000,25.000000,1.091512,0.000000
0,-0.000000,0.222222,0.200000,0.001606,0.000000,30.672500,43.555556,59.333325,42.366146,29.666662,21.183073,10130,10,0.222222,1578.000000,0.000000,25.000000,1.186667,0.000000
0,-0.000000,0.222222,0.200000,0.549951,0.000000,70.981941,55.536941,85.942325,41.454011,42.971162,20.727005,53770,13760,0.222222,203.000000,0.000000,40.000000,1.721545,0.000000
0,0.000000,1.000000,1.000000,14.099512,0.000000,338.000000,0.000000,78.825791,0.000000,39.412895,0.000000,21430,10850,1.000000,2722.000000,0.000000,35.000000,1.902551,0.000000
0,0.000000,0.250000,0.250000,13.615351,0.000000,2427.621302,4000.000000,80.285724,82.875295,40.142862,41.437647,52440,22320,0.250000,464.000000,0.000000,40.000000,1.644080,1.657506
0,-0.000000,0.083333,0.076923,13.642155,0.000000,2704.621302,4250.250000,90.285724,90.884706,45.142862,45.442353,57390,52440,0.083333,464.000000,0.000000,45.000000,1.844082,1.817694
0,-0.000000,0.250000,0.230769,3.331750,0.000000,1196.611111,2293.050000,94.253416,100.000000,47.126708,50.000000,55270,54060,0.250000,676.000000,0.000000,45.000000,1.902955,2.000000
0,-0.000000,0.083333,0.076923,3.257439,0.000000,613.480000,875.583333,86.107343,91.666667,43.053672,45.833333,55270,17850,0.083333,676.000000,0.000000,40.000000,1.740028,1.833333
0,-0.000000,0.250000,0.230769,3.331750,0.000000,1196.611111,2293.050000,94.253416,100.000000,47.126708,50.000000,65200,53100,0.250000,676.000000,0.000000,45.000000,1.902955,2.000000
0,-0.000000,0.031250,0.027778,0.155065,0.000000,1254.505089,2165.947929,92.105269,91.418277,46.052635,45.709138,58410,57460,0.031250,336.000000,0.000000,45.000000,1.842115,1.828366
0,-0.000000,0.250000,0.230769,3.331750,0.000000,1196.611111,2293.050000,94.253416,100.000000,47.126708,50.000000,55270,53100,0.250000,676.000000,0.000000,45.000000,1.902955,2.000000
0,-0.000000,0.145833,0.466667,13.727090,0.000000,3318.845302,5242.800000,90.285724,90.884706,45.142862,45.442353,56180,52440,0.500000,464.000000,0.000000,45.000000,1.844087,1.817694
0,-0.000000,0.145833,0.466667,13.727090,0.000000,3318.845302,5242.800000,90.285724,90.884706,45.142862,45.442353,55220,52440,0.500000,464.000000,0.000000,45.000000,1.844087,1.817694
0,-0.000000,0.062500,0.055556,1.289904,0.000000,1250.384036,1868.133333,82.178848,91.666667,41.089424,45.833333,49710,13500,0.062500,1111.000000,0.000000,40.000000,1.644345,1.833333
0,-0.000000,0.083333,0.076923,13.642155,0.000000,2704.621302,4250.250000,90.285724,90.884706,45.142862,45.442353,67320,52440,0.083333,464.000000,0.000000,45.000000,1.844082,1.817694
0,-0.000000,0.083333,0.076923,3.257439,0.000000,613.480000,875.583333,86.107343,91.666667,43.053672,45.833333,65200,17850,0.083333,676.000000,0.000000,40.000000,1.740028,1.833333
0,-0.000000,0.031250,0.027778,0.155065,0.000000,1254.505089,2165.947929,92.105269,91.418277,46.052635,45.709138,58410,56500,0.031250,336.000000,0.000000,45.000000,1.842115,1.828366
0,0.000000,0.500000,0.500000,1.261482,0.000000,1049.424036,2042.800000,80.360033,91.990589,40.180016,45.995294,49710,15850,0.500000,1111.000000,0.000000,40.000000,1.607966,1.839812
0,-0.000000,0.125000,0.055556,0.129199,0.000000,797.656805,1868.133333,49.103736,91.666667,24.551868,45.833333,35260,10,0.125000,2460.000000,0.000000,20.000000,0.982085,1.833333
0,-0.000000,0.250000,0.230769,3.331750,0.000000,1196.611111,2293.050000,94.253416,100.000000,47.126708,50.000000,65200,54060,0.250000,676.000000,0.000000,45.000000,1.902955,2.000000
0,0.000000,0.500000,0.500000,0.167311,0.000000,1008.592593,2042.800000,40.952473,91.990589,20.476236,45.995294,32910,10,0.500000,2695.000000,0.000000,20.000000,0.819063,1.839812
0,0.000000,0.111111,0.111111,0.359753,0.000000,514.472994,963.791111,90.059574,91.592332,45.029787,45.796166,24980,12080,0.111111,85.000000,0.000000,45.000000,1.804139,1.831847
0,-0.000000,0.357143,0.172414,8.625205,0.000000,2699.280992,1018.791111,89.798980,69.135420,44.899490,34.567710,39680,32400,0.357143,2990.000000,0.000000,40.000000,1.846880,1.382708
0,-0.000000,0.125000,0.172414,0.240514,0.000000,1818.333333,1018.791111,86.683317,69.135420,43.341659,34.567710,43760,10,0.250000,2582.000000,0.000000,40.000000,1.733687,1.382708
0,-0.000000,0.074074,0.103448,0.110329,0.000000,843.480517,371.442500,84.665383,61.763587,42.332692,30.881793,59630,58240,0.107143,995.000000,0.000000,40.000000,1.693315,1.235272
0,0.000000,0.111111,0.111111,0.359753,0.000000,514.472994,963.791111,90.059574,91.592332,45.029787,45.796166,46330,12080,0.111111,85.000000,0.000000,45.000000,1.804139,1.831847
0,0.000000,0.111111,0.111111,0.359753,0.000000,514.472994,963.791111,90.059574,91.592332,45.029787,45.796166,61450,12080,0.111111,85.000000,0.000000,45.000000,1.804139,1.831847
0,0.000000,0.111111,0.111111,0.359753,0.000000,514.472994,963.791111,90.059574,91.592332,45.029787,45.796166,57220,12080,0.111111,85.000000,0.000000,45.000000,1.804139,1.831847
0,0.000000,0.666667,0.666667,0.460185,0.000000,1317.640625,545.000000,80.986145,60.727752,40.493073,30.363876,68730,12080,0.666667,85.000000,0.000000,40.000000,1.622677,1.214555
0,-0.000000,0.357143,0.172414,8.625205,0.000000,2699.280992,1018.791111,89.798980,69.135420,44.899490,34.567710,39680,17280,0.357143,2990.000000,0.000000,40.000000,1.846880,1.382708
0,-0.000000,0.263158,0.142857,0.000000,0.000000,1348.907778,3975.000000,74.467800,59.114957,37.233900,29.557479,67230,10,0.263158,235.000000,0.000000,35.000000,1.489356,1.182299
0,-0.000000,0.357143,0.172414,8.625205,0.000000,2699.280992,1018.791111,89.798980,69.135420,44.899490,34.567710,39680,28170,0.357143,2990.000000,0.000000,40.000000,1.846880,1.382708
0,0.000000,0.055556,0.055556,6.120639,0.187721,1456.333333,1368.236686,80.471355,82.806030,40.235678,41.403015,46790,10430,0.055556,459.000000,0.000000,40.000000,1.672626,1.656133
0,0.000000,0.400000,0.400000,0.000000,0.053910,275.750000,616.000000,89.830276,82.500000,44.915138,41.250000,16590,10,0.400000,1501.000000,0.000000,40.000000,1.796606,1.650002
0,0.000000,0.400000,0.400000,5.953399,0.002951,293.133333,28.800000,82.588427,84.500000,41.294214,42.250000,10430,5010,0.400000,459.000000,0.000000,40.000000,1.714956,1.690000
0,0.000000,0.333333,0.333333,5.969146,0.019013,423.693333,167.859504,82.544242,84.364120,41.272121,42.182060,27200,10430,0.333333,459.000000,0.000000,40.000000,1.714073,1.687283
0,-0.000000,0.600000,0.285714,5.957053,0.000000,2199.555556,41334.000000,79.692066,39.932114,39.846033,19.966057,45070,21750,0.600000,1467.000000,0.000000,35.000000,1.842613,0.000000
0,0.000000,1.000000,0.711111,0.003896,0.000000,51.312500,216.320000,54.448108,41.863117,27.224054,20.931559,5780,10,1.000000,5066.000000,0.000000,25.000000,1.088963,0.000000
0,-0.000000,0.062500,0.055556,8.661621,0.000000,442.572485,863.680000,91.474665,90.147785,45.737333,45.073892,52910,31160,0.062500,353.000000,0.000000,45.000000,1.923911,1.802956
0,-0.000000,0.333333,0.285714,0.005010,0.000000,55.599174,1184.320000,43.571428,73.900718,21.785714,36.950359,50820,10,0.333333,562.000000,0.000000,20.000000,0.871429,1.478014
0,-0.000011,0.031250,0.022222,2.343265,0.000000,15833.349174,2027.131224,93.571385,91.051435,46.785692,45.525718,49260,40650,0.031250,718.000000,0.000000,45.000000,1.871601,1.821029
0,-0.000000,0.062500,0.055556,8.661621,0.000000,442.572485,863.680000,91.474665,90.147785,45.737333,45.073892,54350,52910,0.062500,353.000000,0.000000,45.000000,1.923911,1.802956
0,-0.000000,0.111111,0.100000,0.020211,0.000000,144.666667,152.444444,81.843648,39.999601,40.921824,19.999801,45140,16990,0.111111,553.000000,0.000000,40.000000,1.636874,0.000000
0,0.000000,0.200000,0.200000,170.188891,0.000000,2389.950617,2304.000000,81.503816,50.000000,40.751908,25.000000,49780,15590,0.200000,89.000000,0.000000,40.000000,7.914902,0.000000
0,-0.000033,0.062500,0.066667,2.348691,0.000000,15869.915289,1810.811224,90.950768,49.188318,45.475384,24.594159,43490,40650,0.090909,718.000000,0.000000,45.000000,1.819189,0.000000
0,-0.000000,0.666667,0.571429,0.009342,0.000000,85.686200,968.000000,41.857197,32.037600,20.928598,16.018800,45050,10,0.666667,562.000000,0.000000,20.000000,0.837145,0.000000
0,-0.000000,0.058824,0.050000,0.000000,0.000000,279.154729,420.507500,80.715086,82.675901,40.357543,41.337951,49380,10,0.058824,706.000000,0.000000,40.000000,1.614302,1.653518
0,-0.000000,0.250000,0.222222,8.666169,0.000000,476.065200,647.360000,90.267554,48.284668,45.133777,24.142334,54350,47140,0.250000,353.000000,0.000000,45.000000,1.899769,0.000000
0,-0.000000,0.250000,0.222222,8.666169,0.000000,476.065200,647.360000,90.267554,48.284668,45.133777,24.142334,47140,42420,0.250000,353.000000,0.000000,45.000000,1.899769,0.000000
0,-0.000000,0.052632,0.041667,0.083305,0.000000,619.281270,1678.840000,81.428446,40.899452,40.714223,20.449726,43630,41320,0.052632,935.000000,0.000000,40.000000,1.628575,0.000000
0,0.000000,0.051282,0.054054,0.014302,0.000000,127.043388,71.442500,83.520851,42.445600,41.760426,21.222800,65950,48000,0.054054,267.000000,0.000000,40.000000,1.670418,0.000000
0,-0.000000,0.062500,0.055556,8.661621,0.000000,442.572485,863.680000,91.474665,90.147785,45.737333,45.073892,52910,42420,0.062500,353.000000,0.000000,45.000000,1.923911,1.802956
0,-0.000000,0.142857,0.111111,0.149866,0.000000,943.315200,2312.000000,80.604713,39.747103,40.302357,19.873552,46920,12360,0.142857,375.000000,0.000000,40.000000,1.612106,0.000000
0,0.000000,0.666667,0.666667,0.008601,0.000000,91.510204,32.000000,52.534084,41.289733,26.267042,20.644867,49310,10,0.666667,136.000000,0.000000,25.000000,1.050682,0.000000
0,0.000000,0.133333,0.133333,0.006794,0.000000,75.530204,248.320000,54.125548,83.152851,27.062774,41.576425,55080,10,0.133333,136.000000,0.000000,25.000000,1.082511,1.663057
0,-0.000000,0.250000,0.222222,8.666169,0.000000,476.065200,647.360000,90.267554,48.284668,45.133777,24.142334,47140,31160,0.250000,353.000000,0.000000,45.000000,1.899769,0.000000
0,-0.000000,0.235294,0.250000,0.000000,0.000000,315.720845,204.187500,78.336608,40.812784,39.168304,20.406392,43610,10,0.263158,706.000000,0.000000,35.000000,1.566732,0.000000
0,-0.000033,0.062500,0.066667,2.348691,0.000000,15869.915289,1810.811224,90.950768,49.188318,45.475384,24.594159,49430,43490,0.090909,718.000000,0.000000,45.000000,1.819189,0.000000
0,-0.000000,0.250000,0.222222,8.666169,0.000000,476.065200,647.360000,90.267554,48.284668,45.133777,24.142334,47140,11130,0.250000,353.000000,0.000000,45.000000,1.899769,0.000000
0,-0.000011,0.031250,0.022222,2.343265,0.000000,15833.349174,2027.131224,93.571385,91.051435,46.785692,45.525718,49430,49260,0.031250,718.000000,0.000000,45.000000,1.871601,1.821029
0,-0.000000,0.125000,0.200000,0.048567,0.000000,273.500000,2304.000000,38.612742,50.000000,19.306371,25.000000,18490,10,0.285714,3218.000000,0.000000,15.000000,0.772259,0.000000
0,-0.000000,0.062500,0.055556,8.661621,0.000000,442.572485,863.680000,91.474665,90.147785,45.737333,45.073892,52910,11130,0.062500,353.000000,0.000000,45.000000,1.923911,1.802956
0,0.000000,0.285714,0.666667,0.000000,0.000000,15977.244898,99.187500,71.335780,41.653798,35.667890,20.826899,32770,10,0.666667,468.000000,0.000000,35.000000,1.426716,0.000000
0,0.000000,0.166667,0.166667,11.813161,0.000000,187.371901,177.443787,78.697338,39.854775,39.348669,19.927387,55290,35530,0.166667,192.000000,0.000000,35.000000,1.981003,0.000000
0,-0.000000,0.111111,0.200000,0.040443,0.206696,257.312500,1514.787407,89.999993,90.666660,44.999997,45.333330,36080,15870,0.250000,3324.000000,0.000000,40.000000,1.800003,1.813347
0,-0.000000,0.111111,0.200000,0.040443,0.206696,257.312500,1514.787407,89.999993,90.666660,44.999997,45.333330,45800,36080,0.250000,3324.000000,0.000000,40.000000,1.800003,1.813347
0,0.000000,0.222222,0.800000,0.000000,0.000000,571.750000,100.000000,100.000000,50.000000,50.000000,25.000000,25390,10,0.800000,1564.000000,0.000000,50.000000,2.000000,0.000000
0,0.000000,0.222222,0.800000,0.000000,0.000000,571.750000,100.000000,100.000000,50.000000,50.000000,25.000000,22440,10,0.800000,1564.000000,0.000000,50.000000,2.000000,0.000000
0,0.000000,0.074074,0.074074,96.499245,0.102597,2584.620909,704.650000,79.379195,90.378758,39.689598,45.189379,37080,32250,0.074074,24.000000,0.000000,35.000000,3.692836,1.807583
0,0.000000,0.214286,0.352941,0.004918,0.050720,144.222318,382.201633,100.000000,100.000000,50.000000,50.000000,57940,10,0.352941,210.000000,0.000000,50.000000,2.000000,2.000004
0,0.000000,0.166667,0.166667,96.456560,0.060150,2307.090909,427.120000,80.425297,91.249849,40.212648,45.624924,64260,13690,0.166667,24.000000,0.000000,40.000000,3.713755,1.825001
0,0.000000,0.166667,0.166667,96.456560,0.060150,2307.090909,427.120000,80.425297,91.249849,40.212648,45.624924,64260,37080,0.166667,24.000000,0.000000,40.000000,3.713755,1.825001
0,0.000000,0.074074,0.074074,96.499245,0.102597,2584.620909,704.650000,79.379195,90.378758,39.689598,45.189379,32250,13690,0.074074,24.000000,0.000000,35.000000,3.692836,1.807583
0,-0.000000,0.080000,0.074074,0.033526,0.102597,300.122318,704.650000,89.706234,90.378758,44.853117,45.189379,30390,10,0.080000,210.000000,0.000000,40.000000,1.794127,1.807583
0,0.000207,0.214286,0.352941,203.928605,0.050720,3684.750000,382.201633,85.294262,100.000000,42.647131,50.000000,68500,33260,0.352941,406.000000,0.000000,40.000000,7.461565,2.000004
0,0.000207,0.200000,0.352941,0.000000,0.050720,216.512188,382.201633,83.276224,100.000000,41.638112,50.000000,46120,10,0.352941,1392.000000,0.000000,40.000000,1.665524,2.000004
0,0.000207,0.200000,0.352941,0.000000,0.050720,216.512188,382.201633,83.276224,100.000000,41.638112,50.000000,58640,10,0.352941,1392.000000,0.000000,40.000000,1.665524,2.000004
0,0.000207,0.214286,0.352941,203.928605,0.050720,3684.750000,382.201633,85.294262,100.000000,42.647131,50.000000,55980,33260,0.352941,406.000000,0.000000,40.000000,7.461565,2.000004
0,0.000000,0.214286,0.352941,0.004918,0.050720,144.222318,382.201633,100.000000,100.000000,50.000000,50.000000,70460,10,0.352941,210.000000,0.000000,50.000000,2.000000,2.000004
0,0.000000,0.166667,0.166667,0.013455,0.060150,169.972318,427.120000,91.219175,91.249849,45.609588,45.624924,62400,10,0.166667,210.000000,0.000000,45.000000,1.824384,1.825001
0,-0.000000,0.142857,0.033333,168.088741,0.000000,1738.827160,740.333333,77.202237,91.691223,38.601119,45.845612,41130,11030,0.142857,1773.000000,0.000000,35.000000,9.883568,1.833824
0,-0.000000,0.333333,0.200000,0.073438,0.000000,620.830450,1212.000000,90.000000,89.992787,45.000000,44.996393,42380,19750,0.333333,559.000000,0.000000,40.000000,1.800004,1.799856
0,-0.000000,0.041667,0.038462,0.070615,0.000000,548.685836,811.076923,98.944195,100.000000,49.472098,50.000000,40890,31760,0.041667,708.000000,0.000000,45.000000,1.978888,2.000000
0,-0.000000,0.333333,0.285714,0.077499,0.000000,625.795918,761.250000,60.000000,95.592471,30.000000,47.796236,17570,10,0.333333,905.000000,0.000000,25.000000,1.200005,1.911849
0,-0.000000,0.400000,0.333333,0.299232,0.000000,2053.200000,825.000000,90.000000,90.000000,45.000000,45.000000,31790,28270,0.400000,1618.000000,0.000000,40.000000,1.800022,1.800000
0,-0.000000,0.125000,0.045455,69.302524,0.000000,1050.347222,2000.500000,87.030470,90.913978,43.515235,45.456989,31380,21750,0.125000,3171.000000,0.000000,40.000000,4.534989,1.818280
0,-0.000000,0.142857,0.033333,168.088741,0.000000,1738.827160,740.333333,77.202237,91.691223,38.601119,45.845612,45360,11030,0.142857,1773.000000,0.000000,35.000000,9.883568,1.833824
0,-0.000000,0.142857,0.033333,168.088741,0.000000,1738.827160,740.333333,77.202237,91.691223,38.601119,45.845612,30240,11030,0.142857,1773.000000,0.000000,35.000000,9.883568,1.833824
0,-0.000000,0.041667,0.038462,0.070615,0.000000,548.685836,811.076923,98.944195,100.000000,49.472098,50.000000,51780,34050,0.041667,708.000000,0.000000,45.000000,1.978888,2.000000
0,-0.000000,0.041667,0.038462,0.070615,0.000000,548.685836,811.076923,98.944195,100.000000,49.472098,50.000000,31760,19540,0.041667,708.000000,0.000000,45.000000,1.978888,2.000000
0,-0.000000,0.041667,0.038462,0.070615,0.000000,548.685836,811.076923,98.944195,100.000000,49.472098,50.000000,51780,36960,0.041667,708.000000,0.000000,45.000000,1.978888,2.000000
0,-0.000000,0.071429,0.047619,9.973454,0.000000,57885.607438,1777.476562,88.918374,90.769224,44.459187,45.384612,44860,31880,0.071429,1609.000000,0.000000,40.000000,1.779227,1.815384
0,-0.000000,0.080000,0.045455,0.268825,0.000000,1979.022222,2000.500000,86.336514,90.913978,43.168257,45.456989,26850,10,0.086957,2661.000000,0.000000,40.000000,1.726754,1.818280
0,-0.000000,0.333333,0.285714,0.077499,0.000000,625.795918,761.250000,60.000000,95.592471,30.000000,47.796236,49810,10,0.333333,905.000000,0.000000,25.000000,1.200005,1.911849
0,-0.000000,0.041667,0.038462,0.070615,0.000000,548.685836,811.076923,98.944195,100.000000,49.472098,50.000000,56010,36960,0.041667,708.000000,0.000000,45.000000,1.978888,2.000000
0,-0.000000,0.041667,0.038462,0.070615,0.000000,548.685836,811.076923,98.944195,100.000000,49.472098,50.000000,56010,34760,0.041667,708.000000,0.000000,45.000000,1.978888,2.000000
0,-0.000000,0.333333,0.200000,0.073438,0.000000,620.830450,1212.000000,90.000000,89.992787,45.000000,44.996393,57500,19750,0.333333,559.000000,0.000000,40.000000,1.800004,1.799856
0,-0.000000,0.333333,0.285714,0.077499,0.000000,625.795918,761.250000,60.000000,95.592471,30.000000,47.796236,38920,10,0.333333,905.000000,0.000000,25.000000,1.200005,1.911849
0,-0.000000,0.041667,0.038462,0.070615,0.000000,548.685836,811.076923,98.944195,100.000000,49.472098,50.000000,40890,36960,0.041667,708.000000,0.000000,45.000000,1.978888,2.000000
0,-0.000000,0.041667,0.038462,0.070615,0.000000,548.685836,811.076923,98.944195,100.000000,49.472098,50.000000,40890,26590,0.041667,708.000000,0.000000,45.000000,1.978888,2.000000
0,0.000000,0.111111,0.111111,0.937419,0.000000,514.472994,715.312500,92.000000,94.000000,46.000000,47.000000,57650,8580,0.111111,121.000000,0.000000,45.000000,1.865202,1.880000
0,0.000000,0.111111,0.111111,0.937419,0.000000,514.472994,715.312500,92.000000,94.000000,46.000000,47.000000,25410,8580,0.111111,121.000000,0.000000,45.000000,1.865202,1.880000
0,-0.000000,0.041667,0.038462,0.070615,0.000000,548.685836,811.076923,98.944195,100.000000,49.472098,50.000000,26590,19540,0.041667,708.000000,0.000000,45.000000,1.978888,2.000000
0,-0.000000,0.041667,0.038462,0.070615,0.000000,548.685836,811.076923,98.944195,100.000000,49.472098,50.000000,52840,40890,0.041667,708.000000,0.000000,45.000000,1.978888,2.000000
0,-0.000000,0.105263,0.068966,0.725166,0.000000,6310.777778,6901.562500,89.999731,90.022581,44.999866,45.011291,56980,35560,0.105263,1241.000000,0.000000,40.000000,1.800037,1.800452
0,-0.000000,0.041667,0.038462,0.070615,0.000000,548.685836,811.076923,98.944195,100.000000,49.472098,50.000000,40890,34760,0.041667,708.000000,0.000000,45.000000,1.978888,2.000000
0,-0.000000,0.041667,0.038462,0.070615,0.000000,548.685836,811.076923,98.944195,100.000000,49.472098,50.000000,34760,19540,0.041667,708.000000,0.000000,45.000000,1.978888,2.000000
0,0.000000,0.040000,0.040000,0.088771,0.000000,759.690519,740.899408,92.499309,92.499880,46.249654,46.249940,62400,10720,0.040000,69.000000,0.000000,45.000000,1.849991,1.849998
0,-0.000000,0.153846,0.045455,0.022112,0.000000,112.888889,2000.500000,89.999999,90.913978,45.000000,45.456989,20440,15040,0.153846,3842.000000,0.000000,40.000000,1.800002,1.818280
0,-0.000000,0.071429,0.047619,9.973454,0.000000,57885.607438,1777.476562,88.918374,90.769224,44.459187,45.384612,44860,42770,0.071429,1609.000000,0.000000,40.000000,1.779227,1.815384
0,-0.000000,0.400000,0.333333,0.299232,0.000000,2053.200000,825.000000,90.000000,90.000000,45.000000,45.000000,42680,28270,0.400000,1618.000000,0.000000,40.000000,1.800022,1.800000
0,-0.000000,0.041667,0.038462,0.070615,0.000000,548.685836,811.076923,98.944195,100.000000,49.472098,50.000000,40890,34050,0.041667,708.000000,0.000000,45.000000,1.978888,2.000000
0,0.000000,0.111111,0.111111,0.937419,0.000000,514.472994,715.312500,92.000000,94.000000,46.000000,47.000000,46760,8580,0.111111,121.000000,0.000000,45.000000,1.865202,1.880000
0,-0.000000,0.041667,0.038462,0.070615,0.000000,548.685836,811.076923,98.944195,100.000000,49.472098,50.000000,51780,31760,0.041667,708.000000,0.000000,45.000000,1.978888,2.000000
0,0.000000,0.040000,0.040000,0.088771,0.000000,759.690519,740.899408,92.499309,92.499880,46.249654,46.249940,25930,10720,0.040000,69.000000,0.000000,45.000000,1.849991,1.849998
0,-0.000000,0.105263,0.068966,0.725166,0.000000,6310.777778,6901.562500,89.999731,90.022581,44.999866,45.011291,56980,50680,0.105263,1241.000000,0.000000,40.000000,1.800037,1.800452
0,-0.000000,0.041667,0.038462,0.070615,0.000000,548.685836,811.076923,98.944195,100.000000,49.472098,50.000000,36960,19540,0.041667,708.000000,0.000000,45.000000,1.978888,2.000000
0,-0.000000,0.041667,0.038462,0.070615,0.000000,548.685836,811.076923,98.944195,100.000000,49.472098,50.000000,34050,19540,0.041667,708.000000,0.000000,45.000000,1.978888,2.000000
0,0.000000,0.040000,0.040000,0.088771,0.000000,759.690519,740.899408,92.499309,92.499880,46.249654,46.249940,58170,10720,0.040000,69.000000,0.000000,45.000000,1.849991,1.849998
0,-0.000000,0.041667,0.038462,0.070615,0.000000,548.685836,811.076923,98.944195,100.000000,49.472098,50.000000,56010,26590,0.041667,708.000000,0.000000,45.000000,1.978888,2.000000
0,-0.000000,0.041667,0.038462,0.070615,0.000000,548.685836,811.076923,98.944195,100.000000,49.472098,50.000000,56010,34050,0.041667,708.000000,0.000000,45.000000,1.978888,2.000000
0,-0.000000,0.333333,0.200000,0.073438,0.000000,620.830450,1212.000000,90.000000,89.992787,45.000000,44.996393,53270,19750,0.333333,559.000000,0.000000,40.000000,1.800004,1.799856
0,-0.000000,0.400000,0.333333,0.299232,0.000000,2053.200000,825.000000,90.000000,90.000000,45.000000,45.000000,28270,10440,0.400000,1618.000000,0.000000,40.000000,1.800022,1.800000
0,-0.000000,0.333333,0.285714,0.077499,0.000000,625.795918,761.250000,60.000000,95.592471,30.000000,47.796236,54040,10,0.333333,905.000000,0.000000,25.000000,1.200005,1.911849
0,-0.000000,0.071429,0.047619,9.973454,0.000000,57885.607438,1777.476562,88.918374,90.769224,44.459187,45.384612,44860,10530,0.071429,1609.000000,0.000000,40.000000,1.779227,1.815384
0,-0.000000,0.041667,0.038462,0.070615,0.000000,548.685836,811.076923,98.944195,100.000000,49.472098,50.000000,52840,19540,0.041667,708.000000,0.000000,45.000000,1.978888,2.000000
0,-0.000000,0.041667,0.038462,0.070615,0.000000,548.685836,811.076923,98.944195,100.000000,49.472098,50.000000,51780,34760,0.041667,708.000000,0.000000,45.000000,1.978888,2.000000
0,-0.000000,0.041667,0.038462,0.070615,0.000000,548.685836,811.076923,98.944195,100.000000,49.472098,50.000000,56010,31760,0.041667,708.000000,0.000000,45.000000,1.978888,2.000000
0,-0.000000,0.105263,0.068966,0.725166,0.000000,6310.777778,6901.562500,89.999731,90.022581,44.999866,45.011291,56980,14210,0.105263,1241.000000,0.000000,40.000000,1.800037,1.800452
0,-0.000000,0.153846,0.045455,0.022112,0.000000,112.888889,2000.500000,89.999999,90.913978,45.000000,45.456989,15040,9550,0.153846,3842.000000,0.000000,40.000000,1.800002,1.818280
0,0.000000,0.111111,0.111111,0.937419,0.000000,514.472994,715.312500,92.000000,94.000000,46.000000,47.000000,61880,8580,0.111111,121.000000,0.000000,45.000000,1.865202,1.880000
0,0.000000,0.040000,0.040000,0.088771,0.000000,759.690519,740.899408,92.499309,92.499880,46.249654,46.249940,47280,10720,0.040000,69.000000,0.000000,45.000000,1.849991,1.849998
0,-0.000000,0.105263,0.068966,0.725166,0.000000,6310.777778,6901.562500,89.999731,90.022581,44.999866,45.011291,56980,46450,0.105263,1241.000000,0.000000,40.000000,1.800037,1.800452
0,-0.000000,0.400000,0.333333,0.299232,0.000000,2053.200000,825.000000,90.000000,90.000000,45.000000,45.000000,46910,28270,0.400000,1618.000000,0.000000,40.000000,1.800022,1.800000
0,-0.000000,0.071429,0.047619,9.973454,0.000000,57885.607438,1777.476562,88.918374,90.769224,44.459187,45.384612,47000,44860,0.071429,1609.000000,0.000000,40.000000,1.779227,1.815384
0,-0.000000,0.041667,0.038462,0.070615,0.000000,548.685836,811.076923,98.944195,100.000000,49.472098,50.000000,56010,52840,0.041667,708.000000,0.000000,45.000000,1.978888,2.000000
0,-0.000000,0.500000,0.033333,0.001426,0.000000,442.222222,740.333333,87.044784,91.691223,43.522392,45.845612,2150,10,0.500000,2661.000000,0.000000,40.000000,1.740896,1.833824
0,-0.000000,0.333333,0.200000,0.073438,0.000000,620.830450,1212.000000,90.000000,89.992787,45.000000,44.996393,21030,19750,0.333333,559.000000,0.000000,40.000000,1.800004,1.799856
0,-0.000000,0.041667,0.038462,0.070615,0.000000,548.685836,811.076923,98.944195,100.000000,49.472098,50.000000,52840,51780,0.041667,708.000000,0.000000,45.000000,1.978888,2.000000
0,-0.000000,0.041667,0.038462,0.070615,0.000000,548.685836,811.076923,98.944195,100.000000,49.472098,50.000000,51780,26590,0.041667,708.000000,0.000000,45.000000,1.978888,2.000000
0,-0.000031,0.200000,0.161290,0.711284,0.014432,272.691733,119.537778,90.187970,39.582379,45.093985,19.791190,45030,42860,0.200000,1072.000000,0.000000,45.000000,1.805692,0.000000
0,-0.000000,0.038462,0.032258,0.068460,0.248550,482.563113,1890.375000,89.657402,38.095721,44.828701,19.047861,43380,28250,0.038462,1237.000000,0.000000,40.000000,1.793153,0.000000
0,-0.000000,0.038462,0.032258,0.068460,0.248550,482.563113,1890.375000,89.657402,38.095721,44.828701,19.047861,55500,28250,0.038462,1237.000000,0.000000,40.000000,1.793153,0.000000
0,0.000000,0.657143,0.666667,4.600732,0.022191,959.103040,180.000000,100.000000,50.000000,50.000000,25.000000,40440,36840,0.705882,1891.000000,0.000000,50.000000,2.011257,0.000000
0,0.000000,0.153846,0.294118,0.333383,0.002483,1533.555556,28.444444,90.314297,40.884691,45.157149,20.442345,26720,23950,0.384615,4115.000000,0.000000,45.000000,1.806322,0.000000
0,-0.000000,0.193548,0.171429,0.735818,0.066508,452.602431,523.147929,90.288657,41.611301,45.144328,20.805650,51880,45030,0.206897,1072.000000,0.000000,45.000000,1.807707,0.000000
0,-0.000000,0.125000,0.111111,0.698855,0.003643,218.741319,42.666667,91.140396,41.666667,45.570198,20.833333,45030,33990,0.125000,1072.000000,0.000000,45.000000,1.824739,0.000000
0,0.000000,0.657143,0.666667,4.600732,0.022191,959.103040,180.000000,100.000000,50.000000,50.000000,25.000000,39080,36840,0.705882,1891.000000,0.000000,50.000000,2.011257,0.000000
0,-0.000000,0.125000,0.083333,0.043242,0.026803,279.779163,214.074074,91.999086,41.332880,45.999543,20.666440,43380,8140,0.125000,1237.000000,0.000000,45.000000,1.839985,0.000000
0,-0.000000,0.023256,0.032258,0.723126,0.347346,380.858819,2755.102041,90.768265,40.132927,45.384132,20.066463,47220,45030,0.033333,1072.000000,0.000000,45.000000,1.817298,0.000000
0,-0.000000,0.125000,0.111111,0.698855,0.003643,218.741319,42.666667,91.140396,41.666667,45.570198,20.833333,57150,33990,0.125000,1072.000000,0.000000,45.000000,1.824739,0.000000
0,0.000000,1.000000,1.000000,110.175303,0.000000,2000.000000,0.000000,77.657617,0.000000,38.828808,0.000000,15930,3810,1.000000,5194.000000,0.000000,35.000000,5.086281,0.000000
0,0.000000,0.657143,0.666667,4.600732,0.022191,959.103040,180.000000,100.000000,50.000000,50.000000,25.000000,48960,39080,0.705882,1891.000000,0.000000,50.000000,2.011257,0.000000
0,0.000000,0.657143,0.666667,4.600732,0.022191,959.103040,180.000000,100.000000,50.000000,50.000000,25.000000,59910,36840,0.705882,1891.000000,0.000000,50.000000,2.011257,0.000000
0,-0.000031,0.200000,0.161290,0.711284,0.014432,272.691733,119.537778,90.187970,39.582379,45.093985,19.791190,57150,42860,0.200000,1072.000000,0.000000,45.000000,1.805692,0.000000
0,0.000000,0.153846,0.294118,0.333383,0.002483,1533.555556,28.444444,90.314297,40.884691,45.157149,20.442345,23950,14600,0.384615,4115.000000,0.000000,45.000000,1.806322,0.000000
0,-0.000000,0.023256,0.032258,0.723126,0.347346,380.858819,2755.102041,90.768265,40.132927,45.384132,20.066463,57150,47220,0.033333,1072.000000,0.000000,45.000000,1.817298,0.000000
0,-0.000000,0.193548,0.171429,0.735818,0.066508,452.602431,523.147929,90.288657,41.611301,45.144328,20.805650,57150,51880,0.206897,1072.000000,0.000000,45.000000,1.807707,0.000000
0,-0.000000,0.125000,0.083333,0.043242,0.026803,279.779163,214.074074,91.999086,41.332880,45.999543,20.666440,55500,8140,0.125000,1237.000000,0.000000,45.000000,1.839985,0.000000
0,0.000000,0.657143,0.666667,4.600732,0.022191,959.103040,180.000000,100.000000,50.000000,50.000000,25.000000,48960,40440,0.705882,1891.000000,0.000000,50.000000,2.011257,0.000000
0,0.000000,0.657143,0.666667,4.600732,0.022191,959.103040,180.000000,100.000000,50.000000,50.000000,25.000000,59910,48960,0.705882,1891.000000,0.000000,50.000000,2.011257,0.000000
0,0.000000,0.888889,1.000000,0.088418,0.000000,475.312500,0.000000,58.889120,0.000000,29.444560,0.000000,21890,10,1.000000,3881.000000,0.000000,25.000000,1.177791,0.000000
0,-0.000000,0.333333,0.285714,0.071620,0.000000,590.937500,767.795918,79.147797,82.486509,39.573899,41.243255,31920,17160,0.333333,389.000000,0.000000,35.000000,1.582960,1.649730
0,0.000000,0.500000,1.000000,0.000000,0.000000,337.285714,0.000000,85.069714,0.000000,42.534857,0.000000,9090,10,1.000000,6629.000000,0.000000,40.000000,1.701394,0.000000
0,0.000000,0.833333,0.833333,0.010766,0.000000,112.000000,400.000000,62.500006,41.990589,31.250003,20.995294,54160,10,0.833333,1214.000000,0.000000,30.000000,1.250001,0.000000
0,0.000000,0.545455,1.000000,0.918501,0.000000,259.972222,0.000000,86.243610,0.000000,43.121805,0.000000,7700,5280,1.000000,7010.000000,0.000000,40.000000,1.729032,0.000000
0,0.000000,0.833333,0.833333,0.010766,0.000000,112.000000,400.000000,62.500006,41.990589,31.250003,20.995294,69180,10,0.833333,1214.000000,0.000000,30.000000,1.250001,0.000000
0,0.000000,0.545455,1.000000,0.918501,0.000000,259.972222,0.000000,86.243610,0.000000,43.121805,0.000000,11220,7700,1.000000,7010.000000,0.000000,40.000000,1.729032,0.000000
0,0.000000,0.833333,0.833333,0.010766,0.000000,112.000000,400.000000,62.500006,41.990589,31.250003,20.995294,65660,10,0.833333,1214.000000,0.000000,30.000000,1.250001,0.000000
0,0.000000,0.500000,1.000000,0.007108,0.000000,48.788673,0.000000,88.571337,0.000000,44.285669,0.000000,260,10,1.000000,6604.000000,0.000000,40.000000,1.771428,0.000000
0,0.000000,0.500000,1.000000,0.000000,0.000000,337.285714,0.000000,85.069714,0.000000,42.534857,0.000000,11510,10,1.000000,6629.000000,0.000000,40.000000,1.701394,0.000000
0,0.000000,0.500000,1.000000,0.000000,0.000000,337.285714,0.000000,85.069714,0.000000,42.534857,0.000000,15030,10,1.000000,6629.000000,0.000000,40.000000,1.701394,0.000000
0,0.000000,1.000000,1.000000,1.574014,0.000000,2436.000000,0.000000,41.180423,0.000000,20.590211,0.000000,5950,10,1.000000,7537.000000,0.000000,20.000000,0.824125,0.000000
0,0.000000,0.347826,1.000000,1.496204,0.000000,71.912681,0.000000,99.090909,0.000000,49.545455,0.000000,11760,10,1.000000,6604.000000,0.000000,45.000000,2.009517,0.000000
0,0.000000,0.833333,0.833333,0.010766,0.000000,112.000000,400.000000,62.500006,41.990589,31.250003,20.995294,53910,10,0.833333,1214.000000,0.000000,30.000000,1.250001,0.000000
0,0.000000,0.833333,0.833333,0.010766,0.000000,112.000000,400.000000,62.500006,41.990589,31.250003,20.995294,63240,10,0.833333,1214.000000,0.000000,30.000000,1.250001,0.000000
0,0.000000,0.347826,1.000000,1.496204,0.000000,71.912681,0.000000,99.090909,0.000000,49.545455,0.000000,15280,10,1.000000,6604.000000,0.000000,45.000000,2.009517,0.000000
0,0.000000,0.347826,1.000000,1.496204,0.000000,71.912681,0.000000,99.090909,0.000000,49.545455,0.000000,9340,10,1.000000,6604.000000,0.000000,45.000000,2.009517,0.000000
0,0.000000,0.090909,0.090909,0.008330,0.000000,78.229822,216.320000,48.716299,41.679751,24.358149,20.839875,53760,10,0.090909,375.000000,0.000000,20.000000,0.974327,0.000000
0,0.000000,0.727273,0.727273,0.007052,0.000000,68.600000,40.409722,41.825361,37.828266,20.912680,18.914133,4700,10,0.727273,375.000000,0.000000,20.000000,0.836508,0.000000
0,0.000000,0.166667,0.500000,0.002515,0.000000,47.250000,32.670000,39.984372,41.669826,19.992186,20.834913,6040,10,0.500000,2353.000000,0.000000,15.000000,0.799688,0.000000
0,0.000000,0.428571,0.500000,0.032751,0.000000,250.703125,364.635161,39.994787,40.355277,19.997393,20.177638,49540,10,0.500000,2353.000000,0.000000,15.000000,0.799898,0.000000
0,0.000000,0.125000,0.125000,1.397288,0.000000,34.460317,110.016529,68.560154,40.769200,34.280077,20.384600,36240,8920,0.125000,1462.000000,0.000000,30.000000,1.418658,0.000000
0,-0.000000,0.125000,0.095238,0.493294,0.158128,3958.888889,1323.000000,80.714273,74.795256,40.357136,37.397628,34310,24880,0.125000,870.000000,0.000000,40.000000,1.614316,1.495915
0,0.000000,0.800000,0.636364,1.122734,0.056676,116.666667,500.000000,87.500000,90.995294,43.750000,45.497647,57320,10,0.800000,2325.000000,0.000000,40.000000,1.787816,1.819909
0,0.000000,0.250000,0.250000,0.105835,0.057632,898.530612,617.000000,81.903465,89.999997,40.951733,44.999999,44730,19610,0.250000,591.000000,0.000000,40.000000,1.638076,1.800003
0,0.000000,0.250000,0.250000,0.105835,0.057632,898.530612,617.000000,81.903465,89.999997,40.951733,44.999999,74660,19610,0.250000,591.000000,0.000000,40.000000,1.638076,1.800003
0,-0.000000,0.090909,0.142857,0.563649,0.225870,3633.884298,2078.000000,89.999990,89.999800,44.999995,44.999900,59390,20280,0.181818,2118.000000,0.000000,40.000000,1.800044,1.800008
0,0.000000,0.800000,0.636364,1.122734,0.056676,116.666667,500.000000,87.500000,90.995294,43.750000,45.497647,27390,10,0.800000,2325.000000,0.000000,40.000000,1.787816,1.819909
0,-0.000000,0.090909,0.142857,0.563649,0.225870,3633.884298,2078.000000,89.999990,89.999800,44.999995,44.999900,29460,20280,0.181818,2118.000000,0.000000,40.000000,1.800044,1.800008
0,0.000000,1.000000,1.000000,5.147688,0.570762,73.500000,4232.000000,73.333333,35.991424,36.666667,17.995712,27840,10,1.000000,462.000000,0.000000,35.000000,1.834704,0.000000
0,0.000000,0.666667,0.400000,12.465530,0.063383,1024.551020,552.444444,92.488601,91.164367,46.244300,45.582184,28200,2890,0.666667,2183.000000,0.000000,45.000000,1.926784,1.823291
0,0.000000,0.038462,0.038462,14.561629,0.059741,2251.971930,551.859504,86.606141,91.334126,43.303070,45.667063,47540,31870,0.038462,249.000000,0.000000,40.000000,1.782487,1.826686
0,0.000000,0.038462,0.038462,14.561629,0.059741,2251.971930,551.859504,86.606141,91.334126,43.303070,45.667063,56320,31870,0.038462,249.000000,0.000000,40.000000,1.782487,1.826686
0,0.000000,0.214286,0.214286,0.235515,0.045160,1921.612245,417.285714,61.475596,88.475493,30.737798,44.237746,58070,10,0.214286,74.000000,0.000000,30.000000,1.229526,1.769512
0,-0.000000,0.285714,0.222222,0.642522,0.372012,4591.687500,2712.000000,89.998239,91.017859,44.999120,45.508929,52860,12360,0.285714,595.000000,0.000000,40.000000,1.800010,1.820383
0,0.000000,0.027778,0.027778,14.611841,0.107432,2623.260355,923.147929,86.359000,91.307488,43.179500,45.653744,61920,47540,0.027778,249.000000,0.000000,40.000000,1.777548,1.826156
0,-0.000000,0.033333,0.030303,0.332924,0.046666,2528.653333,427.000000,92.495609,92.499999,46.247805,46.249999,55580,27370,0.033333,323.000000,0.000000,45.000000,1.849934,1.850003
0,-0.000000,0.133333,0.181818,0.381953,0.810679,2876.222222,6650.000000,91.111111,89.979812,45.555556,44.989906,55210,45520,0.200000,451.000000,0.000000,45.000000,1.822248,1.799646
0,0.000000,0.027778,0.027778,14.611841,0.107432,2623.260355,923.147929,86.359000,91.307488,43.179500,45.653744,61920,56320,0.027778,249.000000,0.000000,40.000000,1.777548,1.826156
0,-0.000000,0.133333,0.181818,0.381953,0.810679,2876.222222,6650.000000,91.111111,89.979812,45.555556,44.989906,55210,54300,0.200000,451.000000,0.000000,45.000000,1.822248,1.799646
0,0.000000,0.200000,0.200000,4.430827,0.044516,28090.577778,412.800000,55.508555,92.000000,27.754278,46.000000,37870,10,0.200000,1216.000000,0.000000,25.000000,1.110521,1.840002
0,0.000000,0.666667,0.400000,12.465530,0.063383,1024.551020,552.444444,92.488601,91.164367,46.244300,45.582184,36980,2890,0.666667,2183.000000,0.000000,45.000000,1.926784,1.823291
0,0.000000,0.200000,0.200000,4.430827,0.044516,28090.577778,412.800000,55.508555,92.000000,27.754278,46.000000,46650,10,0.200000,1216.000000,0.000000,25.000000,1.110521,1.840002
0,-0.000000,0.074074,0.161290,36.788545,0.057254,3621.017197,519.537778,90.714286,91.232942,45.357143,45.616471,53220,49800,0.172414,559.000000,0.000000,45.000000,2.006732,1.824662
0,-0.000000,0.285714,0.222222,0.642522,0.372012,4591.687500,2712.000000,89.998239,91.017859,44.999120,45.508929,44080,12360,0.285714,595.000000,0.000000,40.000000,1.800010,1.820383
0,0.000000,0.214286,0.214286,0.235515,0.045160,1921.612245,417.285714,61.475596,88.475493,30.737798,44.237746,49290,10,0.214286,74.000000,0.000000,30.000000,1.229526,1.769512
0,-0.000000,0.074074,0.161290,36.788545,0.057254,3621.017197,519.537778,90.714286,91.232942,45.357143,45.616471,49800,44440,0.172414,559.000000,0.000000,45.000000,2.006732,1.824662
0,-0.000000,0.033333,0.030303,0.332924,0.046666,2528.653333,427.000000,92.495609,92.499999,46.247805,46.249999,46800,27370,0.033333,323.000000,0.000000,45.000000,1.849934,1.850003
0,-0.000000,0.074074,0.103448,117.179337,0.000000,3210.530000,1707.183432,83.125030,88.692630,41.562515,44.346315,37480,32650,0.107143,174.000000,0.000000,40.000000,4.081917,1.773853
0,-0.000000,0.266667,0.250000,117.127604,0.000000,2888.081633,1915.812500,92.676499,94.865449,46.338250,47.432724,60200,2270,0.266667,174.000000,0.000000,45.000000,4.272942,1.897309
0,0.000000,0.166667,0.230769,117.137008,0.000000,2933.000000,1470.720000,83.926398,91.249999,41.963199,45.624999,64660,14090,0.230769,174.000000,0.000000,40.000000,4.097941,1.825000
0,0.000000,0.166667,0.230769,117.137008,0.000000,2933.000000,1470.720000,83.926398,91.249999,41.963199,45.624999,64660,37480,0.230769,174.000000,0.000000,40.000000,4.097941,1.825000
0,-0.000000,0.074074,0.103448,117.179337,0.000000,3210.530000,1707.183432,83.125030,88.692630,41.562515,44.346315,32650,14090,0.107143,174.000000,0.000000,40.000000,4.081917,1.773853
0,-0.000000,0.074074,0.103448,117.179337,0.000000,3210.530000,1707.183432,83.125030,88.692630,41.562515,44.346315,32650,2270,0.107143,174.000000,0.000000,40.000000,4.081917,1.773853
0,0.000000,0.166667,0.230769,0.012908,0.000000,169.706371,1470.720000,87.678381,91.249999,43.839191,45.624999,64410,10,0.230769,199.000000,0.000000,40.000000,1.753568,1.825000
0,-0.000000,0.266667,0.250000,117.127604,0.000000,2888.081633,1915.812500,92.676499,94.865449,46.338250,47.432724,72720,37480,0.266667,174.000000,0.000000,45.000000,4.272942,1.897309
0,-0.000000,0.266667,0.250000,4.567882,0.000000,124.788004,1915.812500,96.428571,94.865449,48.214286,47.432724,59950,10,0.266667,199.000000,0.000000,45.000000,2.125113,1.897309
0,-0.000000,0.266667,0.250000,117.127604,0.000000,2888.081633,1915.812500,92.676499,94.865449,46.338250,47.432724,60200,14090,0.266667,174.000000,0.000000,45.000000,4.272942,1.897309
0,-0.000000,0.266667,0.250000,117.127604,0.000000,2888.081633,1915.812500,92.676499,94.865449,46.338250,47.432724,72720,14090,0.266667,174.000000,0.000000,45.000000,4.272942,1.897309
0,-0.000000,0.074074,0.103448,0.055405,0.000000,447.236371,1707.183432,86.753722,88.692630,43.376861,44.346315,32400,10,0.107143,199.000000,0.000000,40.000000,1.735079,1.773853
0,-0.000000,0.266667,0.250000,117.127604,0.000000,2888.081633,1915.812500,92.676499,94.865449,46.338250,47.432724,60200,37480,0.266667,174.000000,0.000000,45.000000,4.272942,1.897309
0,-0.000000,0.266667,0.250000,117.127604,0.000000,2888.081633,1915.812500,92.676499,94.865449,46.338250,47.432724,72720,2270,0.266667,174.000000,0.000000,45.000000,4.272942,1.897309
0,-0.000000,0.266667,0.250000,4.567882,0.000000,124.788004,1915.812500,96.428571,94.865449,48.214286,47.432724,72470,10,0.266667,199.000000,0.000000,45.000000,2.125113,1.897309
0,0.000000,0.166667,0.230769,117.137008,0.000000,2933.000000,1470.720000,83.926398,91.249999,41.963199,45.624999,64660,2270,0.230769,174.000000,0.000000,40.000000,4.097941,1.825000
0,0.000000,0.875000,0.785714,0.070771,0.000000,495.222222,833.000000,47.986310,41.639990,23.993155,20.819995,39360,10,0.888889,2021.000000,0.000000,20.000000,0.959732,0.000000
0,0.000000,0.111111,0.125000,0.000000,0.000000,185.937500,20.000000,53.567986,42.000000,26.783993,21.000000,12040,10,0.125000,818.000000,0.000000,25.000000,1.071360,0.000000
0,0.000000,0.400000,0.400000,0.037220,0.000000,276.987654,542.666667,80.714138,71.054085,40.357069,35.527043,29870,20630,0.400000,1410.000000,0.000000,40.000000,1.614285,1.421082
0,-0.000000,0.142857,0.100000,0.087542,0.000000,638.222222,1385.702479,60.000000,91.327033,30.000000,45.663516,22630,10,0.142857,1541.000000,0.000000,25.000000,1.200006,1.826541
0,-0.000000,0.142857,0.100000,0.087542,0.000000,638.222222,1385.702479,60.000000,91.327033,30.000000,45.663516,35360,10,0.142857,1541.000000,0.000000,25.000000,1.200006,1.826541
0,-0.000000,0.166667,0.076923,264.136293,0.000000,9697.000000,942.369146,79.997625,81.054085,39.998813,40.527043,7380,4070,0.166667,3066.000000,0.000000,35.000000,5.306402,1.621082
0,0.000000,1.000000,0.800000,0.032505,0.000000,240.000000,528.666667,49.995937,72.381118,24.997968,36.190559,19320,10,1.000000,1541.000000,0.000000,20.000000,0.999921,1.447622
0,-0.000000,0.200000,0.076923,1.051422,0.000000,5473.000000,942.369146,79.995219,81.054085,39.997610,40.527043,19840,3800,0.200000,3093.000000,0.000000,35.000000,1.600005,1.621082
0,0.000000,0.250000,0.250000,0.453392,0.000000,3511.000000,1936.000000,89.996800,50.000000,44.998400,25.000000,84060,31250,0.250000,25.000000,0.000000,40.000000,1.799965,0.000000
0,0.000000,0.250000,0.250000,0.453392,0.000000,3511.000000,1936.000000,89.996800,50.000000,44.998400,25.000000,82710,31250,0.250000,25.000000,0.000000,40.000000,1.799965,0.000000
0,0.000000,0.047619,0.047619,0.772400,0.000000,6764.160000,22320.000000,87.713645,90.568209,43.856823,45.284105,50530,17370,0.047619,144.000000,0.000000,40.000000,1.754317,1.811364
0,-0.000000,0.052632,0.047619,0.632916,0.000000,808.403878,20339.702479,89.630932,90.568209,44.815466,45.284105,33760,14250,0.052632,456.000000,0.000000,40.000000,1.793101,1.811364
0,-0.000000,0.052632,0.047619,0.632916,0.000000,808.403878,20339.702479,89.630932,90.568209,44.815466,45.284105,46490,14250,0.052632,456.000000,0.000000,40.000000,1.793101,1.811364
0,0.000000,0.047619,0.047619,0.772400,0.000000,6764.160000,22320.000000,87.713645,90.568209,43.856823,45.284105,17370,15050,0.047619,144.000000,0.000000,40.000000,1.754317,1.811364
0,0.000000,0.166667,0.166667,0.196069,0.077733,1720.979592,516.000000,81.808425,82.497384,40.904213,41.248692,65970,37680,0.166667,600.000000,0.000000,40.000000,1.636180,1.649954
0,-0.000000,0.064516,0.068966,0.200905,0.083613,1769.780045,578.694215,81.661313,82.186426,40.830657,41.093213,65970,65560,0.074074,600.000000,0.000000,40.000000,1.633238,1.643735
0,0.000000,0.571429,0.571429,0.549217,0.079236,4857.972222,522.222222,49.614573,82.266076,24.807287,41.133038,67090,10,0.571429,488.000000,0.000000,20.000000,0.992323,1.645328
0,0.000000,0.161290,0.161290,0.000000,0.017189,367.682309,146.760000,85.521549,83.395735,42.760775,41.697868,55300,10,0.161290,91.000000,0.000000,40.000000,1.710431,1.667916
0,0.000000,0.777778,0.777778,0.000000,0.049795,2560.144531,351.222222,84.291763,83.270789,42.145881,41.635394,18220,10,0.777778,91.000000,0.000000,40.000000,1.685835,1.665419
0,0.000000,0.800000,0.800000,0.000000,0.023212,400.588976,179.666667,84.292971,83.412707,42.146486,41.706353,24630,10,0.800000,91.000000,0.000000,40.000000,1.685859,1.668256
0,0.000000,0.181818,0.181818,0.000000,0.757524,6498.144531,6277.222222,84.267618,82.272695,42.133809,41.136348,59630,10,0.181818,91.000000,0.000000,40.000000,1.685352,1.645500
0,0.000000,0.027778,0.027778,0.000000,0.066496,771.292460,550.370151,85.601264,83.579969,42.800632,41.789985,64320,10,0.027778,91.000000,0.000000,40.000000,1.712025,1.671603
0,0.000000,0.200000,0.200000,0.000000,0.004673,260.944531,40.022222,86.292973,84.275227,43.146486,42.137614,12080,10,0.200000,91.000000,0.000000,40.000000,1.725859,1.685505
0,0.000000,0.038462,0.111111,0.000000,0.008395,400.004035,69.888889,85.627302,80.545417,42.813651,40.272708,34270,10,0.111111,91.000000,0.000000,40.000000,1.712546,1.610909
0,0.000000,0.142857,0.142857,1.264557,0.002861,249.476190,24.142857,91.666621,50.000000,45.833310,25.000000,19880,19590,0.142857,876.000000,0.000000,45.000000,1.864982,0.000000
0,-0.000000,0.125000,0.066667,0.002053,0.008308,35.360000,81.000000,50.738179,42.218509,25.369089,21.109254,1510,10,0.125000,2834.000000,0.000000,25.000000,1.014764,0.000000
0,0.000000,0.090909,0.090909,6.753672,0.012524,332.888889,107.555556,72.916722,41.213613,36.458361,20.606807,27540,8240,0.090909,81.000000,0.000000,35.000000,1.668871,0.000000
0,-0.000000,0.076923,0.037037,78.169446,0.409040,1109.302469,3342.986925,77.541878,83.152292,38.770939,41.576146,51880,48930,0.076923,2004.000000,0.000000,35.000000,4.411823,1.663071
0,0.000000,0.142857,0.142857,1.264557,0.002861,249.476190,24.142857,91.666621,50.000000,45.833310,25.000000,19590,13840,0.142857,876.000000,0.000000,45.000000,1.864982,0.000000
0,0.000000,0.055556,0.055556,0.574835,0.027680,281.002774,216.320000,83.608992,41.666713,41.804496,20.833356,53770,22380,0.055556,597.000000,0.000000,40.000000,1.674880,0.000000
0,0.000000,0.444444,0.444444,25.647755,0.399808,437.500000,3237.480000,78.821321,41.056609,39.410661,20.528304,47470,6850,0.461538,2150.000000,0.000000,35.000000,2.411410,0.000000
0,-0.000000,0.117647,0.111111,0.032316,0.004372,257.333333,39.216066,86.666613,42.236496,43.333306,21.118248,19590,5830,0.117647,876.000000,0.000000,40.000000,1.733334,0.000000
0,-0.000000,0.625000,0.444444,0.007068,0.009232,80.307692,105.506925,49.548267,42.095683,24.774134,21.047841,43580,10,0.625000,2834.000000,0.000000,20.000000,0.990966,0.000000
0,0.000000,0.166667,0.166667,0.428538,0.001046,228.960000,16.000000,81.876323,42.500000,40.938162,21.250000,27950,12260,0.166667,1609.000000,0.000000,40.000000,1.643265,0.000000
0,0.000000,0.142857,0.142857,1.264557,0.002861,249.476190,24.142857,91.666621,50.000000,45.833310,25.000000,19590,9580,0.142857,876.000000,0.000000,45.000000,1.864982,0.000000
0,0.000000,0.076923,0.076923,0.124573,0.000000,955.407500,0.000000,81.620257,0.000000,40.810129,0.000000,66330,53890,0.076923,135.000000,0.000000,40.000000,1.632413,0.000000
0,0.000000,0.714286,0.692308,3.018525,0.058862,256.600000,417.867769,79.898132,40.369443,39.949066,20.184722,49380,17370,0.727273,1830.000000,0.000000,35.000000,1.619399,0.000000
0,0.000000,0.800000,0.928571,0.162959,0.115022,798.375000,900.000000,51.454705,40.879884,25.727353,20.439942,20380,10,0.928571,3487.000000,0.000000,25.000000,1.029111,0.000000
0,0.000000,0.166667,0.166667,0.080395,0.161282,653.062500,1305.000000,80.916773,82.510000,40.458387,41.255000,33420,19290,0.166667,146.000000,0.000000,40.000000,1.618340,1.650210
0,0.000129,0.064516,0.068966,4.634663,0.058839,1191.870932,417.867769,78.701668,40.360207,39.350834,20.180104,53890,34320,0.068966,136.000000,0.000000,35.000000,1.608155,0.000000
0,0.000000,0.047619,0.222222,0.106535,0.004822,694.819362,42.666667,80.946006,40.659155,40.473003,20.329577,37590,18000,0.222222,1766.000000,0.000000,40.000000,1.618928,0.000000
0,-0.000000,0.304348,0.080000,0.650024,0.032101,705.857143,277.350000,80.784450,40.666667,40.392225,20.333333,46520,29150,0.304348,2610.000000,0.000000,40.000000,1.618814,0.000000
0,0.000000,0.333333,0.333333,0.180547,0.046260,1420.680000,405.000000,80.370226,41.630116,40.185113,20.815058,53790,19290,0.333333,146.000000,0.000000,40.000000,1.607416,0.000000
0,-0.000000,0.038462,0.037037,2.435893,0.021853,165.816568,197.542500,65.495526,81.989108,32.747763,40.994554,50460,22730,0.038462,633.000000,0.000000,30.000000,1.376049,1.639783
0,0.000000,0.058824,0.058824,0.027052,0.032390,230.204082,284.480000,83.070757,82.076492,41.535378,41.038246,28140,10390,0.058824,92.000000,0.000000,40.000000,1.661417,1.641532
0,0.000000,0.045455,0.240000,3.649986,0.040249,13480.250000,405.506925,81.405450,81.803970,40.702725,40.901985,29030,28530,0.444444,4384.000000,0.000000,40.000000,1.628603,1.636081
0,0.000000,0.454545,0.533333,0.017864,0.051500,107.162469,494.040000,53.316474,81.631969,26.658237,40.815985,42580,10,0.533333,3029.000000,0.000000,25.000000,1.066331,1.632642
0,-0.000000,0.105263,0.083333,0.090782,0.045253,621.181875,410.016529,76.636702,80.769231,38.318351,40.384615,64510,45080,0.105263,836.000000,0.000000,35.000000,1.532741,1.615387
0,0.000000,0.055556,0.055556,55.164532,1.033664,1864.257396,8361.437586,74.503668,78.001970,37.251834,39.000985,74320,5210,0.055556,143.000000,0.000000,35.000000,2.474663,1.560103
0,0.000000,0.555556,1.000000,0.477537,0.000000,1225.937500,0.000000,87.544093,0.000000,43.772047,0.000000,4240,10,1.000000,6235.000000,0.000000,40.000000,1.750981,0.000000
0,0.000000,0.541667,1.000000,0.961971,0.000000,452.722222,0.000000,97.222222,0.000000,48.611111,0.000000,32250,10,1.000000,3011.000000,0.000000,45.000000,1.965009,0.000000
0,0.000000,0.153846,1.000000,12.970095,0.000000,6975.000000,0.000000,80.560279,0.000000,40.280140,0.000000,16180,1060,1.000000,5041.000000,0.000000,40.000000,1.784358,0.000000
0,0.000000,0.541667,1.000000,0.961971,0.000000,452.722222,0.000000,97.222222,0.000000,48.611111,0.000000,21360,10,1.000000,3011.000000,0.000000,45.000000,1.965009,0.000000
0,0.000000,1.000000,1.000000,16.058041,0.000000,720.000000,0.000000,81.120561,0.000000,40.560280,0.000000,11950,1060,1.000000,5041.000000,0.000000,40.000000,1.828669,0.000000
0,0.000000,0.541667,1.000000,0.961971,0.000000,452.722222,0.000000,97.222222,0.000000,48.611111,0.000000,36480,10,1.000000,3011.000000,0.000000,45.000000,1.965009,0.000000
0,0.000000,0.076923,0.076923,0.463954,0.000000,153.827160,328.000000,76.312974,59.920709,38.156487,29.960355,64880,9050,0.076923,121.000000,0.000000,35.000000,1.529841,1.198414
0,-0.000000,0.352941,0.315789,9.624940,0.000000,591.102041,328.444444,90.330507,68.767053,45.165253,34.383527,51390,40010,0.352941,1470.000000,0.000000,45.000000,1.890003,1.375341
0,-0.000000,0.352941,0.315789,9.624940,0.000000,591.102041,328.444444,90.330507,68.767053,45.165253,34.383527,64130,51390,0.352941,1470.000000,0.000000,45.000000,1.890003,1.375341
0,-0.000000,0.045455,0.045455,9.801265,0.000000,1803.546485,1000.520408,90.330507,68.767053,45.165253,34.383527,51390,24860,0.052632,1470.000000,0.000000,45.000000,1.890016,1.375341
0,-0.000000,0.066667,0.045455,9.696389,0.000000,1200.435374,1011.111111,90.330507,68.767053,45.165253,34.383527,51390,21570,0.066667,1470.000000,0.000000,45.000000,1.890007,1.375341
0,-0.000000,0.055556,0.045455,204.967877,0.000000,1681.768707,1011.111111,88.200991,68.767053,44.100495,34.383527,51560,1430,0.055556,1453.000000,0.000000,40.000000,20.393519,1.375341
0,0.000000,0.500000,0.500000,0.045691,0.000000,362.802469,700.000000,40.588192,58.767053,20.294096,29.383527,54820,10,0.500000,1127.000000,0.000000,20.000000,0.811767,1.175341
0,-0.000000,0.045455,0.045455,9.801265,0.000000,1803.546485,1000.520408,90.330507,68.767053,45.165253,34.383527,51390,37590,0.052632,1470.000000,0.000000,45.000000,1.890016,1.375341
0,-0.000000,0.066667,0.045455,9.696389,0.000000,1200.435374,1011.111111,90.330507,68.767053,45.165253,34.383527,51390,33020,0.066667,1470.000000,0.000000,45.000000,1.890007,1.375341
0,-0.000000,0.058824,0.058824,4.347178,0.066128,96.713469,702.060000,69.738481,81.306265,34.869241,40.653132,59700,5320,0.062500,917.000000,0.000000,30.000000,1.804881,1.626128
0,-0.000000,0.062500,0.117647,0.213843,0.617559,1185.925926,4739.456790,81.536201,79.516649,40.768100,39.758325,29830,5350,0.125000,3904.000000,0.000000,40.000000,1.630743,1.590374
0,0.000000,0.090909,0.090909,2.336716,0.000000,159.665406,957.305556,79.557937,92.245289,39.778968,46.122644,27680,21310,0.090909,49.000000,0.000000,35.000000,1.647776,1.844906
0,-0.000012,0.571429,0.545455,14.108250,0.000000,542.259259,871.510204,97.054861,83.818588,48.527430,41.909294,63070,10,0.571429,846.000000,0.000000,45.000000,2.419565,1.676372
0,-0.000001,0.050000,0.041667,0.047202,0.000000,403.992188,577.962963,83.274163,74.510320,41.637082,37.255160,4600,3990,0.050000,448.000000,0.000000,40.000000,1.665486,1.490206
0,-0.000012,0.571429,0.545455,14.108250,0.000000,542.259259,871.510204,97.054861,83.818588,48.527430,41.909294,14600,10,0.571429,846.000000,0.000000,45.000000,2.419565,1.676372
0,-0.000001,0.583333,0.045455,0.002788,0.000000,57.148915,4146.510204,86.666667,90.559655,43.333333,45.279827,39560,10,0.714286,2305.000000,0.000000,40.000000,1.733334,1.811193
0,0.000000,0.125000,0.125000,0.046884,0.000000,401.807256,413.888889,50.395245,75.653634,25.197622,37.826817,6390,10,0.125000,208.000000,0.000000,25.000000,1.007908,1.513073
0,-0.000000,1.000000,0.636364,2.595713,0.000000,1654.804688,656.888889,79.521912,76.063877,39.760956,38.031938,16940,3610,1.000000,486.000000,0.000000,35.000000,1.599950,1.521278
0,0.000001,0.500000,0.842105,0.003438,0.000000,361.259259,1100.416667,88.148148,83.818588,44.074074,41.909294,9650,10,0.842105,846.000000,0.000000,40.000000,1.762963,1.676372
0,0.000000,0.434783,0.434783,4.190355,0.000000,169.153010,4375.416667,77.174992,90.559655,38.587496,45.279827,62120,17620,0.434783,49.000000,0.000000,35.000000,1.726355,1.811193
0,-0.000000,0.090909,0.076923,0.006748,0.000000,406.259259,470.560000,98.148148,83.818588,49.074074,41.909294,46600,10,0.090909,846.000000,0.000000,45.000000,1.962963,1.676372
0,-0.000012,0.571429,0.545455,14.108250,0.000000,542.259259,871.510204,97.054861,83.818588,48.527430,41.909294,51070,10,0.571429,846.000000,0.000000,45.000000,2.419565,1.676372
0,0.000000,0.285714,0.285714,4.176271,0.000000,63.665406,1084.416667,76.700817,90.000000,38.350408,45.000000,26720,17620,0.285714,49.000000,0.000000,35.000000,1.716871,1.800000
0,0.000000,0.142857,0.142857,0.787970,0.000000,388.840204,431.250000,72.733310,73.809075,36.366655,36.904537,15290,5810,0.142857,266.000000,0.000000,35.000000,1.463552,1.476181
0,0.000001,0.100000,0.303030,0.460770,0.000000,92.319444,796.750000,85.114793,92.330196,42.557396,46.165098,36250,10500,0.303030,1767.000000,0.000000,40.000000,1.704490,1.846604
0,-0.000001,0.666667,0.045455,0.984644,0.000000,2159.229167,4146.510204,88.684518,90.559655,44.342259,45.279827,47620,38700,0.714286,2391.000000,0.000000,40.000000,1.784404,1.811193
0,-0.000000,0.142857,0.090909,0.195058,0.000000,1403.240000,353.222222,80.119320,84.575485,40.059660,42.287742,49060,16940,0.142857,486.000000,0.000000,40.000000,1.602400,1.691510
0,-0.000012,0.571429,0.545455,14.108250,0.000000,542.259259,871.510204,97.054861,83.818588,48.527430,41.909294,23060,10,0.571429,846.000000,0.000000,45.000000,2.419565,1.676372
0,0.000000,0.285714,0.285714,2.324356,0.000000,63.665406,1084.416667,76.700817,90.000000,38.350408,45.000000,27680,26720,0.285714,49.000000,0.000000,35.000000,1.590633,1.800000
0,-0.000000,0.578947,0.521739,0.021905,0.000000,488.946759,4075.000000,89.054563,74.378242,44.527282,37.189121,54150,10,0.578947,846.000000,0.000000,40.000000,1.781093,1.487565
0,-0.000001,0.666667,0.045455,0.984644,0.000000,2159.229167,4146.510204,88.684518,90.559655,44.342259,45.279827,38700,7610,0.714286,2391.000000,0.000000,40.000000,1.784404,1.811193
0,-0.000000,0.142857,0.090909,0.202329,0.000000,1449.000000,3931.888889,79.210229,82.804943,39.605115,41.402472,57750,16940,0.142857,486.000000,0.000000,35.000000,1.584219,1.656099
0,-0.000001,0.409091,0.045455,0.739014,0.000000,1978.494740,567.843537,92.000000,92.330196,46.000000,46.165098,41860,36250,0.409091,1767.000000,0.000000,45.000000,1.842214,1.846604
0,0.000001,0.111111,0.434783,0.659091,0.000000,35.479167,4375.416667,85.666157,90.559655,42.833079,45.279827,38700,4260,0.434783,2391.000000,0.000000,40.000000,1.724012,1.811193
0,0.000000,0.444444,0.571429,0.001139,0.000000,349.571759,784.000000,88.148148,73.818588,44.074074,36.909294,18750,10,0.571429,846.000000,0.000000,40.000000,1.762963,1.476372
0,0.000000,0.090909,0.090909,4.188631,0.000000,159.665406,957.305556,79.557937,92.245289,39.778968,46.122644,21310,17620,0.090909,49.000000,0.000000,35.000000,1.774014,1.844906
0,-0.000000,0.400000,0.333333,0.007086,0.000000,395.376606,496.333333,89.966330,76.148784,44.983165,38.074392,45460,10,0.407407,846.000000,0.000000,40.000000,1.799327,1.522976
0,0.000000,0.200000,0.384615,0.004724,0.000000,398.259259,462.720000,88.148148,75.856229,44.074074,37.928114,52080,10,0.384615,846.000000,0.000000,40.000000,1.762963,1.517125
0,0.000000,0.692308,0.842105,0.014652,0.000000,437.939259,1100.416667,90.641733,83.818588,45.320867,41.909294,19710,10,0.842105,846.000000,0.000000,45.000000,1.812836,1.676372
0,0.000000,0.076923,0.076923,4.181603,0.000000,110.385406,763.136667,76.700802,92.037641,38.350401,46.018820,60050,17620,0.076923,49.000000,0.000000,35.000000,1.716871,1.840753
0,-0.000001,0.409091,0.045455,0.739014,0.000000,1978.494740,567.843537,92.000000,92.330196,46.000000,46.165098,36250,5390,0.409091,1767.000000,0.000000,45.000000,1.842214,1.846604
0,-0.000001,0.666667,0.045455,0.984644,0.000000,2159.229167,4146.510204,88.684518,90.559655,44.342259,45.279827,38700,35620,0.714286,2391.000000,0.000000,40.000000,1.784404,1.811193
0,0.000000,0.303030,0.303030,4.178359,0.000000,79.121189,796.750000,78.611285,92.330196,39.305643,46.165098,53430,17620,0.303030,49.000000,0.000000,35.000000,1.755080,1.846604
0,-0.000000,0.090909,0.076923,0.006748,0.000000,406.259259,470.560000,98.148148,83.818588,49.074074,41.909294,42800,10,0.090909,846.000000,0.000000,45.000000,1.962963,1.676372
0,0.000000,0.076923,0.076923,2.329688,0.000000,110.385406,763.136667,76.700802,92.037641,38.350401,46.018820,60050,27680,0.076923,49.000000,0.000000,35.000000,1.590633,1.840753
0,-0.000000,0.615385,0.434783,0.455575,0.000000,61.760771,3771.333333,83.666667,82.889851,41.833333,41.444925,44940,36250,0.615385,1767.000000,0.000000,40.000000,1.675527,1.657797
0,-0.000000,0.111111,0.100000,0.070334,0.000000,840.009259,1282.000000,89.538712,75.061840,44.769356,37.530920,22220,10,0.111111,846.000000,0.000000,40.000000,1.790779,1.501237
0,-0.000001,0.409091,0.045455,0.739014,0.000000,1978.494740,567.843537,92.000000,92.330196,46.000000,46.165098,53860,36250,0.409091,1767.000000,0.000000,45.000000,1.842214,1.846604
0,-0.000001,0.409091,0.045455,0.739014,0.000000,1978.494740,567.843537,92.000000,92.330196,46.000000,46.165098,36250,13850,0.409091,1767.000000,0.000000,45.000000,1.842214,1.846604
0,0.000000,0.727273,0.727273,0.055028,0.000000,446.733728,1833.632653,58.333333,75.098156,29.166667,37.549078,44940,10,0.727273,39.000000,0.000000,25.000000,1.166670,1.501963
0,0.000000,0.727273,0.727273,0.055028,0.000000,446.733728,1833.632653,58.333333,75.098156,29.166667,37.549078,63730,10,0.727273,39.000000,0.000000,25.000000,1.166670,1.501963
0,0.000000,0.727273,0.727273,0.055028,0.000000,446.733728,1833.632653,58.333333,75.098156,29.166667,37.549078,37480,10,0.727273,39.000000,0.000000,25.000000,1.166670,1.501963
0,0.000000,0.727273,0.727273,0.055028,0.000000,446.733728,1833.632653,58.333333,75.098156,29.166667,37.549078,45650,10,0.727273,39.000000,0.000000,25.000000,1.166670,1.501963
0,0.000000,0.727273,0.727273,0.055028,0.000000,446.733728,1833.632653,58.333333,75.098156,29.166667,37.549078,42650,10,0.727273,39.000000,0.000000,25.000000,1.166670,1.501963
0,0.000000,0.727273,0.727273,0.055028,0.000000,446.733728,1833.632653,58.333333,75.098156,29.166667,37.549078,47850,10,0.727273,39.000000,0.000000,25.000000,1.166670,1.501963
0,0.000000,0.142857,0.142857,0.064116,0.000000,607.359375,469.484568,80.830231,81.449653,40.415115,40.724827,50280,32980,0.142857,362.000000,0.000000,40.000000,1.616608,1.628993
0,0.000000,0.285714,0.285714,0.027550,0.000000,294.370370,114.060000,81.493864,81.391332,40.746932,40.695666,32980,11340,0.285714,362.000000,0.000000,40.000000,1.629879,1.627827
0,-0.000000,0.400000,0.352941,22.284243,0.411189,883.437500,3328.000000,90.000000,89.409072,45.000000,44.704536,70380,28280,0.400000,405.000000,0.000000,40.000000,2.174973,1.788207
0,-0.000000,0.400000,0.352941,22.284243,0.411189,883.437500,3328.000000,90.000000,89.409072,45.000000,44.704536,81450,28280,0.400000,405.000000,0.000000,40.000000,2.174973,1.788207
0,-0.000000,0.400000,0.352941,22.284243,0.411189,883.437500,3328.000000,90.000000,89.409072,45.000000,44.704536,62180,28280,0.400000,405.000000,0.000000,40.000000,2.174973,1.788207
0,-0.000000,0.066667,0.058824,22.464191,0.186288,2339.527500,1732.180000,90.111663,92.222063,45.055832,46.111031,70380,53600,0.066667,405.000000,0.000000,45.000000,2.177218,1.844451
0,-0.000000,0.066667,0.058824,22.464191,0.186288,2339.527500,1732.180000,90.111663,92.222063,45.055832,46.111031,81450,53600,0.066667,405.000000,0.000000,45.000000,2.177218,1.844451
0,-0.000000,0.066667,0.058824,22.464191,0.186288,2339.527500,1732.180000,90.111663,92.222063,45.055832,46.111031,62180,53600,0.066667,405.000000,0.000000,45.000000,2.177218,1.844451
0,0.000003,0.086957,0.083333,7.096886,0.000000,1033.586777,474.534517,80.846144,83.078243,40.423072,41.539122,40470,36820,0.086957,1734.000000,0.000000,40.000000,1.642231,1.661565
0,-0.000000,0.080000,0.139535,0.205403,0.000000,1522.525463,835.685751,78.814800,82.454071,39.407400,41.227035,38510,34680,0.178571,1930.000000,0.000000,35.000000,1.576310,1.649081
0,-0.000000,1.000000,0.833333,10.756982,0.000000,1236.871094,978.201183,69.426093,82.377112,34.713047,41.188556,51050,10,1.000000,676.000000,0.000000,30.000000,1.441462,1.647542
0,-0.000000,0.125000,0.090909,7.316382,0.000000,2568.586777,6138.201183,80.217552,81.971373,40.108776,40.985687,40470,14010,0.125000,1734.000000,0.000000,40.000000,1.629674,1.639427
0,-0.000000,0.153846,0.083333,0.173170,0.000000,1465.560000,480.261183,43.602645,82.448350,21.801322,41.224175,42780,10,0.153846,1503.000000,0.000000,20.000000,0.872064,1.648967
0,-0.000000,0.047619,0.032258,0.327609,0.000000,2775.110000,677.384615,81.340518,81.622577,40.670259,40.811289,48750,27830,0.047619,906.000000,0.000000,40.000000,1.626830,1.632452
0,0.000000,0.222222,0.222222,0.625273,0.000000,4360.750000,900.000000,79.998606,40.000000,39.999303,20.000000,23310,4400,0.222222,198.000000,0.000000,35.000000,1.600017,0.000000
0,0.000000,0.076923,0.076923,16.887992,0.063828,1121.861111,701.111111,88.517365,79.462102,44.258683,39.731051,67220,62270,0.076923,22.000000,0.000000,40.000000,1.967371,1.589245
0,0.000000,0.312500,0.312500,16.904928,0.080712,1171.831633,751.081633,79.821718,71.112642,39.910859,35.556321,66960,62270,0.312500,22.000000,0.000000,35.000000,1.793460,1.422257
0,0.000000,0.062500,0.062500,17.051027,0.226367,2401.750000,1981.000000,78.902191,69.853409,39.451096,34.926704,62300,62270,0.062500,22.000000,0.000000,35.000000,1.775078,1.397081
0,0.000000,0.076923,0.076923,16.887992,0.063828,1121.861111,701.111111,88.517365,79.462102,44.258683,39.731051,77150,62270,0.076923,22.000000,0.000000,40.000000,1.967371,1.589245
0,0.000000,0.062500,0.062500,16.866833,0.042733,845.220588,424.470588,79.084705,70.289584,39.542352,35.144792,62270,57940,0.062500,22.000000,0.000000,35.000000,1.778717,1.405794
0,0.000000,0.833333,0.833333,0.000000,0.000000,447.666667,500.000000,53.333333,41.592471,26.666667,20.796236,20660,10,0.833333,186.000000,0.000000,25.000000,1.066667,0.000000
0,0.000000,1.000000,1.000000,0.000000,0.000000,90.720000,700.000000,57.142851,40.363018,28.571426,20.181509,60450,10,1.000000,98.000000,0.000000,25.000000,1.142857,0.000000
0,0.000000,0.500000,0.500000,2.219258,0.008584,115.680000,72.000000,81.250000,41.250000,40.625000,20.625000,36510,18040,0.500000,112.000000,0.000000,40.000000,1.745605,0.000000
0,-0.000000,0.200000,0.181818,0.001187,0.002431,30.085714,24.000000,53.475596,41.605041,26.737798,20.802520,11430,10,0.200000,449.000000,0.000000,25.000000,1.069512,0.000000
0,0.000000,0.071429,0.111111,0.016653,0.004591,169.145218,42.666667,52.814090,41.664628,26.407045,20.832314,33620,10,0.111111,449.000000,0.000000,25.000000,1.056283,0.000000
0,0.000000,0.714286,0.714286,0.051713,0.047146,503.285714,486.000000,51.437544,41.327059,25.718772,20.663529,20480,10,0.714286,449.000000,0.000000,25.000000,1.028754,0.000000
0,0.000000,0.214286,0.625000,0.000000,0.003322,265.430246,27.222222,81.647158,41.592951,40.823579,20.796475,660,10,0.625000,384.000000,0.000000,40.000000,1.632943,0.000000
0,-0.000000,0.428571,0.400000,0.003700,0.005394,46.918367,45.150826,53.143778,41.326135,26.571889,20.663068,29860,10,0.428571,449.000000,0.000000,25.000000,1.062876,0.000000
0,0.000000,0.250000,0.250000,0.015779,0.013610,134.734375,121.500000,84.272513,40.000255,42.136257,20.000127,15920,1620,0.250000,288.000000,0.000000,40.000000,1.685451,0.000000
0,0.000000,0.166667,0.166667,0.000000,0.000000,145.306122,156.306122,83.409014,81.818182,41.704507,40.909091,43590,10,0.166667,337.000000,0.000000,40.000000,1.668180,1.636364
0,0.000000,0.166667,0.166667,0.549316,0.000000,71.669441,217.125000,84.442325,81.666667,42.221162,40.833333,53770,38070,0.166667,889.000000,0.000000,40.000000,1.691545,1.633333
0,0.000000,0.166667,0.166667,0.428538,0.000000,35.444444,221.040000,82.896769,80.910482,41.448384,40.455241,27950,13760,0.166667,1901.000000,0.000000,40.000000,1.663674,1.618210
0,-0.000000,0.055556,0.040000,94.923359,8.387577,6702.236111,68343.750000,80.845945,79.999987,40.422972,39.999994,56300,2260,0.055556,1152.000000,0.000000,40.000000,2.292293,1.600514
0,0.000000,0.200000,0.200000,0.072248,0.000000,552.899408,512.000000,82.457928,40.000000,41.228964,20.000000,24650,10720,0.200000,712.000000,0.000000,40.000000,1.649163,0.000000
0,-0.000086,0.052632,0.037037,0.122279,0.000000,1009.119012,1373.593333,85.151284,89.016402,42.575642,44.508201,55800,10,0.052632,1129.000000,0.000000,40.000000,1.703033,1.780328
0,-0.000016,0.095238,0.038462,0.039169,0.000000,787.762770,1589.223140,65.406700,40.301085,32.703350,20.150543,46510,10,0.095238,1783.000000,0.000000,30.000000,1.308137,0.000000
0,-0.001038,0.947368,0.807692,1.772482,0.000000,72.042649,232.760000,75.996283,39.016402,37.998142,19.508201,6550,10,0.952381,1129.000000,0.000000,35.000000,1.563124,0.000000
0,0.000000,0.166667,0.166667,0.007048,0.000000,65.899408,25.000000,84.999848,42.500000,42.499924,21.250000,12740,4130,0.166667,510.000000,0.000000,40.000000,1.699997,0.000000
0,0.000000,0.100000,0.100000,0.073955,0.000000,560.510000,744.760000,82.678802,79.016402,41.339401,39.508201,24650,4180,0.100000,712.000000,0.000000,40.000000,1.653581,1.580328
0,0.000000,0.050000,0.050000,48.488317,0.000000,13053.454964,13012.555556,79.577030,39.956289,39.788515,19.978145,47110,16180,0.050000,166.000000,0.000000,35.000000,1.681866,0.000000
0,-0.000032,0.095238,0.076923,0.144079,0.000000,1543.082314,1140.833333,73.675306,50.000000,36.837653,25.000000,49260,10,0.095238,1783.000000,0.000000,35.000000,1.473516,0.000000
0,-0.000086,0.052632,0.037037,0.122279,0.000000,1009.119012,1373.593333,85.151284,89.016402,42.575642,44.508201,56760,10,0.052632,1129.000000,0.000000,40.000000,1.703033,1.780328
0,-0.000086,0.052632,0.037037,0.158975,0.000000,1113.155575,1603.657500,75.177808,77.642677,37.588904,38.821338,56090,10,0.052632,1129.000000,0.000000,35.000000,1.503568,1.552854
0,-0.000047,0.136364,0.115385,10.874522,0.000000,1936.389091,1370.897500,77.842575,38.626275,38.921287,19.313138,53810,4270,0.136364,1357.000000,0.000000,35.000000,1.602239,0.000000
0,-0.000032,0.095238,0.076923,0.144079,0.000000,1543.082314,1140.833333,73.675306,50.000000,36.837653,25.000000,50220,10,0.095238,1783.000000,0.000000,35.000000,1.473516,0.000000
0,0.000000,0.250000,0.250000,0.003665,0.000000,55.880000,347.888889,42.149702,82.171357,21.074851,41.085679,8760,10,0.250000,190.000000,0.000000,20.000000,0.842994,1.643427
0,0.000000,0.800000,0.800000,11.132741,0.000000,948.812500,512.000000,69.999807,81.592465,34.999903,40.796232,75070,10,0.800000,556.000000,0.000000,30.000000,1.470032,1.631849
0,0.000000,0.166667,0.166667,18.666049,0.000000,395.416667,1598.750000,81.335450,90.000000,40.667725,45.000000,27160,3120,0.166667,94.000000,0.000000,40.000000,2.781074,1.800000
0,-0.000000,0.200000,0.166667,0.022719,0.000000,161.117347,1598.750000,81.818161,90.000000,40.909080,45.000000,42630,14040,0.200000,1406.000000,0.000000,40.000000,1.636365,1.800000
0,-0.000000,0.111111,0.090909,0.334543,0.000000,2366.080000,762.781875,46.235731,77.555774,23.117865,38.777887,16320,10,0.111111,1756.000000,0.000000,20.000000,0.924739,1.551115
0,-0.000000,0.200000,0.166667,0.030953,0.000000,312.349112,277.656250,71.681332,83.815011,35.840666,41.907506,41190,10,0.200000,1532.000000,0.000000,35.000000,1.433629,1.676300
0,-0.000000,0.153846,0.076923,0.009521,0.000000,124.961657,2009.110000,46.739729,85.905840,23.369864,42.952920,39130,10,0.153846,1756.000000,0.000000,20.000000,0.934795,1.718117
0,-0.000000,0.080000,0.076923,18.651636,0.000000,285.416667,2009.110000,82.519514,85.905840,41.259757,42.952920,16630,3120,0.080000,94.000000,0.000000,40.000000,2.804755,1.718117
0,-0.000000,0.200000,0.090909,0.038981,0.000000,369.000000,1461.171875,70.681034,91.649934,35.340517,45.824967,22820,10,0.200000,3387.000000,0.000000,35.000000,1.413624,1.832999
0,-0.000000,0.555556,0.370370,1.025585,0.000000,68.266667,1451.406250,80.733171,91.815014,40.366586,45.907507,5790,5610,0.555556,5090.000000,0.000000,40.000000,1.626870,1.836300
0,-0.000000,0.692308,0.461538,0.024676,0.000000,251.014911,753.016250,46.664256,77.720854,23.332128,38.860427,38950,10,0.692308,1756.000000,0.000000,20.000000,0.933287,1.554417
0,-0.000000,0.083333,0.076923,0.053555,0.000000,481.484568,115.288903,46.964111,83.476833,23.482056,41.738417,53020,10,0.083333,349.000000,0.000000,20.000000,0.939285,1.669537
0,-0.000000,0.133333,0.064516,84.629873,0.000000,3354.375000,1040.346250,79.321643,83.243577,39.660822,41.621789,38920,14740,0.133333,1759.000000,0.000000,35.000000,2.732246,1.664872
0,-0.000000,0.400000,0.333333,0.037651,0.000000,286.537778,342.656250,82.097024,81.815014,41.048512,40.907507,42450,14040,0.400000,1406.000000,0.000000,40.000000,1.641943,1.636300
0,-0.000000,0.076923,0.038462,0.450622,0.000000,3177.330000,1598.050000,42.887258,77.334403,21.443629,38.667201,14770,10,0.076923,1756.000000,0.000000,20.000000,0.857778,1.546688
0,0.000000,0.370370,0.370370,18.680957,0.000000,561.012235,1451.406250,82.539091,91.815014,41.269545,45.907507,55570,3120,0.370370,94.000000,0.000000,40.000000,2.805148,1.836300
0,0.000000,0.090909,0.090909,19.308403,0.000000,5910.416667,1461.171875,82.334043,91.649934,41.167022,45.824967,32940,3120,0.090909,94.000000,0.000000,40.000000,2.801084,1.832999
0,-0.000000,0.066667,0.057143,0.048805,0.000000,421.610417,247.199503,82.637341,82.054193,41.318671,41.027097,53320,49400,0.066667,711.000000,0.000000,40.000000,1.652750,1.641084
0,0.000000,0.833333,0.833333,2.072596,0.000000,309.944215,78.182825,81.370596,41.862277,40.685298,20.931139,40420,17190,0.833333,138.000000,0.000000,40.000000,1.660039,0.000000
0,0.000000,0.166667,0.166667,0.161563,0.000000,1451.743802,1389.256198,79.816837,39.830158,39.908418,19.915079,47450,40420,0.166667,138.000000,0.000000,35.000000,1.596346,0.000000
0,0.000000,0.166667,0.166667,0.009570,0.000000,111.763314,16.000000,53.876252,42.498155,26.938126,21.249078,35520,10,0.166667,383.000000,0.000000,25.000000,1.077526,0.000000
0,0.000000,0.625000,0.700000,3.279818,0.000000,1468.694215,640.000000,80.750539,40.796235,40.375269,20.398118,32850,22180,0.700000,1717.000000,0.000000,40.000000,1.664612,0.000000
0,-0.000000,0.500000,0.454545,0.009890,0.000000,123.694215,15.360000,41.538521,41.316585,20.769260,20.658293,30820,10,0.625000,853.000000,0.000000,20.000000,0.830771,0.000000
0,0.000000,0.545455,0.428571,2.247586,0.000000,88.670769,24.142857,89.871783,50.000000,44.935891,25.000000,25080,18440,0.545455,1427.000000,0.000000,40.000000,1.926430,0.000000
0,0.000000,0.545455,0.428571,2.247586,0.000000,88.670769,24.142857,89.871783,50.000000,44.935891,25.000000,25080,8140,0.545455,1427.000000,0.000000,40.000000,1.926430,0.000000
0,-0.000000,0.047619,0.037037,0.010808,0.000000,91.793269,78.182825,85.777008,41.864870,42.888504,20.932435,25080,4390,0.062500,1427.000000,0.000000,40.000000,1.715541,0.000000
0,0.000000,0.545455,0.428571,2.247586,0.000000,88.670769,24.142857,89.871783,50.000000,44.935891,25.000000,25080,12400,0.545455,1427.000000,0.000000,40.000000,1.926430,0.000000
0,-0.000000,0.125000,0.074074,0.032799,0.000000,711.003472,525.000000,76.610009,40.562204,38.305005,20.281102,21130,10,0.125000,3934.000000,0.000000,35.000000,1.532203,0.000000
0,-0.000000,0.157895,0.058824,0.000000,0.000000,443.721993,3584.000000,75.388205,39.999683,37.694102,19.999842,29200,10,0.166667,1015.000000,0.000000,35.000000,1.507764,0.000000
0,0.000000,0.666667,0.666667,0.002844,0.050848,40.142857,400.000000,62.500000,41.989389,31.250000,20.994695,18580,10,0.666667,400.000000,0.000000,30.000000,1.250000,0.000000
0,0.000000,1.000000,1.000000,0.502454,0.000000,122.222222,0.000000,87.500000,0.000000,43.750000,0.000000,10310,10,1.000000,2257.000000,0.000000,40.000000,1.755680,0.000000
0,0.000000,0.666667,0.666667,0.002844,0.050848,40.142857,400.000000,62.500000,41.989389,31.250000,20.994695,28880,10,0.666667,400.000000,0.000000,30.000000,1.250000,0.000000
0,0.000000,0.142857,0.142857,1.357577,0.487544,888.428571,4158.720000,90.720719,40.555250,45.360359,20.277625,60210,13840,0.142857,1300.000000,0.000000,45.000000,1.846071,0.000000
0,0.000000,0.142857,0.142857,1.357577,0.487544,888.428571,4158.720000,90.720719,40.555250,45.360359,20.277625,60210,19880,0.142857,1300.000000,0.000000,45.000000,1.846071,0.000000
0,-0.000000,1.000000,0.571429,0.057326,0.015613,346.851240,144.000000,66.389961,41.741060,33.194980,20.870530,14060,10,1.000000,1882.000000,0.000000,30.000000,1.327804,0.000000
0,0.000000,0.181818,0.142857,2.527903,0.051162,2365.830000,525.000000,88.943113,40.532121,44.471557,20.266060,46200,18440,0.181818,1444.000000,0.000000,40.000000,1.907874,0.000000
0,-0.000000,1.000000,0.571429,0.057326,0.015613,346.851240,144.000000,66.389961,41.741060,33.194980,20.870530,8020,10,1.000000,1882.000000,0.000000,30.000000,1.327804,0.000000
0,0.000000,0.166667,0.166667,0.397346,0.538391,3253.480000,4558.720000,53.343331,82.544639,26.671666,41.272320,69210,10,0.166667,400.000000,0.000000,25.000000,1.066891,1.650925
0,-0.000000,1.000000,0.571429,0.057326,0.015613,346.851240,144.000000,66.389961,41.741060,33.194980,20.870530,3760,10,1.000000,1882.000000,0.000000,30.000000,1.327804,0.000000
0,-0.000000,0.250000,0.363636,0.003126,0.002090,51.142857,15.360000,50.000000,41.659856,25.000000,20.829928,24180,10,0.500000,870.000000,0.000000,25.000000,1.000000,0.000000
0,0.000000,0.181818,0.142857,2.527903,0.051162,2365.830000,525.000000,88.943113,40.532121,44.471557,20.266060,46200,12400,0.181818,1444.000000,0.000000,40.000000,1.907874,0.000000
0,0.000117,0.125000,0.307692,2.410619,0.063723,1391.440000,640.000000,89.761905,41.332808,44.880952,20.666404,35750,12400,0.307692,1444.000000,0.000000,40.000000,1.924243,0.000000
0,0.000000,0.500000,0.500000,0.004345,0.066460,55.216066,544.000000,54.768916,83.730449,27.384458,41.865225,14830,10,0.500000,400.000000,0.000000,25.000000,1.095379,1.674613
0,0.000000,0.142857,0.142857,1.357577,0.487544,888.428571,4158.720000,90.720719,40.555250,45.360359,20.277625,60210,9580,0.142857,1300.000000,0.000000,45.000000,1.846071,0.000000
0,0.000117,0.125000,0.307692,2.410619,0.063723,1391.440000,640.000000,89.761905,41.332808,44.880952,20.666404,35750,8140,0.307692,1444.000000,0.000000,40.000000,1.924243,0.000000
0,0.000000,1.000000,1.000000,5.377969,0.000000,46.994083,0.000000,80.041253,0.000000,40.020626,0.000000,6600,560,1.000000,2628.000000,0.000000,40.000000,1.972483,0.000000
0,-0.000000,0.250000,0.363636,0.003126,0.002090,51.142857,15.360000,50.000000,41.659856,25.000000,20.829928,13880,10,0.500000,870.000000,0.000000,25.000000,1.000000,0.000000
0,0.000117,0.125000,0.307692,2.410619,0.063723,1391.440000,640.000000,89.761905,41.332808,44.880952,20.666404,35750,18440,0.307692,1444.000000,0.000000,40.000000,1.924243,0.000000
0,0.000000,0.181818,0.142857,2.527903,0.051162,2365.830000,525.000000,88.943113,40.532121,44.471557,20.266060,46200,8140,0.181818,1444.000000,0.000000,40.000000,1.907874,0.000000
0,-0.000000,0.166667,0.071429,8.723721,0.168427,700.250000,1389.256198,88.124951,40.297864,44.062475,20.148932,34560,12310,0.388889,1453.000000,0.000000,40.000000,1.861389,0.000000
0,0.000000,0.666667,0.666667,0.002844,0.050848,40.142857,400.000000,62.500000,41.989389,31.250000,20.994695,22840,10,0.666667,400.000000,0.000000,30.000000,1.250000,0.000000
0,-0.000000,0.250000,0.363636,0.003126,0.002090,51.142857,15.360000,50.000000,41.659856,25.000000,20.829928,18140,10,0.500000,870.000000,0.000000,25.000000,1.000000,0.000000
0,-0.000000,0.166667,0.071429,8.723721,0.168427,700.250000,1389.256198,88.124951,40.297864,44.062475,20.148932,34560,18350,0.388889,1453.000000,0.000000,40.000000,1.861389,0.000000
0,-0.000000,0.166667,0.071429,8.723721,0.168427,700.250000,1389.256198,88.124951,40.297864,44.062475,20.148932,34560,8050,0.388889,1453.000000,0.000000,40.000000,1.861389,0.000000
0,0.000000,1.000000,1.000000,0.502454,0.000000,122.222222,0.000000,87.500000,0.000000,43.750000,0.000000,4270,10,1.000000,2257.000000,0.000000,40.000000,1.755680,0.000000
0,-0.000000,0.142857,0.133333,0.808141,0.000000,6322.000000,536.734694,89.999968,83.630116,44.999984,41.815058,50560,48350,0.142857,610.000000,0.000000,40.000000,1.800051,1.672602
0,-0.000000,0.142857,0.133333,0.808141,0.000000,6322.000000,536.734694,89.999968,83.630116,44.999984,41.815058,80490,48350,0.142857,610.000000,0.000000,40.000000,1.800051,1.672602
0,0.000000,0.250000,0.250000,1.162978,4.638686,4818.500000,37164.000000,79.643424,77.356204,39.821712,38.678102,46870,23460,0.250000,163.000000,0.000000,35.000000,1.599273,1.547414
0,-0.000003,0.125000,0.157895,0.584375,4.630073,4886.720000,36965.580247,81.310422,78.532680,40.655211,39.266340,74750,23460,0.166667,163.000000,0.000000,40.000000,1.626243,1.570944
0,-0.000000,0.500000,0.500000,0.019475,0.025027,102.000000,401.580247,45.422723,81.176476,22.711362,40.588238,27920,40,0.666667,4846.000000,0.000000,20.000000,0.908456,1.623530
0,0.000000,0.090909,0.090909,8.930407,0.151650,289.443787,1279.093750,81.666748,41.229640,40.833374,20.614820,57120,17320,0.090909,782.000000,0.000000,40.000000,1.777055,0.000000
0,0.000000,0.625000,0.625000,0.013987,0.001185,125.888889,13.888889,52.910985,41.999965,26.455493,20.999982,19720,10,0.625000,542.000000,0.000000,25.000000,1.058221,0.000000
0,0.000000,0.454545,0.454545,4.370521,0.020070,211.187500,170.472222,83.951249,36.814659,41.975624,18.407330,17320,4600,0.454545,782.000000,0.000000,40.000000,1.763878,0.000000
0,0.000000,0.071429,0.071429,0.004904,0.008173,76.243016,101.580247,52.578410,41.176474,26.289205,20.588237,66680,10,0.071429,988.000000,0.000000,25.000000,1.051568,0.000000
0,0.000000,1.000000,1.000000,0.000000,0.017620,151.528345,165.551020,82.158849,40.684107,41.079425,20.342053,4800,10,1.000000,509.000000,0.000000,40.000000,1.643177,0.000000
0,0.000000,0.714286,0.714286,0.000000,0.000000,656.000000,640.000000,81.278336,40.979597,40.639168,20.489799,50100,10,0.714286,50.000000,0.000000,40.000000,1.625567,0.000000
0,0.000000,0.285714,0.285714,0.000000,0.000000,541.000000,457.333333,81.174523,40.495998,40.587262,20.247999,60550,10,0.285714,50.000000,0.000000,40.000000,1.623490,0.000000
0,0.000000,0.714286,0.714286,0.000000,0.000000,31.360000,15.360000,81.703281,41.324647,40.851641,20.662324,8620,10,0.714286,50.000000,0.000000,40.000000,1.634066,0.000000
0,0.000000,1.000000,1.000000,0.010472,0.015884,117.065744,142.222222,47.369719,39.667079,23.684860,19.833539,56940,10,1.000000,433.000000,0.000000,20.000000,0.947395,0.000000
0,-0.000000,0.083333,0.076923,0.012560,0.055448,126.060000,455.111111,47.749619,40.571743,23.874810,20.285871,14080,10,0.083333,433.000000,0.000000,20.000000,0.954993,0.000000
0,-0.000000,0.166667,0.153846,0.063603,0.095390,611.777778,891.000000,44.998986,40.901110,22.499493,20.450555,58480,10,0.166667,433.000000,0.000000,20.000000,0.899983,0.000000
0,-0.000000,0.083333,0.076923,0.061982,0.047217,547.147929,420.843750,47.971077,41.231733,23.985538,20.615866,65960,10,0.083333,433.000000,0.000000,20.000000,0.959425,0.000000
0,-0.000000,0.083333,0.076923,0.049072,0.049735,408.160000,409.685950,46.395745,40.583807,23.197873,20.291904,41100,10,0.083333,433.000000,0.000000,20.000000,0.927918,0.000000
0,0.000088,0.500000,0.741935,0.480161,0.778805,3610.851240,6558.666667,56.232516,80.423865,28.116258,40.211933,30270,10,0.741935,1938.000000,0.000000,25.000000,1.124682,1.608524
0,-0.000000,0.352941,0.300000,204.889361,0.004967,1162.666667,74.500000,97.780343,100.000000,48.890171,50.000000,40180,1430,0.352941,1855.000000,0.000000,45.000000,20.585100,2.000000
0,0.000000,0.142857,0.142857,2.223940,2.048234,21322.448980,20812.000000,100.000000,100.000000,50.000000,50.000000,85840,48640,0.142857,310.000000,0.000000,50.000000,2.000116,2.000101
0,0.000000,1.000000,1.000000,9.339983,0.050722,625.666667,412.000000,87.500000,91.990589,43.750000,45.995294,40410,10,1.000000,1133.000000,0.000000,40.000000,1.840556,1.839815
0,-0.000000,0.076923,0.066667,0.522307,0.006271,739.111111,59.183673,85.545007,91.247346,42.772503,45.623673,35060,9050,0.076923,523.000000,0.000000,40.000000,1.714484,1.824947
0,0.000000,0.142857,0.142857,2.223940,2.048234,21322.448980,20812.000000,100.000000,100.000000,50.000000,50.000000,85840,37190,0.142857,310.000000,0.000000,50.000000,2.000116,2.000101
0,-0.000000,0.076923,0.066667,0.522307,0.006271,739.111111,59.183673,85.545007,91.247346,42.772503,45.623673,14750,9050,0.076923,523.000000,0.000000,40.000000,1.714484,1.824947
0,0.000000,0.142857,0.142857,2.223940,2.048234,21322.448980,20812.000000,100.000000,100.000000,50.000000,50.000000,74770,48640,0.142857,310.000000,0.000000,50.000000,2.000116,2.000101
0,-0.000000,0.352941,0.300000,204.889361,0.004967,1162.666667,74.500000,97.780343,100.000000,48.890171,50.000000,64300,1430,0.352941,1855.000000,0.000000,45.000000,20.585100,2.000000
0,0.000000,0.142857,0.142857,2.223940,2.048234,21322.448980,20812.000000,100.000000,100.000000,50.000000,50.000000,66570,16880,0.142857,310.000000,0.000000,50.000000,2.000116,2.000101
0,-0.000000,0.400000,0.300000,1.589581,0.004967,704.312925,74.500000,100.000000,100.000000,50.000000,50.000000,37270,18830,0.400000,2146.000000,0.000000,50.000000,2.019327,2.000000
0,-0.000000,0.400000,0.300000,1.589581,0.004967,704.312925,74.500000,100.000000,100.000000,50.000000,50.000000,37270,30280,0.400000,2146.000000,0.000000,50.000000,2.019327,2.000000
0,0.000000,0.142857,0.142857,2.223940,2.048234,21322.448980,20812.000000,100.000000,100.000000,50.000000,50.000000,66570,48640,0.142857,310.000000,0.000000,50.000000,2.000116,2.000101
0,0.000000,0.142857,0.142857,2.223940,2.048234,21322.448980,20812.000000,100.000000,100.000000,50.000000,50.000000,66570,37190,0.142857,310.000000,0.000000,50.000000,2.000116,2.000101
0,0.000000,0.142857,0.142857,2.223940,2.048234,21322.448980,20812.000000,100.000000,100.000000,50.000000,50.000000,74770,37190,0.142857,310.000000,0.000000,50.000000,2.000116,2.000101
0,0.000000,0.200000,0.200000,0.002456,0.054119,180.000000,462.500000,87.500000,91.990589,43.750000,45.995294,71520,10,0.200000,1133.000000,0.000000,40.000000,1.750000,1.839815
0,-0.000000,0.076923,0.066667,0.522307,0.006271,739.111111,59.183673,85.545007,91.247346,42.772503,45.623673,46510,9050,0.076923,523.000000,0.000000,40.000000,1.714484,1.824947
0,-0.000000,0.400000,0.300000,1.589581,0.004967,704.312925,74.500000,100.000000,100.000000,50.000000,50.000000,61390,30280,0.400000,2146.000000,0.000000,50.000000,2.019327,2.000000
0,0.000000,1.000000,1.000000,9.339983,0.050722,625.666667,412.000000,87.500000,91.990589,43.750000,45.995294,8650,10,1.000000,1133.000000,0.000000,40.000000,1.840556,1.839815
0,0.000000,0.200000,0.200000,0.002456,0.054119,180.000000,462.500000,87.500000,91.990589,43.750000,45.995294,47400,10,0.200000,1133.000000,0.000000,40.000000,1.750000,1.839815
0,0.000000,1.000000,1.000000,9.339983,0.050722,625.666667,412.000000,87.500000,91.990589,43.750000,45.995294,28960,10,1.000000,1133.000000,0.000000,40.000000,1.840556,1.839815
0,0.000000,0.142857,0.142857,2.223940,2.048234,21322.448980,20812.000000,100.000000,100.000000,50.000000,50.000000,85840,16880,0.142857,310.000000,0.000000,50.000000,2.000116,2.000101
0,-0.000000,0.400000,0.300000,1.589581,0.004967,704.312925,74.500000,100.000000,100.000000,50.000000,50.000000,61390,18830,0.400000,2146.000000,0.000000,50.000000,2.019327,2.000000
0,0.000000,0.142857,0.142857,2.223940,2.048234,21322.448980,20812.000000,100.000000,100.000000,50.000000,50.000000,74770,16880,0.142857,310.000000,0.000000,50.000000,2.000116,2.000101
0,0.000000,0.266667,0.266667,0.000000,0.045786,1006.690000,392.160000,45.393197,80.876551,22.696598,40.438275,29930,10,0.266667,331.000000,0.000000,20.000000,0.907864,1.617534
0,-0.000000,0.400000,0.375000,7.428398,0.907057,2641.555556,7800.000000,76.929348,80.606151,38.464674,40.303076,16390,9840,0.461538,1685.000000,0.000000,35.000000,1.588103,1.612176
0,-0.000002,0.142857,0.125000,0.000000,0.138228,189.000000,992.160000,46.422508,87.353412,23.211254,43.676706,15700,10,0.142857,331.000000,0.000000,20.000000,0.928450,1.747078
0,-0.000002,0.166667,0.125000,1.154763,0.999499,477.000000,8400.000000,81.042954,87.083013,40.521477,43.541506,16110,8430,0.166667,1058.000000,0.000000,40.000000,1.637255,1.741720
0,0.000000,0.500000,0.500000,0.152226,0.168954,1152.000000,1200.000000,40.528320,86.476862,20.264160,43.238431,26380,10,0.500000,686.000000,0.000000,20.000000,0.810577,1.729549
0,-0.000000,0.076923,0.066667,0.000000,0.876331,651.777778,7592.160000,45.443201,81.482702,22.721601,40.741351,23380,10,0.076923,331.000000,0.000000,20.000000,0.908864,1.629705
0,0.000000,1.000000,1.000000,4.585177,0.168954,684.000000,1200.000000,80.524078,86.476862,40.262039,43.238431,22660,8430,1.000000,1058.000000,0.000000,40.000000,1.636318,1.729549
0,0.000000,0.400000,0.400000,0.828777,0.055178,95.455782,464.000000,81.666667,90.000000,40.833333,45.000000,53400,9160,0.400000,458.000000,0.000000,40.000000,1.644087,1.800003
0,0.000000,0.400000,0.400000,18.641196,0.055178,214.416667,464.000000,81.335450,90.000000,40.667725,45.000000,11510,3120,0.400000,223.000000,0.000000,40.000000,2.781073,1.800003
0,0.000000,0.200000,0.315789,0.871428,0.087628,382.580782,699.183432,81.781948,90.442354,40.890974,45.221177,53400,36130,0.315789,458.000000,0.000000,40.000000,1.646396,1.808853
0,0.000000,0.222222,0.315789,18.675074,0.087628,449.600099,699.183432,81.891307,90.442354,40.945653,45.221177,38480,3120,0.315789,223.000000,0.000000,40.000000,2.792192,1.808853
0,0.000000,1.000000,1.000000,0.007626,0.000000,77.900000,43.719008,50.999295,41.999972,25.499647,20.999986,24020,10,1.000000,131.000000,0.000000,25.000000,1.019986,0.000000
0,0.000000,0.333333,1.000000,0.010074,0.000000,110.750000,66.306122,51.428636,41.910834,25.714318,20.955417,30430,10,1.000000,131.000000,0.000000,25.000000,1.028573,0.000000
0,0.000000,0.166667,0.166667,0.014345,0.000000,137.000000,63.000000,50.948440,41.411153,25.474220,20.705576,3750,10,0.166667,131.000000,0.000000,25.000000,1.018970,0.000000
0,-0.000000,0.285714,0.166667,1.526340,0.000000,108.270408,59.888889,91.960809,49.831871,45.980404,24.915935,63030,40730,0.285714,2102.000000,0.000000,45.000000,1.851305,0.000000
0,-0.000001,0.333333,0.285714,0.620698,0.000000,241.250000,486.000000,82.007983,37.755564,41.003992,18.877782,40730,10140,0.333333,2102.000000,0.000000,40.000000,1.643076,0.000000
0,-0.000000,0.090909,0.083333,0.607265,0.000000,1218.250000,29.160000,75.538199,42.222109,37.769099,21.111055,55320,9050,0.090909,643.000000,0.000000,35.000000,1.514355,0.000000
0,-0.000000,0.285714,0.166667,1.526340,0.000000,108.270408,59.888889,91.960809,49.831871,45.980404,24.915935,40730,38910,0.285714,2102.000000,0.000000,45.000000,1.851305,0.000000
0,-0.000000,0.444444,0.363636,79.471759,0.100018,3010.000000,1000.000000,80.715635,40.610094,40.357817,20.305047,34920,9080,0.444444,591.000000,0.000000,40.000000,4.210490,0.000000
0,0.000000,0.250000,0.266667,5.984521,0.534823,829.370000,4557.880000,82.412835,82.049932,41.206418,41.024966,63650,3730,0.272727,1173.000000,0.000000,40.000000,1.669849,1.641030
0,-0.000343,0.100000,0.187500,0.053905,0.030895,411.096939,276.543210,100.000000,50.000000,50.000000,25.000000,38080,29810,0.600000,2678.000000,0.000000,50.000000,2.000004,0.000000
0,0.000634,0.111111,0.125000,1.269294,0.299074,331.697778,2347.062500,89.637656,36.452472,44.818828,18.226236,21510,16270,0.214286,3508.000000,0.000000,40.000000,1.802460,0.000000
0,-0.000343,0.100000,0.187500,0.053905,0.030895,411.096939,276.543210,100.000000,50.000000,50.000000,25.000000,29810,10070,0.600000,2678.000000,0.000000,50.000000,2.000004,0.000000
0,-0.000343,0.500000,0.187500,0.264039,0.030895,69.480104,276.543210,94.561280,50.000000,47.280640,25.000000,29810,1610,0.600000,2678.000000,0.000000,45.000000,1.892532,0.000000
0,-0.000343,0.100000,0.187500,0.053905,0.030895,411.096939,276.543210,100.000000,50.000000,50.000000,25.000000,50080,29810,0.600000,2678.000000,0.000000,50.000000,2.000004,0.000000
0,-0.000343,0.100000,0.187500,0.053905,0.030895,411.096939,276.543210,100.000000,50.000000,50.000000,25.000000,50080,33610,0.600000,2678.000000,0.000000,50.000000,2.000004,0.000000
0,-0.000343,0.500000,0.187500,0.264039,0.030895,69.480104,276.543210,94.561280,50.000000,47.280640,25.000000,33610,1610,0.600000,2678.000000,0.000000,45.000000,1.892532,0.000000
0,0.000634,0.111111,0.125000,1.269294,0.299074,331.697778,2347.062500,89.637656,36.452472,44.818828,18.226236,25310,16270,0.214286,3508.000000,0.000000,40.000000,1.802460,0.000000
0,0.000000,1.000000,1.000000,72.448509,0.000000,2304.000000,0.000000,77.810843,0.000000,38.905421,0.000000,14220,10420,1.000000,4617.000000,0.000000,35.000000,2.770306,0.000000
0,-0.000343,0.100000,0.187500,0.053905,0.030895,411.096939,276.543210,100.000000,50.000000,50.000000,25.000000,33610,10070,0.600000,2678.000000,0.000000,50.000000,2.000004,0.000000
0,-0.000343,0.100000,0.187500,0.053905,0.030895,411.096939,276.543210,100.000000,50.000000,50.000000,25.000000,38080,33610,0.600000,2678.000000,0.000000,50.000000,2.000004,0.000000
0,0.000000,0.166667,0.166667,0.447120,0.046740,322.222222,420.899654,80.942106,80.897806,40.471053,40.448903,61180,16080,0.166667,202.000000,0.000000,40.000000,1.619485,1.617959
0,0.000000,0.500000,0.500000,1.968360,0.000000,17241.187500,428.543210,39.972742,81.018169,19.986371,40.509085,65690,10,0.500000,424.000000,0.000000,15.000000,0.799567,1.620363
0,0.000000,0.041667,0.041667,1.957023,0.000000,17855.677296,874.910557,81.176417,80.220893,40.588209,40.110446,68190,24350,0.041667,174.000000,0.000000,40.000000,1.623636,1.604418
0,-0.000000,0.142857,0.250000,0.207390,0.027279,1560.388889,289.000000,82.379198,83.246124,41.189599,41.623062,57880,41130,0.300000,1799.000000,0.000000,40.000000,1.647598,1.664924
0,0.000000,0.142857,0.142857,1.337783,0.016933,2420.352041,125.250000,79.973016,83.750723,39.986508,41.875361,75240,2080,0.142857,63.000000,0.000000,35.000000,1.608712,1.675016
0,-0.000000,0.800000,0.400000,11.195299,0.007882,221.500000,77.777778,87.500000,50.000000,43.750000,25.000000,31980,10,0.800000,1268.000000,0.000000,40.000000,2.265781,0.000000
0,0.000000,0.333333,0.500000,0.007656,0.041828,65.090909,363.687500,85.227083,41.632644,42.613541,20.816322,6200,4130,0.500000,856.000000,0.000000,40.000000,1.704542,0.000000
0,-0.000000,0.100000,0.083333,0.014232,0.049711,117.868687,441.465278,92.727230,91.632644,46.363615,45.816322,36100,6200,0.100000,856.000000,0.000000,45.000000,1.854545,1.832656
0,-0.000000,0.100000,0.083333,0.014232,0.049711,117.868687,441.465278,92.727230,91.632644,46.363615,45.816322,69500,6200,0.100000,856.000000,0.000000,45.000000,1.854545,1.832656
0,-0.000000,0.166667,0.111111,3.851428,0.004504,121.000000,42.666667,84.162957,41.666667,42.081479,20.833333,60500,7360,0.166667,533.000000,0.000000,40.000000,1.760413,0.000000
0,-0.000000,0.800000,0.400000,11.195299,0.007882,221.500000,77.777778,87.500000,50.000000,43.750000,25.000000,19510,10,0.800000,1268.000000,0.000000,40.000000,2.265781,0.000000
0,-0.000000,0.100000,0.083333,0.014232,0.049711,117.868687,441.465278,92.727230,91.632644,46.363615,45.816322,23630,6200,0.100000,856.000000,0.000000,45.000000,1.854545,1.832656
0,-0.000000,0.800000,0.400000,11.195299,0.007882,221.500000,77.777778,87.500000,50.000000,43.750000,25.000000,65380,10,0.800000,1268.000000,0.000000,40.000000,2.265781,0.000000
0,0.000000,0.714286,0.666667,1.317778,0.047370,204.610000,438.666667,81.428567,79.340611,40.714284,39.670305,40700,22810,0.714286,3183.000000,0.000000,40.000000,1.634551,1.586815
0,0.000001,0.400000,0.270270,0.026164,0.099549,120.571429,879.472222,81.418638,77.680769,40.709319,38.840385,24170,15150,0.600000,4836.000000,0.000000,40.000000,1.628376,1.553621
0,0.000000,0.064516,0.166667,0.293481,0.062561,1928.554989,576.000000,90.814972,88.013552,45.407486,44.006776,68100,51880,0.166667,2065.000000,0.000000,45.000000,1.816322,1.760274
0,-0.000000,0.142857,0.111111,0.043417,0.058146,241.437500,526.138889,77.660771,80.994277,38.830386,40.497138,31680,22810,0.142857,3183.000000,0.000000,35.000000,1.553219,1.619889
0,-0.000000,0.071429,0.066667,0.046922,0.050866,513.003750,460.000000,41.241352,78.875887,20.620676,39.437944,70570,10,0.071429,196.000000,0.000000,20.000000,0.824830,1.577521
0,-0.000000,0.142857,0.100000,6.860942,1.528478,48765.561983,13408.555556,82.105894,78.013546,41.052947,39.006773,56580,36350,0.142857,1595.000000,0.000000,40.000000,1.642601,1.560358
0,-0.000000,0.285714,0.250000,1.358678,0.046267,568.147929,416.000000,73.331419,78.013552,36.665710,39.006776,64860,15180,0.285714,767.000000,0.000000,35.000000,1.485273,1.560274
0,0.000000,0.100000,0.027027,2.816852,0.284264,386.859375,2506.472222,74.658778,80.726504,37.329389,40.363252,26640,22280,0.100000,4123.000000,0.000000,35.000000,1.617356,1.614546
0,0.000000,0.064516,0.166667,0.293481,0.062561,1928.554989,576.000000,90.814972,88.013552,45.407486,44.006776,51880,48630,0.166667,2065.000000,0.000000,45.000000,1.816322,1.760274
0,0.000000,0.064516,0.166667,0.293481,0.062561,1928.554989,576.000000,90.814972,88.013552,45.407486,44.006776,51880,47270,0.166667,2065.000000,0.000000,45.000000,1.816322,1.760274
0,-0.000000,0.142857,0.125000,1.309006,0.057042,164.537778,503.472222,73.270607,79.667218,36.635304,39.833609,55840,15180,0.142857,767.000000,0.000000,35.000000,1.484053,1.593348
0,-0.000000,0.064516,0.027778,0.286466,0.082997,2451.439624,829.210938,82.636179,78.914139,41.318090,39.457070,57930,48820,0.064516,1460.000000,0.000000,40.000000,1.652740,1.578287
0,0.000000,1.000000,1.000000,10.600148,0.000000,676.480000,0.000000,79.924433,0.000000,39.962217,0.000000,25450,3670,1.000000,6514.000000,0.000000,35.000000,1.703093,0.000000
0,0.000000,0.500000,0.500000,4.286377,0.000000,929.665406,293.312500,77.927485,50.000000,38.963742,25.000000,30190,17620,0.500000,646.000000,0.000000,35.000000,1.741411,0.000000
0,-0.000000,0.714286,0.500000,0.015690,0.000000,95.312500,293.312500,56.293801,50.000000,28.146900,25.000000,2520,10,0.714286,3413.000000,0.000000,25.000000,1.125878,0.000000
0,-0.000000,0.125000,0.100000,47.727644,0.000000,1224.000000,2642.750000,74.203353,40.767565,37.101676,20.383782,12560,4090,0.125000,2409.000000,0.000000,35.000000,2.613992,0.000000
0,0.000000,0.500000,0.500000,0.102502,0.000000,900.375000,73.500000,56.250000,43.205706,28.125000,21.602853,34540,10,0.500000,211.000000,0.000000,25.000000,1.125006,0.000000
0,-0.000000,0.250000,0.222222,0.276362,0.000000,2053.000000,705.277344,78.907736,79.909227,39.453868,39.954613,79030,31730,0.250000,348.000000,0.000000,35.000000,1.578174,1.598185
0,0.000000,1.000000,1.000000,0.002489,0.000000,36.111111,19.444444,51.111111,42.592940,25.555556,21.296470,18350,10,1.000000,23.000000,0.000000,25.000000,1.022222,0.000000
0,0.000000,0.142857,0.142857,0.004873,0.000000,58.431111,47.320000,54.285714,44.285714,27.142857,22.142857,9040,10,0.142857,23.000000,0.000000,25.000000,1.085715,0.000000
0,0.000000,0.045455,0.045455,0.286616,0.179689,2645.830000,1566.720000,100.000000,50.000000,50.000000,25.000000,72000,68620,0.045455,21.000000,0.000000,50.000000,2.000016,0.000000
0,0.000000,0.045455,0.045455,0.286616,0.179689,2645.830000,1566.720000,100.000000,50.000000,50.000000,25.000000,71040,25400,0.045455,21.000000,0.000000,50.000000,2.000016,0.000000
0,0.000000,0.045455,0.045455,0.286616,0.179689,2645.830000,1566.720000,100.000000,50.000000,50.000000,25.000000,71040,68620,0.045455,21.000000,0.000000,50.000000,2.000016,0.000000
0,-0.000000,0.142857,0.111111,0.091709,0.026586,792.020408,252.000000,92.500000,41.428571,46.250000,20.714286,60410,7850,0.142857,1180.000000,0.000000,45.000000,1.850005,0.000000
0,-0.000003,0.058824,0.045455,1.576751,0.008811,1489.429688,81.120000,94.444373,41.502298,47.222187,20.751149,61710,28270,0.058824,954.000000,0.000000,45.000000,1.910710,0.000000
0,-0.000079,0.666667,0.588235,0.196040,0.116014,1664.577778,1157.062500,55.555964,37.176788,27.777982,18.588394,61090,10,0.666667,1112.000000,0.000000,25.000000,1.111131,0.000000
0,0.000000,0.045455,0.045455,0.286616,0.179689,2645.830000,1566.720000,100.000000,50.000000,50.000000,25.000000,72000,56690,0.045455,21.000000,0.000000,50.000000,2.000016,0.000000
0,-0.000000,0.222222,0.193548,19.698856,0.068710,1214.353741,720.000000,77.625035,50.000000,38.812518,25.000000,48210,1550,0.260870,2304.000000,0.000000,35.000000,1.979118,0.000000
0,0.000000,0.045455,0.045455,0.286616,0.179689,2645.830000,1566.720000,100.000000,50.000000,50.000000,25.000000,72000,25400,0.045455,21.000000,0.000000,50.000000,2.000016,0.000000
0,-0.000000,0.285714,0.250000,0.129906,0.054074,1128.567901,567.000000,90.000000,40.000000,45.000000,20.000000,82600,59780,0.285714,1243.000000,0.000000,40.000000,1.800007,0.000000
0,-0.000000,0.062500,0.037037,0.223152,0.214362,1667.131519,1777.959184,88.349092,50.000000,44.174546,25.000000,67940,47940,0.062500,2331.000000,0.000000,40.000000,1.766997,0.000000
0,-0.000003,0.058824,0.045455,1.576751,0.008811,1489.429688,81.120000,94.444373,41.502298,47.222187,20.751149,62670,28270,0.058824,954.000000,0.000000,45.000000,1.910710,0.000000
0,-0.000000,0.222222,0.193548,1.319845,0.068710,1487.424036,720.000000,90.360033,50.000000,45.180016,25.000000,49710,37570,0.260870,2250.000000,0.000000,45.000000,1.807970,0.000000
0,0.000000,0.045455,0.045455,0.286616,0.179689,2645.830000,1566.720000,100.000000,50.000000,50.000000,25.000000,71040,45430,0.045455,21.000000,0.000000,50.000000,2.000016,0.000000
0,0.000000,1.000000,0.875000,0.586612,0.137554,812.250000,1183.000000,87.500000,40.491864,43.750000,20.245932,50880,10,1.000000,2037.000000,0.000000,40.000000,1.750257,0.000000
0,-0.000000,0.062500,0.037037,1.376055,0.214362,1940.201814,1777.959184,90.360033,50.000000,45.180016,25.000000,70100,49710,0.062500,2250.000000,0.000000,45.000000,1.807974,0.000000
0,-0.000079,0.666667,0.588235,0.196040,0.116014,1664.577778,1157.062500,55.555964,37.176788,27.777982,18.588394,60130,10,0.666667,1112.000000,0.000000,25.000000,1.111131,0.000000
0,-0.000000,0.454545,0.193548,2.223930,0.068710,756.597222,720.000000,82.160922,50.000000,41.080461,25.000000,33340,22160,0.454545,3791.000000,0.000000,40.000000,1.647222,0.000000
0,-0.000000,0.142857,0.111111,0.091709,0.026586,792.020408,252.000000,92.500000,41.428571,46.250000,20.714286,59450,7850,0.142857,1180.000000,0.000000,45.000000,1.850005,0.000000
0,-0.000000,0.285714,0.250000,0.129906,0.054074,1128.567901,567.000000,90.000000,40.000000,45.000000,20.000000,82600,58820,0.285714,1243.000000,0.000000,40.000000,1.800007,0.000000
0,-0.000000,0.125000,0.133333,0.173800,1.929235,1609.583333,16184.000000,88.944866,38.793377,44.472433,19.396688,68030,25310,0.153846,418.000000,0.000000,40.000000,1.778907,0.000000
0,0.000000,0.045455,0.045455,0.286616,0.179689,2645.830000,1566.720000,100.000000,50.000000,50.000000,25.000000,71040,56690,0.045455,21.000000,0.000000,50.000000,2.000016,0.000000
0,0.000000,0.105263,0.105263,0.109915,0.003558,1114.789012,35.679012,90.999827,40.999899,45.499914,20.499949,71040,12110,0.105263,21.000000,0.000000,45.000000,1.820002,0.000000
0,-0.000000,0.181818,0.125000,0.476075,0.356678,3666.020408,2943.500000,89.835452,40.714282,44.917726,20.357141,60000,30850,0.181818,1221.000000,0.000000,40.000000,1.796740,0.000000
0,0.000000,0.200000,0.200000,0.133377,0.013182,1422.996540,144.000000,87.500000,42.499946,43.750000,21.249973,67690,10,0.200000,452.000000,0.000000,40.000000,1.750007,0.000000
0,0.000000,0.200000,0.200000,0.133377,0.013182,1422.996540,144.000000,87.500000,42.499946,43.750000,21.249973,66730,10,0.200000,452.000000,0.000000,40.000000,1.750007,0.000000
0,-0.000000,0.062500,0.037037,0.223152,0.214362,1667.131519,1777.959184,88.349092,50.000000,44.174546,25.000000,69290,47940,0.062500,2331.000000,0.000000,40.000000,1.766997,0.000000
0,-0.000000,0.181818,0.125000,0.476075,0.356678,3666.020408,2943.500000,89.835452,40.714282,44.917726,20.357141,59040,30850,0.181818,1221.000000,0.000000,40.000000,1.796740,0.000000
0,0.000000,1.000000,1.000000,1.538986,0.000000,2074.848073,0.000000,80.720065,0.000000,40.360033,0.000000,49710,48750,1.000000,2250.000000,0.000000,40.000000,1.615204,0.000000
0,-0.000000,0.222222,0.193548,1.319845,0.068710,1487.424036,720.000000,90.360033,50.000000,45.180016,25.000000,49710,2090,0.260870,2250.000000,0.000000,45.000000,1.807970,0.000000
0,-0.000000,0.125000,0.133333,0.173800,1.929235,1609.583333,16184.000000,88.944866,38.793377,44.472433,19.396688,67070,25310,0.153846,418.000000,0.000000,40.000000,1.778907,0.000000
0,-0.000000,0.062500,0.037037,1.376055,0.214362,1940.201814,1777.959184,90.360033,50.000000,45.180016,25.000000,68750,49710,0.062500,2250.000000,0.000000,45.000000,1.807974,0.000000
0,0.000000,1.000000,0.875000,0.586612,0.137554,812.250000,1183.000000,87.500000,40.491864,43.750000,20.245932,51840,10,1.000000,2037.000000,0.000000,40.000000,1.750257,0.000000
0,0.000000,0.045455,0.045455,0.286616,0.179689,2645.830000,1566.720000,100.000000,50.000000,50.000000,25.000000,72000,45430,0.045455,21.000000,0.000000,50.000000,2.000016,0.000000
0,0.000000,0.105263,0.105263,0.109915,0.003558,1114.789012,35.679012,90.999827,40.999899,45.499914,20.499949,72000,12110,0.105263,21.000000,0.000000,45.000000,1.820002,0.000000
0,-0.000000,1.000000,0.571429,7.785414,0.000000,217.937500,2729.861111,67.554371,80.248587,33.777186,40.124294,17390,10,1.000000,4832.000000,0.000000,30.000000,1.760979,1.604972
0,-0.000000,0.066667,0.032258,0.047896,0.000000,263.370370,5973.861111,81.523406,74.079535,40.761703,37.039767,31970,16130,0.066667,3220.000000,0.000000,40.000000,1.630472,1.481591
0,-0.000000,0.111111,0.142857,0.036610,0.000000,204.870370,4244.000000,81.303629,73.830925,40.651815,36.915463,33510,31970,0.363636,3220.000000,0.000000,40.000000,1.626076,1.476619
0,0.000000,0.166667,0.222222,0.053079,0.000000,449.442177,81.000000,99.241041,77.534106,49.620521,38.767053,42500,28970,0.222222,398.000000,0.000000,45.000000,1.984824,1.550682
0,-0.000000,0.090909,0.050000,0.479233,0.000000,2928.000000,86.888889,100.000000,77.534106,50.000000,38.767053,25620,23200,0.090909,3601.000000,0.000000,50.000000,2.000040,1.550682
0,0.000000,0.066667,0.066667,1.323976,0.000000,8791.454082,8990.285714,88.461538,100.000000,44.230769,50.000000,88420,30530,0.066667,143.000000,0.000000,40.000000,1.771027,2.000000
0,0.000000,0.142857,0.142857,0.526250,0.000000,1055.454082,940.285714,80.128181,92.274958,40.064091,46.137479,58490,10530,0.142857,143.000000,0.000000,40.000000,1.604319,1.845499
0,0.000000,1.000000,1.000000,10.798832,0.000000,488.960000,727.000000,87.500000,67.202281,43.750000,33.601140,12810,10,1.000000,3367.000000,0.000000,40.000000,1.919027,1.344046
0,-0.000000,0.086957,0.344828,0.167469,0.000000,1205.224490,267.285714,100.000000,77.534106,50.000000,38.767053,40830,40120,0.370370,1909.000000,0.000000,50.000000,2.000012,1.550682
0,0.000000,0.066667,0.066667,1.323976,0.000000,8791.454082,8990.285714,88.461538,100.000000,44.230769,50.000000,58490,30530,0.066667,143.000000,0.000000,40.000000,1.771027,2.000000
0,-0.000000,0.043478,0.040000,12.013292,0.000000,1826.625000,873.367347,87.268856,68.439523,43.634428,34.219762,38670,19160,0.043478,781.000000,0.000000,40.000000,1.826426,1.368790
0,0.000000,0.166667,0.166667,0.044152,0.000000,420.000000,63.000000,60.000000,69.943078,30.000000,34.971539,44190,10,0.166667,229.000000,0.000000,25.000000,1.200003,1.398862
0,0.000000,0.071429,0.071429,0.085340,0.000000,734.568327,155.165680,90.666658,68.200771,45.333329,34.100386,45880,33040,0.071429,60.000000,0.000000,45.000000,1.813338,1.364015
0,-0.000000,0.181818,0.142857,0.057086,0.000000,475.555556,53.888889,90.000000,68.784106,45.000000,34.392053,53890,53030,0.181818,532.000000,0.000000,40.000000,1.800003,1.375682
0,0.000000,0.166667,0.166667,0.044152,0.000000,420.000000,63.000000,60.000000,69.943078,30.000000,34.971539,56920,10,0.166667,229.000000,0.000000,25.000000,1.200003,1.398862
0,-0.000000,0.043478,0.040000,12.013292,0.000000,1826.625000,873.367347,87.268856,68.439523,43.634428,34.219762,51400,19160,0.043478,781.000000,0.000000,40.000000,1.826426,1.368790
0,-0.000004,0.166667,0.142857,0.431302,0.000000,541.454082,940.285714,80.461538,89.668175,40.230769,44.834087,88420,32250,0.166667,143.000000,0.000000,40.000000,1.610978,1.793363
0,-0.000000,0.030303,0.027778,0.101207,0.000000,946.442177,460.210938,90.581516,68.441715,45.290758,34.220857,60390,42760,0.030303,372.000000,0.000000,45.000000,1.811636,1.368834
0,0.000000,0.066667,0.066667,1.323976,0.000000,8791.454082,8990.285714,88.461538,100.000000,44.230769,50.000000,88420,14620,0.066667,143.000000,0.000000,40.000000,1.771027,2.000000
0,0.000000,0.166667,0.222222,0.053079,0.000000,449.442177,81.000000,99.241041,77.534106,49.620521,38.767053,42500,41440,0.222222,398.000000,0.000000,45.000000,1.984824,1.550682
0,0.000000,0.066667,0.066667,1.323976,0.000000,8791.454082,8990.285714,88.461538,100.000000,44.230769,50.000000,58490,14620,0.066667,143.000000,0.000000,40.000000,1.771027,2.000000
0,0.000000,1.000000,1.000000,0.000000,0.000000,989.000000,727.000000,62.265357,69.809064,31.132678,34.904532,34530,10,1.000000,1195.000000,0.000000,30.000000,1.245307,1.396181
0,-0.000000,0.086957,0.344828,0.167469,0.000000,1205.224490,267.285714,100.000000,77.534106,50.000000,38.767053,40830,27390,0.370370,1909.000000,0.000000,50.000000,2.000012,1.550682
0,-0.000000,0.454545,0.333333,4.952748,0.000000,581.978455,8777.000000,90.815217,77.534106,45.407609,38.767053,53630,10470,0.454545,558.000000,0.000000,45.000000,1.846154,1.550682
0,-0.000000,0.090909,0.050000,0.479233,0.000000,2928.000000,86.888889,100.000000,77.534106,50.000000,38.767053,49740,23200,0.090909,3601.000000,0.000000,50.000000,2.000040,1.550682
0,0.000000,0.166667,0.222222,0.053079,0.000000,449.442177,81.000000,99.241041,77.534106,49.620521,38.767053,74840,55230,0.222222,398.000000,0.000000,45.000000,1.984824,1.550682
0,0.000000,1.000000,1.000000,10.798832,0.000000,488.960000,727.000000,87.500000,67.202281,43.750000,33.601140,25540,10,1.000000,3367.000000,0.000000,40.000000,1.919027,1.344046
0,0.000000,0.166667,0.333333,4.935290,0.000000,423.756233,8777.000000,92.065217,77.534106,46.032609,38.767053,40900,26380,0.357143,558.000000,0.000000,45.000000,1.871153,1.550682
0,-0.000003,0.214286,0.136364,0.576185,0.000000,401.666100,108.120000,91.757142,69.177012,45.878571,34.588506,33760,25150,0.214286,1272.000000,0.000000,45.000000,1.835622,1.383540
0,0.000000,0.166667,0.222222,0.053079,0.000000,449.442177,81.000000,99.241041,77.534106,49.620521,38.767053,74840,42500,0.222222,398.000000,0.000000,45.000000,1.984824,1.550682
0,0.000000,0.166667,0.222222,0.053079,0.000000,449.442177,81.000000,99.241041,77.534106,49.620521,38.767053,55230,41440,0.222222,398.000000,0.000000,45.000000,1.984824,1.550682
0,0.000000,0.222222,0.222222,0.054853,0.000000,464.108844,69.666667,90.907690,69.200773,45.453845,34.600386,62610,55230,0.222222,398.000000,0.000000,45.000000,1.818157,1.384015
0,-0.000000,0.181818,0.142857,0.057086,0.000000,475.555556,53.888889,90.000000,68.784106,45.000000,34.392053,53030,41160,0.181818,532.000000,0.000000,40.000000,1.800003,1.375682
0,-0.000003,0.214286,0.136364,0.576185,0.000000,401.666100,108.120000,91.757142,69.177012,45.878571,34.588506,46490,25150,0.214286,1272.000000,0.000000,45.000000,1.835622,1.383540
0,-0.000000,0.030303,0.027778,0.101207,0.000000,946.442177,460.210938,90.581516,68.441715,45.290758,34.220857,60390,55490,0.030303,372.000000,0.000000,45.000000,1.811636,1.368834
0,-0.000000,0.086957,0.344828,0.167469,0.000000,1205.224490,267.285714,100.000000,77.534106,50.000000,38.767053,70760,40120,0.370370,1909.000000,0.000000,50.000000,2.000012,1.550682
0,0.000000,0.222222,0.222222,0.054853,0.000000,464.108844,69.666667,90.907690,69.200773,45.453845,34.600386,62610,42500,0.222222,398.000000,0.000000,45.000000,1.818157,1.384015
0,0.000000,0.142857,0.142857,0.526250,0.000000,1055.454082,940.285714,80.128181,92.274958,40.064091,46.137479,88420,10530,0.142857,143.000000,0.000000,40.000000,1.604319,1.845499
0,0.000000,0.166667,0.333333,4.935290,0.000000,423.756233,8777.000000,92.065217,77.534106,46.032609,38.767053,53630,26380,0.357143,558.000000,0.000000,45.000000,1.871153,1.550682
0,-0.000000,0.086957,0.344828,0.167469,0.000000,1205.224490,267.285714,100.000000,77.534106,50.000000,38.767053,70760,27390,0.370370,1909.000000,0.000000,50.000000,2.000012,1.550682
0,-0.000000,0.090909,0.050000,0.479233,0.000000,2928.000000,86.888889,100.000000,77.534106,50.000000,38.767053,49740,10470,0.090909,3601.000000,0.000000,50.000000,2.000040,1.550682
0,0.000000,0.071429,0.071429,0.085340,0.000000,734.568327,155.165680,90.666658,68.200771,45.333329,34.100386,58610,33040,0.071429,60.000000,0.000000,45.000000,1.813338,1.364015
0,0.000000,0.166667,0.222222,0.053079,0.000000,449.442177,81.000000,99.241041,77.534106,49.620521,38.767053,55230,28970,0.222222,398.000000,0.000000,45.000000,1.984824,1.550682
0,0.000000,1.000000,1.000000,0.000000,0.000000,989.000000,727.000000,62.265357,69.809064,31.132678,34.904532,47260,10,1.000000,1195.000000,0.000000,30.000000,1.245307,1.396181
0,-0.000000,0.090909,0.050000,0.479233,0.000000,2928.000000,86.888889,100.000000,77.534106,50.000000,38.767053,25620,10470,0.090909,3601.000000,0.000000,50.000000,2.000040,1.550682
0,-0.000004,0.166667,0.142857,0.431302,0.000000,541.454082,940.285714,80.461538,89.668175,40.230769,44.834087,58490,32250,0.166667,143.000000,0.000000,40.000000,1.610978,1.793363
0,-0.000000,0.454545,0.333333,4.952748,0.000000,581.978455,8777.000000,90.815217,77.534106,45.407609,38.767053,40900,10470,0.454545,558.000000,0.000000,45.000000,1.846154,1.550682
0,0.000000,0.200000,0.200000,0.466150,0.336331,3775.000000,3226.666667,70.833208,40.576090,35.416604,20.288045,48290,10,0.200000,774.000000,0.000000,35.000000,1.416694,0.000000
0,0.000000,0.200000,0.200000,0.030017,0.584913,366.693878,4506.666667,71.662386,40.666274,35.831193,20.333137,30990,10,0.200000,774.000000,0.000000,35.000000,1.433249,0.000000
0,0.000000,0.200000,0.200000,0.027669,0.017941,316.320000,163.265306,71.666599,41.999922,35.833299,20.999961,59770,10,0.200000,774.000000,0.000000,35.000000,1.433334,0.000000
0,0.000000,1.000000,1.000000,1.062266,0.084323,633.555556,774.320988,71.661815,41.799812,35.830907,20.899906,56310,10,1.000000,774.000000,0.000000,35.000000,1.434294,0.000000
0,-0.000000,0.333333,0.263158,0.055276,0.003543,460.830204,35.679012,61.357924,40.796179,30.678962,20.398089,56520,10,0.357143,1254.000000,0.000000,30.000000,1.227162,0.000000
0,-0.000000,0.200000,0.400000,0.078530,0.002012,642.708333,36.000000,79.981372,39.696166,39.990686,19.848083,58940,10,0.500000,2583.000000,0.000000,35.000000,1.599633,0.000000
0,0.000000,1.000000,1.000000,18.648879,0.000000,1078.444444,0.000000,86.756926,0.000000,43.378463,0.000000,23200,10,1.000000,4586.000000,0.000000,40.000000,1.921228,0.000000
0,-0.000000,0.111111,0.125000,0.068622,0.605099,536.320000,5323.500000,90.909087,39.902765,45.454543,19.951383,56710,56450,0.142857,1261.000000,0.000000,45.000000,1.818186,0.000000
0,-0.000000,0.062500,0.045455,8.672332,0.021371,531.500000,196.875000,89.169317,39.621220,44.584658,19.810610,31160,3540,0.062500,1471.000000,0.000000,40.000000,1.877805,0.000000
0,-0.000000,0.142857,0.090909,8.664985,0.322515,458.000000,2560.000000,88.621934,40.000000,44.310967,20.000000,11130,2100,0.142857,1471.000000,0.000000,40.000000,1.866857,0.000000
0,0.000000,1.000000,1.000000,18.648879,0.000000,1078.444444,0.000000,86.756926,0.000000,43.378463,0.000000,11270,10,1.000000,4586.000000,0.000000,40.000000,1.921228,0.000000
0,-0.000000,0.142857,0.090909,8.664985,0.322515,458.000000,2560.000000,88.621934,40.000000,44.310967,20.000000,31160,2100,0.142857,1471.000000,0.000000,40.000000,1.866857,0.000000
0,-0.000000,0.062500,0.045455,8.672332,0.021371,531.500000,196.875000,89.169317,39.621220,44.584658,19.810610,42420,3540,0.062500,1471.000000,0.000000,40.000000,1.877805,0.000000
0,-0.000000,0.071429,0.400000,14.868677,0.002012,2738.444444,36.000000,85.630463,39.696166,42.815232,19.848083,64340,36700,0.500000,2043.000000,0.000000,40.000000,1.765746,0.000000
0,-0.000000,0.333333,0.263158,0.055276,0.003543,460.830204,35.679012,61.357924,40.796179,30.678962,20.398089,44590,10,0.357143,1254.000000,0.000000,30.000000,1.227162,0.000000
0,-0.000000,0.062500,0.045455,8.672332,0.021371,531.500000,196.875000,89.169317,39.621220,44.584658,19.810610,11130,3540,0.062500,1471.000000,0.000000,40.000000,1.877805,0.000000
0,-0.000000,0.333333,0.263158,0.055276,0.003543,460.830204,35.679012,61.357924,40.796179,30.678962,20.398089,13300,10,0.357143,1254.000000,0.000000,30.000000,1.227162,0.000000
0,-0.000000,0.071429,0.400000,14.868677,0.002012,2738.444444,36.000000,85.630463,39.696166,42.815232,19.848083,64340,48630,0.500000,2043.000000,0.000000,40.000000,1.765746,0.000000
0,-0.000000,0.111111,0.125000,0.068622,0.605099,536.320000,5323.500000,90.909087,39.902765,45.454543,19.951383,56710,44520,0.142857,1261.000000,0.000000,45.000000,1.818186,0.000000
0,-0.000000,0.111111,0.125000,0.068622,0.605099,536.320000,5323.500000,90.909087,39.902765,45.454543,19.951383,56710,33260,0.142857,1261.000000,0.000000,45.000000,1.818186,0.000000
0,-0.000000,0.142857,0.090909,8.664985,0.322515,458.000000,2560.000000,88.621934,40.000000,44.310967,20.000000,42420,2100,0.142857,1471.000000,0.000000,40.000000,1.866857,0.000000
0,-0.000000,0.071429,0.400000,14.868677,0.002012,2738.444444,36.000000,85.630463,39.696166,42.815232,19.848083,64340,25440,0.500000,2043.000000,0.000000,40.000000,1.765746,0.000000
0,-0.000000,0.333333,0.263158,0.055276,0.003543,460.830204,35.679012,61.357924,40.796179,30.678962,20.398089,33330,10,0.357143,1254.000000,0.000000,30.000000,1.227162,0.000000
0,-0.000000,0.062500,0.045455,8.672332,0.021371,531.500000,196.875000,89.169317,39.621220,44.584658,19.810610,54350,3540,0.062500,1471.000000,0.000000,40.000000,1.877805,0.000000
0,0.000000,0.800000,1.000000,1.093476,0.000000,341.671296,0.000000,91.948171,0.000000,45.974086,0.000000,20040,10,1.000000,2583.000000,0.000000,45.000000,1.840981,0.000000
0,0.000000,1.000000,1.000000,75.152542,0.000000,1800.000000,0.000000,78.766305,0.000000,39.383153,0.000000,20120,8190,1.000000,4894.000000,0.000000,35.000000,3.313966,0.000000
0,0.000000,0.800000,1.000000,1.093476,0.000000,341.671296,0.000000,91.948171,0.000000,45.974086,0.000000,31300,10,1.000000,2583.000000,0.000000,45.000000,1.840981,0.000000
0,-0.000000,0.142857,0.090909,8.664985,0.322515,458.000000,2560.000000,88.621934,40.000000,44.310967,20.000000,54350,2100,0.142857,1471.000000,0.000000,40.000000,1.866857,0.000000
0,0.000000,0.800000,1.000000,1.093476,0.000000,341.671296,0.000000,91.948171,0.000000,45.974086,0.000000,43230,10,1.000000,2583.000000,0.000000,45.000000,1.840981,0.000000
0,-0.000000,0.111111,0.125000,0.068622,0.605099,536.320000,5323.500000,90.909087,39.902765,45.454543,19.951383,56710,13230,0.142857,1261.000000,0.000000,45.000000,1.818186,0.000000
0,0.000000,0.117647,0.076923,0.031827,0.000000,273.250000,144.165680,82.275177,80.666665,41.137589,40.333333,25310,10390,0.117647,851.000000,0.000000,40.000000,1.645505,1.613333
0,0.000000,0.058824,0.076923,2.209979,0.000000,291.000000,59.719008,77.260457,82.000000,38.630228,41.000000,20100,11700,0.076923,720.000000,0.000000,35.000000,1.569384,1.640000
0,-0.000000,0.125000,0.090909,3.464981,0.000000,405.423406,529.210938,73.050778,80.908654,36.525389,40.454327,57920,5990,0.125000,648.000000,0.000000,35.000000,1.677066,1.618173
0,0.000000,0.076923,0.076923,32.857007,0.000000,1248.875740,1333.210938,81.584216,80.908422,40.792108,40.454211,60380,49930,0.076923,402.000000,0.000000,40.000000,2.475108,1.618168
0,0.000000,0.125000,0.363636,3.976986,0.000000,4788.222222,996.000000,73.110882,80.000317,36.555441,40.000158,47470,5990,0.363636,648.000000,0.000000,35.000000,1.678298,1.600006
0,0.000000,0.833333,0.833333,0.006687,0.004313,80.000000,40.640625,34.398165,37.342457,17.199082,18.671229,470,10,0.833333,314.000000,0.000000,15.000000,0.687964,0.000000
0,-0.000000,0.125000,0.111111,0.100370,0.034423,229.722222,305.000000,82.968140,86.759867,41.484070,43.379934,13180,4020,0.125000,512.000000,0.000000,40.000000,1.659470,1.735199
0,-0.000000,0.272727,0.333333,1.336106,0.000000,43.360000,36.125000,81.513324,40.155421,40.756662,20.077711,13690,7480,0.375000,630.000000,0.000000,40.000000,1.652035,0.000000
0,-0.000000,0.090909,0.111111,1.290536,0.000000,71.610000,262.888889,89.312832,50.000000,44.656416,25.000000,29840,9570,0.125000,421.000000,0.000000,40.000000,1.801014,0.000000
0,-0.000000,0.090909,0.111111,1.290536,0.000000,71.610000,262.888889,89.312832,50.000000,44.656416,25.000000,16260,9570,0.125000,421.000000,0.000000,40.000000,1.801014,0.000000
0,-0.000000,0.272727,0.333333,0.628696,0.000000,34.804444,19.444444,82.940270,40.000000,41.470135,20.000000,7480,3930,0.375000,630.000000,0.000000,40.000000,1.671582,0.000000
0,-0.000000,0.090909,0.111111,9.919495,0.000000,278.248889,262.888889,84.322129,50.000000,42.161064,25.000000,10540,4280,0.125000,324.000000,0.000000,40.000000,1.873511,0.000000
0,0.000034,0.047619,0.142857,2.544493,0.038449,218.278761,382.794766,69.499866,90.144622,34.749933,45.072311,57850,50910,0.142857,3373.000000,0.000000,30.000000,1.522575,1.802894
0,0.000011,0.037037,0.047619,0.450921,0.077028,761.454082,820.277778,88.461538,99.929434,44.230769,49.964717,88420,23220,0.047619,316.000000,0.000000,40.000000,1.770979,1.998592
0,0.000011,0.037037,0.047619,0.384863,0.017059,80.967682,157.992275,79.813602,91.205901,39.906801,45.602950,58490,37980,0.047619,316.000000,0.000000,35.000000,1.598017,1.824119
0,0.000011,0.037037,0.047619,0.450921,0.077028,761.454082,820.277778,88.461538,99.929434,44.230769,49.964717,58700,58490,0.047619,316.000000,0.000000,40.000000,1.770979,1.998592
0,-0.000000,0.100000,0.047619,0.389320,0.019119,126.330625,181.397778,82.097898,92.418698,41.048949,46.209349,58490,36440,0.100000,316.000000,0.000000,40.000000,1.643703,1.848375
0,-0.000000,0.100000,0.047619,0.389320,0.019119,126.330625,181.397778,82.097898,92.418698,41.048949,46.209349,88420,36440,0.100000,316.000000,0.000000,40.000000,1.643703,1.848375
0,0.000011,0.037037,0.047619,0.450921,0.077028,761.454082,820.277778,88.461538,99.929434,44.230769,49.964717,88420,58700,0.047619,316.000000,0.000000,40.000000,1.770979,1.998592
0,0.000034,0.047619,0.142857,2.544493,0.038449,218.278761,382.794766,69.499866,90.144622,34.749933,45.072311,50910,27920,0.142857,3373.000000,0.000000,30.000000,1.522575,1.802894
0,0.000011,0.037037,0.047619,0.450921,0.077028,761.454082,820.277778,88.461538,99.929434,44.230769,49.964717,58490,23220,0.047619,316.000000,0.000000,40.000000,1.770979,1.998592
0,0.000011,0.037037,0.047619,0.384863,0.017059,80.967682,157.992275,79.813602,91.205901,39.906801,45.602950,88420,37980,0.047619,316.000000,0.000000,35.000000,1.598017,1.824119
0,0.000000,0.500000,0.625000,0.382473,0.081329,2910.668639,800.000000,40.241011,81.445826,20.120506,40.722913,48390,10,0.625000,473.000000,0.000000,20.000000,0.804846,1.628921
0,-0.000000,0.058824,0.047619,0.480410,0.041443,3543.085000,507.428571,81.203377,81.840720,40.601688,40.920360,60610,44400,0.058824,872.000000,0.000000,40.000000,1.624100,1.636816
0,0.000000,0.333333,0.333333,1.554939,0.118165,1720.552469,1100.000000,82.289095,77.727008,41.144547,38.863504,77630,52190,0.333333,93.000000,0.000000,40.000000,1.650382,1.554547
0,-0.000000,0.041667,0.040000,25.612373,0.303888,6982.265306,2734.469136,81.058829,80.622164,40.529415,40.311082,47870,27510,0.066667,2561.000000,0.000000,40.000000,1.670503,1.612461
0,-0.000000,0.055556,0.050000,0.025991,0.036428,210.605000,360.489796,84.166672,77.954594,42.083336,38.977297,60610,24290,0.055556,872.000000,0.000000,40.000000,1.683335,1.559094
0,0.000000,0.250000,0.500000,0.035209,0.032459,287.080000,453.061224,40.000000,76.113874,20.000000,38.056937,20120,10,0.533333,3300.000000,0.000000,15.000000,0.800002,1.522279
0,-0.000000,0.333333,0.142857,0.037953,0.043669,290.392500,684.000000,49.999811,80.000000,24.999905,40.000000,17500,10,0.333333,3562.000000,0.000000,20.000000,0.999999,1.600001
0,-0.000003,0.379310,0.366667,6.723928,8.654999,3290.097778,69920.000000,78.931488,79.462116,39.465744,39.731058,50020,27120,0.379310,310.000000,0.000000,35.000000,1.612716,1.589779
0,0.000000,0.100000,0.100000,0.330682,0.024910,2549.428571,363.000000,81.638749,82.476272,40.819374,41.238136,49200,41130,0.100000,392.000000,0.000000,40.000000,1.632796,1.649526
0,0.000000,0.166667,0.166667,0.452406,0.021361,3325.000000,325.000000,39.189556,80.000000,19.594778,40.000000,45400,10,0.166667,772.000000,0.000000,15.000000,0.783822,1.600001
0,-0.000000,0.028571,0.024390,0.324693,0.025178,2407.872720,357.714497,81.403475,81.294436,40.701737,40.647218,46110,34280,0.028571,701.000000,0.000000,40.000000,1.628091,1.625890
0,-0.000000,0.021739,0.018868,0.349336,0.046508,2660.963273,582.516988,79.949459,80.256152,39.974730,40.128076,77780,46110,0.021739,701.000000,0.000000,35.000000,1.599012,1.605125
0,-0.000000,0.052632,0.050000,6.374188,8.649983,625.000000,69773.061224,81.561184,75.575990,40.780592,37.787995,29910,27120,0.052632,310.000000,0.000000,40.000000,1.665287,1.512056
0,0.000000,0.222222,0.222222,0.425299,0.060266,3220.916667,748.000000,81.325385,80.001459,40.662693,40.000730,45800,33440,0.222222,732.000000,0.000000,40.000000,1.626536,1.600032
0,0.000000,0.333333,0.333333,0.000000,0.024772,4264.456790,425.000000,47.310284,80.000000,23.655142,40.000000,44300,10,0.333333,882.000000,0.000000,20.000000,0.946206,1.600001
0,0.000000,0.375000,0.375000,2.422514,8.698853,615.840000,70120.000000,72.504669,80.907942,36.252334,40.453971,28640,3160,0.375000,158.000000,0.000000,35.000000,1.587923,1.618698
0,0.000000,0.125000,0.125000,2.350904,0.076314,49.160000,653.061224,74.213271,77.559700,37.106635,38.779850,31430,3160,0.125000,158.000000,0.000000,35.000000,1.622090,1.551199
0,0.000000,0.555556,0.555556,0.000000,0.000000,72.375000,30.375000,66.666667,50.000000,33.333333,25.000000,45330,10,0.555556,255.000000,0.000000,30.000000,1.333333,0.000000
0,0.000000,0.555556,0.555556,0.000000,0.000000,72.375000,30.375000,66.666667,50.000000,33.333333,25.000000,78730,10,0.555556,255.000000,0.000000,30.000000,1.333333,0.000000
0,0.000000,0.200000,0.200000,0.000000,0.000000,78.263889,117.187500,66.666667,50.000000,33.333333,25.000000,85660,10,0.200000,255.000000,0.000000,30.000000,1.333333,0.000000
0,0.000000,0.555556,0.555556,0.000000,0.000000,61.041667,77.777778,58.333333,36.878654,29.166667,18.439327,66500,10,0.555556,255.000000,0.000000,25.000000,1.166667,0.000000
0,0.000000,0.200000,0.200000,0.000000,0.000000,78.263889,117.187500,66.666667,50.000000,33.333333,25.000000,61540,10,0.200000,255.000000,0.000000,30.000000,1.333333,0.000000
0,0.000000,0.555556,0.555556,0.000000,0.000000,72.375000,30.375000,66.666667,50.000000,33.333333,25.000000,32860,10,0.555556,255.000000,0.000000,30.000000,1.333333,0.000000
0,0.000000,0.062500,0.071429,0.390199,0.000000,505.182857,541.500000,78.066871,80.141108,39.033436,40.070554,35940,6550,0.071429,428.000000,0.000000,35.000000,1.561561,1.602822
0,-0.000000,0.047619,0.045455,0.392386,0.000000,491.142857,504.875000,79.152296,81.049430,39.576148,40.524715,65830,6550,0.047619,428.000000,0.000000,35.000000,1.583269,1.620989
0,-0.000000,0.052632,0.047619,4.571097,0.000000,1961.446566,9490.750000,90.908942,88.013689,45.454471,44.006845,33790,8950,0.052632,655.000000,0.000000,45.000000,1.915435,1.760274
0,-0.000000,0.052632,0.047619,4.571097,0.000000,1961.446566,9490.750000,90.908942,88.013689,45.454471,44.006845,33790,6940,0.052632,655.000000,0.000000,45.000000,1.915435,1.760274
0,-0.000000,0.200000,0.166667,4.571097,0.000000,171.421875,8505.000000,80.908942,71.925804,40.454471,35.962902,33790,7920,0.200000,655.000000,0.000000,40.000000,1.715435,1.438516
0,-0.000000,0.052632,0.047619,4.571097,0.000000,1961.446566,9490.750000,90.908942,88.013689,45.454471,44.006845,44160,33790,0.052632,655.000000,0.000000,45.000000,1.915435,1.760274
0,-0.000000,0.052632,0.047619,4.571097,0.000000,1961.446566,9490.750000,90.908942,88.013689,45.454471,44.006845,33790,20770,0.052632,655.000000,0.000000,45.000000,1.915435,1.760274
0,-0.000001,0.166667,0.125000,0.050861,0.127120,386.306122,1009.000000,72.662016,79.685572,36.331008,39.842786,31650,2530,0.166667,502.000000,0.000000,35.000000,1.453244,1.593719
0,0.000000,0.363636,0.500000,12.260677,0.284565,851.440000,2711.111111,79.099542,86.378538,39.549771,43.189269,20480,15820,0.500000,5601.000000,0.000000,35.000000,1.672262,1.727586
0,0.000000,0.066667,0.071429,0.000000,0.000000,340.571429,1187.925089,44.801283,40.565071,22.400642,20.282536,76740,10,0.071429,975.000000,0.000000,20.000000,0.896026,0.000000
0,0.000000,0.066667,0.071429,48.489857,0.000000,13076.555556,29794.333333,61.125694,39.162621,30.562847,19.581310,47110,300,0.071429,946.000000,0.000000,30.000000,1.312840,0.000000
0,0.000000,0.500000,0.500000,0.001402,0.000000,34.484375,16.000000,41.437580,39.499089,20.718790,19.749544,8030,10,0.500000,173.000000,0.000000,20.000000,0.828752,0.000000
0,0.000000,0.200000,0.214286,0.000000,0.000000,1152.581315,2037.244898,44.560893,39.875493,22.280446,19.937746,65430,10,0.214286,975.000000,0.000000,20.000000,0.891218,0.000000
0,-0.000025,0.666667,0.545455,0.230065,0.000000,33.796875,112.000000,80.018893,36.721073,40.009446,18.360537,13320,5260,0.666667,450.000000,0.000000,40.000000,1.601207,0.000000
0,0.000000,0.250000,0.250000,0.001385,0.000000,45.484375,27.000000,41.428573,37.711338,20.714287,18.855669,8630,10,0.250000,113.000000,0.000000,20.000000,0.828572,0.000000
0,0.000000,0.066667,0.071429,0.000000,0.000000,258.040000,275.000000,45.399304,40.485262,22.699652,20.242631,31390,10,0.071429,975.000000,0.000000,20.000000,0.907986,0.000000
0,0.000000,0.200000,0.214286,0.000000,0.000000,169.506925,108.045000,46.119804,41.154182,23.059902,20.577091,73460,10,0.214286,975.000000,0.000000,20.000000,0.922396,0.000000
