thread_id,v_rel_smoothed,initial_chi,final_chi,pre_p_mag,post_p_mag,pre_mass,post_mass,pre_s_sum,post_s_sum,pre_s_mean,post_s_mean,pre_age_a,pre_age_b,chi_max,duration,theta,stability_bin,pre_E_total,post_E_total
0,0.000249,0.833333,0.947368,13.070662,387.023015,1610.333333,39415.000000,26.962110,41.096084,13.481055,20.548042,330,140,0.947368,31.000000,0.000000,10.000000,0.599775,2.723024
0,0.000000,1.000000,1.000000,5.447316,0.000000,318.222222,1000.000000,69.470605,21.541480,34.735302,10.770740,80,10,1.000000,10.000000,0.000000,30.000000,1.492444,0.000000
0,0.001092,0.833333,1.000000,2.242273,0.000000,207.222222,0.000000,54.765057,0.000000,27.382529,0.000000,150,10,1.000000,17.000000,0.000000,25.000000,1.187648,0.000000
0,0.000000,1.000000,1.000000,5.228697,0.000000,296.000000,0.000000,36.819193,0.000000,18.409597,0.000000,920,10,1.000000,31.000000,0.000000,15.000000,0.806127,0.000000
0,0.000000,1.000000,1.000000,5.447316,0.000000,318.222222,1000.000000,69.470605,21.541480,34.735302,10.770740,220,10,1.000000,10.000000,0.000000,30.000000,1.492444,0.000000
0,0.001092,0.833333,1.000000,2.242273,0.000000,207.222222,0.000000,54.765057,0.000000,27.382529,0.000000,1060,10,1.000000,17.000000,0.000000,25.000000,1.187648,0.000000
0,0.000000,1.000000,1.000000,5.447316,0.000000,318.222222,1000.000000,69.470605,21.541480,34.735302,10.770740,1130,10,1.000000,10.000000,0.000000,30.000000,1.492444,0.000000
0,-0.000046,0.142857,0.090909,15.514654,61.624948,513.472222,3237.222222,50.597078,57.306862,25.298539,28.653431,1750,1150,0.142857,32.000000,0.000000,25.000000,1.269673,1.773921
0,0.000000,0.250000,0.250000,11.150521,0.000000,2068.666667,532.666667,37.449332,52.366961,18.724666,26.183480,1380,10,0.250000,36.000000,0.000000,15.000000,0.779436,1.047339
0,-0.000433,0.500000,0.333333,2.150886,0.180542,468.222222,42.666667,40.463518,25.168314,20.231759,12.584157,1250,10,0.500000,45.000000,0.000000,20.000000,0.814513,0.000000
0,-0.002508,0.708333,0.526316,7.245453,6.411665,441.666667,344.960000,50.662695,25.103447,25.331347,12.551723,1480,1060,0.708333,22.000000,0.000000,25.000000,1.078087,0.000000
0,-0.000103,0.076923,0.062500,8.383577,1.307313,684.444444,280.333333,61.512182,32.764140,30.756091,16.382070,2120,1520,0.076923,18.000000,0.000000,30.000000,1.309314,0.000000
0,0.000080,0.333333,0.285714,22.473269,2.280757,845.000000,490.000000,52.934150,33.644337,26.467075,16.822169,830,700,0.400000,100.000000,0.000000,25.000000,1.430605,0.000000
0,0.000000,1.000000,1.000000,6723.636364,0.000000,55470.000000,0.000000,54.311823,0.000000,27.155911,0.000000,420,230,1.000000,118.000000,0.000000,25.000000,526.583680,0.000000
0,-0.000556,0.250000,0.222222,1.864465,0.000000,327.459184,400.000000,84.745382,18.585632,42.372691,9.292816,2360,1430,0.250000,17.000000,0.000000,40.000000,1.700591,0.000000
0,-0.000556,0.250000,0.222222,1.864465,0.000000,327.459184,400.000000,84.745382,18.585632,42.372691,9.292816,2360,1240,0.250000,17.000000,0.000000,40.000000,1.700591,0.000000
0,-0.000242,0.181818,0.166667,4.147586,4.776783,939.160000,456.888889,55.226520,46.897937,27.613260,23.448968,2420,10,0.181818,12.000000,0.000000,25.000000,1.114347,1.001753
0,-0.000065,0.181818,0.470588,72.326607,7.717411,3663.081633,1500.000000,47.594721,46.924197,23.797361,23.462098,1810,790,0.533333,73.000000,0.000000,20.000000,1.670967,0.958379
0,-0.000224,0.090909,0.076923,112.270662,5.668880,2594.960000,1136.734694,49.997447,56.296196,24.998724,28.148098,1310,490,0.090909,21.000000,0.000000,20.000000,3.713517,1.140063
0,-0.000061,0.045455,0.066667,5.463746,10.194889,877.666667,2200.000000,54.283894,62.424161,27.141947,31.212081,1610,1060,0.111111,46.000000,0.000000,25.000000,1.105680,1.272254
0,-0.000046,0.857143,0.400000,15.391389,6.908439,280.373333,1500.000000,46.472829,53.741947,23.236415,26.870974,1690,1220,0.857143,85.000000,0.000000,20.000000,1.363289,1.090985
0,-0.000778,0.125000,0.230769,3.803332,2.382430,374.888889,436.734694,50.269329,47.613982,25.134664,23.806991,2070,230,0.333333,47.000000,0.000000,25.000000,1.164347,0.958794
0,-0.000393,0.500000,0.500000,30.600179,0.000000,326.000000,134.750000,47.595745,32.404298,23.797872,16.202149,2560,150,0.571429,42.000000,0.000000,20.000000,2.817876,0.000000
0,-0.000420,0.333333,0.250000,30.355340,0.000000,273.125000,52.900000,51.373570,33.815927,25.686785,16.907964,2560,720,0.333333,42.000000,0.000000,25.000000,2.892866,0.000000
0,0.000000,0.166667,0.166667,1.443710,0.000000,414.230769,320.000000,66.246596,36.626183,33.123298,18.313092,1370,1300,0.166667,16.000000,0.000000,30.000000,1.327481,0.000000
0,-0.000372,0.285714,0.157895,9.300097,0.000000,952.939394,11938.250000,65.631743,33.533334,32.815872,16.766667,1990,1170,0.318182,36.000000,0.000000,30.000000,1.366140,0.000000
0,-0.000452,0.250000,0.052632,8.028120,0.000000,988.135802,20942.000000,67.438655,64.528073,33.719328,32.264036,1990,600,0.250000,36.000000,0.000000,30.000000,1.382254,1.290561
0,-0.001544,1.000000,0.892857,0.444460,0.000000,99.000000,9003.750000,47.608771,30.994739,23.804385,15.497369,580,10,1.000000,95.000000,0.000000,20.000000,0.954919,0.000000
0,-0.000150,0.800000,0.500000,155.074399,0.000000,6073.250000,11938.250000,59.209790,34.718985,29.604895,17.359493,1690,270,0.833333,74.000000,0.000000,25.000000,3.178592,0.000000
0,-0.000770,0.333333,0.285714,1.432366,25.639698,416.333333,7200.000000,68.363223,32.526864,34.181611,16.263432,1300,800,0.833333,51.000000,0.000000,30.000000,1.369749,0.000000
0,0.000000,0.500000,0.500000,3.968945,0.000000,1308.000000,1832.244898,38.008133,31.502501,19.004067,15.751250,2590,30,0.500000,20.000000,0.000000,15.000000,0.766184,0.000000
0,0.000000,0.200000,0.200000,6.531843,0.000000,2245.343750,1124.000000,67.020156,69.982876,33.510078,34.991438,3000,1910,0.200000,18.000000,0.000000,30.000000,1.349908,1.399658
0,0.000000,0.153846,0.153846,56.008325,0.000000,3857.694444,1112.888889,62.292149,67.344812,31.146074,33.672406,2920,920,0.153846,26.000000,0.000000,30.000000,1.652425,1.346896
0,-0.000028,0.166667,0.125000,213.563579,0.000000,8936.000000,1321.440000,56.978604,71.435746,28.489302,35.717873,2490,860,0.166667,69.000000,0.000000,25.000000,3.790359,1.428715
0,0.000219,0.200000,0.250000,40.740233,0.000000,12082.250000,1139.520000,42.469137,62.655901,21.234569,31.327951,2400,90,0.250000,78.000000,0.000000,20.000000,0.918114,1.253118
0,0.001009,0.272727,0.300000,3.809652,0.000000,1315.440000,1054.375000,47.804808,68.329215,23.902404,34.164608,2650,10,0.300000,53.000000,0.000000,20.000000,0.961695,1.366584
0,-0.003899,0.400000,0.222222,0.526895,0.000000,163.440000,30.375000,35.216572,36.929102,17.608286,18.464551,340,10,0.727273,73.000000,0.000000,15.000000,0.705295,0.000000
0,-0.001638,0.400000,0.200000,0.309730,0.000000,114.816327,100.000000,65.972829,37.760956,32.986414,18.880478,1910,690,0.400000,38.000000,0.000000,30.000000,1.319875,0.000000
0,0.000000,0.200000,0.200000,0.150925,0.000000,187.750000,144.000000,61.098227,40.053390,30.549113,20.026695,990,10,0.200000,63.000000,0.000000,30.000000,1.222225,0.000000
0,-0.000102,0.615385,0.533333,9.472985,0.000000,2777.000000,1132.444444,62.840265,38.536408,31.420132,19.268204,1290,920,0.615385,70.000000,0.000000,30.000000,1.275587,0.000000
0,0.000000,0.818182,0.818182,0.381631,0.000000,180.531875,592.653061,43.979428,36.305681,21.989714,18.152840,3450,10,0.818182,37.000000,0.000000,20.000000,0.880029,0.000000
0,0.000000,0.058824,0.058824,2.843041,0.000000,1229.653061,245.000000,72.868635,42.812010,36.434318,21.406005,3650,2020,0.058824,35.000000,0.000000,35.000000,1.460675,0.000000
0,0.000000,0.250000,0.250000,0.000000,0.000000,604.653061,12.000000,71.290239,35.151088,35.645120,17.575544,3980,10,0.250000,10.000000,0.000000,35.000000,1.425805,0.000000
0,0.000000,0.111111,0.111111,8.170032,0.000000,445.400000,370.040000,51.186159,34.594436,25.593079,17.297218,1510,90,0.111111,21.000000,0.000000,25.000000,1.178440,0.000000
0,0.000000,1.000000,1.000000,1.477828,0.000000,441.440000,0.000000,60.950789,0.000000,30.475394,0.000000,1360,10,1.000000,155.000000,0.000000,30.000000,1.222687,0.000000
0,0.000089,0.461538,0.600000,5.849908,0.000000,603.560000,112.000000,72.605593,50.000000,36.302797,25.000000,1220,300,0.600000,94.000000,0.000000,35.000000,1.504846,0.000000
0,0.000124,0.076923,0.600000,0.972918,0.000000,243.484375,112.000000,61.052834,50.000000,30.526417,25.000000,2710,1240,0.600000,92.000000,0.000000,30.000000,1.223942,0.000000
0,0.000089,0.461538,0.600000,5.849908,0.000000,603.560000,112.000000,72.605593,50.000000,36.302797,25.000000,1220,1140,0.600000,94.000000,0.000000,35.000000,1.504846,0.000000
0,-0.000272,0.294118,0.250000,0.720354,0.000000,3034.222222,4191.750000,81.079538,39.522779,40.539769,19.761390,1880,10,0.294118,28.000000,0.000000,40.000000,1.622600,0.000000
0,0.000114,0.875000,0.888889,0.863851,0.000000,344.609977,600.000000,44.629269,18.823708,22.314635,9.411854,2010,10,0.888889,15.000000,0.000000,20.000000,0.893761,0.000000
0,0.000088,0.461538,0.600000,0.691165,0.000000,278.081633,112.000000,84.526793,50.000000,42.263396,25.000000,1460,10,0.600000,70.000000,0.000000,40.000000,1.691597,0.000000
0,0.009600,0.250000,1.000000,0.264716,1.459453,54.000000,700.000000,59.457190,85.833016,29.728595,42.916508,350,240,1.000000,73.000000,0.000000,25.000000,1.189908,1.718185
0,0.009600,0.250000,1.000000,0.264716,1.459453,54.000000,700.000000,59.457190,85.833016,29.728595,42.916508,520,350,1.000000,73.000000,0.000000,25.000000,1.189908,1.718185
0,0.000000,0.500000,0.500000,2.788825,0.000000,1506.888889,185.530864,34.981300,35.049114,17.490650,17.524557,2970,10,0.500000,27.000000,0.000000,15.000000,0.702227,0.000000
0,0.000000,0.166667,0.166667,192.857651,0.000000,2165.222222,6352.000000,71.427213,90.000725,35.713606,45.000362,690,350,0.166667,30.000000,0.000000,35.000000,10.079950,1.800014
0,0.000000,0.166667,0.166667,104.322448,0.000000,2165.222222,6352.000000,71.427213,90.000725,35.713606,45.000362,3370,690,0.166667,30.000000,0.000000,35.000000,3.959618,1.800014
0,-0.000000,0.090909,0.083333,0.583889,1.245360,72.595556,781.000000,87.872208,90.122171,43.936104,45.061086,1750,1650,0.363636,100.000000,0.000000,40.000000,1.761962,1.803438
0,-0.001809,0.153846,0.187500,2.082275,9.564326,965.497778,6417.000000,82.428677,100.000000,41.214338,50.000000,2420,1340,0.466667,131.000000,0.000000,40.000000,1.650821,2.007128
0,-0.001809,0.153846,0.187500,2.082275,9.564326,965.497778,6417.000000,82.428677,100.000000,41.214338,50.000000,2620,2420,0.466667,131.000000,0.000000,40.000000,1.650821,2.007128
0,0.000000,0.333333,0.333333,0.122952,1.363249,119.482469,822.500000,84.842275,80.428147,42.421137,40.214073,2600,10,0.333333,15.000000,0.000000,40.000000,1.696951,1.609696
0,-0.000000,0.636364,0.583333,14.193572,10.584930,858.480000,7036.000000,69.534062,90.122171,34.767031,45.061086,2730,1750,0.636364,100.000000,0.000000,30.000000,1.508029,1.810410
0,0.000000,0.687500,0.687500,13.006669,9.682216,303.802469,6458.500000,94.898027,90.305976,47.449013,45.152988,560,10,0.687500,15.000000,0.000000,45.000000,2.228377,1.813386
0,0.000011,0.444444,0.583333,0.142038,10.584930,102.930000,7036.000000,45.558038,90.122171,22.779019,45.061086,2050,10,0.583333,70.000000,0.000000,20.000000,0.911301,1.810410
0,0.000000,0.687500,0.687500,13.006669,9.682216,303.802469,6458.500000,94.898027,90.305976,47.449013,45.152988,3580,10,0.687500,15.000000,0.000000,45.000000,2.228377,1.813386
0,-0.001814,0.222222,0.187500,1.128171,9.564326,90.760204,6417.000000,55.604969,100.000000,27.802485,50.000000,3230,10,0.466667,70.000000,0.000000,25.000000,1.122793,2.007128
0,-0.000000,0.090909,0.083333,0.583889,1.245360,72.595556,781.000000,87.872208,90.122171,43.936104,45.061086,2930,1750,0.363636,100.000000,0.000000,40.000000,1.761962,1.803438
0,-0.001814,0.222222,0.187500,1.128171,9.564326,90.760204,6417.000000,55.604969,100.000000,27.802485,50.000000,1950,10,0.466667,70.000000,0.000000,25.000000,1.122793,2.007128
0,0.000000,0.250000,0.250000,2.403603,0.000000,102.656250,44.378698,54.824222,46.765547,27.412111,23.382774,1880,250,0.250000,40.000000,0.000000,25.000000,1.222294,0.000000
0,0.000006,0.500000,0.750000,0.366131,0.000000,212.530864,107.360947,35.334120,41.008496,17.667060,20.504248,3260,10,0.750000,64.000000,0.000000,15.000000,0.707044,0.000000
0,0.000000,0.250000,0.250000,13.970013,0.000000,234.074074,44.378698,67.014068,46.765547,33.507034,23.382774,2150,460,0.250000,19.000000,0.000000,30.000000,1.793768,0.000000
0,0.000000,0.125000,0.125000,2.586450,0.000000,201.500000,40.320000,42.292781,39.033562,21.146391,19.516781,650,250,0.125000,40.000000,0.000000,20.000000,0.971834,0.000000
0,0.000000,0.833333,0.833333,0.075830,0.106753,59.555556,81.000000,62.621298,50.000000,31.310649,25.000000,2890,10,0.833333,121.000000,0.000000,30.000000,1.252492,0.000000
0,0.000000,0.833333,0.833333,0.075830,0.106753,59.555556,81.000000,62.621298,50.000000,31.310649,25.000000,1610,10,0.833333,121.000000,0.000000,30.000000,1.252492,0.000000
0,0.000000,0.166667,0.166667,0.016028,0.305658,63.802469,165.171875,84.259163,37.770999,42.129581,18.885500,900,10,0.166667,32.000000,0.000000,40.000000,1.685191,0.000000
0,0.000000,0.200000,0.200000,0.015444,0.092527,80.000000,64.000000,77.563207,39.635350,38.781603,19.817675,1000,10,0.200000,22.000000,0.000000,35.000000,1.551272,0.000000
0,0.000000,0.500000,0.500000,324.815245,0.000000,46577.000000,1000.000000,86.792530,91.679097,43.396265,45.839548,3300,1420,0.500000,39.000000,0.000000,40.000000,2.868820,1.833582
0,0.000000,0.500000,0.500000,324.815245,0.000000,46577.000000,1000.000000,86.792530,91.679097,43.396265,45.839548,1760,1420,0.500000,39.000000,0.000000,40.000000,2.868820,1.833582
0,0.000000,0.500000,0.500000,324.815245,0.000000,46577.000000,1000.000000,86.792530,91.679097,43.396265,45.839548,1950,1420,0.500000,39.000000,0.000000,40.000000,2.868820,1.833582
0,0.000000,0.500000,0.500000,324.815245,0.000000,46577.000000,1000.000000,86.792530,91.679097,43.396265,45.839548,5690,1420,0.500000,39.000000,0.000000,40.000000,2.868820,1.833582
0,0.000000,0.500000,0.500000,324.815245,0.000000,46577.000000,1000.000000,86.792530,91.679097,43.396265,45.839548,4140,1420,0.500000,39.000000,0.000000,40.000000,2.868820,1.833582
0,0.000000,0.500000,0.500000,324.815245,0.000000,46577.000000,1000.000000,86.792530,91.679097,43.396265,45.839548,2770,1420,0.500000,39.000000,0.000000,40.000000,2.868820,1.833582
0,0.000000,0.500000,0.500000,324.815245,0.000000,46577.000000,1000.000000,86.792530,91.679097,43.396265,45.839548,2350,1420,0.500000,39.000000,0.000000,40.000000,2.868820,1.833582
0,0.000000,0.857143,0.857143,1.950184,0.859874,1213.491124,600.000000,78.145839,40.281771,39.072920,20.140885,2210,10,0.857143,55.000000,0.000000,35.000000,1.613638,0.000000
0,-0.000356,0.285714,0.222222,15.887995,5.584040,1228.074074,3200.000000,73.624527,34.185131,36.812264,17.092566,2190,2150,0.285714,61.000000,0.000000,35.000000,1.927828,0.000000
0,-0.000101,0.416667,0.384615,14.159956,0.180600,340.074074,124.163265,77.325362,41.991022,38.662681,20.995511,3710,2150,0.416667,61.000000,0.000000,35.000000,2.000164,0.000000
0,-0.000101,0.545455,0.384615,2.725117,0.180600,954.000000,124.163265,64.731711,41.991022,32.365855,20.995511,2070,450,0.625000,225.000000,0.000000,30.000000,1.301967,0.000000
0,-0.000013,0.058824,0.043478,0.899170,0.239461,118.052168,179.346939,93.663015,48.456663,46.831508,24.228332,2830,2430,0.058824,33.000000,0.000000,45.000000,1.877934,0.000000
0,-0.000000,0.125000,0.076923,11.818036,0.148178,264.156250,92.480000,56.402590,39.434267,28.201295,19.717134,1840,610,0.125000,86.000000,0.000000,25.000000,1.427725,0.000000
0,0.000000,0.857143,0.857143,1.950184,0.859874,1213.491124,600.000000,78.145839,40.281771,39.072920,20.140885,2150,10,0.857143,55.000000,0.000000,35.000000,1.613638,0.000000
0,-0.000013,0.058824,0.043478,0.899170,0.239461,118.052168,179.346939,93.663015,48.456663,46.831508,24.228332,2830,2370,0.058824,33.000000,0.000000,45.000000,1.877934,0.000000
0,-0.000000,0.083333,0.076923,14.008545,0.148178,254.394074,92.480000,71.530134,39.434267,35.765067,19.717134,2150,860,0.083333,61.000000,0.000000,35.000000,1.884126,0.000000
0,-0.000356,0.333333,0.222222,0.940261,5.584040,450.562500,3200.000000,68.100544,34.185131,34.050272,17.092566,1660,1560,0.833333,114.000000,0.000000,30.000000,1.362992,0.000000
0,-0.000013,0.058824,0.043478,0.899170,0.239461,118.052168,179.346939,93.663015,48.456663,46.831508,24.228332,4110,2430,0.058824,33.000000,0.000000,45.000000,1.877934,0.000000
0,0.000000,1.000000,1.000000,21.464191,0.000000,428.148148,0.000000,74.791117,0.000000,37.395559,0.000000,2150,2090,1.000000,61.000000,0.000000,35.000000,2.081730,0.000000
0,-0.000013,0.058824,0.043478,0.899170,0.239461,118.052168,179.346939,93.663015,48.456663,46.831508,24.228332,4110,2370,0.058824,33.000000,0.000000,45.000000,1.877934,0.000000
0,0.000071,0.500000,0.777778,0.242348,0.236064,223.802469,179.346939,94.898027,49.354576,47.449013,24.677288,3780,10,0.823529,71.000000,0.000000,45.000000,1.898127,0.000000
0,-0.000222,0.125000,0.111111,4.456610,0.777386,613.500000,448.000000,65.776896,29.910991,32.888448,14.955496,720,590,0.125000,13.000000,0.000000,30.000000,1.352606,0.000000
0,0.000071,0.500000,0.777778,0.242348,0.236064,223.802469,179.346939,94.898027,49.354576,47.449013,24.677288,2500,10,0.823529,71.000000,0.000000,45.000000,1.898127,0.000000
0,-0.000341,0.200000,0.166667,0.148943,0.020263,145.000000,16.000000,82.381128,41.432786,41.190564,20.716393,110,10,0.200000,61.000000,0.000000,40.000000,1.647760,0.000000
0,0.000000,0.222222,0.222222,314.956910,0.000000,5538.782007,1062.782007,75.621773,85.192338,37.810887,42.596169,4510,2610,0.222222,14.000000,0.000000,35.000000,10.565086,1.703847
0,0.000000,0.100000,0.100000,0.147717,0.000000,120.625000,1030.375000,42.781451,67.342499,21.390725,33.671249,1560,10,0.100000,24.000000,0.000000,20.000000,0.855750,1.346850
0,0.000000,0.100000,0.100000,314.919417,0.000000,5506.375000,1030.375000,49.761114,67.342499,24.880557,33.671249,2610,110,0.100000,14.000000,0.000000,20.000000,10.047852,1.346850
0,-0.000381,0.500000,0.222222,10.472404,0.000000,362.940000,1062.782007,56.303683,85.192338,28.151842,42.596169,3460,610,0.500000,119.000000,0.000000,25.000000,1.408700,1.703847
0,-0.000000,0.125000,0.111111,0.796163,0.396393,468.000000,342.666667,45.533223,64.619247,22.766612,32.309623,770,10,0.125000,101.000000,0.000000,20.000000,0.911372,1.292615
0,-0.000000,0.500000,0.333333,3.680739,0.661172,219.765306,594.183673,77.239178,74.808839,38.619589,37.404420,3080,720,0.500000,106.000000,0.000000,35.000000,1.581094,1.496546
0,0.000000,0.666667,0.666667,3.649891,0.414934,197.500000,364.000000,71.021965,68.675507,35.510983,34.337754,720,490,0.666667,106.000000,0.000000,35.000000,1.456728,1.373748
0,-0.000000,0.500000,0.333333,3.680739,0.661172,219.765306,594.183673,77.239178,74.808839,38.619589,37.404420,4360,720,0.500000,106.000000,0.000000,35.000000,1.581094,1.496546
0,0.000000,0.153846,0.153846,0.835288,0.104683,67.444444,86.485767,67.198982,83.822975,33.599491,41.911487,3960,390,0.153846,60.000000,0.000000,30.000000,1.359243,1.676523
0,0.000000,0.200000,0.200000,0.883208,0.117541,99.125000,97.416322,78.850276,86.722904,39.425138,43.361452,3520,430,0.200000,76.000000,0.000000,35.000000,1.582158,1.734529
0,0.000000,0.153846,0.153846,0.835288,0.104683,67.444444,86.485767,67.198982,83.822975,33.599491,41.911487,3680,390,0.153846,60.000000,0.000000,30.000000,1.359243,1.676523
0,0.000000,0.200000,0.200000,0.883208,0.117541,99.125000,97.416322,78.850276,86.722904,39.425138,43.361452,3800,430,0.200000,76.000000,0.000000,35.000000,1.582158,1.734529
0,-0.000088,0.100000,0.071429,13.700009,0.000000,574.782007,771.586777,85.331362,90.378327,42.665681,45.189163,4780,3710,0.100000,101.000000,0.000000,40.000000,1.887838,1.807567
0,-0.001407,0.166667,0.142857,13.659164,0.000000,537.000000,765.750000,58.529065,88.817642,29.264532,44.408821,2890,180,0.272727,101.000000,0.000000,25.000000,1.351771,1.776353
0,0.000000,0.714286,0.714286,0.174229,0.000000,160.000000,722.000000,70.888998,50.000000,35.444499,25.000000,5140,10,0.714286,11.000000,0.000000,35.000000,1.417885,0.000000
0,0.000000,0.714286,0.714286,0.174229,0.000000,160.000000,722.000000,70.888998,50.000000,35.444499,25.000000,5980,10,0.714286,11.000000,0.000000,35.000000,1.417885,0.000000
0,0.000000,0.714286,0.714286,0.174229,0.000000,160.000000,722.000000,70.888998,50.000000,35.444499,25.000000,4610,10,0.714286,11.000000,0.000000,35.000000,1.417885,0.000000
0,0.000000,0.714286,0.714286,0.174229,0.000000,160.000000,722.000000,70.888998,50.000000,35.444499,25.000000,7530,10,0.714286,11.000000,0.000000,35.000000,1.417885,0.000000
0,0.000000,0.714286,0.714286,0.174229,0.000000,160.000000,722.000000,70.888998,50.000000,35.444499,25.000000,3790,10,0.714286,11.000000,0.000000,35.000000,1.417885,0.000000
0,-0.000088,0.100000,0.071429,13.700009,0.000000,574.782007,771.586777,85.331362,90.378327,42.665681,45.189163,4780,2700,0.100000,101.000000,0.000000,40.000000,1.887838,1.807567
0,-0.001407,0.166667,0.142857,13.659164,0.000000,537.000000,765.750000,58.529065,88.817642,29.264532,44.408821,5080,180,0.272727,101.000000,0.000000,25.000000,1.351771,1.776353
0,-0.000088,0.100000,0.071429,13.700009,0.000000,574.782007,771.586777,85.331362,90.378327,42.665681,45.189163,4780,3290,0.100000,101.000000,0.000000,40.000000,1.887838,1.807567
0,-0.001407,0.166667,0.142857,13.659164,0.000000,537.000000,765.750000,58.529065,88.817642,29.264532,44.408821,4240,180,0.272727,101.000000,0.000000,25.000000,1.351771,1.776353
0,-0.001407,0.166667,0.142857,13.659164,0.000000,537.000000,765.750000,58.529065,88.817642,29.264532,44.408821,3290,180,0.272727,101.000000,0.000000,25.000000,1.351771,1.776353
0,0.000000,0.714286,0.714286,0.174229,0.000000,160.000000,722.000000,70.888998,50.000000,35.444499,25.000000,4190,10,0.714286,11.000000,0.000000,35.000000,1.417885,0.000000
0,-0.000088,0.100000,0.071429,13.700009,0.000000,574.782007,771.586777,85.331362,90.378327,42.665681,45.189163,5080,4780,0.100000,101.000000,0.000000,40.000000,1.887838,1.807567
0,0.000000,0.428571,0.428571,0.051564,0.000000,65.586777,49.586777,60.960633,40.378327,30.480316,20.189163,5680,10,0.428571,11.000000,0.000000,30.000000,1.219239,0.000000
0,0.000000,0.142857,0.142857,0.034501,0.000000,46.375000,30.375000,61.225705,40.659992,30.612853,20.329996,1280,10,0.142857,11.000000,0.000000,30.000000,1.224534,0.000000
0,-0.000088,0.100000,0.071429,13.700009,0.000000,574.782007,771.586777,85.331362,90.378327,42.665681,45.189163,6630,4780,0.100000,101.000000,0.000000,40.000000,1.887838,1.807567
0,-0.000088,0.100000,0.071429,13.700009,0.000000,574.782007,771.586777,85.331362,90.378327,42.665681,45.189163,4780,4240,0.100000,101.000000,0.000000,40.000000,1.887838,1.807567
0,-0.000088,0.100000,0.071429,13.700009,0.000000,574.782007,771.586777,85.331362,90.378327,42.665681,45.189163,4780,2890,0.100000,101.000000,0.000000,40.000000,1.887838,1.807567
0,-0.001407,0.166667,0.142857,13.659164,0.000000,537.000000,765.750000,58.529065,88.817642,29.264532,44.408821,3710,180,0.272727,101.000000,0.000000,25.000000,1.351771,1.776353
0,0.000000,0.714286,0.714286,0.174229,0.000000,160.000000,722.000000,70.888998,50.000000,35.444499,25.000000,3600,10,0.714286,11.000000,0.000000,35.000000,1.417885,0.000000
0,0.000000,0.428571,0.428571,5.604399,0.000000,77.250000,43.750000,57.401464,38.817642,28.700732,19.408821,1080,10,0.428571,11.000000,0.000000,25.000000,1.404432,0.000000
0,-0.001407,0.166667,0.142857,13.659164,0.000000,537.000000,765.750000,58.529065,88.817642,29.264532,44.408821,2700,180,0.272727,101.000000,0.000000,25.000000,1.351771,1.776353
0,-0.001407,0.166667,0.142857,13.659164,0.000000,537.000000,765.750000,58.529065,88.817642,29.264532,44.408821,6630,180,0.272727,101.000000,0.000000,25.000000,1.351771,1.776353
0,0.000437,0.600000,0.666667,1.022118,0.509678,128.000000,392.000000,57.307049,30.364623,28.653524,15.182311,720,230,0.666667,75.000000,0.000000,25.000000,1.153176,0.000000
0,0.000081,0.166667,0.400000,0.046730,0.032073,55.375000,30.375000,22.415703,40.978080,11.207852,20.489040,210,10,0.400000,133.000000,0.000000,10.000000,0.448350,0.000000
0,0.000121,0.500000,0.636364,0.083207,0.040280,87.782007,41.666667,42.269422,40.544246,21.134711,20.272123,4610,10,0.636364,133.000000,0.000000,20.000000,0.845444,0.000000
0,-0.000029,0.166667,0.166667,0.020753,0.000000,36.000000,245.000000,59.401251,37.627234,29.700626,18.813617,540,10,0.200000,166.000000,0.000000,25.000000,1.188038,0.000000
0,0.000000,0.625000,0.636364,0.241766,0.000000,199.346939,303.510204,65.996627,46.343624,32.998313,23.171812,3130,10,0.666667,166.000000,0.000000,30.000000,1.320095,0.000000
0,0.000000,0.625000,0.636364,0.241766,0.000000,199.346939,303.510204,65.996627,46.343624,32.998313,23.171812,4410,10,0.666667,166.000000,0.000000,30.000000,1.320095,0.000000
0,-0.000026,0.500000,0.428571,0.015266,0.000000,31.360000,61.250000,51.651156,31.946749,25.825578,15.973375,1130,10,0.500000,54.000000,0.000000,25.000000,1.033031,0.000000
0,0.000000,0.166667,0.166667,1.061526,0.277357,260.312500,245.000000,80.666073,39.708229,40.333036,19.854115,1720,1670,0.166667,17.000000,0.000000,40.000000,1.632914,0.000000
0,-0.001118,0.666667,0.400000,0.835881,0.000000,71.645833,86.756944,90.495551,48.306171,45.247775,24.153086,4490,1670,0.666667,25.000000,0.000000,45.000000,1.829369,0.000000
0,-0.001491,0.555556,0.200000,1.996938,0.000000,1115.312500,1630.720000,80.726729,35.191814,40.363364,17.595907,4190,1670,0.555556,25.000000,0.000000,40.000000,1.634638,0.000000
0,-0.001118,0.666667,0.400000,0.835881,0.000000,71.645833,86.756944,90.495551,48.306171,45.247775,24.153086,4770,1670,0.666667,25.000000,0.000000,45.000000,1.829369,0.000000
0,0.000000,1.000000,1.000000,0.038938,0.117496,61.734694,112.500000,49.643949,40.600938,24.821975,20.300469,6170,10,1.000000,14.000000,0.000000,20.000000,0.992900,0.000000
0,0.000000,0.333333,0.333333,0.042675,0.042048,61.000000,36.000000,48.825238,39.926235,24.412619,19.963117,840,10,0.333333,14.000000,0.000000,20.000000,0.976530,0.000000
0,0.000000,0.066667,0.066667,0.874279,0.581644,863.386667,588.000000,46.297370,39.155357,23.148685,19.577679,2370,10,0.066667,15.000000,0.000000,20.000000,0.926399,0.000000
0,0.000000,0.066667,0.066667,3.570368,5.485057,2844.626667,4637.720000,38.715950,37.365638,19.357975,18.682819,4980,10,0.066667,15.000000,0.000000,15.000000,0.776573,0.000000
0,0.000000,0.133333,0.133333,0.264942,0.223081,281.057778,232.375000,57.532190,50.000000,28.766095,25.000000,6620,10,0.133333,15.000000,0.000000,25.000000,1.150777,0.000000
0,0.000000,0.076923,0.076923,0.198890,0.121945,198.916667,116.640000,44.901702,38.551780,22.450851,19.275890,6580,10,0.076923,15.000000,0.000000,20.000000,0.898143,0.000000
0,-0.000303,0.181818,0.166667,0.068478,0.041986,79.666667,40.320000,44.706078,38.518280,22.353039,19.259140,2100,10,0.181818,15.000000,0.000000,20.000000,0.894159,0.000000
0,0.000000,0.200000,0.200000,0.450715,0.431790,408.666667,392.000000,45.852662,38.851168,22.926331,19.425584,1670,10,0.200000,15.000000,0.000000,20.000000,0.917312,0.000000
0,0.000000,0.133333,0.133333,0.264942,0.223081,281.057778,232.375000,57.532190,50.000000,28.766095,25.000000,5340,10,0.133333,15.000000,0.000000,25.000000,1.150777,0.000000
0,0.000000,0.933333,0.933333,0.040648,0.000000,59.850340,0.000000,47.946488,0.000000,23.973244,0.000000,6500,10,0.933333,15.000000,0.000000,20.000000,0.958949,0.000000
0,0.000000,0.222222,0.222222,0.029711,0.028464,41.979167,25.312500,34.512640,31.726317,17.256320,15.863159,240,10,0.222222,15.000000,0.000000,15.000000,0.690270,0.000000
0,-0.000000,0.250000,0.100000,0.340883,0.424254,292.222222,392.000000,65.517047,39.085259,32.758523,19.542630,5460,630,0.250000,128.000000,0.000000,30.000000,1.310540,0.000000
0,0.000000,0.722222,0.722222,0.034530,0.023384,58.097778,20.480000,50.922005,22.511783,25.461002,11.255892,6570,10,0.722222,17.000000,0.000000,25.000000,1.018456,0.000000
0,0.000000,1.000000,1.000000,0.048535,0.027967,75.395340,25.312500,53.147838,33.412200,26.573919,16.706100,6270,10,1.000000,47.000000,0.000000,25.000000,1.062980,0.000000
0,-0.000014,0.263158,0.107143,0.909139,0.091925,124.750000,87.500000,89.818333,50.000000,44.909167,25.000000,4830,3520,0.272727,191.000000,0.000000,40.000000,1.801531,0.000000
0,-0.000091,0.222222,0.142857,0.174984,0.119816,129.448674,116.640000,77.918322,39.073281,38.959161,19.536640,4590,4510,0.222222,223.000000,0.000000,35.000000,1.558485,0.000000
0,-0.000232,0.200000,0.142857,31.146015,6.751121,720.409722,5691.840000,70.148008,43.982427,35.074004,21.991213,5470,3950,0.235294,127.000000,0.000000,35.000000,2.233567,0.000000
0,0.000000,0.142857,0.142857,943.614898,6.751121,4675.337778,5691.840000,73.990462,43.982427,36.995231,21.991213,6610,2400,0.142857,13.000000,0.000000,35.000000,97.469298,0.000000
0,0.000000,0.200000,0.200000,0.109074,0.050634,118.169600,64.000000,78.346792,39.763133,39.173396,19.881566,6230,1860,0.200000,51.000000,0.000000,35.000000,1.566986,0.000000
0,-0.000000,0.166667,0.125000,0.080618,0.030144,78.782007,27.222222,46.652088,41.744123,23.326044,20.872062,4740,10,0.166667,200.000000,0.000000,20.000000,0.933094,0.000000
0,-0.000042,0.071429,0.055556,282.609128,0.007878,5341.586777,12.000000,73.735974,38.677680,36.867987,19.338840,5830,1700,0.071429,91.000000,0.000000,35.000000,9.018195,0.000000
0,-0.000002,0.117647,0.052632,0.999955,0.325552,181.034416,348.480000,86.592023,50.000000,43.296012,25.000000,4110,3990,0.136364,275.000000,0.000000,40.000000,1.736595,0.000000
0,0.000000,0.250000,0.250000,7.124276,0.516296,478.617778,514.250000,79.281521,36.982418,39.640760,18.491209,6570,5370,0.250000,17.000000,0.000000,35.000000,1.642635,0.000000
0,-0.000182,0.800000,0.750000,0.152189,0.041253,138.535000,40.320000,48.561097,38.820202,24.280548,19.410101,4410,10,0.818182,233.000000,0.000000,20.000000,0.971329,0.000000
0,-0.000014,0.263158,0.107143,0.909139,0.091925,124.750000,87.500000,89.818333,50.000000,44.909167,25.000000,4830,3800,0.272727,191.000000,0.000000,40.000000,1.801531,0.000000
0,-0.000002,0.117647,0.052632,0.999955,0.325552,181.034416,348.480000,86.592023,50.000000,43.296012,25.000000,3990,2830,0.136364,275.000000,0.000000,40.000000,1.736595,0.000000
0,-0.000040,0.058824,0.111111,6.761846,6.735366,2577.280000,5703.840000,72.609969,83.171850,36.304985,41.585925,4850,2240,0.117647,38.000000,0.000000,35.000000,1.462628,1.667415
0,-0.000067,0.117647,0.111111,944.424258,6.735366,5484.440000,5703.840000,71.887145,83.171850,35.943573,41.585925,2480,2400,0.117647,14.000000,0.000000,35.000000,97.427637,1.667415
0,0.000000,0.111111,0.111111,0.000000,0.000000,603.750000,840.000000,74.178798,71.956022,37.089399,35.978011,1470,10,0.111111,48.000000,0.000000,35.000000,1.483576,1.439120
0,0.000000,0.035714,0.035714,0.642901,0.000000,319.875000,435.980000,99.469233,100.000000,49.734616,50.000000,6680,5530,0.035714,23.000000,0.000000,45.000000,1.990481,2.000000
0,0.000000,0.050000,0.050000,1.121324,0.000000,1064.375000,1309.622857,89.235785,87.401461,44.617892,43.700731,5400,4950,0.050000,23.000000,0.000000,40.000000,1.785307,1.748029
0,-0.000118,0.833333,0.750000,0.482018,0.000000,441.000000,593.480000,57.382912,90.393816,28.691456,45.196908,5530,10,0.857143,138.000000,0.000000,25.000000,1.147932,1.807876
0,0.000000,0.035714,0.035714,0.642901,0.000000,319.875000,435.980000,99.469233,100.000000,49.734616,50.000000,6680,5250,0.035714,23.000000,0.000000,45.000000,1.990481,2.000000
0,0.000000,0.050000,0.050000,1.121324,0.000000,1064.375000,1309.622857,89.235785,87.401461,44.617892,43.700731,6680,4950,0.050000,23.000000,0.000000,40.000000,1.785307,1.748029
0,0.000000,0.035714,0.035714,0.642901,0.000000,319.875000,435.980000,99.469233,100.000000,49.734616,50.000000,5400,5250,0.035714,23.000000,0.000000,45.000000,1.990481,2.000000
0,-0.000020,0.142857,0.125000,47.202301,0.000000,6365.000000,759.250000,77.477295,77.804981,38.738647,38.902491,5040,840,0.142857,55.000000,0.000000,35.000000,1.725794,1.556100
0,-0.000118,0.833333,0.750000,0.482018,0.000000,441.000000,593.480000,57.382912,90.393816,28.691456,45.196908,4250,10,0.857143,138.000000,0.000000,25.000000,1.147932,1.807876
0,0.000000,0.035714,0.035714,0.642901,0.000000,319.875000,435.980000,99.469233,100.000000,49.734616,50.000000,5530,5400,0.035714,23.000000,0.000000,45.000000,1.990481,2.000000
0,-0.000000,0.200000,0.142857,0.060344,0.000000,80.000000,306.250000,54.923991,81.872448,27.461996,40.936224,1660,10,0.200000,138.000000,0.000000,25.000000,1.098508,1.637449
0,-0.000011,0.400000,0.285714,1.390377,0.000000,1036.416667,0.000000,69.646369,0.000000,34.823184,0.000000,4540,4170,0.400000,162.000000,0.000000,30.000000,1.393869,0.000000
0,-0.000058,1.000000,0.450000,1.065581,0.047611,696.687500,53.240000,56.092666,45.994276,28.046333,22.997138,3290,10,1.000000,250.000000,0.000000,25.000000,1.122713,0.000000
0,-0.000058,0.363636,0.450000,3.562306,0.047611,759.125000,53.240000,77.486179,45.994276,38.743089,22.997138,3480,780,0.888889,231.000000,0.000000,35.000000,1.584101,0.000000
0,0.000001,0.384615,0.333333,0.615846,0.292636,550.840000,278.078125,79.957858,41.740001,39.978929,20.870001,3620,10,0.384615,217.000000,0.000000,35.000000,1.599606,0.000000
0,0.000000,0.055556,0.055556,0.227079,0.000000,252.855000,1964.562500,60.028461,50.000000,30.014230,25.000000,5410,10,0.055556,50.000000,0.000000,30.000000,1.200680,0.000000
0,0.000000,0.055556,0.055556,0.095234,0.000000,107.980000,87.500000,59.564534,50.000000,29.782267,25.000000,5260,10,0.055556,50.000000,0.000000,25.000000,1.191343,0.000000
0,0.000000,0.625000,0.625000,0.031229,0.000000,47.702222,27.222222,49.583897,41.481507,24.791948,20.740753,1840,10,0.625000,50.000000,0.000000,20.000000,0.991696,0.000000
0,0.000000,0.055556,0.055556,0.095234,0.000000,107.980000,87.500000,59.564534,50.000000,29.782267,25.000000,5540,10,0.055556,50.000000,0.000000,25.000000,1.191343,0.000000
0,0.000000,0.055556,0.055556,3.481745,0.000000,2848.440000,1472.000000,42.644052,48.604071,21.322026,24.302035,5050,10,0.055556,50.000000,0.000000,20.000000,0.855024,0.000000
0,0.000000,0.055556,0.055556,943.604703,0.000000,4658.200000,1472.000000,46.700011,48.604071,23.350006,24.302035,2400,50,0.055556,46.000000,0.000000,20.000000,96.923488,0.000000
0,0.000000,0.055556,0.055556,0.227079,0.000000,252.855000,1964.562500,60.028461,50.000000,30.014230,25.000000,6690,10,0.055556,50.000000,0.000000,30.000000,1.200680,0.000000
0,0.000000,0.055556,0.055556,7.089746,0.000000,461.480000,514.250000,48.416438,39.024526,24.208219,19.512263,5370,10,0.055556,50.000000,0.000000,20.000000,1.025318,0.000000
0,0.000000,0.400000,0.400000,0.052457,0.000000,84.480000,64.000000,49.664188,39.897279,24.832094,19.948640,2200,10,0.400000,50.000000,0.000000,20.000000,0.993305,0.000000
0,-0.000356,0.222222,0.200000,0.028974,0.000000,45.792500,40.560000,39.448212,33.664290,19.724106,16.832145,310,10,0.222222,50.000000,0.000000,15.000000,0.788981,0.000000
0,-0.000010,0.076923,0.062500,0.193953,0.000000,202.730000,190.972222,48.005640,36.863103,24.002820,18.431552,6650,10,0.076923,50.000000,0.000000,20.000000,0.960216,0.000000
0,-0.000099,0.166667,0.142857,0.042738,0.000000,60.800000,43.555556,47.893345,37.715570,23.946673,18.857785,2170,10,0.166667,50.000000,0.000000,20.000000,0.957890,0.000000
0,0.000000,0.857143,0.727273,5.985134,2.237504,647.958678,2364.562500,78.727334,88.236891,39.363667,44.118446,4380,2210,0.875000,155.000000,0.000000,35.000000,1.632534,1.765805
0,0.000000,0.857143,0.727273,5.985134,2.237504,647.958678,2364.562500,78.727334,88.236891,39.363667,44.118446,5660,2210,0.875000,155.000000,0.000000,35.000000,1.632534,1.765805
0,0.000000,0.250000,0.333333,0.443915,0.083805,114.722222,87.500000,89.323438,50.000000,44.661719,25.000000,5250,1160,0.333333,64.000000,0.000000,40.000000,1.787468,0.000000
0,0.000000,0.250000,0.333333,0.443915,0.083805,114.722222,87.500000,89.323438,50.000000,44.661719,25.000000,5530,1160,0.333333,64.000000,0.000000,40.000000,1.787468,0.000000
0,0.000000,0.250000,0.333333,0.922338,0.371468,859.222222,362.604167,79.089990,40.238307,39.544995,20.119154,4950,1160,0.333333,64.000000,0.000000,35.000000,1.582295,0.000000
0,0.000000,0.153846,0.500000,0.734235,0.350823,521.753086,400.000000,86.549333,50.000000,43.274667,25.000000,5610,3130,0.500000,204.000000,0.000000,40.000000,1.731504,0.000000
0,0.000000,0.153846,0.500000,0.734235,0.350823,521.753086,400.000000,86.549333,50.000000,43.274667,25.000000,4770,3130,0.500000,204.000000,0.000000,40.000000,1.731504,0.000000
0,0.000000,0.153846,0.500000,0.734235,0.350823,521.753086,400.000000,86.549333,50.000000,43.274667,25.000000,3230,3130,0.500000,204.000000,0.000000,40.000000,1.731504,0.000000
0,0.000000,0.153846,0.500000,0.734235,0.350823,521.753086,400.000000,86.549333,50.000000,43.274667,25.000000,7160,3130,0.500000,204.000000,0.000000,40.000000,1.731504,0.000000
0,-0.000122,0.166667,0.133333,0.441454,0.085146,378.880000,81.000000,77.867585,37.190430,38.933793,18.595215,4370,2150,0.166667,80.000000,0.000000,35.000000,1.557609,0.000000
0,-0.000054,0.142857,0.071429,0.240021,0.603696,153.959184,646.555556,67.752838,48.453669,33.876419,24.226835,2360,200,0.428571,281.000000,0.000000,30.000000,1.355244,0.000000
0,0.000000,0.538462,0.476190,0.296504,0.295766,315.171875,311.296296,76.119817,39.663531,38.059908,19.831766,2500,10,0.538462,267.000000,0.000000,35.000000,1.522631,0.000000
0,0.000000,0.153846,0.500000,0.734235,0.350823,521.753086,400.000000,86.549333,50.000000,43.274667,25.000000,4240,3130,0.500000,204.000000,0.000000,40.000000,1.731504,0.000000
0,0.000000,0.153846,0.500000,0.734235,0.350823,521.753086,400.000000,86.549333,50.000000,43.274667,25.000000,3420,3130,0.500000,204.000000,0.000000,40.000000,1.731504,0.000000
0,-0.000054,0.857143,0.071429,4.350203,0.603696,1273.163265,646.555556,76.037035,48.453669,38.018518,24.226835,2190,610,0.857143,298.000000,0.000000,35.000000,1.559117,0.000000
0,0.000000,1.000000,1.000000,0.271025,0.538523,234.652893,700.000000,47.954875,36.238595,23.977437,18.119298,3290,10,1.000000,188.000000,0.000000,20.000000,0.959282,0.000000
0,0.000000,0.153846,0.500000,0.734235,0.350823,521.753086,400.000000,86.549333,50.000000,43.274667,25.000000,3820,3130,0.500000,204.000000,0.000000,40.000000,1.731504,0.000000
0,0.000000,0.285714,0.285714,6.029578,0.000000,221.000000,725.000000,78.163602,75.832287,39.081801,37.916143,2460,1730,0.285714,57.000000,0.000000,35.000000,1.743908,1.516646
0,-0.000000,0.750000,0.571429,4.967492,1.724623,183.555556,1854.750000,78.557894,86.155149,39.278947,43.077574,340,10,0.875000,298.000000,0.000000,35.000000,1.793242,1.723915
0,0.000000,0.090909,0.090909,0.327416,0.522328,318.638125,472.000000,74.522064,72.492731,37.261032,36.246366,2360,770,0.090909,63.000000,0.000000,35.000000,1.490610,1.450144
0,-0.000042,0.047619,0.080000,0.318197,0.896087,320.289328,841.000000,65.680404,65.266167,32.840202,32.633084,2360,60,0.086957,63.000000,0.000000,30.000000,1.313766,1.305802
0,-0.000000,0.750000,0.571429,4.967492,1.724623,183.555556,1854.750000,78.557894,86.155149,39.278947,43.077574,920,10,0.875000,298.000000,0.000000,35.000000,1.793242,1.723915
0,0.000005,0.166667,0.333333,0.353766,1.336030,318.398125,1302.500000,78.426921,72.158739,39.213460,36.079370,2150,1880,0.333333,111.000000,0.000000,35.000000,1.568735,1.443863
0,0.000000,1.000000,1.000000,0.073583,0.000000,108.265625,513.000000,51.574780,68.195335,25.787390,34.097667,720,10,1.000000,75.000000,0.000000,25.000000,1.031538,1.363907
0,-0.000060,0.071429,0.076923,0.310143,0.000000,393.370625,2541.000000,70.902271,78.143231,35.451136,39.071616,5820,10,0.142857,75.000000,0.000000,35.000000,1.418183,1.562865
0,-0.000000,0.107143,0.103448,0.087574,0.000000,132.390625,545.770408,70.902271,81.059935,35.451136,40.529967,5950,10,0.107143,75.000000,0.000000,35.000000,1.418089,1.621199
0,-0.000001,0.121212,0.135135,1.774031,0.000000,1516.890625,1639.224852,68.467122,80.684939,34.233561,40.342470,5460,10,0.138889,75.000000,0.000000,30.000000,1.370411,1.613699
0,0.000086,0.047619,0.230769,0.046156,0.000000,98.130625,1895.750000,69.465919,81.059935,34.732959,40.529967,2640,10,0.230769,75.000000,0.000000,30.000000,1.389338,1.621199
0,0.000029,0.083333,0.076923,0.074002,0.000000,70.072066,2357.250000,77.562920,86.652641,38.781460,43.326321,2790,2150,0.083333,118.000000,0.000000,35.000000,1.551297,1.733053
0,-0.000161,0.240000,0.214286,0.491859,0.000000,559.140625,985.500000,59.526629,68.780683,29.763314,34.390342,5780,10,0.280000,75.000000,0.000000,25.000000,1.190768,1.375614
0,0.000029,0.083333,0.076923,0.074002,0.000000,70.072066,2357.250000,77.562920,86.652641,38.781460,43.326321,2210,2150,0.083333,118.000000,0.000000,35.000000,1.551297,1.733053
0,-0.000002,0.100000,0.083333,0.404174,0.000000,436.890625,765.000000,60.404066,71.143904,30.202033,35.571952,2150,10,0.250000,75.000000,0.000000,30.000000,1.208290,1.422878
0,-0.000000,0.500000,0.428571,0.179962,0.000000,223.230000,502.250000,25.927435,60.799624,12.963718,30.399812,230,10,0.500000,53.000000,0.000000,10.000000,0.518635,1.215992
0,-0.000001,0.121212,0.135135,1.774031,0.000000,1516.890625,1639.224852,68.467122,80.684939,34.233561,40.342470,2770,10,0.138889,75.000000,0.000000,30.000000,1.370411,1.613699
0,0.000086,0.047619,0.230769,0.046156,0.000000,98.130625,1895.750000,69.465919,81.059935,34.732959,40.529967,3220,10,0.230769,75.000000,0.000000,30.000000,1.389338,1.621199
0,-0.000248,0.444444,0.333333,0.030334,0.000000,55.687500,974.500000,55.171127,73.788042,27.585563,36.894021,1870,10,0.444444,146.000000,0.000000,25.000000,1.103438,1.475761
0,-0.000000,0.107143,0.103448,0.087574,0.000000,132.390625,545.770408,70.902271,81.059935,35.451136,40.529967,5670,10,0.107143,75.000000,0.000000,35.000000,1.418089,1.621199
0,-0.000000,0.117647,0.111111,0.211246,0.000000,235.862847,741.000000,55.799385,70.539435,27.899693,35.269717,7060,10,0.117647,75.000000,0.000000,25.000000,1.116105,1.410789
0,-0.000060,0.071429,0.076923,0.310143,0.000000,393.370625,2541.000000,70.902271,78.143231,35.451136,39.071616,7100,10,0.142857,75.000000,0.000000,35.000000,1.418183,1.562865
0,0.000000,0.642857,0.666667,0.046263,0.000000,88.446181,1343.500000,57.005424,67.712576,28.502712,33.856288,2580,10,0.666667,75.000000,0.000000,25.000000,1.140133,1.354252
0,-0.000003,0.250000,0.250000,0.007505,0.000000,56.890625,453.000000,60.182081,70.952091,30.091041,35.476046,2850,10,0.500000,75.000000,0.000000,30.000000,1.203644,1.419042
0,0.000000,0.769231,1.000000,7.458733,0.000000,1438.321995,0.000000,84.561198,0.000000,42.280599,0.000000,3940,10,1.000000,580.000000,0.000000,40.000000,1.728618,0.000000
0,0.000000,0.818182,1.000000,16.174163,0.000000,1133.048889,0.000000,87.120614,0.000000,43.560307,0.000000,3750,10,1.000000,599.000000,0.000000,40.000000,2.251589,0.000000
0,0.000000,0.818182,1.000000,16.174163,0.000000,1133.048889,0.000000,87.120614,0.000000,43.560307,0.000000,830,10,1.000000,599.000000,0.000000,40.000000,2.251589,0.000000
0,0.000000,0.769231,1.000000,7.458733,0.000000,1438.321995,0.000000,84.561198,0.000000,42.280599,0.000000,1550,10,1.000000,580.000000,0.000000,40.000000,1.728618,0.000000
0,0.000000,0.800000,1.000000,4.743181,0.000000,2822.625000,0.000000,94.381817,0.000000,47.190909,0.000000,3350,10,1.000000,639.000000,0.000000,45.000000,2.135546,0.000000
0,0.000000,0.200000,1.000000,1.828601,0.000000,136.000000,0.000000,61.439633,0.000000,30.719816,0.000000,1910,360,1.000000,783.000000,0.000000,30.000000,1.263126,0.000000
0,0.000000,0.800000,1.000000,4.743181,0.000000,2822.625000,0.000000,94.381817,0.000000,47.190909,0.000000,960,10,1.000000,639.000000,0.000000,45.000000,2.135546,0.000000
0,0.000000,1.000000,1.000000,0.220649,0.000000,142.250000,0.000000,61.568327,0.000000,30.784164,0.000000,2400,10,1.000000,734.000000,0.000000,30.000000,1.231610,0.000000
0,0.000000,1.000000,1.000000,0.362951,0.000000,65.881633,0.000000,98.457699,0.000000,49.228849,0.000000,1380,10,1.000000,681.000000,0.000000,45.000000,1.974300,0.000000
0,0.000000,0.625000,1.000000,2.304374,0.000000,115.097258,0.000000,77.253815,0.000000,38.626908,0.000000,2930,10,1.000000,681.000000,0.000000,35.000000,1.587889,0.000000
0,0.000000,0.769231,1.000000,7.458733,0.000000,1438.321995,0.000000,84.561198,0.000000,42.280599,0.000000,2390,10,1.000000,580.000000,0.000000,40.000000,1.728618,0.000000
0,0.000000,0.818182,1.000000,16.174163,0.000000,1133.048889,0.000000,87.120614,0.000000,43.560307,0.000000,2200,10,1.000000,599.000000,0.000000,40.000000,2.251589,0.000000
0,0.000000,0.818182,1.000000,16.174163,0.000000,1133.048889,0.000000,87.120614,0.000000,43.560307,0.000000,1360,10,1.000000,599.000000,0.000000,40.000000,2.251589,0.000000
0,0.000000,0.818182,1.000000,16.174163,0.000000,1133.048889,0.000000,87.120614,0.000000,43.560307,0.000000,410,10,1.000000,599.000000,0.000000,40.000000,2.251589,0.000000
0,0.000000,0.769231,1.000000,7.458733,0.000000,1438.321995,0.000000,84.561198,0.000000,42.280599,0.000000,200,10,1.000000,580.000000,0.000000,40.000000,1.728618,0.000000
0,0.000000,1.000000,1.000000,0.362951,0.000000,65.881633,0.000000,98.457699,0.000000,49.228849,0.000000,540,10,1.000000,681.000000,0.000000,45.000000,1.974300,0.000000
0,0.000000,0.800000,1.000000,4.743181,0.000000,2822.625000,0.000000,94.381817,0.000000,47.190909,0.000000,1800,10,1.000000,639.000000,0.000000,45.000000,2.135546,0.000000
0,0.000000,0.800000,1.000000,4.743181,0.000000,2822.625000,0.000000,94.381817,0.000000,47.190909,0.000000,430,10,1.000000,639.000000,0.000000,45.000000,2.135546,0.000000
0,0.000000,0.769231,1.000000,7.458733,0.000000,1438.321995,0.000000,84.561198,0.000000,42.280599,0.000000,1020,10,1.000000,580.000000,0.000000,40.000000,1.728618,0.000000
0,0.000000,0.769231,1.000000,7.458733,0.000000,1438.321995,0.000000,84.561198,0.000000,42.280599,0.000000,600,10,1.000000,580.000000,0.000000,40.000000,1.728618,0.000000
0,0.000000,1.000000,1.000000,0.604751,0.000000,78.250000,0.000000,59.096135,0.000000,29.548067,0.000000,850,10,1.000000,734.000000,0.000000,25.000000,1.187002,0.000000
0,0.000000,0.047619,0.076923,2.640940,6.184745,5745.080000,6187.194444,87.061467,99.172045,43.530734,49.586022,5240,2420,0.076923,137.000000,0.000000,40.000000,1.806731,1.986566
0,0.000000,0.142857,0.142857,0.000000,0.461519,779.500000,499.280000,54.476263,38.151089,27.238132,19.075544,6030,10,0.142857,49.000000,0.000000,25.000000,1.089525,0.000000
0,0.000000,0.047619,0.076923,2.640940,6.184745,5745.080000,6187.194444,87.061467,99.172045,43.530734,49.586022,2550,2420,0.076923,137.000000,0.000000,40.000000,1.806731,1.986566
0,0.000000,0.285714,0.285714,0.000000,1.181303,1516.000000,1454.750000,67.147940,50.000000,33.573970,25.000000,3300,10,0.285714,49.000000,0.000000,30.000000,1.342959,0.000000
0,0.000000,0.857143,0.857143,0.000000,5.003442,1467.500000,4732.444444,66.369889,49.172045,33.184944,24.586022,6120,10,0.857143,49.000000,0.000000,30.000000,1.327398,0.000000
0,0.000000,0.047619,0.076923,2.640940,6.184745,5745.080000,6187.194444,87.061467,99.172045,43.530734,49.586022,3000,2550,0.076923,137.000000,0.000000,40.000000,1.806731,1.986566
0,0.000000,0.047619,0.076923,2.640940,6.184745,5745.080000,6187.194444,87.061467,99.172045,43.530734,49.586022,5240,3000,0.076923,137.000000,0.000000,40.000000,1.806731,1.986566
0,0.000000,0.285714,0.285714,0.000000,1.181303,1516.000000,1454.750000,67.147940,50.000000,33.573970,25.000000,3880,10,0.285714,49.000000,0.000000,30.000000,1.342959,0.000000
0,0.000000,0.857143,0.857143,0.000000,5.003442,1467.500000,4732.444444,66.369889,49.172045,33.184944,24.586022,3430,10,0.857143,49.000000,0.000000,30.000000,1.327398,0.000000
0,0.000000,0.500000,0.500000,0.098396,0.000000,116.770408,93.065744,48.795416,50.000000,24.397708,25.000000,6440,10,0.500000,80.000000,0.000000,20.000000,0.975955,0.000000
0,0.000000,0.500000,0.500000,0.098396,0.000000,116.770408,93.065744,48.795416,50.000000,24.397708,25.000000,6160,10,0.500000,80.000000,0.000000,20.000000,0.975955,0.000000
0,-0.000002,0.857143,0.454545,4.024334,0.000000,1206.375000,5140.208889,79.098752,84.360237,39.549376,42.180118,2220,1920,0.857143,487.000000,0.000000,35.000000,1.642247,1.687205
0,-0.000002,0.857143,0.454545,4.024334,0.000000,1206.375000,5140.208889,79.098752,84.360237,39.549376,42.180118,2500,1920,0.857143,487.000000,0.000000,35.000000,1.642247,1.687205
0,-0.000000,0.555556,0.181818,1.423411,0.000000,99.090278,3669.888889,89.517547,87.575287,44.758773,43.787643,4170,1400,0.555556,292.000000,0.000000,40.000000,1.811826,1.751506
0,-0.000000,0.444444,0.090909,3.747589,0.000000,1998.222222,8690.320000,78.818721,77.112686,39.409360,38.556343,3870,1400,0.466667,292.000000,0.000000,35.000000,1.599272,1.542254
0,-0.000000,0.555556,0.181818,1.423411,0.000000,99.090278,3669.888889,89.517547,87.575287,44.758773,43.787643,4450,1400,0.555556,292.000000,0.000000,40.000000,1.811826,1.751506
0,-0.000063,0.100000,0.066667,7.529274,1.495414,833.000000,1600.000000,76.981218,67.583705,38.490609,33.791852,5370,1740,0.100000,192.000000,0.000000,35.000000,1.596860,1.352381
0,-0.000000,0.571429,0.400000,47.191974,0.880048,6365.000000,1048.000000,80.203253,72.137370,40.101626,36.068685,5040,2490,0.571429,225.000000,0.000000,40.000000,1.780302,1.443119
0,-0.000009,0.368421,0.291667,0.000000,0.662940,674.051020,806.421875,54.355916,74.791177,27.177958,37.395589,6440,10,0.368421,85.000000,0.000000,25.000000,1.087118,1.496098
0,-0.000045,0.235294,0.161290,47.408158,0.822255,6568.141111,1024.793388,90.275849,81.946492,45.137924,40.973246,5080,5040,0.238095,225.000000,0.000000,45.000000,1.981869,1.639260
0,-0.000000,0.375000,0.333333,13.608291,1.218247,1512.680473,1752.000000,78.105112,71.374359,39.052556,35.687179,6710,2450,0.375000,58.000000,0.000000,35.000000,1.727371,1.427912
0,-0.000045,0.235294,0.161290,47.408158,0.822255,6568.141111,1024.793388,90.275849,81.946492,45.137924,40.973246,6360,5040,0.238095,225.000000,0.000000,45.000000,1.981869,1.639260
0,-0.000128,0.090909,0.076923,1.542815,0.400578,573.540000,481.920000,76.863908,66.982642,38.431954,33.491321,6610,1620,0.090909,68.000000,0.000000,35.000000,1.556449,1.339825
0,0.000000,0.259259,0.304348,23.452263,0.000000,1729.017390,7236.000000,87.389364,89.913329,43.694682,44.956665,5570,2970,0.318182,155.000000,0.000000,40.000000,1.918121,1.798267
0,0.000000,0.259259,0.304348,23.452263,0.000000,1729.017390,7236.000000,87.389364,89.913329,43.694682,44.956665,5660,5570,0.318182,155.000000,0.000000,40.000000,1.918121,1.798267
0,-0.000000,0.166667,0.142857,8.006062,0.000000,862.604167,1650.000000,76.840649,81.059146,38.420325,40.529573,5570,350,0.166667,155.000000,0.000000,35.000000,1.613872,1.621183
0,-0.000189,0.466667,0.411765,112.799177,1.312392,1606.421875,1652.909722,70.023811,83.195356,35.011905,41.597678,4280,3580,0.466667,74.000000,0.000000,35.000000,16.722610,1.664428
0,-0.000189,0.500000,0.411765,0.000000,1.312392,453.551020,1652.909722,56.791530,83.195356,28.395765,41.597678,2810,10,0.500000,151.000000,0.000000,25.000000,1.135831,1.664428
0,-0.000069,0.076923,0.066667,1.441342,0.000000,1559.237833,716.993056,86.995566,50.000000,43.497783,25.000000,8600,2190,0.076923,71.000000,0.000000,40.000000,1.740582,0.000000
0,0.000000,0.600000,0.600000,1.740738,0.000000,779.062500,600.000000,76.449101,40.303654,38.224551,20.151827,2780,2420,0.600000,12.000000,0.000000,35.000000,1.546871,0.000000
0,-0.000000,0.285714,0.200000,1.294789,0.000000,416.805556,19.440000,67.079424,39.501574,33.539712,19.750787,3750,1030,0.285714,187.000000,0.000000,30.000000,1.348621,0.000000
0,-0.000069,0.076923,0.066667,1.441342,0.000000,1559.237833,716.993056,86.995566,50.000000,43.497783,25.000000,7320,2190,0.076923,71.000000,0.000000,40.000000,1.740582,0.000000
0,0.000000,0.125000,0.125000,3.898860,0.000000,1358.222222,27.222222,67.929598,33.850726,33.964799,16.925363,4230,2770,0.125000,13.000000,0.000000,30.000000,1.637796,0.000000
0,0.000000,0.083333,0.083333,3.220331,0.000000,1206.993056,812.940000,77.625247,87.710047,38.812624,43.855023,9220,5530,0.083333,13.000000,0.000000,35.000000,1.563087,1.754201
0,0.000000,0.125000,0.125000,3.220331,0.000000,517.222222,46.662222,59.902313,73.992554,29.951157,36.996277,5530,4270,0.125000,13.000000,0.000000,25.000000,1.208628,1.479851
0,0.000000,0.083333,0.083333,3.220331,0.000000,1206.993056,812.940000,77.625247,87.710047,38.812624,43.855023,7940,5530,0.083333,13.000000,0.000000,35.000000,1.563087,1.754201
0,0.000000,0.250000,0.250000,1.097290,0.000000,1239.750000,1000.000000,39.670507,53.388205,19.835253,26.694103,5090,10,0.250000,19.000000,0.000000,15.000000,0.793907,1.067764
0,0.000022,0.033333,0.064516,0.895888,1.046968,1026.399077,1251.555556,100.000000,98.765140,50.000000,49.382570,8300,7150,0.083333,153.000000,0.000000,50.000000,2.000391,1.975744
0,0.000428,0.050000,0.133333,111.638600,0.325200,466.310764,399.187500,83.097505,100.000000,41.548752,50.000000,7380,4280,0.133333,130.000000,0.000000,40.000000,16.983497,2.000137
0,0.000428,0.043478,0.133333,0.222806,0.325200,238.423769,399.187500,82.657549,100.000000,41.328775,50.000000,6870,550,0.133333,153.000000,0.000000,40.000000,1.653255,2.000137
0,0.000428,0.050000,0.133333,111.638600,0.325200,466.310764,399.187500,83.097505,100.000000,41.548752,50.000000,7100,4280,0.133333,130.000000,0.000000,40.000000,16.983497,2.000137
0,0.000428,0.043478,0.133333,0.222806,0.325200,238.423769,399.187500,82.657549,100.000000,41.328775,50.000000,7150,550,0.133333,153.000000,0.000000,40.000000,1.653255,2.000137
0,0.000000,0.166667,0.166667,0.812018,0.203701,984.375000,221.000000,68.468700,83.500121,34.234350,41.750061,2320,350,0.166667,20.000000,0.000000,30.000000,1.369709,1.670099
0,0.000428,0.043478,0.133333,99.762985,0.325200,2126.667092,399.187500,93.948306,100.000000,46.974153,50.000000,2030,1590,0.133333,49.000000,0.000000,45.000000,11.559971,2.000137
0,0.000000,0.166667,0.166667,0.812018,0.203701,984.375000,221.000000,68.468700,83.500121,34.234350,41.750061,8480,350,0.166667,20.000000,0.000000,30.000000,1.369709,1.670099
0,0.000000,0.166667,0.166667,0.812018,0.203701,984.375000,221.000000,68.468700,83.500121,34.234350,41.750061,8200,350,0.166667,20.000000,0.000000,30.000000,1.369709,1.670099
0,0.000022,0.033333,0.064516,0.895888,1.046968,1026.399077,1251.555556,100.000000,98.765140,50.000000,49.382570,8300,6870,0.083333,153.000000,0.000000,50.000000,2.000391,1.975744
0,0.000022,0.041667,0.064516,99.133048,1.046968,1294.479592,1251.555556,92.029556,98.765140,46.014778,49.382570,9340,2030,0.066667,49.000000,0.000000,45.000000,11.521358,1.975744
0,0.000022,0.033333,0.064516,0.895888,1.046968,1026.399077,1251.555556,100.000000,98.765140,50.000000,49.382570,7020,6870,0.083333,153.000000,0.000000,50.000000,2.000391,1.975744
0,0.000076,0.833333,0.600000,0.121469,0.123485,179.840000,120.000000,63.955135,88.527670,31.977567,44.263835,7600,10,0.857143,80.000000,0.000000,30.000000,1.279148,1.770618
0,0.000022,0.041667,0.064516,99.133048,1.046968,1294.479592,1251.555556,92.029556,98.765140,46.014778,49.382570,8060,2030,0.066667,49.000000,0.000000,45.000000,11.521358,1.975744
0,0.000076,0.833333,0.600000,0.121469,0.123485,179.840000,120.000000,63.955135,88.527670,31.977567,44.263835,7880,10,0.857143,80.000000,0.000000,30.000000,1.279148,1.770618
0,0.000076,0.285714,0.600000,98.531351,0.123485,562.229592,120.000000,70.250193,88.527670,35.125097,44.263835,2030,320,0.857143,49.000000,0.000000,35.000000,11.085524,1.770618
0,0.000022,0.033333,0.064516,0.895888,1.046968,1026.399077,1251.555556,100.000000,98.765140,50.000000,49.382570,7150,7020,0.083333,153.000000,0.000000,50.000000,2.000391,1.975744
0,0.000428,0.043478,0.133333,99.762985,0.325200,2126.667092,399.187500,93.948306,100.000000,46.974153,50.000000,5090,2030,0.133333,49.000000,0.000000,45.000000,11.559971,2.000137
0,-0.000000,0.142857,0.133333,1.145991,0.000000,1402.555556,2797.000000,100.000000,100.000000,50.000000,50.000000,8470,4010,0.142857,162.000000,0.000000,50.000000,2.000469,2.000000
0,-0.000001,0.333333,0.200000,0.592899,0.000000,732.993056,624.000000,64.720777,91.469734,32.360388,45.734867,9030,10,0.333333,106.000000,0.000000,30.000000,1.294661,1.829395
0,0.000004,0.263158,0.466667,0.000000,0.000000,3153.551020,903.187500,62.921668,100.000000,31.460834,50.000000,7760,10,0.466667,233.000000,0.000000,30.000000,1.258433,2.000000
0,-0.000042,0.600000,0.333333,2.660605,0.000000,145.000000,1129.000000,87.500000,88.316144,43.750000,44.158072,2600,10,0.666667,621.000000,0.000000,40.000000,1.793696,1.766323
0,-0.000009,0.636364,0.562500,2.481019,0.000000,1571.897143,1700.000000,86.925390,88.077734,43.462695,44.038867,7930,1620,0.666667,216.000000,0.000000,40.000000,1.758119,1.761555
0,0.000004,0.263158,0.466667,0.000000,0.000000,3153.551020,903.187500,62.921668,100.000000,31.460834,50.000000,6480,10,0.466667,233.000000,0.000000,30.000000,1.258433,2.000000
0,-0.000000,0.142857,0.133333,1.145991,0.000000,1402.555556,2797.000000,100.000000,100.000000,50.000000,50.000000,8470,4590,0.142857,162.000000,0.000000,50.000000,2.000469,2.000000
0,0.000000,0.064516,0.064516,0.953036,0.000000,1459.555556,904.000000,92.874454,92.653274,46.437227,46.326637,9740,10,0.064516,35.000000,0.000000,45.000000,1.857882,1.853065
0,-0.000000,0.125000,0.111111,3.898860,0.000000,744.215278,654.000000,81.453981,88.184102,40.726991,44.092051,9180,4230,0.125000,91.000000,0.000000,40.000000,1.908284,1.763682
0,-0.000000,0.142857,0.133333,1.145991,0.000000,1402.555556,2797.000000,100.000000,100.000000,50.000000,50.000000,7190,4010,0.142857,162.000000,0.000000,50.000000,2.000469,2.000000
0,0.000004,0.259259,0.466667,112.229670,0.000000,1162.421875,903.187500,85.553189,100.000000,42.776595,50.000000,7250,4280,0.466667,156.000000,0.000000,40.000000,17.032860,2.000000
0,-0.000000,0.090909,0.066667,1.141950,0.000000,128.227500,1403.187500,65.833635,88.077734,32.916818,44.038867,1620,180,0.090909,216.000000,0.000000,30.000000,1.335663,1.761555
0,-0.000001,0.333333,0.200000,0.592899,0.000000,732.993056,624.000000,64.720777,91.469734,32.360388,45.734867,7750,10,0.333333,106.000000,0.000000,30.000000,1.294661,1.829395
0,-0.000000,0.076923,0.066667,111.694492,0.000000,488.341875,1403.187500,69.194255,88.077734,34.597127,44.038867,4280,2220,0.076923,156.000000,0.000000,30.000000,16.705475,1.761555
0,0.000000,0.064516,0.064516,0.953036,0.000000,1459.555556,904.000000,92.874454,92.653274,46.437227,46.326637,8460,10,0.064516,35.000000,0.000000,45.000000,1.857882,1.853065
0,-0.000000,0.125000,0.111111,3.898860,0.000000,744.215278,654.000000,81.453981,88.184102,40.726991,44.092051,7900,4230,0.125000,91.000000,0.000000,40.000000,1.908284,1.763682
0,-0.000000,0.142857,0.133333,1.145991,0.000000,1402.555556,2797.000000,100.000000,100.000000,50.000000,50.000000,7190,4590,0.142857,162.000000,0.000000,50.000000,2.000469,2.000000
0,-0.000042,0.600000,0.333333,2.660605,0.000000,145.000000,1129.000000,87.500000,88.316144,43.750000,44.158072,3880,10,0.666667,621.000000,0.000000,40.000000,1.793696,1.766323
0,-0.000000,0.071429,0.062500,0.750205,0.000000,872.640000,944.960000,87.989863,88.329523,43.994932,44.164761,7190,2090,0.071429,162.000000,0.000000,40.000000,1.760120,1.766590
0,-0.000009,0.636364,0.562500,2.481019,0.000000,1571.897143,1700.000000,86.925390,88.077734,43.462695,44.038867,6650,1620,0.666667,216.000000,0.000000,40.000000,1.758119,1.761555
0,-0.000000,0.071429,0.062500,0.750205,0.000000,872.640000,944.960000,87.989863,88.329523,43.994932,44.164761,8470,2090,0.071429,162.000000,0.000000,40.000000,1.760120,1.766590
0,-0.000010,0.100000,0.083333,1.693641,0.000000,677.040000,1629.000000,73.847310,76.393878,36.923655,38.196939,4060,1620,0.100000,216.000000,0.000000,35.000000,1.496213,1.527878
0,0.000004,0.259259,0.466667,112.229670,0.000000,1162.421875,903.187500,85.553189,100.000000,42.776595,50.000000,8530,4280,0.466667,156.000000,0.000000,40.000000,17.032860,2.000000
0,0.000000,0.888889,0.888889,18.045591,0.000000,400.000000,1819.440000,94.935323,92.138133,47.467662,46.069067,8310,10,0.888889,73.000000,0.000000,45.000000,3.594766,1.842763
0,0.000000,0.888889,0.888889,18.045591,0.000000,400.000000,1819.440000,94.935323,92.138133,47.467662,46.069067,2430,10,0.888889,73.000000,0.000000,45.000000,3.594766,1.842763
0,0.000000,0.888889,0.888889,18.045591,0.000000,400.000000,1819.440000,94.935323,92.138133,47.467662,46.069067,8590,10,0.888889,73.000000,0.000000,45.000000,3.594766,1.842763
0,0.000000,1.000000,1.000000,56.439601,1.075042,2026.375000,1300.000000,84.758493,66.387709,42.379246,33.193855,2630,10,1.000000,381.000000,0.000000,40.000000,2.541289,1.328200
0,0.000000,1.000000,1.000000,56.439601,1.075042,2026.375000,1300.000000,84.758493,66.387709,42.379246,33.193855,5320,10,1.000000,381.000000,0.000000,40.000000,2.541289,1.328200
0,0.000000,0.166667,0.166667,0.100471,0.191509,429.000000,246.500000,74.724783,77.194655,37.362392,38.597328,460,10,0.166667,119.000000,0.000000,35.000000,1.494536,1.543968
0,0.000000,0.100000,0.100000,0.854111,0.256607,992.250000,392.000000,79.571257,39.991984,39.785629,19.995992,9430,6930,0.100000,174.000000,0.000000,35.000000,1.591794,0.000000
0,0.000000,1.000000,1.000000,0.090993,0.638886,109.937500,800.000000,47.897905,40.439480,23.948953,20.219740,5340,10,1.000000,583.000000,0.000000,20.000000,0.958014,0.000000
0,-0.000000,0.250000,0.200000,41.333100,1.720236,744.000000,2100.000000,70.905171,79.686387,35.452586,39.843193,4000,3270,0.250000,257.000000,0.000000,35.000000,3.290795,1.594433
0,0.000000,0.500000,0.333333,6.099081,1.081350,286.972222,1300.000000,74.425827,39.246907,37.212913,19.623454,7060,2460,0.500000,411.000000,0.000000,35.000000,1.669189,0.000000
0,0.000000,0.250000,0.250000,0.025463,0.015974,48.000000,27.312500,37.072346,73.636883,18.536173,36.818442,450,10,0.250000,80.000000,0.000000,15.000000,0.741456,1.472742
0,-0.000000,0.111111,0.090909,0.043085,0.056722,80.888889,78.312500,53.835252,78.146828,26.917626,39.073414,5110,10,0.111111,124.000000,0.000000,25.000000,1.076722,1.562957
0,-0.000000,0.071429,0.066667,2.144793,28.616005,2316.918367,2011.880000,77.695998,73.908826,38.847999,36.954413,3760,3100,0.071429,64.000000,0.000000,35.000000,1.554918,1.781809
0,0.000019,0.500000,0.750000,0.108522,0.000000,201.222222,162.562500,44.840317,38.856730,22.420158,19.428365,8980,10,0.750000,39.000000,0.000000,20.000000,0.896840,0.000000
0,0.000000,0.090909,0.090909,0.037639,0.000000,65.520000,46.080000,44.372515,41.188356,22.186258,20.594178,4910,10,0.090909,51.000000,0.000000,20.000000,0.887466,0.000000
0,0.000000,0.500000,0.500000,0.006623,0.000000,31.440000,12.000000,43.126704,39.033181,21.563352,19.516590,920,10,0.500000,51.000000,0.000000,20.000000,0.862536,0.000000
0,0.000000,0.636364,0.636364,0.029868,0.000000,59.760000,40.320000,46.887633,42.246034,23.443816,21.123017,6460,10,0.636364,51.000000,0.000000,20.000000,0.937764,0.000000
0,0.000000,0.111111,0.111111,0.009076,0.000000,34.752500,15.312500,45.343312,39.642612,22.671656,19.821306,1360,10,0.111111,51.000000,0.000000,20.000000,0.906869,0.000000
0,-0.000001,0.375000,0.333333,1.270877,0.045081,42.534722,54.000000,79.580892,37.850141,39.790446,18.925071,1960,1160,0.375000,89.000000,0.000000,35.000000,1.610858,0.000000
0,-0.000000,0.333333,0.142857,0.205821,0.444966,206.888889,486.000000,49.329221,39.885711,24.664610,19.942855,1370,10,0.444444,204.000000,0.000000,20.000000,0.986702,0.000000
0,-0.000000,1.000000,0.428571,2.907036,0.040874,62.888889,80.000000,55.793709,39.099782,27.896855,19.549891,6370,10,1.000000,204.000000,0.000000,25.000000,1.233247,0.000000
0,0.000000,0.555556,0.555556,3.478441,0.197809,289.527778,288.000000,84.217364,41.877024,42.108682,20.938512,8280,6760,0.555556,96.000000,0.000000,40.000000,1.755371,0.000000
0,0.000000,0.555556,0.555556,3.478441,0.197809,289.527778,288.000000,84.217364,41.877024,42.108682,20.938512,9230,6760,0.555556,96.000000,0.000000,40.000000,1.755371,0.000000
0,0.000000,0.714286,1.000000,1.999009,0.000000,640.320000,0.000000,66.295095,0.000000,33.147547,0.000000,1770,820,1.000000,842.000000,0.000000,30.000000,1.338825,0.000000
0,0.000000,0.100000,0.100000,9.378450,0.000000,271.791383,431.444444,67.984551,63.629266,33.992275,31.814633,6580,2910,0.100000,19.000000,0.000000,30.000000,1.528260,1.272585
0,-0.000001,0.200000,0.125000,0.443708,0.000000,626.000000,722.840000,80.834309,67.622466,40.417154,33.811233,5280,3570,0.200000,320.000000,0.000000,40.000000,1.616846,1.352449
0,-0.000034,0.071429,0.050000,11.263524,0.000000,549.788265,482.520000,78.243169,68.425190,39.121585,34.212595,5830,4460,0.071429,94.000000,0.000000,35.000000,1.756257,1.368504
0,-0.000058,0.181818,0.166667,3.621238,0.000000,875.875000,525.333333,85.858431,78.140041,42.929215,39.070021,7980,5620,0.200000,115.000000,0.000000,40.000000,1.737949,1.562801
0,0.000000,0.625000,0.625000,3.995453,0.000000,261.846939,1000.000000,75.183690,69.105701,37.591845,34.552851,6580,3470,0.625000,19.000000,0.000000,35.000000,1.557488,1.382114
0,-0.000058,0.181818,0.166667,3.621238,0.000000,875.875000,525.333333,85.858431,78.140041,42.929215,39.070021,11000,5620,0.200000,115.000000,0.000000,40.000000,1.737949,1.562801
0,0.000001,0.600000,0.750000,8.067707,0.000000,128.000000,412.000000,43.145284,76.099508,21.572642,38.049754,300,70,0.750000,569.000000,0.000000,20.000000,1.367186,1.521990
0,-0.000000,0.181818,0.333333,20.307957,6.187870,530.560000,8683.750000,81.538875,77.872943,40.769438,38.936472,3270,770,0.538462,566.000000,0.000000,40.000000,2.049704,1.559665
0,-0.000007,0.090909,0.086957,1.080777,1.208105,1444.345679,1680.000000,96.843395,87.271358,48.421697,43.635679,8670,4800,0.090909,26.000000,0.000000,45.000000,1.937274,1.745863
0,-0.000007,0.090909,0.086957,1.080777,1.208105,1444.345679,1680.000000,96.843395,87.271358,48.421697,43.635679,8300,8090,0.090909,26.000000,0.000000,45.000000,1.937274,1.745863
0,-0.000000,0.181818,0.333333,20.307957,6.187870,530.560000,8683.750000,81.538875,77.872943,40.769438,38.936472,2690,770,0.538462,566.000000,0.000000,40.000000,2.049704,1.559665
0,-0.000007,0.090909,0.086957,1.080777,1.208105,1444.345679,1680.000000,96.843395,87.271358,48.421697,43.635679,8670,8300,0.090909,26.000000,0.000000,45.000000,1.937274,1.745863
0,-0.000007,0.090909,0.086957,1.080777,1.208105,1444.345679,1680.000000,96.843395,87.271358,48.421697,43.635679,8090,4800,0.090909,26.000000,0.000000,45.000000,1.937274,1.745863
0,0.000000,0.500000,0.500000,1.415574,0.061025,1614.375000,77.777778,55.954358,40.902543,27.977179,20.451271,7170,10,0.500000,91.000000,0.000000,25.000000,1.119720,0.000000
0,-0.000000,0.076923,0.071429,95.474879,0.158127,3726.562500,250.000000,72.309628,40.006972,36.154814,20.003486,9280,7030,0.076923,105.000000,0.000000,35.000000,2.722147,0.000000
0,-0.000000,0.500000,0.375000,0.898256,0.000000,63.222222,131.444444,84.237706,40.294304,42.118853,20.147152,7520,1960,0.500000,179.000000,0.000000,40.000000,1.699109,0.000000
0,-0.000000,0.400000,0.125000,0.216612,0.000000,83.440000,700.000000,68.729797,40.186262,34.364899,20.093131,5570,570,0.500000,374.000000,0.000000,30.000000,1.375144,0.000000
0,-0.000011,0.166667,0.153846,0.341376,0.000000,481.320000,751.111111,72.967807,37.668342,36.483904,18.834171,9040,7830,0.166667,57.000000,0.000000,35.000000,1.459477,0.000000
0,0.000253,0.125000,0.214286,0.028717,0.000000,72.112847,368.640000,62.762910,39.791388,31.381455,19.895694,2250,10,0.555556,615.000000,0.000000,30.000000,1.255273,0.000000
0,0.000089,0.400000,0.714286,0.633348,0.000000,116.000000,176.400000,79.867912,38.367128,39.933956,19.183564,4890,2310,1.000000,351.000000,0.000000,35.000000,1.606823,0.000000
0,-0.000001,0.133333,0.111111,0.223310,0.209142,607.187500,312.000000,94.935323,87.933091,47.467662,43.966545,1990,10,0.181818,356.000000,0.000000,45.000000,1.898789,1.758732
0,-0.000011,0.333333,0.153846,0.334135,0.019060,422.421875,24.000000,65.128380,50.000000,32.564190,25.000000,4780,10,0.333333,427.000000,0.000000,30.000000,1.302705,0.000000
0,-0.000011,0.333333,0.153846,0.334135,0.019060,422.421875,24.000000,65.128380,50.000000,32.564190,25.000000,1280,10,0.333333,427.000000,0.000000,30.000000,1.302705,0.000000
0,-0.000001,0.133333,0.111111,0.223310,0.209142,607.187500,312.000000,94.935323,87.933091,47.467662,43.966545,5490,10,0.181818,356.000000,0.000000,45.000000,1.898789,1.758732
0,0.000000,0.666667,0.714286,1.789706,0.000000,149.000000,500.000000,56.004747,41.591419,28.002374,20.795710,610,350,0.714286,368.000000,0.000000,25.000000,1.179487,0.000000
0,0.000000,0.153846,0.153846,0.100216,0.000000,417.842975,273.842975,83.005563,45.324644,41.502782,22.662322,4190,10,0.153846,10.000000,0.000000,40.000000,1.660146,0.000000
0,-0.000002,0.600000,0.222222,0.019371,0.000000,328.000000,288.000000,80.953628,37.984763,40.476814,18.992382,720,10,0.600000,357.000000,0.000000,40.000000,1.619080,0.000000
0,-0.000161,0.090909,0.058824,11.248503,0.000000,498.385488,820.750000,80.672009,80.438003,40.336005,40.219002,8870,4460,0.090909,201.000000,0.000000,40.000000,1.804834,1.608760
0,0.000000,0.250000,0.250000,0.000000,0.000000,43.040816,12.000000,50.765341,39.985903,25.382670,19.992952,2420,10,0.250000,68.000000,0.000000,25.000000,1.015307,0.000000
0,0.000000,0.600000,0.600000,0.000000,0.000000,162.485261,131.444444,49.751469,40.938673,24.875734,20.469337,3660,10,0.600000,68.000000,0.000000,20.000000,0.995029,0.000000
0,0.000000,0.250000,0.250000,0.000000,0.000000,731.040816,700.000000,51.078119,40.041821,25.539060,20.020911,4220,10,0.250000,68.000000,0.000000,25.000000,1.021562,0.000000
0,0.000000,0.076923,0.076923,0.000000,0.000000,59.040816,28.000000,53.675234,42.852477,26.837617,21.426238,7960,10,0.076923,68.000000,0.000000,25.000000,1.073505,0.000000
0,-0.000000,0.285714,0.266667,0.000000,0.000000,81.040816,47.020408,36.643637,38.183125,18.321818,19.091563,330,10,0.285714,68.000000,0.000000,15.000000,0.732873,0.000000
0,0.000000,0.235294,0.235294,0.495611,0.000000,158.515625,134.750000,70.853376,41.487093,35.426688,20.743547,10760,400,0.235294,29.000000,0.000000,35.000000,1.417933,0.000000
0,0.000000,0.090909,0.090909,0.115078,0.000000,151.765625,128.000000,66.704379,38.951726,33.352189,19.475863,1350,400,0.090909,29.000000,0.000000,30.000000,1.334132,0.000000
0,0.000000,0.125000,0.125000,1.018218,0.000000,834.750000,700.000000,80.696891,40.023961,40.348446,20.011980,10760,4610,0.125000,51.000000,0.000000,40.000000,1.615005,0.000000
0,0.000000,0.300000,0.300000,0.581851,0.000000,266.194444,131.444444,81.624032,41.314670,40.812016,20.657335,10760,4050,0.300000,51.000000,0.000000,40.000000,1.633381,0.000000
0,-0.000000,0.800000,0.117647,6.975054,0.000000,275.000000,238.775510,91.382975,50.000000,45.691488,25.000000,4970,4290,0.800000,630.000000,0.000000,45.000000,1.962681,0.000000
0,0.000000,0.076923,0.076923,0.080356,0.000000,162.750000,28.000000,51.280996,28.981274,25.640498,14.490637,10960,10,0.076923,31.000000,0.000000,25.000000,1.025644,0.000000
0,-0.000000,0.600000,0.545455,0.107715,0.000000,192.937500,800.000000,59.334952,39.678544,29.667476,19.839272,9420,10,0.600000,185.000000,0.000000,25.000000,1.186735,0.000000
0,-0.000000,0.800000,0.117647,6.975054,0.000000,275.000000,238.775510,91.382975,50.000000,45.691488,25.000000,7310,4970,0.800000,630.000000,0.000000,45.000000,1.962681,0.000000
0,-0.000000,0.181818,0.117647,0.266075,0.000000,395.425347,450.000000,80.699826,38.660808,40.349913,19.330404,8770,4220,0.181818,250.000000,0.000000,40.000000,1.614086,0.000000
0,0.000000,0.250000,0.250000,0.040956,0.013794,66.000000,28.200000,44.144967,81.996057,22.072483,40.998029,5550,10,0.250000,374.000000,0.000000,20.000000,0.882915,1.639925
0,-0.000005,0.055556,0.052632,0.197491,0.094747,287.036428,138.484375,80.816260,87.805102,40.408130,43.902551,6720,950,0.055556,38.000000,0.000000,40.000000,1.616393,1.756134
0,0.000000,0.166667,0.166667,34.728194,0.550214,1548.555556,849.484375,84.827278,89.358868,42.413639,44.679434,6630,4650,0.166667,15.000000,0.000000,40.000000,2.488376,1.787356
0,0.000000,0.052632,0.052632,34.263292,0.094747,837.555556,138.484375,82.555759,87.805102,41.277880,43.902551,10130,6950,0.052632,15.000000,0.000000,40.000000,2.442793,1.756134
0,-0.000022,0.500000,0.052632,0.066349,0.094747,95.906250,138.484375,76.615769,87.805102,38.307884,43.902551,6640,1010,0.500000,46.000000,0.000000,35.000000,1.532338,1.756134
0,0.000000,0.166667,0.166667,20.519780,0.550214,1028.130178,849.484375,79.305586,89.358868,39.652793,44.679434,4420,1090,0.166667,38.000000,0.000000,35.000000,2.500391,1.787356
0,0.000000,0.052632,0.052632,34.263292,0.094747,837.555556,138.484375,82.555759,87.805102,41.277880,43.902551,6950,6630,0.052632,15.000000,0.000000,40.000000,2.442793,1.756134
0,0.000000,0.166667,0.166667,34.728194,0.550214,1548.555556,849.484375,84.827278,89.358868,42.413639,44.679434,10130,4650,0.166667,15.000000,0.000000,40.000000,2.488376,1.787356
0,-0.000000,0.111111,0.166667,0.148794,0.550214,485.592975,849.484375,83.696439,89.358868,41.848219,44.679434,3480,10,0.200000,132.000000,0.000000,40.000000,1.673981,1.787356
0,0.000000,0.933333,0.933333,3.591011,0.210985,243.786597,326.666667,93.137262,41.792071,46.568631,20.896035,1380,10,0.933333,20.000000,0.000000,45.000000,2.026042,0.000000
0,0.000000,0.933333,0.933333,3.591011,0.210985,243.786597,326.666667,93.137262,41.792071,46.568631,20.896035,1240,10,0.933333,20.000000,0.000000,45.000000,2.026042,0.000000
0,0.000040,0.928571,1.000000,19.982759,0.000000,236.505178,0.000000,90.983511,0.000000,45.491755,0.000000,6400,1090,1.000000,49.000000,0.000000,45.000000,2.733768,0.000000
0,0.000000,1.000000,1.000000,20.121023,0.000000,436.260355,0.000000,81.967021,0.000000,40.983511,0.000000,1090,950,1.000000,49.000000,0.000000,40.000000,2.553486,0.000000
0,0.000040,1.000000,1.000000,2.004696,0.000000,297.842975,0.000000,96.666667,0.000000,48.333333,0.000000,8960,10,1.000000,143.000000,0.000000,45.000000,2.017058,0.000000
0,0.000000,0.933333,0.933333,3.591011,0.210985,243.786597,326.666667,93.137262,41.792071,46.568631,20.896035,6690,10,0.933333,20.000000,0.000000,45.000000,2.026042,0.000000
0,0.000010,0.454545,0.250000,2.349778,0.516608,317.592975,800.000000,81.484068,38.491680,40.742034,19.245840,8430,700,0.454545,74.000000,0.000000,40.000000,1.683609,0.000000
0,0.000000,0.933333,0.933333,3.591011,0.210985,243.786597,326.666667,93.137262,41.792071,46.568631,20.896035,10190,10,0.933333,20.000000,0.000000,45.000000,2.026042,0.000000
0,-0.000055,0.545455,0.250000,2.184640,0.516608,62.125000,800.000000,89.771550,38.491680,44.885775,19.245840,9650,8430,0.545455,74.000000,0.000000,40.000000,1.849306,0.000000
0,0.000040,0.928571,1.000000,19.982759,0.000000,236.505178,0.000000,90.983511,0.000000,45.491755,0.000000,9900,1090,1.000000,49.000000,0.000000,45.000000,2.733768,0.000000
0,0.000000,0.125000,0.125000,0.528201,0.727592,1051.302222,1126.666667,82.311301,80.283751,41.155651,40.141876,8970,10,0.125000,20.000000,0.000000,40.000000,1.646391,1.605910
0,-0.000055,0.545455,0.250000,2.184640,0.516608,62.125000,800.000000,89.771550,38.491680,44.885775,19.245840,8430,6150,0.545455,74.000000,0.000000,40.000000,1.849306,0.000000
0,0.000000,0.500000,1.000000,0.000000,0.000000,141.551020,0.000000,57.688007,0.000000,28.844004,0.000000,3510,10,1.000000,688.000000,0.000000,25.000000,1.153760,0.000000
0,0.000010,0.454545,0.250000,19.997191,0.516608,261.880178,800.000000,81.532162,38.491680,40.766081,19.245840,8680,1090,0.454545,49.000000,0.000000,40.000000,2.544745,0.000000
0,0.000040,1.000000,1.000000,2.004696,0.000000,297.842975,0.000000,96.666667,0.000000,48.333333,0.000000,5460,10,1.000000,143.000000,0.000000,45.000000,2.017058,0.000000
0,0.000000,0.250000,0.250000,89.732264,1.636213,1408.437500,2469.240000,71.016654,48.415224,35.508327,24.207612,2840,110,0.250000,16.000000,0.000000,35.000000,4.333440,0.000000
0,0.000000,0.250000,0.250000,0.325346,1.636213,449.840000,2469.240000,55.346181,48.415224,27.673090,24.207612,8270,130,0.250000,287.000000,0.000000,25.000000,1.107042,0.000000
0,0.000000,0.250000,0.250000,244.106185,1.636213,1408.437500,2469.240000,71.016654,48.415224,35.508327,24.207612,2840,1680,0.250000,16.000000,0.000000,35.000000,22.984373,0.000000
0,0.000000,0.250000,0.250000,0.397304,0.909121,532.750000,1412.888889,56.213478,39.920757,28.106739,19.960379,8690,130,0.250000,287.000000,0.000000,25.000000,1.124418,0.000000
0,-0.000008,0.125000,0.111111,0.013709,0.000000,741.326531,1868.000000,77.136965,77.207436,38.568483,38.603718,5520,720,0.230769,101.000000,0.000000,35.000000,1.542742,1.544149
0,0.000040,0.312500,0.529412,0.000000,0.000000,70.786033,416.640000,65.823942,80.575152,32.911971,40.287576,1140,10,0.529412,150.000000,0.000000,30.000000,1.316479,1.611503
0,-0.000005,0.062500,0.058824,6.616263,0.000000,10385.770975,6118.750000,88.370841,78.621749,44.185420,39.310874,8490,1160,0.062500,35.000000,0.000000,40.000000,1.769525,1.572435
0,0.000040,0.615385,0.529412,0.029312,0.000000,75.020408,416.640000,45.942434,80.575152,22.971217,40.287576,920,10,0.615385,172.000000,0.000000,20.000000,0.918858,1.611503
0,-0.000002,0.600000,0.272727,0.000000,0.000000,155.210069,373.937500,66.805617,79.352775,33.402808,39.676388,4470,10,0.600000,150.000000,0.000000,30.000000,1.336112,1.587056
0,-0.000005,0.062500,0.058824,6.616263,0.000000,10385.770975,6118.750000,88.370841,78.621749,44.185420,39.310874,8490,1380,0.062500,35.000000,0.000000,40.000000,1.769525,1.572435
0,0.000000,0.250000,0.500000,0.000000,0.000000,35.765625,312.000000,66.120053,78.766826,33.060026,39.383413,3230,10,0.500000,150.000000,0.000000,30.000000,1.322401,1.575337
0,0.000000,0.500000,0.500000,0.005156,0.000000,40.000000,312.000000,49.628282,78.766826,24.814141,39.383413,3010,10,0.500000,172.000000,0.000000,20.000000,0.992567,1.575337
0,-0.000015,0.230769,0.176471,0.016146,0.000000,56.000000,332.400000,52.497269,76.864966,26.248634,38.432483,8550,10,0.230769,172.000000,0.000000,25.000000,1.049950,1.537299
0,-0.000002,0.100000,0.272727,0.097926,0.000000,159.444444,373.937500,50.824875,79.352775,25.412438,39.676388,4250,10,0.300000,172.000000,0.000000,25.000000,1.016534,1.587056
0,-0.000015,0.062500,0.176471,0.000000,0.000000,44.890625,332.400000,64.108819,76.864966,32.054409,38.432483,8770,10,0.187500,150.000000,0.000000,30.000000,1.282176,1.537299
0,-0.000008,0.250000,0.111111,0.000000,0.000000,723.765625,1868.000000,66.160288,77.207436,33.080144,38.603718,5030,10,0.250000,150.000000,0.000000,30.000000,1.323206,1.544149
0,0.000000,0.111111,0.111111,22.254226,0.000000,879.506173,5065.250000,71.164205,83.646377,35.582103,41.823189,13740,260,0.111111,37.000000,0.000000,35.000000,1.711054,1.672928
0,0.000000,0.111111,0.111111,22.254226,0.000000,879.506173,5065.250000,71.164205,83.646377,35.582103,41.823189,13460,260,0.111111,37.000000,0.000000,35.000000,1.711054,1.672928
0,0.000000,0.111111,0.111111,22.254226,0.000000,879.506173,5065.250000,71.164205,83.646377,35.582103,41.823189,7580,260,0.111111,37.000000,0.000000,35.000000,1.711054,1.672928
0,-0.000003,0.045455,0.052632,4.395178,0.411313,6943.750000,634.027778,79.032547,66.670041,39.516273,33.335021,8730,8660,0.055556,34.000000,0.000000,35.000000,1.582043,1.333534
0,0.000000,0.529412,0.529412,4.401147,1.219791,5854.750000,2331.000000,87.829526,79.382937,43.914763,39.691468,13760,8660,0.529412,34.000000,0.000000,40.000000,1.766003,1.587978
0,0.000000,0.529412,0.529412,4.401147,1.219791,5854.750000,2331.000000,87.829526,79.382937,43.914763,39.691468,15040,8660,0.529412,34.000000,0.000000,40.000000,1.766003,1.587978
0,0.000000,0.222222,0.222222,2.758804,0.000000,3984.312500,193.600000,78.299656,40.576992,39.149828,20.288496,3740,1130,0.222222,54.000000,0.000000,35.000000,1.566948,0.000000
0,-0.000000,0.125000,0.111111,1.052512,0.000000,1440.111111,1412.888889,48.349115,39.969721,24.174558,19.984861,10280,10,0.125000,166.000000,0.000000,20.000000,0.967374,0.000000
0,-0.000000,0.875000,0.777778,0.176777,0.000000,265.997732,238.775510,60.373859,50.000000,30.186930,25.000000,13530,10,0.875000,166.000000,0.000000,30.000000,1.207543,0.000000
0,-0.000000,0.875000,0.777778,0.176777,0.000000,265.997732,238.775510,60.373859,50.000000,30.186930,25.000000,10510,10,0.875000,166.000000,0.000000,30.000000,1.207543,0.000000
0,-0.000000,0.125000,0.111111,0.552507,0.000000,843.081597,14301.280000,48.872805,50.000000,24.436403,25.000000,6780,10,0.125000,166.000000,0.000000,20.000000,0.977643,0.000000
0,-0.000000,0.125000,0.111111,510.102446,0.000000,11934.222222,14301.280000,72.645296,50.000000,36.322648,25.000000,8990,640,0.125000,103.000000,0.000000,35.000000,12.378586,0.000000
0,0.000001,0.714286,0.777778,26.435276,0.000000,3406.250000,80496.750000,79.012710,75.995312,39.506355,37.997656,7430,3800,0.777778,336.000000,0.000000,35.000000,1.683632,1.519906
0,0.000001,0.400000,0.777778,0.070018,0.000000,109.000000,1500.000000,81.059087,89.999811,40.529543,44.999906,4010,2550,0.777778,461.000000,0.000000,40.000000,1.621205,1.799996
0,0.000000,0.777778,0.777778,68.527104,0.000000,711.470000,1500.000000,78.063251,89.999811,39.031625,44.999906,6960,3260,0.777778,20.000000,0.000000,35.000000,6.243180,1.799996
0,0.000000,0.388889,0.388889,72.047242,0.000000,6020.209796,81396.750000,78.123276,85.995500,39.061638,42.997750,10590,3260,0.388889,20.000000,0.000000,35.000000,6.245547,1.719910
0,-0.000166,0.222222,0.388889,26.428529,0.000000,3407.666667,81396.750000,79.987905,85.995500,39.993952,42.997750,7430,5260,0.500000,336.000000,0.000000,35.000000,1.703132,1.719910
0,-0.000019,0.125000,0.090909,244.324970,0.117411,1744.437500,180.017857,78.887772,100.000000,39.443886,50.000000,10360,1680,0.125000,64.000000,0.000000,35.000000,23.141866,2.000038
0,-0.000019,0.125000,0.090909,89.951049,0.117411,1744.437500,180.017857,78.887772,100.000000,39.443886,50.000000,10360,110,0.125000,64.000000,0.000000,35.000000,4.490934,2.000038
0,-0.000019,0.125000,0.090909,244.324970,0.117411,1744.437500,180.017857,78.887772,100.000000,39.443886,50.000000,2520,1680,0.125000,64.000000,0.000000,35.000000,23.141866,2.000038
0,-0.000019,0.125000,0.090909,89.951049,0.117411,1744.437500,180.017857,78.887772,100.000000,39.443886,50.000000,2520,110,0.125000,64.000000,0.000000,35.000000,4.490934,2.000038
0,-0.000019,0.200000,0.090909,0.344566,0.117411,581.638889,180.017857,89.971126,100.000000,44.985563,50.000000,9620,9000,0.200000,200.000000,0.000000,40.000000,1.799525,2.000038
0,-0.000000,0.111111,0.071429,0.685044,0.884231,928.590000,1445.031746,78.659058,89.976494,39.329529,44.988247,8530,8110,0.111111,351.000000,0.000000,35.000000,1.573434,1.799801
0,0.000000,0.071429,0.071429,90.639238,0.884231,2794.326389,1445.031746,70.922743,89.976494,35.461371,44.988247,11400,110,0.071429,64.000000,0.000000,35.000000,4.331859,1.799801
0,-0.000019,0.200000,0.090909,0.344566,0.117411,581.638889,180.017857,89.971126,100.000000,44.985563,50.000000,9620,1160,0.200000,200.000000,0.000000,40.000000,1.799525,2.000038
0,0.000000,0.071429,0.071429,245.013159,0.884231,2794.326389,1445.031746,70.922743,89.976494,35.461371,44.988247,11400,1680,0.071429,64.000000,0.000000,35.000000,22.982791,1.799801
0,-0.000146,0.222222,0.200000,0.518271,0.000000,830.000000,1100.000000,48.720168,36.991538,24.360084,18.495769,4910,10,0.222222,96.000000,0.000000,20.000000,0.974569,0.000000
0,-0.000655,1.000000,0.900000,0.210985,0.000000,346.666667,5508.000000,50.997525,38.840639,25.498763,19.420320,210,10,1.000000,96.000000,0.000000,25.000000,1.020019,0.000000
0,0.000000,0.200000,0.200000,24.199946,0.000000,35655.800000,35643.000000,74.076773,37.396085,37.038387,18.698043,10810,820,0.200000,15.000000,0.000000,35.000000,1.489748,0.000000
0,0.000000,0.035714,0.035714,24.545247,0.000000,36187.500000,41151.000000,75.148020,76.236725,37.574010,38.118362,10810,1020,0.035714,15.000000,0.000000,35.000000,1.511285,1.524734
0,-0.000000,0.166667,0.153846,0.528973,0.000000,1014.302222,6608.000000,86.253619,75.832177,43.126809,37.916088,4710,10,0.166667,116.000000,0.000000,40.000000,1.725245,1.516644
0,-0.000000,0.692308,0.100000,11.496819,19.081859,725.274376,32192.875000,86.447337,99.061666,43.223669,49.530833,11210,4460,0.947368,438.000000,0.000000,40.000000,1.920466,1.986889
0,-0.000000,0.250000,0.142857,5.056582,0.842771,2235.960000,1428.888889,86.121405,89.989002,43.060703,44.994501,8560,8330,0.250000,401.000000,0.000000,40.000000,1.752002,1.800029
0,-0.000000,0.100000,0.066667,2.903576,0.135130,4207.775510,209.600000,88.155592,91.661408,44.077796,45.830704,14650,3740,0.100000,94.000000,0.000000,40.000000,1.764114,1.833272
0,0.000000,0.071429,0.071429,511.062233,19.904891,13319.888889,33589.763889,76.651540,89.050668,38.325770,44.525334,10910,8990,0.071429,143.000000,0.000000,35.000000,12.459044,1.786911
0,-0.000000,0.100000,0.066667,2.903576,0.135130,4207.775510,209.600000,88.155592,91.661408,44.077796,45.830704,11630,3740,0.100000,94.000000,0.000000,40.000000,1.764114,1.833272
0,-0.000000,0.250000,0.071429,1.681879,19.904891,2219.098765,33589.763889,81.484932,89.050668,40.742466,44.525334,8330,4830,0.250000,401.000000,0.000000,40.000000,1.630336,1.786911
0,0.000000,0.500000,0.500000,1.009921,0.026985,265.997732,43.222222,88.047335,91.065369,44.023667,45.532684,15100,2440,0.500000,49.000000,0.000000,40.000000,1.774648,1.821316
0,-0.000000,0.250000,0.142857,5.056582,0.842771,2235.960000,1428.888889,86.121405,89.989002,43.060703,44.994501,11580,8330,0.250000,401.000000,0.000000,40.000000,1.752002,1.800029
0,-0.000000,0.692308,0.100000,11.496819,19.081859,725.274376,32192.875000,86.447337,99.061666,43.223669,49.530833,8190,4460,0.947368,438.000000,0.000000,40.000000,1.920466,1.986889
0,0.000000,0.055556,0.100000,6.597079,19.081859,395.489583,32192.875000,86.309845,99.061666,43.154922,49.530833,12200,7030,0.100000,339.000000,0.000000,40.000000,1.846872,1.986889
0,0.000000,0.500000,0.500000,1.009921,0.026985,265.997732,43.222222,88.047335,91.065369,44.023667,45.532684,12080,2440,0.500000,49.000000,0.000000,40.000000,1.774648,1.821316
0,0.000000,0.055556,0.100000,6.597079,19.081859,395.489583,32192.875000,86.309845,99.061666,43.154922,49.530833,9180,7030,0.100000,339.000000,0.000000,40.000000,1.846872,1.986889
0,0.000000,0.266667,0.266667,1.523092,0.000000,341.475000,1710.375000,87.327838,87.358778,43.663919,43.679389,10750,4130,0.266667,76.000000,0.000000,40.000000,1.753139,1.747176
0,0.000000,0.266667,0.266667,1.523092,0.000000,341.475000,1710.375000,87.327838,87.358778,43.663919,43.679389,4130,2910,0.266667,76.000000,0.000000,40.000000,1.753139,1.747176
0,0.000000,0.500000,0.500000,0.005727,43.272375,35.527778,900.000000,48.476612,72.191066,24.238306,36.095533,2100,10,0.500000,349.000000,0.000000,20.000000,0.969534,3.304751
0,0.000000,0.166667,0.166667,0.132100,0.433505,203.040000,729.960000,74.150286,79.206613,37.075143,39.603307,9480,1720,0.166667,165.000000,0.000000,35.000000,1.483049,1.584261
0,0.000000,0.076923,0.071429,0.191810,43.339919,256.287778,820.859375,42.398237,73.015385,21.199118,36.507692,6090,10,0.076923,349.000000,0.000000,20.000000,0.848044,3.321279
0,0.000000,0.583333,0.571429,0.025829,43.220953,63.847778,629.960000,50.232353,71.184864,25.116176,35.592432,7640,10,0.615385,349.000000,0.000000,25.000000,1.004655,3.284631
0,0.000000,0.250000,0.250000,1.672372,0.216854,35.040000,529.960000,72.987125,79.445001,36.493562,39.722500,9400,3860,0.250000,173.000000,0.000000,35.000000,1.520102,1.588949
0,0.000000,0.333333,0.333333,0.990019,43.489026,216.000000,1100.000000,79.942734,71.952678,39.971367,35.976339,1850,1720,0.333333,165.000000,0.000000,35.000000,1.609458,3.300064
0,0.000000,0.181818,0.500000,6.641180,0.018603,10418.381944,32.000000,79.791631,42.499690,39.895816,21.249845,8490,5620,0.500000,122.000000,0.000000,35.000000,1.597949,0.000000
0,0.000012,0.111111,0.500000,10.071122,0.141342,11912.444444,225.625000,74.587666,39.294534,37.293833,19.647267,8490,6180,0.500000,122.000000,0.000000,35.000000,1.497709,0.000000
0,-0.000000,0.400000,0.166667,6.087119,0.000000,1965.475000,7736.000000,77.329646,58.282030,38.664823,29.141015,11540,4070,0.400000,131.000000,0.000000,35.000000,1.609129,1.165641
0,-0.000100,0.315789,0.260870,2.140843,0.000000,1281.875000,1088.437500,86.579054,67.119015,43.289527,33.559507,11600,10750,0.315789,125.000000,0.000000,40.000000,1.738366,1.342380
0,-0.000100,0.315789,0.260870,2.140843,0.000000,1281.875000,1088.437500,86.579054,67.119015,43.289527,33.559507,11600,2910,0.315789,125.000000,0.000000,40.000000,1.738366,1.342380
0,-0.000000,0.166667,0.142857,2.507322,0.000000,3609.800000,38658.000000,72.299540,78.062151,36.149770,39.031076,8990,6500,0.166667,304.000000,0.000000,35.000000,1.446862,1.561243
0,-0.001219,0.666667,0.571429,0.847863,0.000000,1199.000000,500.000000,45.233278,22.944192,22.616639,11.472096,1850,10,0.666667,25.000000,0.000000,20.000000,0.904969,0.000000
0,-0.000005,0.666667,0.500000,2.472266,0.000000,2925.000000,4807.111111,89.627782,39.440239,44.813891,19.720119,14740,8430,0.666667,209.000000,0.000000,40.000000,1.793817,0.000000
0,-0.000005,0.666667,0.500000,2.472266,0.000000,2925.000000,4807.111111,89.627782,39.440239,44.813891,19.720119,13460,8430,0.666667,209.000000,0.000000,40.000000,1.793817,0.000000
0,0.000000,1.000000,1.000000,20.631970,0.000000,1800.000000,0.000000,56.098748,0.000000,28.049374,0.000000,1650,370,1.000000,1518.000000,0.000000,25.000000,1.272859,0.000000
0,0.000000,0.500000,0.500000,0.000000,1.021907,747.145833,1694.928994,55.911996,37.744839,27.955998,18.872419,8610,10,0.500000,115.000000,0.000000,25.000000,1.118240,0.000000
0,-0.000000,0.285714,0.200000,1.995954,0.146757,2108.000000,345.375000,78.801261,60.433384,39.400630,30.216692,3100,2900,0.285714,613.000000,0.000000,35.000000,1.576971,1.208699
0,-0.000092,0.153846,0.200000,3.223482,0.000000,5797.583333,2327.510204,100.000000,50.000000,50.000000,25.000000,11220,3380,0.214286,47.000000,0.000000,50.000000,2.000899,0.000000
0,-0.000092,0.153846,0.200000,3.223482,0.000000,5797.583333,2327.510204,100.000000,50.000000,50.000000,25.000000,11220,1810,0.214286,47.000000,0.000000,50.000000,2.000899,0.000000
0,-0.000092,0.153846,0.200000,3.223482,0.000000,5797.583333,2327.510204,100.000000,50.000000,50.000000,25.000000,11220,1160,0.214286,47.000000,0.000000,50.000000,2.000899,0.000000
0,-0.000092,0.153846,0.200000,3.223482,0.000000,5797.583333,2327.510204,100.000000,50.000000,50.000000,25.000000,3900,1810,0.214286,47.000000,0.000000,50.000000,2.000899,0.000000
0,0.000000,0.181818,0.181818,0.727278,0.000000,1432.328889,2560.000000,52.236175,29.744349,26.118087,14.872174,11490,10,0.181818,20.000000,0.000000,25.000000,1.044911,0.000000
0,-0.000092,0.153846,0.200000,2.106244,0.000000,4025.720000,588.000000,99.952680,50.000000,49.976340,25.000000,11220,9600,0.214286,47.000000,0.000000,45.000000,1.999605,0.000000
0,0.000000,0.285714,0.285714,0.735222,0.000000,1428.888889,2560.000000,51.602567,29.744349,25.801283,14.872174,11400,10,0.285714,29.000000,0.000000,25.000000,1.032243,0.000000
0,-0.000092,0.153846,0.200000,2.106244,0.000000,4025.720000,588.000000,99.952680,50.000000,49.976340,25.000000,11220,11180,0.214286,47.000000,0.000000,45.000000,1.999605,0.000000
0,-0.000092,0.153846,0.200000,3.223482,0.000000,5797.583333,2327.510204,100.000000,50.000000,50.000000,25.000000,12680,11220,0.214286,47.000000,0.000000,50.000000,2.000899,0.000000
0,-0.000092,0.153846,0.200000,2.106244,0.000000,4025.720000,588.000000,99.952680,50.000000,49.976340,25.000000,11180,3900,0.214286,47.000000,0.000000,45.000000,1.999605,0.000000
0,0.000000,1.000000,1.000000,303.380079,0.000000,2600.000000,0.000000,77.812797,0.000000,38.906398,0.000000,8310,990,1.000000,338.000000,0.000000,35.000000,24.286220,0.000000
0,0.000000,0.181818,0.181818,0.727278,0.000000,1432.328889,2560.000000,52.236175,29.744349,26.118087,14.872174,4170,10,0.181818,20.000000,0.000000,25.000000,1.044911,0.000000
0,-0.000092,0.153846,0.200000,2.106244,0.000000,4025.720000,588.000000,99.952680,50.000000,49.976340,25.000000,9600,3900,0.214286,47.000000,0.000000,45.000000,1.999605,0.000000
0,-0.000092,0.153846,0.200000,3.223482,0.000000,5797.583333,2327.510204,100.000000,50.000000,50.000000,25.000000,12680,3900,0.214286,47.000000,0.000000,50.000000,2.000899,0.000000
0,0.000000,0.285714,0.285714,0.735222,0.000000,1428.888889,2560.000000,51.602567,29.744349,25.801283,14.872174,4080,10,0.285714,29.000000,0.000000,25.000000,1.032243,0.000000
0,-0.000092,0.153846,0.200000,3.223482,0.000000,5797.583333,2327.510204,100.000000,50.000000,50.000000,25.000000,3900,3380,0.214286,47.000000,0.000000,50.000000,2.000899,0.000000
0,-0.000092,0.153846,0.200000,3.223482,0.000000,5797.583333,2327.510204,100.000000,50.000000,50.000000,25.000000,3900,1160,0.214286,47.000000,0.000000,50.000000,2.000899,0.000000
0,0.000000,0.125000,0.125000,1.915327,0.000000,3212.640000,1208.640000,79.635503,70.899796,39.817751,35.449898,13550,10690,0.125000,13.000000,0.000000,35.000000,1.593283,1.417996
0,-0.000000,0.444444,0.250000,0.000000,0.420609,236.266667,700.000000,69.558490,41.026354,34.779245,20.513177,4590,10,0.444444,144.000000,0.000000,30.000000,1.391170,0.000000
0,-0.000060,0.125000,0.100000,0.994476,0.072720,220.822222,112.000000,78.362429,35.189271,39.181214,17.594635,4190,2440,0.125000,184.000000,0.000000,35.000000,1.580950,0.000000
0,-0.000000,0.090909,0.095238,0.096305,0.318244,529.677469,577.972222,96.029814,100.000000,48.014907,50.000000,3070,10,0.105263,177.000000,0.000000,45.000000,1.920628,2.000088
0,-0.000000,0.090909,0.095238,0.096305,0.318244,529.677469,577.972222,96.029814,100.000000,48.014907,50.000000,10910,10,0.105263,177.000000,0.000000,45.000000,1.920628,2.000088
0,-0.000000,0.090909,0.095238,92.833810,0.318244,3918.635000,577.972222,92.775973,100.000000,46.387986,50.000000,11440,2760,0.105263,124.000000,0.000000,45.000000,2.996074,2.000088
0,-0.000000,0.090909,0.095238,92.833810,0.318244,3918.635000,577.972222,92.775973,100.000000,46.387986,50.000000,11440,1190,0.105263,124.000000,0.000000,45.000000,2.996074,2.000088
0,-0.000000,0.090909,0.095238,92.833810,0.318244,3918.635000,577.972222,92.775973,100.000000,46.387986,50.000000,3600,2760,0.105263,124.000000,0.000000,45.000000,2.996074,2.000088
0,0.000000,0.250000,0.444444,1.475462,0.851832,219.928779,1627.555556,79.817166,97.131028,39.908583,48.565514,10400,8900,0.444444,290.000000,0.000000,35.000000,1.613098,1.942843
0,0.000000,0.090909,0.090909,1.106542,1.563632,1943.297143,2787.555556,52.236175,94.461316,26.118087,47.230658,3650,10,0.090909,35.000000,0.000000,25.000000,1.045042,1.889665
0,0.000000,0.090909,0.090909,1.106542,1.563632,1943.297143,2787.555556,52.236175,94.461316,26.118087,47.230658,2080,10,0.090909,35.000000,0.000000,25.000000,1.045042,1.889665
0,-0.000000,0.090909,0.095238,92.833810,0.318244,3918.635000,577.972222,92.775973,100.000000,46.387986,50.000000,3600,1190,0.105263,124.000000,0.000000,45.000000,2.996074,2.000088
0,0.000000,0.090909,0.090909,357.131532,1.563632,4887.510204,2787.555556,66.711878,94.461316,33.355939,47.230658,1540,210,0.090909,24.000000,0.000000,30.000000,26.244966,1.889665
0,0.000000,0.043478,0.444444,0.622504,0.851832,979.272598,1627.555556,78.610510,97.131028,39.305255,48.565514,10400,7320,0.444444,290.000000,0.000000,35.000000,1.572408,1.942843
0,-0.000000,0.090909,0.095238,92.833810,0.318244,3918.635000,577.972222,92.775973,100.000000,46.387986,50.000000,12060,11440,0.105263,124.000000,0.000000,45.000000,2.996074,2.000088
0,0.000000,0.090909,0.090909,357.131532,1.563632,4887.510204,2787.555556,66.711878,94.461316,33.355939,47.230658,13060,210,0.090909,24.000000,0.000000,30.000000,26.244966,1.889665
0,0.000000,0.090909,0.090909,1.106542,1.563632,1943.297143,2787.555556,52.236175,94.461316,26.118087,47.230658,12950,10,0.090909,35.000000,0.000000,25.000000,1.045042,1.889665
0,0.000000,0.193548,0.444444,253.116518,0.851832,15682.717500,1627.555556,81.041562,97.131028,40.520781,48.565514,9480,1680,0.444444,232.000000,0.000000,40.000000,23.187715,1.942843
0,0.000000,0.090909,0.090909,357.131532,1.563632,4887.510204,2787.555556,66.711878,94.461316,33.355939,47.230658,3760,210,0.090909,24.000000,0.000000,30.000000,26.244966,1.889665
0,-0.000018,0.071429,0.062500,0.870607,0.382421,1794.691358,736.195556,86.399050,89.999666,43.199525,44.999833,11950,10,0.076923,177.000000,0.000000,40.000000,1.728249,1.800093
0,-0.000018,0.071429,0.062500,93.562046,0.382421,5183.648889,736.195556,82.768257,89.999666,41.384129,44.999833,12480,12060,0.071429,124.000000,0.000000,40.000000,2.796129,1.800093
0,0.000000,0.090909,0.090909,1.106542,1.563632,1943.297143,2787.555556,52.236175,94.461316,26.118087,47.230658,1430,10,0.090909,35.000000,0.000000,25.000000,1.045042,1.889665
0,-0.000018,0.071429,0.062500,93.562046,0.382421,5183.648889,736.195556,82.768257,89.999666,41.384129,44.999833,12480,1190,0.071429,124.000000,0.000000,40.000000,2.796129,1.800093
0,0.000000,0.260870,0.444444,8.492380,0.851832,14683.082469,1627.555556,96.428571,97.131028,48.214286,48.565514,8450,10,0.444444,177.000000,0.000000,45.000000,1.931093,1.942843
0,-0.000000,0.090909,0.095238,92.833810,0.318244,3918.635000,577.972222,92.775973,100.000000,46.387986,50.000000,12060,3600,0.105263,124.000000,0.000000,45.000000,2.996074,2.000088
0,0.000000,0.230769,0.444444,9.157174,0.851832,14316.096327,1627.555556,56.575583,97.131028,28.287792,48.565514,7800,10,0.444444,242.000000,0.000000,25.000000,1.134443,1.942843
0,0.000000,0.230769,0.444444,9.157174,0.851832,14316.096327,1627.555556,56.575583,97.131028,28.287792,48.565514,9380,10,0.444444,242.000000,0.000000,25.000000,1.134443,1.942843
0,0.000000,0.090909,0.090909,357.131532,1.563632,4887.510204,2787.555556,66.711878,94.461316,33.355939,47.230658,2190,210,0.090909,24.000000,0.000000,30.000000,26.244966,1.889665
0,0.000000,0.193548,0.444444,253.116518,0.851832,15682.717500,1627.555556,81.041562,97.131028,40.520781,48.565514,7900,1680,0.444444,232.000000,0.000000,40.000000,23.187715,1.942843
0,0.000000,0.260870,0.444444,8.492380,0.851832,14683.082469,1627.555556,96.428571,97.131028,48.214286,48.565514,10030,10,0.444444,177.000000,0.000000,45.000000,1.931093,1.942843
0,-0.000018,0.071429,0.062500,93.562046,0.382421,5183.648889,736.195556,82.768257,89.999666,41.384129,44.999833,12480,2760,0.071429,124.000000,0.000000,40.000000,2.796129,1.800093
0,0.000000,0.500000,0.500000,0.436623,0.260751,821.750000,508.640000,79.996789,39.999720,39.998394,19.999860,13340,3860,0.500000,45.000000,0.000000,35.000000,1.600052,0.000000
0,-0.000769,0.296296,0.038462,22.549241,0.000000,1319.186173,5180.000000,83.644838,89.571595,41.822419,44.785797,13460,460,0.296296,256.000000,0.000000,40.000000,1.960766,1.791432
0,-0.000769,0.296296,0.038462,22.549241,0.000000,1319.186173,5180.000000,83.644838,89.571595,41.822419,44.785797,13740,460,0.296296,256.000000,0.000000,40.000000,1.960766,1.791432
0,0.000000,0.920000,0.920000,7.298587,0.000000,193.563580,2535.000000,95.000000,50.000000,47.500000,25.000000,15920,10,0.920000,10.000000,0.000000,45.000000,2.067810,0.000000
0,-0.000769,0.296296,0.038462,22.549241,0.000000,1319.186173,5180.000000,83.644838,89.571595,41.822419,44.785797,7580,460,0.296296,256.000000,0.000000,40.000000,1.960766,1.791432
0,0.000000,0.920000,0.920000,7.298587,0.000000,193.563580,2535.000000,95.000000,50.000000,47.500000,25.000000,10040,10,0.920000,10.000000,0.000000,45.000000,2.067810,0.000000
0,0.000000,0.080000,0.080000,1.592086,0.000000,2679.844444,2645.000000,84.448166,39.571595,42.224083,19.785797,2920,10,0.080000,10.000000,0.000000,40.000000,1.689442,0.000000
0,0.000000,0.920000,0.920000,7.298587,0.000000,193.563580,2535.000000,95.000000,50.000000,47.500000,25.000000,16200,10,0.920000,10.000000,0.000000,45.000000,2.067810,0.000000
0,0.000000,0.200000,0.200000,0.979054,0.000000,1729.773439,1694.928994,84.630002,39.795600,42.315001,19.897800,10260,10,0.200000,10.000000,0.000000,40.000000,1.692883,0.000000
0,0.000000,0.090909,0.090909,0.421523,0.000000,814.190000,586.417778,42.235364,89.999859,21.117682,44.999929,13370,10,0.090909,69.000000,0.000000,20.000000,0.844819,1.799997
0,0.000000,0.090909,0.090909,357.131532,0.000000,3354.750000,586.417778,57.650550,89.999859,28.825275,44.999929,13480,210,0.090909,58.000000,0.000000,25.000000,26.063740,1.799997
0,0.000000,0.555556,0.428571,2.085520,0.324932,97.041667,574.750000,79.514369,38.777566,39.757185,19.388783,5810,4260,0.600000,749.000000,0.000000,35.000000,1.622223,0.000000
0,0.000000,0.187500,0.285714,1.466922,1.076509,471.125000,1956.760204,75.419059,39.867918,37.709530,19.933959,8730,6590,0.285714,457.000000,0.000000,35.000000,1.540485,0.000000
0,0.000000,0.187500,0.285714,1.248661,0.289436,143.625000,505.620000,76.947018,39.461547,38.473509,19.730773,8730,6250,0.285714,457.000000,0.000000,35.000000,1.570972,0.000000
0,0.000000,0.750000,0.750000,0.000000,0.000000,245.625000,320.000000,50.125125,81.822437,25.062563,40.911219,7310,10,0.750000,233.000000,0.000000,25.000000,1.002503,1.636449
0,-0.000000,0.285714,0.375000,1.614761,0.000000,513.222222,324.500000,80.649792,82.406708,40.324896,41.203354,2520,1960,0.636364,712.000000,0.000000,40.000000,1.627897,1.648134
0,-0.000000,0.416667,0.318182,5.985084,0.000000,498.125000,4766.126543,88.670825,79.865755,44.335413,39.932877,10400,4460,0.416667,687.000000,0.000000,40.000000,1.827467,1.597315
0,-0.000003,0.058824,0.055556,4.778957,0.000000,5072.347222,71.361111,85.692736,78.296868,42.846368,39.148434,16780,9980,0.058824,49.000000,0.000000,40.000000,1.780870,1.565937
0,-0.000000,0.416667,0.318182,5.985084,0.000000,498.125000,4766.126543,88.670825,79.865755,44.335413,39.932877,4460,4240,0.416667,687.000000,0.000000,40.000000,1.827467,1.597315
0,-0.000003,0.058824,0.055556,4.778957,0.000000,5072.347222,71.361111,85.692736,78.296868,42.846368,39.148434,10620,9980,0.058824,49.000000,0.000000,40.000000,1.780870,1.565937
0,-0.000000,0.416667,0.318182,5.985084,0.000000,498.125000,4766.126543,88.670825,79.865755,44.335413,39.932877,10120,4460,0.416667,687.000000,0.000000,40.000000,1.827467,1.597315
0,-0.000003,0.058824,0.055556,4.778957,0.000000,5072.347222,71.361111,85.692736,78.296868,42.846368,39.148434,16500,9980,0.058824,49.000000,0.000000,40.000000,1.780870,1.565937
0,-0.000278,0.238095,0.200000,24.879226,0.464788,2676.253858,974.750000,88.881802,89.960870,44.440901,44.980435,10670,5200,0.238095,137.000000,0.000000,40.000000,1.917947,1.799333
0,-0.000278,0.238095,0.200000,24.879226,0.464788,2676.253858,974.750000,88.881802,89.960870,44.440901,44.980435,10670,10360,0.238095,137.000000,0.000000,40.000000,1.917947,1.799333
0,0.000000,0.333333,0.333333,24.705949,0.271223,2396.562500,645.000000,88.509428,89.971877,44.254714,44.985939,10360,5930,0.333333,137.000000,0.000000,40.000000,1.910446,1.799496
0,0.000000,0.333333,0.333333,24.705949,0.271223,2396.562500,645.000000,88.509428,89.971877,44.254714,44.985939,5930,5200,0.333333,137.000000,0.000000,40.000000,1.910446,1.799496
0,-0.000031,0.117647,0.238095,0.571406,0.000000,974.250000,1579.093750,76.583568,77.293518,38.291784,38.646759,10680,7450,0.263158,151.000000,0.000000,35.000000,1.531839,1.545870
0,0.000000,0.333333,0.333333,36.934990,6.512254,59634.400000,480.000000,40.694035,69.343390,20.347017,34.671695,13350,10,0.333333,95.000000,0.000000,20.000000,0.825326,1.637791
0,-0.000000,0.062500,0.058824,17.399746,0.506593,27880.160000,1093.120000,78.691338,78.850869,39.345669,39.425434,13700,12510,0.062500,179.000000,0.000000,35.000000,1.579259,1.577135
0,0.000000,0.375000,0.437500,16.349628,0.187590,23572.500000,424.500000,78.211023,82.473090,39.105512,41.236545,11150,6540,0.437500,315.000000,0.000000,35.000000,1.580928,1.649503
0,0.000042,0.095238,0.068966,3.279356,0.813391,4927.115079,1542.203125,79.195092,79.695959,39.597546,39.847979,10060,8200,0.095238,424.000000,0.000000,35.000000,1.584993,1.594136
0,0.000002,0.111111,0.600000,0.913408,2.039344,1530.211538,3822.198347,88.706438,79.972480,44.353219,39.986240,15120,9670,0.600000,219.000000,0.000000,40.000000,1.774401,1.599994
0,0.000000,0.100000,0.100000,1.813127,0.273817,70.486111,526.111111,89.038472,80.692962,44.519236,40.346481,16840,10530,0.100000,47.000000,0.000000,40.000000,1.833683,1.613931
0,0.000002,0.111111,0.600000,0.913408,2.039344,1530.211538,3822.198347,88.706438,79.972480,44.353219,39.986240,12430,9670,0.600000,219.000000,0.000000,40.000000,1.774401,1.599994
0,0.000000,0.100000,0.100000,1.813127,0.273817,70.486111,526.111111,89.038472,80.692962,44.519236,40.346481,14150,10530,0.100000,47.000000,0.000000,40.000000,1.833683,1.613931
0,0.000000,0.166667,0.571429,1.398153,0.000000,1825.000000,11.111111,92.309206,44.490589,46.154603,22.245294,9890,1300,0.571429,768.000000,0.000000,45.000000,1.846720,0.000000
0,-0.000016,0.285714,0.250000,5.496610,0.000000,698.944444,667.694444,78.000000,50.000000,39.000000,25.000000,11020,9630,0.285714,67.000000,0.000000,35.000000,2.043404,0.000000
0,0.000000,0.166667,0.571429,1.398153,0.000000,1825.000000,11.111111,92.309206,44.490589,46.154603,22.245294,10170,1300,0.571429,768.000000,0.000000,45.000000,1.846720,0.000000
0,-0.000016,0.285714,0.250000,5.496610,0.000000,698.944444,667.694444,78.000000,50.000000,39.000000,25.000000,11020,10880,0.285714,67.000000,0.000000,35.000000,2.043404,0.000000
0,-0.000016,0.285714,0.250000,5.496610,0.000000,698.944444,667.694444,78.000000,50.000000,39.000000,25.000000,17180,9630,0.285714,67.000000,0.000000,35.000000,2.043404,0.000000
0,-0.000016,0.285714,0.250000,5.496610,0.000000,698.944444,667.694444,78.000000,50.000000,39.000000,25.000000,16900,10880,0.285714,67.000000,0.000000,35.000000,2.043404,0.000000
0,-0.000016,0.285714,0.250000,5.496610,0.000000,698.944444,667.694444,78.000000,50.000000,39.000000,25.000000,16900,9630,0.285714,67.000000,0.000000,35.000000,2.043404,0.000000
0,0.000000,0.500000,1.000000,0.083805,0.000000,123.500000,0.000000,50.673049,0.000000,25.336525,0.000000,5890,10,1.000000,1168.000000,0.000000,25.000000,1.013501,0.000000
0,0.000000,0.500000,1.000000,0.028312,0.000000,28.000000,0.000000,41.969162,0.000000,20.984581,0.000000,290,10,1.000000,1756.000000,0.000000,20.000000,0.839417,0.000000
0,0.000000,0.500000,1.000000,0.083805,0.000000,123.500000,0.000000,50.673049,0.000000,25.336525,0.000000,6170,10,1.000000,1168.000000,0.000000,25.000000,1.013501,0.000000
0,-0.000016,0.285714,0.250000,5.496610,0.000000,698.944444,667.694444,78.000000,50.000000,39.000000,25.000000,17180,10880,0.285714,67.000000,0.000000,35.000000,2.043404,0.000000
0,0.000000,0.166667,0.571429,1.398153,0.000000,1825.000000,11.111111,92.309206,44.490589,46.154603,22.245294,4010,1300,0.571429,768.000000,0.000000,45.000000,1.846720,0.000000
0,0.000015,0.625000,0.666667,0.000000,0.721806,601.972222,1279.093750,89.681477,38.209181,44.840739,19.104591,11950,10,0.666667,56.000000,0.000000,40.000000,1.793630,0.000000
0,0.000031,0.333333,0.375000,0.000000,0.049095,272.222222,96.000000,89.964680,37.509230,44.982340,18.754615,7210,10,0.375000,56.000000,0.000000,40.000000,1.799294,0.000000
0,0.000000,0.500000,0.500000,121.682260,0.000000,709.290000,654.545455,78.595440,48.812510,39.297720,24.406255,1450,1340,0.500000,39.000000,0.000000,35.000000,12.420444,0.000000
0,0.000000,0.500000,0.500000,0.393610,0.000000,664.765625,654.545455,37.829222,48.812510,18.914611,24.406255,9790,10,0.500000,183.000000,0.000000,15.000000,0.756706,0.000000
0,0.000000,0.142857,0.142857,3.561182,0.018128,5519.111111,37.500000,81.868562,41.664459,40.934281,20.832230,5820,1410,0.142857,349.000000,0.000000,40.000000,1.638520,0.000000
0,0.000000,0.800000,0.714286,19.131745,3.687469,281.500000,7179.250000,87.500000,47.990402,43.750000,23.995201,2580,10,0.800000,930.000000,0.000000,40.000000,2.758330,0.000000
0,0.000000,0.800000,0.714286,19.131745,3.687469,281.500000,7179.250000,87.500000,47.990402,43.750000,23.995201,1330,10,0.800000,930.000000,0.000000,40.000000,2.758330,0.000000
0,-0.000000,0.400000,0.076923,18.046421,0.000000,745.472222,401.111111,100.000000,50.000000,50.000000,25.000000,9970,610,0.400000,265.000000,0.000000,50.000000,2.218531,0.000000
0,-0.000000,0.400000,0.076923,18.046421,0.000000,745.472222,401.111111,100.000000,50.000000,50.000000,25.000000,8720,610,0.400000,265.000000,0.000000,50.000000,2.218531,0.000000
0,-0.000000,0.071429,0.100000,4.630355,0.000000,7181.222222,37.500000,88.330383,41.666328,44.165191,20.833164,7140,1410,0.111111,423.000000,0.000000,40.000000,1.768100,0.000000
0,-0.000000,0.400000,0.076923,18.046421,0.000000,745.472222,401.111111,100.000000,50.000000,50.000000,25.000000,9970,700,0.400000,265.000000,0.000000,50.000000,2.218531,0.000000
0,-0.000000,0.071429,0.100000,4.630355,0.000000,7181.222222,37.500000,88.330383,41.666328,44.165191,20.833164,8390,1410,0.111111,423.000000,0.000000,40.000000,1.768100,0.000000
0,-0.000000,0.400000,0.076923,18.046421,0.000000,745.472222,401.111111,100.000000,50.000000,50.000000,25.000000,8720,700,0.400000,265.000000,0.000000,50.000000,2.218531,0.000000
0,0.000000,1.000000,1.000000,84.902676,0.000000,1400.000000,0.000000,53.515803,0.000000,26.757901,0.000000,1390,140,1.000000,1123.000000,0.000000,25.000000,3.686953,0.000000
0,-0.000077,0.250000,0.538462,5.778512,0.000000,9435.222222,300.000000,86.725373,50.000000,43.362686,25.000000,14360,5630,0.583333,293.000000,0.000000,40.000000,1.736277,0.000000
0,-0.000077,0.250000,0.538462,5.778512,0.000000,9435.222222,300.000000,86.725373,50.000000,43.362686,25.000000,17380,5630,0.583333,293.000000,0.000000,40.000000,1.736277,0.000000
0,0.000000,0.666667,0.625000,1.876589,0.000000,310.000000,1000.000000,100.000000,100.000000,50.000000,50.000000,15570,14130,0.666667,482.000000,0.000000,50.000000,2.090502,2.000000
0,0.000000,0.666667,0.625000,1.876589,0.000000,310.000000,1000.000000,100.000000,100.000000,50.000000,50.000000,14130,12550,0.666667,482.000000,0.000000,50.000000,2.090502,2.000000
0,0.000000,0.666667,0.625000,1.876589,0.000000,310.000000,1000.000000,100.000000,100.000000,50.000000,50.000000,12550,11440,0.666667,482.000000,0.000000,50.000000,2.090502,2.000000
0,0.000000,0.666667,0.625000,1.876589,0.000000,310.000000,1000.000000,100.000000,100.000000,50.000000,50.000000,15570,11440,0.666667,482.000000,0.000000,50.000000,2.090502,2.000000
0,-0.000000,1.000000,0.444444,6.020860,1.690615,608.918367,3454.065089,76.498162,39.801326,38.249081,19.900663,3020,2160,1.000000,1058.000000,0.000000,35.000000,1.586910,0.000000
0,-0.000000,0.076923,0.071429,0.019293,0.023474,60.804989,46.285714,48.259043,40.694914,24.129521,20.347457,11170,10,0.076923,157.000000,0.000000,20.000000,0.965185,0.000000
0,-0.000006,0.250000,0.030303,1.262607,4.796011,322.798367,9383.065089,82.028665,78.719751,41.014332,39.359875,4660,4070,0.250000,953.000000,0.000000,40.000000,1.657104,1.575622
0,-0.000000,0.500000,0.333333,1.084304,3.105396,69.435556,5929.000000,83.202179,38.918425,41.601090,19.459213,4660,3210,0.600000,953.000000,0.000000,40.000000,1.680511,0.000000
0,-0.000001,0.111111,0.133333,0.000000,0.033292,708.432500,62.720000,61.303201,35.165140,30.651601,17.582570,16530,10,0.153846,75.000000,0.000000,30.000000,1.226064,0.000000
0,-0.000020,0.333333,0.250000,0.241929,0.077920,544.640000,150.222222,43.576792,38.358586,21.788396,19.179293,14540,10,0.333333,274.000000,0.000000,20.000000,0.871593,0.000000
0,0.000000,0.285714,0.285714,0.820869,0.005015,1696.511111,11.111111,38.687913,31.038256,19.343956,15.519128,16900,10,0.285714,38.000000,0.000000,15.000000,0.773958,0.000000
0,-0.000000,0.058824,0.052632,0.000000,0.215910,1096.800000,442.361111,72.260439,41.278755,36.130219,20.639377,15400,10,0.058824,188.000000,0.000000,35.000000,1.445209,0.000000
0,0.000000,0.142857,0.142857,0.202508,0.000000,412.222222,11.111111,52.040818,32.899739,26.020409,16.449870,3540,10,0.142857,45.000000,0.000000,25.000000,1.040867,0.000000
0,0.000001,0.666667,0.500000,0.000000,0.000000,416.423611,62.720000,71.383843,36.153372,35.691921,18.076686,3170,10,0.666667,82.000000,0.000000,35.000000,1.427677,0.000000
0,0.000001,0.666667,0.500000,0.000000,0.000000,416.423611,62.720000,71.383843,36.153372,35.691921,18.076686,3260,10,0.666667,82.000000,0.000000,35.000000,1.427677,0.000000
0,0.000000,1.000000,1.000000,0.007237,0.000000,35.440000,0.000000,11.662775,0.000000,5.831387,0.000000,100,10,1.000000,398.000000,0.000000,5.000000,0.233257,0.000000
0,0.000000,0.142857,0.142857,0.202508,0.000000,412.222222,11.111111,52.040818,32.899739,26.020409,16.449870,3630,10,0.142857,45.000000,0.000000,25.000000,1.040867,0.000000
0,0.000000,0.071429,0.071429,5.059358,0.000000,9748.000000,1400.040000,87.744019,86.793917,43.872009,43.396959,10330,5780,0.071429,15.000000,0.000000,40.000000,1.756551,1.735878
0,0.000000,0.071429,0.071429,5.059358,0.000000,9748.000000,1400.040000,87.744019,86.793917,43.872009,43.396959,10330,7650,0.071429,15.000000,0.000000,40.000000,1.756551,1.735878
0,0.000000,0.071429,0.071429,5.059358,0.000000,9748.000000,1400.040000,87.744019,86.793917,43.872009,43.396959,10330,7560,0.071429,15.000000,0.000000,40.000000,1.756551,1.735878
0,0.000000,0.071429,0.071429,5.059358,0.000000,9748.000000,1400.040000,87.744019,86.793917,43.872009,43.396959,10330,5990,0.071429,15.000000,0.000000,40.000000,1.756551,1.735878
0,0.000000,0.071429,0.071429,5.059358,0.000000,9748.000000,1400.040000,87.744019,86.793917,43.872009,43.396959,10330,5340,0.071429,15.000000,0.000000,40.000000,1.756551,1.735878
0,0.000000,0.071429,0.071429,5.059358,0.000000,9748.000000,1400.040000,87.744019,86.793917,43.872009,43.396959,16860,10330,0.071429,15.000000,0.000000,40.000000,1.756551,1.735878
0,-0.000000,0.625000,0.555556,0.000000,0.329569,69.888889,700.000000,68.042189,41.137096,34.021095,20.568548,2840,10,0.625000,527.000000,0.000000,30.000000,1.360844,0.000000
0,0.000000,1.000000,1.000000,0.008765,0.032587,28.396825,62.720000,23.488794,38.000411,11.744397,19.000206,380,10,1.000000,66.000000,0.000000,10.000000,0.469778,0.000000
0,-0.000000,0.500000,0.333333,0.000000,1.394621,3348.198347,2961.777778,47.080126,39.761969,23.540063,19.880985,11770,10,0.500000,259.000000,0.000000,20.000000,0.941603,0.000000
0,-0.000025,0.129032,0.105263,123.200645,0.508613,3485.623333,1210.059172,80.169400,69.056843,40.084700,34.528422,11570,1340,0.129032,319.000000,0.000000,40.000000,12.452338,1.381246
0,-0.000000,0.166667,0.066667,414.581603,0.335309,3392.000000,841.800000,72.506005,70.101834,36.253003,35.050917,5640,400,0.222222,912.000000,0.000000,35.000000,31.907977,1.402105
0,-0.000000,0.200000,0.066667,0.048238,0.335309,108.890625,841.800000,60.773264,70.101834,30.386632,35.050917,2610,10,0.400000,1475.000000,0.000000,30.000000,1.215483,1.402105
0,0.000000,1.000000,1.000000,1.475515,0.183437,2824.027211,506.469136,47.129907,54.919755,23.564954,27.459878,12030,10,1.000000,273.000000,0.000000,20.000000,0.942986,1.098429
0,-0.000025,0.200000,0.105263,1.080076,0.508613,1274.555556,1210.059172,80.019499,69.056843,40.009749,34.528422,2650,2310,0.222222,1211.000000,0.000000,40.000000,1.600848,1.381246
0,0.000000,0.250000,0.250000,12.006309,0.009375,275.062500,27.000000,75.365164,39.895734,37.682582,19.947867,7390,2160,0.250000,20.000000,0.000000,35.000000,1.797401,0.000000
0,0.000454,0.250000,0.461538,4.371227,3.849752,6759.000000,6471.500000,67.515633,39.517325,33.757817,19.758663,5070,1000,0.461538,252.000000,0.000000,30.000000,1.351728,0.000000
0,0.000000,0.307692,0.550000,0.420711,0.188840,799.272390,500.000000,54.243401,36.549170,27.121701,18.274585,1800,10,0.550000,338.000000,0.000000,25.000000,1.084982,0.000000
0,0.000000,0.307692,0.550000,0.420711,0.188840,799.272390,500.000000,54.243401,36.549170,27.121701,18.274585,11690,10,0.550000,338.000000,0.000000,25.000000,1.084982,0.000000
0,0.000000,0.142857,0.142857,0.658509,0.043511,1042.000000,100.440000,64.491305,63.507537,32.245652,31.753768,6440,2460,0.142857,10.000000,0.000000,30.000000,1.290116,1.270160
0,0.000000,0.250000,0.250000,8.689767,0.192198,707.333333,513.888889,54.892481,73.441806,27.446241,36.720903,14650,10,0.250000,49.000000,0.000000,25.000000,1.152297,1.468872
0,-0.000000,0.052632,0.100000,0.066932,0.202309,303.302222,537.500000,84.302229,84.015932,42.151115,42.007966,7010,10,0.111111,813.000000,0.000000,40.000000,1.686067,1.680357
0,0.000000,0.100000,0.100000,121.689621,0.202309,719.790000,537.500000,81.294126,84.015932,40.647063,42.007966,4230,1340,0.100000,391.000000,0.000000,40.000000,12.474420,1.680357
0,0.000000,0.250000,0.250000,8.689767,0.192198,707.333333,513.888889,54.892481,73.441806,27.446241,36.720903,4760,10,0.250000,49.000000,0.000000,25.000000,1.152297,1.468872
0,0.000000,0.125000,0.125000,0.015098,0.014329,44.263889,30.375000,51.381375,43.333107,25.690688,21.666553,7060,10,0.125000,61.000000,0.000000,25.000000,1.027631,0.000000
0,0.000000,0.500000,0.500000,0.014899,0.026782,51.388889,63.000000,49.715768,38.016133,24.857884,19.008067,7650,10,0.500000,61.000000,0.000000,20.000000,0.994318,0.000000
0,0.000000,0.466667,0.466667,1.832568,0.000000,262.506250,844.444444,78.176832,46.353267,39.088416,23.176633,12770,30,0.466667,64.000000,0.000000,35.000000,1.571885,0.000000
0,0.000004,0.090909,0.466667,1.806077,0.000000,213.040000,844.444444,64.881391,46.353267,32.440696,23.176633,12770,2490,0.466667,64.000000,0.000000,30.000000,1.305969,0.000000
0,0.000000,0.071429,0.071429,1.831603,0.000000,274.600000,56.250000,73.530226,39.649944,36.765113,19.824972,12770,6470,0.071429,64.000000,0.000000,35.000000,1.478951,0.000000
0,-0.000000,0.437500,0.400000,0.000000,0.143136,428.180000,332.718750,76.169848,39.976746,38.084924,19.988373,9600,10,0.444444,436.000000,0.000000,35.000000,1.523397,0.000000
0,-0.000085,0.181818,0.111111,2.610840,0.012752,186.222222,27.000000,78.086637,35.156879,39.043318,17.578440,11390,2660,0.181818,257.000000,0.000000,35.000000,1.584421,0.000000
0,-0.000140,0.750000,0.466667,0.000000,0.022809,52.000000,56.250000,53.766648,39.778718,26.883324,19.889359,6750,10,0.750000,721.000000,0.000000,25.000000,1.075333,0.000000
0,0.000000,0.250000,0.250000,0.026900,0.007600,75.400000,27.000000,80.581751,40.000000,40.290875,20.000000,13790,7300,0.250000,17.000000,0.000000,40.000000,1.611640,0.000000
0,-0.000031,0.071429,0.066667,0.146983,2.791786,401.622222,7406.000000,68.593091,31.315144,34.296546,15.657572,13530,310,0.071429,43.000000,0.000000,30.000000,1.371889,0.000000
0,-0.000000,0.071429,0.066667,0.161211,0.023980,434.222222,57.326531,67.158331,71.021365,33.579165,35.510682,6790,310,0.071429,64.000000,0.000000,30.000000,1.343197,1.420432
0,0.000000,0.714286,0.714286,4.320117,0.000000,127.916667,1000.000000,91.666667,79.223215,45.833333,39.611607,7010,10,0.714286,142.000000,0.000000,45.000000,1.985688,1.584464
0,0.000000,0.714286,0.714286,4.320117,0.000000,127.916667,1000.000000,91.666667,79.223215,45.833333,39.611607,6570,10,0.714286,142.000000,0.000000,45.000000,1.985688,1.584464
0,0.000000,0.285714,0.500000,7.948380,0.000000,431.239669,800.000000,73.318128,78.864748,36.659064,39.432374,12120,11200,0.500000,646.000000,0.000000,35.000000,1.841576,1.577295
0,-0.000006,0.032258,0.028571,2.041592,0.000000,4169.147500,822.448980,88.448407,85.789516,44.224203,42.894758,17850,15840,0.032258,182.000000,0.000000,40.000000,1.769468,1.715790
0,-0.000000,0.125000,0.111111,1.574635,0.000000,69.888889,1500.000000,81.922406,75.640968,40.961203,37.820484,11100,1570,0.125000,182.000000,0.000000,40.000000,1.683011,1.512819
0,-0.000000,0.500000,0.444444,3.350248,0.000000,3650.159722,1000.000000,80.398398,81.585163,40.199199,40.792581,15840,1570,0.500000,182.000000,0.000000,40.000000,1.652971,1.631703
0,0.000000,0.500000,0.714286,44.911363,0.000000,1130.812500,1100.000000,51.532378,79.442249,25.766189,39.721125,12100,10,0.714286,556.000000,0.000000,25.000000,1.944313,1.588845
0,0.000000,0.285714,0.285714,0.000000,0.000000,1310.343750,431.250000,65.414114,78.866491,32.707057,39.433245,12740,10,0.285714,492.000000,0.000000,30.000000,1.308282,1.577330
0,-0.000006,0.032258,0.028571,2.041592,0.000000,4169.147500,822.448980,88.448407,85.789516,44.224203,42.894758,15840,10010,0.032258,182.000000,0.000000,40.000000,1.769468,1.715790
0,0.000000,0.111111,0.111111,2.233080,0.000000,83.952381,1300.000000,66.307239,83.294323,33.153620,41.647162,4380,2200,0.111111,119.000000,0.000000,30.000000,1.466622,1.665886
0,0.000000,0.666667,0.444444,1.469557,0.000000,254.218750,1300.000000,80.414503,71.788894,40.207252,35.894447,8260,3520,0.666667,940.000000,0.000000,40.000000,1.661312,1.435778
0,0.000000,0.333333,0.333333,0.357916,0.000000,747.000000,180.000000,72.395030,39.999506,36.197515,19.999753,17110,12480,0.333333,353.000000,0.000000,35.000000,1.447986,0.000000
0,-0.000000,0.285714,0.181818,1.801889,0.000000,287.000000,1960.000000,81.073741,50.000000,40.536870,25.000000,12830,3280,0.285714,318.000000,0.000000,40.000000,1.652804,0.000000
0,-0.000000,0.285714,0.181818,1.801889,0.000000,287.000000,1960.000000,81.073741,50.000000,40.536870,25.000000,12830,1980,0.285714,318.000000,0.000000,40.000000,1.652804,0.000000
0,0.000000,0.500000,0.666667,3.963228,0.213401,6498.500000,516.000000,76.698690,72.755575,38.349345,36.377788,3100,1940,0.666667,288.000000,0.000000,35.000000,1.535183,1.455156
0,0.000000,0.333333,0.500000,0.000000,0.128967,439.680000,332.718750,69.541516,39.999615,34.770758,19.999808,870,10,0.500000,598.000000,0.000000,30.000000,1.390830,0.000000
0,0.000000,0.666667,0.666667,0.574215,0.000000,57.326531,68.750000,78.437289,40.209147,39.218644,20.104574,7230,6780,0.666667,166.000000,0.000000,35.000000,1.578461,0.000000
0,0.000000,0.333333,0.333333,0.991420,0.000000,860.444444,620.408163,86.860965,50.000000,43.430482,25.000000,6780,790,0.333333,166.000000,0.000000,40.000000,1.747043,0.000000
0,0.000000,0.333333,0.333333,0.991420,0.000000,860.444444,620.408163,86.860965,50.000000,43.430482,25.000000,6780,3250,0.333333,166.000000,0.000000,40.000000,1.747043,0.000000
0,0.000000,0.285714,0.500000,0.836573,0.000000,1812.750000,450.000000,78.577565,40.995294,39.288782,20.497647,15950,5340,0.500000,400.000000,0.000000,35.000000,1.571745,0.000000
0,0.000000,0.142857,0.142857,13.039629,0.184385,762.560000,446.720000,76.228755,84.896216,38.114378,42.448108,10290,10220,0.142857,13.000000,0.000000,35.000000,1.743800,1.697962
0,0.000000,0.250000,0.250000,12.891753,0.037666,405.560000,89.720000,76.938034,85.406576,38.469017,42.703288,10290,1280,0.250000,13.000000,0.000000,35.000000,1.757955,1.708140
0,0.000000,0.250000,0.250000,0.010927,0.037666,55.000000,89.720000,41.572580,85.406576,20.786290,42.703288,9610,10,0.250000,140.000000,0.000000,20.000000,0.831454,1.708140
0,-0.000000,0.166667,0.142857,3.007833,0.184385,243.000000,446.720000,75.594699,84.896216,37.797349,42.448108,8260,7600,0.166667,275.000000,0.000000,35.000000,1.536585,1.697962
0,-0.000000,0.045455,0.040000,39.244929,0.000000,81868.718750,936.580625,88.059844,87.702587,44.029922,43.851293,16550,4660,0.045455,223.000000,0.000000,40.000000,1.770604,1.754052
0,-0.000000,0.045455,0.040000,39.244929,0.000000,81868.718750,936.580625,88.059844,87.702587,44.029922,43.851293,5570,4660,0.045455,223.000000,0.000000,40.000000,1.770604,1.754052
0,-0.000000,0.045455,0.040000,39.244929,0.000000,81868.718750,936.580625,88.059844,87.702587,44.029922,43.851293,18130,4660,0.045455,223.000000,0.000000,40.000000,1.770604,1.754052
0,-0.000000,0.045455,0.040000,0.128281,0.000000,5003.156250,936.580625,86.608425,87.702587,43.304213,43.851293,6030,10,0.045455,86.000000,0.000000,40.000000,1.732193,1.754052
0,-0.000000,0.500000,0.259259,1.368641,0.000000,1118.760000,2600.000000,78.635007,78.521168,39.317503,39.260584,10330,1590,0.500000,511.000000,0.000000,35.000000,1.573582,1.570423
0,-0.000000,0.058824,0.055556,350.037634,0.000000,20863.604167,26257.000000,88.700695,88.778744,44.350348,44.389372,6200,2820,0.058824,50.000000,0.000000,40.000000,4.727576,1.775575
0,-0.000000,0.933333,0.851852,0.057817,0.000000,122.750000,1031.142857,84.068037,80.518549,42.034018,40.259274,1650,10,0.947368,505.000000,0.000000,40.000000,1.681376,1.610371
0,-0.000000,0.500000,0.055556,359.142102,0.000000,8916.000000,26257.000000,93.750000,88.778744,46.875000,44.389372,4410,10,0.523810,669.000000,0.000000,45.000000,9.213590,1.775575
0,-0.000000,0.500000,0.055556,359.142102,0.000000,8916.000000,26257.000000,93.750000,88.778744,46.875000,44.389372,15280,10,0.523810,669.000000,0.000000,45.000000,9.213590,1.775575
0,-0.000000,0.500000,0.055556,359.142102,0.000000,8916.000000,26257.000000,93.750000,88.778744,46.875000,44.389372,5980,10,0.523810,669.000000,0.000000,45.000000,9.213590,1.775575
0,-0.000000,0.500000,0.055556,359.142102,0.000000,8916.000000,26257.000000,93.750000,88.778744,46.875000,44.389372,6070,10,0.523810,669.000000,0.000000,45.000000,9.213590,1.775575
0,-0.000000,0.500000,0.055556,359.142102,0.000000,8916.000000,26257.000000,93.750000,88.778744,46.875000,44.389372,3760,10,0.523810,669.000000,0.000000,45.000000,9.213590,1.775575
0,-0.000000,0.300000,0.222222,0.515694,0.000000,972.500000,2831.142857,80.957440,81.482228,40.478720,40.741114,10390,10,0.300000,505.000000,0.000000,40.000000,1.619287,1.629645
0,-0.000000,0.500000,0.055556,359.142102,0.000000,8916.000000,26257.000000,93.750000,88.778744,46.875000,44.389372,4200,10,0.523810,669.000000,0.000000,45.000000,9.213590,1.775575
0,0.000000,0.375000,0.444444,1.136668,0.000000,163.295918,68.750000,72.767201,40.012911,36.383601,20.006455,8410,8140,0.444444,158.000000,0.000000,35.000000,1.463632,0.000000
0,0.000000,0.285714,0.285714,6.059875,0.402793,5145.000000,984.000000,71.430583,87.803700,35.715292,43.901850,10990,10690,0.285714,171.000000,0.000000,35.000000,1.449874,1.756160
0,0.000000,1.000000,1.000000,7.767623,0.169242,95.130000,486.000000,72.268647,39.567080,36.134323,19.783540,14220,10,1.000000,108.000000,0.000000,35.000000,1.937911,0.000000
0,0.000000,0.250000,0.250000,0.107081,0.084676,267.000000,194.400000,49.239721,50.000000,24.619861,25.000000,6290,10,0.250000,35.000000,0.000000,20.000000,0.984818,0.000000
0,0.000000,0.250000,0.250000,0.107081,0.084676,267.000000,194.400000,49.239721,50.000000,24.619861,25.000000,3830,10,0.250000,35.000000,0.000000,20.000000,0.984818,0.000000
0,0.000000,0.166667,0.166667,0.475676,0.066004,89.500000,173.500000,65.476035,72.034788,32.738017,36.017394,17440,5890,0.166667,291.000000,0.000000,30.000000,1.316592,1.440709
0,0.000000,0.200000,0.200000,0.277799,0.000000,688.264463,78285.000000,89.758074,89.861393,44.879037,44.930697,12200,6500,0.200000,22.000000,0.000000,40.000000,1.795218,1.797228
0,0.000000,0.200000,0.200000,0.277799,0.000000,688.264463,78285.000000,89.758074,89.861393,44.879037,44.930697,14510,6500,0.200000,22.000000,0.000000,40.000000,1.795218,1.797228
0,0.000000,0.200000,0.200000,0.277799,0.000000,688.264463,78285.000000,89.758074,89.861393,44.879037,44.930697,14420,6500,0.200000,22.000000,0.000000,40.000000,1.795218,1.797228
0,0.000000,0.200000,0.200000,0.277799,0.000000,688.264463,78285.000000,89.758074,89.861393,44.879037,44.930697,12850,6500,0.200000,22.000000,0.000000,40.000000,1.795218,1.797228
0,0.000000,0.200000,0.200000,0.277799,0.000000,688.264463,78285.000000,89.758074,89.861393,44.879037,44.930697,23720,6500,0.200000,22.000000,0.000000,40.000000,1.795218,1.797228
0,0.000000,0.200000,0.200000,0.277799,0.000000,688.264463,78285.000000,89.758074,89.861393,44.879037,44.930697,12640,6500,0.200000,22.000000,0.000000,40.000000,1.795218,1.797228
0,0.000000,0.200000,0.200000,0.277799,0.000000,688.264463,78285.000000,89.758074,89.861393,44.879037,44.930697,6500,5070,0.200000,22.000000,0.000000,40.000000,1.795218,1.797228
0,0.000000,0.066667,0.066667,8.378604,0.422511,1376.790123,1132.567901,87.597509,89.982659,43.798754,44.991329,23340,20700,0.066667,25.000000,0.000000,40.000000,1.797424,1.799732
0,0.000000,0.066667,0.066667,8.378604,0.422511,1376.790123,1132.567901,87.597509,89.982659,43.798754,44.991329,20700,15500,0.066667,25.000000,0.000000,40.000000,1.797424,1.799732
0,0.000000,0.333333,0.333333,0.100013,0.035849,284.132231,104.132231,75.364821,40.312009,37.682410,20.156004,19690,11450,0.333333,94.000000,0.000000,35.000000,1.507314,0.000000
0,0.000000,0.250000,0.250000,0.067382,0.005385,207.000000,27.000000,78.996551,40.000000,39.498276,20.000000,19690,11700,0.250000,94.000000,0.000000,35.000000,1.579942,0.000000
0,-0.000050,0.333333,0.250000,2.020173,1.554693,4641.860000,3842.484444,82.524707,38.990107,41.262353,19.495053,3540,380,0.333333,248.000000,0.000000,40.000000,1.650935,0.000000
0,0.000000,0.125000,0.125000,3.119879,0.073286,204.180000,181.500000,89.999135,39.999730,44.999567,19.999865,15510,7780,0.125000,46.000000,0.000000,40.000000,1.837258,0.000000
0,0.000000,0.500000,0.500000,1.025585,0.004181,75.000000,12.000000,83.333333,39.965575,41.666667,19.982788,10190,10,0.500000,208.000000,0.000000,40.000000,1.675014,0.000000
0,0.000000,0.333333,0.333333,0.271413,0.133805,677.250000,405.000000,89.662169,39.999821,44.831084,19.999911,12990,7510,0.333333,298.000000,0.000000,40.000000,1.793298,0.000000
0,0.000000,0.333333,0.333333,0.271413,0.133805,677.250000,405.000000,89.662169,39.999821,44.831084,19.999911,9290,7510,0.333333,298.000000,0.000000,40.000000,1.793298,0.000000
0,0.000000,1.000000,1.000000,62.193309,0.000000,1400.000000,0.000000,79.951363,0.000000,39.975682,0.000000,9140,5440,1.000000,683.000000,0.000000,35.000000,3.013002,0.000000
0,0.000000,0.125000,0.125000,3.119879,0.073286,204.180000,181.500000,89.999135,39.999730,44.999567,19.999865,11810,7780,0.125000,46.000000,0.000000,40.000000,1.837258,0.000000
0,0.000000,0.500000,0.500000,1.025585,0.004181,75.000000,12.000000,83.333333,39.965575,41.666667,19.982788,13890,10,0.500000,208.000000,0.000000,40.000000,1.675014,0.000000
0,0.000000,0.500000,0.500000,2.385806,0.006248,321.000000,27.000000,88.138635,50.000000,44.069317,25.000000,8000,10,0.500000,399.000000,0.000000,40.000000,1.868181,0.000000
0,0.000000,0.500000,0.500000,1.562731,0.005994,29.888889,16.000000,79.402780,39.990779,39.701390,19.995389,2360,1560,0.500000,164.000000,0.000000,35.000000,1.629169,0.000000
0,0.000000,0.500000,0.500000,2.385806,0.006248,321.000000,27.000000,88.138635,50.000000,44.069317,25.000000,4930,10,0.500000,399.000000,0.000000,40.000000,1.868181,0.000000
0,-0.000024,0.142857,0.090909,0.295165,0.645744,5244.827160,1640.250000,89.513347,37.990821,44.756674,18.995410,9120,10,0.142857,387.000000,0.000000,40.000000,1.790327,0.000000
0,0.000000,0.066667,0.066667,1.465191,0.111682,3709.933594,332.750000,77.154487,40.547691,38.577244,20.273846,21520,3020,0.066667,86.000000,0.000000,35.000000,1.543379,0.000000
0,-0.000278,0.857143,0.722222,6.773462,0.396776,4709.267160,1100.000000,98.000000,50.000000,49.000000,25.000000,20270,10,0.857143,387.000000,0.000000,45.000000,2.080457,0.000000
0,-0.000278,0.857143,0.722222,6.773462,0.396776,4709.267160,1100.000000,98.000000,50.000000,49.000000,25.000000,7710,10,0.857143,387.000000,0.000000,45.000000,2.080457,0.000000
0,-0.000001,0.040000,0.032258,0.283802,0.315936,5264.967785,1002.446281,85.114656,38.780756,42.557328,19.390378,6800,10,0.040000,387.000000,0.000000,40.000000,1.702347,0.000000
0,0.000000,0.285714,0.285714,1.774674,0.213496,4173.487603,700.000000,91.851178,49.735876,45.925589,24.867938,8840,530,0.285714,335.000000,0.000000,45.000000,1.837403,0.000000
0,-0.000278,0.857143,0.722222,6.773462,0.396776,4709.267160,1100.000000,98.000000,50.000000,49.000000,25.000000,18690,10,0.857143,387.000000,0.000000,45.000000,2.080457,0.000000
0,-0.000278,0.857143,0.722222,6.773462,0.396776,4709.267160,1100.000000,98.000000,50.000000,49.000000,25.000000,780,10,0.857143,387.000000,0.000000,45.000000,2.080457,0.000000
0,0.000000,0.285714,0.285714,1.774674,0.213496,4173.487603,700.000000,91.851178,49.735876,45.925589,24.867938,18730,530,0.285714,335.000000,0.000000,45.000000,1.837403,0.000000
0,-0.000000,0.125000,0.111111,15.659501,0.000000,1439.840000,1468.640000,82.232575,89.657549,41.116287,44.828774,12440,12370,0.125000,219.000000,0.000000,40.000000,1.804698,1.793151
0,-0.000000,0.166667,0.111111,15.391400,0.000000,755.840000,1268.640000,76.613561,89.772529,38.306780,44.886265,12440,3430,0.166667,219.000000,0.000000,35.000000,1.692266,1.795451
0,-0.000000,0.142857,0.111111,0.156855,0.000000,425.795918,1468.640000,77.053137,89.657549,38.526568,44.828774,10260,10,0.142857,430.000000,0.000000,35.000000,1.541095,1.793151
0,-0.000000,0.166667,0.111111,15.391400,0.000000,755.840000,1268.640000,76.613561,89.772529,38.306780,44.886265,13030,3430,0.166667,219.000000,0.000000,35.000000,1.692266,1.795451
0,-0.000000,0.250000,0.111111,0.009366,0.000000,68.795918,1268.640000,77.694104,89.772529,38.847052,44.886265,1320,10,0.250000,430.000000,0.000000,35.000000,1.553884,1.795451
0,-0.000000,0.125000,0.111111,15.659501,0.000000,1439.840000,1468.640000,82.232575,89.657549,41.116287,44.828774,13030,12370,0.125000,219.000000,0.000000,40.000000,1.804698,1.793151
0,0.000000,0.500000,0.500000,21.898325,0.206688,55474.000000,700.000000,77.657245,79.795148,38.828622,39.897574,18240,1730,0.500000,102.000000,0.000000,35.000000,1.557467,1.595934
0,-0.000016,0.125000,0.095238,73.068502,9.553916,172671.000000,23575.000000,78.095994,79.271321,39.047997,39.635660,22680,16800,0.125000,246.000000,0.000000,35.000000,1.577387,1.587365
0,-0.000076,0.200000,0.181818,9.716993,0.000000,23667.000000,576.000000,77.467892,36.676572,38.733946,18.338286,24960,15650,0.200000,46.000000,0.000000,35.000000,1.551354,0.000000
0,0.000000,0.166667,0.166667,0.529087,0.000000,1453.420713,59.299107,55.998019,82.626492,27.999009,41.313246,25000,10,0.166667,51.000000,0.000000,25.000000,1.120059,1.652530
0,-0.000000,0.125000,0.083333,6.015867,0.000000,1738.053288,64.462857,87.726144,90.082179,43.863072,45.041090,24840,9020,0.125000,67.000000,0.000000,40.000000,1.765894,1.801644
0,-0.000000,0.047619,0.200000,2.049183,0.000000,3775.263683,124.142857,89.123547,89.989254,44.561774,44.994627,19280,5180,0.500000,623.000000,0.000000,40.000000,1.783030,1.799785
0,-0.000000,0.400000,0.142857,0.251515,0.000000,450.416667,514.142857,89.215700,81.245702,44.607850,40.622851,12110,9560,0.428571,1340.000000,0.000000,40.000000,1.784385,1.624914
0,-0.000000,0.047619,0.200000,2.049183,0.000000,3775.263683,124.142857,89.123547,89.989254,44.561774,44.994627,11440,5180,0.500000,623.000000,0.000000,40.000000,1.783030,1.799785
0,0.000000,0.166667,0.166667,0.529087,0.000000,1453.420713,59.299107,55.998019,82.626492,27.999009,41.313246,17160,10,0.166667,51.000000,0.000000,25.000000,1.120059,1.652530
0,-0.000000,0.400000,0.142857,0.251515,0.000000,450.416667,514.142857,89.215700,81.245702,44.607850,40.622851,9560,4270,0.428571,1340.000000,0.000000,40.000000,1.784385,1.624914
0,-0.000000,0.125000,0.083333,6.015867,0.000000,1738.053288,64.462857,87.726144,90.082179,43.863072,45.041090,17000,9020,0.125000,67.000000,0.000000,40.000000,1.765894,1.801644
0,0.000000,0.800000,1.000000,0.951987,0.000000,80.000000,0.000000,62.693842,0.000000,31.346921,0.000000,3080,10,1.000000,1036.000000,0.000000,30.000000,1.282198,0.000000
0,0.000000,0.250000,0.250000,0.905790,0.007663,43.000000,20.000000,89.413816,37.565889,44.706908,18.782944,7280,1560,0.250000,309.000000,0.000000,40.000000,1.813521,0.000000
0,0.000000,0.250000,0.250000,0.905790,0.007663,43.000000,20.000000,89.413816,37.565889,44.706908,18.782944,10350,1560,0.250000,309.000000,0.000000,40.000000,1.813521,0.000000
0,-0.000020,0.250000,0.200000,0.083516,0.000000,214.400000,198.451389,58.144850,48.463249,29.072425,24.231624,4410,10,0.250000,345.000000,0.000000,25.000000,1.162915,0.000000
0,-0.000059,0.625000,0.600000,0.017111,0.000000,74.320988,206.201183,48.146314,37.208818,24.073157,18.604409,10850,10,0.666667,345.000000,0.000000,20.000000,0.962929,0.000000
0,0.000000,0.500000,0.500000,3.271190,0.000000,204.455000,174.080000,87.922730,50.000000,43.961365,25.000000,12230,3220,0.500000,24.000000,0.000000,40.000000,1.789008,0.000000
0,0.000000,0.500000,0.500000,3.271190,0.000000,204.455000,174.080000,87.922730,50.000000,43.961365,25.000000,10930,3220,0.500000,24.000000,0.000000,40.000000,1.789008,0.000000
0,-0.000020,0.250000,0.200000,7.435063,0.000000,17348.000000,32256.000000,45.827989,39.698838,22.913994,19.849419,16860,10,0.250000,345.000000,0.000000,20.000000,0.918155,0.000000
0,-0.000020,0.250000,0.200000,0.083516,0.000000,214.400000,198.451389,58.144850,48.463249,29.072425,24.231624,6870,10,0.250000,345.000000,0.000000,25.000000,1.162915,0.000000
0,0.000000,0.714286,0.714286,0.003048,0.002981,25.000000,11.111111,48.014245,41.990589,24.007122,20.995294,10690,10,0.714286,33.000000,0.000000,20.000000,0.960285,0.000000
0,0.000000,0.125000,0.125000,23.984463,23.454875,74433.888889,74420.000000,46.443420,39.318792,23.221710,19.659396,21860,10,0.125000,33.000000,0.000000,20.000000,0.932733,0.000000
0,0.000000,0.058824,0.058824,6.449225,0.083330,447.591111,231.417500,89.239661,92.488091,44.619831,46.244046,10550,1990,0.058824,96.000000,0.000000,40.000000,1.833375,1.849777
0,0.000000,0.058824,0.058824,6.449225,0.083330,447.591111,231.417500,89.239661,92.488091,44.619831,46.244046,11850,1990,0.058824,96.000000,0.000000,40.000000,1.833375,1.849777
0,0.000000,0.333333,0.333333,0.000000,0.000000,56.320000,16.000000,72.093009,42.149664,36.046505,21.074832,9600,10,0.333333,104.000000,0.000000,35.000000,1.441860,0.000000
0,0.000000,0.125000,0.100000,0.068916,0.000000,216.656250,35.156250,46.579522,41.260856,23.289761,20.630428,9180,10,0.125000,146.000000,0.000000,20.000000,0.931604,0.000000
0,-0.000003,0.416667,0.200000,1.563136,0.000000,192.431111,177.795918,79.720030,39.557637,39.860015,19.778818,13540,9220,0.461538,142.000000,0.000000,35.000000,1.622690,0.000000
0,-0.000000,0.857143,0.857143,3.503969,3.289427,116.540000,10404.000000,92.519664,41.607008,46.259832,20.803504,5840,10,0.913043,1069.000000,0.000000,45.000000,1.909398,0.000000
0,0.000000,0.400000,1.000000,73.609804,0.000000,2613.240000,0.000000,82.325264,0.000000,41.162632,0.000000,11090,10,1.000000,1652.000000,0.000000,40.000000,2.743686,0.000000
0,0.000000,1.000000,1.000000,175.630058,0.000000,2304.000000,0.000000,79.344198,0.000000,39.672099,0.000000,2540,670,1.000000,1586.000000,0.000000,35.000000,8.281313,0.000000
0,0.000000,1.000000,1.000000,7.798192,0.184146,545.186851,500.000000,87.500000,40.808932,43.750000,20.404466,7170,10,1.000000,179.000000,0.000000,40.000000,1.825790,0.000000
0,0.000000,1.000000,1.000000,441.740429,0.000000,41472.000000,0.000000,96.237799,0.000000,48.118900,0.000000,12170,2820,1.000000,614.000000,0.000000,45.000000,5.081312,0.000000
0,0.000000,0.222222,1.000000,88.546208,0.000000,1184.142857,0.000000,89.672099,0.000000,44.836049,0.000000,11750,2540,1.000000,1586.000000,0.000000,40.000000,5.194740,0.000000
0,0.000000,0.162791,0.162791,5.236047,0.145301,700.049383,476.033058,89.822739,40.152263,44.911369,20.076132,27470,12500,0.162791,14.000000,0.000000,40.000000,1.837638,0.000000
0,0.000000,0.200000,0.615385,11.900446,0.005468,1094.694444,14.816327,86.948806,39.967797,43.474403,19.983898,13350,7650,0.615385,274.000000,0.000000,40.000000,1.812761,0.000000
0,-0.000003,0.083333,0.062500,0.353644,0.345116,954.469388,976.444444,90.490811,38.272709,45.245406,19.136354,25920,25690,0.083333,192.000000,0.000000,45.000000,1.809882,0.000000
0,0.000000,1.000000,1.000000,7.798192,0.184146,545.186851,500.000000,87.500000,40.808932,43.750000,20.404466,14740,10,1.000000,179.000000,0.000000,40.000000,1.825790,0.000000
0,0.000000,0.400000,1.000000,73.609804,0.000000,2613.240000,0.000000,82.325264,0.000000,41.162632,0.000000,220,10,1.000000,1652.000000,0.000000,40.000000,2.743686,0.000000
0,0.000000,0.200000,0.615385,11.900446,0.005468,1094.694444,14.816327,86.948806,39.967797,43.474403,19.983898,15570,7650,0.615385,274.000000,0.000000,40.000000,1.812761,0.000000
0,0.000000,0.857143,1.000000,1.884092,0.000000,413.945326,0.000000,96.428571,0.000000,48.214286,0.000000,2230,10,1.000000,1608.000000,0.000000,45.000000,1.983791,0.000000
0,0.000000,0.400000,1.000000,73.609804,0.000000,2613.240000,0.000000,82.325264,0.000000,41.162632,0.000000,1790,10,1.000000,1652.000000,0.000000,40.000000,2.743686,0.000000
0,-0.000003,0.083333,0.062500,0.353644,0.345116,954.469388,976.444444,90.490811,38.272709,45.245406,19.136354,25920,14610,0.083333,192.000000,0.000000,45.000000,1.809882,0.000000
0,-0.000000,0.857143,0.857143,3.503969,3.289427,116.540000,10404.000000,92.519664,41.607008,46.259832,20.803504,7710,10,0.913043,1069.000000,0.000000,45.000000,1.909398,0.000000
0,0.000000,1.000000,1.000000,441.740429,0.000000,41472.000000,0.000000,96.237799,0.000000,48.118900,0.000000,10600,2820,1.000000,614.000000,0.000000,45.000000,5.081312,0.000000
0,0.000000,0.058824,0.058824,5.119456,1.335776,378.065008,4445.033058,80.906825,81.018010,40.453412,40.509005,12740,12500,0.058824,14.000000,0.000000,40.000000,1.659299,1.620561
0,-0.000000,0.857143,0.857143,3.503969,3.289427,116.540000,10404.000000,92.519664,41.607008,46.259832,20.803504,7620,10,0.913043,1069.000000,0.000000,45.000000,1.909398,0.000000
0,-0.000000,0.200000,0.166667,0.103789,3.473573,433.000000,10904.000000,77.515214,82.415939,38.757607,41.207970,8910,10,0.200000,179.000000,0.000000,35.000000,1.550323,1.648873
0,0.000000,1.000000,1.000000,441.740429,0.000000,41472.000000,0.000000,96.237799,0.000000,48.118900,0.000000,10390,2820,1.000000,614.000000,0.000000,45.000000,5.081312,0.000000
0,-0.000000,0.533333,0.470588,1.145792,4.479902,315.410289,14373.000000,81.260558,82.472754,40.630279,41.236377,10240,8060,0.533333,264.000000,0.000000,40.000000,1.633740,1.650154
0,0.000000,0.111111,1.000000,88.755878,0.000000,1533.802469,0.000000,83.965320,0.000000,41.982660,0.000000,2540,230,1.000000,1586.000000,0.000000,40.000000,5.080667,0.000000
0,-0.000000,0.600000,0.529412,1.377027,1.190475,875.365294,3969.000000,91.054267,40.865747,45.527134,20.432873,24970,10240,0.600000,264.000000,0.000000,45.000000,1.829662,0.000000
0,0.000000,0.200000,1.000000,0.079791,0.000000,525.802469,0.000000,85.607950,0.000000,42.803975,0.000000,450,10,1.000000,1608.000000,0.000000,40.000000,1.712181,0.000000
0,0.000000,0.162791,0.162791,5.236047,0.145301,700.049383,476.033058,89.822739,40.152263,44.911369,20.076132,15950,12500,0.162791,14.000000,0.000000,40.000000,1.837638,0.000000
0,-0.000003,0.083333,0.062500,0.353644,0.345116,954.469388,976.444444,90.490811,38.272709,45.245406,19.136354,25920,14170,0.083333,192.000000,0.000000,45.000000,1.809882,0.000000
0,-0.000000,0.600000,0.529412,1.377027,1.190475,875.365294,3969.000000,91.054267,40.865747,45.527134,20.432873,13450,10240,0.600000,264.000000,0.000000,45.000000,1.829662,0.000000
0,0.000000,0.200000,0.615385,11.900446,0.005468,1094.694444,14.816327,86.948806,39.967797,43.474403,19.983898,14000,7650,0.615385,274.000000,0.000000,40.000000,1.812761,0.000000
0,0.000000,1.000000,1.000000,7.798192,0.184146,545.186851,500.000000,87.500000,40.808932,43.750000,20.404466,16520,10,1.000000,179.000000,0.000000,40.000000,1.825790,0.000000
0,-0.000000,0.857143,0.857143,3.503969,3.289427,116.540000,10404.000000,92.519664,41.607008,46.259832,20.803504,5400,10,0.913043,1069.000000,0.000000,45.000000,1.909398,0.000000
0,0.000000,0.857143,1.000000,1.884092,0.000000,413.945326,0.000000,96.428571,0.000000,48.214286,0.000000,11530,10,1.000000,1608.000000,0.000000,45.000000,1.983791,0.000000
0,0.000000,1.000000,1.000000,7.798192,0.184146,545.186851,500.000000,87.500000,40.808932,43.750000,20.404466,14300,10,1.000000,179.000000,0.000000,40.000000,1.825790,0.000000
0,-0.000003,0.083333,0.062500,0.353644,0.345116,954.469388,976.444444,90.490811,38.272709,45.245406,19.136354,25920,16480,0.083333,192.000000,0.000000,45.000000,1.809882,0.000000
0,0.000000,0.162791,0.162791,5.236047,0.145301,700.049383,476.033058,89.822739,40.152263,44.911369,20.076132,16600,12500,0.162791,14.000000,0.000000,40.000000,1.837638,0.000000
0,0.000000,0.200000,0.615385,11.900446,0.005468,1094.694444,14.816327,86.948806,39.967797,43.474403,19.983898,24870,7650,0.615385,274.000000,0.000000,40.000000,1.812761,0.000000
0,-0.000003,0.083333,0.062500,0.353644,0.345116,954.469388,976.444444,90.490811,38.272709,45.245406,19.136354,25920,16390,0.083333,192.000000,0.000000,45.000000,1.809882,0.000000
0,0.000000,0.162791,0.162791,5.236047,0.145301,700.049383,476.033058,89.822739,40.152263,44.911369,20.076132,18170,12500,0.162791,14.000000,0.000000,40.000000,1.837638,0.000000
0,0.000000,1.000000,1.000000,441.740429,0.000000,41472.000000,0.000000,96.237799,0.000000,48.118900,0.000000,9950,2820,1.000000,614.000000,0.000000,45.000000,5.081312,0.000000
0,0.000000,1.000000,1.000000,7.798192,0.184146,545.186851,500.000000,87.500000,40.808932,43.750000,20.404466,16610,10,1.000000,179.000000,0.000000,40.000000,1.825790,0.000000
0,-0.000000,0.600000,0.529412,1.377027,1.190475,875.365294,3969.000000,91.054267,40.865747,45.527134,20.432873,15670,10240,0.600000,264.000000,0.000000,45.000000,1.829662,0.000000
0,0.000000,0.500000,1.000000,0.012299,0.000000,41.816327,0.000000,45.991942,0.000000,22.995971,0.000000,1580,10,1.000000,1673.000000,0.000000,20.000000,0.919842,0.000000
0,0.000000,0.222222,1.000000,88.546208,0.000000,1184.142857,0.000000,89.672099,0.000000,44.836049,0.000000,2540,2450,1.000000,1586.000000,0.000000,40.000000,5.194740,0.000000
0,0.000000,1.000000,1.000000,441.740429,0.000000,41472.000000,0.000000,96.237799,0.000000,48.118900,0.000000,21470,2820,1.000000,614.000000,0.000000,45.000000,5.081312,0.000000
0,-0.000000,0.600000,0.529412,1.377027,1.190475,875.365294,3969.000000,91.054267,40.865747,45.527134,20.432873,13890,10240,0.600000,264.000000,0.000000,45.000000,1.829662,0.000000
0,0.000000,0.162791,0.162791,5.236047,0.145301,700.049383,476.033058,89.822739,40.152263,44.911369,20.076132,18260,12500,0.162791,14.000000,0.000000,40.000000,1.837638,0.000000
0,0.000000,0.200000,0.615385,11.900446,0.005468,1094.694444,14.816327,86.948806,39.967797,43.474403,19.983898,15660,7650,0.615385,274.000000,0.000000,40.000000,1.812761,0.000000
0,0.000000,0.222222,1.000000,88.546208,0.000000,1184.142857,0.000000,89.672099,0.000000,44.836049,0.000000,2540,880,1.000000,1586.000000,0.000000,40.000000,5.194740,0.000000
0,-0.000000,0.600000,0.529412,1.377027,1.190475,875.365294,3969.000000,91.054267,40.865747,45.527134,20.432873,14100,10240,0.600000,264.000000,0.000000,45.000000,1.829662,0.000000
0,0.000000,0.846154,1.000000,0.109884,0.000000,194.580215,0.000000,44.850728,0.000000,22.425364,0.000000,10880,10,1.000000,1673.000000,0.000000,20.000000,0.897048,0.000000
0,-0.000000,0.600000,0.529412,1.377027,1.190475,875.365294,3969.000000,91.054267,40.865747,45.527134,20.432873,10240,6320,0.600000,264.000000,0.000000,45.000000,1.829662,0.000000
0,0.000000,0.162791,0.162791,5.236047,0.145301,700.049383,476.033058,89.822739,40.152263,44.911369,20.076132,16390,12500,0.162791,14.000000,0.000000,40.000000,1.837638,0.000000
0,-0.000000,0.600000,0.529412,1.377027,1.190475,875.365294,3969.000000,91.054267,40.865747,45.527134,20.432873,15760,10240,0.600000,264.000000,0.000000,45.000000,1.829662,0.000000
0,0.000000,0.035714,0.035714,5.193008,3.434728,605.049383,10880.033058,81.678800,81.759271,40.839400,40.879635,12500,10560,0.035714,14.000000,0.000000,40.000000,1.674750,1.635728
0,-0.000003,0.083333,0.062500,0.353644,0.345116,954.469388,976.444444,90.490811,38.272709,45.245406,19.136354,25920,7040,0.083333,192.000000,0.000000,45.000000,1.809882,0.000000
0,0.000000,1.000000,1.000000,441.740429,0.000000,41472.000000,0.000000,96.237799,0.000000,48.118900,0.000000,12260,2820,1.000000,614.000000,0.000000,45.000000,5.081312,0.000000
0,-0.000000,0.200000,0.166667,0.027597,1.374621,225.000000,4469.000000,76.849126,81.674678,38.424563,40.837339,11090,10,0.200000,179.000000,0.000000,35.000000,1.536987,1.633706
0,0.000000,0.500000,1.000000,2.229885,0.000000,245.687500,0.000000,63.824003,0.000000,31.912002,0.000000,10050,750,1.000000,1756.000000,0.000000,30.000000,1.413217,0.000000
0,0.000000,1.000000,1.000000,7.798192,0.184146,545.186851,500.000000,87.500000,40.808932,43.750000,20.404466,14950,10,1.000000,179.000000,0.000000,40.000000,1.825790,0.000000
0,0.000000,0.162791,0.162791,5.236047,0.145301,700.049383,476.033058,89.822739,40.152263,44.911369,20.076132,12500,8820,0.162791,14.000000,0.000000,40.000000,1.837638,0.000000
0,-0.000003,0.083333,0.062500,0.353644,0.345116,954.469388,976.444444,90.490811,38.272709,45.245406,19.136354,25920,14820,0.083333,192.000000,0.000000,45.000000,1.809882,0.000000
0,-0.000000,0.857143,0.857143,3.503969,3.289427,116.540000,10404.000000,92.519664,41.607008,46.259832,20.803504,16920,10,0.913043,1069.000000,0.000000,45.000000,1.909398,0.000000
0,-0.000000,0.470588,0.857143,350.038756,3.289427,20856.804688,10404.000000,89.864717,41.607008,44.932359,20.803504,4560,2820,0.913043,614.000000,0.000000,40.000000,4.750857,0.000000
0,0.000000,0.857143,1.000000,1.884092,0.000000,413.945326,0.000000,96.428571,0.000000,48.214286,0.000000,660,10,1.000000,1608.000000,0.000000,45.000000,1.983791,0.000000
0,0.000000,0.200000,0.615385,11.900446,0.005468,1094.694444,14.816327,86.948806,39.967797,43.474403,19.983898,13790,7650,0.615385,274.000000,0.000000,40.000000,1.812761,0.000000
0,-0.000000,0.857143,0.857143,3.503969,3.289427,116.540000,10404.000000,92.519664,41.607008,46.259832,20.803504,6050,10,0.913043,1069.000000,0.000000,45.000000,1.909398,0.000000
0,0.000000,0.166667,0.166667,5.286776,0.329447,816.049383,976.033058,80.705885,80.961195,40.352943,40.480597,12500,1660,0.166667,14.000000,0.000000,40.000000,1.655312,1.619280
0,0.000000,0.200000,0.615385,11.900446,0.005468,1094.694444,14.816327,86.948806,39.967797,43.474403,19.983898,7650,6220,0.615385,274.000000,0.000000,40.000000,1.812761,0.000000
0,0.000000,1.000000,1.000000,7.798192,0.184146,545.186851,500.000000,87.500000,40.808932,43.750000,20.404466,25820,10,1.000000,179.000000,0.000000,40.000000,1.825790,0.000000
0,-0.000000,0.062500,0.055556,6.698362,0.000000,8909.250000,14958.280000,96.138342,98.053636,48.069171,49.026818,23000,15600,0.062500,223.000000,0.000000,45.000000,1.952514,1.961073
0,-0.000002,0.476190,0.440000,3.121474,0.000000,383.250000,1328.280000,90.786348,79.098542,45.393174,39.549271,5250,3950,0.478261,223.000000,0.000000,45.000000,1.844724,1.581971
0,0.000000,0.440000,0.440000,27.283149,0.000000,458.641975,1328.280000,85.428046,79.098542,42.714023,39.549271,7150,100,0.440000,33.000000,0.000000,40.000000,3.078709,1.581971
0,-0.000000,0.111111,0.090909,69.009383,0.000000,6034.562500,13962.111111,86.389556,91.117779,43.194778,45.558890,15640,1630,0.111111,241.000000,0.000000,40.000000,2.123904,1.822356
0,-0.000000,0.153846,0.115385,8.011573,0.000000,18300.000000,2226.638889,88.094485,80.819802,44.047242,40.409901,2650,1060,0.166667,642.000000,0.000000,40.000000,1.763654,1.616396
0,-0.000000,0.062500,0.055556,6.698362,0.000000,8909.250000,14958.280000,96.138342,98.053636,48.069171,49.026818,23000,15820,0.062500,223.000000,0.000000,45.000000,1.952514,1.961073
0,0.000000,0.055556,0.055556,32.616320,0.000000,14194.419753,14958.280000,92.189714,98.053636,46.094857,49.026818,17720,100,0.055556,33.000000,0.000000,45.000000,3.214978,1.961073
0,-0.000000,0.062500,0.055556,6.698362,0.000000,8909.250000,14958.280000,96.138342,98.053636,48.069171,49.026818,15600,3950,0.062500,223.000000,0.000000,45.000000,1.952514,1.961073
0,0.000000,1.000000,1.000000,0.114330,0.000000,308.423611,332.111111,47.924649,72.162685,23.962325,36.081343,3450,10,1.000000,403.000000,0.000000,20.000000,0.958516,1.443254
0,-0.000000,0.062500,0.055556,6.698362,0.000000,8909.250000,14958.280000,96.138342,98.053636,48.069171,49.026818,15820,3950,0.062500,223.000000,0.000000,45.000000,1.952514,1.961073
0,0.000000,0.055556,0.055556,32.616320,0.000000,14194.419753,14958.280000,92.189714,98.053636,46.094857,49.026818,17500,100,0.055556,33.000000,0.000000,45.000000,3.214978,1.961073
0,-0.000000,0.153846,0.115385,8.011573,0.000000,18300.000000,2226.638889,88.094485,80.819802,44.047242,40.409901,1800,1060,0.166667,642.000000,0.000000,40.000000,1.763654,1.616396
0,-0.000000,0.111111,0.090909,69.009383,0.000000,6034.562500,13962.111111,86.389556,91.117779,43.194778,45.558890,15420,1630,0.111111,241.000000,0.000000,40.000000,2.123904,1.822356
0,-0.000002,0.476190,0.440000,3.121474,0.000000,383.250000,1328.280000,90.786348,79.098542,45.393174,39.549271,23000,5250,0.478261,223.000000,0.000000,45.000000,1.844724,1.581971
0,-0.000000,0.047619,0.045455,0.061907,0.000000,214.999082,316.500000,63.723344,66.010818,31.861672,33.005409,7040,10,0.047619,44.000000,0.000000,30.000000,1.274477,1.320216
