thread_id,v_rel_smoothed,initial_chi,final_chi,pre_p_mag,post_p_mag,pre_mass,post_mass,pre_s_sum,post_s_sum,pre_s_mean,post_s_mean,pre_age_a,pre_age_b,chi_max,duration,theta,stability_bin,pre_E_total,post_E_total
0,0.000533,0.800000,0.833333,25.978154,0.765625,1117.000000,61.250000,20.730603,31.294306,10.365301,15.647153,50,10,0.833333,12.000000,0.000000,10.000000,0.735061,0.000000
0,0.000533,0.800000,0.833333,25.978154,0.765625,1117.000000,61.250000,20.730603,31.294306,10.365301,15.647153,260,10,0.833333,12.000000,0.000000,10.000000,0.735061,0.000000
0,0.000000,1.000000,1.000000,27.627586,0.000000,884.000000,1900.000000,29.526507,43.162332,14.763253,21.581166,330,110,1.000000,10.000000,0.000000,10.000000,1.284265,0.863247
0,0.000000,1.000000,1.000000,27.627586,0.000000,884.000000,1900.000000,29.526507,43.162332,14.763253,21.581166,120,110,1.000000,10.000000,0.000000,10.000000,1.284265,0.863247
0,-0.000475,0.200000,0.166667,0.313982,0.000000,56.400000,900.000000,47.215468,20.163585,23.607734,10.081793,180,10,0.200000,27.000000,0.000000,20.000000,0.945831,0.000000
0,-0.000475,0.200000,0.166667,0.313982,0.000000,56.400000,900.000000,47.215468,20.163585,23.607734,10.081793,610,10,0.200000,27.000000,0.000000,20.000000,0.945831,0.000000
0,-0.000475,0.200000,0.166667,0.313982,0.000000,56.400000,900.000000,47.215468,20.163585,23.607734,10.081793,100,10,0.200000,27.000000,0.000000,20.000000,0.945831,0.000000
0,-0.000475,0.200000,0.166667,0.313982,0.000000,56.400000,900.000000,47.215468,20.163585,23.607734,10.081793,400,10,0.200000,27.000000,0.000000,20.000000,0.945831,0.000000
0,-0.000475,0.200000,0.166667,0.313982,0.000000,56.400000,900.000000,47.215468,20.163585,23.607734,10.081793,280,10,0.200000,27.000000,0.000000,20.000000,0.945831,0.000000
0,-0.000366,0.100000,0.076923,16.321886,0.000000,402.692308,35.555556,58.208622,29.495355,29.104311,14.747677,500,280,0.100000,20.000000,0.000000,25.000000,1.532855,0.000000
0,-0.000366,0.100000,0.076923,16.321886,0.000000,402.692308,35.555556,58.208622,29.495355,29.104311,14.747677,710,280,0.100000,20.000000,0.000000,25.000000,1.532855,0.000000
0,0.000000,0.800000,1.000000,7.094792,0.000000,125.250000,0.000000,41.379639,0.000000,20.689820,0.000000,340,10,1.000000,57.000000,0.000000,20.000000,1.238499,0.000000
0,0.000000,0.800000,1.000000,7.094792,0.000000,125.250000,0.000000,41.379639,0.000000,20.689820,0.000000,130,10,1.000000,57.000000,0.000000,20.000000,1.238499,0.000000
0,-0.000199,0.230769,0.318182,6.657807,0.000000,486.080000,0.000000,48.063866,0.000000,24.031933,0.000000,300,10,0.375000,39.000000,0.000000,20.000000,1.012581,0.000000
0,-0.000186,0.125000,0.318182,65.666009,0.000000,3267.222222,0.000000,54.428842,0.000000,27.214421,0.000000,220,110,0.350000,47.000000,0.000000,25.000000,1.898764,0.000000
0,-0.000760,1.000000,0.814815,0.058084,0.000000,70.511111,1382.400000,77.097723,26.985766,38.548862,13.492883,90,10,1.000000,31.000000,0.000000,35.000000,1.542007,0.000000
0,0.000000,1.000000,1.000000,15.899003,0.000000,198.080000,0.000000,82.999060,0.000000,41.499530,0.000000,90,10,1.000000,39.000000,0.000000,40.000000,2.537684,0.000000
0,0.000005,0.625000,1.000000,3.395738,0.000000,69.888889,0.000000,67.849089,0.000000,33.924544,0.000000,230,10,1.000000,47.000000,0.000000,30.000000,1.568776,0.000000
0,-0.000186,0.125000,0.318182,65.666009,0.000000,3267.222222,0.000000,54.428842,0.000000,27.214421,0.000000,230,220,0.350000,47.000000,0.000000,25.000000,1.898764,0.000000
0,-0.000198,0.444444,0.318182,62.270270,0.000000,3282.666667,0.000000,36.437060,0.000000,18.218530,0.000000,220,10,0.444444,47.000000,0.000000,15.000000,1.327134,0.000000
0,-0.000366,0.100000,0.076923,16.321886,0.000000,402.692308,35.555556,58.208622,29.495355,29.104311,14.747677,280,280,0.100000,20.000000,0.000000,25.000000,1.532855,0.000000
0,-0.000366,0.100000,0.076923,16.321886,0.000000,402.692308,35.555556,58.208622,29.495355,29.104311,14.747677,280,200,0.100000,20.000000,0.000000,25.000000,1.532855,0.000000
0,-0.000760,1.000000,0.814815,0.058084,0.000000,70.511111,1382.400000,77.097723,26.985766,38.548862,13.492883,600,10,1.000000,31.000000,0.000000,35.000000,1.542007,0.000000
0,0.000000,1.000000,1.000000,15.899003,0.000000,198.080000,0.000000,82.999060,0.000000,41.499530,0.000000,310,10,1.000000,39.000000,0.000000,40.000000,2.537684,0.000000
0,0.000000,1.000000,1.000000,15.899003,0.000000,198.080000,0.000000,82.999060,0.000000,41.499530,0.000000,520,10,1.000000,39.000000,0.000000,40.000000,2.537684,0.000000
0,0.000000,1.000000,1.000000,266.115702,0.000000,2800.000000,0.000000,16.895329,0.000000,8.447665,0.000000,230,20,1.000000,68.000000,0.000000,5.000000,14.246360,0.000000
0,0.000000,1.000000,1.000000,15.899003,0.000000,198.080000,0.000000,82.999060,0.000000,41.499530,0.000000,190,10,1.000000,39.000000,0.000000,40.000000,2.537684,0.000000
0,-0.000760,1.000000,0.814815,0.058084,0.000000,70.511111,1382.400000,77.097723,26.985766,38.548862,13.492883,170,10,1.000000,31.000000,0.000000,35.000000,1.542007,0.000000
0,-0.000760,1.000000,0.814815,0.058084,0.000000,70.511111,1382.400000,77.097723,26.985766,38.548862,13.492883,390,10,1.000000,31.000000,0.000000,35.000000,1.542007,0.000000
0,-0.000760,1.000000,0.814815,0.058084,0.000000,70.511111,1382.400000,77.097723,26.985766,38.548862,13.492883,270,10,1.000000,31.000000,0.000000,35.000000,1.542007,0.000000
0,0.000005,0.625000,1.000000,3.395738,0.000000,69.888889,0.000000,67.849089,0.000000,33.924544,0.000000,110,10,1.000000,47.000000,0.000000,30.000000,1.568776,0.000000
0,-0.000186,0.125000,0.318182,65.666009,0.000000,3267.222222,0.000000,54.428842,0.000000,27.214421,0.000000,440,220,0.350000,47.000000,0.000000,25.000000,1.898764,0.000000
0,-0.000366,0.100000,0.076923,16.321886,0.000000,402.692308,35.555556,58.208622,29.495355,29.104311,14.747677,380,280,0.100000,20.000000,0.000000,25.000000,1.532855,0.000000
0,0.000005,0.625000,1.000000,3.395738,0.000000,69.888889,0.000000,67.849089,0.000000,33.924544,0.000000,440,10,1.000000,47.000000,0.000000,30.000000,1.568776,0.000000
0,0.000842,0.700000,0.615385,2.131776,0.000000,217.408163,900.000000,25.686982,23.385186,12.843491,11.692593,390,10,0.727273,34.000000,0.000000,10.000000,0.525488,0.000000
0,0.000000,0.076923,0.076923,0.581399,0.000000,1571.091837,2282.400000,46.305182,51.881212,23.152591,25.940606,250,240,0.076923,11.000000,0.000000,20.000000,0.932229,1.037624
0,0.000122,0.076923,0.166667,3.017647,0.000000,301.361111,1382.400000,57.416357,28.496026,28.708178,14.248013,380,10,0.181818,35.000000,0.000000,25.000000,1.165623,0.000000
0,0.000962,0.076923,0.125000,0.581399,0.000000,428.702948,935.555556,39.498531,54.662762,19.749265,27.331381,410,240,0.125000,11.000000,0.000000,15.000000,0.796096,1.093255
0,0.003035,0.250000,0.375000,9.256118,0.000000,995.078125,35.555556,41.990570,31.277576,20.995285,15.638788,480,270,0.375000,25.000000,0.000000,20.000000,0.882911,0.000000
0,0.000000,0.545455,0.545455,25.993083,1.011151,1006.905325,216.000000,52.064644,71.015800,26.032322,35.507900,690,430,0.545455,22.000000,0.000000,25.000000,1.420281,1.422756
0,0.000318,0.090909,0.166667,1.649170,4.806682,231.324219,882.000000,50.887962,62.411486,25.443981,31.205743,850,430,0.166667,30.000000,0.000000,25.000000,1.023638,1.261330
0,-0.003870,0.500000,0.200000,16.563785,2.285551,397.888889,432.000000,41.332832,72.717124,20.666416,36.358562,280,120,0.750000,87.000000,0.000000,20.000000,1.198442,1.460534
0,-0.001070,0.200000,0.400000,31.987252,8.083753,4639.000000,1512.500000,53.116737,31.960676,26.558368,15.980338,550,540,0.600000,57.000000,0.000000,25.000000,1.181717,0.000000
0,-0.000016,0.545455,0.500000,2.150859,0.000000,431.437500,1444.000000,52.164015,30.487318,26.082007,15.243659,1160,10,0.545455,30.000000,0.000000,25.000000,1.049121,0.000000
0,0.000000,0.166667,0.166667,1.051419,0.000000,81.937500,1014.000000,42.757085,25.499191,21.378542,12.749596,380,130,0.166667,18.000000,0.000000,20.000000,0.868501,0.000000
0,-0.000378,0.285714,0.363636,8.000857,8.371544,1433.760000,1796.812500,65.908001,33.556240,32.954001,16.778120,1040,10,0.500000,34.000000,0.000000,30.000000,1.340800,0.000000
0,0.000000,0.600000,0.600000,7.199070,0.000000,1462.375000,490.965278,50.983896,34.318047,25.491948,17.159024,1480,10,0.600000,24.000000,0.000000,25.000000,1.037623,0.000000
0,0.000000,0.200000,0.200000,1.029778,0.000000,47.255000,23.867769,55.255409,31.862508,27.627705,15.931254,720,150,0.200000,10.000000,0.000000,25.000000,1.121108,0.000000
0,0.000000,0.750000,0.750000,0.081206,0.000000,38.375000,24.000000,33.829493,19.665890,16.914747,9.832945,70,10,0.750000,18.000000,0.000000,15.000000,0.676769,0.000000
0,0.000779,0.200000,0.210526,28.910165,0.000000,1557.760000,46.487603,44.008669,30.778159,22.004335,15.389079,960,230,0.210526,67.000000,0.000000,20.000000,1.159467,0.000000
0,0.000000,0.571429,0.571429,11.188413,0.000000,2319.410000,61.250000,45.432249,23.473578,22.716125,11.736789,1470,60,0.571429,16.000000,0.000000,20.000000,0.940229,0.000000
0,0.004614,0.285714,0.714286,110.833630,0.000000,10284.000000,245.000000,44.383890,32.176795,22.191945,16.088398,440,190,0.714286,119.000000,0.000000,20.000000,2.092021,0.000000
0,0.000496,0.062500,0.200000,16.966517,0.000000,1753.234568,360.709184,53.033222,35.938817,26.516611,17.969409,810,640,0.529412,99.000000,0.000000,25.000000,1.270080,0.000000
0,0.000311,0.400000,1.000000,3.211415,1.423790,540.000000,456.333333,47.511033,34.010804,23.755516,17.005402,1130,230,1.000000,90.000000,0.000000,20.000000,0.959836,0.000000
0,-0.000026,0.250000,0.181818,1.034712,0.084810,48.880000,23.527778,44.683869,28.039643,22.341934,14.019822,720,90,0.250000,41.000000,0.000000,20.000000,0.909684,0.000000
0,0.000000,0.166667,0.166667,1.182550,24.529206,330.217778,719.055556,50.525103,29.731218,25.262551,14.865609,1820,10,0.166667,24.000000,0.000000,25.000000,1.012727,0.000000
0,0.000000,0.166667,0.166667,0.059001,0.082683,31.360000,23.527778,38.816655,29.018918,19.408328,14.509459,290,10,0.166667,24.000000,0.000000,15.000000,0.776446,0.000000
0,0.000000,0.166667,0.166667,0.064151,0.077216,48.000000,23.510204,37.874491,19.767321,18.937246,9.883661,130,10,0.166667,10.000000,0.000000,15.000000,0.757618,0.000000
0,0.000000,0.666667,0.666667,0.064963,0.051634,29.888889,13.888889,42.806950,29.242017,21.403475,14.621008,80,10,0.666667,15.000000,0.000000,20.000000,0.856271,0.000000
0,-0.000004,0.500000,0.285714,5.006901,0.000000,1072.897959,594.000000,37.905240,48.527036,18.952620,24.263518,1560,30,0.500000,81.000000,0.000000,15.000000,0.769791,0.970541
0,0.000017,0.642857,0.666667,1.687975,0.000000,560.285714,996.320000,43.174478,47.258269,21.587239,23.629135,2110,10,0.666667,26.000000,0.000000,20.000000,0.866186,0.945165
0,-0.000003,0.750000,0.625000,6.969629,0.000000,1464.000000,996.320000,42.854885,47.258269,21.427443,23.629135,1540,10,0.750000,83.000000,0.000000,20.000000,0.873918,0.945165
0,0.000000,0.125000,0.125000,24.529206,0.000000,732.944444,300.000000,50.075284,14.685089,25.037642,7.342545,2060,10,0.125000,31.000000,0.000000,25.000000,1.419889,0.000000
0,0.000000,0.500000,0.500000,0.050401,2.419337,59.968889,696.320000,62.273381,42.048664,31.136690,21.024332,260,10,0.500000,12.000000,0.000000,30.000000,1.245559,0.000000
0,-0.004800,0.500000,0.125000,0.054922,2.419337,45.888889,696.320000,35.769803,42.048664,17.884902,21.024332,60,10,0.500000,32.000000,0.000000,15.000000,0.715505,0.000000
0,-0.002342,0.125000,0.125000,0.082683,2.419337,37.416667,696.320000,49.362985,42.048664,24.681492,21.024332,530,10,0.500000,37.000000,0.000000,20.000000,0.987405,0.000000
0,0.000000,0.100000,0.100000,6.906914,0.709895,150.361111,206.250000,77.270083,73.424094,38.635041,36.712047,870,10,0.100000,12.000000,0.000000,35.000000,1.798854,1.469714
0,0.000000,0.500000,0.500000,0.080763,0.068545,81.250000,25.000000,64.419382,31.628884,32.209691,15.814442,150,10,0.500000,26.000000,0.000000,30.000000,1.288518,0.000000
0,0.000000,0.600000,0.600000,0.008391,0.209488,96.890625,72.250000,89.499110,50.000000,44.749555,25.000000,920,10,0.600000,26.000000,0.000000,40.000000,1.789983,0.000000
0,0.000000,0.600000,0.600000,0.008391,0.209488,96.890625,72.250000,89.499110,50.000000,44.749555,25.000000,150,10,0.600000,26.000000,0.000000,40.000000,1.789983,0.000000
0,0.000000,0.600000,0.600000,0.008391,0.209488,96.890625,72.250000,89.499110,50.000000,44.749555,25.000000,350,10,0.600000,26.000000,0.000000,40.000000,1.789983,0.000000
0,0.001091,0.400000,0.454545,5.030651,1.979933,185.333333,640.000000,65.782293,32.438143,32.891146,16.219071,1350,920,0.454545,13.000000,0.000000,30.000000,1.459188,0.000000
0,-0.000182,0.100000,0.090909,7.916899,5.619283,880.349206,247.537778,60.586357,33.297276,30.293179,16.648638,920,890,0.100000,13.000000,0.000000,30.000000,1.361191,0.000000
0,0.000000,0.111111,0.111111,13.328810,0.000000,214.000000,261.333333,68.278520,46.491100,34.139260,23.245550,400,90,0.111111,36.000000,0.000000,30.000000,1.972789,0.000000
0,0.000000,0.666667,0.666667,0.463702,0.000000,166.750000,25.000000,23.099646,29.113459,11.549823,14.556729,100,10,0.666667,35.000000,0.000000,10.000000,0.462751,0.000000
0,0.000000,0.111111,0.111111,13.328810,0.000000,214.000000,261.333333,68.278520,46.491100,34.139260,23.245550,1170,90,0.111111,36.000000,0.000000,30.000000,1.972789,0.000000
0,0.000000,0.111111,0.111111,13.328810,0.000000,214.000000,261.333333,68.278520,46.491100,34.139260,23.245550,600,90,0.111111,36.000000,0.000000,30.000000,1.972789,0.000000
0,0.000000,0.333333,0.333333,0.209488,0.000000,97.250000,0.000000,54.278089,0.000000,27.139045,0.000000,410,10,0.333333,51.000000,0.000000,25.000000,1.085865,0.000000
0,0.000000,0.333333,0.333333,0.209488,0.000000,97.250000,0.000000,54.278089,0.000000,27.139045,0.000000,610,10,0.333333,51.000000,0.000000,25.000000,1.085865,0.000000
0,0.000000,0.333333,0.333333,0.209488,0.000000,97.250000,0.000000,54.278089,0.000000,27.139045,0.000000,1180,10,0.333333,51.000000,0.000000,25.000000,1.085865,0.000000
0,-0.000039,0.200000,0.055556,6.915305,0.000000,134.751736,40.680473,80.936731,34.877975,40.468366,17.438987,870,350,0.200000,78.000000,0.000000,40.000000,1.872188,0.000000
0,0.000000,1.000000,1.000000,0.115855,0.000000,57.000000,400.000000,44.332203,39.076424,22.166101,19.538212,780,10,1.000000,92.000000,0.000000,20.000000,0.886854,0.000000
0,0.000000,0.100000,0.100000,1.948810,0.000000,306.708333,45.375000,81.886691,35.841493,40.943345,17.920747,1600,1100,0.100000,10.000000,0.000000,40.000000,1.654693,0.000000
0,-0.000039,0.200000,0.055556,6.915305,0.000000,134.751736,40.680473,80.936731,34.877975,40.468366,17.438987,920,870,0.200000,78.000000,0.000000,40.000000,1.872188,0.000000
0,0.000000,0.615385,1.000000,0.115855,0.000000,78.080000,0.000000,63.203737,0.000000,31.601869,0.000000,780,10,1.000000,92.000000,0.000000,30.000000,1.264284,0.000000
0,0.000000,0.642857,1.000000,0.059987,0.000000,49.285714,0.000000,42.631806,0.000000,21.315903,0.000000,580,10,1.000000,112.000000,0.000000,20.000000,0.852740,0.000000
0,0.000000,0.100000,0.100000,1.948810,0.000000,306.708333,45.375000,81.886691,35.841493,40.943345,17.920747,1100,1030,0.100000,10.000000,0.000000,40.000000,1.654693,0.000000
0,0.000000,1.000000,1.000000,0.115855,0.000000,57.000000,400.000000,44.332203,39.076424,22.166101,19.538212,210,10,1.000000,92.000000,0.000000,20.000000,0.886854,0.000000
0,0.000000,0.500000,1.000000,0.000000,0.000000,71.080000,400.000000,37.629733,39.076424,18.814867,19.538212,10,10,1.000000,92.000000,0.000000,15.000000,0.752595,0.000000
0,-0.000039,0.200000,0.055556,6.915305,0.000000,134.751736,40.680473,80.936731,34.877975,40.468366,17.438987,870,150,0.200000,78.000000,0.000000,40.000000,1.872188,0.000000
0,0.000000,0.615385,1.000000,0.115855,0.000000,78.080000,0.000000,63.203737,0.000000,31.601869,0.000000,210,10,1.000000,92.000000,0.000000,30.000000,1.264284,0.000000
0,0.000000,0.100000,0.100000,1.948810,0.000000,306.708333,45.375000,81.886691,35.841493,40.943345,17.920747,1100,830,0.100000,10.000000,0.000000,40.000000,1.654693,0.000000
0,-0.000517,0.200000,0.142857,1.301219,0.000000,359.750000,729.000000,51.729211,35.059022,25.864605,17.529511,2600,1060,0.200000,64.000000,0.000000,25.000000,1.036938,0.000000
0,0.000517,0.800000,0.857143,7.135943,0.000000,603.000000,349.368889,41.822420,36.703927,20.911210,18.351964,2600,610,0.857143,64.000000,0.000000,20.000000,0.881183,0.000000
0,-0.000517,0.200000,0.142857,0.555051,0.000000,94.625000,40.680473,69.698431,35.142389,34.849215,17.571195,3010,1430,0.200000,23.000000,0.000000,30.000000,1.396566,0.000000
0,0.000059,0.083333,0.090909,2.359956,0.000000,670.625000,348.000000,63.392638,72.964280,31.696319,36.482140,1480,1430,0.090909,50.000000,0.000000,30.000000,1.273273,1.459286
0,0.000234,0.400000,0.363636,3.780114,0.000000,559.387755,874.750000,51.504816,74.050897,25.752408,37.025448,1100,640,0.400000,88.000000,0.000000,25.000000,1.045377,1.481018
0,-0.000004,0.333333,0.153846,1.845122,0.000000,416.000000,163.653061,49.616689,37.369826,24.808345,18.684913,1460,340,0.333333,181.000000,0.000000,20.000000,0.996537,0.000000
0,0.000000,0.333333,0.333333,0.396330,0.000000,179.653061,192.000000,55.481845,40.078509,27.740923,20.039255,2380,10,0.333333,13.000000,0.000000,25.000000,1.110117,0.000000
0,0.000000,0.666667,0.666667,2.207440,0.000000,47.250000,73.500000,31.570129,19.787099,15.785065,9.893549,170,10,0.666667,13.000000,0.000000,15.000000,0.709367,0.000000
0,0.000052,0.571429,1.000000,0.000000,0.000000,52.847222,0.000000,49.760618,0.000000,24.880309,0.000000,1560,10,1.000000,92.000000,0.000000,20.000000,0.995212,0.000000
0,0.000000,0.055556,0.055556,21.365824,0.452451,420.903061,192.000000,72.483584,40.097380,36.241792,20.048690,2190,600,0.055556,33.000000,0.000000,35.000000,2.302441,0.000000
0,0.002679,0.863636,0.900000,5.999306,0.537684,278.162778,300.000000,64.251771,22.620826,32.125886,11.310413,1430,1020,0.925926,105.000000,0.000000,30.000000,1.351174,0.000000
0,-0.000000,0.100000,0.055556,1.551079,0.452451,422.625000,192.000000,68.104722,40.097380,34.052361,20.048690,1470,1430,0.100000,105.000000,0.000000,30.000000,1.366201,0.000000
0,0.002735,0.428571,0.900000,0.000000,0.537684,214.941945,300.000000,51.153380,22.620826,25.576690,11.310413,1150,10,0.900000,92.000000,0.000000,25.000000,1.023068,0.000000
0,-0.000001,0.166667,0.125000,1.690651,0.000000,610.750000,327.222222,47.451974,57.048577,23.725987,28.524288,1630,10,0.166667,45.000000,0.000000,20.000000,0.951526,1.140972
0,-0.000001,0.625000,0.444444,8.943859,0.000000,573.500000,492.000000,47.515752,63.171084,23.757876,31.585542,900,450,0.625000,163.000000,0.000000,20.000000,1.038601,1.263422
0,-0.000000,1.000000,0.750000,0.610049,1.044818,258.750000,441.750000,45.158512,71.667096,22.579256,35.833548,2080,10,1.000000,59.000000,0.000000,20.000000,0.904006,1.434584
0,0.000000,0.200000,0.200000,0.000000,0.870403,227.653061,364.000000,62.349891,69.287471,31.174946,34.643735,2430,10,0.200000,24.000000,0.000000,30.000000,1.246998,1.386798
0,-0.000110,0.333333,0.250000,0.415939,0.907544,179.653061,373.500000,45.156037,65.372101,22.578018,32.686050,2220,10,0.333333,45.000000,0.000000,20.000000,0.903649,1.308547
0,0.000000,0.400000,0.400000,0.000000,1.605735,95.250000,800.000000,41.816426,30.312522,20.908213,15.156261,220,10,0.400000,35.000000,0.000000,20.000000,0.836329,0.000000
0,0.000000,0.250000,0.250000,0.106006,1.680328,56.040000,1100.000000,73.607125,78.534297,36.803563,39.267149,2360,590,0.250000,65.000000,0.000000,35.000000,1.472243,1.571985
0,0.000000,0.500000,0.500000,0.283891,2.550690,117.000000,1200.000000,68.705331,81.630940,34.352666,40.815470,1260,590,0.500000,65.000000,0.000000,30.000000,1.374454,1.635373
0,-0.000012,0.750000,0.615385,0.000000,2.833261,141.375000,1500.000000,61.644216,81.063444,30.822108,40.531722,1110,10,0.750000,190.000000,0.000000,30.000000,1.232884,1.624100
0,0.000000,0.500000,0.500000,7.865926,2.550690,2612.888889,1200.000000,74.476817,81.630940,37.238409,40.815470,1110,860,0.500000,13.000000,0.000000,35.000000,1.501402,1.635373
0,0.002462,0.500000,0.615385,0.090361,2.833261,81.375000,1500.000000,51.637009,81.063444,25.818504,40.531722,2030,10,0.615385,98.000000,0.000000,25.000000,1.032830,1.624100
0,0.000000,0.040000,0.040000,9.854353,0.000000,4592.718367,51.142857,69.043370,66.687996,34.521685,33.343998,2410,1630,0.040000,11.000000,0.000000,30.000000,1.391465,1.333760
0,0.000000,0.040000,0.040000,8.706205,0.490282,4176.950000,269.617284,65.519113,61.637910,32.759556,30.818955,2430,10,0.040000,13.000000,0.000000,30.000000,1.319780,1.233206
0,0.000000,0.111111,0.111111,58.033584,0.578058,5142.250000,419.000000,67.961416,68.938047,33.980708,34.469023,3350,2200,0.111111,36.000000,0.000000,30.000000,1.795792,1.379168
0,0.000000,0.500000,0.500000,2.012084,0.000000,30953.000000,900.000000,91.962892,70.695146,45.981446,35.347573,310,10,0.500000,21.000000,0.000000,45.000000,1.914230,1.413903
0,0.000000,0.500000,0.500000,2.012084,0.000000,30953.000000,900.000000,91.962892,70.695146,45.981446,35.347573,500,10,0.500000,21.000000,0.000000,45.000000,1.914230,1.413903
0,0.000000,0.500000,0.500000,2.012084,0.000000,30953.000000,900.000000,91.962892,70.695146,45.981446,35.347573,1910,10,0.500000,21.000000,0.000000,45.000000,1.914230,1.413903
0,0.000075,0.785714,0.800000,2.938466,0.756921,168.292857,474.222222,69.400568,61.863197,34.700284,30.931598,1650,10,0.800000,52.000000,0.000000,30.000000,1.566834,1.237893
0,0.000000,0.095238,0.095238,878.917006,26.805942,8868.045858,16937.500000,73.015894,68.886856,36.507947,34.443428,3870,300,0.095238,23.000000,0.000000,35.000000,45.424340,1.398958
0,0.000000,0.500000,0.500000,0.053527,0.450518,169.150000,325.000000,63.460433,63.624307,31.730217,31.812154,360,10,0.500000,52.000000,0.000000,30.000000,1.269266,1.272802
0,-0.000025,0.133333,0.095238,0.221278,26.805942,276.400000,16937.500000,74.520357,68.886856,37.260178,34.443428,3460,10,0.133333,52.000000,0.000000,35.000000,1.490592,1.398958
0,-0.000025,0.133333,0.066667,1.267353,26.755064,692.168367,16811.722222,78.422683,81.871381,39.211342,40.935691,3440,1630,0.133333,54.000000,0.000000,35.000000,1.569615,1.658734
0,-0.000025,0.071429,0.066667,878.826253,26.755064,8806.892857,16811.722222,75.838716,81.871381,37.919358,40.935691,3870,1940,0.071429,23.000000,0.000000,35.000000,45.480732,1.658734
0,-0.000178,0.666667,0.333333,16.246755,27.279260,5272.000000,18681.750000,70.198105,49.563895,35.099053,24.781947,2970,1940,0.666667,145.000000,0.000000,35.000000,1.437416,0.000000
0,-0.000178,0.500000,0.333333,878.831677,27.279260,8809.750000,18681.750000,68.535694,49.563895,34.267847,24.781947,3870,2720,0.666667,67.000000,0.000000,30.000000,45.334676,0.000000
0,-0.000178,0.500000,0.333333,0.053410,27.279260,469.361111,18681.750000,77.448001,49.563895,38.724000,24.781947,2870,10,0.666667,52.000000,0.000000,35.000000,1.549013,0.000000
0,0.000000,0.200000,0.200000,0.947743,0.000000,545.600000,1784.138889,88.115481,83.626315,44.057741,41.813158,3790,1180,0.200000,26.000000,0.000000,40.000000,1.763135,1.672526
0,0.000000,0.200000,0.200000,0.947743,0.000000,545.600000,1784.138889,88.115481,83.626315,44.057741,41.813158,3790,2780,0.200000,26.000000,0.000000,40.000000,1.763135,1.672526
0,0.000000,0.200000,0.200000,0.947743,0.000000,545.600000,1784.138889,88.115481,83.626315,44.057741,41.813158,3790,380,0.200000,26.000000,0.000000,40.000000,1.763135,1.672526
0,0.000000,0.200000,0.200000,0.947743,0.000000,545.600000,1784.138889,88.115481,83.626315,44.057741,41.813158,3790,1370,0.200000,26.000000,0.000000,40.000000,1.763135,1.672526
0,-0.000005,0.250000,0.125000,34.138774,4.354870,1126.666667,2604.138889,66.314852,69.375839,33.157426,34.687919,3660,2310,0.250000,43.000000,0.000000,30.000000,2.124044,1.391158
0,0.000000,0.076923,0.076923,0.868131,0.000000,70.416667,284.861111,80.555958,81.440066,40.277979,40.720033,2780,1570,0.076923,13.000000,0.000000,40.000000,1.619981,1.628801
0,0.000775,0.500000,0.300000,0.976981,0.000000,139.475556,495.750000,74.378721,79.711161,37.189361,39.855580,4310,1570,0.500000,39.000000,0.000000,35.000000,1.496522,1.594223
0,0.000000,0.111111,0.111111,12.098577,0.000000,305.855710,36030.312500,84.721425,86.105457,42.360713,43.052728,3950,1900,0.111111,30.000000,0.000000,40.000000,1.945193,1.722109
0,-0.000003,0.043478,0.041667,13.235258,0.000000,1038.138251,36717.959184,73.657815,72.304915,36.828907,36.152457,4320,3950,0.043478,30.000000,0.000000,35.000000,1.724803,1.446098
0,0.000000,0.111111,0.111111,12.098577,0.000000,305.855710,36030.312500,84.721425,86.105457,42.360713,43.052728,3950,910,0.111111,30.000000,0.000000,40.000000,1.945193,1.722109
0,0.000000,0.111111,0.111111,12.098577,0.000000,305.855710,36030.312500,84.721425,86.105457,42.360713,43.052728,3950,3310,0.111111,30.000000,0.000000,40.000000,1.945193,1.722109
0,0.000000,0.111111,0.111111,12.098577,0.000000,305.855710,36030.312500,84.721425,86.105457,42.360713,43.052728,3950,1710,0.111111,30.000000,0.000000,40.000000,1.945193,1.722109
0,0.000000,0.166667,0.375000,0.214935,0.071641,114.000000,52.244898,75.853010,50.000000,37.926505,25.000000,4210,2240,0.375000,124.000000,0.000000,35.000000,1.517266,0.000000
0,0.000006,0.125000,0.375000,2.262885,0.071641,150.576389,52.244898,63.947544,50.000000,31.973772,25.000000,4260,3820,0.375000,119.000000,0.000000,30.000000,1.297359,0.000000
0,0.000000,0.333333,0.500000,0.092016,0.028334,51.555556,20.000000,70.171565,43.614742,35.085782,21.807371,4210,950,0.500000,124.000000,0.000000,35.000000,1.403516,0.000000
0,-0.000399,0.666667,0.571429,0.017884,0.243706,29.888889,181.500000,52.092251,27.864957,26.046125,13.932478,4820,10,0.666667,63.000000,0.000000,25.000000,1.041857,0.000000
0,-0.000004,0.166667,0.125000,1.033957,0.000000,606.666667,727.959184,75.791918,77.848280,37.895959,38.924140,3590,1400,0.166667,125.000000,0.000000,35.000000,1.516723,1.556966
0,0.000000,0.125000,0.125000,0.207290,0.000000,146.562500,205.625000,79.025422,77.742462,39.512711,38.871231,2420,2060,0.125000,23.000000,0.000000,35.000000,1.580656,1.554849
0,-0.000027,0.428571,0.333333,1.176498,0.000000,758.187500,702.959184,47.080860,38.383333,23.540430,19.191667,4520,10,0.428571,38.000000,0.000000,20.000000,0.942550,0.000000
0,-0.001937,0.714286,0.333333,0.024142,0.000000,36.000000,25.000000,49.655541,39.838658,24.827771,19.919329,2330,10,0.714286,38.000000,0.000000,20.000000,0.993125,0.000000
0,0.000000,0.333333,0.333333,1.803568,0.000000,141.875000,180.625000,60.140189,38.503826,30.070095,19.251913,2060,100,0.333333,29.000000,0.000000,30.000000,1.288592,0.000000
0,-0.000097,0.250000,0.090909,33.501655,0.000000,777.777778,839.000000,68.036797,79.701081,34.018398,39.850541,2530,2310,0.250000,156.000000,0.000000,30.000000,2.157912,1.594022
0,-0.000097,0.125000,0.090909,5.091826,0.000000,1751.590000,1002.959184,70.629205,79.266456,35.314603,39.633228,4200,2850,0.125000,102.000000,0.000000,35.000000,1.421329,1.585329
0,-0.000000,0.200000,0.083333,12.622674,25.537584,578.560000,727.375000,76.793973,36.782049,38.396987,18.391024,3960,2380,0.200000,149.000000,0.000000,35.000000,1.673810,0.000000
0,0.000000,0.250000,0.363636,2.712989,0.043336,139.000000,29.040000,89.141170,50.000000,44.570585,25.000000,2380,1540,0.363636,149.000000,0.000000,40.000000,1.809362,0.000000
0,0.000000,0.250000,0.363636,2.712989,0.043336,139.000000,29.040000,89.141170,50.000000,44.570585,25.000000,2950,2380,0.363636,149.000000,0.000000,40.000000,1.809362,0.000000
0,0.000000,0.250000,0.363636,2.712989,0.043336,139.000000,29.040000,89.141170,50.000000,44.570585,25.000000,2380,550,0.363636,149.000000,0.000000,40.000000,1.809362,0.000000
0,-0.000000,0.857143,0.529412,13.172155,45.543943,359.293210,36015.000000,71.372700,39.973043,35.686350,19.986522,3950,2740,0.857143,113.000000,0.000000,35.000000,1.687017,0.000000
0,0.000000,0.181818,0.181818,0.402022,0.563637,275.298611,400.000000,78.328001,35.975227,39.164001,17.987614,6050,3390,0.181818,48.000000,0.000000,35.000000,1.566854,0.000000
0,0.000000,0.250000,0.363636,2.712989,0.043336,139.000000,29.040000,89.141170,50.000000,44.570585,25.000000,2380,1350,0.363636,149.000000,0.000000,40.000000,1.809362,0.000000
0,-0.000013,1.000000,0.100000,2.639033,0.234459,2192.812500,261.333333,60.068506,50.000000,30.034253,25.000000,5890,10,1.000000,45.000000,0.000000,30.000000,1.202977,0.000000
0,-0.000013,1.000000,0.100000,2.639033,0.234459,2192.812500,261.333333,60.068506,50.000000,30.034253,25.000000,1880,10,1.000000,45.000000,0.000000,30.000000,1.202977,0.000000
0,-0.000004,0.111111,0.100000,0.051838,0.034059,62.868056,27.591837,43.702467,40.304745,21.851233,20.152373,3110,10,0.111111,45.000000,0.000000,20.000000,0.874085,0.000000
0,-0.000013,1.000000,0.100000,2.639033,0.234459,2192.812500,261.333333,60.068506,50.000000,30.034253,25.000000,5770,10,1.000000,45.000000,0.000000,30.000000,1.202977,0.000000
0,-0.000013,1.000000,0.100000,2.639033,0.234459,2192.812500,261.333333,60.068506,50.000000,30.034253,25.000000,1040,10,1.000000,45.000000,0.000000,30.000000,1.202977,0.000000
0,0.000000,0.100000,0.100000,15.596542,0.670906,227.800000,432.000000,55.698020,32.383108,27.849010,16.191554,2600,220,0.100000,24.000000,0.000000,25.000000,1.686797,0.000000
0,0.000000,1.000000,1.000000,0.044210,1.220203,443.271684,864.027682,58.366793,37.876024,29.183397,18.938012,20,10,1.000000,44.000000,0.000000,25.000000,1.167374,0.000000
0,-0.000003,0.125000,0.277778,1399.815943,0.917980,16969.888889,657.000000,81.291067,87.326890,40.645534,43.663445,1680,1170,0.400000,169.000000,0.000000,40.000000,65.023468,1.747182
0,0.000000,0.611111,0.631579,25.577087,2.424090,679.292517,1876.571429,97.500000,89.118976,48.750000,44.559488,5900,10,0.631579,97.000000,0.000000,45.000000,3.201634,1.783947
0,-0.000000,0.333333,0.266667,14.690832,0.046866,10556.687500,47.591837,88.483014,91.927126,44.241507,45.963563,5220,2560,0.357143,153.000000,0.000000,40.000000,1.790614,1.838566
0,0.000000,0.083333,0.083333,0.401338,0.058119,445.611111,48.166667,65.418506,82.253740,32.709253,41.126870,1640,10,0.083333,38.000000,0.000000,30.000000,1.308563,1.645112
0,0.000000,0.083333,0.083333,0.401338,0.058119,445.611111,48.166667,65.418506,82.253740,32.709253,41.126870,6490,10,0.083333,38.000000,0.000000,30.000000,1.308563,1.645112
0,-0.000000,0.333333,0.266667,14.690832,0.046866,10556.687500,47.591837,88.483014,91.927126,44.241507,45.963563,2560,1330,0.357143,153.000000,0.000000,40.000000,1.790614,1.838566
0,-0.000003,0.125000,0.277778,1399.815943,0.917980,16969.888889,657.000000,81.291067,87.326890,40.645534,43.663445,5060,1680,0.400000,169.000000,0.000000,40.000000,65.023468,1.747182
0,0.000000,0.611111,0.631579,25.577087,2.424090,679.292517,1876.571429,97.500000,89.118976,48.750000,44.559488,1050,10,0.631579,97.000000,0.000000,45.000000,3.201634,1.783947
0,0.000000,0.611111,0.631579,25.577087,2.424090,679.292517,1876.571429,97.500000,89.118976,48.750000,44.559488,5780,10,0.631579,97.000000,0.000000,45.000000,3.201634,1.783947
0,-0.000003,0.125000,0.277778,1399.815943,0.917980,16969.888889,657.000000,81.291067,87.326890,40.645534,43.663445,5180,1680,0.400000,169.000000,0.000000,40.000000,65.023468,1.747182
0,0.000000,0.611111,0.631579,25.577087,2.424090,679.292517,1876.571429,97.500000,89.118976,48.750000,44.559488,1890,10,0.631579,97.000000,0.000000,45.000000,3.201634,1.783947
0,-0.000000,0.333333,0.266667,14.690832,0.046866,10556.687500,47.591837,88.483014,91.927126,44.241507,45.963563,5340,2560,0.357143,153.000000,0.000000,40.000000,1.790614,1.838566
0,0.000000,0.166667,0.166667,0.016162,2.420238,433.959184,1872.571429,88.415382,84.099073,44.207691,42.049536,1760,10,0.166667,97.000000,0.000000,40.000000,1.768316,1.683547
0,0.000000,0.083333,0.083333,0.401338,0.058119,445.611111,48.166667,65.418506,82.253740,32.709253,41.126870,2480,10,0.083333,38.000000,0.000000,30.000000,1.308563,1.645112
0,0.000000,0.083333,0.083333,0.401338,0.058119,445.611111,48.166667,65.418506,82.253740,32.709253,41.126870,6370,10,0.083333,38.000000,0.000000,30.000000,1.308563,1.645112
0,-0.000003,0.125000,0.277778,3.559493,0.917980,2104.000000,657.000000,80.139281,87.326890,40.069641,43.663445,1560,210,0.400000,181.000000,0.000000,40.000000,1.605818,1.747182
0,-0.000000,0.333333,0.266667,14.690832,0.046866,10556.687500,47.591837,88.483014,91.927126,44.241507,45.963563,2560,490,0.357143,153.000000,0.000000,40.000000,1.790614,1.838566
0,0.000000,0.083333,0.083333,0.651699,0.000000,460.166667,11850.000000,51.326127,76.874060,25.663063,38.437030,2990,10,0.083333,83.000000,0.000000,25.000000,1.027014,1.537481
0,0.000000,0.083333,0.083333,0.033084,0.000000,55.758503,621.125000,57.273640,81.881221,28.636820,40.940610,3710,10,0.083333,83.000000,0.000000,25.000000,1.145493,1.637624
0,0.000000,1.000000,1.000000,0.948873,0.000000,719.867498,664.000000,55.184670,78.589094,27.592335,39.294547,600,10,1.000000,83.000000,0.000000,25.000000,1.104344,1.571782
0,0.000000,0.041667,0.041667,2.594537,0.000000,1633.810612,104.000000,71.395181,79.923543,35.697591,39.961772,1080,780,0.041667,35.000000,0.000000,35.000000,1.437968,1.598471
0,0.000000,0.400000,0.611111,0.253207,0.000000,592.959184,11314.000000,87.165622,78.834109,43.582811,39.417054,2400,10,0.611111,142.000000,0.000000,40.000000,1.743496,1.576682
0,-0.000002,0.357143,0.312500,0.051610,0.000000,455.514739,85.125000,81.324362,83.841270,40.662181,41.920635,3120,10,0.357143,142.000000,0.000000,40.000000,1.626523,1.676825
0,-0.000005,0.700000,0.500000,20.577370,0.268995,572.138889,276.480000,68.889685,37.396080,34.444843,18.698040,2620,1490,0.700000,413.000000,0.000000,30.000000,1.748322,0.000000
0,-0.000000,0.111111,0.083333,2.848920,0.077591,919.902500,63.000000,69.873462,50.000000,34.936731,25.000000,4220,1610,0.111111,253.000000,0.000000,30.000000,1.462343,0.000000
0,0.000000,0.500000,0.500000,0.928792,0.030708,754.375000,27.000000,41.475241,37.037106,20.737621,18.518553,5750,10,0.500000,100.000000,0.000000,20.000000,0.830098,0.000000
0,-0.000000,0.111111,0.083333,2.848920,0.077591,919.902500,63.000000,69.873462,50.000000,34.936731,25.000000,4220,3210,0.111111,253.000000,0.000000,30.000000,1.462343,0.000000
0,-0.000010,1.000000,0.916667,0.693005,0.989932,630.172222,700.000000,47.209454,30.070997,23.604727,15.035498,6260,10,1.000000,49.000000,0.000000,20.000000,0.944580,0.000000
0,-0.000001,0.066667,0.062500,0.823862,0.302878,319.718112,308.880000,72.700018,77.210509,36.350009,38.605255,5250,780,0.066667,37.000000,0.000000,35.000000,1.462892,1.544359
0,-0.000000,0.111111,0.083333,2.848920,0.077591,919.902500,63.000000,69.873462,50.000000,34.936731,25.000000,4220,810,0.111111,253.000000,0.000000,30.000000,1.462343,0.000000
0,0.000003,0.272727,0.333333,0.956575,0.033883,756.415000,32.400000,53.911001,39.814429,26.955501,19.907214,5610,10,0.333333,114.000000,0.000000,25.000000,1.078849,0.000000
0,-0.000000,0.100000,0.062500,2.735794,0.021376,733.334184,21.125000,70.206070,43.575749,35.103035,21.787874,5030,2840,0.100000,172.000000,0.000000,35.000000,1.454739,0.000000
0,0.000045,0.500000,0.500000,0.992477,0.602036,784.191111,486.000000,37.006284,32.677509,18.503142,16.338754,5420,10,0.500000,133.000000,0.000000,15.000000,0.740776,0.000000
0,-0.000057,0.300000,0.250000,0.559729,1.023816,32.730612,732.400000,50.223553,69.885425,25.111776,34.942713,780,130,0.300000,37.000000,0.000000,25.000000,1.013243,1.398426
0,-0.000000,0.111111,0.083333,2.848920,0.077591,919.902500,63.000000,69.873462,50.000000,34.936731,25.000000,4220,1800,0.111111,253.000000,0.000000,30.000000,1.462343,0.000000
0,0.000000,0.500000,1.000000,0.661302,0.000000,13502.000000,0.000000,60.048120,0.000000,30.024060,0.000000,200,10,1.000000,445.000000,0.000000,30.000000,1.209061,0.000000
0,0.000000,0.500000,1.000000,0.661302,0.000000,13502.000000,0.000000,60.048120,0.000000,30.024060,0.000000,1610,10,1.000000,445.000000,0.000000,30.000000,1.209061,0.000000
0,0.000268,0.875000,1.000000,0.000000,0.000000,83.000000,1521.000000,68.310273,32.864439,34.155137,16.432219,5650,10,1.000000,41.000000,0.000000,30.000000,1.366205,0.000000
0,0.000000,0.500000,0.500000,0.085828,0.000000,79.000000,16.000000,44.291684,39.585443,22.145842,19.792721,2750,10,0.500000,91.000000,0.000000,20.000000,0.885892,0.000000
0,0.000000,0.500000,0.500000,0.085828,0.000000,79.000000,16.000000,44.291684,39.585443,22.145842,19.792721,3740,10,0.500000,91.000000,0.000000,20.000000,0.885892,0.000000
0,0.000000,1.000000,1.000000,67.996406,0.000000,1600.000000,0.000000,81.920775,0.000000,40.960388,0.000000,1070,270,1.000000,339.000000,0.000000,40.000000,3.205349,0.000000
0,0.000000,1.000000,1.000000,67.996406,0.000000,1600.000000,0.000000,81.920775,0.000000,40.960388,0.000000,2670,270,1.000000,339.000000,0.000000,40.000000,3.205349,0.000000
0,0.000000,1.000000,1.000000,67.996406,0.000000,1600.000000,0.000000,81.920775,0.000000,40.960388,0.000000,1260,270,1.000000,339.000000,0.000000,40.000000,3.205349,0.000000
0,0.000268,0.875000,1.000000,0.000000,0.000000,83.000000,1521.000000,68.310273,32.864439,34.155137,16.432219,4050,10,1.000000,41.000000,0.000000,30.000000,1.366205,0.000000
0,0.000000,0.500000,0.500000,0.085828,0.000000,79.000000,16.000000,44.291684,39.585443,22.145842,19.792721,5150,10,0.500000,91.000000,0.000000,20.000000,0.885892,0.000000
0,0.000000,0.500000,0.500000,0.085828,0.000000,79.000000,16.000000,44.291684,39.585443,22.145842,19.792721,3550,10,0.500000,91.000000,0.000000,20.000000,0.885892,0.000000
0,0.000268,0.875000,1.000000,0.000000,0.000000,83.000000,1521.000000,68.310273,32.864439,34.155137,16.432219,3250,10,1.000000,41.000000,0.000000,30.000000,1.366205,0.000000
0,0.000268,0.875000,1.000000,0.000000,0.000000,83.000000,1521.000000,68.310273,32.864439,34.155137,16.432219,4240,10,1.000000,41.000000,0.000000,30.000000,1.366205,0.000000
0,0.000000,1.000000,1.000000,38.038585,0.000000,2600.000000,0.000000,53.626934,0.000000,26.813467,0.000000,1530,120,1.000000,453.000000,0.000000,25.000000,1.389786,0.000000
0,-0.000000,0.200000,0.166667,0.053035,0.000000,179.555556,1492.250000,80.922332,75.208556,40.461166,37.604278,2030,10,0.200000,244.000000,0.000000,40.000000,1.618486,1.504171
0,-0.000029,0.117647,0.095238,47.904661,0.000000,32633.256198,74420.000000,83.613585,35.452084,41.806792,17.726042,5040,2970,0.117647,72.000000,0.000000,40.000000,1.707437,0.000000
0,-0.000000,0.300000,0.272727,0.072645,0.000000,70.619898,22.680000,83.227218,42.531285,41.613609,21.265642,3440,10,0.300000,232.000000,0.000000,40.000000,1.664595,0.000000
0,-0.000000,1.000000,0.833333,0.726939,0.000000,196.244898,500.000000,85.040318,41.315196,42.520159,20.657598,4850,10,1.000000,244.000000,0.000000,40.000000,1.705864,0.000000
0,0.000000,0.375000,0.818182,2.311775,0.000000,172.243056,992.250000,67.429584,33.893359,33.714792,16.946680,3820,1000,0.875000,347.000000,0.000000,30.000000,1.367053,0.000000
0,0.000000,1.000000,0.818182,1.219931,0.000000,637.500000,992.250000,43.240140,33.893359,21.620070,16.946680,1300,10,1.000000,446.000000,0.000000,20.000000,0.866018,0.000000
0,0.000000,0.692308,1.000000,3.172452,0.000000,169.548611,0.000000,74.928492,0.000000,37.464246,0.000000,3820,2290,1.000000,347.000000,0.000000,35.000000,1.530125,0.000000
0,-0.000000,0.300000,0.272727,0.072645,0.000000,70.619898,22.680000,83.227218,42.531285,41.613609,21.265642,4970,10,0.300000,232.000000,0.000000,40.000000,1.664595,0.000000
0,-0.000029,0.117647,0.095238,47.904661,0.000000,32633.256198,74420.000000,83.613585,35.452084,41.806792,17.726042,6570,2970,0.117647,72.000000,0.000000,40.000000,1.707437,0.000000
0,-0.000000,1.000000,0.833333,0.726939,0.000000,196.244898,500.000000,85.040318,41.315196,42.520159,20.657598,3320,10,1.000000,244.000000,0.000000,40.000000,1.705864,0.000000
0,-0.000000,0.052632,0.047619,329.179683,0.000000,8244.530612,28565.081633,79.086701,78.638580,39.543350,39.319290,3730,1040,0.052632,61.000000,0.000000,35.000000,8.166522,1.572772
0,0.000000,1.000000,1.000000,0.184743,0.000000,108.000000,0.000000,48.134960,0.000000,24.067480,0.000000,930,10,1.000000,617.000000,0.000000,20.000000,0.962936,0.000000
0,-0.000001,0.100000,0.071429,224.447142,0.000000,1557.333333,112.000000,84.502690,100.000000,42.251345,50.000000,4330,1900,0.142857,234.000000,0.000000,40.000000,21.080589,2.000000
0,-0.000001,0.076923,0.071429,414.734349,0.000000,4823.527778,112.000000,89.004479,100.000000,44.502239,50.000000,7780,230,0.076923,47.000000,0.000000,40.000000,19.695250,2.000000
0,-0.000001,0.100000,0.071429,224.447142,0.000000,1557.333333,112.000000,84.502690,100.000000,42.251345,50.000000,4330,1060,0.142857,234.000000,0.000000,40.000000,21.080589,2.000000
0,-0.000006,0.142857,0.214286,0.056816,0.000000,81.250000,112.400000,77.627340,91.418822,38.813670,45.709411,3420,10,0.250000,69.000000,0.000000,35.000000,1.552573,1.828376
0,-0.000001,0.100000,0.071429,21.768728,0.000000,1557.333333,112.000000,84.502690,100.000000,42.251345,50.000000,2340,1060,0.142857,234.000000,0.000000,40.000000,1.868667,2.000000
0,-0.000001,0.100000,0.071429,224.447142,0.000000,1557.333333,112.000000,84.502690,100.000000,42.251345,50.000000,5790,4330,0.142857,234.000000,0.000000,40.000000,21.080589,2.000000
0,-0.000007,0.166667,0.214286,0.038253,0.000000,32.000000,112.400000,79.295687,91.418822,39.647844,45.709411,2140,1570,0.500000,254.000000,0.000000,35.000000,1.585937,1.828376
0,-0.000001,0.076923,0.071429,414.734349,0.000000,4823.527778,112.000000,89.004479,100.000000,44.502239,50.000000,7660,230,0.076923,47.000000,0.000000,40.000000,19.695250,2.000000
0,-0.000001,0.076923,0.071429,414.734349,0.000000,4823.527778,112.000000,89.004479,100.000000,44.502239,50.000000,3770,230,0.076923,47.000000,0.000000,40.000000,19.695250,2.000000
0,-0.000001,0.100000,0.071429,21.768728,0.000000,1557.333333,112.000000,84.502690,100.000000,42.251345,50.000000,2340,1900,0.142857,234.000000,0.000000,40.000000,1.868667,2.000000
0,-0.000007,0.333333,0.214286,0.032529,0.000000,32.000000,112.400000,79.686762,91.418822,39.843381,45.709411,4130,1570,0.500000,254.000000,0.000000,35.000000,1.593752,1.828376
0,-0.000001,0.100000,0.071429,224.447142,0.000000,1557.333333,112.000000,84.502690,100.000000,42.251345,50.000000,5910,4330,0.142857,234.000000,0.000000,40.000000,21.080589,2.000000
0,-0.000001,0.100000,0.071429,21.768728,0.000000,1557.333333,112.000000,84.502690,100.000000,42.251345,50.000000,5910,2340,0.142857,234.000000,0.000000,40.000000,1.868667,2.000000
0,-0.000001,0.100000,0.071429,21.768728,0.000000,1557.333333,112.000000,84.502690,100.000000,42.251345,50.000000,5790,2340,0.142857,234.000000,0.000000,40.000000,1.868667,2.000000
0,-0.000001,0.076923,0.071429,414.734349,0.000000,4823.527778,112.000000,89.004479,100.000000,44.502239,50.000000,2930,230,0.076923,47.000000,0.000000,40.000000,19.695250,2.000000
0,-0.000000,0.100000,0.058824,2.068363,0.000000,257.930556,1053.898889,69.864358,79.232940,34.932179,39.616470,6110,2840,0.100000,265.000000,0.000000,30.000000,1.447436,1.584659
0,0.000000,0.083333,0.083333,3.157790,0.000000,444.000000,1068.208889,79.856723,79.445565,39.928361,39.722782,8240,2980,0.083333,52.000000,0.000000,35.000000,1.687405,1.588911
0,0.000000,0.083333,0.083333,3.197063,0.000000,484.949630,1040.736667,81.423355,82.686455,40.711677,41.343227,4610,2980,0.083333,52.000000,0.000000,40.000000,1.718756,1.653729
0,-0.000022,0.363636,0.217391,0.429301,0.000000,361.790000,1049.799383,56.145539,81.961468,28.072769,40.980734,3060,10,0.363636,207.000000,0.000000,25.000000,1.123188,1.639229
0,-0.000004,0.363636,0.294118,0.539982,0.000000,429.040000,1077.271605,53.591605,78.720578,26.795802,39.360289,6690,10,0.363636,207.000000,0.000000,25.000000,1.072197,1.574412
0,-0.000001,0.100000,0.052632,1.992463,0.000000,211.000000,1026.426667,70.713448,82.473830,35.356724,41.236915,2840,2480,0.100000,265.000000,0.000000,35.000000,1.464357,1.649477
0,-0.000000,0.500000,0.333333,0.247123,0.034057,199.875000,40.320000,59.666290,42.849083,29.833145,21.424542,600,10,0.500000,292.000000,0.000000,25.000000,1.193494,0.000000
0,-0.000000,0.555556,0.500000,0.028731,0.229481,38.375000,300.000000,76.806322,20.229407,38.403161,10.114704,2150,10,0.555556,292.000000,0.000000,35.000000,1.536147,0.000000
0,-0.000000,0.166667,0.083333,0.060542,0.262639,51.555556,340.320000,54.451270,63.572957,27.225635,31.786478,1560,10,0.166667,352.000000,0.000000,25.000000,1.089077,1.271561
0,0.000007,0.200000,0.142857,0.652187,0.000000,491.444444,1027.888889,77.061710,37.948994,38.530855,18.974497,7010,3130,0.200000,195.000000,0.000000,35.000000,1.541667,0.000000
0,-0.000000,0.666667,0.250000,11.438293,0.000000,311.750000,150.000000,73.639947,39.946280,36.819973,19.973140,3600,1980,0.666667,310.000000,0.000000,35.000000,1.693453,0.000000
0,0.000006,0.625000,0.666667,11.121706,0.000000,905.959184,1000.000000,74.258800,35.072053,37.129400,17.536026,4480,1930,0.666667,60.000000,0.000000,35.000000,1.752019,0.000000
0,-0.000002,0.153846,0.095238,1588.285841,0.000000,80478.062500,140800.000000,68.379506,38.633269,34.189753,19.316635,5870,3440,0.153846,164.000000,0.000000,30.000000,17.041019,0.000000
0,-0.000005,0.444444,0.238095,11.895978,0.000000,616.861111,1000.416667,68.405457,40.296145,34.202728,20.148072,2230,1980,0.500000,310.000000,0.000000,30.000000,1.589104,0.000000
0,-0.000007,0.600000,0.200000,8.382861,0.000000,1072.000000,112.000000,68.005827,37.245478,34.002914,18.622739,2470,1100,0.666667,475.000000,0.000000,30.000000,1.394390,0.000000
0,-0.000000,0.400000,0.214286,38.219808,0.000000,692.625000,2406.666667,74.295289,30.319279,37.147645,15.159640,5890,2260,0.500000,359.000000,0.000000,35.000000,2.893057,0.000000
0,0.000000,0.166667,0.166667,6.705164,0.000000,293.777778,16.000000,77.366118,40.384324,38.683059,20.192162,5650,850,0.166667,20.000000,0.000000,35.000000,1.627956,0.000000
0,-0.000004,0.083333,0.058824,0.687542,0.000000,596.614375,66.122449,89.730228,50.000000,44.865114,25.000000,4490,2780,0.083333,136.000000,0.000000,40.000000,1.795001,0.000000
0,-0.000004,0.083333,0.058824,0.687542,0.000000,596.614375,66.122449,89.730228,50.000000,44.865114,25.000000,7630,4490,0.083333,136.000000,0.000000,40.000000,1.795001,0.000000
0,0.000000,0.400000,0.333333,1.605400,0.000000,586.734375,72.250000,78.606717,43.654682,39.303358,21.827341,4490,3490,0.416667,136.000000,0.000000,35.000000,1.591408,0.000000
0,-0.000000,0.500000,0.428571,2.142523,0.000000,509.827160,45.000000,45.369385,37.797317,22.684693,18.898658,4880,20,0.500000,97.000000,0.000000,20.000000,0.989672,0.000000
0,0.000000,0.250000,0.250000,6.724251,0.000000,318.097778,40.320000,81.231390,42.855773,40.615695,21.427887,5650,4020,0.250000,20.000000,0.000000,40.000000,1.705269,0.000000
0,0.000000,0.363636,0.363636,6.812631,0.000000,393.097778,142.370370,77.509953,41.447265,38.754976,20.723632,5650,2600,0.363636,20.000000,0.000000,35.000000,1.630890,0.000000
0,-0.000004,0.083333,0.058824,0.687542,0.000000,596.614375,66.122449,89.730228,50.000000,44.865114,25.000000,7510,4490,0.083333,136.000000,0.000000,40.000000,1.795001,0.000000
0,-0.000004,0.083333,0.058824,0.687542,0.000000,596.614375,66.122449,89.730228,50.000000,44.865114,25.000000,4490,3620,0.083333,136.000000,0.000000,40.000000,1.795001,0.000000
0,0.000000,0.333333,0.333333,6.708004,0.000000,295.840278,18.062500,81.522933,43.220679,40.761467,21.610340,6010,5650,0.333333,20.000000,0.000000,40.000000,1.711094,0.000000
0,0.000000,0.333333,0.333333,2.726785,0.000000,72.431111,380.000000,81.335978,84.723718,40.667989,42.361859,4970,2980,0.333333,139.000000,0.000000,40.000000,1.716741,1.694474
0,0.000139,0.545455,0.772727,0.035077,0.000000,56.631837,828.000000,53.681379,83.977309,26.840689,41.988655,3420,10,0.923077,294.000000,0.000000,25.000000,1.073650,1.679546
0,0.000000,0.166667,0.166667,0.036643,0.000000,56.320000,952.000000,52.559489,84.383819,26.279744,42.191909,3180,10,0.166667,119.000000,0.000000,25.000000,1.051206,1.687676
0,0.000000,0.166667,0.166667,0.031462,0.000000,48.111111,828.000000,51.045566,83.977309,25.522783,41.988655,5170,10,0.166667,119.000000,0.000000,25.000000,1.020927,1.679546
0,0.000000,0.416667,0.416667,4.414785,0.000000,93.401633,952.000000,81.572549,84.383819,40.786274,42.191909,2980,1560,0.416667,139.000000,0.000000,40.000000,1.749345,1.687676
0,-0.000026,0.043478,0.045455,15.732937,0.000000,12705.687500,2549.185185,77.364509,82.297309,38.682254,41.148655,4470,1780,0.052632,117.000000,0.000000,35.000000,1.558404,1.645946
0,-0.000000,0.571429,0.533333,35.662993,0.000000,35280.222222,1800.000000,77.244116,75.577972,38.622058,37.788986,7520,2000,0.571429,86.000000,0.000000,35.000000,1.568331,1.511559
0,-0.000000,0.166667,0.125000,1.636156,0.000000,33.285714,264.831633,56.134694,84.330611,28.067347,42.165305,7900,20,0.166667,177.000000,0.000000,25.000000,1.204710,1.686612
0,-0.000000,0.166667,0.125000,1.636156,0.000000,33.285714,264.831633,56.134694,84.330611,28.067347,42.165305,3170,20,0.166667,177.000000,0.000000,25.000000,1.204710,1.686612
0,-0.000000,0.166667,0.125000,1.636156,0.000000,33.285714,264.831633,56.134694,84.330611,28.067347,42.165305,4010,20,0.166667,177.000000,0.000000,25.000000,1.204710,1.686612
0,-0.000059,0.071429,0.055556,0.032399,0.000000,124.160000,245.081633,91.013078,85.241732,45.506539,42.620866,3310,10,0.071429,163.000000,0.000000,45.000000,1.820278,1.704835
0,-0.000059,0.071429,0.055556,0.032399,0.000000,124.160000,245.081633,91.013078,85.241732,45.506539,42.620866,8040,10,0.071429,163.000000,0.000000,45.000000,1.820278,1.704835
0,-0.000000,0.166667,0.125000,1.636156,0.000000,33.285714,264.831633,56.134694,84.330611,28.067347,42.165305,8020,20,0.166667,177.000000,0.000000,25.000000,1.204710,1.686612
0,-0.000059,0.071429,0.055556,0.032399,0.000000,124.160000,245.081633,91.013078,85.241732,45.506539,42.620866,4150,10,0.071429,163.000000,0.000000,45.000000,1.820278,1.704835
0,-0.000059,0.071429,0.055556,0.032399,0.000000,124.160000,245.081633,91.013078,85.241732,45.506539,42.620866,8160,10,0.071429,163.000000,0.000000,45.000000,1.820278,1.704835
0,0.000000,0.250000,0.250000,0.075795,0.050394,83.000000,63.000000,78.107223,39.654519,39.053612,19.827259,7340,1210,0.250000,70.000000,0.000000,35.000000,1.562179,0.000000
0,-0.000000,0.833333,0.625000,15.607513,1.470660,12688.000000,1552.479339,48.954214,39.648169,24.477107,19.824084,4410,10,0.833333,190.000000,0.000000,20.000000,0.988696,0.000000
0,-0.000476,0.166667,0.142857,0.056632,0.057887,91.122449,68.750000,54.268982,39.308246,27.134491,19.654123,5550,10,0.166667,42.000000,0.000000,25.000000,1.085404,0.000000
0,0.000000,1.000000,1.000000,0.029547,0.023472,57.400000,26.010000,62.500000,50.000000,31.250000,25.000000,5680,10,1.000000,42.000000,0.000000,30.000000,1.250013,0.000000
0,0.000000,1.000000,1.000000,0.029547,0.023472,57.400000,26.010000,62.500000,50.000000,31.250000,25.000000,9690,10,1.000000,42.000000,0.000000,30.000000,1.250013,0.000000
0,0.000000,0.285714,0.285714,0.280046,0.263669,308.673611,297.562500,70.115048,40.992653,35.057524,20.496326,9050,330,0.285714,10.000000,0.000000,35.000000,1.402428,0.000000
0,0.000000,1.000000,1.000000,0.029547,0.023472,57.400000,26.010000,62.500000,50.000000,31.250000,25.000000,4840,10,1.000000,42.000000,0.000000,30.000000,1.250013,0.000000
0,0.000000,1.000000,1.000000,0.029547,0.023472,57.400000,26.010000,62.500000,50.000000,31.250000,25.000000,9570,10,1.000000,42.000000,0.000000,30.000000,1.250013,0.000000
0,-0.000006,0.055556,0.052632,17.553409,9.025310,1177.829082,8518.750000,79.161905,74.972236,39.580953,37.486118,5880,4020,0.055556,24.000000,0.000000,35.000000,1.719302,1.504228
0,0.000000,0.285714,0.285714,2.888211,0.513589,3191.222222,591.500000,39.277871,38.611309,19.638936,19.305655,10380,10,0.285714,48.000000,0.000000,15.000000,0.786871,0.000000
0,0.000000,0.250000,0.250000,2.959031,0.784867,3202.222222,891.500000,40.208745,70.689785,20.104372,35.344892,10250,10,0.250000,61.000000,0.000000,20.000000,0.805554,1.414141
0,0.000000,0.285714,0.285714,0.049488,0.080080,79.000000,112.000000,40.806620,39.916308,20.403310,19.958154,8120,10,0.285714,48.000000,0.000000,20.000000,0.816152,0.000000
0,0.000000,0.142857,0.142857,50.546533,4.960132,2760.000000,5377.777778,42.860170,36.415452,21.430085,18.207726,7450,60,0.142857,43.000000,0.000000,20.000000,1.322445,0.000000
0,0.000000,0.250000,0.250000,0.050702,0.351358,90.000000,412.000000,42.494797,71.994784,21.247399,35.997392,7990,10,0.250000,61.000000,0.000000,20.000000,0.849916,1.440047
0,0.000000,0.500000,0.500000,0.026823,0.271278,43.000000,300.000000,14.384088,32.078476,7.192044,16.039238,140,10,0.500000,48.000000,0.000000,5.000000,0.287695,0.000000
0,0.000000,0.076923,0.076923,4.467847,3.659928,404.861808,4536.000000,84.325124,86.266289,42.162562,43.133145,7310,3760,0.076923,55.000000,0.000000,40.000000,1.732522,1.726802
0,-0.000011,0.166667,0.142857,0.332143,3.564778,383.062500,4401.000000,72.796388,73.284132,36.398194,36.642066,7480,1540,0.166667,38.000000,0.000000,35.000000,1.456074,1.467127
0,-0.000000,0.250000,0.230769,2.610027,3.766435,732.062500,4653.562500,77.452696,77.346440,38.726348,38.673220,8580,6760,0.250000,110.000000,0.000000,35.000000,1.554714,1.548453
0,0.000000,0.076923,0.076923,4.467847,3.659928,404.861808,4536.000000,84.325124,86.266289,42.162562,43.133145,7310,2350,0.076923,55.000000,0.000000,40.000000,1.732522,1.726802
0,0.000000,0.076923,0.076923,4.467847,3.659928,404.861808,4536.000000,84.325124,86.266289,42.162562,43.133145,8370,7310,0.076923,55.000000,0.000000,40.000000,1.732522,1.726802
0,-0.000000,0.444444,0.214286,2.905676,0.057657,3193.597222,64.000000,46.289197,40.185400,23.144598,20.092700,10360,10,0.444444,111.000000,0.000000,20.000000,0.927113,0.000000
0,-0.000000,0.142857,0.181818,1.250227,0.147255,960.000000,200.000000,68.706872,38.832939,34.353436,19.416470,7010,4750,0.300000,446.000000,0.000000,30.000000,1.374952,0.000000
0,0.000000,0.294118,0.500000,52.139174,0.457310,4530.062500,500.000000,75.828908,33.242434,37.914454,16.621217,10430,7450,0.500000,104.000000,0.000000,35.000000,1.982536,0.000000
0,-0.000000,1.000000,0.875000,0.349264,0.122537,436.250000,165.761905,62.500000,47.901190,31.250000,23.950595,1910,10,1.000000,141.000000,0.000000,30.000000,1.250145,0.000000
0,-0.000000,0.142857,0.125000,1.608284,0.516104,1697.000000,660.083333,53.173671,41.008557,26.586835,20.504278,6150,10,0.142857,141.000000,0.000000,25.000000,1.064243,0.000000
0,-0.000000,1.000000,0.875000,0.349264,0.122537,436.250000,165.761905,62.500000,47.901190,31.250000,23.950595,7930,10,1.000000,141.000000,0.000000,30.000000,1.250145,0.000000
0,-0.000000,1.000000,0.875000,0.349264,0.122537,436.250000,165.761905,62.500000,47.901190,31.250000,23.950595,3320,10,1.000000,141.000000,0.000000,30.000000,1.250145,0.000000
0,-0.000041,0.153846,0.125000,0.307532,0.000000,338.203125,160.000000,90.958524,40.546539,45.479262,20.273270,9890,9050,0.153846,125.000000,0.000000,45.000000,1.819310,0.000000
0,0.000000,0.692308,1.000000,29.963787,0.000000,1180.938776,0.000000,94.472341,0.000000,47.236170,0.000000,4860,10,1.000000,640.000000,0.000000,45.000000,2.805598,0.000000
0,-0.000000,0.444444,0.100000,17.542669,0.000000,1159.315193,1282.909091,86.309653,37.470007,43.154827,18.735003,10020,4020,0.473684,124.000000,0.000000,40.000000,1.862255,0.000000
0,0.000000,1.000000,0.909091,0.023680,0.000000,46.010000,34.560000,71.975931,38.850468,35.987966,19.425234,5220,10,1.000000,119.000000,0.000000,35.000000,1.439529,0.000000
0,-0.000000,0.800000,0.100000,37.473303,0.000000,2739.925926,58.080000,86.396794,40.653155,43.198397,20.326577,5680,1540,0.866667,558.000000,0.000000,40.000000,1.989411,0.000000
0,-0.000000,0.800000,0.100000,37.473303,0.000000,2739.925926,58.080000,86.396794,40.653155,43.198397,20.326577,1540,830,0.866667,558.000000,0.000000,40.000000,1.989411,0.000000
0,0.000000,0.727273,1.000000,17.614803,0.000000,616.583333,0.000000,91.828255,0.000000,45.914127,0.000000,4020,10,1.000000,724.000000,0.000000,45.000000,2.727041,0.000000
0,-0.000041,0.153846,0.125000,0.307532,0.000000,338.203125,160.000000,90.958524,40.546539,45.479262,20.273270,10010,9050,0.153846,125.000000,0.000000,45.000000,1.819310,0.000000
0,0.000000,1.000000,0.909091,0.023680,0.000000,46.010000,34.560000,71.975931,38.850468,35.987966,19.425234,6060,10,1.000000,119.000000,0.000000,35.000000,1.439529,0.000000
0,-0.000041,0.153846,0.125000,0.307532,0.000000,338.203125,160.000000,90.958524,40.546539,45.479262,20.273270,9050,5160,0.153846,125.000000,0.000000,45.000000,1.819310,0.000000
0,0.000000,1.000000,0.909091,0.023680,0.000000,46.010000,34.560000,71.975931,38.850468,35.987966,19.425234,9950,10,1.000000,119.000000,0.000000,35.000000,1.439529,0.000000
0,-0.000000,0.800000,0.100000,37.473303,0.000000,2739.925926,58.080000,86.396794,40.653155,43.198397,20.326577,5560,1540,0.866667,558.000000,0.000000,40.000000,1.989411,0.000000
0,-0.000000,0.800000,0.100000,37.473303,0.000000,2739.925926,58.080000,86.396794,40.653155,43.198397,20.326577,1670,1540,0.866667,558.000000,0.000000,40.000000,1.989411,0.000000
0,-0.000000,0.444444,0.100000,17.542669,0.000000,1159.315193,1282.909091,86.309653,37.470007,43.154827,18.735003,9900,4020,0.473684,124.000000,0.000000,40.000000,1.862255,0.000000
0,0.000000,1.000000,0.909091,0.023680,0.000000,46.010000,34.560000,71.975931,38.850468,35.987966,19.425234,10070,10,1.000000,119.000000,0.000000,35.000000,1.439529,0.000000
0,-0.000000,0.444444,0.100000,17.542669,0.000000,1159.315193,1282.909091,86.309653,37.470007,43.154827,18.735003,6010,4020,0.473684,124.000000,0.000000,40.000000,1.862255,0.000000
0,0.000000,0.727273,1.000000,17.614803,0.000000,616.583333,0.000000,91.828255,0.000000,45.914127,0.000000,3900,10,1.000000,724.000000,0.000000,45.000000,2.727041,0.000000
0,0.000000,0.692308,1.000000,29.963787,0.000000,1180.938776,0.000000,94.472341,0.000000,47.236170,0.000000,850,10,1.000000,640.000000,0.000000,45.000000,2.805598,0.000000
0,-0.000041,0.153846,0.125000,0.307532,0.000000,338.203125,160.000000,90.958524,40.546539,45.479262,20.273270,9050,6000,0.153846,125.000000,0.000000,45.000000,1.819310,0.000000
0,-0.000000,0.444444,0.100000,17.542669,0.000000,1159.315193,1282.909091,86.309653,37.470007,43.154827,18.735003,5170,4020,0.473684,124.000000,0.000000,40.000000,1.862255,0.000000
0,0.000000,0.692308,1.000000,29.963787,0.000000,1180.938776,0.000000,94.472341,0.000000,47.236170,0.000000,4740,10,1.000000,640.000000,0.000000,45.000000,2.805598,0.000000
0,0.000000,0.666667,1.000000,4.908979,0.000000,1758.440000,0.000000,74.809054,0.000000,37.404527,0.000000,3350,3230,1.000000,791.000000,0.000000,35.000000,1.516042,0.000000
0,-0.000004,0.857143,0.666667,11.034610,0.403484,172.160000,431.444444,94.444444,64.291142,47.222222,32.145571,6580,10,0.857143,317.000000,0.000000,45.000000,2.649905,1.286015
0,-0.000004,0.857143,0.666667,11.034610,0.403484,172.160000,431.444444,94.444444,64.291142,47.222222,32.145571,610,10,0.857143,317.000000,0.000000,45.000000,2.649905,1.286015
0,-0.000003,0.500000,0.428571,0.161455,0.315801,208.000000,311.111111,51.711709,56.538434,25.855854,28.269217,2020,10,0.500000,116.000000,0.000000,25.000000,1.034302,1.130929
0,-0.000004,0.857143,0.666667,11.034610,0.403484,172.160000,431.444444,94.444444,64.291142,47.222222,32.145571,4590,10,0.857143,317.000000,0.000000,45.000000,2.649905,1.286015
0,-0.000003,0.214286,0.142857,0.035320,0.349547,124.560000,358.080000,84.179079,59.835785,42.089539,29.917893,4020,10,0.214286,317.000000,0.000000,40.000000,1.683601,1.196888
0,-0.000002,0.066667,0.062500,16.657590,0.000000,666.949405,1095.632449,83.300012,78.497022,41.650006,39.248511,8270,4720,0.066667,29.000000,0.000000,40.000000,1.938795,1.569940
0,-0.000003,0.076923,0.062500,4.571926,0.000000,499.361808,892.423469,84.984894,80.665157,42.492447,40.332579,9130,3760,0.076923,125.000000,0.000000,40.000000,1.745772,1.613303
0,-0.000003,0.076923,0.062500,4.571926,0.000000,499.361808,892.423469,84.984894,80.665157,42.492447,40.332579,9130,2350,0.076923,125.000000,0.000000,40.000000,1.745772,1.613303
0,-0.000003,0.076923,0.062500,4.571926,0.000000,499.361808,892.423469,84.984894,80.665157,42.492447,40.332579,9130,8370,0.076923,125.000000,0.000000,40.000000,1.745772,1.613303
0,-0.000002,0.066667,0.062500,16.657590,0.000000,666.949405,1095.632449,83.300012,78.497022,41.650006,39.248511,8270,3310,0.066667,29.000000,0.000000,40.000000,1.938795,1.569940
0,-0.000002,0.066667,0.062500,16.657590,0.000000,666.949405,1095.632449,83.300012,78.497022,41.650006,39.248511,9330,8270,0.066667,29.000000,0.000000,40.000000,1.938795,1.569940
0,0.000117,0.181818,0.222222,38.108809,0.000000,34688.000000,1568.320000,73.466816,72.950553,36.733408,36.475277,3760,1560,0.222222,165.000000,0.000000,35.000000,1.490278,1.459011
0,0.000000,0.062500,0.062500,1.604824,0.328146,117.590204,499.080000,80.829764,78.712399,40.414882,39.356200,7230,6600,0.062500,19.000000,0.000000,40.000000,1.637112,1.574356
0,-0.000256,0.166667,0.153846,1.583395,0.301968,83.510204,458.632653,79.060141,76.982091,39.530070,38.491046,6600,1310,0.166667,19.000000,0.000000,35.000000,1.601713,1.539742
0,0.000000,0.275000,0.275000,26.523447,0.699848,2338.122449,936.872449,87.364811,94.111955,43.682406,47.055977,9780,1560,0.275000,14.000000,0.000000,40.000000,1.962927,1.882502
0,-0.000011,0.030303,0.029412,28.079641,0.290685,3775.090000,360.687500,74.389153,79.897373,37.194577,39.948686,5500,1560,0.030303,14.000000,0.000000,35.000000,1.704226,1.598065
0,0.000000,0.275000,0.275000,26.523447,0.699848,2338.122449,936.872449,87.364811,94.111955,43.682406,47.055977,5170,1560,0.275000,14.000000,0.000000,40.000000,1.962927,1.882502
0,-0.000001,0.285714,0.222222,0.821578,0.309105,1044.083333,373.750000,79.568431,82.256615,39.784215,41.128307,7560,7450,0.285714,58.000000,0.000000,35.000000,1.591692,1.645260
0,0.000335,0.411765,0.444444,26.314270,0.321263,2024.530000,397.346939,75.340934,82.291500,37.670467,41.145750,8720,1560,0.444444,14.000000,0.000000,35.000000,1.722381,1.645960
0,0.000000,0.500000,0.500000,0.599646,0.161033,767.024221,189.000000,40.818119,77.824081,20.409060,38.912040,7410,10,0.500000,73.000000,0.000000,20.000000,0.816605,1.556550
0,0.000000,0.388889,0.388889,26.016608,0.203480,1653.250000,252.000000,79.498683,85.483449,39.749341,42.741725,10540,1560,0.388889,14.000000,0.000000,35.000000,1.805417,1.709752
0,-0.000003,0.416667,0.388889,4.068266,0.203480,2210.000000,252.000000,79.489394,85.483449,39.744697,42.741725,8580,6040,0.416667,210.000000,0.000000,35.000000,1.596166,1.709752
0,-0.000013,0.291667,0.275000,27.020380,0.699848,6640.109375,936.872449,87.393072,94.111955,43.696536,47.055977,4800,560,0.567568,334.000000,0.000000,40.000000,1.882560,1.882502
0,0.000000,0.500000,0.500000,25.973265,0.161033,1590.250000,189.000000,69.327591,77.824081,34.663795,38.912040,1560,600,0.500000,14.000000,0.000000,30.000000,1.601980,1.556550
0,0.000000,0.714286,0.714286,25.988482,0.246614,1608.250000,283.500000,79.966554,80.145005,39.983277,40.072502,2780,1560,0.714286,14.000000,0.000000,35.000000,1.814766,1.603007
0,-0.000015,0.033333,0.029412,5.071848,0.290685,1952.984221,360.687500,78.254046,79.897373,39.127023,39.948686,7500,5000,0.033333,64.000000,0.000000,35.000000,1.573606,1.598065
0,-0.000013,0.291667,0.275000,27.020380,0.699848,6640.109375,936.872449,87.393072,94.111955,43.696536,47.055977,6580,4800,0.567568,334.000000,0.000000,40.000000,1.882560,1.882502
0,-0.000013,0.291667,0.275000,27.020380,0.699848,6640.109375,936.872449,87.393072,94.111955,43.696536,47.055977,4800,1970,0.567568,334.000000,0.000000,40.000000,1.882560,1.882502
0,0.000040,0.333333,0.714286,0.807354,0.246614,913.789062,283.500000,73.538562,80.145005,36.769281,40.072502,6760,1540,0.714286,138.000000,0.000000,35.000000,1.471129,1.603007
0,0.000323,0.100000,0.444444,3.449839,0.321263,212.555556,397.346939,71.985322,82.291500,35.992661,41.145750,3050,2330,0.500000,581.000000,0.000000,35.000000,1.575556,1.645960
0,0.000000,0.222222,0.222222,26.124461,0.309105,1775.000000,373.750000,75.645704,82.256615,37.822852,41.128307,7890,1560,0.222222,14.000000,0.000000,35.000000,1.728404,1.645260
0,0.000000,0.275000,0.275000,26.523447,0.699848,2338.122449,936.872449,87.364811,94.111955,43.682406,47.055977,3760,1560,0.275000,14.000000,0.000000,40.000000,1.962927,1.882502
0,0.000000,0.029412,0.029412,1.744553,0.000000,2599.140496,969.861054,78.574387,83.852506,39.287194,41.926253,5550,10,0.029412,15.000000,0.000000,35.000000,1.572320,1.677050
0,-0.000012,1.000000,0.153846,0.894967,0.000000,883.015625,216.320153,58.794326,81.639322,29.397163,40.819661,4070,10,1.000000,163.000000,0.000000,25.000000,1.176351,1.632786
0,-0.000094,0.125000,0.105263,15.208730,19.029233,16610.080000,693.142857,75.142915,56.025182,37.571458,28.012591,4870,3570,0.125000,95.000000,0.000000,35.000000,1.509822,1.482615
0,0.000001,0.400000,1.000000,3.747189,2.125081,519.081633,2800.000000,87.345165,48.195535,43.672583,24.097767,2160,10,1.000000,335.000000,0.000000,40.000000,1.763656,0.000000
0,0.000001,0.400000,1.000000,3.747189,2.125081,519.081633,2800.000000,87.345165,48.195535,43.672583,24.097767,6770,10,1.000000,335.000000,0.000000,40.000000,1.763656,0.000000
0,0.000001,0.400000,1.000000,3.747189,2.125081,519.081633,2800.000000,87.345165,48.195535,43.672583,24.097767,750,10,1.000000,335.000000,0.000000,40.000000,1.763656,0.000000
0,0.000000,0.625000,1.000000,5.874811,0.000000,116.000000,0.000000,90.000000,0.000000,45.000000,0.000000,5980,10,1.000000,463.000000,0.000000,45.000000,1.979757,0.000000
0,0.000000,0.833333,0.857143,0.032145,0.336425,51.555556,500.000000,62.500000,35.078328,31.250000,17.539164,8590,10,0.857143,202.000000,0.000000,30.000000,1.250015,0.000000
0,0.000000,0.833333,0.857143,0.032145,0.336425,51.555556,500.000000,62.500000,35.078328,31.250000,17.539164,6600,10,0.857143,202.000000,0.000000,30.000000,1.250015,0.000000
0,0.000000,0.500000,1.000000,2.447427,0.000000,257.000000,0.000000,73.196232,0.000000,36.598116,0.000000,3300,1310,1.000000,731.000000,0.000000,35.000000,1.491832,0.000000
0,0.000000,0.833333,0.857143,0.032145,0.336425,51.555556,500.000000,62.500000,35.078328,31.250000,17.539164,2620,10,0.857143,202.000000,0.000000,30.000000,1.250015,0.000000
0,0.000000,0.625000,1.000000,5.874811,0.000000,116.000000,0.000000,90.000000,0.000000,45.000000,0.000000,3990,10,1.000000,463.000000,0.000000,45.000000,1.979757,0.000000
0,0.000000,0.047619,0.047619,10.230237,0.000000,823.594565,1703.862847,84.095088,88.963120,42.047544,44.481560,9410,5860,0.047619,14.000000,0.000000,40.000000,1.769741,1.779262
0,0.000000,0.055556,0.055556,10.102748,0.000000,664.766440,1589.784722,87.064973,87.870567,43.532486,43.935284,11230,5860,0.055556,14.000000,0.000000,40.000000,1.829089,1.757411
0,0.000000,0.055556,0.055556,10.102748,0.000000,664.766440,1589.784722,87.064973,87.870567,43.532486,43.935284,11230,4450,0.055556,14.000000,0.000000,40.000000,1.829089,1.757411
0,0.000000,0.055556,0.055556,10.102748,0.000000,664.766440,1589.784722,87.064973,87.870567,43.532486,43.935284,11230,10470,0.055556,14.000000,0.000000,40.000000,1.829089,1.757411
0,0.000000,0.047619,0.047619,10.230237,0.000000,823.594565,1703.862847,84.095088,88.963120,42.047544,44.481560,9410,4450,0.047619,14.000000,0.000000,40.000000,1.769741,1.779262
0,0.000000,0.047619,0.047619,10.230237,0.000000,823.594565,1703.862847,84.095088,88.963120,42.047544,44.481560,10470,9410,0.047619,14.000000,0.000000,40.000000,1.769741,1.779262
0,-0.000000,0.285714,0.181818,0.560865,0.115623,704.760000,150.222222,74.300438,38.053828,37.150219,19.026914,8280,7450,0.285714,137.000000,0.000000,35.000000,1.486232,0.000000
0,-0.000001,0.142857,0.100000,16.574047,0.093479,546.187500,112.000000,74.481972,39.644667,37.240986,19.822333,8270,2330,0.142857,138.000000,0.000000,35.000000,1.762406,0.000000
0,-0.000120,0.200000,0.210526,16.713208,0.091507,731.587500,134.750000,74.531523,39.133322,37.265761,19.566661,10090,8270,0.222222,138.000000,0.000000,35.000000,1.763449,0.000000
0,-0.000000,0.444444,0.476190,0.249547,0.742848,1091.506887,965.067602,79.462541,39.316684,39.731270,19.658342,8770,10,0.500000,88.000000,0.000000,35.000000,1.589348,0.000000
0,-0.000063,0.250000,0.142857,16.557603,0.334653,528.187500,384.000000,47.533370,30.619137,23.766685,15.309568,8270,150,0.250000,138.000000,0.000000,20.000000,1.223426,0.000000
0,-0.000000,0.222222,0.230769,0.266009,0.000000,317.562500,134.750000,62.955959,39.329694,31.477980,19.664847,9110,10,0.250000,239.000000,0.000000,30.000000,1.259238,0.000000
0,0.000000,0.153846,0.153846,7.836059,0.000000,142.929528,125.296875,73.438511,36.574315,36.719255,18.287158,7480,2190,0.153846,21.000000,0.000000,35.000000,1.712958,0.000000
0,-0.000000,0.111111,0.076923,0.058401,0.000000,88.750000,76.222222,61.016677,37.561368,30.508338,18.780684,5930,10,0.111111,239.000000,0.000000,30.000000,1.220358,0.000000
0,0.000000,0.100000,0.100000,1.574928,1.346212,1818.888889,1600.000000,73.719554,75.164796,36.859777,37.582398,5490,1350,0.100000,33.000000,0.000000,35.000000,1.475079,1.503863
0,0.000040,0.500000,0.238095,0.000000,0.919209,36.000000,1088.000000,47.274136,39.338497,23.637068,19.669248,510,10,0.666667,543.000000,0.000000,20.000000,0.945483,0.000000
0,-0.000195,0.222222,0.090909,0.391353,0.110689,474.638889,150.222222,73.320618,38.966533,36.660309,19.483266,7640,4010,0.222222,143.000000,0.000000,35.000000,1.466574,0.000000
0,-0.000093,0.133333,0.047619,6.044352,0.094184,391.830357,144.444444,72.040533,46.603993,36.020267,23.301997,4370,1410,0.133333,107.000000,0.000000,35.000000,1.532749,0.000000
0,-0.000093,0.095238,0.047619,1.897286,0.094184,2021.109799,144.444444,75.807981,46.603993,37.903990,23.301997,5520,4280,0.133333,116.000000,0.000000,35.000000,1.517053,0.000000
0,0.000000,0.045455,0.045455,3.750540,0.000000,981.701531,1278.677863,84.346438,85.103560,42.173219,42.551780,6000,460,0.045455,74.000000,0.000000,40.000000,1.758409,1.702071
0,0.000000,0.045455,0.045455,3.750540,0.000000,981.701531,1278.677863,84.346438,85.103560,42.173219,42.551780,1800,460,0.045455,74.000000,0.000000,40.000000,1.758409,1.702071
0,0.005333,0.400000,0.666667,1.081509,0.000000,1232.000000,726.000000,72.477492,33.337008,36.238746,16.668504,5710,840,0.666667,37.000000,0.000000,35.000000,1.450025,0.000000
0,-0.000035,0.166667,0.142857,1.879966,0.000000,2383.388889,763.888889,72.650918,36.908880,36.325459,18.454440,6990,5490,0.166667,59.000000,0.000000,35.000000,1.453786,0.000000
0,0.000030,0.062500,0.052632,1.157210,0.000000,1288.760000,144.444444,87.212186,48.306207,43.606093,24.153103,5100,1640,0.062500,98.000000,0.000000,40.000000,1.744765,0.000000
0,0.000000,0.083333,0.083333,1.958074,0.000000,784.055556,1489.888889,67.264664,70.245888,33.632332,35.122944,7480,1110,0.083333,10.000000,0.000000,30.000000,1.400589,1.404918
0,0.000000,0.142857,0.142857,1.519181,0.000000,81.416667,787.250000,72.508789,74.764398,36.254394,37.382199,4520,1110,0.142857,10.000000,0.000000,35.000000,1.505335,1.495288
0,-0.000000,0.100000,0.285714,0.609521,0.000000,649.000000,61.250000,73.960764,41.427390,36.980382,20.713695,3010,1550,0.333333,307.000000,0.000000,35.000000,1.479511,0.000000
0,0.000030,0.062500,0.052632,1.157210,0.000000,1288.760000,144.444444,87.212186,48.306207,43.606093,24.153103,5840,5100,0.062500,98.000000,0.000000,40.000000,1.744765,0.000000
0,0.000000,0.275000,0.517857,0.566888,0.000000,1546.046003,5021.487603,91.962126,90.802061,45.981063,45.401030,5220,10,0.517857,164.000000,0.000000,45.000000,1.839450,1.816041
0,0.000000,0.052632,0.052632,9.032790,0.000000,711.840909,5034.750000,85.348963,89.829650,42.674482,44.914825,11530,6160,0.052632,70.000000,0.000000,40.000000,1.776294,1.796593
0,0.000000,0.275000,0.517857,0.566888,0.000000,1546.046003,5021.487603,91.962126,90.802061,45.981063,45.401030,3810,10,0.517857,164.000000,0.000000,45.000000,1.839450,1.816041
0,0.000000,0.750000,0.769231,8.254617,0.000000,933.173554,14457.487603,79.127434,90.244972,39.563717,45.122486,1610,10,0.769231,164.000000,0.000000,35.000000,1.792853,1.804899
0,0.000000,0.750000,0.769231,8.254617,0.000000,933.173554,14457.487603,79.127434,90.244972,39.563717,45.122486,8050,10,0.769231,164.000000,0.000000,35.000000,1.792853,1.804899
0,-0.000029,0.100000,0.050000,0.714480,0.000000,937.504000,179.677603,50.694003,75.444462,25.347002,37.722231,600,10,0.100000,105.000000,0.000000,25.000000,1.014158,1.508889
0,0.000000,0.052632,0.052632,9.032790,0.000000,711.840909,5034.750000,85.348963,89.829650,42.674482,44.914825,11530,4750,0.052632,70.000000,0.000000,40.000000,1.776294,1.796593
0,0.000000,0.052632,0.052632,9.032790,0.000000,711.840909,5034.750000,85.348963,89.829650,42.674482,44.914825,11530,10770,0.052632,70.000000,0.000000,40.000000,1.776294,1.796593
0,0.000000,0.275000,0.517857,0.566888,0.000000,1546.046003,5021.487603,91.962126,90.802061,45.981063,45.401030,9830,10,0.517857,164.000000,0.000000,45.000000,1.839450,1.816041
0,-0.000081,0.111111,0.150000,0.232610,0.106195,230.125000,142.370370,43.948360,40.077007,21.974180,20.038504,1870,10,0.333333,340.000000,0.000000,20.000000,0.879095,0.000000
0,-0.000007,0.333333,0.285714,1.633503,0.183775,683.360000,252.000000,78.420255,35.481846,39.210127,17.740923,10150,4640,0.333333,63.000000,0.000000,35.000000,1.584248,0.000000
0,-0.000000,0.153846,0.133333,1.133874,31.747821,1412.611111,768.000000,76.384478,35.759818,38.192239,17.879909,7340,4580,0.153846,69.000000,0.000000,35.000000,1.528160,0.000000
0,0.000189,0.666667,0.650000,1.664798,0.108547,56.000000,162.413223,42.353280,37.909311,21.176640,18.954655,3880,20,0.777778,525.000000,0.000000,20.000000,0.929099,0.000000
0,-0.000050,0.100000,0.071429,1.431207,0.067803,1482.222222,92.160000,74.760049,36.976002,37.380025,18.488001,8210,3820,0.100000,145.000000,0.000000,35.000000,1.495894,0.000000
0,-0.000000,0.076923,0.066667,0.280889,31.856368,477.333333,930.413223,76.757825,73.669128,38.378912,36.834564,8440,7340,0.076923,69.000000,0.000000,35.000000,1.535240,2.129619
0,0.000000,0.230769,0.230769,0.000000,0.000000,72.070326,162.413223,42.612671,38.297790,21.306336,19.148895,8910,10,0.230769,27.000000,0.000000,20.000000,0.852253,0.000000
0,0.000000,0.153846,0.153846,0.000000,0.000000,142.929528,125.296875,47.074556,40.417772,23.537278,20.208886,8280,10,0.153846,27.000000,0.000000,20.000000,0.941491,0.000000
0,0.000000,0.230769,0.230769,0.000000,0.000000,152.382653,134.750000,47.819312,40.793729,23.909656,20.396865,12090,10,0.230769,27.000000,0.000000,20.000000,0.956386,0.000000
0,0.000002,0.500000,0.375000,0.021011,0.953566,798.173554,1268.000000,74.065123,54.926765,37.032562,27.463383,650,10,0.500000,212.000000,0.000000,35.000000,1.481311,1.098895
0,-0.000002,0.222222,0.133333,0.171024,0.326459,982.923554,476.000000,79.631986,56.683655,39.815993,28.341828,7940,10,0.222222,212.000000,0.000000,35.000000,1.592709,1.133785
0,0.000000,0.250000,0.250000,6.634649,1.118032,161.750000,1852.000000,55.043670,70.315952,27.521835,35.157976,12350,7420,0.250000,36.000000,0.000000,25.000000,1.916032,1.406658
0,-0.000295,0.388889,0.350000,0.064015,1.104641,861.173554,1752.000000,83.264637,57.306735,41.632319,28.653368,10590,10,0.388889,212.000000,0.000000,40.000000,1.665316,1.146483
0,0.000024,0.125000,0.500000,11.719498,0.414100,991.004000,700.000000,77.485912,51.428960,38.742956,25.714480,6090,440,0.500000,169.000000,0.000000,35.000000,1.636764,1.028703
0,0.000000,0.714286,0.636364,0.036108,0.852814,816.173554,1300.000000,83.676876,54.567578,41.838438,27.283789,2830,10,0.714286,212.000000,0.000000,40.000000,1.673552,1.091631
0,-0.000000,0.166667,0.090909,0.432346,1.556746,477.562500,2452.000000,73.225402,73.454570,36.612701,36.727285,9300,1540,0.166667,341.000000,0.000000,35.000000,1.464705,1.469586
0,-0.000000,0.052632,0.052632,0.000000,0.026229,171.221304,52.000000,77.171646,90.561896,38.585823,45.280948,6730,10,0.105263,119.000000,0.000000,35.000000,1.543433,1.811245
0,0.000003,0.133333,0.133333,6.044352,0.501496,288.687500,828.750000,73.697152,89.668601,36.848576,44.834300,10650,1410,0.333333,231.000000,0.000000,35.000000,1.565882,1.793524
0,-0.000000,0.052632,0.052632,0.000000,0.026229,171.221304,52.000000,77.171646,90.561896,38.585823,45.280948,2530,10,0.105263,119.000000,0.000000,35.000000,1.543433,1.811245
0,-0.000192,0.083333,0.071429,1.584766,0.022709,164.611111,32.571429,78.399704,92.538074,39.199852,46.269037,2520,1110,0.142857,120.000000,0.000000,35.000000,1.623177,1.850770
0,-0.000192,0.083333,0.071429,1.584766,0.022709,164.611111,32.571429,78.399704,92.538074,39.199852,46.269037,6720,1110,0.142857,120.000000,0.000000,35.000000,1.623177,1.850770
0,0.000003,0.153846,0.133333,17.782264,0.501496,1424.766582,828.750000,77.271991,89.668601,38.635996,44.834300,9060,4020,0.466667,390.000000,0.000000,35.000000,1.681610,1.793524
0,0.000000,0.444444,0.714286,0.000000,0.000000,182.070000,1280.333333,84.795637,83.016620,42.397818,41.508310,3440,10,0.714286,599.000000,0.000000,40.000000,1.695913,1.660332
0,0.000000,0.052632,0.222222,7.872167,0.240066,197.924974,424.333333,72.481649,76.858090,36.240825,38.429045,8110,7480,0.222222,293.000000,0.000000,35.000000,1.693832,1.537231
0,-0.000000,0.052632,0.062500,0.224728,0.531925,189.187673,960.750000,75.181485,76.937050,37.590743,38.468525,12030,8850,0.066667,219.000000,0.000000,35.000000,1.503837,1.538889
0,-0.000001,0.166667,0.125000,0.109304,0.266908,187.413223,360.000000,42.352953,73.729460,21.176477,36.864730,9090,10,0.166667,195.000000,0.000000,20.000000,0.847096,1.474689
0,-0.000002,0.444444,0.400000,5.667604,0.199009,4361.960000,361.000000,88.540986,50.000000,44.270493,25.000000,8820,4990,0.444444,53.000000,0.000000,40.000000,1.795425,0.000000
0,-0.000002,0.444444,0.400000,5.667604,0.199009,4361.960000,361.000000,88.540986,50.000000,44.270493,25.000000,7070,4990,0.444444,53.000000,0.000000,40.000000,1.795425,0.000000
0,0.000006,0.900000,0.769231,1.306094,3.842183,1812.000000,6656.000000,61.197052,50.000000,30.598526,25.000000,10420,10,0.933333,364.000000,0.000000,30.000000,1.224417,0.000000
0,-0.000120,0.187500,0.130435,12.678435,0.014434,217.030000,28.704142,72.618755,50.000000,36.309378,25.000000,1520,1020,0.187500,263.000000,0.000000,35.000000,1.954520,0.000000
0,0.000000,0.066667,0.066667,0.502988,0.015066,226.276042,24.609375,74.551214,35.813005,37.275607,17.906502,6770,3550,0.066667,10.000000,0.000000,35.000000,1.493698,0.000000
0,-0.000120,0.250000,0.130435,1.073541,0.014434,141.660000,28.704142,74.338013,50.000000,37.169007,25.000000,11170,810,0.250000,284.000000,0.000000,35.000000,1.504349,0.000000
0,0.000006,0.900000,0.769231,1.306094,3.842183,1812.000000,6656.000000,61.197052,50.000000,30.598526,25.000000,5810,10,0.933333,364.000000,0.000000,30.000000,1.224417,0.000000
0,0.000006,0.900000,0.769231,1.306094,3.842183,1812.000000,6656.000000,61.197052,50.000000,30.598526,25.000000,4400,10,0.933333,364.000000,0.000000,30.000000,1.224417,0.000000
0,0.000001,0.437500,0.437500,0.500713,3.890647,838.972222,483.750000,81.293777,73.253764,40.646888,36.626882,12870,10,0.437500,222.000000,0.000000,40.000000,1.626029,1.504222
0,-0.000000,0.166667,0.125000,0.082006,0.254729,159.750000,516.000000,45.556053,79.660955,22.778027,39.830478,12270,10,0.166667,282.000000,0.000000,20.000000,0.911146,1.593292
0,-0.000006,0.142857,0.041667,0.000000,0.000000,1053.000000,831.882500,60.551763,77.409833,30.275882,38.704916,5650,10,0.200000,533.000000,0.000000,30.000000,1.211035,1.548197
0,0.000000,0.333333,0.384615,1.103908,1.742198,100.946746,2916.000000,78.841651,40.879780,39.420825,20.439890,10150,8500,0.444444,383.000000,0.000000,35.000000,1.592436,0.000000
0,-0.000000,0.333333,0.714286,0.041674,0.079829,69.000000,135.000000,50.186144,40.066489,25.093072,20.033244,5730,10,0.769231,660.000000,0.000000,25.000000,1.003740,0.000000
0,0.000000,0.166667,0.307692,1.155985,1.822027,161.296875,3051.000000,79.324553,80.946269,39.662276,40.473135,10150,2780,0.333333,383.000000,0.000000,35.000000,1.602116,1.619469
0,0.000050,0.181818,0.157895,33.773784,0.018333,1763.250000,36.053333,77.977450,50.000000,38.988725,25.000000,9730,8000,0.222222,517.000000,0.000000,35.000000,1.921535,0.000000
0,-0.000094,0.833333,0.789474,3.368526,1.336283,707.251607,2242.333333,89.435116,40.793676,44.717558,20.396838,11400,6460,0.833333,27.000000,0.000000,40.000000,1.801633,0.000000
0,0.000050,0.133333,0.157895,21.775706,0.018333,14494.840000,36.053333,86.754392,50.000000,43.377196,25.000000,9650,1520,0.222222,352.000000,0.000000,40.000000,2.240130,0.000000
0,-0.000024,0.111111,0.058824,1.731371,0.022058,2616.609375,35.654321,83.783500,39.842767,41.891750,19.921383,6770,5740,0.111111,99.000000,0.000000,40.000000,1.678655,0.000000
0,0.000000,0.700000,1.000000,1.021692,0.000000,1141.913462,0.000000,62.406579,0.000000,31.203289,0.000000,6450,10,1.000000,672.000000,0.000000,30.000000,1.248601,0.000000
0,-0.000024,0.111111,0.058824,1.731371,0.022058,2616.609375,35.654321,83.783500,39.842767,41.891750,19.921383,12180,6770,0.111111,99.000000,0.000000,40.000000,1.678655,0.000000
0,0.000050,0.200000,0.157895,0.048898,0.018333,93.375000,36.053333,62.066680,50.000000,31.033340,25.000000,8180,10,0.222222,672.000000,0.000000,30.000000,1.241353,0.000000
0,-0.000094,0.833333,0.789474,3.368526,1.336283,707.251607,2242.333333,89.435116,40.793676,44.717558,20.396838,12900,11400,0.833333,27.000000,0.000000,40.000000,1.801633,0.000000
0,0.000050,0.133333,0.157895,21.775706,0.018333,14494.840000,36.053333,86.754392,50.000000,43.377196,25.000000,3210,1520,0.222222,352.000000,0.000000,40.000000,2.240130,0.000000
0,-0.002143,0.857143,0.750000,1.916111,0.000000,754.960000,3061.250000,74.585346,69.225489,37.292673,34.612744,9970,7060,0.857143,149.000000,0.000000,35.000000,1.496560,1.384510
0,-0.000000,1.000000,0.538462,3.062577,0.000000,136.091429,5925.000000,74.455591,90.090067,37.227796,45.045033,5310,2120,1.000000,320.000000,0.000000,35.000000,1.525423,1.801801
0,-0.000000,0.428571,0.153846,1.450733,0.000000,2110.777778,2196.938776,86.710142,88.707048,43.355071,44.353524,10840,6610,0.428571,109.000000,0.000000,40.000000,1.734809,1.774141
0,-0.000000,0.428571,0.153846,1.450733,0.000000,2110.777778,2196.938776,86.710142,88.707048,43.355071,44.353524,10840,4230,0.428571,109.000000,0.000000,40.000000,1.734809,1.774141
0,-0.000000,0.076923,0.071429,1.398395,0.000000,2182.742222,7521.938776,79.687094,78.797115,39.843547,39.398557,10840,7420,0.076923,109.000000,0.000000,35.000000,1.594190,1.575942
0,-0.000000,0.636364,0.538462,44.675591,0.000000,765.770000,5925.000000,82.162209,90.090067,41.081105,45.045033,5830,5020,0.875000,268.000000,0.000000,40.000000,3.172022,1.801801
0,0.000000,0.857143,0.857143,0.554865,0.308522,1064.111111,592.312500,58.904493,49.497725,29.452247,24.748863,8950,10,0.857143,10.000000,0.000000,25.000000,1.178236,0.000000
0,0.000000,0.857143,0.857143,0.554865,0.308522,1064.111111,592.312500,58.904493,49.497725,29.452247,24.748863,5350,10,0.857143,10.000000,0.000000,25.000000,1.178236,0.000000
0,0.000000,0.857143,0.857143,0.554865,0.308522,1064.111111,592.312500,58.904493,49.497725,29.452247,24.748863,10700,10,0.857143,10.000000,0.000000,25.000000,1.178236,0.000000
0,-0.000009,0.125000,0.068966,16.071121,4.109045,5058.840000,8438.069204,88.533894,100.000000,44.266947,50.000000,6820,1520,0.125000,386.000000,0.000000,40.000000,2.274011,2.001000
0,-0.000009,0.111111,0.068966,0.445823,4.109045,485.748299,8438.069204,89.957226,100.000000,44.978613,50.000000,6790,2230,0.181818,845.000000,0.000000,40.000000,1.799349,2.001000
0,-0.000009,0.111111,0.068966,0.445823,4.109045,485.748299,8438.069204,89.957226,100.000000,44.978613,50.000000,6790,820,0.181818,845.000000,0.000000,40.000000,1.799349,2.001000
0,-0.000048,0.066667,0.052632,0.853317,4.143550,873.588967,8487.160494,83.318789,85.613293,41.659394,42.806647,13960,6770,0.066667,133.000000,0.000000,40.000000,1.669142,1.713278
0,-0.000009,0.125000,0.068966,16.071121,4.109045,5058.840000,8438.069204,88.533894,100.000000,44.266947,50.000000,5410,1520,0.125000,386.000000,0.000000,40.000000,2.274011,2.001000
0,-0.000048,0.066667,0.052632,0.853317,4.143550,873.588967,8487.160494,83.318789,85.613293,41.659394,42.806647,9350,6770,0.066667,133.000000,0.000000,40.000000,1.669142,1.713278
0,-0.000009,0.125000,0.068966,16.071121,4.109045,5058.840000,8438.069204,88.533894,100.000000,44.266947,50.000000,11430,1520,0.125000,386.000000,0.000000,40.000000,2.274011,2.001000
0,-0.000009,0.111111,0.068966,0.445823,4.109045,485.748299,8438.069204,89.957226,100.000000,44.978613,50.000000,6840,6790,0.181818,845.000000,0.000000,40.000000,1.799349,2.001000
0,-0.000048,0.066667,0.052632,0.853317,4.143550,873.588967,8487.160494,83.318789,85.613293,41.659394,42.806647,7940,6770,0.066667,133.000000,0.000000,40.000000,1.669142,1.713278
0,0.000000,0.500000,0.500000,0.029696,38.265989,51.099174,864.000000,74.526454,79.640418,37.263227,39.820209,1520,870,0.500000,197.000000,0.000000,35.000000,1.490538,2.506465
0,-0.000000,0.500000,0.400000,0.384134,38.506652,34.222222,1400.000000,92.563017,83.775530,46.281508,41.887765,3630,10,0.600000,348.000000,0.000000,45.000000,1.857409,2.589221
0,0.000000,0.071429,0.083333,0.177863,39.578850,315.142857,3561.250000,72.457918,79.992433,36.228959,39.996216,10660,2080,0.083333,141.000000,0.000000,35.000000,1.449209,2.513825
0,-0.000005,0.052632,0.045455,0.750514,38.250427,69.160000,840.090909,71.438050,78.380651,35.719025,39.190326,1710,610,0.052632,288.000000,0.000000,35.000000,1.437941,2.481265
0,-0.000000,0.058824,0.040000,0.770172,38.294889,85.410000,898.312500,71.057714,81.132741,35.528857,40.566370,3550,610,0.058824,288.000000,0.000000,35.000000,1.430343,2.536322
0,-0.000000,0.052632,0.035714,0.821854,38.290463,159.521111,903.359375,71.273770,80.928336,35.636885,40.464168,4570,610,0.052632,288.000000,0.000000,35.000000,1.434683,2.532231
0,-0.000000,0.500000,0.400000,0.384134,38.506652,34.222222,1400.000000,92.563017,83.775530,46.281508,41.887765,7830,10,0.600000,348.000000,0.000000,45.000000,1.857409,2.589221
0,0.000000,1.000000,1.000000,146.592798,0.000000,1800.000000,0.000000,71.852273,0.000000,35.926136,0.000000,3700,1960,1.000000,671.000000,0.000000,35.000000,7.465526,0.000000
0,0.000000,0.857143,0.857143,5.159907,0.000000,1008.000000,600.000000,91.666667,41.327059,45.833333,20.663530,7200,10,0.857143,321.000000,0.000000,45.000000,1.925780,0.000000
0,0.000000,0.857143,0.857143,5.159907,0.000000,1008.000000,600.000000,91.666667,41.327059,45.833333,20.663530,5460,10,0.857143,321.000000,0.000000,45.000000,1.925780,0.000000
0,-0.000005,0.047619,0.375000,2.265690,0.000000,3177.634490,1100.000000,87.984552,50.000000,43.992276,25.000000,8990,8370,0.500000,264.000000,0.000000,40.000000,1.760506,0.000000
0,-0.000005,0.047619,0.375000,2.265690,0.000000,3177.634490,1100.000000,87.984552,50.000000,43.992276,25.000000,13600,8370,0.500000,264.000000,0.000000,40.000000,1.760506,0.000000
0,-0.000005,0.047619,0.375000,2.265690,0.000000,3177.634490,1100.000000,87.984552,50.000000,43.992276,25.000000,8370,7580,0.500000,264.000000,0.000000,40.000000,1.760506,0.000000
0,0.000000,1.000000,1.000000,0.065739,0.093300,133.600000,183.750000,50.508353,40.102939,25.254177,20.051470,7200,10,1.000000,106.000000,0.000000,25.000000,1.010185,0.000000
0,0.000000,0.200000,0.200000,9.981304,0.000000,8181.920000,162.562500,75.535577,39.075903,37.767788,19.537952,9240,8080,0.200000,13.000000,0.000000,35.000000,1.644134,0.000000
0,-0.000000,0.400000,0.150000,0.026233,0.000000,58.737500,444.098765,33.869534,50.000000,16.934767,25.000000,340,10,0.400000,156.000000,0.000000,15.000000,0.677398,0.000000
0,-0.000000,0.400000,0.150000,11.937620,0.000000,246.133333,444.098765,37.165198,50.000000,18.582599,25.000000,3770,40,0.400000,153.000000,0.000000,15.000000,1.048233,0.000000
0,-0.000001,0.625000,0.250000,12.411807,0.000000,294.000000,112.500000,80.179947,40.077138,40.089974,20.038569,5540,5420,0.625000,299.000000,0.000000,40.000000,1.875004,0.000000
0,-0.000000,0.500000,0.384615,5.915234,0.000000,811.280000,23552.000000,79.476994,39.662416,39.738497,19.831208,8830,4030,0.500000,450.000000,0.000000,35.000000,1.618782,0.000000
0,0.000000,0.040000,0.040000,12.187022,0.554658,604.037037,943.234568,88.304716,98.988055,44.152358,49.494027,12390,5510,0.040000,20.000000,0.000000,40.000000,2.066280,1.979924
0,0.000000,0.040000,0.040000,12.187022,0.554658,604.037037,943.234568,88.304716,98.988055,44.152358,49.494027,10530,5510,0.040000,20.000000,0.000000,40.000000,2.066280,1.979924
0,0.000000,0.040000,0.040000,12.187022,0.554658,604.037037,943.234568,88.304716,98.988055,44.152358,49.494027,12390,2110,0.040000,20.000000,0.000000,40.000000,2.066280,1.979924
0,0.000000,0.040000,0.040000,12.187022,0.554658,604.037037,943.234568,88.304716,98.988055,44.152358,49.494027,10530,2110,0.040000,20.000000,0.000000,40.000000,2.066280,1.979924
0,-0.000187,0.250000,0.125000,0.081279,0.168404,223.937500,295.750000,90.181045,39.822233,45.090523,19.911116,5200,10,0.250000,31.000000,0.000000,45.000000,1.803643,0.000000
0,-0.001145,1.000000,0.333333,3.962127,0.152683,109.937500,252.000000,98.516501,43.421429,49.258251,21.710714,4090,10,1.000000,31.000000,0.000000,45.000000,2.188364,0.000000
0,-0.001145,1.000000,0.333333,3.962127,0.152683,109.937500,252.000000,98.516501,43.421429,49.258251,21.710714,5100,10,1.000000,31.000000,0.000000,45.000000,2.188364,0.000000
0,0.000000,0.304348,0.304348,0.211933,0.000000,396.691358,524.691358,65.477930,48.291772,32.738965,24.145886,12540,10,0.304348,44.000000,0.000000,30.000000,1.309620,0.000000
0,0.003206,0.130435,0.521739,0.347586,0.000000,609.456790,297.562500,64.104504,45.126342,32.052252,22.563171,5660,10,0.521739,44.000000,0.000000,30.000000,1.282195,0.000000
0,0.003206,0.130435,0.521739,0.347586,0.000000,609.456790,297.562500,64.104504,45.126342,32.052252,22.563171,2260,10,0.521739,44.000000,0.000000,30.000000,1.282195,0.000000
0,0.000000,0.111111,0.111111,0.177324,0.000000,374.456790,343.000000,55.655461,41.017919,27.827730,20.508959,12990,10,0.111111,44.000000,0.000000,25.000000,1.113155,0.000000
0,0.000000,0.304348,0.304348,0.211933,0.000000,396.691358,524.691358,65.477930,48.291772,32.738965,24.145886,10680,10,0.304348,44.000000,0.000000,30.000000,1.309620,0.000000
0,-0.000000,0.040000,0.038462,12.593236,0.000000,610.994568,4225.385802,91.542642,99.366624,45.771321,49.683312,12840,5960,0.040000,69.000000,0.000000,45.000000,2.143157,1.987332
0,-0.000000,0.040000,0.038462,12.593236,0.000000,610.994568,4225.385802,91.542642,99.366624,45.771321,49.683312,10980,5960,0.040000,69.000000,0.000000,45.000000,2.143157,1.987332
0,-0.000000,0.040000,0.038462,12.593236,0.000000,610.994568,4225.385802,91.542642,99.366624,45.771321,49.683312,12840,2560,0.040000,69.000000,0.000000,45.000000,2.143157,1.987332
0,-0.000000,0.040000,0.038462,12.593236,0.000000,610.994568,4225.385802,91.542642,99.366624,45.771321,49.683312,10980,2560,0.040000,69.000000,0.000000,45.000000,2.143157,1.987332
0,0.000000,1.000000,1.000000,44.270930,0.512095,3269.640000,1000.000000,69.653508,80.832911,34.826754,40.416456,13390,10,1.000000,136.000000,0.000000,30.000000,1.706592,1.616790
0,-0.000068,0.184211,0.186047,3.407843,0.460888,2413.918058,872.537396,97.531852,90.874715,48.765926,45.437358,16350,13480,0.195122,41.000000,0.000000,45.000000,1.960838,1.817617
0,0.000006,1.000000,0.900000,1.657510,0.649284,2883.333333,1200.000000,62.500000,79.618570,31.250000,39.809285,10570,10,1.000000,332.000000,0.000000,30.000000,1.250481,1.592548
0,-0.000013,0.222222,0.200000,2.485711,0.730416,566.626736,1272.537396,87.788148,87.342700,43.894074,43.671350,16350,2920,0.222222,41.000000,0.000000,40.000000,1.765734,1.747064
0,-0.000000,0.285714,0.166667,1.889104,0.285157,3114.000000,580.500000,89.434157,82.819754,44.717078,41.409877,10790,3890,0.285714,310.000000,0.000000,40.000000,1.789261,1.656465
0,-0.000013,0.222222,0.200000,2.485711,0.730416,566.626736,1272.537396,87.788148,87.342700,43.894074,43.671350,5930,2920,0.222222,41.000000,0.000000,40.000000,1.765734,1.747064
0,-0.000068,0.184211,0.186047,3.407843,0.460888,2413.918058,872.537396,97.531852,90.874715,48.765926,45.437358,13480,5930,0.195122,41.000000,0.000000,45.000000,1.960838,1.817617
0,0.000006,1.000000,0.900000,1.657510,0.649284,2883.333333,1200.000000,62.500000,79.618570,31.250000,39.809285,5840,10,1.000000,332.000000,0.000000,30.000000,1.250481,1.592548
0,-0.000000,0.285714,0.166667,1.889104,0.285157,3114.000000,580.500000,89.434157,82.819754,44.717078,41.409877,6060,3890,0.285714,310.000000,0.000000,40.000000,1.789261,1.656465
0,-0.000068,0.184211,0.186047,3.407843,0.460888,2413.918058,872.537396,97.531852,90.874715,48.765926,45.437358,16350,8750,0.195122,41.000000,0.000000,45.000000,1.960838,1.817617
0,-0.000068,0.184211,0.186047,3.407843,0.460888,2413.918058,872.537396,97.531852,90.874715,48.765926,45.437358,8750,5930,0.195122,41.000000,0.000000,45.000000,1.960838,1.817617
0,0.000000,0.034483,0.034483,1.110252,0.210152,2180.013545,436.972222,90.725856,83.593761,45.362928,41.796880,8750,5120,0.034483,41.000000,0.000000,45.000000,1.814800,1.671926
0,0.000000,0.034483,0.034483,1.110252,0.210152,2180.013545,436.972222,90.725856,83.593761,45.362928,41.796880,13480,5120,0.034483,41.000000,0.000000,45.000000,1.814800,1.671926
0,0.000000,0.035714,0.035714,2.928555,1.317247,2198.043686,2408.307292,83.499213,83.763253,41.749606,41.881626,17740,3610,0.035714,16.000000,0.000000,40.000000,1.683746,1.675625
0,0.000000,0.035714,0.035714,2.928555,1.317247,2198.043686,2408.307292,83.499213,83.763253,41.749606,41.881626,17740,7010,0.035714,16.000000,0.000000,40.000000,1.683746,1.675625
0,0.000000,0.058824,0.058824,1.449476,0.000000,356.969388,291.480469,77.969117,79.728201,38.984558,39.864101,10050,9010,0.058824,49.000000,0.000000,35.000000,1.568243,1.594564
0,-0.000000,0.076923,0.066667,0.739453,0.000000,1232.861111,105.562500,44.194494,82.081729,22.097247,41.040864,6860,10,0.153846,264.000000,0.000000,20.000000,0.884118,1.641635
0,0.000000,0.117647,0.117647,2.323948,0.000000,4059.006944,2096.953125,88.010358,91.069311,44.005179,45.534656,8900,6580,0.117647,60.000000,0.000000,40.000000,1.760873,1.821386
0,0.000000,0.117647,0.117647,2.323948,0.000000,4059.006944,2096.953125,88.010358,91.069311,44.005179,45.534656,8900,3180,0.117647,60.000000,0.000000,40.000000,1.760873,1.821386
0,-0.000000,0.400000,0.250000,0.069132,0.000000,116.937500,0.000000,76.476160,0.000000,38.238080,0.000000,7640,2340,0.666667,466.000000,0.000000,35.000000,1.529544,0.000000
0,0.000001,0.500000,0.473684,2.093830,0.000000,3267.000000,35280.000000,59.991106,38.548883,29.995553,19.274441,5110,350,0.666667,668.000000,0.000000,25.000000,1.200493,0.000000
0,-0.000004,0.076923,0.066667,0.416064,0.000000,600.497778,1669.777778,77.552698,35.298834,38.776349,17.649417,3490,2140,0.076923,354.000000,0.000000,35.000000,1.551198,0.000000
0,0.000000,0.055556,0.055556,54.175022,0.120842,677.875000,241.597222,76.868376,90.864769,38.434188,45.432385,1980,670,0.055556,596.000000,0.000000,35.000000,3.836356,1.817327
0,0.000003,1.000000,0.800000,0.159342,0.344084,285.061224,600.572222,84.204046,90.287348,42.102023,45.143674,11240,10,1.000000,581.000000,0.000000,40.000000,1.684171,1.805846
0,0.000459,0.416667,0.461538,1.603640,0.702635,327.104938,1279.972222,89.152598,85.749017,44.576299,42.874509,5220,4570,0.461538,206.000000,0.000000,40.000000,1.789447,1.715173
0,-0.000000,0.026316,0.023256,0.515083,0.278222,922.580247,564.933441,87.429629,90.203602,43.714815,45.101801,15290,13900,0.026316,176.000000,0.000000,40.000000,1.748736,1.804141
0,0.000000,0.083333,0.055556,0.000000,0.120842,111.276860,241.597222,68.978875,90.864769,34.489437,45.432385,9120,10,0.166667,793.000000,0.000000,30.000000,1.379577,1.817327
0,-0.000263,0.333333,0.307692,1.535292,0.642891,212.002959,1183.770000,65.200352,77.907548,32.600176,38.953774,5220,260,0.333333,206.000000,0.000000,30.000000,1.310382,1.558326
0,0.000000,0.400000,0.400000,0.308589,0.152779,567.360000,315.972222,87.445199,90.615969,43.722599,45.307984,19570,16920,0.400000,13.000000,0.000000,40.000000,1.748989,1.812358
0,0.000459,0.416667,0.461538,1.603640,0.702635,327.104938,1279.972222,89.152598,85.749017,44.576299,42.874509,14990,5220,0.461538,206.000000,0.000000,40.000000,1.789447,1.715173
0,-0.000000,0.026316,0.023256,0.515083,0.278222,922.580247,564.933441,87.429629,90.203602,43.714815,45.101801,13900,4870,0.026316,176.000000,0.000000,40.000000,1.748736,1.804141
0,0.000000,0.200000,0.200000,0.050083,0.093035,120.076923,219.770000,80.308138,82.774499,40.154069,41.387249,19570,2190,0.200000,13.000000,0.000000,40.000000,1.606173,1.655510
0,0.000003,1.000000,0.800000,0.159342,0.344084,285.061224,600.572222,84.204046,90.287348,42.102023,45.143674,820,10,1.000000,581.000000,0.000000,40.000000,1.684171,1.805846
0,0.000000,0.200000,0.200000,0.040386,0.284734,97.182825,534.600000,81.821472,83.172779,40.910736,41.586390,19570,5690,0.200000,13.000000,0.000000,40.000000,1.636438,1.663533
0,-0.000263,0.333333,0.307692,1.558639,0.834590,249.944444,1498.600000,78.444170,78.305828,39.222085,39.152914,5220,3760,0.333333,206.000000,0.000000,35.000000,1.575265,1.566349
0,0.000000,0.400000,0.400000,0.308589,0.152779,567.360000,315.972222,87.445199,90.615969,43.722599,45.307984,19570,6500,0.400000,13.000000,0.000000,40.000000,1.748989,1.812358
0,-0.000000,0.235294,0.160000,0.020965,0.284341,67.157280,504.370000,46.600131,82.445878,23.300065,41.222939,3510,10,0.235294,231.000000,0.000000,20.000000,0.932009,1.648998
0,-0.000000,0.250000,0.222222,7.807063,0.000000,141.046875,282.674556,97.372696,99.936902,48.686348,49.968451,7510,4310,0.250000,161.000000,0.000000,45.000000,2.264903,1.998738
0,-0.000000,0.250000,0.222222,7.807063,0.000000,141.046875,282.674556,97.372696,99.936902,48.686348,49.968451,17370,5320,0.250000,161.000000,0.000000,45.000000,2.264903,1.998738
0,-0.000000,0.250000,0.222222,7.807063,0.000000,141.046875,282.674556,97.372696,99.936902,48.686348,49.968451,17370,4310,0.250000,161.000000,0.000000,45.000000,2.264903,1.998738
0,-0.000000,0.250000,0.222222,7.807063,0.000000,141.046875,282.674556,97.372696,99.936902,48.686348,49.968451,7510,5320,0.250000,161.000000,0.000000,45.000000,2.264903,1.998738
0,0.000000,0.200000,0.200000,0.000000,0.000000,588.691358,584.289256,50.000000,49.608908,25.000000,24.804454,11580,10,0.200000,104.000000,0.000000,25.000000,1.000000,0.000000
0,0.000000,0.200000,0.200000,0.000000,0.000000,588.691358,584.289256,50.000000,49.608908,25.000000,24.804454,13440,10,0.200000,104.000000,0.000000,25.000000,1.000000,0.000000
0,0.000000,0.400000,0.400000,0.000000,0.000000,601.777778,2187.000000,11.142815,36.498091,5.571407,18.249046,10,10,0.400000,104.000000,0.000000,5.000000,0.222856,0.000000
0,-0.000000,0.625000,0.454545,16.044191,0.000000,738.000000,5140.000000,88.389099,89.087562,44.194549,44.543781,11790,11340,0.625000,331.000000,0.000000,40.000000,1.984582,1.781751
0,-0.000006,0.166667,0.125000,0.205062,0.000000,381.234568,327.222222,69.778244,91.696433,34.889122,45.848217,10960,10,0.166667,183.000000,0.000000,30.000000,1.395622,1.833929
0,-0.000000,0.625000,0.454545,16.044191,0.000000,738.000000,5140.000000,88.389099,89.087562,44.194549,44.543781,11790,9480,0.625000,331.000000,0.000000,40.000000,1.984582,1.781751
0,0.000000,0.538462,0.571429,0.000000,0.000000,1062.469136,2848.000000,61.142815,88.622843,30.571407,44.311422,11580,10,0.571429,121.000000,0.000000,30.000000,1.222856,1.772457
0,-0.000006,0.166667,0.125000,0.205062,0.000000,381.234568,327.222222,69.778244,91.696433,34.889122,45.848217,12820,10,0.166667,183.000000,0.000000,30.000000,1.395622,1.833929
0,0.000000,0.538462,0.571429,0.000000,0.000000,1062.469136,2848.000000,61.142815,88.622843,30.571407,44.311422,13440,10,0.571429,121.000000,0.000000,30.000000,1.222856,1.772457
0,-0.000026,0.600000,0.500000,242.547876,0.000000,4474.000000,421.500000,86.251796,89.154935,43.125898,44.577468,8670,10,0.600000,412.000000,0.000000,40.000000,8.395044,1.783099
0,-0.000026,0.600000,0.500000,242.547876,0.000000,4474.000000,421.500000,86.251796,89.154935,43.125898,44.577468,10530,10,0.600000,412.000000,0.000000,40.000000,8.395044,1.783099
0,0.000026,0.111111,0.181818,0.000000,0.000000,880.777778,2948.000000,52.443245,78.258848,26.221623,39.129424,13890,10,0.181818,141.000000,0.000000,25.000000,1.048865,1.565177
0,-0.000017,0.062500,0.050000,0.073397,0.000000,113.469388,154.858223,78.930936,37.299056,39.465468,18.649528,2970,1130,0.062500,774.000000,0.000000,35.000000,1.578643,0.000000
0,-0.000172,0.555556,0.500000,0.018426,0.000000,82.127959,65.812500,49.009520,42.198968,24.504760,21.099484,5630,10,0.555556,324.000000,0.000000,20.000000,0.980194,0.000000
0,-0.000017,0.052632,0.050000,0.076111,0.000000,120.083333,195.047619,81.777538,37.476299,40.888769,18.738150,3990,1130,0.055556,774.000000,0.000000,40.000000,1.635575,0.000000
0,-0.000000,0.500000,0.416667,0.014927,0.000000,53.776860,225.000000,34.058838,40.187311,17.029419,20.093656,220,10,0.625000,865.000000,0.000000,15.000000,0.681181,0.000000
0,-0.000000,0.111111,0.250000,0.000000,0.000000,55.403409,62.500000,46.155925,40.337931,23.077963,20.168965,4500,10,0.266667,437.000000,0.000000,20.000000,0.923119,0.000000
0,-0.000017,0.052632,0.050000,1.363730,0.000000,79.669421,39.669421,82.833256,42.203219,41.416628,21.101610,8490,910,0.052632,38.000000,0.000000,40.000000,1.679722,0.000000
0,-0.000000,0.500000,0.333333,0.136941,0.000000,232.350000,205.959184,89.999152,46.626029,44.999576,23.313014,13440,4260,0.500000,457.000000,0.000000,40.000000,1.800024,0.000000
0,-0.000000,0.500000,0.333333,0.136941,0.000000,232.350000,205.959184,89.999152,46.626029,44.999576,23.313014,4260,3020,0.500000,457.000000,0.000000,40.000000,1.800024,0.000000
0,0.000000,0.500000,0.500000,0.896843,0.000000,47.250000,31.250000,71.577402,41.592259,35.788701,20.796129,8370,4330,0.500000,46.000000,0.000000,35.000000,1.444276,0.000000
0,-0.000000,0.250000,0.166667,0.086907,0.000000,162.000000,195.047619,80.527606,37.695713,40.263803,18.847857,7190,4260,0.250000,457.000000,0.000000,40.000000,1.610576,0.000000
0,-0.000000,0.250000,0.166667,0.073723,0.000000,125.312500,154.858223,81.404446,37.606316,40.702223,18.803158,6170,4260,0.250000,457.000000,0.000000,40.000000,1.628111,0.000000
0,0.000000,0.076923,0.076923,0.020743,0.370315,51.788549,669.240000,48.187710,40.673342,24.093855,20.336671,5320,10,0.076923,157.000000,0.000000,20.000000,0.963760,0.000000
0,0.000000,1.000000,1.000000,0.225062,0.139386,481.944354,310.961806,47.427425,40.817364,23.713712,20.408682,15160,10,1.000000,157.000000,0.000000,20.000000,0.948603,0.000000
0,0.000000,0.076923,0.076923,0.054868,0.066615,122.816327,135.529412,44.379516,38.794287,22.189758,19.397144,17670,10,0.076923,157.000000,0.000000,20.000000,0.887604,0.000000
0,0.000000,0.100000,0.100000,0.088560,0.077353,146.260771,131.444444,71.277536,36.233295,35.638768,18.116648,3070,1240,0.100000,34.000000,0.000000,35.000000,1.425578,0.000000
0,-0.000000,0.133333,0.062500,3.309984,0.257404,291.398148,481.142857,76.436045,85.022497,38.218023,42.511249,5570,2390,0.133333,217.000000,0.000000,35.000000,1.647656,1.700520
0,-0.000000,0.266667,0.250000,0.178072,0.040032,362.624691,97.959184,71.057364,42.142040,35.528682,21.071020,4750,10,0.266667,146.000000,0.000000,35.000000,1.421198,0.000000
0,-0.000000,0.133333,0.062500,3.309984,0.257404,291.398148,481.142857,76.436045,85.022497,38.218023,42.511249,15990,2390,0.133333,217.000000,0.000000,35.000000,1.647656,1.700520
0,-0.000000,0.555556,0.375000,0.046300,4.037394,92.635802,8820.000000,49.142386,38.003001,24.571193,19.001500,5710,10,0.555556,620.000000,0.000000,20.000000,0.982862,0.000000
0,-0.000000,0.083333,0.062500,3.258026,0.037138,204.250000,90.000000,67.661809,40.580254,33.830904,20.290127,4040,2390,0.083333,217.000000,0.000000,30.000000,1.472156,0.000000
0,0.000011,0.571429,0.476190,0.000000,4.174397,137.160000,9141.111111,60.778423,62.884616,30.389212,31.442308,1030,10,0.625000,1088.000000,0.000000,30.000000,1.215568,1.258646
0,-0.000162,0.117647,0.095238,54.194176,0.357269,694.125000,712.253968,76.731402,69.323858,38.365701,34.661929,3820,670,0.117647,707.000000,0.000000,35.000000,3.833625,1.386568
0,-0.000162,0.166667,0.095238,0.266224,0.357269,373.500000,712.253968,72.802429,69.323858,36.401214,34.661929,9090,1820,0.166667,907.000000,0.000000,35.000000,1.456143,1.386568
0,-0.000000,0.250000,0.217391,0.135872,4.077426,325.192660,8917.959184,69.908563,80.145041,34.954282,40.072520,10450,10,0.250000,146.000000,0.000000,30.000000,1.398205,1.603833
0,-0.000000,0.111111,0.062500,0.141764,0.220266,230.218750,391.142857,57.836245,44.442243,28.918122,22.221122,1540,10,0.111111,620.000000,0.000000,25.000000,1.156773,0.000000
0,0.000000,0.500000,0.500000,0.069158,0.310420,141.653061,721.111111,79.177297,64.846947,39.588648,32.423474,10360,2240,0.500000,53.000000,0.000000,35.000000,1.583563,1.297006
0,-0.000000,0.111111,0.125000,0.000000,0.174141,113.625000,411.111111,49.451239,65.461869,24.725620,32.730934,6340,10,0.133333,455.000000,0.000000,20.000000,0.989025,1.309274
0,0.000000,0.250000,0.250000,0.099774,4.210811,222.842105,9220.000000,80.162453,77.968333,40.081227,38.984167,11380,2240,0.250000,53.000000,0.000000,40.000000,1.603271,1.560328
0,-0.000000,0.083333,0.062500,0.100165,0.035056,193.502959,78.322314,48.858783,42.289366,24.429392,21.144683,2790,10,0.083333,342.000000,0.000000,20.000000,0.977207,0.000000
0,0.000000,1.000000,0.937500,0.070756,0.137003,120.920000,321.111111,46.951371,24.881615,23.475685,12.440807,4690,10,1.000000,620.000000,0.000000,20.000000,0.939052,0.000000
0,-0.000162,0.166667,0.095238,0.137363,4.257660,183.500000,9211.142857,78.809646,82.445244,39.404823,41.222622,9090,2840,0.166667,907.000000,0.000000,35.000000,1.576244,1.649891
0,-0.000000,0.111111,0.125000,0.000000,4.074531,118.671875,8910.000000,49.247020,78.583255,24.623510,39.291627,7360,10,0.133333,455.000000,0.000000,20.000000,0.984940,1.572597
0,-0.000081,0.391304,0.047619,0.104643,0.255322,208.222959,469.465171,58.182759,86.731610,29.091380,43.365805,14740,10,0.391304,342.000000,0.000000,25.000000,1.163686,1.734702
0,0.000000,0.045455,0.045455,0.081793,0.146544,185.413779,351.666667,69.705988,61.154963,34.852994,30.577481,10700,10,0.045455,19.000000,0.000000,30.000000,1.394141,1.223130
0,-0.000081,0.391304,0.047619,0.104643,0.255322,208.222959,469.465171,58.182759,86.731610,29.091380,43.365805,4320,10,0.391304,342.000000,0.000000,25.000000,1.163686,1.734702
0,-0.000162,0.111111,0.095238,54.271490,4.257660,801.305556,9211.142857,74.323712,82.445244,37.161856,41.222622,4840,670,0.117647,707.000000,0.000000,35.000000,3.785499,1.649891
0,0.000000,0.045455,0.045455,0.088464,4.046934,225.603175,8850.555556,69.914027,74.276349,34.957013,37.138174,11720,10,0.045455,19.000000,0.000000,30.000000,1.398301,1.486453
0,-0.000000,0.086957,0.083333,0.046999,0.172059,112.142959,399.433425,46.958560,67.170981,23.479280,33.585491,7470,10,0.090909,342.000000,0.000000,20.000000,0.939185,1.343457
0,-0.000000,0.086957,0.083333,0.078361,4.072450,188.071006,8898.322314,48.534524,80.292367,24.267262,40.146184,8490,10,0.090909,342.000000,0.000000,20.000000,0.970710,1.606779
0,-0.000000,0.111111,0.062500,0.141764,0.220266,230.218750,391.142857,57.836245,44.442243,28.918122,22.221122,11960,10,0.111111,620.000000,0.000000,25.000000,1.156773,0.000000
0,-0.000081,0.050000,0.047619,0.273226,0.260298,521.562087,489.102041,80.722767,86.584283,40.361383,43.292142,6280,10,0.058824,146.000000,0.000000,40.000000,1.614534,1.731756
0,-0.000081,0.050000,0.047619,0.273226,0.260298,521.562087,489.102041,80.722767,86.584283,40.361383,43.292142,16700,10,0.058824,146.000000,0.000000,40.000000,1.614534,1.731756
0,0.000000,0.030303,0.030303,2.750068,0.000000,1717.369412,1873.939174,88.672874,89.228097,44.336437,44.614048,19230,5100,0.030303,11.000000,0.000000,40.000000,1.787766,1.784562
0,0.000000,0.030303,0.030303,2.750068,0.000000,1717.369412,1873.939174,88.672874,89.228097,44.336437,44.614048,19230,8500,0.030303,11.000000,0.000000,40.000000,1.787766,1.784562
0,0.000000,0.111111,0.111111,0.039459,0.000000,81.125000,135.000000,83.338448,39.126722,41.669224,19.563361,10310,2870,0.111111,103.000000,0.000000,40.000000,1.666779,0.000000
0,0.000000,0.666667,0.666667,1.377781,0.000000,64.337191,75.000000,71.023245,41.641491,35.511623,20.820745,9410,10,0.666667,193.000000,0.000000,35.000000,1.482450,0.000000
0,0.000000,0.187500,0.444444,18.174425,0.000000,730.750000,488.888889,77.156000,33.115375,38.578000,16.557687,8470,8450,0.444444,289.000000,0.000000,35.000000,1.800945,0.000000
0,0.000000,0.076923,0.076923,4.704994,0.000000,9429.480000,4899.222222,77.295666,79.428735,38.647833,39.714367,13420,12280,0.076923,16.000000,0.000000,35.000000,1.547089,1.588575
0,0.000000,0.181818,0.181818,30.288168,0.000000,7650.218750,565.365079,85.466189,90.985140,42.733094,45.492570,18240,13130,0.181818,45.000000,0.000000,40.000000,1.771082,1.819703
0,0.000000,0.181818,0.181818,30.288168,0.000000,7650.218750,565.365079,85.466189,90.985140,42.733094,45.492570,13130,7820,0.181818,45.000000,0.000000,40.000000,1.771082,1.819703
0,0.000000,0.500000,0.500000,0.611678,0.112890,1113.148760,260.667092,79.147254,41.104497,39.573627,20.552248,13290,2480,0.500000,406.000000,0.000000,35.000000,1.583113,0.000000
0,0.000000,0.250000,0.250000,0.074046,0.046165,171.000000,144.000000,79.058649,39.999803,39.529324,19.999901,3200,2070,0.250000,334.000000,0.000000,35.000000,1.581189,0.000000
0,0.000000,0.777778,0.777778,0.280365,0.000000,612.312500,6464.250000,60.045378,50.000000,30.022689,25.000000,6380,10,0.777778,449.000000,0.000000,30.000000,1.200974,0.000000
0,0.000000,0.222222,0.222222,0.361271,0.000000,582.062500,1975.680000,59.247065,48.232915,29.623532,24.116457,4700,10,0.222222,449.000000,0.000000,25.000000,1.185057,0.000000
0,0.000000,0.777778,0.777778,0.280365,0.000000,612.312500,6464.250000,60.045378,50.000000,30.022689,25.000000,11730,10,0.777778,449.000000,0.000000,30.000000,1.200974,0.000000
0,0.000000,0.777778,0.777778,0.280365,0.000000,612.312500,6464.250000,60.045378,50.000000,30.022689,25.000000,9980,10,0.777778,449.000000,0.000000,30.000000,1.200974,0.000000
0,0.000000,0.222222,0.222222,0.361271,0.000000,582.062500,1975.680000,59.247065,48.232915,29.623532,24.116457,1300,10,0.222222,449.000000,0.000000,25.000000,1.185057,0.000000
0,-0.000061,0.125000,0.095238,0.000000,0.000000,4898.611111,8379.000000,77.421630,84.880201,38.710815,42.440101,12350,10,0.125000,64.000000,0.000000,35.000000,1.548433,1.697604
0,0.000000,0.095238,0.095238,854.968237,0.000000,13864.944444,8379.000000,75.464408,84.880201,37.732204,42.440101,13940,12800,0.095238,19.000000,0.000000,35.000000,37.719851,1.697604
0,-0.000000,0.166667,0.142857,1.457968,0.197100,394.127886,336.571429,73.306121,68.915471,36.653060,34.457735,15470,5050,0.166667,246.000000,0.000000,35.000000,1.507012,1.378367
0,-0.000005,0.028571,0.027027,3.149321,2.552617,1743.840000,5331.993388,87.961701,89.425956,43.980850,44.712978,19580,5450,0.028571,86.000000,0.000000,40.000000,1.776970,1.789130
0,-0.000084,0.153846,0.459459,0.820022,1.977244,1496.490000,3999.200000,79.036688,66.960964,39.518344,33.480482,15710,13200,0.500000,473.000000,0.000000,35.000000,1.580959,1.339710
0,-0.000000,0.062500,0.051282,1.814918,0.934788,3246.221301,1932.793388,89.952340,77.535008,44.976170,38.767504,14940,6720,0.062500,299.000000,0.000000,40.000000,1.799556,1.550929
0,0.000000,0.200000,0.200000,2.335787,2.125915,248.581790,4299.200000,72.502655,78.484151,36.251328,39.242075,19990,4200,0.200000,45.000000,0.000000,35.000000,1.531885,1.570210
0,0.000000,0.142857,0.142857,142.672375,0.197100,1135.563929,336.571429,77.164066,68.915471,38.582033,34.457735,7190,590,0.142857,32.000000,0.000000,35.000000,10.801917,1.378367
0,0.000000,0.125000,0.125000,142.659031,0.184048,1112.881389,313.888889,75.747569,69.122385,37.873784,34.561193,2200,590,0.125000,32.000000,0.000000,35.000000,10.773584,1.382502
0,0.000000,0.100000,0.100000,0.016896,187.807783,70.486111,8725.000000,75.431424,70.463055,37.715712,35.231527,4440,10,0.100000,21.000000,0.000000,35.000000,1.508633,3.572337
0,0.000000,0.200000,0.200000,2.275110,0.350314,174.375000,661.250000,72.910541,81.058159,36.455270,40.529079,5540,4200,0.200000,45.000000,0.000000,35.000000,1.540024,1.621257
0,0.000000,0.944444,0.944444,9.100136,187.659111,267.181111,8425.000000,87.252544,58.939868,43.626272,29.469934,17720,10,0.944444,21.000000,0.000000,40.000000,1.927401,3.341837
0,-0.000000,0.062500,0.051282,1.814918,0.934788,3246.221301,1932.793388,89.952340,77.535008,44.976170,38.767504,14940,3320,0.062500,299.000000,0.000000,40.000000,1.799556,1.550929
0,-0.000000,0.142857,0.125000,0.383200,0.593446,685.240000,1263.000000,45.971872,76.417940,22.985936,38.208970,6510,10,0.142857,158.000000,0.000000,20.000000,0.919547,1.528499
0,-0.000023,0.062500,0.459459,0.147023,1.977244,309.037445,3999.200000,56.671022,66.960964,28.335511,33.480482,19540,10,0.472222,90.000000,0.000000,25.000000,1.133457,1.339710
0,0.000000,0.058824,0.058824,0.371001,188.049777,808.111111,9325.000000,77.916502,71.749492,38.958251,35.874746,7880,10,0.058824,21.000000,0.000000,35.000000,1.558420,3.598112
0,0.000002,0.500000,0.600000,0.213219,0.508087,443.666667,900.000000,81.078062,66.593204,40.539031,33.296602,15270,1990,0.600000,266.000000,0.000000,40.000000,1.621613,1.332008
0,0.000000,0.200000,0.200000,2.605838,0.898753,798.375000,1800.000000,72.747594,79.402827,36.373797,39.701414,7640,4200,0.200000,45.000000,0.000000,35.000000,1.536850,1.588282
0,0.000000,0.250000,0.250000,142.664039,0.202780,1126.214722,363.000000,73.246389,63.608316,36.623195,31.804158,1270,590,0.250000,32.000000,0.000000,35.000000,10.723561,1.272224
0,0.000000,0.400000,0.400000,0.408762,0.201643,784.722656,361.250000,78.158185,69.534972,39.079093,34.767486,14010,2070,0.400000,392.000000,0.000000,35.000000,1.563271,1.390757
0,0.000000,0.944444,0.944444,9.100136,187.659111,267.181111,8425.000000,87.252544,58.939868,43.626272,29.469934,700,10,0.944444,21.000000,0.000000,40.000000,1.927401,3.341837
0,-0.000000,0.142857,0.125000,0.000000,0.184048,405.211219,313.888889,56.827538,69.122385,28.413769,34.561193,15420,10,0.142857,251.000000,0.000000,25.000000,1.136551,1.382502
0,0.000000,0.400000,0.400000,142.700008,0.201643,1242.992500,361.250000,75.843556,69.534972,37.921778,34.767486,5670,590,0.400000,32.000000,0.000000,35.000000,10.775510,1.390757
0,-0.000000,0.071429,0.352941,0.584628,2.367910,146.684444,4899.200000,80.089613,79.770588,40.044807,39.885294,16410,4060,0.400000,403.000000,0.000000,40.000000,1.606474,1.595984
0,0.000052,0.062500,0.411765,0.390975,0.750081,784.938272,1500.000000,54.359528,67.879641,27.179764,33.939820,7190,10,0.411765,90.000000,0.000000,25.000000,1.087290,1.357782
0,-0.000000,0.280000,0.411765,0.930453,0.750081,759.044444,1500.000000,78.367851,67.879641,39.183926,33.939820,13900,4060,0.466667,403.000000,0.000000,35.000000,1.572136,1.357782
0,-0.000005,0.028571,0.027027,3.149321,2.552617,1743.840000,5331.993388,87.961701,89.425956,43.980850,44.712978,19580,8850,0.028571,86.000000,0.000000,40.000000,1.776970,1.789130
0,0.000000,0.055556,0.055556,0.104929,189.276940,258.317901,11824.200000,78.122620,70.830815,39.061310,35.415408,20230,10,0.055556,21.000000,0.000000,35.000000,1.562478,3.580039
0,-0.000000,0.285714,0.250000,0.207699,0.202780,463.785000,363.000000,46.057443,63.608316,23.028722,31.804158,16350,10,0.285714,158.000000,0.000000,20.000000,0.921197,1.272224
0,-0.000157,0.100000,0.100000,0.287293,0.249753,579.229444,431.444444,71.543931,67.354492,35.771966,33.677246,16390,3070,0.200000,154.000000,0.000000,35.000000,1.430951,1.347162
0,0.000000,0.051282,0.051282,143.426565,0.934788,2731.785888,1932.793388,85.630041,77.535008,42.815020,38.767504,9390,590,0.051282,32.000000,0.000000,40.000000,10.971415,1.550929
0,-0.000157,0.100000,0.100000,0.075022,0.249753,148.382716,431.444444,54.877216,67.354492,27.438608,33.677246,3710,10,0.200000,90.000000,0.000000,25.000000,1.097566,1.347162
0,0.000000,0.051282,0.051282,143.426565,0.934788,2731.785888,1932.793388,85.630041,77.535008,42.815020,38.767504,5990,590,0.051282,32.000000,0.000000,40.000000,10.971415,1.550929
0,0.000074,0.100000,0.600000,2.238712,0.508087,47.313272,900.000000,66.692602,66.593204,33.346301,33.296602,4200,460,0.600000,45.000000,0.000000,30.000000,1.415661,1.332008
0,-0.000000,0.066667,0.052632,0.017895,0.000000,91.274691,655.270000,70.622200,78.615976,35.311100,39.307988,3100,10,0.125000,270.000000,0.000000,35.000000,1.412448,1.572320
0,0.000000,0.454545,0.454545,0.030008,0.000000,96.368056,30.555556,74.651656,41.392803,37.325828,20.696402,3240,10,0.454545,143.000000,0.000000,35.000000,1.493040,0.000000
0,-0.000000,0.444444,0.285714,0.018875,0.000000,74.169625,488.888889,49.393948,39.985155,24.696974,19.992578,5420,10,0.444444,466.000000,0.000000,20.000000,0.987883,0.000000
0,-0.000000,0.222222,0.421053,0.006738,0.000000,46.815459,351.520000,46.351794,39.672560,23.175897,19.836280,1140,10,0.500000,466.000000,0.000000,20.000000,0.927037,0.000000
0,-0.000000,0.045455,0.045455,0.016515,0.000000,70.224977,334.305556,74.710257,80.336220,37.355129,40.168110,1280,10,0.052632,143.000000,0.000000,35.000000,1.494209,1.606724
0,-0.000000,0.050000,0.136364,0.028265,0.000000,105.101614,303.750000,71.301118,38.943417,35.650559,19.471708,1970,10,0.173913,270.000000,0.000000,35.000000,1.426029,0.000000
0,0.000000,0.086957,0.086957,1216.369138,0.000000,16230.375000,17838.000000,79.395868,83.911595,39.697934,41.955798,13280,940,0.086957,24.000000,0.000000,35.000000,57.815199,1.678232
0,0.000004,0.142857,0.272727,0.088946,0.000000,211.842105,2124.000000,46.037549,71.898226,23.018774,35.949113,11490,10,0.272727,203.000000,0.000000,20.000000,0.920771,1.437965
0,0.000000,0.086957,0.086957,1216.369138,0.000000,16230.375000,17838.000000,79.395868,83.911595,39.697934,41.955798,14420,13280,0.086957,24.000000,0.000000,35.000000,57.815199,1.678232
0,-0.000016,0.105263,0.086957,1.314584,0.000000,3195.331633,17838.000000,80.029463,83.911595,40.014732,41.955798,12900,10,0.105263,62.000000,0.000000,40.000000,1.600898,1.678232
0,-0.000081,0.250000,0.150000,0.026273,0.000000,93.055556,398.222222,72.835602,37.870492,36.417801,18.935246,4370,10,0.266667,199.000000,0.000000,35.000000,1.456718,0.000000
0,-0.000000,0.416667,0.333333,0.104669,0.000000,255.555556,705.333333,72.592802,39.307368,36.296401,19.653684,8650,10,0.416667,199.000000,0.000000,35.000000,1.451880,0.000000
0,0.000000,0.666667,0.625000,1.353948,0.000000,32.000000,500.000000,62.263073,41.592161,31.131536,20.796080,2300,10,0.666667,455.000000,0.000000,30.000000,1.302548,0.000000
0,-0.000003,0.080000,0.268293,1.361681,0.126023,479.175296,443.033600,100.000000,100.000000,50.000000,50.000000,16320,1470,0.282051,568.000000,0.000000,50.000000,2.016804,2.000018
0,-0.000000,0.117647,0.125000,0.337894,0.739934,638.250000,2069.777778,79.008009,100.000000,39.504004,50.000000,8960,280,0.133333,687.000000,0.000000,35.000000,1.580250,2.000134
0,-0.000000,0.294118,0.277778,51.284854,2.801232,1909.273388,6218.250000,84.139297,94.053146,42.069648,47.026573,9740,2180,0.294118,81.000000,0.000000,40.000000,6.301001,1.881700
0,-0.000000,0.200000,0.277778,12.185830,2.801232,683.333333,6218.250000,71.440314,94.053146,35.720157,47.026573,6830,3770,0.333333,678.000000,0.000000,35.000000,1.733806,1.881700
0,-0.000000,0.052632,0.041667,0.321753,0.128299,521.259259,447.449704,90.731260,89.371558,45.365630,44.685779,9180,1470,0.052632,568.000000,0.000000,45.000000,1.814725,1.787450
0,-0.000000,0.200000,0.277778,0.265530,2.801232,500.900277,6218.250000,57.361686,94.053146,28.680843,47.026573,6470,10,0.333333,714.000000,0.000000,25.000000,1.147312,1.881700
0,-0.000003,0.080000,0.268293,1.361681,0.126023,479.175296,443.033600,100.000000,100.000000,50.000000,50.000000,16320,4870,0.282051,568.000000,0.000000,50.000000,2.016804,2.000018
0,-0.000000,0.117647,0.125000,0.337894,0.739934,638.250000,2069.777778,79.008009,100.000000,39.504004,50.000000,5360,280,0.133333,687.000000,0.000000,35.000000,1.580250,2.000134
0,-0.000000,0.100000,0.125000,0.347970,0.739934,646.312500,2069.777778,88.659291,100.000000,44.329646,50.000000,5360,3680,0.133333,687.000000,0.000000,40.000000,1.773280,2.000134
0,0.000000,1.000000,1.000000,0.796893,0.118566,1597.840000,416.000000,62.500000,92.345089,31.250000,46.172545,8470,10,1.000000,208.000000,0.000000,30.000000,1.250201,1.846919
0,0.000000,1.000000,1.000000,0.796893,0.118566,1597.840000,416.000000,62.500000,92.345089,31.250000,46.172545,5070,10,1.000000,208.000000,0.000000,30.000000,1.250201,1.846919
0,-0.000000,0.100000,0.125000,0.347970,0.739934,646.312500,2069.777778,88.659291,100.000000,44.329646,50.000000,8960,3680,0.133333,687.000000,0.000000,40.000000,1.773280,2.000134
0,-0.000000,0.100000,0.125000,0.347970,0.739934,646.312500,2069.777778,88.659291,100.000000,44.329646,50.000000,10710,3680,0.133333,687.000000,0.000000,40.000000,1.773280,2.000134
0,-0.000000,0.100000,0.086957,1.148426,0.138497,2130.665316,474.880000,81.727566,90.779134,40.863783,45.389567,3690,10,0.105263,346.000000,0.000000,40.000000,1.634868,1.815603
0,-0.000000,0.100000,0.086957,1.148426,0.138497,2130.665316,474.880000,81.727566,90.779134,40.863783,45.389567,7090,10,0.105263,346.000000,0.000000,40.000000,1.634868,1.815603
0,-0.000003,0.080000,0.268293,1.361681,0.126023,479.175296,443.033600,100.000000,100.000000,50.000000,50.000000,6460,4870,0.282051,568.000000,0.000000,50.000000,2.016804,2.000018
0,-0.000000,0.052632,0.041667,0.321753,0.128299,521.259259,447.449704,90.731260,89.371558,45.365630,44.685779,9180,4870,0.052632,568.000000,0.000000,45.000000,1.814725,1.787450
0,-0.000000,0.294118,0.277778,51.284854,2.801232,1909.273388,6218.250000,84.139297,94.053146,42.069648,47.026573,6340,2180,0.294118,81.000000,0.000000,40.000000,6.301001,1.881700
0,-0.000000,0.117647,0.125000,0.337894,0.739934,638.250000,2069.777778,79.008009,100.000000,39.504004,50.000000,10710,280,0.133333,687.000000,0.000000,35.000000,1.580250,2.000134
0,-0.000003,0.080000,0.268293,1.361681,0.126023,479.175296,443.033600,100.000000,100.000000,50.000000,50.000000,6460,1470,0.282051,568.000000,0.000000,50.000000,2.016804,2.000018
0,0.000000,0.181818,0.181818,2.742114,0.000000,933.642722,1121.180556,82.072264,98.847319,41.036132,49.423660,11320,8120,0.181818,100.000000,0.000000,40.000000,1.719610,1.976946
0,0.000000,0.181818,0.181818,2.742114,0.000000,933.642722,1121.180556,82.072264,98.847319,41.036132,49.423660,21180,9130,0.181818,100.000000,0.000000,40.000000,1.719610,1.976946
0,0.000000,0.181818,0.181818,2.742114,0.000000,933.642722,1121.180556,82.072264,98.847319,41.036132,49.423660,21180,8120,0.181818,100.000000,0.000000,40.000000,1.719610,1.976946
0,0.000000,0.181818,0.181818,2.742114,0.000000,933.642722,1121.180556,82.072264,98.847319,41.036132,49.423660,11320,9130,0.181818,100.000000,0.000000,40.000000,1.719610,1.976946
0,-0.000000,0.285714,0.375000,1.355459,0.000000,2564.000000,3679.000000,45.126224,80.534097,22.563112,40.267048,1580,10,0.400000,280.000000,0.000000,20.000000,0.902885,1.610682
0,0.000000,0.500000,1.000000,0.329120,0.000000,330.187500,0.000000,43.408702,0.000000,21.704351,0.000000,4620,10,1.000000,1787.000000,0.000000,20.000000,0.868353,0.000000
0,0.000000,0.500000,1.000000,1.580598,0.000000,310.111111,0.000000,95.845834,0.000000,47.922917,0.000000,6030,10,1.000000,1646.000000,0.000000,45.000000,1.963181,0.000000
0,0.000000,0.500000,1.000000,1.580598,0.000000,310.111111,0.000000,95.845834,0.000000,47.922917,0.000000,1420,10,1.000000,1646.000000,0.000000,45.000000,1.963181,0.000000
0,0.000000,1.000000,1.000000,1524.740976,0.000000,17986.000000,0.000000,79.612893,0.000000,39.806447,0.000000,6370,1640,1.000000,1143.000000,0.000000,35.000000,92.612536,0.000000
0,0.000000,0.050000,0.050000,10.078813,0.000000,639.053980,510.949215,82.690911,87.710453,41.345456,43.855226,22090,6650,0.050000,69.000000,0.000000,40.000000,1.857470,1.754209
0,-0.000000,0.181818,0.153846,0.099215,0.000000,243.402778,101.282548,78.532384,89.990832,39.266192,44.995416,13430,7930,0.181818,221.000000,0.000000,35.000000,1.570668,1.799817
0,-0.000095,0.071429,0.066667,6.548970,0.000000,8158.642722,2060.532548,68.013434,89.857767,34.006717,44.928883,11320,240,0.071429,160.000000,0.000000,30.000000,1.439436,1.797155
0,0.000000,0.153846,0.153846,9.929839,0.000000,312.831758,101.282548,83.660223,89.990832,41.830112,44.995416,22090,9450,0.153846,69.000000,0.000000,40.000000,1.876823,1.799817
0,0.000000,0.050000,0.050000,10.078813,0.000000,639.053980,510.949215,82.690911,87.710453,41.345456,43.855226,12230,6650,0.050000,69.000000,0.000000,40.000000,1.857470,1.754209
0,-0.000095,0.071429,0.066667,6.548970,0.000000,8158.642722,2060.532548,68.013434,89.857767,34.006717,44.928883,21180,240,0.071429,160.000000,0.000000,30.000000,1.439436,1.797155
0,0.000000,0.153846,0.153846,9.929839,0.000000,312.831758,101.282548,83.660223,89.990832,41.830112,44.995416,12230,9450,0.153846,69.000000,0.000000,40.000000,1.876823,1.799817
0,-0.000000,0.052632,0.050000,0.122822,0.000000,281.093360,510.949215,80.696508,87.710453,40.348254,43.855226,14130,5830,0.052632,151.000000,0.000000,40.000000,1.613957,1.754209
0,-0.000095,0.071429,0.066667,9.058697,0.000000,8365.831758,2060.532548,82.896837,89.857767,41.448419,44.928883,14950,1150,0.071429,69.000000,0.000000,40.000000,1.712489,1.797155
0,-0.000000,0.058824,0.062500,73.791137,3.040655,15781.666667,6964.250000,87.821300,78.309614,43.910650,39.154807,16320,14090,0.066667,225.000000,0.000000,40.000000,2.751504,1.566866
0,-0.000000,0.058824,0.062500,73.791137,3.040655,15781.666667,6964.250000,87.821300,78.309614,43.910650,39.154807,14090,10970,0.066667,225.000000,0.000000,40.000000,2.751504,1.566866
0,-0.000000,0.058824,0.062500,73.791137,3.040655,15781.666667,6964.250000,87.821300,78.309614,43.910650,39.154807,14570,14090,0.066667,225.000000,0.000000,40.000000,2.751504,1.566866
0,-0.000002,0.222222,0.095238,0.000000,0.364872,9625.312500,881.280000,45.687787,39.319872,22.843893,19.659936,8800,10,0.222222,776.000000,0.000000,20.000000,0.913756,0.000000
0,0.000000,0.500000,0.500000,1.794706,0.000000,107.062500,95.062500,69.881428,50.000000,34.940714,25.000000,4970,10,0.500000,153.000000,0.000000,30.000000,1.414570,0.000000
0,0.000000,0.500000,0.500000,1.794706,0.000000,107.062500,95.062500,69.881428,50.000000,34.940714,25.000000,13290,10,0.500000,153.000000,0.000000,30.000000,1.414570,0.000000
0,0.000000,0.500000,0.500000,1.794706,0.000000,107.062500,95.062500,69.881428,50.000000,34.940714,25.000000,17490,10,0.500000,153.000000,0.000000,30.000000,1.414570,0.000000
0,-0.000004,0.150000,0.136364,0.176127,0.358973,426.435556,881.280000,56.371631,39.557749,28.185815,19.778874,6620,10,0.150000,132.000000,0.000000,25.000000,1.127472,0.000000
0,-0.000077,0.333333,0.263158,0.311658,0.407943,733.546667,900.937500,57.115573,39.497863,28.557787,19.748932,10900,10,0.333333,132.000000,0.000000,25.000000,1.142380,0.000000
0,-0.000001,0.666667,0.250000,0.000000,0.000000,193.888889,2292.400000,57.977424,84.204108,28.988712,42.102054,2430,10,0.666667,275.000000,0.000000,25.000000,1.159548,1.684082
0,-0.000050,0.045455,0.057143,4.143080,0.000000,1114.959012,674.048011,80.840573,90.000000,40.420286,45.000000,23310,7870,0.068966,77.000000,0.000000,40.000000,1.647477,1.800000
0,0.000000,0.666667,0.666667,3.667103,0.000000,532.428571,1968.000000,77.338387,80.223935,38.669193,40.111967,8480,2860,0.666667,16.000000,0.000000,35.000000,1.573275,1.604479
0,0.000000,0.040000,0.040000,1.922544,0.000000,452.187107,484.347107,78.018670,80.670511,39.009335,40.335256,7980,4890,0.040000,66.000000,0.000000,35.000000,1.565245,1.613410
0,-0.000000,0.111111,0.052632,3.186302,0.000000,84.916667,1300.937500,68.083479,80.491114,34.041739,40.245557,6670,2390,0.111111,625.000000,0.000000,30.000000,1.480568,1.609822
0,0.000000,0.103448,0.103448,0.174207,0.000000,467.446914,435.840000,50.838035,67.359548,25.419017,33.679774,8350,10,0.103448,29.000000,0.000000,25.000000,1.016797,1.347191
0,0.000000,0.166667,0.571429,0.153726,0.000000,356.611111,441.795918,79.277136,80.428235,39.638568,40.214118,8630,5830,0.571429,281.000000,0.000000,35.000000,1.585576,1.608565
0,-0.000050,0.045455,0.057143,4.143080,0.000000,1114.959012,674.048011,80.840573,90.000000,40.420286,45.000000,13450,7870,0.068966,77.000000,0.000000,40.000000,1.647477,1.800000
0,-0.000050,0.045455,0.057143,4.143080,0.000000,1114.959012,674.048011,80.840573,90.000000,40.420286,45.000000,16170,7870,0.068966,77.000000,0.000000,40.000000,1.647477,1.800000
0,-0.000050,0.047619,0.057143,12.304101,0.000000,545.571992,674.048011,87.124535,90.000000,43.562268,45.000000,7250,10,0.068966,139.000000,0.000000,40.000000,1.899644,1.800000
0,-0.000016,0.800000,0.181818,14.029289,0.000000,306.000000,4027.000000,88.228011,89.183032,44.114006,44.591516,1650,1140,0.833333,580.000000,0.000000,40.000000,2.169791,1.783661
0,-0.000016,0.800000,0.181818,0.669219,0.000000,80.000000,4027.000000,87.500000,89.183032,43.750000,44.591516,8840,10,0.833333,693.000000,0.000000,40.000000,1.763995,1.783661
0,-0.000016,0.800000,0.181818,0.669219,0.000000,80.000000,4027.000000,87.500000,89.183032,43.750000,44.591516,13040,10,0.833333,693.000000,0.000000,40.000000,1.763995,1.783661
0,0.000000,0.181818,0.181818,0.564206,0.000000,1133.679012,274.048011,91.368576,50.000000,45.684288,25.000000,10250,630,0.181818,91.000000,0.000000,45.000000,1.827522,0.000000
0,0.000000,0.181818,0.181818,4.168537,0.000000,1133.679012,274.048011,91.368576,50.000000,45.684288,25.000000,13450,10250,0.181818,91.000000,0.000000,45.000000,1.858047,0.000000
0,-0.000000,0.333333,0.363636,4.043406,0.000000,186.000000,369.777778,91.664544,42.064499,45.832272,21.032249,5200,5100,0.500000,707.000000,0.000000,45.000000,2.051347,0.000000
0,0.000000,0.181818,0.181818,4.168537,0.000000,1133.679012,274.048011,91.368576,50.000000,45.684288,25.000000,16170,10250,0.181818,91.000000,0.000000,45.000000,1.858047,0.000000
0,0.000000,1.000000,1.000000,77.504726,0.000000,1600.000000,0.000000,79.326453,0.000000,39.663227,0.000000,3490,2480,1.000000,868.000000,0.000000,35.000000,3.464047,0.000000
0,0.000000,0.181818,0.181818,4.168537,0.000000,1133.679012,274.048011,91.368576,50.000000,45.684288,25.000000,23310,11260,0.181818,91.000000,0.000000,45.000000,1.858047,0.000000
0,0.000000,0.181818,0.181818,4.168537,0.000000,1133.679012,274.048011,91.368576,50.000000,45.684288,25.000000,16170,11260,0.181818,91.000000,0.000000,45.000000,1.858047,0.000000
0,0.000000,0.181818,0.181818,0.564206,0.000000,1133.679012,274.048011,91.368576,50.000000,45.684288,25.000000,11260,630,0.181818,91.000000,0.000000,45.000000,1.827522,0.000000
0,0.000000,0.181818,0.181818,4.168537,0.000000,1133.679012,274.048011,91.368576,50.000000,45.684288,25.000000,23310,10250,0.181818,91.000000,0.000000,45.000000,1.858047,0.000000
0,-0.000000,0.333333,0.363636,4.043406,0.000000,186.000000,369.777778,91.664544,42.064499,45.832272,21.032249,5200,4090,0.500000,707.000000,0.000000,45.000000,2.051347,0.000000
0,0.000000,0.181818,0.181818,4.168537,0.000000,1133.679012,274.048011,91.368576,50.000000,45.684288,25.000000,13450,11260,0.181818,91.000000,0.000000,45.000000,1.858047,0.000000
0,-0.000000,0.052632,0.318182,295.647024,0.104258,5865.699704,294.048011,80.154559,100.000000,40.077280,50.000000,14770,13520,0.350000,263.000000,0.000000,40.000000,9.114556,2.000019
0,-0.000000,0.083333,0.318182,1.139916,0.104258,147.576531,294.048011,89.865483,100.000000,44.932741,50.000000,7930,6460,0.350000,822.000000,0.000000,40.000000,1.814040,2.000019
0,-0.000000,0.058824,0.318182,50.544600,0.104258,310.122722,294.048011,71.245804,100.000000,35.622902,50.000000,21190,2180,0.350000,335.000000,0.000000,35.000000,6.042960,2.000019
0,0.000000,0.045455,0.318182,1.053804,0.104258,2241.905325,294.048011,99.120311,100.000000,49.560156,50.000000,14300,10,0.318182,185.000000,0.000000,45.000000,1.982661,2.000019
0,0.000000,0.045455,0.318182,1.053804,0.104258,2241.905325,294.048011,99.120311,100.000000,49.560156,50.000000,3680,10,0.318182,185.000000,0.000000,45.000000,1.982661,2.000019
0,-0.000000,0.058824,0.318182,50.544600,0.104258,310.122722,294.048011,71.245804,100.000000,35.622902,50.000000,11330,2180,0.350000,335.000000,0.000000,35.000000,6.042960,2.000019
0,-0.000000,0.083333,0.318182,1.139916,0.104258,147.576531,294.048011,89.865483,100.000000,44.932741,50.000000,16320,7930,0.350000,822.000000,0.000000,40.000000,1.814040,2.000019
0,-0.000000,0.052632,0.318182,295.647024,0.104258,5865.699704,294.048011,80.154559,100.000000,40.077280,50.000000,14770,2900,0.350000,263.000000,0.000000,40.000000,9.114556,2.000019
0,-0.000072,1.000000,0.300000,0.010142,0.000000,63.757937,20.000000,38.219613,33.873272,19.109806,16.936636,470,10,1.000000,65.000000,0.000000,15.000000,0.764394,0.000000
0,0.000000,0.133333,0.133333,2.620292,0.000000,5507.496914,5463.250000,53.095715,40.766481,26.547858,20.383241,11670,10,0.133333,111.000000,0.000000,25.000000,1.062543,0.000000
0,0.000000,0.263158,0.266667,0.395541,0.000000,945.184414,1225.000000,52.194338,38.500372,26.097169,19.250186,12630,10,0.266667,111.000000,0.000000,25.000000,1.043974,0.000000
0,-0.000004,0.058824,0.055556,185.785607,4.009240,3428.777778,9981.000000,70.411826,83.989168,35.205913,41.994584,11100,290,0.058824,44.000000,0.000000,35.000000,6.520661,1.680592
0,-0.000005,0.100000,0.055556,2.311258,4.009240,99.571429,9981.000000,76.070994,83.989168,38.035497,41.994584,7420,1500,0.100000,412.000000,0.000000,35.000000,1.563816,1.680592
0,-0.000000,0.400000,0.105263,0.074910,1.528641,141.086420,4351.027778,89.482853,89.032301,44.741427,44.516151,8680,1730,0.400000,677.000000,0.000000,40.000000,1.789677,1.780918
0,-0.000000,0.043478,0.038462,1.132090,1.463974,385.766923,4263.490000,100.000000,100.000000,50.000000,50.000000,20850,15550,0.043478,262.000000,0.000000,50.000000,2.015901,2.000252
0,-0.000000,0.333333,0.200000,0.020048,1.874389,68.861111,5027.000000,46.000859,74.958309,23.000429,37.479155,580,10,0.333333,875.000000,0.000000,20.000000,0.920023,1.499516
0,0.000000,0.230769,0.631579,0.044585,2.757759,110.021605,7825.250000,47.613849,83.820835,23.806924,41.910418,8850,10,0.687500,932.000000,0.000000,20.000000,0.952290,1.676903
0,-0.000168,0.058824,0.250000,0.180958,1.642589,440.225325,4667.250000,91.746503,89.205385,45.873251,44.602693,10740,10,0.263158,262.000000,0.000000,45.000000,1.834974,1.784399
0,0.000020,0.304348,0.333333,0.095623,1.523459,649.048011,4406.250000,96.666667,90.928754,48.333333,45.464377,14590,10,0.333333,86.000000,0.000000,45.000000,1.933350,1.818839
0,-0.000000,0.066667,0.050000,4.696441,1.770392,2264.929012,5005.250000,81.331402,90.301083,40.665701,45.150542,13450,2370,0.066667,200.000000,0.000000,40.000000,1.657426,1.806337
0,-0.000000,0.166667,0.100000,0.345275,0.759220,636.000000,1869.000000,54.306052,80.342860,27.153026,40.171430,4610,10,0.166667,875.000000,0.000000,25.000000,1.086220,1.607012
0,-0.000000,0.076923,0.055556,3.320671,4.007736,5089.921437,10506.250000,88.954761,89.934796,44.477380,44.967398,21970,15550,0.076923,262.000000,0.000000,40.000000,1.795505,1.799466
0,-0.000000,0.066667,0.050000,1.092110,1.770392,2264.929012,5005.250000,81.331402,90.301083,40.665701,45.150542,2370,630,0.066667,200.000000,0.000000,40.000000,1.626901,1.806337
0,0.000020,0.304348,0.333333,0.095623,1.523459,649.048011,4406.250000,96.666667,90.928754,48.333333,45.464377,24450,10,0.333333,86.000000,0.000000,45.000000,1.933350,1.818839
0,-0.000000,0.043478,0.038462,1.132090,1.463974,385.766923,4263.490000,100.000000,100.000000,50.000000,50.000000,15550,10430,0.043478,262.000000,0.000000,50.000000,2.015901,2.000252
0,-0.000168,0.800000,0.250000,0.858871,1.642589,147.020408,4667.250000,87.500000,89.205385,43.750000,44.602693,2100,10,0.800000,1335.000000,0.000000,40.000000,1.757844,1.784399
0,-0.000000,0.043478,0.038462,0.338350,1.463974,590.163387,4263.490000,91.368576,100.000000,45.684288,50.000000,11050,630,0.043478,200.000000,0.000000,45.000000,1.827475,2.000252
0,-0.000168,0.800000,0.250000,0.858871,1.642589,147.020408,4667.250000,87.500000,89.205385,43.750000,44.602693,11960,10,0.800000,1335.000000,0.000000,40.000000,1.757844,1.784399
0,0.000000,0.769231,0.631579,0.026886,2.757759,89.194444,7825.250000,57.233547,83.820835,28.616774,41.910418,15990,10,0.769231,932.000000,0.000000,25.000000,1.144677,1.676903
0,-0.000000,0.142857,0.052632,0.363987,1.701148,632.861111,4530.000000,48.860189,73.026221,24.430094,36.513110,4040,10,0.142857,932.000000,0.000000,20.000000,0.977314,1.460845
0,0.000020,0.304348,0.333333,0.095623,1.523459,649.048011,4406.250000,96.666667,90.928754,48.333333,45.464377,17310,10,0.333333,86.000000,0.000000,45.000000,1.933350,1.818839
0,0.000000,0.187500,0.631579,0.044123,2.757759,175.016437,7825.250000,90.337798,83.820835,45.168899,41.910418,6710,10,0.687500,262.000000,0.000000,45.000000,1.806765,1.676903
0,-0.000000,0.040000,0.055556,2.356875,4.007736,5124.544214,10506.250000,88.954761,89.934796,44.477380,44.967398,21970,10,0.066667,262.000000,0.000000,40.000000,1.779644,1.799466
0,-0.000000,0.043478,0.038462,1.132090,1.463974,385.766923,4263.490000,100.000000,100.000000,50.000000,50.000000,12830,10430,0.043478,262.000000,0.000000,50.000000,2.015901,2.000252
0,0.000000,1.000000,0.900000,0.013005,1.815830,66.555556,5164.250000,62.648839,91.137474,31.324420,45.568737,16560,10,1.000000,875.000000,0.000000,30.000000,1.252980,1.823070
0,-0.000000,0.043478,0.038462,1.132090,1.463974,385.766923,4263.490000,100.000000,100.000000,50.000000,50.000000,20850,12830,0.043478,262.000000,0.000000,50.000000,2.015901,2.000252
0,-0.000000,0.066667,0.050000,4.696441,1.770392,2264.929012,5005.250000,81.331402,90.301083,40.665701,45.150542,23310,2370,0.066667,200.000000,0.000000,40.000000,1.657426,1.806337
0,-0.000168,0.142857,0.250000,0.800046,1.642589,624.609375,4667.250000,67.698871,89.205385,33.849436,44.602693,6770,1960,0.263158,1140.000000,0.000000,30.000000,1.356762,1.784399
0,-0.000000,0.043478,0.038462,1.132090,1.463974,385.766923,4263.490000,100.000000,100.000000,50.000000,50.000000,22690,20850,0.043478,262.000000,0.000000,50.000000,2.015901,2.000252
0,-0.000000,0.400000,0.105263,0.074910,1.528641,141.086420,4351.027778,89.482853,89.032301,44.741427,44.516151,18540,1730,0.400000,677.000000,0.000000,40.000000,1.789677,1.780918
0,-0.000000,0.043478,0.038462,1.132090,1.463974,385.766923,4263.490000,100.000000,100.000000,50.000000,50.000000,22690,10430,0.043478,262.000000,0.000000,50.000000,2.015901,2.000252
0,-0.000000,0.076923,0.055556,3.320671,4.007736,5089.921437,10506.250000,88.954761,89.934796,44.477380,44.967398,22690,21970,0.076923,262.000000,0.000000,40.000000,1.795505,1.799466
0,0.000000,0.500000,0.900000,0.042293,1.815830,113.160494,5164.250000,53.502472,91.137474,26.751236,45.568737,9420,10,0.900000,875.000000,0.000000,25.000000,1.070061,1.823070
0,-0.000000,0.043478,0.038462,0.338350,1.463974,590.163387,4263.490000,91.368576,100.000000,45.684288,50.000000,21470,630,0.043478,200.000000,0.000000,45.000000,1.827475,2.000252
0,-0.000000,0.200000,0.105263,0.086860,1.528641,162.500000,4351.027778,80.481880,89.032301,40.240940,44.516151,11400,1730,0.222222,677.000000,0.000000,40.000000,1.609661,1.780918
0,0.000000,1.000000,0.900000,0.013005,1.815830,66.555556,5164.250000,62.648839,91.137474,31.324420,45.568737,6700,10,1.000000,875.000000,0.000000,30.000000,1.252980,1.823070
0,-0.000000,0.066667,0.050000,4.696441,1.770392,2264.929012,5005.250000,81.331402,90.301083,40.665701,45.150542,16170,2370,0.066667,200.000000,0.000000,40.000000,1.657426,1.806337
0,-0.000000,0.100000,0.105263,0.256547,1.528641,575.905325,4351.027778,87.428950,89.032301,43.714475,44.516151,5880,10,0.153846,262.000000,0.000000,40.000000,1.748643,1.780918
0,0.000020,0.304348,0.333333,0.095623,1.523459,649.048011,4406.250000,96.666667,90.928754,48.333333,45.464377,1770,10,0.333333,86.000000,0.000000,45.000000,1.933350,1.818839
0,-0.000000,0.076923,0.055556,3.320671,4.007736,5089.921437,10506.250000,88.954761,89.934796,44.477380,44.967398,21970,12830,0.076923,262.000000,0.000000,40.000000,1.795505,1.799466
0,0.000000,0.769231,0.631579,0.026886,2.757759,89.194444,7825.250000,57.233547,83.820835,28.616774,41.910418,6130,10,0.769231,932.000000,0.000000,25.000000,1.144677,1.676903
0,0.000000,0.300000,0.900000,0.062583,1.815830,195.349770,5164.250000,91.424725,91.137474,45.712363,45.568737,6140,10,0.900000,262.000000,0.000000,45.000000,1.828509,1.823070
0,0.000000,1.000000,1.000000,0.243579,0.000000,564.776463,706.444444,47.940407,40.211041,23.970204,20.105520,10920,10,1.000000,171.000000,0.000000,20.000000,0.958862,0.000000
0,0.000000,0.272727,0.272727,1.325097,0.000000,31.174603,17.285714,62.754277,40.749116,31.377138,20.374558,1450,590,0.272727,113.000000,0.000000,30.000000,1.305336,0.000000
0,0.000000,0.181818,0.181818,0.682070,15.075474,1600.000000,844.444444,79.364389,37.097739,39.682194,18.548869,4040,3920,0.181818,133.000000,0.000000,35.000000,1.587433,0.000000
0,0.000000,0.571429,0.625000,0.000000,0.107418,1599.250000,500.000000,55.741167,41.517226,27.870584,20.758613,2970,10,0.625000,228.000000,0.000000,25.000000,1.114823,0.000000
0,0.000000,0.125000,0.125000,0.432140,15.182892,1037.888889,1344.444444,79.696034,78.614965,39.848017,39.307483,4040,960,0.125000,133.000000,0.000000,35.000000,1.594011,1.706879
0,0.000000,0.090909,0.090909,3.389663,0.000000,6703.902778,1653.777778,89.030615,50.000000,44.515308,25.000000,10560,7190,0.090909,76.000000,0.000000,40.000000,1.781508,0.000000
0,-0.000000,0.250000,0.222222,4.334601,0.000000,9678.000000,1568.000000,77.627299,38.809929,38.813649,19.404965,10370,6220,0.250000,95.000000,0.000000,35.000000,1.553517,0.000000
0,0.000000,0.090909,0.090909,3.389663,0.000000,6703.902778,1653.777778,89.030615,50.000000,44.515308,25.000000,14220,10560,0.090909,76.000000,0.000000,40.000000,1.781508,0.000000
0,0.001782,0.157895,0.500000,7.675103,0.018959,17019.157029,59.765625,48.520351,39.182974,24.260175,19.591487,9930,10,0.500000,147.000000,0.000000,20.000000,0.972153,0.000000
0,0.000000,0.250000,0.250000,0.717391,0.005394,40.888889,13.888889,66.477765,41.930134,33.238883,20.965067,11230,2260,0.250000,17.000000,0.000000,30.000000,1.339086,0.000000
0,0.000000,0.250000,0.250000,0.717391,0.708358,1778.040000,1751.040000,62.995154,39.334231,31.497577,19.667116,15340,11230,0.250000,17.000000,0.000000,30.000000,1.269434,0.000000
0,0.000000,0.500000,0.500000,0.137753,0.039959,308.666667,110.250000,89.823529,50.000000,44.911764,25.000000,21830,2150,0.500000,319.000000,0.000000,40.000000,1.796501,0.000000
0,0.000000,0.500000,0.500000,0.137753,0.039959,308.666667,110.250000,89.823529,50.000000,44.911764,25.000000,11410,2150,0.500000,319.000000,0.000000,40.000000,1.796501,0.000000
0,-0.000000,0.181818,0.166667,0.127656,0.000000,324.500000,737.330579,100.000000,91.767012,50.000000,45.883506,5440,4810,0.181818,104.000000,0.000000,50.000000,2.000025,1.835340
0,-0.000000,0.181818,0.166667,0.127656,0.000000,324.500000,737.330579,100.000000,91.767012,50.000000,45.883506,10700,5440,0.181818,104.000000,0.000000,50.000000,2.000025,1.835340
0,-0.000000,0.181818,0.166667,0.127656,0.000000,324.500000,737.330579,100.000000,91.767012,50.000000,45.883506,18920,10700,0.181818,104.000000,0.000000,50.000000,2.000025,1.835340
0,-0.000000,0.181818,0.166667,0.127656,0.000000,324.500000,737.330579,100.000000,91.767012,50.000000,45.883506,4890,4810,0.181818,104.000000,0.000000,50.000000,2.000025,1.835340
0,-0.000000,0.181818,0.166667,0.127656,0.000000,324.500000,737.330579,100.000000,91.767012,50.000000,45.883506,18920,4810,0.181818,104.000000,0.000000,50.000000,2.000025,1.835340
0,-0.000000,0.181818,0.166667,0.127656,0.000000,324.500000,737.330579,100.000000,91.767012,50.000000,45.883506,10700,4890,0.181818,104.000000,0.000000,50.000000,2.000025,1.835340
0,0.000000,0.625000,0.625000,3.824784,0.359995,6363.222222,900.000000,53.213532,81.300625,26.606766,40.650313,7620,90,0.625000,268.000000,0.000000,25.000000,1.082603,1.626085
0,0.000000,0.142857,0.142857,1.188529,0.701771,2842.360000,1744.000000,76.183915,78.646679,38.091958,39.323340,9020,4830,0.142857,128.000000,0.000000,35.000000,1.523927,1.573075
0,0.000000,0.666667,0.666667,0.349797,0.004492,32.000000,16.000000,60.000005,41.990589,30.000002,20.995294,10520,10,0.666667,152.000000,0.000000,30.000000,1.203824,0.000000
0,0.000000,0.222222,0.285714,0.871206,0.000000,263.008218,45.000000,66.780993,39.997576,33.390497,19.998788,10780,370,0.285714,834.000000,0.000000,30.000000,1.351123,0.000000
0,-0.000012,0.076923,0.057143,684.696846,0.000000,8041.260408,2141.333333,89.978267,95.158692,44.989133,47.579346,13140,1820,0.076923,198.000000,0.000000,40.000000,32.000176,1.903174
0,0.000000,0.800000,0.800000,72.405044,0.000000,4166.380165,716.000000,87.325544,88.631975,43.662772,44.315988,3290,10,0.800000,51.000000,0.000000,40.000000,2.391125,1.772640
0,-0.000012,0.181818,0.057143,0.547957,0.000000,1005.125000,2141.333333,89.711685,95.158692,44.855843,47.579346,15440,3900,0.181818,1122.000000,0.000000,40.000000,1.794384,1.903174
0,0.000000,0.057143,0.057143,212.209552,0.000000,6416.000000,2141.333333,88.599557,95.158692,44.299778,47.579346,3600,950,0.057143,20.000000,0.000000,40.000000,15.072631,1.903174
0,-0.000000,0.666667,0.200000,1.429905,0.000000,284.766667,1216.000000,66.942200,87.325360,33.471100,43.662680,17980,5050,0.687500,868.000000,0.000000,30.000000,1.379733,1.746507
0,-0.000012,0.181818,0.057143,0.547957,0.000000,1005.125000,2141.333333,89.711685,95.158692,44.855843,47.579346,15440,14320,0.181818,1122.000000,0.000000,40.000000,1.794384,1.903174
0,-0.000012,0.076923,0.057143,684.696846,0.000000,8041.260408,2141.333333,89.978267,95.158692,44.989133,47.579346,23560,1820,0.076923,198.000000,0.000000,40.000000,32.000176,1.903174
0,0.000000,0.800000,0.800000,72.405044,0.000000,4166.380165,716.000000,87.325544,88.631975,43.662772,44.315988,26150,10,0.800000,51.000000,0.000000,40.000000,2.391125,1.772640
0,0.000000,0.057143,0.057143,212.209552,0.000000,6416.000000,2141.333333,88.599557,95.158692,44.299778,47.579346,26460,950,0.057143,20.000000,0.000000,40.000000,15.072631,1.903174
0,0.000000,0.200000,0.200000,686.680060,0.000000,13384.020408,1216.000000,77.027717,87.325360,38.513859,43.662680,11750,1820,0.200000,198.000000,0.000000,35.000000,31.741533,1.746507
0,0.000000,0.133333,0.105263,0.470177,0.337397,1019.421488,1087.434903,76.209343,65.269592,38.104671,32.634796,10740,6990,0.133333,370.000000,0.000000,35.000000,1.524296,1.305446
0,-0.000000,0.285714,0.222222,0.405729,0.189827,886.000000,711.750000,74.557609,67.221567,37.278804,33.610784,7740,6070,0.285714,462.000000,0.000000,35.000000,1.491246,1.344457
0,-0.000000,0.153846,0.105263,0.527708,0.287217,1125.937500,949.555556,76.822285,66.741104,38.411143,33.370552,12060,6410,0.222222,428.000000,0.000000,35.000000,1.536570,1.334868
0,0.000000,0.117647,0.105263,0.158885,0.138333,361.469388,563.480000,79.199559,67.237571,39.599779,33.618786,16240,8540,0.117647,215.000000,0.000000,35.000000,1.584027,1.344768
0,-0.000015,0.150000,0.142857,5.195860,0.000000,1170.860631,1220.819252,78.003887,79.133096,39.001944,39.566548,15320,2080,0.150000,29.000000,0.000000,35.000000,1.605576,1.582662
0,-0.000000,0.222222,0.181818,0.383696,0.166501,932.187500,449.555556,46.741721,39.681601,23.370861,19.840801,13090,10,0.222222,333.000000,0.000000,20.000000,0.934916,0.000000
0,-0.000000,1.000000,0.909091,0.008615,0.205520,170.907029,587.069252,45.750206,37.996753,22.875103,18.998376,960,10,1.000000,238.000000,0.000000,20.000000,0.915006,0.000000
0,0.000000,0.181818,0.181818,0.026514,0.018311,82.638889,63.480000,81.002785,39.956079,40.501392,19.978040,16510,1380,0.181818,196.000000,0.000000,40.000000,1.620060,0.000000
0,0.000000,0.166667,0.166667,0.005317,0.011265,38.888889,25.000000,55.573002,38.594183,27.786501,19.297092,2620,10,0.166667,72.000000,0.000000,25.000000,1.111461,0.000000
0,-0.000000,0.055556,0.047619,0.070483,0.260602,219.657029,743.413518,70.053062,77.231172,35.026531,38.615586,16510,430,0.055556,202.000000,0.000000,35.000000,1.401073,1.544669
0,-0.000000,0.285714,0.200000,0.184867,0.254892,458.880000,750.292969,77.243784,80.876084,38.621892,40.438042,10250,3040,0.285714,663.000000,0.000000,35.000000,1.544913,1.617565
0,0.000000,0.800000,1.000000,2.020781,0.000000,489.000000,67.638889,78.365361,92.498631,39.182681,46.249315,780,10,1.000000,324.000000,0.000000,35.000000,1.572111,1.849973
0,0.000000,1.000000,1.000000,10.076800,0.000000,606.727273,67.638889,83.859429,92.498631,41.929715,46.249315,9030,2830,1.000000,42.000000,0.000000,40.000000,1.763045,1.849973
0,0.000000,1.000000,1.000000,10.076800,0.000000,606.727273,67.638889,83.859429,92.498631,41.929715,46.249315,19650,2830,1.000000,42.000000,0.000000,40.000000,1.763045,1.849973
0,-0.000000,0.062500,0.058824,31.794933,0.000000,1602.402353,244.250000,84.969438,92.207905,42.484719,46.103953,6870,4740,0.062500,136.000000,0.000000,40.000000,2.023921,1.844158
0,-0.000001,0.027778,0.026316,1.346931,0.000000,3494.729592,3717.250000,100.000000,100.000000,50.000000,50.000000,26820,7680,0.027778,55.000000,0.000000,50.000000,2.000260,2.000000
0,-0.000001,0.027778,0.026316,1.346931,0.000000,3494.729592,3717.250000,100.000000,100.000000,50.000000,50.000000,16400,7680,0.027778,55.000000,0.000000,50.000000,2.000260,2.000000
0,-0.000000,0.242424,0.058824,10.661075,0.000000,2146.109217,259.888889,91.363394,100.000000,45.681697,50.000000,19650,7610,0.264706,117.000000,0.000000,45.000000,1.913235,2.000000
0,-0.000001,0.027778,0.026316,1.346931,0.000000,3494.729592,3717.250000,100.000000,100.000000,50.000000,50.000000,8230,2430,0.027778,55.000000,0.000000,50.000000,2.000260,2.000000
0,-0.000000,0.242424,0.058824,10.661075,0.000000,2146.109217,259.888889,91.363394,100.000000,45.681697,50.000000,19650,7060,0.264706,117.000000,0.000000,45.000000,1.913235,2.000000
0,-0.000000,0.242424,0.058824,10.661075,0.000000,2146.109217,259.888889,91.363394,100.000000,45.681697,50.000000,19650,4530,0.264706,117.000000,0.000000,45.000000,1.913235,2.000000
0,-0.000000,0.062500,0.058824,31.794933,0.000000,1602.402353,244.250000,84.969438,92.207905,42.484719,46.103953,7420,4740,0.062500,136.000000,0.000000,40.000000,2.023921,1.844158
0,-0.000001,0.027778,0.026316,1.346931,0.000000,3494.729592,3717.250000,100.000000,100.000000,50.000000,50.000000,21710,2430,0.027778,55.000000,0.000000,50.000000,2.000260,2.000000
0,-0.000000,0.242424,0.058824,10.661075,0.000000,2146.109217,259.888889,91.363394,100.000000,45.681697,50.000000,9030,4530,0.264706,117.000000,0.000000,45.000000,1.913235,2.000000
0,-0.000000,0.347826,0.058824,0.745118,0.000000,446.170000,259.888889,81.929469,100.000000,40.964734,50.000000,3250,2320,0.347826,245.000000,0.000000,40.000000,1.640487,2.000000
0,-0.000000,0.242424,0.058824,10.661075,0.000000,2146.109217,259.888889,91.363394,100.000000,45.681697,50.000000,21090,9030,0.264706,117.000000,0.000000,45.000000,1.913235,2.000000
0,0.000000,0.200000,0.333333,31.794673,0.000000,1619.381944,224.250000,86.800928,92.499795,43.400464,46.249897,20900,2640,0.333333,136.000000,0.000000,40.000000,2.060549,1.849996
0,-0.000001,0.027778,0.026316,1.346931,0.000000,3494.729592,3717.250000,100.000000,100.000000,50.000000,50.000000,5150,2430,0.027778,55.000000,0.000000,50.000000,2.000260,2.000000
0,-0.000000,0.071429,0.058824,1.482908,0.000000,413.285714,244.250000,69.606854,92.207905,34.803427,46.103953,1450,1050,0.071429,465.000000,0.000000,30.000000,1.442420,1.844158
0,0.000000,0.200000,0.333333,31.794673,0.000000,1619.381944,224.250000,86.800928,92.499795,43.400464,46.249897,6870,2640,0.333333,136.000000,0.000000,40.000000,2.060549,1.849996
0,-0.000000,0.037037,0.058824,0.261010,0.000000,681.580579,259.888889,91.170166,100.000000,45.585083,50.000000,19810,2320,0.264706,245.000000,0.000000,45.000000,1.823453,2.000000
0,-0.000001,0.027778,0.026316,1.346931,0.000000,3494.729592,3717.250000,100.000000,100.000000,50.000000,50.000000,26820,5150,0.027778,55.000000,0.000000,50.000000,2.000260,2.000000
0,-0.000000,0.242424,0.058824,10.661075,0.000000,2146.109217,259.888889,91.363394,100.000000,45.681697,50.000000,9030,7610,0.264706,117.000000,0.000000,45.000000,1.913235,2.000000
0,-0.000001,0.027778,0.026316,1.346931,0.000000,3494.729592,3717.250000,100.000000,100.000000,50.000000,50.000000,16400,5150,0.027778,55.000000,0.000000,50.000000,2.000260,2.000000
0,-0.000001,0.027778,0.026316,1.346931,0.000000,3494.729592,3717.250000,100.000000,100.000000,50.000000,50.000000,26820,8230,0.027778,55.000000,0.000000,50.000000,2.000260,2.000000
0,-0.000000,0.062500,0.058824,31.794933,0.000000,1602.402353,244.250000,84.969438,92.207905,42.484719,46.103953,20900,4740,0.062500,136.000000,0.000000,40.000000,2.023921,1.844158
0,-0.000000,0.242424,0.058824,10.661075,0.000000,2146.109217,259.888889,91.363394,100.000000,45.681697,50.000000,21090,19650,0.264706,117.000000,0.000000,45.000000,1.913235,2.000000
0,0.000000,0.200000,0.333333,0.641229,0.000000,165.920000,224.250000,83.157986,92.499795,41.578993,46.249897,3250,1550,0.333333,245.000000,0.000000,40.000000,1.665038,1.849996
0,0.000000,0.200000,0.333333,31.794673,0.000000,1619.381944,224.250000,86.800928,92.499795,43.400464,46.249897,7420,2640,0.333333,136.000000,0.000000,40.000000,2.060549,1.849996
0,-0.000000,0.242424,0.058824,10.661075,0.000000,2146.109217,259.888889,91.363394,100.000000,45.681697,50.000000,9030,7060,0.264706,117.000000,0.000000,45.000000,1.913235,2.000000
0,-0.000000,0.037037,0.058824,0.261010,0.000000,681.580579,259.888889,91.170166,100.000000,45.585083,50.000000,6330,2320,0.264706,245.000000,0.000000,45.000000,1.823453,2.000000
0,-0.000001,0.027778,0.026316,1.346931,0.000000,3494.729592,3717.250000,100.000000,100.000000,50.000000,50.000000,16400,8230,0.027778,55.000000,0.000000,50.000000,2.000260,2.000000
0,-0.000000,0.037037,0.058824,0.261010,0.000000,681.580579,259.888889,91.170166,100.000000,45.585083,50.000000,5780,2320,0.264706,245.000000,0.000000,45.000000,1.823453,2.000000
0,-0.000001,0.027778,0.026316,1.346931,0.000000,3494.729592,3717.250000,100.000000,100.000000,50.000000,50.000000,7680,2430,0.027778,55.000000,0.000000,50.000000,2.000260,2.000000
0,-0.000001,0.027778,0.026316,1.346931,0.000000,3494.729592,3717.250000,100.000000,100.000000,50.000000,50.000000,26820,21710,0.027778,55.000000,0.000000,50.000000,2.000260,2.000000
0,-0.000001,0.027778,0.026316,1.346931,0.000000,3494.729592,3717.250000,100.000000,100.000000,50.000000,50.000000,21710,16400,0.027778,55.000000,0.000000,50.000000,2.000260,2.000000
0,-0.000003,0.100000,0.153846,0.071190,0.000000,171.555556,2154.750000,77.318664,77.815045,38.659332,38.907522,4400,10,0.250000,835.000000,0.000000,35.000000,1.546393,1.556301
0,-0.000000,0.058824,0.040000,168.623805,0.000000,2160.955556,4847.200000,77.602285,88.564362,38.801143,44.282181,5090,2790,0.058824,557.000000,0.000000,35.000000,14.298693,1.771287
0,-0.000427,0.428571,0.333333,0.718806,0.000000,1082.805556,875.000000,69.911951,75.577340,34.955975,37.788670,3950,2560,0.428571,580.000000,0.000000,30.000000,1.399414,1.511547
0,-0.000000,0.066667,0.040000,1.641893,0.000000,3483.250000,4847.200000,78.462096,88.564362,39.231048,44.282181,11070,1740,0.066667,662.000000,0.000000,35.000000,1.569629,1.771287
0,-0.000000,0.041667,0.035714,0.582533,0.000000,1428.444444,700.000000,77.555463,38.564362,38.777732,19.282181,12910,5030,0.041667,333.000000,0.000000,35.000000,1.551228,0.000000
0,0.000000,0.058824,0.058824,0.945698,0.000000,2388.000000,4409.000000,91.581814,91.782549,45.790907,45.891274,5550,2430,0.058824,71.000000,0.000000,45.000000,1.831824,1.835651
0,-0.000000,0.055556,0.052632,1.187704,0.000000,3051.768595,3509.000000,89.267370,50.000000,44.633685,25.000000,16400,15600,0.055556,71.000000,0.000000,40.000000,1.785579,0.000000
0,-0.000000,0.111111,0.090909,0.022931,0.000000,62.332908,1044.500000,46.112530,82.789538,23.056265,41.394769,3990,10,0.111111,227.000000,0.000000,20.000000,0.922256,1.655791
0,-0.000024,0.133333,0.032258,0.666779,0.000000,1850.687500,208.250000,88.803491,50.000000,44.401745,25.000000,10460,10,0.133333,585.000000,0.000000,40.000000,1.776223,0.000000
0,-0.000000,0.285714,0.333333,13.999012,0.000000,1090.444444,20825.000000,90.148726,44.358268,45.074363,22.179134,15830,12540,0.400000,377.000000,0.000000,45.000000,1.939694,0.000000
0,0.000000,0.937500,0.937500,0.000000,0.000000,857.272569,20825.000000,49.603846,44.358268,24.801923,22.179134,16150,10,0.937500,16.000000,0.000000,20.000000,0.992077,0.000000
0,0.000000,0.058824,0.058824,0.945698,0.000000,2388.000000,4409.000000,91.581814,91.782549,45.790907,45.891274,26820,5550,0.058824,71.000000,0.000000,45.000000,1.831824,1.835651
0,-0.000000,0.055556,0.052632,1.187704,0.000000,3051.768595,3509.000000,89.267370,50.000000,44.633685,25.000000,15600,2430,0.055556,71.000000,0.000000,40.000000,1.785579,0.000000
0,-0.000000,0.055556,0.090909,0.823358,0.000000,1554.858223,52.462810,77.465686,40.678742,38.732843,20.339371,10780,6830,0.153846,948.000000,0.000000,35.000000,1.549532,0.000000
0,-0.000000,0.400000,0.705882,0.752438,0.000000,1598.687500,900.000000,64.357894,41.782549,32.178947,20.891274,10320,270,0.785714,599.000000,0.000000,30.000000,1.287335,0.000000
0,0.000000,0.058824,0.058824,0.945698,0.000000,2388.000000,4409.000000,91.581814,91.782549,45.790907,45.891274,16400,5550,0.058824,71.000000,0.000000,45.000000,1.831824,1.835651
0,0.000000,0.888889,0.909091,0.168257,0.000000,455.617209,144.500000,48.447688,41.006989,24.223844,20.503494,14040,10,0.909091,227.000000,0.000000,20.000000,0.968986,0.000000
0,-0.000024,0.153846,0.032258,0.730402,0.000000,1183.111111,208.250000,77.276623,50.000000,38.638312,25.000000,8250,2140,0.181818,1417.000000,0.000000,35.000000,1.545761,0.000000
0,0.000000,0.058824,0.058824,0.015490,0.000000,111.937500,975.937500,92.204241,88.030753,46.102121,44.015376,6010,10,0.058824,25.000000,0.000000,45.000000,1.844088,1.760615
0,0.000000,0.129032,0.129032,0.251287,0.000000,764.319444,75.937500,89.189636,46.248204,44.594818,23.124102,16060,10,0.129032,25.000000,0.000000,40.000000,1.783839,0.000000
0,-0.000000,0.285714,0.333333,13.999012,0.000000,1090.444444,20825.000000,90.148726,44.358268,45.074363,22.179134,21180,12540,0.400000,377.000000,0.000000,45.000000,1.939694,0.000000
0,-0.000000,0.285714,0.333333,13.999012,0.000000,1090.444444,20825.000000,90.148726,44.358268,45.074363,22.179134,19430,12540,0.400000,377.000000,0.000000,45.000000,1.939694,0.000000
0,-0.000000,0.055556,0.052632,1.187704,0.000000,3051.768595,3509.000000,89.267370,50.000000,44.633685,25.000000,26820,15600,0.055556,71.000000,0.000000,40.000000,1.785579,0.000000
0,0.000000,0.090909,0.090909,0.000000,0.000000,131.444444,20969.500000,51.133860,85.365257,25.566930,42.682629,2120,10,0.090909,16.000000,0.000000,25.000000,1.022677,1.707305
0,0.000000,0.187500,0.187500,0.000000,0.000000,55.444444,21725.000000,53.639042,86.140817,26.819521,43.070408,6100,10,0.187500,16.000000,0.000000,25.000000,1.072781,1.722816
0,-0.000000,0.022727,0.022222,0.573884,0.000000,741.272501,53.173828,81.361501,41.957375,40.680751,20.978687,15630,330,0.022727,68.000000,0.000000,40.000000,1.628484,0.000000
0,-0.000024,0.062500,0.032258,0.000000,0.000000,2072.048611,208.250000,78.465736,50.000000,39.232868,25.000000,7380,10,0.166667,893.000000,0.000000,35.000000,1.569315,0.000000
0,-0.000024,0.052632,0.032258,1.334581,0.000000,2994.250000,208.250000,79.363406,50.000000,39.681703,25.000000,7930,10,0.095238,838.000000,0.000000,35.000000,1.587611,0.000000
0,-0.000000,0.235294,0.222222,37.986690,0.000000,5473.555556,0.000000,78.952466,0.000000,39.476233,0.000000,15550,11720,0.235294,76.000000,0.000000,35.000000,1.730148,0.000000
0,0.004118,0.294118,0.500000,37.718927,0.000000,4741.555556,900.000000,80.929483,41.737985,40.464742,20.868993,11720,5500,0.500000,77.000000,0.000000,40.000000,1.769639,0.000000
0,0.000000,0.555556,0.555556,2.962570,0.380743,3894.680000,1100.000000,79.552426,59.765021,39.776213,29.882510,27830,7350,0.555556,249.000000,0.000000,35.000000,1.631336,1.195367
0,0.000000,0.400000,0.142857,0.082549,1.618960,179.520000,4447.200000,80.813222,68.770525,40.406611,34.385262,19570,7150,0.500000,1075.000000,0.000000,40.000000,1.616284,1.375706
0,0.000000,0.285714,0.142857,168.260916,1.618960,1403.400000,4447.200000,77.832160,68.770525,38.916080,34.385262,24540,5090,0.285714,578.000000,0.000000,35.000000,14.303207,1.375706
0,-0.000000,0.433333,0.419355,4.916093,0.000000,317.458210,1674.600000,100.000000,91.642522,50.000000,45.821261,8140,10,0.433333,61.000000,0.000000,50.000000,2.050033,1.832850
0,0.000000,0.333333,0.333333,0.004998,0.000000,91.937500,421.000000,92.499743,86.207488,46.249871,43.103744,3910,10,0.333333,61.000000,0.000000,45.000000,1.849996,1.724150
0,-0.000000,0.433333,0.419355,4.916093,0.000000,317.458210,1674.600000,100.000000,91.642522,50.000000,45.821261,22170,10,0.433333,61.000000,0.000000,50.000000,2.050033,1.832850
0,0.000000,0.071429,0.071429,0.423004,0.000000,317.128906,4512.930057,83.402286,84.089083,41.701143,42.044541,12180,330,0.071429,104.000000,0.000000,40.000000,1.669273,1.681782
0,-0.000000,0.454545,0.357143,5.077647,0.000000,470.518519,5679.600000,91.146888,89.689243,45.573444,44.844622,7010,2540,0.454545,621.000000,0.000000,45.000000,1.870362,1.793785
0,-0.000001,0.310345,0.312500,0.492141,0.000000,1375.835858,1372.530057,100.000000,90.269798,50.000000,45.134899,7390,10,0.555556,136.000000,0.000000,50.000000,2.000091,1.805396
0,-0.000000,0.083333,0.058824,43.171268,0.000000,1667.881944,1460.572222,94.307343,97.689220,47.153671,48.844610,16400,4340,0.083333,188.000000,0.000000,45.000000,2.484198,1.953784
0,0.000000,0.058824,0.058824,0.016879,0.000000,127.576389,456.638889,100.000000,93.707543,50.000000,46.853771,10110,10,0.058824,61.000000,0.000000,50.000000,2.000003,1.874151
0,-0.000001,0.310345,0.312500,0.492141,0.000000,1375.835858,1372.530057,100.000000,90.269798,50.000000,45.134899,4860,10,0.555556,136.000000,0.000000,50.000000,2.000091,1.805396
0,0.000000,0.032258,0.032258,1.387899,0.000000,3584.937500,3247.290000,99.510788,93.707543,49.755394,46.853771,2890,10,0.032258,61.000000,0.000000,45.000000,1.990490,1.874151
0,-0.000000,0.363636,0.357143,3.976395,0.000000,570.222222,5679.600000,90.048481,89.689243,45.024240,44.844622,7010,10,0.384615,621.000000,0.000000,45.000000,1.846348,1.793785
0,0.000000,0.032258,0.032258,1.387899,0.000000,3584.937500,3247.290000,99.510788,93.707543,49.755394,46.853771,27280,10,0.032258,61.000000,0.000000,45.000000,1.990490,1.874151
0,-0.000000,0.083333,0.058824,43.171268,0.000000,1667.881944,1460.572222,94.307343,97.689220,47.153671,48.844610,13000,4340,0.083333,188.000000,0.000000,45.000000,2.484198,1.953784
0,0.000000,0.058824,0.058824,0.016879,0.000000,127.576389,456.638889,100.000000,93.707543,50.000000,46.853771,4680,10,0.058824,61.000000,0.000000,50.000000,2.000003,1.874151
0,-0.000000,0.433333,0.419355,4.916093,0.000000,317.458210,1674.600000,100.000000,91.642522,50.000000,45.821261,5610,10,0.433333,61.000000,0.000000,50.000000,2.050033,1.832850
0,0.000000,0.058824,0.058824,0.016879,0.000000,127.576389,456.638889,100.000000,93.707543,50.000000,46.853771,20730,10,0.058824,61.000000,0.000000,50.000000,2.000003,1.874151
0,-0.000000,0.100000,0.058824,1.696968,0.000000,320.296296,1460.572222,98.332844,97.689220,49.166422,48.844610,13020,4040,0.100000,526.000000,0.000000,45.000000,2.017842,1.953784
0,-0.000001,0.310345,0.312500,0.492141,0.000000,1375.835858,1372.530057,100.000000,90.269798,50.000000,45.134899,21420,10,0.555556,136.000000,0.000000,50.000000,2.000091,1.805396
0,-0.000000,0.454545,0.357143,5.077647,0.000000,470.518519,5679.600000,91.146888,89.689243,45.573444,44.844622,16570,7010,0.454545,621.000000,0.000000,45.000000,1.870362,1.793785
0,-0.000000,0.100000,0.058824,1.696968,0.000000,320.296296,1460.572222,98.332844,97.689220,49.166422,48.844610,9620,4040,0.100000,526.000000,0.000000,45.000000,2.017842,1.953784
0,-0.000000,0.100000,0.058824,1.696968,0.000000,320.296296,1460.572222,98.332844,97.689220,49.166422,48.844610,9620,3490,0.100000,526.000000,0.000000,45.000000,2.017842,1.953784
0,-0.000000,0.100000,0.058824,1.696968,0.000000,320.296296,1460.572222,98.332844,97.689220,49.166422,48.844610,17520,9620,0.100000,526.000000,0.000000,45.000000,2.017842,1.953784
0,-0.000000,0.100000,0.058824,1.696968,0.000000,320.296296,1460.572222,98.332844,97.689220,49.166422,48.844610,13020,3490,0.100000,526.000000,0.000000,45.000000,2.017842,1.953784
0,0.000000,0.285714,0.285714,0.103664,0.000000,351.562500,4815.000000,91.803360,85.461807,45.901680,42.730903,12610,10,0.285714,61.000000,0.000000,45.000000,1.836087,1.709236
0,-0.000000,0.433333,0.419355,4.916093,0.000000,317.458210,1674.600000,100.000000,91.642522,50.000000,45.821261,8690,10,0.433333,61.000000,0.000000,50.000000,2.050033,1.832850
0,0.000000,0.032258,0.032258,1.387899,0.000000,3584.937500,3247.290000,99.510788,93.707543,49.755394,46.853771,16860,10,0.032258,61.000000,0.000000,45.000000,1.990490,1.874151
0,-0.000001,0.310345,0.312500,0.492141,0.000000,1375.835858,1372.530057,100.000000,90.269798,50.000000,45.134899,7940,10,0.555556,136.000000,0.000000,50.000000,2.000091,1.805396
0,-0.000000,0.100000,0.058824,1.696968,0.000000,320.296296,1460.572222,98.332844,97.689220,49.166422,48.844610,17520,13020,0.100000,526.000000,0.000000,45.000000,2.017842,1.953784
0,-0.000000,0.454545,0.357143,5.077647,0.000000,470.518519,5679.600000,91.146888,89.689243,45.573444,44.844622,7010,3090,0.454545,621.000000,0.000000,45.000000,1.870362,1.793785
0,0.000000,0.166667,0.166667,0.000000,0.009871,41.000000,25.000000,50.433637,42.486886,25.216819,21.243443,700,10,0.166667,228.000000,0.000000,25.000000,1.008673,0.000000
0,0.000000,1.000000,1.000000,0.000000,0.266099,603.069252,830.965398,49.851461,40.635098,24.925730,20.317549,2360,10,1.000000,228.000000,0.000000,20.000000,0.997029,0.000000
0,-0.000000,0.285714,0.250000,0.000000,0.214772,465.555556,633.750000,51.747780,39.591578,25.873890,19.795789,16390,10,0.285714,228.000000,0.000000,25.000000,1.034956,0.000000
0,0.000000,0.500000,0.636364,1.040131,0.000000,76.000000,18.062500,73.016576,50.000000,36.508288,25.000000,7360,10,0.636364,578.000000,0.000000,35.000000,1.480366,0.000000
0,0.000000,0.500000,0.636364,1.040131,0.000000,76.000000,18.062500,73.016576,50.000000,36.508288,25.000000,15680,10,0.636364,578.000000,0.000000,35.000000,1.480366,0.000000
0,-0.000000,0.181818,0.090909,1.767583,0.000000,4049.000000,29584.000000,61.990538,39.611445,30.995269,19.805722,6850,10,0.181818,578.000000,0.000000,30.000000,1.240201,0.000000
0,0.000000,0.500000,0.636364,1.040131,0.000000,76.000000,18.062500,73.016576,50.000000,36.508288,25.000000,19880,10,0.636364,578.000000,0.000000,35.000000,1.480366,0.000000
0,-0.000000,0.125000,0.083333,1.441581,0.000000,2353.777778,1760.171875,88.573877,50.000000,44.286939,25.000000,14220,6410,0.125000,424.000000,0.000000,40.000000,1.771937,0.000000
0,0.000000,0.333333,0.333333,7.876689,0.000000,323.000000,25992.000000,91.090734,50.000000,45.545367,25.000000,23730,8730,0.333333,192.000000,0.000000,45.000000,1.958641,0.000000
0,0.000000,0.333333,0.333333,1483.425721,0.000000,21050.000000,25992.000000,71.638949,50.000000,35.819474,25.000000,9860,80,0.333333,79.000000,0.000000,35.000000,54.267158,0.000000
0,-0.000000,0.125000,0.083333,1.441581,0.000000,2353.777778,1760.171875,88.573877,50.000000,44.286939,25.000000,7190,6410,0.125000,424.000000,0.000000,40.000000,1.771937,0.000000
0,0.000000,0.333333,0.333333,7.876689,0.000000,323.000000,25992.000000,91.090734,50.000000,45.545367,25.000000,18380,8730,0.333333,192.000000,0.000000,45.000000,1.958641,0.000000
0,0.000000,0.333333,0.333333,7.876689,0.000000,323.000000,25992.000000,91.090734,50.000000,45.545367,25.000000,21980,8730,0.333333,192.000000,0.000000,45.000000,1.958641,0.000000
0,0.000000,0.111111,0.111111,1.820623,0.000000,5325.888889,320.000000,46.800634,70.936125,23.400317,35.468063,17790,10,0.111111,42.000000,0.000000,20.000000,0.936325,1.418723
0,0.000000,0.066667,0.117647,1.575698,0.000000,4358.694444,490.972222,88.429661,89.985656,44.214830,44.992828,16970,16300,0.117647,191.000000,0.000000,40.000000,1.768878,1.799713
0,0.000000,0.125000,0.125000,3.150809,0.000000,8997.620000,7387.500000,80.060317,79.858353,40.030158,39.929176,18050,17720,0.125000,16.000000,0.000000,40.000000,1.601758,1.597167
0,0.000000,0.200000,0.200000,1.642242,0.000000,318.401361,1083.750000,82.648883,84.109423,41.324441,42.054711,17970,11920,0.200000,41.000000,0.000000,40.000000,1.685686,1.682188
0,0.000000,0.466667,0.466667,2.572802,0.000000,3021.297194,750.000000,80.094245,82.230936,40.047122,41.115468,17800,11920,0.466667,41.000000,0.000000,40.000000,1.634753,1.644619
0,-0.000057,0.384615,0.227273,16.541911,0.000000,16804.320000,933.750000,78.156056,81.849800,39.078028,40.924900,9710,9540,0.384615,867.000000,0.000000,35.000000,1.641781,1.636996
0,-0.000023,0.133333,0.090909,2.364893,0.000000,5614.157029,1291.875000,49.384749,80.637690,24.692375,40.318845,13080,10,0.444444,513.000000,0.000000,20.000000,0.988207,1.612754
0,0.000000,0.066667,0.117647,1.575698,0.000000,4358.694444,490.972222,88.429661,89.985656,44.214830,44.992828,16300,13570,0.117647,191.000000,0.000000,40.000000,1.768878,1.799713
0,0.000000,0.600000,0.636364,1.637440,0.000000,168.000000,1300.000000,85.316308,85.005903,42.658154,42.502952,13020,7960,0.636364,613.000000,0.000000,40.000000,1.757500,1.700118
0,0.000000,0.600000,0.636364,1.637440,0.000000,168.000000,1300.000000,85.316308,85.005903,42.658154,42.502952,9620,7960,0.636364,613.000000,0.000000,40.000000,1.757500,1.700118
0,0.000000,1.000000,1.000000,0.005234,0.000000,66.540000,109.440000,92.498280,41.746620,46.249140,20.873310,3160,10,1.000000,237.000000,0.000000,45.000000,1.849966,0.000000
0,0.000000,0.545455,0.545455,0.015519,0.441730,66.998889,1200.000000,56.671354,81.185711,28.335677,40.592856,6250,10,0.545455,47.000000,0.000000,25.000000,1.133429,1.623796
0,0.000000,0.647059,0.647059,2.555148,0.373880,102.178889,1062.875000,99.270031,90.673720,49.635015,45.336860,3930,10,0.647059,279.000000,0.000000,45.000000,2.048616,1.813540
0,0.000000,0.545455,0.545455,0.015519,0.441730,66.998889,1200.000000,56.671354,81.185711,28.335677,40.592856,11680,10,0.545455,47.000000,0.000000,25.000000,1.133429,1.623796
0,0.000000,0.545455,0.545455,0.015519,0.441730,66.998889,1200.000000,56.671354,81.185711,28.335677,40.592856,22300,10,0.545455,47.000000,0.000000,25.000000,1.133429,1.623796
0,0.000000,0.818182,0.818182,0.037386,0.408365,124.800000,1062.875000,48.156495,71.859431,24.078247,35.929716,2330,10,0.818182,47.000000,0.000000,20.000000,0.963136,1.437267
0,0.000000,0.647059,0.647059,2.555148,0.373880,102.178889,1062.875000,99.270031,90.673720,49.635015,45.336860,9360,10,0.647059,279.000000,0.000000,45.000000,2.048616,1.813540
0,-0.000000,0.111111,0.100000,3.253500,0.203510,95.840495,574.875000,69.643680,81.873417,34.821840,40.936709,14070,770,0.111111,203.000000,0.000000,30.000000,1.515468,1.637505
0,0.000000,0.647059,0.647059,2.555148,0.373880,102.178889,1062.875000,99.270031,90.673720,49.635015,45.336860,19980,10,0.647059,279.000000,0.000000,45.000000,2.048616,1.813540
0,0.000000,0.500000,0.500000,0.000000,0.214325,679.000000,700.000000,51.432996,26.715415,25.716498,13.357707,16010,10,0.500000,27.000000,0.000000,25.000000,1.028660,0.000000
0,-0.000025,0.500000,0.333333,3.665415,0.055860,76.000000,180.000000,66.328482,36.422412,33.164241,18.211206,2120,10,0.500000,1416.000000,0.000000,30.000000,1.431533,0.000000
0,-0.000000,0.222222,0.200000,0.628709,0.000000,1881.687075,2366.183673,89.961906,49.289313,44.980953,24.644656,23300,7650,0.222222,63.000000,0.000000,40.000000,1.799343,0.000000
0,-0.000000,0.142857,0.100000,0.098835,0.000000,289.510631,900.243827,78.586404,40.752970,39.293202,20.376485,4330,2250,0.142857,395.000000,0.000000,35.000000,1.571745,0.000000
0,-0.000000,0.222222,0.200000,0.628709,0.000000,1881.687075,2366.183673,89.961906,49.289313,44.980953,24.644656,17460,7650,0.222222,63.000000,0.000000,40.000000,1.799343,0.000000
0,-0.000000,0.222222,0.200000,0.628709,0.000000,1881.687075,2366.183673,89.961906,49.289313,44.980953,24.644656,20920,7650,0.222222,63.000000,0.000000,40.000000,1.799343,0.000000
0,0.000000,1.000000,1.000000,0.253361,0.148556,681.333333,400.000000,48.225231,41.990560,24.112616,20.995280,22470,10,1.000000,548.000000,0.000000,20.000000,0.964554,0.000000
0,-0.000256,0.222222,0.153846,0.014635,0.021267,67.108418,77.160494,48.388999,39.248808,24.194499,19.624404,11480,10,0.222222,750.000000,0.000000,20.000000,0.967783,0.000000
0,0.001282,0.166667,0.230769,0.223121,0.159485,667.921769,495.937500,91.666641,50.000000,45.833321,25.000000,23860,6700,0.230769,81.000000,0.000000,45.000000,1.833370,0.000000
0,-0.000128,0.090909,0.076923,7.852737,0.081538,198.040000,300.000000,81.143064,41.629213,40.571532,20.814606,13610,4640,0.090909,287.000000,0.000000,40.000000,1.804848,0.000000
0,-0.000128,0.090909,0.076923,4.938777,0.269177,245.040000,900.243827,74.085449,40.847769,37.042725,20.423884,2580,1500,0.090909,493.000000,0.000000,35.000000,1.537918,0.000000
0,-0.000256,0.222222,0.153846,0.041171,0.021789,147.534722,84.347107,48.001340,38.726588,24.000670,19.363294,15010,10,0.222222,750.000000,0.000000,20.000000,0.960034,0.000000
0,0.001282,0.166667,0.230769,0.223121,0.159485,667.921769,495.937500,91.666641,50.000000,45.833321,25.000000,9830,6700,0.230769,81.000000,0.000000,45.000000,1.833370,0.000000
0,0.001282,0.166667,0.230769,0.223121,0.159485,667.921769,495.937500,91.666641,50.000000,45.833321,25.000000,10380,6700,0.230769,81.000000,0.000000,45.000000,1.833370,0.000000
0,-0.001154,0.888889,0.692308,0.024278,0.018460,96.187500,68.903592,48.676735,39.784048,24.338367,19.892024,5590,10,0.900000,750.000000,0.000000,20.000000,0.973539,0.000000
0,0.001282,0.166667,0.230769,0.223121,0.159485,667.921769,495.937500,91.666641,50.000000,45.833321,25.000000,7300,6700,0.230769,81.000000,0.000000,45.000000,1.833370,0.000000
0,0.000000,0.333333,0.333333,0.011023,0.008977,54.040000,25.000000,54.726847,42.499859,27.363423,21.249929,2750,10,0.333333,476.000000,0.000000,25.000000,1.094539,0.000000
0,-0.000291,0.285714,0.181818,397.511801,0.000000,13506.250000,441.000000,78.164413,36.552581,39.082207,18.276291,13780,6680,0.285714,587.000000,0.000000,35.000000,7.426326,0.000000
0,-0.000000,0.222222,0.200000,0.475328,0.569165,148.791667,2016.777778,79.628689,81.916719,39.814345,40.958360,25270,9480,0.222222,275.000000,0.000000,35.000000,1.595170,1.638415
0,0.000000,0.166667,0.166667,0.066916,0.000000,221.301020,325.000000,53.145696,61.267302,26.572848,30.633651,8330,10,0.166667,552.000000,0.000000,25.000000,1.062925,1.225346
0,0.000000,0.166667,0.166667,0.014917,0.000000,72.688091,316.000000,51.766318,60.627883,25.883159,30.313942,12330,10,0.166667,152.000000,0.000000,25.000000,1.035328,1.212558
0,0.000000,0.076923,0.066667,0.079040,0.000000,178.292969,341.795918,90.911648,68.767322,45.455824,34.383661,19370,9270,0.076923,458.000000,0.000000,45.000000,1.818257,1.375346
0,-0.000000,0.250000,0.187500,7.879031,0.000000,287.750000,999.111111,80.520950,57.566789,40.260475,28.783395,13610,10220,0.250000,363.000000,0.000000,40.000000,1.792410,1.151336
0,-0.000000,0.285714,0.090909,0.253309,0.000000,570.347107,22745.000000,74.449547,58.618373,37.224774,29.309186,3950,1690,0.285714,990.000000,0.000000,35.000000,1.489047,1.172367
0,0.000000,0.076923,0.066667,0.079040,0.000000,178.292969,341.795918,90.911648,68.767322,45.455824,34.383661,23570,9270,0.076923,458.000000,0.000000,45.000000,1.818257,1.375346
0,-0.000000,0.045455,0.041667,0.231986,0.000000,704.443193,691.851852,91.764672,68.767322,45.882336,34.383661,23860,12280,0.045455,157.000000,0.000000,45.000000,1.835332,1.375346
0,-0.000000,0.045455,0.041667,0.231986,0.000000,704.443193,691.851852,91.764672,68.767322,45.882336,34.383661,12280,10380,0.045455,157.000000,0.000000,45.000000,1.835332,1.375346
0,-0.000000,0.133333,0.074074,0.047393,0.000000,139.274691,4970.437500,72.714727,58.499929,36.357363,29.249964,2560,10,0.133333,1384.000000,0.000000,35.000000,1.454307,1.169999
0,-0.000000,0.045455,0.041667,0.231986,0.000000,704.443193,691.851852,91.764672,68.767322,45.882336,34.383661,12280,9830,0.045455,157.000000,0.000000,45.000000,1.835332,1.375346
0,-0.000000,0.300000,0.041667,0.060693,0.000000,162.091173,384.347107,69.686669,59.885095,34.843335,29.942547,9430,10,0.333333,1384.000000,0.000000,30.000000,1.393750,1.197702
0,-0.000000,0.200000,0.111111,7.562022,0.000000,525.000000,430.506173,77.856321,58.094817,38.928160,29.047409,7740,1850,0.200000,1200.000000,0.000000,35.000000,1.620175,1.161896
0,0.000000,0.076923,0.066667,0.079040,0.000000,178.292969,341.795918,90.911648,68.767322,45.455824,34.383661,11050,9270,0.076923,458.000000,0.000000,45.000000,1.818257,1.375346
0,0.000000,1.000000,0.888889,1.207559,0.000000,236.444444,1029.000000,67.883290,59.649255,33.941645,29.824627,2970,10,1.000000,1088.000000,0.000000,30.000000,1.365553,1.192985
0,-0.000000,0.045455,0.041667,0.231986,0.000000,704.443193,691.851852,91.764672,68.767322,45.882336,34.383661,12280,7300,0.045455,157.000000,0.000000,45.000000,1.835332,1.375346
0,-0.000000,0.071429,0.038462,0.097588,0.000000,244.347107,9195.888889,79.497321,68.767322,39.748660,34.383661,4380,3340,0.095238,947.000000,0.000000,35.000000,1.589966,1.375346
0,-0.000000,0.058824,0.038462,185.800262,0.000000,3475.104167,9195.888889,74.351479,68.767322,37.175739,34.383661,6220,290,0.095238,763.000000,0.000000,35.000000,6.599457,1.375346
0,-0.000853,0.666667,0.600000,1.239283,0.195768,737.312500,600.000000,78.664371,36.407041,39.332186,18.203521,14920,2310,0.666667,310.000000,0.000000,35.000000,1.604549,0.000000
0,0.000000,1.000000,1.000000,1.390187,0.000000,395.000000,0.000000,96.666667,0.000000,48.333333,0.000000,16060,10,1.000000,848.000000,0.000000,45.000000,1.981649,0.000000
0,0.000000,1.000000,1.000000,1.089862,0.000000,39.111111,0.000000,50.030944,0.000000,25.015472,0.000000,10630,10,1.000000,1391.000000,0.000000,25.000000,1.021830,0.000000
0,0.000000,1.000000,1.000000,1.390187,0.000000,395.000000,0.000000,96.666667,0.000000,48.333333,0.000000,5440,10,1.000000,848.000000,0.000000,45.000000,1.981649,0.000000
0,0.000000,0.111111,0.111111,1.130317,0.000000,95.590278,2319.312500,83.984845,89.905133,41.992423,44.952566,9200,2920,0.111111,53.000000,0.000000,40.000000,1.719666,1.798103
0,0.000000,0.111111,0.111111,1.130317,0.000000,95.590278,2319.312500,83.984845,89.905133,41.992423,44.952566,32060,2920,0.111111,53.000000,0.000000,40.000000,1.719666,1.798103
0,0.000000,0.095238,0.090909,2.505162,0.388938,7191.000000,1247.755102,98.622381,100.000000,49.311190,50.000000,10190,8780,0.095238,360.000000,0.000000,45.000000,1.972884,2.000061
0,0.000000,0.038462,0.038462,4.356364,0.544759,11555.074830,1904.408163,97.368421,99.881603,48.684211,49.940801,23360,13650,0.038462,14.000000,0.000000,45.000000,1.948375,1.997711
0,0.000000,0.038462,0.038462,4.356364,0.544759,11555.074830,1904.408163,97.368421,99.881603,48.684211,49.940801,26080,8760,0.038462,14.000000,0.000000,45.000000,1.948375,1.997711
0,0.000000,0.038462,0.038462,4.356364,0.544759,11555.074830,1904.408163,97.368421,99.881603,48.684211,49.940801,33220,8760,0.038462,14.000000,0.000000,45.000000,1.948375,1.997711
0,0.000789,0.285714,0.272727,0.113651,0.853037,234.677686,2904.000000,46.547071,100.000000,23.273535,50.000000,18860,10,0.428571,1378.000000,0.000000,20.000000,0.930971,2.000126
0,0.000000,0.038462,0.038462,4.356364,0.544759,11555.074830,1904.408163,97.368421,99.881603,48.684211,49.940801,26080,13650,0.038462,14.000000,0.000000,45.000000,1.948375,1.997711
0,0.000000,0.038462,0.038462,4.356364,0.544759,11555.074830,1904.408163,97.368421,99.881603,48.684211,49.940801,33220,13650,0.038462,14.000000,0.000000,45.000000,1.948375,1.997711
0,0.000000,0.038462,0.038462,4.356364,0.544759,11555.074830,1904.408163,97.368421,99.881603,48.684211,49.940801,13650,10540,0.038462,14.000000,0.000000,45.000000,1.948375,1.997711
0,0.000000,0.095238,0.090909,2.505162,0.388938,7191.000000,1247.755102,98.622381,100.000000,49.311190,50.000000,10190,9330,0.095238,360.000000,0.000000,45.000000,1.972884,2.000061
0,0.000000,0.600000,0.600000,0.000000,0.214235,8959.888889,664.000000,72.590990,90.664589,36.295495,45.332294,12720,10,0.600000,107.000000,0.000000,35.000000,1.451820,1.813326
0,0.000000,0.095238,0.090909,2.505162,0.388938,7191.000000,1247.755102,98.622381,100.000000,49.311190,50.000000,10190,6250,0.095238,360.000000,0.000000,45.000000,1.972884,2.000061
0,0.000000,0.095238,0.090909,2.505162,0.388938,7191.000000,1247.755102,98.622381,100.000000,49.311190,50.000000,9330,5300,0.095238,360.000000,0.000000,45.000000,1.972884,2.000061
0,0.000789,0.157895,0.272727,687.002425,0.853037,13267.020408,2904.000000,87.596640,100.000000,43.798320,50.000000,5830,1820,0.428571,796.000000,0.000000,40.000000,31.953052,2.000126
0,0.000000,0.095238,0.090909,2.505162,0.388938,7191.000000,1247.755102,98.622381,100.000000,49.311190,50.000000,8780,5300,0.095238,360.000000,0.000000,45.000000,1.972884,2.000061
0,0.000000,0.095238,0.090909,2.505162,0.388938,7191.000000,1247.755102,98.622381,100.000000,49.311190,50.000000,6250,5300,0.095238,360.000000,0.000000,45.000000,1.972884,2.000061
0,0.000000,0.038462,0.038462,4.356364,0.544759,11555.074830,1904.408163,97.368421,99.881603,48.684211,49.940801,10540,8760,0.038462,14.000000,0.000000,45.000000,1.948375,1.997711
0,0.000789,0.166667,0.272727,2.346179,0.853037,5656.959184,2904.000000,49.880318,100.000000,24.940159,50.000000,23750,10,0.428571,889.000000,0.000000,20.000000,0.998096,2.000126
0,0.000000,0.095238,0.090909,2.505162,0.388938,7191.000000,1247.755102,98.622381,100.000000,49.311190,50.000000,22810,10190,0.095238,360.000000,0.000000,45.000000,1.972884,2.000061
0,0.000000,0.600000,0.600000,0.000000,0.214235,8959.888889,664.000000,72.590990,90.664589,36.295495,45.332294,7830,10,0.600000,107.000000,0.000000,35.000000,1.451820,1.813326
0,0.000000,0.095238,0.090909,2.505162,0.388938,7191.000000,1247.755102,98.622381,100.000000,49.311190,50.000000,22810,5300,0.095238,360.000000,0.000000,45.000000,1.972884,2.000061
0,0.000000,0.038462,0.038462,4.356364,0.544759,11555.074830,1904.408163,97.368421,99.881603,48.684211,49.940801,23360,8760,0.038462,14.000000,0.000000,45.000000,1.948375,1.997711
0,0.000789,0.157895,0.272727,687.002425,0.853037,13267.020408,2904.000000,87.596640,100.000000,43.798320,50.000000,1820,940,0.428571,796.000000,0.000000,40.000000,31.953052,2.000126
0,0.000000,1.000000,1.000000,15.785966,0.375683,731.777778,1100.000000,67.478923,37.137009,33.739462,18.568504,11340,2030,1.000000,89.000000,0.000000,30.000000,1.560110,0.000000
0,0.000000,1.000000,1.000000,0.092527,0.239357,301.666667,600.000000,49.333294,41.285279,24.666647,20.642640,17960,10,1.000000,351.000000,0.000000,20.000000,0.986681,0.000000
0,-0.000000,0.222222,0.200000,0.061019,0.506084,195.000000,1568.000000,49.177536,83.530543,24.588768,41.765272,4150,10,0.222222,351.000000,0.000000,20.000000,0.983561,1.670695
0,-0.000000,0.666667,0.454545,0.387898,0.266727,928.600000,968.000000,49.715415,42.245264,24.857708,21.122632,13820,10,0.666667,765.000000,0.000000,20.000000,0.994391,0.000000
0,-0.000000,0.111111,0.066667,210.460080,6.928856,1875.750000,18500.187500,79.838113,90.794896,39.919057,45.397448,12040,950,0.142857,639.000000,0.000000,35.000000,14.897065,1.817197
0,-0.000002,0.083333,0.060606,5.573607,7.251526,16850.000000,19582.074074,89.613889,88.578413,44.806944,44.289207,14020,3770,0.083333,357.000000,0.000000,40.000000,1.793206,1.772915
0,-0.000000,0.333333,0.461538,0.000000,7.170000,1789.000000,19152.000000,64.030021,90.740319,32.015010,45.370159,1060,10,0.500000,628.000000,0.000000,30.000000,1.280600,1.816149
0,-0.000000,0.400000,0.333333,0.000000,6.925311,3609.000000,18432.000000,64.689608,91.591505,32.344804,45.795752,3410,10,0.400000,393.000000,0.000000,30.000000,1.293792,1.833131
0,-0.000000,0.400000,0.333333,0.000000,6.925311,3609.000000,18432.000000,64.689608,91.591505,32.344804,45.795752,17380,10,0.400000,393.000000,0.000000,30.000000,1.293792,1.833131
0,-0.000002,0.083333,0.060606,5.573607,7.251526,16850.000000,19582.074074,89.613889,88.578413,44.806944,44.289207,28160,14020,0.083333,357.000000,0.000000,40.000000,1.793206,1.772915
0,-0.000000,0.400000,0.333333,0.000000,6.925311,3609.000000,18432.000000,64.689608,91.591505,32.344804,45.795752,27800,10,0.400000,393.000000,0.000000,30.000000,1.293792,1.833131
0,-0.000000,0.222222,0.066667,6.183288,6.928856,531.484375,18500.187500,84.282153,90.794896,42.141077,45.397448,21500,8200,0.222222,1023.000000,0.000000,40.000000,1.789307,1.817197
0,-0.000000,0.222222,0.066667,6.183288,6.928856,531.484375,18500.187500,84.282153,90.794896,42.141077,45.397448,11080,8200,0.222222,1023.000000,0.000000,40.000000,1.789307,1.817197
0,-0.000000,0.333333,0.461538,0.000000,7.170000,1789.000000,19152.000000,64.030021,90.740319,32.015010,45.370159,25450,10,0.500000,628.000000,0.000000,30.000000,1.280600,1.816149
0,-0.000000,0.083333,0.076923,4.631752,0.693045,3509.500000,2230.074074,76.245478,79.318732,38.122739,39.659366,15440,4140,0.083333,215.000000,0.000000,35.000000,1.616030,1.586483
0,-0.000000,0.333333,0.461538,0.000000,7.170000,1789.000000,19152.000000,64.030021,90.740319,32.015010,45.370159,15030,10,0.500000,628.000000,0.000000,30.000000,1.280600,1.816149
0,-0.000002,0.083333,0.060606,5.573607,7.251526,16850.000000,19582.074074,89.613889,88.578413,44.806944,44.289207,17740,14020,0.083333,357.000000,0.000000,40.000000,1.793206,1.772915
0,0.000000,0.050000,0.050000,33.584254,0.321775,747.248687,1078.693297,72.695463,74.240568,36.347731,37.120284,20860,11600,0.050000,10.000000,0.000000,35.000000,2.358233,1.484859
0,0.000000,0.250000,0.250000,0.013127,0.000000,54.000000,27.000000,71.234873,37.402482,35.617437,18.701241,3350,610,0.250000,48.000000,0.000000,35.000000,1.424699,0.000000
0,0.000000,0.500000,0.500000,0.214001,0.000000,673.555556,417.444444,67.468213,37.596495,33.734107,18.798248,13760,470,0.500000,336.000000,0.000000,30.000000,1.349398,0.000000
0,-0.000011,0.142857,0.125000,0.032140,0.015052,145.555556,52.000000,47.113799,41.855577,23.556899,20.927788,13230,10,0.142857,141.000000,0.000000,20.000000,0.942281,0.000000
0,-0.000023,0.071429,0.250000,3.539152,0.448503,10405.555556,1364.343750,46.240096,37.401123,23.120048,18.700562,15190,10,0.285714,141.000000,0.000000,20.000000,0.925406,0.000000
0,0.000040,0.571429,0.562500,0.008756,0.006405,69.555556,25.283951,56.280490,50.000000,28.140245,25.000000,24020,10,0.571429,141.000000,0.000000,25.000000,1.125611,0.000000
0,0.000040,0.571429,0.562500,0.008756,0.006405,69.555556,25.283951,56.280490,50.000000,28.140245,25.000000,28220,10,0.571429,141.000000,0.000000,25.000000,1.125611,0.000000
0,0.000000,0.142857,0.142857,0.011497,0.010643,82.555556,45.000000,32.274561,41.549254,16.137280,20.774627,170,10,0.142857,141.000000,0.000000,15.000000,0.645493,0.000000
0,0.000000,0.200000,0.200000,1.987473,1.898771,5652.591837,5625.000000,75.149159,39.999134,37.574579,19.999567,12200,700,0.200000,72.000000,0.000000,35.000000,1.503333,0.000000
0,0.000040,0.571429,0.562500,0.008756,0.006405,69.555556,25.283951,56.280490,50.000000,28.140245,25.000000,15700,10,0.571429,141.000000,0.000000,25.000000,1.125611,0.000000
0,-0.000000,0.050000,0.038462,3.602759,0.333901,5184.229025,1304.408163,87.692301,50.000000,43.846151,25.000000,25810,13730,0.050000,115.000000,0.000000,40.000000,1.785983,0.000000
0,-0.000000,0.050000,0.038462,3.602759,0.333901,5184.229025,1304.408163,87.692301,50.000000,43.846151,25.000000,32950,13730,0.050000,115.000000,0.000000,40.000000,1.785983,0.000000
0,0.002465,0.222222,0.562500,2.249860,0.171023,207.179642,556.033058,77.533462,35.347305,38.766731,17.673652,20310,13730,0.562500,115.000000,0.000000,35.000000,1.582623,0.000000
0,-0.000000,0.050000,0.038462,3.602759,0.333901,5184.229025,1304.408163,87.692301,50.000000,43.846151,25.000000,13730,10270,0.050000,115.000000,0.000000,40.000000,1.785983,0.000000
0,-0.000006,0.521739,0.448276,6.933094,0.059596,417.917355,204.132716,82.132256,41.050307,41.066128,20.525153,12830,10150,0.714286,205.000000,0.000000,40.000000,1.700914,0.000000
0,0.000000,0.250000,0.590909,20.435398,0.032077,1900.000000,105.090909,82.261837,41.182137,41.130918,20.591068,27930,12830,0.631579,205.000000,0.000000,40.000000,1.755521,0.000000
0,0.000000,0.200000,0.200000,1.522910,0.072115,332.777778,224.777778,81.446335,41.424028,40.723167,20.712014,12830,12140,0.200000,205.000000,0.000000,40.000000,1.638579,0.000000
0,0.000000,0.034483,0.034483,1.052118,0.230619,569.933691,760.165774,73.244345,76.397611,36.622172,38.198806,21330,12070,0.034483,13.000000,0.000000,35.000000,1.467267,1.527987
0,0.000000,0.045455,0.045455,0.970714,0.203100,291.462100,661.123967,73.381360,76.529442,36.690680,38.264721,29850,21330,0.045455,13.000000,0.000000,35.000000,1.469995,1.530620
0,-0.000000,0.050000,0.038462,3.602759,0.333901,5184.229025,1304.408163,87.692301,50.000000,43.846151,25.000000,23090,13730,0.050000,115.000000,0.000000,40.000000,1.785983,0.000000
0,0.000000,0.100000,0.100000,1.988115,1.876569,5657.000000,5625.000000,89.994641,39.999584,44.997320,19.999792,16390,12200,0.100000,101.000000,0.000000,40.000000,1.800242,0.000000
0,0.000000,1.000000,1.000000,22.218132,0.000000,484.000000,0.000000,92.028188,0.000000,46.014094,0.000000,14170,1650,1.000000,1575.000000,0.000000,45.000000,2.385173,0.000000
0,-0.000000,0.153846,0.470588,22.117187,8.313835,25983.562500,25047.000000,68.980840,37.594478,34.490420,18.797239,18150,9320,0.500000,757.000000,0.000000,30.000000,1.878829,0.000000
0,0.000000,1.000000,1.000000,22.218132,0.000000,484.000000,0.000000,92.028188,0.000000,46.014094,0.000000,9970,1650,1.000000,1575.000000,0.000000,45.000000,2.385173,0.000000
0,0.000000,0.100000,0.100000,1.988115,1.876569,5657.000000,5625.000000,89.994641,39.999584,44.997320,19.999792,28910,12200,0.100000,101.000000,0.000000,40.000000,1.800242,0.000000
0,0.000000,0.062500,0.062500,0.522537,0.508068,1504.395062,1479.111111,87.173080,39.395147,43.586540,19.697573,25340,15770,0.062500,38.000000,0.000000,40.000000,1.743552,0.000000
0,-0.000000,0.153846,0.470588,22.117187,8.313835,25983.562500,25047.000000,68.980840,37.594478,34.490420,18.797239,22350,9320,0.500000,757.000000,0.000000,30.000000,1.878829,0.000000
0,0.000000,0.714286,0.714286,0.000000,0.042076,86.795918,180.000000,68.000231,41.376167,34.000116,20.688083,28060,10,0.714286,186.000000,0.000000,30.000000,1.360005,0.000000
0,0.000000,0.062500,0.062500,0.522537,0.508068,1504.395062,1479.111111,87.173080,39.395147,43.586540,19.697573,17020,15770,0.062500,38.000000,0.000000,40.000000,1.743552,0.000000
0,-0.000000,0.153846,0.470588,22.117187,8.313835,25983.562500,25047.000000,68.980840,37.594478,34.490420,18.797239,9830,9320,0.500000,757.000000,0.000000,30.000000,1.878829,0.000000
0,0.000000,0.062500,0.062500,0.522537,0.508068,1504.395062,1479.111111,87.173080,39.395147,43.586540,19.697573,29540,15770,0.062500,38.000000,0.000000,40.000000,1.743552,0.000000
0,0.000000,0.500000,1.000000,9.032112,0.000000,8462.000000,0.000000,37.198361,0.000000,18.599181,0.000000,4240,40,1.000000,2568.000000,0.000000,15.000000,0.748788,0.000000
0,0.000000,0.142857,0.142857,7.016154,8.355910,990.312500,25227.000000,76.613804,78.970645,38.306902,39.485322,15750,730,0.142857,114.000000,0.000000,35.000000,1.558232,1.580798
0,0.000000,0.714286,0.714286,0.000000,0.042076,86.795918,180.000000,68.000231,41.376167,34.000116,20.688083,23860,10,0.714286,186.000000,0.000000,30.000000,1.360005,0.000000
0,0.000000,0.100000,0.100000,1.988115,1.876569,5657.000000,5625.000000,89.994641,39.999584,44.997320,19.999792,24710,12200,0.100000,101.000000,0.000000,40.000000,1.800242,0.000000
0,0.000000,0.714286,0.714286,0.000000,0.042076,86.795918,180.000000,68.000231,41.376167,34.000116,20.688083,15540,10,0.714286,186.000000,0.000000,30.000000,1.360005,0.000000
0,0.000000,1.000000,1.000000,0.021812,0.020910,100.347107,87.500000,48.474949,39.006666,24.237475,19.503333,22490,10,1.000000,264.000000,0.000000,20.000000,0.969502,0.000000
0,0.000000,0.142857,0.142857,0.009349,0.062031,45.160000,187.777778,60.000000,50.000000,30.000000,25.000000,7320,10,0.142857,264.000000,0.000000,25.000000,1.200001,0.000000
0,0.000000,0.142857,0.142857,0.980817,0.784387,2920.000000,2542.543210,58.282370,49.614215,29.141185,24.807107,18300,10,0.142857,264.000000,0.000000,25.000000,1.165813,0.000000
0,0.000000,0.142857,0.142857,0.009349,0.062031,45.160000,187.777778,60.000000,50.000000,30.000000,25.000000,4510,10,0.142857,264.000000,0.000000,25.000000,1.200001,0.000000
0,0.000000,0.142857,0.142857,0.980817,0.784387,2920.000000,2542.543210,58.282370,49.614215,29.141185,24.807107,24140,10,0.142857,264.000000,0.000000,25.000000,1.165813,0.000000
0,0.000000,0.142857,0.142857,0.980817,0.784387,2920.000000,2542.543210,58.282370,49.614215,29.141185,24.807107,21760,10,0.142857,264.000000,0.000000,25.000000,1.165813,0.000000
0,-0.000187,0.285714,0.250000,3.575072,0.000000,10448.000000,521.500000,79.665120,72.801721,39.832560,36.400861,15110,9410,0.285714,199.000000,0.000000,35.000000,1.593914,1.456034
0,-0.000003,0.095238,0.076923,2.240873,0.000000,6683.308642,2942.543210,89.971661,87.249398,44.985830,43.624699,25130,15330,0.095238,177.000000,0.000000,40.000000,1.799809,1.744988
0,-0.000002,0.050000,0.038462,4.910519,0.000000,15038.437500,1730.074074,79.676286,77.909737,39.838143,38.954869,16390,15110,0.050000,199.000000,0.000000,35.000000,1.594332,1.558195
0,-0.000003,0.095238,0.076923,2.240873,0.000000,6683.308642,2942.543210,89.971661,87.249398,44.985830,43.624699,22750,15330,0.095238,177.000000,0.000000,40.000000,1.799809,1.744988
0,-0.000003,0.095238,0.076923,2.240873,0.000000,6683.308642,2942.543210,89.971661,87.249398,44.985830,43.624699,19290,15330,0.095238,177.000000,0.000000,40.000000,1.799809,1.744988
0,-0.000000,0.833333,0.714286,0.082897,0.000000,270.919421,2240.000000,48.546005,39.104195,24.273003,19.552097,1670,10,0.833333,769.000000,0.000000,20.000000,0.970934,0.000000
0,0.000000,0.333333,0.428571,0.000000,0.000000,54.040000,72.250000,54.276616,32.860754,27.138308,16.430377,5440,10,0.428571,226.000000,0.000000,25.000000,1.085532,0.000000
0,0.000000,0.166667,0.166667,0.009225,0.000000,61.000000,36.000000,52.499449,42.494792,26.249725,21.247396,4280,10,0.166667,342.000000,0.000000,25.000000,1.049991,0.000000
0,-0.000000,0.166667,0.142857,0.484898,0.000000,1241.000000,1377.000000,53.532433,39.586402,26.766216,19.793201,15700,10,0.166667,769.000000,0.000000,25.000000,1.070745,0.000000
0,-0.000000,0.055556,0.050000,5.695991,0.000000,664.686119,8007.645833,81.298117,90.762279,40.649059,45.381140,21500,10560,0.055556,136.000000,0.000000,40.000000,1.766485,1.815246
0,0.000000,0.100000,0.100000,5.537962,0.000000,146.153061,7537.500000,81.861589,91.498561,40.930794,45.749280,10560,4280,0.100000,136.000000,0.000000,40.000000,1.777731,1.829971
0,0.000000,0.100000,0.100000,5.537962,0.000000,146.153061,7537.500000,81.861589,91.498561,40.930794,45.749280,33420,4280,0.100000,136.000000,0.000000,40.000000,1.777731,1.829971
0,-0.000000,0.055556,0.050000,5.695991,0.000000,664.686119,8007.645833,81.298117,90.762279,40.649059,45.381140,33420,21500,0.055556,136.000000,0.000000,40.000000,1.766485,1.815246
0,0.000000,0.615385,0.615385,69.196218,0.823421,774.750000,2523.000000,94.444444,50.000000,47.222222,25.000000,28770,10,0.615385,68.000000,0.000000,45.000000,5.684463,0.000000
0,0.000000,0.615385,0.615385,69.196218,0.823421,774.750000,2523.000000,94.444444,50.000000,47.222222,25.000000,30520,10,0.615385,68.000000,0.000000,45.000000,5.684463,0.000000
0,0.000000,0.615385,0.615385,69.196218,0.823421,774.750000,2523.000000,94.444444,50.000000,47.222222,25.000000,25170,10,0.615385,68.000000,0.000000,45.000000,5.684463,0.000000
0,0.000000,0.615385,0.615385,69.196218,0.823421,774.750000,2523.000000,94.444444,50.000000,47.222222,25.000000,5740,10,0.615385,68.000000,0.000000,45.000000,5.684463,0.000000
0,-0.000002,0.125000,0.071429,0.779523,0.185527,1937.222222,629.103879,89.998864,87.449489,44.999432,43.724744,16450,14800,0.125000,1173.000000,0.000000,40.000000,1.800134,1.749017
0,-0.000000,0.100000,0.076923,47.617457,5.812417,17123.611111,17624.777778,86.208389,89.560847,43.104195,44.780424,20250,9300,0.100000,555.000000,0.000000,40.000000,2.073620,1.792175
0,-0.000002,0.125000,0.071429,0.779523,0.185527,1937.222222,629.103879,89.998864,87.449489,44.999432,43.724744,14800,10610,0.125000,1173.000000,0.000000,40.000000,1.800134,1.749017
0,0.000000,0.111111,0.153846,22.649552,2.952312,61597.000000,9686.722222,88.443784,90.217315,44.221892,45.108657,21840,16010,0.153846,633.000000,0.000000,40.000000,1.773041,1.804796
0,-0.000000,0.100000,0.076923,47.617457,5.812417,17123.611111,17624.777778,86.208389,89.560847,43.104195,44.780424,22630,9300,0.100000,555.000000,0.000000,40.000000,2.073620,1.792175
0,0.000000,0.111111,0.153846,22.649552,2.952312,61597.000000,9686.722222,88.443784,90.217315,44.221892,45.108657,21840,19470,0.153846,633.000000,0.000000,40.000000,1.773041,1.804796
0,0.000000,0.111111,0.153846,22.649552,2.952312,61597.000000,9686.722222,88.443784,90.217315,44.221892,45.108657,21850,21840,0.153846,633.000000,0.000000,40.000000,1.773041,1.804796
0,-0.000002,0.125000,0.071429,0.779523,0.185527,1937.222222,629.103879,89.998864,87.449489,44.999432,43.724744,14800,14070,0.125000,1173.000000,0.000000,40.000000,1.800134,1.749017
0,-0.000000,0.100000,0.076923,47.617457,5.812417,17123.611111,17624.777778,86.208389,89.560847,43.104195,44.780424,16790,9300,0.100000,555.000000,0.000000,40.000000,2.073620,1.792175
0,-0.000000,0.500000,0.600000,1.233577,0.000000,4123.000000,932.750000,48.912645,91.248405,24.456322,45.624203,20010,10,0.666667,593.000000,0.000000,20.000000,0.978439,1.824968
0,-0.000001,0.142857,0.300000,3.796738,0.000000,275.474931,3256.790000,77.385002,90.766405,38.692501,45.383202,16170,10670,0.346154,1249.000000,0.000000,35.000000,1.578295,1.815328
0,-0.000001,0.142857,0.300000,3.796738,0.000000,275.474931,3256.790000,77.385002,90.766405,38.692501,45.383202,23310,10670,0.346154,1249.000000,0.000000,35.000000,1.578295,1.815328
0,-0.000000,0.500000,0.600000,1.233577,0.000000,4123.000000,932.750000,48.912645,91.248405,24.456322,45.624203,29870,10,0.666667,593.000000,0.000000,20.000000,0.978439,1.824968
0,-0.000000,0.444444,0.400000,5.923175,0.000000,402.238120,3524.040000,75.952107,82.014810,37.976054,41.007405,21320,4100,0.444444,184.000000,0.000000,35.000000,1.564308,1.640296
0,0.000000,0.100000,0.100000,28.879226,0.000000,1170.375000,378.125000,83.549629,91.415951,41.774815,45.707976,34750,5670,0.100000,105.000000,0.000000,40.000000,2.033039,1.828319
0,0.000000,0.100000,0.100000,28.879226,0.000000,1170.375000,378.125000,83.549629,91.415951,41.774815,45.707976,12070,5670,0.100000,105.000000,0.000000,40.000000,2.033039,1.828319
0,-0.000000,0.500000,0.600000,1.233577,0.000000,4123.000000,932.750000,48.912645,91.248405,24.456322,45.624203,7190,10,0.666667,593.000000,0.000000,20.000000,0.978439,1.824968
0,0.000000,0.100000,0.100000,28.879226,0.000000,1170.375000,378.125000,83.549629,91.415951,41.774815,45.707976,27610,5670,0.100000,105.000000,0.000000,40.000000,2.033039,1.828319
0,-0.000000,0.500000,0.600000,1.233577,0.000000,4123.000000,932.750000,48.912645,91.248405,24.456322,45.624203,22730,10,0.666667,593.000000,0.000000,20.000000,0.978439,1.824968
0,0.000000,0.100000,0.100000,28.879226,0.000000,1170.375000,378.125000,83.549629,91.415951,41.774815,45.707976,24890,5670,0.100000,105.000000,0.000000,40.000000,2.033039,1.828319
0,-0.000001,0.142857,0.300000,3.796738,0.000000,275.474931,3256.790000,77.385002,90.766405,38.692501,45.383202,13450,10670,0.346154,1249.000000,0.000000,35.000000,1.578295,1.815328
0,-0.000001,0.153846,0.300000,0.025558,0.000000,135.905325,3256.790000,89.988485,90.766405,44.994243,45.383202,10050,10,0.346154,1311.000000,0.000000,40.000000,1.799774,1.815328
0,-0.000000,0.090909,0.066667,31.672412,0.000000,23174.000000,45915.687500,80.920560,79.572555,40.460280,39.786277,11500,10800,0.090909,358.000000,0.000000,40.000000,2.306437,1.591451
0,-0.000000,0.142857,0.038462,0.265636,0.000000,597.111111,46498.396694,76.123029,78.990046,38.061514,39.495023,6500,1690,0.142857,1339.000000,0.000000,35.000000,1.522520,1.579801
0,0.000000,0.071429,0.071429,0.970114,0.000000,3030.645833,2765.000000,90.808489,90.979890,45.404244,45.489945,31190,22970,0.071429,47.000000,0.000000,45.000000,1.816325,1.819598
0,0.000000,0.071429,0.071429,0.000000,0.000000,626.593058,312.560000,54.755774,80.859419,27.377887,40.429710,21420,10,0.071429,202.000000,0.000000,25.000000,1.095115,1.617188
0,0.000000,0.071429,0.071429,0.970114,0.000000,3030.645833,2765.000000,90.808489,90.979890,45.404244,45.489945,25840,22970,0.071429,47.000000,0.000000,45.000000,1.816325,1.819598
0,0.000000,0.071429,0.071429,0.970114,0.000000,3030.645833,2765.000000,90.808489,90.979890,45.404244,45.489945,22970,6410,0.071429,47.000000,0.000000,45.000000,1.816325,1.819598
0,0.000000,0.071429,0.071429,0.970114,0.000000,3030.645833,2765.000000,90.808489,90.979890,45.404244,45.489945,29440,22970,0.071429,47.000000,0.000000,45.000000,1.816325,1.819598
0,0.000000,0.625000,0.625000,0.215273,0.000000,742.888889,1210.000000,55.152024,37.539803,27.576012,18.769902,23880,10,0.625000,25.000000,0.000000,25.000000,1.103072,0.000000
0,0.000000,1.000000,1.000000,0.276620,0.125066,936.243827,700.000000,50.230272,71.389572,25.115136,35.694786,5940,10,1.000000,564.000000,0.000000,25.000000,1.004648,1.427804
0,-0.000000,0.238095,0.250000,0.321876,14.902657,934.907029,53671.000000,48.247725,68.817473,24.123862,34.408737,14040,10,0.272727,1157.000000,0.000000,20.000000,0.965021,1.378423
0,0.000000,0.666667,0.666667,0.595120,0.041446,2029.148789,335.555556,57.867427,72.457007,28.933714,36.228504,10110,10,0.666667,147.000000,0.000000,25.000000,1.157437,1.449143
0,0.000000,0.166667,0.166667,0.270505,14.967024,857.777778,53771.000000,50.281719,81.409041,25.140860,40.704521,19970,10,0.166667,564.000000,0.000000,25.000000,1.005679,1.630264
0,0.000000,0.133333,0.133333,0.645515,0.085453,2167.437500,498.687500,85.602924,79.399002,42.801462,39.699501,10040,9710,0.133333,187.000000,0.000000,40.000000,1.712155,1.587989
0,0.000000,0.166667,0.166667,0.009100,0.105813,56.000000,435.555556,60.645371,85.048575,30.322685,42.524288,4180,10,0.166667,147.000000,0.000000,30.000000,1.212909,1.700984
0,0.000000,0.111111,0.111111,0.379564,14.883404,1397.000000,53406.555556,58.584369,82.476477,29.292184,41.238239,24140,10,0.111111,147.000000,0.000000,25.000000,1.171740,1.651603
0,0.000000,0.133333,0.133333,0.645515,0.085453,2167.437500,498.687500,85.602924,79.399002,42.801462,39.699501,16780,9710,0.133333,187.000000,0.000000,40.000000,1.712155,1.587989
0,-0.000128,0.090909,0.187500,0.000000,0.045258,1274.607867,353.081633,50.551727,70.484250,25.275863,35.242125,7100,10,0.200000,448.000000,0.000000,25.000000,1.011035,1.409689
0,-0.000000,0.666667,0.615385,0.007039,0.000000,324.827824,1100.000000,78.229290,76.303900,39.114645,38.151950,6910,10,0.666667,113.000000,0.000000,35.000000,1.564587,1.526078
0,-0.000000,0.916667,0.846154,10.394950,0.000000,546.661157,1300.000000,76.668705,76.434507,38.334353,38.217254,23350,10,0.916667,113.000000,0.000000,35.000000,1.756628,1.528690
0,-0.000000,0.181818,0.076923,0.000000,0.000000,159.546173,953.081633,50.932036,81.804536,25.466018,40.902268,19650,10,0.181818,483.000000,0.000000,25.000000,1.018641,1.636091
0,0.000000,0.071429,0.071429,0.811152,0.000000,2827.661157,2923.000000,86.717601,85.730420,43.358801,42.865210,29820,10,0.071429,113.000000,0.000000,40.000000,1.734482,1.714608
0,-0.000000,0.133333,0.125000,0.021021,0.000000,376.911157,453.081633,77.642368,76.830869,38.821184,38.415435,3710,10,0.133333,113.000000,0.000000,35.000000,1.552850,1.536617
0,0.000000,0.071429,0.071429,0.811152,0.000000,2827.661157,2923.000000,86.717601,85.730420,43.358801,42.865210,26220,10,0.071429,113.000000,0.000000,40.000000,1.734482,1.714608
0,0.000000,0.071429,0.071429,0.811152,0.000000,2827.661157,2923.000000,86.717601,85.730420,43.358801,42.865210,6790,10,0.071429,113.000000,0.000000,40.000000,1.734482,1.714608
0,0.000000,0.071429,0.071429,0.811152,0.000000,2827.661157,2923.000000,86.717601,85.730420,43.358801,42.865210,31570,10,0.071429,113.000000,0.000000,40.000000,1.734482,1.714608
0,0.000000,0.071429,0.071429,0.016982,0.000000,375.221157,470.560000,76.566301,75.721763,38.283150,37.860882,1940,10,0.071429,113.000000,0.000000,35.000000,1.531328,1.514435
0,-0.000000,0.600000,0.153846,1.979785,0.000000,553.020833,1600.000000,75.150038,81.277567,37.575019,40.638783,22110,5670,0.636364,237.000000,0.000000,35.000000,1.539830,1.625551
0,-0.000000,0.375000,0.333333,58.518913,0.341042,726.888889,1212.750000,74.604360,36.405903,37.302180,18.202951,5650,930,0.375000,750.000000,0.000000,35.000000,3.860870,0.000000
0,-0.000000,0.428571,0.142857,0.005818,0.003464,38.000000,11.111111,92.499985,42.502054,46.249992,21.251027,5190,10,0.428571,324.000000,0.000000,45.000000,1.850000,0.000000
0,-0.000000,0.857143,0.222222,7.562980,0.005070,108.000000,20.000000,82.864205,50.000000,41.432102,25.000000,11450,10,0.857143,842.000000,0.000000,40.000000,2.014776,0.000000
0,-0.000000,0.857143,0.222222,7.562980,0.005070,108.000000,20.000000,82.864205,50.000000,41.432102,25.000000,3200,10,0.857143,842.000000,0.000000,40.000000,2.014776,0.000000
0,-0.000000,0.857143,0.222222,7.562980,0.005070,108.000000,20.000000,82.864205,50.000000,41.432102,25.000000,11520,10,0.857143,842.000000,0.000000,40.000000,2.014776,0.000000
0,-0.000000,0.076923,0.055556,1.504644,0.000000,4423.500000,829.000000,88.398500,72.877316,44.199250,36.438658,19160,12450,0.076923,887.000000,0.000000,40.000000,1.768226,1.457546
0,-0.000000,0.187500,0.176471,0.605239,0.000000,1026.040000,434.750000,87.284317,73.429749,43.642159,36.714874,23780,21640,0.187500,79.000000,0.000000,40.000000,1.745873,1.468595
0,-0.000000,0.500000,0.400000,0.656003,0.000000,2102.308642,800.000000,50.062218,73.925320,25.031109,36.962660,23580,10,0.500000,445.000000,0.000000,25.000000,1.001348,1.478506
0,-0.000000,0.187500,0.176471,0.605239,0.000000,1026.040000,434.750000,87.284317,73.429749,43.642159,36.714874,29620,21640,0.187500,79.000000,0.000000,40.000000,1.745873,1.468595
0,-0.000000,0.500000,0.400000,0.656003,0.000000,2102.308642,800.000000,50.062218,73.925320,25.031109,36.962660,25960,10,0.500000,445.000000,0.000000,25.000000,1.001348,1.478506
0,-0.000000,0.076923,0.055556,1.504644,0.000000,4423.500000,829.000000,88.398500,72.877316,44.199250,36.438658,21540,12450,0.076923,887.000000,0.000000,40.000000,1.768226,1.457546
0,-0.000000,0.500000,0.400000,0.656003,0.000000,2102.308642,800.000000,50.062218,73.925320,25.031109,36.962660,20120,10,0.500000,445.000000,0.000000,25.000000,1.001348,1.478506
0,-0.000000,0.076923,0.055556,1.504644,0.000000,4423.500000,829.000000,88.398500,72.877316,44.199250,36.438658,15700,12450,0.076923,887.000000,0.000000,40.000000,1.768226,1.457546
0,-0.000000,0.187500,0.176471,0.605239,0.000000,1026.040000,434.750000,87.284317,73.429749,43.642159,36.714874,27240,21640,0.187500,79.000000,0.000000,40.000000,1.745873,1.468595
0,0.000000,0.888889,0.888889,0.423319,0.459782,1452.510847,1595.644970,60.000000,46.833589,30.000000,23.416794,17250,10,0.888889,208.000000,0.000000,30.000000,1.200062,0.000000
0,0.000000,0.888889,0.888889,0.423319,0.459782,1452.510847,1595.644970,60.000000,46.833589,30.000000,23.416794,24280,10,0.888889,208.000000,0.000000,30.000000,1.200062,0.000000
0,-0.000000,0.200000,0.153846,0.000000,0.102581,5695.560000,432.000000,59.957105,39.184177,29.978553,19.592088,13120,10,0.200000,402.000000,0.000000,25.000000,1.199142,0.000000
0,0.000000,0.066667,0.066667,25.654283,0.320452,63775.000000,1150.000000,75.882737,80.767281,37.941369,40.383641,18860,5140,0.066667,121.000000,0.000000,35.000000,1.624887,1.615391
0,0.000000,0.166667,0.166667,18.429311,0.246559,63545.166667,920.166667,81.416559,83.328037,40.708280,41.664019,18860,12480,0.166667,121.000000,0.000000,40.000000,1.631004,1.666594
0,-0.000000,0.047619,0.043478,18.910803,0.679104,64999.560000,2277.000000,78.136827,79.837912,39.068413,39.918956,18860,18480,0.047619,121.000000,0.000000,35.000000,1.565489,1.596860
0,-0.000052,0.142857,0.176471,4.291861,0.472261,14396.062500,1705.444444,80.914169,77.415836,40.457085,38.707918,25380,18700,0.200000,160.000000,0.000000,40.000000,1.618923,1.548382
0,-0.000000,0.080000,0.062500,0.525188,0.000000,1652.345679,595.888889,88.887405,68.767053,44.443703,34.383527,14510,7130,0.080000,311.000000,0.000000,40.000000,1.777832,1.375341
0,-0.000000,0.080000,0.062500,0.525188,0.000000,1652.345679,595.888889,88.887405,68.767053,44.443703,34.383527,11980,7130,0.080000,311.000000,0.000000,40.000000,1.777832,1.375341
0,-0.000000,0.080000,0.062500,0.525188,0.000000,1652.345679,595.888889,88.887405,68.767053,44.443703,34.383527,28540,7130,0.080000,311.000000,0.000000,40.000000,1.777832,1.375341
0,0.000000,0.806452,1.000000,0.019163,0.000000,129.111328,927.000000,91.232837,58.614797,45.616418,29.307399,760,10,1.000000,948.000000,0.000000,45.000000,1.824660,1.172296
0,0.000375,0.090909,0.120000,0.441186,0.000000,1354.958678,444.975309,80.157728,59.279114,40.078864,29.639557,19170,7360,0.120000,288.000000,0.000000,40.000000,1.603227,1.185582
0,-0.000000,0.080000,0.062500,0.525188,0.000000,1652.345679,595.888889,88.887405,68.767053,44.443703,34.383527,15060,7130,0.080000,311.000000,0.000000,40.000000,1.777832,1.375341
0,0.000000,0.181818,0.181818,0.352469,0.000000,1127.437500,254.555556,80.151555,58.770533,40.075777,29.385267,9220,2040,0.181818,102.000000,0.000000,40.000000,1.603086,1.175411
0,0.000000,0.555556,0.555556,0.202722,0.000000,701.312500,633.750000,47.536804,39.387206,23.768402,19.693603,16230,10,0.555556,90.000000,0.000000,20.000000,0.950766,0.000000
0,0.000000,0.111111,0.111111,0.040161,0.000000,155.937500,140.625000,46.018619,40.694624,23.009310,20.347312,14760,10,0.111111,90.000000,0.000000,20.000000,0.920378,0.000000
0,0.000000,0.333333,0.333333,0.177703,0.000000,740.164571,706.908163,49.186952,39.847383,24.593476,19.923691,21740,10,0.333333,90.000000,0.000000,20.000000,0.983761,0.000000
0,-0.000009,0.380952,0.320000,4.874594,20.373169,839.562610,1256.250000,77.303815,64.721133,38.651907,32.360566,18480,17030,0.380952,369.000000,0.000000,35.000000,1.575392,1.509405
0,0.000000,0.500000,0.500000,0.093839,0.100174,307.333333,316.000000,70.758591,68.639632,35.379296,34.319816,16640,610,0.500000,553.000000,0.000000,35.000000,1.415186,1.372809
0,0.000000,0.250000,0.250000,4.739274,20.279336,409.419753,972.250000,78.183674,80.156779,39.091837,40.078390,17030,2450,0.250000,369.000000,0.000000,35.000000,1.592968,1.818102
0,0.000000,0.066667,0.066667,3.070117,0.246849,728.955556,924.364187,89.900596,90.583038,44.950298,45.291519,34380,14990,0.066667,38.000000,0.000000,40.000000,1.824690,1.811694
0,0.000000,0.066667,0.066667,3.070117,0.246849,728.955556,924.364187,89.900596,90.583038,44.950298,45.291519,34380,17520,0.066667,38.000000,0.000000,40.000000,1.824690,1.811694
0,0.000000,0.066667,0.066667,3.070117,0.246849,728.955556,924.364187,89.900596,90.583038,44.950298,45.291519,34380,31550,0.066667,38.000000,0.000000,40.000000,1.824690,1.811694
0,0.000000,0.066667,0.066667,3.070117,0.246849,728.955556,924.364187,89.900596,90.583038,44.950298,45.291519,34380,18070,0.066667,38.000000,0.000000,40.000000,1.824690,1.811694
0,-0.000001,0.100000,0.090909,0.555434,0.000000,2006.694444,816.027898,90.457612,90.413397,45.228806,45.206698,20450,13610,0.100000,269.000000,0.000000,45.000000,1.809229,1.808268
0,-0.000001,0.100000,0.090909,0.555434,0.000000,2006.694444,816.027898,90.457612,90.413397,45.228806,45.206698,20450,14990,0.100000,269.000000,0.000000,45.000000,1.809229,1.808268
0,0.000000,1.000000,1.000000,614.959743,0.000000,4738.500000,0.000000,94.658207,0.000000,47.329103,0.000000,13660,7820,1.000000,1813.000000,0.000000,45.000000,67.220964,0.000000
0,0.000000,1.000000,1.000000,84.021640,0.000000,1300.500000,0.000000,81.965735,0.000000,40.982868,0.000000,5020,2640,1.000000,2677.000000,0.000000,40.000000,4.363734,0.000000
0,0.000000,1.000000,1.000000,614.959743,0.000000,4738.500000,0.000000,94.658207,0.000000,47.329103,0.000000,11280,7820,1.000000,1813.000000,0.000000,45.000000,67.220964,0.000000
0,0.000000,0.666667,0.666667,0.552047,0.003060,47.250000,16.000000,48.000060,41.990588,24.000030,20.995294,6050,10,0.666667,85.000000,0.000000,20.000000,0.969525,0.000000
0,0.000000,0.142857,0.187500,0.000000,0.246953,1549.671111,873.367347,59.001132,78.801434,29.500566,39.400717,16060,10,0.187500,545.000000,0.000000,25.000000,1.180023,1.576064
0,-0.000000,0.071429,0.066667,0.841453,0.777684,2593.560000,2952.000000,89.604028,89.912693,44.802014,44.956347,6410,1560,0.071429,390.000000,0.000000,40.000000,1.792217,1.798356
0,-0.000000,0.071429,0.066667,0.841453,0.777684,2593.560000,2952.000000,89.604028,89.912693,44.802014,44.956347,25840,1560,0.071429,390.000000,0.000000,40.000000,1.792217,1.798356
0,-0.000000,0.071429,0.066667,0.841453,0.777684,2593.560000,2952.000000,89.604028,89.912693,44.802014,44.956347,31190,1560,0.071429,390.000000,0.000000,40.000000,1.792217,1.798356
0,-0.000000,0.071429,0.066667,0.841453,0.777684,2593.560000,2952.000000,89.604028,89.912693,44.802014,44.956347,29440,1560,0.071429,390.000000,0.000000,40.000000,1.792217,1.798356
0,-0.000095,0.071429,0.066667,0.756771,0.000000,364.546875,530.872449,70.564864,77.755187,35.282432,38.877593,8540,4250,0.071429,110.000000,0.000000,35.000000,1.414776,1.555104
0,0.000000,0.714286,0.714286,3.415469,0.000000,107.222222,700.000000,68.303360,40.841877,34.151680,20.420939,7350,10,0.714286,544.000000,0.000000,30.000000,1.438976,0.000000
0,0.000000,0.571429,0.571429,3.921811,0.145380,141.000000,600.000000,78.352298,41.178357,39.176149,20.589178,9950,9120,0.571429,95.000000,0.000000,35.000000,1.646671,0.000000
0,0.000000,0.500000,0.500000,0.105826,0.000000,81.080000,140.625000,74.890332,34.599099,37.445166,17.299550,5370,10,0.500000,56.000000,0.000000,35.000000,1.498014,0.000000
0,0.000000,0.333333,0.333333,0.005346,0.015806,46.375000,52.734694,50.805506,82.649980,25.402753,41.324990,3350,10,0.333333,582.000000,0.000000,25.000000,1.016111,1.653002
0,0.000000,1.000000,1.000000,0.094987,0.319165,412.804989,1247.000000,50.979897,72.500977,25.489948,36.250488,23800,10,1.000000,70.000000,0.000000,25.000000,1.019609,1.450061
0,0.000000,1.000000,1.000000,6.557641,0.271612,1474.074074,1142.750000,66.709154,76.739738,33.354577,38.369869,17360,10,1.000000,714.000000,0.000000,30.000000,1.350349,1.534827
0,0.000000,0.142857,0.142857,0.061019,0.410880,233.861111,1500.000000,49.011642,77.293444,24.505821,38.646722,16820,10,0.142857,70.000000,0.000000,20.000000,0.980241,1.545925
0,0.000000,0.142857,0.142857,0.234102,0.188165,875.111111,695.750000,51.621004,78.022894,25.810502,39.011447,6450,10,0.142857,70.000000,0.000000,25.000000,1.032452,1.560484
0,0.000000,0.333333,0.533333,1.126534,0.494327,3757.500000,1947.000000,75.487108,76.010288,37.743554,38.005144,15300,8320,0.533333,920.000000,0.000000,35.000000,1.509911,1.520269
0,0.000089,0.250000,0.555556,1.875869,0.251943,6131.111111,1058.750000,79.978941,76.146063,39.989470,38.073032,14730,12210,0.555556,977.000000,0.000000,35.000000,1.599866,1.522951
0,0.000000,0.222222,0.222222,2.464474,0.564929,468.180000,2199.000000,80.710606,68.710995,40.355303,34.355497,23620,8540,0.222222,88.000000,0.000000,40.000000,1.724126,1.374293
0,-0.000000,0.090909,0.045455,31.672412,0.297512,5399.437500,1203.484375,80.771805,76.146760,40.385903,38.073380,16310,10800,0.090909,819.000000,0.000000,40.000000,2.303462,1.522972
0,0.000000,1.000000,1.000000,0.068999,0.000000,212.000000,0.000000,48.459471,0.000000,24.229736,0.000000,4900,10,1.000000,1606.000000,0.000000,20.000000,0.969203,0.000000
0,-0.000005,0.066667,0.052632,9.274927,0.113164,2698.156250,395.187500,76.935134,73.670745,38.467567,36.835373,19170,14700,0.066667,37.000000,0.000000,35.000000,1.785202,1.473431
0,0.000000,0.384615,0.384615,2.925111,0.033145,174.882993,123.456790,83.231517,41.730634,41.615759,20.865317,34380,14000,0.384615,223.000000,0.000000,40.000000,1.691289,0.000000
0,0.000000,0.076923,0.076923,0.050435,0.046594,194.248279,192.970273,84.738529,41.628608,42.369265,20.814304,16600,14000,0.076923,223.000000,0.000000,40.000000,1.694777,0.000000
0,-0.000000,0.222222,0.153846,3.303520,0.184428,445.851852,764.297521,89.703799,50.000000,44.851899,25.000000,8340,7350,0.333333,888.000000,0.000000,40.000000,1.887659,0.000000
0,-0.000000,0.222222,0.153846,3.303520,0.184428,445.851852,764.297521,89.703799,50.000000,44.851899,25.000000,24900,7350,0.333333,888.000000,0.000000,40.000000,1.887659,0.000000
0,-0.000000,0.222222,0.153846,3.303520,0.184428,445.851852,764.297521,89.703799,50.000000,44.851899,25.000000,10870,7350,0.333333,888.000000,0.000000,40.000000,1.887659,0.000000
0,-0.000000,0.222222,0.230769,0.985261,0.358865,2474.500000,1216.000000,79.179740,40.223704,39.589870,20.111852,9710,3710,0.300000,1252.000000,0.000000,35.000000,1.583792,0.000000
0,-0.000000,0.666667,0.538462,3.178810,0.108067,69.312500,370.040000,74.231633,40.639881,37.115817,20.319940,7350,10,0.666667,888.000000,0.000000,35.000000,1.578196,0.000000
0,-0.000000,0.090909,0.076923,0.023156,0.012330,82.121633,53.081633,82.474229,42.222221,41.237115,21.111111,12140,4360,0.090909,409.000000,0.000000,40.000000,1.649488,0.000000
0,-0.000000,0.222222,0.153846,3.303520,0.184428,445.851852,764.297521,89.703799,50.000000,44.851899,25.000000,11420,7350,0.333333,888.000000,0.000000,40.000000,1.887659,0.000000
0,-0.000000,0.200000,0.148148,1.491182,0.000000,3327.370370,98.000000,75.991224,41.666661,37.995612,20.833330,17510,8120,0.200000,1422.000000,0.000000,35.000000,1.520159,0.000000
0,-0.000000,0.111111,0.062500,0.458776,0.000000,1337.812500,370.040000,74.527809,40.845533,37.263904,20.422766,13350,10,0.111111,899.000000,0.000000,35.000000,1.490636,0.000000
0,-0.000000,0.166667,0.153846,4.476718,0.000000,15169.781250,21168.000000,76.711994,39.614153,38.355997,19.807076,26690,20830,0.166667,151.000000,0.000000,35.000000,1.534901,0.000000
0,-0.000000,0.111111,0.100000,0.422223,0.000000,1289.600000,94.111111,82.093397,41.252246,41.046698,20.626123,18140,1350,0.125000,420.000000,0.000000,40.000000,1.641937,0.000000
0,0.000000,0.545455,0.545455,1.923870,0.000000,1463.000000,700.000000,79.489538,41.137479,39.744769,20.568740,16440,12390,0.545455,590.000000,0.000000,35.000000,1.606424,0.000000
0,-0.000001,0.222222,0.210526,8.968505,0.000000,1366.156250,248.187500,76.628700,38.681519,38.314350,19.340759,21830,14700,0.222222,51.000000,0.000000,35.000000,1.779040,0.000000
0,0.000000,0.125000,0.125000,0.430962,0.000000,1322.681633,53.081633,79.911344,42.222221,39.955672,21.111111,18140,4360,0.125000,420.000000,0.000000,35.000000,1.598297,0.000000
0,-0.000000,0.043478,0.037037,3.352574,0.000000,1537.066667,123.456790,80.146547,41.862123,40.073274,20.931061,34380,20000,0.043478,234.000000,0.000000,40.000000,1.629657,0.000000
0,0.000000,0.071429,0.071429,5.485871,0.091431,3065.625000,440.625000,83.216956,89.500080,41.608478,44.750040,33720,480,0.071429,103.000000,0.000000,40.000000,1.771343,1.790011
0,0.000000,0.071429,0.071429,5.485871,0.091431,3065.625000,440.625000,83.216956,89.500080,41.608478,44.750040,10690,480,0.071429,103.000000,0.000000,40.000000,1.771343,1.790011
0,0.000000,0.071429,0.071429,5.485871,0.091431,3065.625000,440.625000,83.216956,89.500080,41.608478,44.750040,35470,480,0.071429,103.000000,0.000000,40.000000,1.771343,1.790011
0,0.000000,0.071429,0.071429,5.485871,0.091431,3065.625000,440.625000,83.216956,89.500080,41.608478,44.750040,30120,480,0.071429,103.000000,0.000000,40.000000,1.771343,1.790011
0,-0.000000,0.071429,0.066667,0.366723,0.612181,1305.840237,2241.734694,89.380725,89.859346,44.690362,44.929673,26080,3500,0.210526,324.000000,0.000000,40.000000,1.787666,1.797271
0,-0.000000,0.071429,0.066667,0.366723,0.612181,1305.840237,2241.734694,89.380725,89.859346,44.690362,44.929673,19050,3500,0.210526,324.000000,0.000000,40.000000,1.787666,1.797271
0,0.000000,0.100000,0.100000,0.000000,0.000000,135.437642,41.326531,66.320209,32.236314,33.160104,16.118157,5460,10,0.100000,20.000000,0.000000,30.000000,1.326404,0.000000
0,-0.000000,0.111111,0.100000,0.634436,0.000000,73.440000,19.440000,74.738668,41.575431,37.369334,20.787716,3960,2230,0.111111,170.000000,0.000000,35.000000,1.504678,0.000000
0,-0.000000,0.666667,0.600000,0.021664,0.000000,92.250000,104.040000,57.077099,41.995817,28.538550,20.997908,3020,10,0.750000,565.000000,0.000000,25.000000,1.141545,0.000000
0,0.000000,0.923077,0.923077,0.430103,0.598884,1651.198549,2205.000000,58.349237,48.315058,29.174618,24.157529,29200,10,0.923077,20.000000,0.000000,25.000000,1.167041,0.000000
0,0.000000,0.923077,0.923077,0.430103,0.598884,1651.198549,2205.000000,58.349237,48.315058,29.174618,24.157529,22170,10,0.923077,20.000000,0.000000,25.000000,1.167041,0.000000
0,0.000003,0.750000,0.727273,0.006209,0.000000,47.222222,173.280000,48.178531,29.725584,24.089265,14.862792,24880,10,0.777778,349.000000,0.000000,20.000000,0.963571,0.000000
0,0.000000,0.200000,0.200000,0.015978,0.000000,79.312500,564.000000,77.739492,84.042345,38.869746,42.021173,7410,2160,0.200000,40.000000,0.000000,35.000000,1.554791,1.680847
0,0.000000,0.250000,0.250000,0.020885,0.000000,125.000000,907.360000,41.666651,64.905420,20.833326,32.452710,31350,10,0.250000,82.000000,0.000000,20.000000,0.833335,1.298108
0,0.000000,0.111111,0.111111,8.605903,0.000000,165.468750,737.037037,78.380069,79.795647,39.190034,39.897824,14700,1610,0.111111,95.000000,0.000000,35.000000,1.814012,1.595913
0,0.000000,0.111111,0.111111,0.029770,0.000000,116.195153,563.037500,58.093115,91.542345,29.046557,45.771173,11640,10,0.111111,255.000000,0.000000,25.000000,1.161867,1.830847
0,0.000000,0.888889,0.888889,0.028531,0.000000,139.343750,707.360000,48.647427,82.247632,24.323713,41.123816,29620,10,0.888889,255.000000,0.000000,20.000000,0.972952,1.644953
0,0.000000,0.111111,0.111111,0.029770,0.000000,116.195153,563.037500,58.093115,91.542345,29.046557,45.771173,14450,10,0.111111,255.000000,0.000000,25.000000,1.161867,1.830847
0,0.000000,0.111111,0.111111,0.057574,0.000000,242.868056,1012.000000,48.095619,81.542349,24.047810,40.771175,3190,10,0.111111,255.000000,0.000000,20.000000,0.961920,1.630847
0,-0.000000,0.222222,0.181818,0.000000,0.000000,656.163223,719.360000,86.654616,80.705291,43.327308,40.352646,26440,10,0.222222,573.000000,0.000000,40.000000,1.733092,1.614106
0,0.000000,1.000000,1.000000,0.134931,0.000000,319.250402,0.000000,56.708864,0.000000,28.354432,0.000000,17030,10,1.000000,2154.000000,0.000000,25.000000,1.134207,0.000000
0,-0.000000,0.500000,0.400000,0.315123,0.198778,1035.000000,900.000000,77.187487,79.777453,38.593743,39.888726,7350,5710,0.500000,370.000000,0.000000,35.000000,1.543798,1.595571
0,0.000000,0.500000,0.500000,3.330890,0.054441,11291.000000,204.187500,78.413310,40.830237,39.206655,20.415119,10600,7160,0.500000,243.000000,0.000000,35.000000,1.568758,0.000000
0,-0.000000,0.055556,0.047619,8.621634,0.000000,219.292052,5631.787500,86.935491,87.023793,43.467745,43.511897,14700,13240,0.055556,182.000000,0.000000,40.000000,1.985123,1.740476
0,0.000000,0.200000,0.200000,0.087431,0.000000,312.187500,5632.750000,74.773552,79.523793,37.386776,39.761897,15250,7410,0.200000,127.000000,0.000000,35.000000,1.495484,1.590476
0,-0.000017,0.062500,0.058824,8.614917,0.000000,203.237883,5625.156250,79.157710,76.770232,39.578855,38.385116,14700,8050,0.071429,182.000000,0.000000,35.000000,1.829566,1.535405
0,-0.000000,0.055556,0.047619,8.621634,0.000000,219.292052,5631.787500,86.935491,87.023793,43.467745,43.511897,16050,14700,0.055556,182.000000,0.000000,40.000000,1.985123,1.740476
0,-0.000000,0.333333,0.312500,0.000000,0.011167,164.783321,47.640625,66.819989,66.762775,33.409995,33.381388,36630,10,0.333333,144.000000,0.000000,30.000000,1.336400,1.335257
0,0.000000,0.100000,0.100000,1.322002,0.057543,327.644290,220.187500,81.264940,64.918926,40.632470,32.459463,35990,11000,0.100000,208.000000,0.000000,40.000000,1.629365,1.298386
0,-0.000005,0.058824,0.057143,18.310246,0.136073,875.362116,580.764444,87.733926,74.088321,43.866963,37.044160,37110,17720,0.058824,96.000000,0.000000,40.000000,1.976839,1.481782
0,-0.000000,0.066667,0.062500,0.000000,0.136291,234.296804,582.178021,66.747151,83.138454,33.373576,41.569227,18850,10,0.066667,144.000000,0.000000,30.000000,1.334943,1.662785
0,0.000020,0.937500,0.742857,4.660344,0.131502,256.541667,566.537396,77.169988,64.552320,38.584994,32.276160,25270,7490,0.960000,1280.000000,0.000000,35.000000,1.586537,1.291062
0,-0.000000,0.266667,0.222222,2.999265,0.200117,410.066667,689.920000,80.794437,63.665736,40.397218,31.832868,34380,6660,0.266667,369.000000,0.000000,40.000000,1.642559,1.273344
0,-0.000005,0.058824,0.057143,18.310246,0.136073,875.362116,580.764444,87.733926,74.088321,43.866963,37.044160,37110,20250,0.058824,96.000000,0.000000,40.000000,1.976839,1.481782
0,-0.000097,0.200000,0.125000,2.103677,0.041886,272.387778,162.944444,78.252214,74.088321,39.126107,37.044160,28180,12390,0.200000,989.000000,0.000000,35.000000,1.608109,1.481772
0,0.000000,0.058824,0.058824,2.755056,0.016537,179.863040,72.406250,78.940788,64.051805,39.470394,32.025902,37810,9650,0.058824,26.000000,0.000000,35.000000,1.644582,1.281038
0,-0.000005,0.058824,0.057143,18.310246,0.136073,875.362116,580.764444,87.733926,74.088321,43.866963,37.044160,37110,34280,0.058824,96.000000,0.000000,40.000000,1.976839,1.481782
0,0.000000,0.125000,0.125000,8.082386,0.041886,257.747769,162.944444,83.848294,74.088321,41.924147,37.044160,37890,2000,0.125000,18.000000,0.000000,40.000000,1.897707,1.481772
0,-0.000000,0.052632,0.043478,0.403256,1.370991,1347.027778,5170.333333,78.127807,63.300288,39.063904,31.650144,33560,18130,0.052632,451.000000,0.000000,35.000000,1.562617,1.266188
0,-0.000005,0.058824,0.057143,18.310246,0.136073,875.362116,580.764444,87.733926,74.088321,43.866963,37.044160,37110,20800,0.058824,96.000000,0.000000,40.000000,1.976839,1.481782
0,0.000000,0.750000,0.750000,8.109898,0.204409,383.263113,887.777778,82.011481,93.917470,41.005740,46.958735,20110,2000,0.750000,30.000000,0.000000,40.000000,1.860973,1.878374
0,-0.000010,0.230769,0.187500,1.362743,3.618787,476.437500,13655.777778,81.680252,90.661516,40.840126,45.330758,20200,11000,0.230769,220.000000,0.000000,40.000000,1.637677,1.813710
0,0.000000,0.200000,0.200000,10.022452,0.059965,310.574669,364.000000,71.046101,83.917397,35.523051,41.958698,15740,4170,0.200000,467.000000,0.000000,35.000000,2.205684,1.678353
0,0.000000,0.450000,0.450000,1.339313,3.514868,411.187500,13368.000000,80.244952,84.578986,40.122476,42.289493,18210,11000,0.450000,220.000000,0.000000,40.000000,1.608967,1.692043
0,-0.000040,1.000000,0.750000,0.000000,0.204409,471.625000,887.777778,92.305446,93.917470,46.152723,46.958735,2000,10,1.000000,2040.000000,0.000000,45.000000,1.846109,1.878374
0,-0.000000,0.156250,0.142857,0.800623,0.066102,291.753086,363.037500,88.224725,93.917470,44.112363,46.958735,17620,15240,0.156250,279.000000,0.000000,40.000000,1.768503,1.878356
0,-0.000000,0.156250,0.142857,0.800623,0.066102,291.753086,363.037500,88.224725,93.917470,44.112363,46.958735,17620,12430,0.156250,279.000000,0.000000,40.000000,1.768503,1.878356
0,-0.000000,0.105263,0.086957,0.487195,1.412540,1350.073600,5454.333333,80.649746,83.335903,40.324873,41.667952,18130,15780,0.105263,463.000000,0.000000,40.000000,1.613097,1.666902
0,0.000000,0.187500,0.187500,8.109167,3.618787,351.131944,13655.777778,82.802990,90.661516,41.401495,45.330758,12900,2000,0.187500,30.000000,0.000000,40.000000,1.876804,1.813710
0,0.000000,0.058824,0.058824,2.922754,0.000000,730.326250,602.444444,75.533920,76.145635,37.766960,38.072817,10090,9650,0.058824,43.000000,0.000000,35.000000,1.576470,1.522913
0,0.000001,0.133333,0.250000,0.000000,0.000000,94.408163,197.164444,67.335308,79.067061,33.667654,39.533531,8470,10,0.250000,161.000000,0.000000,30.000000,1.346706,1.581341
0,0.000000,0.066667,0.066667,15.957633,0.181198,815.502222,747.014444,79.191936,86.378537,39.595968,43.189268,20070,3480,0.066667,154.000000,0.000000,35.000000,2.304658,1.727593
0,0.000000,0.066667,0.066667,15.957633,0.181198,815.502222,747.014444,79.191936,86.378537,39.595968,43.189268,20620,3480,0.066667,154.000000,0.000000,35.000000,2.304658,1.727593
0,0.000000,0.066667,0.066667,15.957633,0.181198,815.502222,747.014444,79.191936,86.378537,39.595968,43.189268,34100,3480,0.066667,154.000000,0.000000,35.000000,2.304658,1.727593
0,0.000000,0.066667,0.066667,15.957633,0.181198,815.502222,747.014444,79.191936,86.378537,39.595968,43.189268,17540,3480,0.066667,154.000000,0.000000,35.000000,2.304658,1.727593
0,0.000000,0.090909,0.090909,0.818747,0.186023,783.737521,816.375000,83.248819,89.998761,41.624409,44.999380,32300,2230,0.090909,347.000000,0.000000,40.000000,1.674905,1.799996
0,0.000000,0.090909,0.090909,0.645266,0.120034,129.308512,527.360000,74.359595,81.335769,37.179798,40.667885,30140,2230,0.090909,347.000000,0.000000,35.000000,1.497097,1.626729
0,0.000000,0.090909,0.090909,0.818747,0.186023,783.737521,816.375000,83.248819,89.998761,41.624409,44.999380,18820,2230,0.090909,347.000000,0.000000,40.000000,1.674905,1.799996
0,0.000000,0.090909,0.090909,0.818747,0.186023,783.737521,816.375000,83.248819,89.998761,41.624409,44.999380,15740,2230,0.090909,347.000000,0.000000,40.000000,1.674905,1.799996
0,0.000000,0.090909,0.090909,0.818747,0.186023,783.737521,816.375000,83.248819,89.998761,41.624409,44.999380,18270,2230,0.090909,347.000000,0.000000,40.000000,1.674905,1.799996
0,0.000000,0.250000,0.250000,0.074968,0.043176,280.125000,187.374567,89.999995,97.907512,44.999998,48.953756,17830,6310,0.250000,245.000000,0.000000,40.000000,1.800010,1.958155
0,0.000000,0.250000,0.250000,0.074968,0.043176,280.125000,187.374567,89.999995,97.907512,44.999998,48.953756,40690,6310,0.250000,245.000000,0.000000,40.000000,1.800010,1.958155
0,0.000000,0.105263,0.105263,0.493766,0.087622,1633.240000,408.240000,78.341772,39.874415,39.170886,19.937207,7580,4780,0.105263,19.000000,0.000000,35.000000,1.566912,0.000000
0,-0.000107,1.000000,0.916667,1.203863,11.366780,4137.277778,44294.920000,47.656394,39.916005,23.828197,19.958002,29150,10,1.000000,776.000000,0.000000,20.000000,0.953304,0.000000
0,0.000000,0.041667,0.041667,0.499048,0.092867,1597.964286,372.964286,78.989698,40.456762,39.494849,20.228381,26190,7580,0.041667,19.000000,0.000000,35.000000,1.579873,0.000000
0,0.000000,0.052632,0.052632,0.803616,11.454403,3176.672500,44703.160000,79.249161,79.790420,39.624581,39.895210,36720,4780,0.052632,19.000000,0.000000,35.000000,1.585085,1.597276
0,-0.000005,0.083333,0.041667,0.375340,0.080977,1243.166667,375.000000,47.816188,41.333333,23.908094,20.666667,20110,10,0.083333,776.000000,0.000000,20.000000,0.956382,0.000000
0,-0.000000,0.176471,0.166667,18.710489,0.000000,929.846939,371.839506,87.613855,68.787295,43.806927,34.393647,28190,11350,0.176471,79.000000,0.000000,40.000000,4.479204,1.375746
0,-0.000000,0.133333,0.166667,12.509868,0.000000,729.854167,371.839506,85.943889,68.787295,42.971944,34.393647,21350,13970,0.230769,763.000000,0.000000,40.000000,1.921043,1.375746
0,-0.000000,0.066667,0.041667,11.061921,0.000000,506.885725,672.964286,77.023127,59.245928,38.511563,29.622964,21350,18790,0.066667,763.000000,0.000000,35.000000,1.739961,1.184919
0,-0.000000,0.133333,0.166667,12.509868,0.000000,729.854167,371.839506,85.943889,68.787295,42.971944,34.393647,21350,15350,0.230769,763.000000,0.000000,40.000000,1.921043,1.375746
0,-0.000000,0.200000,0.111111,0.294319,1.669494,856.250000,245.000000,79.157726,39.999989,39.578863,19.999994,17630,5730,0.200000,880.000000,0.000000,35.000000,1.583205,0.000000
0,-0.000000,0.153846,0.133333,0.000000,0.000000,1131.756944,64.000000,48.504626,40.949899,24.252313,20.474950,10940,10,0.153846,359.000000,0.000000,20.000000,0.970093,0.000000
0,-0.000000,0.076923,0.071429,1.705663,0.594705,6299.140625,2722.011834,77.979847,81.685516,38.989923,40.842758,19640,18170,0.076923,331.000000,0.000000,35.000000,1.559828,1.633776
0,0.000000,0.153846,0.153846,1.579283,0.500285,5854.080000,2376.000000,75.882163,82.359799,37.941082,41.179899,18170,750,0.153846,331.000000,0.000000,35.000000,1.517856,1.647249
0,-0.000003,0.133333,0.125000,2.710629,0.000000,10976.000000,6076.000000,79.859855,79.987664,39.929928,39.993832,23820,16210,0.133333,96.000000,0.000000,35.000000,1.597534,1.599753
0,-0.000000,0.090909,0.080000,1.590882,1.644907,6204.964286,6581.800000,77.964108,79.701452,38.982054,39.850726,24530,21740,0.090909,199.000000,0.000000,35.000000,1.559486,1.594235
0,-0.000000,0.076923,0.066667,0.000000,0.079634,1027.995465,309.000000,51.500026,80.982740,25.750013,40.491370,22840,10,0.076923,368.000000,0.000000,25.000000,1.030001,1.619665
0,-0.000001,0.230769,0.157895,0.242467,1.006431,900.447347,4329.250000,73.604340,77.482965,36.802170,38.741483,21420,10,0.230769,510.000000,0.000000,35.000000,1.472122,1.549776
0,-0.000000,0.071429,0.052632,31.302049,3.045715,250.930556,12148.250000,54.409261,73.491907,27.204630,36.745954,13080,2030,0.071429,308.000000,0.000000,25.000000,5.521825,1.470221
0,-0.000000,0.090909,0.083333,0.107845,0.065912,408.401786,267.680000,88.374441,89.999991,44.187220,44.999995,24530,19900,0.090909,199.000000,0.000000,40.000000,1.767503,1.800008
0,-0.000000,0.035714,0.631579,0.425416,2.162012,1289.462810,8309.000000,80.341853,76.008924,40.170927,38.004462,17940,7580,0.705882,858.000000,0.000000,40.000000,1.606907,1.520460
0,-0.000072,0.176471,0.157895,18.558383,0.172059,435.464286,684.040000,89.346446,88.116357,44.673223,44.058179,25630,11350,0.176471,89.000000,0.000000,40.000000,4.513832,1.762349
0,-0.000000,0.090909,0.083333,0.107845,0.065912,408.401786,267.680000,88.374441,89.999991,44.187220,44.999995,43340,24530,0.090909,199.000000,0.000000,40.000000,1.767503,1.800008
0,-0.000072,0.800000,0.157895,14.179463,0.172059,443.000000,684.040000,79.628002,88.116357,39.814001,44.058179,8400,3580,0.800000,1812.000000,0.000000,35.000000,1.883992,1.762349
0,-0.000072,0.333333,0.157895,217.998724,0.172059,3688.500000,684.040000,78.064723,88.116357,39.032362,44.058179,14240,10800,0.333333,1228.000000,0.000000,35.000000,11.563499,1.762349
0,0.000025,0.076923,0.100000,0.421308,0.168410,1634.250000,816.640000,80.982615,81.110562,40.491307,40.555281,19390,12490,0.100000,224.000000,0.000000,40.000000,1.619707,1.622229
0,0.000081,0.333333,0.400000,4.888018,0.716944,1677.000000,3004.000000,81.004589,81.077926,40.502294,40.538963,19390,9180,0.400000,224.000000,0.000000,40.000000,1.665479,1.621645
0,-0.000000,0.125000,0.111111,5.615809,0.000000,17435.222222,18626.333333,82.585125,89.999444,41.292562,44.999722,29180,11870,0.125000,384.000000,0.000000,40.000000,1.659003,1.799989
0,-0.000000,0.125000,0.111111,5.615809,0.000000,17435.222222,18626.333333,82.585125,89.999444,41.292562,44.999722,39600,11870,0.125000,384.000000,0.000000,40.000000,1.659003,1.799989
0,-0.000000,0.125000,0.111111,5.615809,0.000000,17435.222222,18626.333333,82.585125,89.999444,41.292562,44.999722,15210,11870,0.125000,384.000000,0.000000,40.000000,1.659003,1.799989
0,0.000000,1.000000,0.777778,3.538911,0.000000,207.000000,54.000000,92.857303,50.000000,46.428652,25.000000,12700,10,1.000000,796.000000,0.000000,45.000000,1.900632,0.000000
0,0.000000,0.437500,0.437500,1.710648,0.000000,650.771834,484.390533,81.400357,40.639799,40.700178,20.319900,22890,6920,0.437500,105.000000,0.000000,40.000000,1.631273,0.000000
0,0.000000,1.000000,0.777778,3.538911,0.000000,207.000000,54.000000,92.857303,50.000000,46.428652,25.000000,2130,10,1.000000,796.000000,0.000000,45.000000,1.900632,0.000000
0,-0.000000,0.222222,0.153846,0.000000,2.104988,17577.305556,8467.360000,89.448464,79.334264,44.724232,39.667132,14760,10,0.222222,1005.000000,0.000000,40.000000,1.788969,1.586948
0,0.000000,0.466667,0.615385,0.000000,0.040316,411.366531,180.625000,65.721373,41.796175,32.860687,20.898088,8910,10,0.615385,501.000000,0.000000,30.000000,1.314427,0.000000
0,-0.000000,0.111111,0.157895,0.124710,0.102176,407.164352,475.260000,84.527834,50.000000,42.263917,25.000000,8340,10,0.200000,1391.000000,0.000000,40.000000,1.690577,0.000000
0,-0.000000,0.111111,0.157895,0.124710,0.102176,407.164352,475.260000,84.527834,50.000000,42.263917,25.000000,11420,10,0.200000,1391.000000,0.000000,40.000000,1.690577,0.000000
0,-0.000000,0.111111,0.157895,0.124710,0.102176,407.164352,475.260000,84.527834,50.000000,42.263917,25.000000,10870,10,0.200000,1391.000000,0.000000,40.000000,1.690577,0.000000
0,-0.000000,0.111111,0.157895,0.124710,0.102176,407.164352,475.260000,84.527834,50.000000,42.263917,25.000000,24900,10,0.200000,1391.000000,0.000000,40.000000,1.690577,0.000000
0,0.000000,0.333333,0.333333,0.027192,0.000000,156.625000,1815.222222,48.051499,39.966835,24.025750,19.983418,2090,10,0.333333,473.000000,0.000000,20.000000,0.961033,0.000000
0,0.000000,0.833333,0.833333,0.028610,0.000000,128.000000,256.888889,43.403143,40.987807,21.701572,20.493903,680,10,0.833333,473.000000,0.000000,20.000000,0.868067,0.000000
0,-0.000000,0.222222,0.906250,0.923387,0.000000,3081.750000,56180.000000,96.062304,50.000000,48.031152,25.000000,19150,5430,1.000000,1731.000000,0.000000,45.000000,1.921384,0.000000
0,-0.000000,0.142857,0.133333,0.225376,0.000000,819.765000,176.400000,90.140226,40.854897,45.070113,20.427449,33700,13700,0.142857,276.000000,0.000000,45.000000,1.802836,0.000000
0,-0.000000,0.071429,0.066667,0.062010,0.000000,242.764567,56356.400000,91.106764,90.854897,45.553382,45.427449,19980,13700,0.071429,276.000000,0.000000,45.000000,1.822143,1.817098
0,0.000000,1.000000,1.000000,0.690012,0.000000,192.510000,0.000000,88.920147,0.000000,44.460074,0.000000,5630,2910,1.000000,3355.000000,0.000000,40.000000,1.782158,0.000000
0,-0.000000,0.142857,0.133333,0.225376,0.000000,819.765000,176.400000,90.140226,40.854897,45.070113,20.427449,43560,13700,0.142857,276.000000,0.000000,45.000000,1.802836,0.000000
0,-0.000000,0.500000,0.125000,0.083505,0.000000,316.256198,181.500000,89.999995,50.000000,44.999998,25.000000,34270,6310,0.500000,491.000000,0.000000,40.000000,1.800011,0.000000
0,-0.000000,0.142857,0.125000,5.790386,0.000000,764.375000,181.500000,89.694729,50.000000,44.847365,25.000000,21090,13780,0.142857,255.000000,0.000000,40.000000,2.049704,0.000000
0,-0.000000,0.500000,0.125000,0.083505,0.000000,316.256198,181.500000,89.999995,50.000000,44.999998,25.000000,31550,6310,0.500000,491.000000,0.000000,40.000000,1.800011,0.000000
0,-0.000108,0.416667,0.384615,3.796144,0.000000,357.851211,57080.000000,90.931873,87.989221,45.465936,43.994611,22230,10210,0.416667,51.000000,0.000000,45.000000,1.853975,1.759784
0,-0.000000,0.222222,0.906250,0.923387,0.000000,3081.750000,56180.000000,96.062304,50.000000,48.031152,25.000000,28290,6330,1.000000,1731.000000,0.000000,45.000000,1.921384,0.000000
0,-0.000000,0.142857,0.125000,5.790386,0.000000,764.375000,181.500000,89.694729,50.000000,44.847365,25.000000,43770,13780,0.142857,255.000000,0.000000,40.000000,2.049704,0.000000
0,-0.000000,0.142857,0.125000,5.790386,0.000000,764.375000,181.500000,89.694729,50.000000,44.847365,25.000000,33910,13780,0.142857,255.000000,0.000000,40.000000,2.049704,0.000000
0,-0.000008,0.277778,0.263158,13.501501,0.000000,1108.101928,1176.388889,87.111644,36.653040,43.555822,18.326520,42920,17290,0.277778,340.000000,0.000000,40.000000,1.871820,0.000000
0,-0.000000,0.222222,0.906250,0.923387,0.000000,3081.750000,56180.000000,96.062304,50.000000,48.031152,25.000000,29010,28290,1.000000,1731.000000,0.000000,45.000000,1.921384,0.000000
0,0.000000,0.600000,1.000000,0.963796,0.000000,93.187874,0.000000,100.000000,0.000000,50.000000,0.000000,12830,10,1.000000,2363.000000,0.000000,50.000000,2.015861,0.000000
0,-0.000000,0.222222,0.906250,0.923387,0.000000,3081.750000,56180.000000,96.062304,50.000000,48.031152,25.000000,28290,19150,1.000000,1731.000000,0.000000,45.000000,1.921384,0.000000
0,-0.000108,0.416667,0.384615,3.796144,0.000000,357.851211,57080.000000,90.931873,87.989221,45.465936,43.994611,45090,10210,0.416667,51.000000,0.000000,45.000000,1.853975,1.759784
0,-0.000129,0.500000,0.461538,3.889042,0.000000,716.581633,900.000000,90.931873,37.989221,45.465936,18.994611,38670,10210,0.500000,51.000000,0.000000,45.000000,1.853987,0.000000
0,-0.000000,0.142857,0.125000,5.790386,0.000000,764.375000,181.500000,89.694729,50.000000,44.847365,25.000000,36630,13780,0.142857,255.000000,0.000000,40.000000,2.049704,0.000000
0,-0.000129,0.500000,0.461538,3.889042,0.000000,716.581633,900.000000,90.931873,37.989221,45.465936,18.994611,45810,10210,0.500000,51.000000,0.000000,45.000000,1.853987,0.000000
0,-0.000000,0.500000,0.125000,0.083505,0.000000,316.256198,181.500000,89.999995,50.000000,44.999998,25.000000,18730,6310,0.500000,491.000000,0.000000,40.000000,1.800011,0.000000
0,-0.000000,0.142857,0.133333,0.225376,0.000000,819.765000,176.400000,90.140226,40.854897,45.070113,20.427449,20880,13700,0.142857,276.000000,0.000000,45.000000,1.802836,0.000000
0,-0.000000,0.222222,0.906250,0.923387,0.000000,3081.750000,56180.000000,96.062304,50.000000,48.031152,25.000000,6330,5430,1.000000,1731.000000,0.000000,45.000000,1.921384,0.000000
0,0.000000,1.000000,1.000000,17.243108,0.000000,317.680000,0.000000,79.516398,0.000000,39.758199,0.000000,11380,1520,1.000000,3494.000000,0.000000,35.000000,2.159443,0.000000
0,-0.000008,0.277778,0.263158,13.501501,0.000000,1108.101928,1176.388889,87.111644,36.653040,43.555822,18.326520,20240,17290,0.277778,340.000000,0.000000,40.000000,1.871820,0.000000
0,-0.000000,0.222222,0.906250,0.923387,0.000000,3081.750000,56180.000000,96.062304,50.000000,48.031152,25.000000,28290,21870,1.000000,1731.000000,0.000000,45.000000,1.921384,0.000000
0,-0.000129,0.500000,0.461538,3.889042,0.000000,716.581633,900.000000,90.931873,37.989221,45.465936,18.994611,35950,10210,0.500000,51.000000,0.000000,45.000000,1.853987,0.000000
0,-0.000000,0.142857,0.133333,0.225376,0.000000,819.765000,176.400000,90.140226,40.854897,45.070113,20.427449,36420,13700,0.142857,276.000000,0.000000,45.000000,1.802836,0.000000
0,-0.000000,0.071429,0.066667,0.062010,0.000000,242.764567,56356.400000,91.106764,90.854897,45.553382,45.427449,42840,13700,0.071429,276.000000,0.000000,45.000000,1.822143,1.817098
0,0.000000,0.600000,1.000000,0.963796,0.000000,93.187874,0.000000,100.000000,0.000000,50.000000,0.000000,22690,10,1.000000,2363.000000,0.000000,50.000000,2.015861,0.000000
0,0.000000,0.600000,1.000000,0.963796,0.000000,93.187874,0.000000,100.000000,0.000000,50.000000,0.000000,15550,10,1.000000,2363.000000,0.000000,50.000000,2.015861,0.000000
0,-0.000000,0.222222,0.906250,0.923387,0.000000,3081.750000,56180.000000,96.062304,50.000000,48.031152,25.000000,21870,5430,1.000000,1731.000000,0.000000,45.000000,1.921384,0.000000
0,-0.000000,0.500000,0.125000,0.083505,0.000000,316.256198,181.500000,89.999995,50.000000,44.999998,25.000000,41410,6310,0.500000,491.000000,0.000000,40.000000,1.800011,0.000000
0,-0.000008,0.277778,0.263158,13.501501,0.000000,1108.101928,1176.388889,87.111644,36.653040,43.555822,18.326520,35780,17290,0.277778,340.000000,0.000000,40.000000,1.871820,0.000000
0,0.000000,1.000000,1.000000,0.690012,0.000000,192.510000,0.000000,88.920147,0.000000,44.460074,0.000000,12770,5630,1.000000,3355.000000,0.000000,40.000000,1.782158,0.000000
0,-0.000129,0.500000,0.461538,3.889042,0.000000,716.581633,900.000000,90.931873,37.989221,45.465936,18.994611,23130,10210,0.500000,51.000000,0.000000,45.000000,1.853987,0.000000
0,-0.000000,0.222222,0.906250,0.923387,0.000000,3081.750000,56180.000000,96.062304,50.000000,48.031152,25.000000,29010,5430,1.000000,1731.000000,0.000000,45.000000,1.921384,0.000000
0,-0.000008,0.277778,0.263158,13.501501,0.000000,1108.101928,1176.388889,87.111644,36.653040,43.555822,18.326520,33060,17290,0.277778,340.000000,0.000000,40.000000,1.871820,0.000000
0,-0.000000,0.052632,0.062500,0.104831,0.372518,448.298611,1735.500000,81.599762,82.142879,40.799881,41.071439,26910,12940,0.076923,434.000000,0.000000,40.000000,1.632008,1.642898
0,0.000000,0.166667,0.166667,0.140649,0.000000,635.897959,504.530000,81.333249,80.762737,40.666625,40.381369,27150,5040,0.166667,289.000000,0.000000,40.000000,1.626681,1.615255
0,0.000000,0.800000,0.800000,0.006146,0.000000,44.743210,36.736111,67.989211,50.000000,33.994606,25.000000,25670,10,0.800000,365.000000,0.000000,30.000000,1.359785,0.000000
0,0.000000,0.800000,0.800000,0.006146,0.000000,44.743210,36.736111,67.989211,50.000000,33.994606,25.000000,25740,10,0.800000,365.000000,0.000000,30.000000,1.359785,0.000000
0,-0.000000,0.142857,0.125000,0.002638,0.000000,27.311111,35.555556,62.989211,41.566076,31.494606,20.783038,9050,10,0.142857,365.000000,0.000000,30.000000,1.259785,0.000000
0,0.000000,0.700000,0.700000,0.034903,0.000000,160.644444,205.350000,57.818145,38.404179,28.909072,19.202090,21810,10,0.700000,365.000000,0.000000,25.000000,1.156367,0.000000
0,0.000000,0.800000,0.800000,0.006146,0.000000,44.743210,36.736111,67.989211,50.000000,33.994606,25.000000,17420,10,0.800000,365.000000,0.000000,30.000000,1.359785,0.000000
0,0.000000,0.200000,0.200000,0.047206,0.000000,205.829630,304.000000,56.735985,41.029503,28.367993,20.514752,18950,10,0.200000,365.000000,0.000000,25.000000,1.134726,0.000000
0,0.000000,0.500000,0.500000,2.107463,2.087855,8091.000000,8750.000000,75.425715,39.993477,37.712857,19.996738,16160,1680,0.500000,264.000000,0.000000,35.000000,1.508789,0.000000
0,0.000000,0.133333,0.133333,0.456831,0.093539,1978.603878,439.426036,90.000428,50.000000,45.000214,25.000000,24230,16100,0.133333,242.000000,0.000000,45.000000,1.800061,0.000000
0,0.000000,0.133333,0.133333,0.456831,0.093539,1978.603878,439.426036,90.000428,50.000000,45.000214,25.000000,38260,16100,0.133333,242.000000,0.000000,45.000000,1.800061,0.000000
0,0.000000,0.250000,0.250000,1.595580,0.100075,3279.000000,600.000000,80.040836,29.383679,40.020418,14.691840,21900,14300,0.250000,422.000000,0.000000,40.000000,1.625490,0.000000
0,0.000000,0.076923,0.066667,0.774620,0.169526,3456.750000,808.640000,80.000428,39.969360,40.000214,19.984680,33000,16100,0.076923,242.000000,0.000000,40.000000,1.600096,0.000000
0,0.000000,0.133333,0.133333,0.456831,0.093539,1978.603878,439.426036,90.000428,50.000000,45.000214,25.000000,21700,16100,0.133333,242.000000,0.000000,45.000000,1.800061,0.000000
0,0.000000,0.133333,0.133333,0.456831,0.093539,1978.603878,439.426036,90.000428,50.000000,45.000214,25.000000,24780,16100,0.133333,242.000000,0.000000,45.000000,1.800061,0.000000
0,0.000000,0.222222,0.222222,1.144423,0.000000,1555.882086,478.892857,88.271922,92.032081,44.135961,46.016040,38870,12440,0.222222,254.000000,0.000000,40.000000,1.766412,1.840642
0,0.000000,0.222222,0.222222,1.144423,0.000000,1555.882086,478.892857,88.271922,92.032081,44.135961,46.016040,24840,12440,0.222222,254.000000,0.000000,40.000000,1.766412,1.840642
0,0.000000,0.222222,0.222222,1.144423,0.000000,1555.882086,478.892857,88.271922,92.032081,44.135961,46.016040,22310,12440,0.222222,254.000000,0.000000,40.000000,1.766412,1.840642
0,0.000000,0.222222,0.222222,1.144423,0.000000,1555.882086,478.892857,88.271922,92.032081,44.135961,46.016040,25390,12440,0.222222,254.000000,0.000000,40.000000,1.766412,1.840642
0,0.000000,0.500000,0.500000,0.070074,0.000000,330.750000,400.000000,81.333047,40.000000,40.666524,20.000000,28550,4690,0.500000,336.000000,0.000000,40.000000,1.626668,0.000000
0,-0.000015,0.050000,0.045455,19.489432,0.000000,1898.320000,9416.927083,90.106971,87.861683,45.053486,43.930842,23860,19680,0.050000,28.000000,0.000000,45.000000,1.910345,1.757234
0,-0.000002,0.181818,0.137931,0.688126,0.000000,682.935459,161.371528,89.999998,50.000000,44.999999,25.000000,24200,16430,0.181818,771.000000,0.000000,40.000000,1.802256,0.000000
0,-0.000002,0.181818,0.137931,0.688126,0.000000,682.935459,161.371528,89.999998,50.000000,44.999999,25.000000,24200,13620,0.181818,771.000000,0.000000,40.000000,1.802256,0.000000
0,0.000000,0.100000,0.100000,1.796403,0.000000,501.530000,24.000000,82.156623,41.665499,41.078312,20.832749,29950,2130,0.100000,196.000000,0.000000,40.000000,1.703429,0.000000
0,-0.000004,0.388889,0.344828,10.374654,0.000000,14833.000000,23084.962963,79.746727,40.286796,39.873363,20.143398,27220,18180,0.391304,1373.000000,0.000000,35.000000,1.623407,0.000000
0,-0.000015,0.050000,0.045455,19.489432,0.000000,1898.320000,9416.927083,90.106971,87.861683,45.053486,43.930842,19680,8820,0.050000,28.000000,0.000000,45.000000,1.910345,1.757234
0,-0.000015,0.050000,0.045455,19.489432,0.000000,1898.320000,9416.927083,90.106971,87.861683,45.053486,43.930842,21050,19680,0.050000,28.000000,0.000000,45.000000,1.910345,1.757234
0,-0.000062,0.200000,0.181818,19.519929,0.000000,2081.218056,9255.555556,81.276055,37.861683,40.638027,18.930842,31630,19680,0.200000,28.000000,0.000000,40.000000,1.733729,0.000000
0,-0.000001,0.083333,0.068966,0.149896,0.000000,684.917355,348.480000,82.848431,41.659506,41.424216,20.829753,30360,27500,0.083333,441.000000,0.000000,40.000000,1.656985,0.000000
0,-0.000000,0.055556,0.034483,0.174369,0.000000,682.397959,31.360000,82.314696,42.244527,41.157348,21.122264,24200,9630,0.055556,771.000000,0.000000,40.000000,1.646316,0.000000
0,-0.000002,0.166667,0.137931,16.307370,0.000000,537.601134,161.371528,87.523798,50.000000,43.761899,25.000000,28000,5190,0.166667,391.000000,0.000000,40.000000,2.560153,0.000000
0,0.000001,0.363636,0.391304,0.917662,6.717786,990.000000,26607.000000,79.546967,81.023851,39.773483,40.511925,15630,14920,0.391304,52.000000,0.000000,35.000000,1.591567,1.621325
0,0.000000,0.818182,0.818182,0.006026,0.005984,50.741775,31.301775,58.333333,50.000000,29.166667,25.000000,31220,10,0.818182,16.000000,0.000000,25.000000,1.166667,0.000000
0,0.000000,0.818182,0.818182,0.006026,0.005984,50.741775,31.301775,58.333333,50.000000,29.166667,25.000000,22900,10,0.818182,16.000000,0.000000,25.000000,1.166667,0.000000
0,0.000000,0.090909,0.090909,0.070160,0.062141,312.062837,261.012346,49.187126,41.023612,24.593563,20.511806,24430,10,0.090909,16.000000,0.000000,20.000000,0.983751,0.000000
0,0.000000,0.454545,0.454545,0.074608,0.074083,348.560000,329.120000,46.788380,38.969639,23.394190,19.484820,27290,10,0.454545,16.000000,0.000000,20.000000,0.935776,0.000000
0,0.000000,0.125000,0.125000,0.007754,0.007700,54.995556,35.555556,52.309666,43.984216,26.154833,21.992108,14530,10,0.125000,16.000000,0.000000,25.000000,1.046194,0.000000
0,0.000000,0.818182,0.818182,0.006026,0.005984,50.741775,31.301775,58.333333,50.000000,29.166667,25.000000,31150,10,0.818182,16.000000,0.000000,25.000000,1.166667,0.000000
0,-0.000005,0.050000,0.045455,0.498443,0.000000,2346.239235,405.892857,89.986670,73.928329,44.993335,36.964164,39640,7180,0.050000,204.000000,0.000000,40.000000,1.799786,1.478567
0,-0.000005,0.050000,0.045455,0.498443,0.000000,2346.239235,405.892857,89.986670,73.928329,44.993335,36.964164,26160,7180,0.050000,204.000000,0.000000,40.000000,1.799786,1.478567
0,-0.000005,0.050000,0.045455,0.498443,0.000000,2346.239235,405.892857,89.986670,73.928329,44.993335,36.964164,25610,7180,0.050000,204.000000,0.000000,40.000000,1.799786,1.478567
0,-0.000000,0.250000,0.181818,0.000000,0.000000,236.625000,283.888889,72.705480,63.930597,36.352740,31.965299,1420,10,0.250000,780.000000,0.000000,35.000000,1.454110,1.278612
0,-0.000005,0.050000,0.045455,0.498443,0.000000,2346.239235,405.892857,89.986670,73.928329,44.993335,36.964164,23080,7180,0.050000,204.000000,0.000000,40.000000,1.799786,1.478567
0,0.000000,0.071429,0.071429,0.010693,0.000000,61.195972,45.352222,56.955084,42.333221,28.477542,21.166611,17860,10,0.071429,21.000000,0.000000,25.000000,1.139103,0.000000
0,0.000056,0.250000,0.250000,4.823812,0.000000,244.125000,736.982111,86.923508,90.205034,43.461754,45.102517,23130,19200,0.294118,879.000000,0.000000,40.000000,1.794203,1.804101
0,0.000000,0.714286,0.714286,0.005095,0.000000,42.833546,65.308642,65.048513,50.000000,32.524256,25.000000,23390,10,0.714286,21.000000,0.000000,30.000000,1.300971,0.000000
0,0.000056,0.250000,0.250000,4.823812,0.000000,244.125000,736.982111,86.923508,90.205034,43.461754,45.102517,23060,19200,0.294118,879.000000,0.000000,40.000000,1.794203,1.804101
0,0.000000,0.142857,0.142857,0.061360,0.000000,276.856096,261.012346,56.264693,41.276988,28.132346,20.638494,24920,10,0.142857,21.000000,0.000000,25.000000,1.125301,0.000000
0,0.000000,0.714286,0.714286,0.050800,0.000000,244.399306,671.673469,54.601684,40.205034,27.300842,20.102517,27780,10,0.714286,21.000000,0.000000,25.000000,1.092039,0.000000
0,0.000000,0.125000,0.125000,0.007603,0.000000,51.399306,35.555556,59.041668,43.995978,29.520834,21.997989,15020,10,0.125000,21.000000,0.000000,25.000000,1.180834,0.000000
0,0.000056,0.250000,0.250000,4.823812,0.000000,244.125000,736.982111,86.923508,90.205034,43.461754,45.102517,19200,14810,0.294118,879.000000,0.000000,40.000000,1.794203,1.804101
0,-0.000003,0.076923,0.041667,0.335888,0.000000,1231.234375,326.320988,75.809740,91.276988,37.904870,45.638494,20850,14060,0.076923,1107.000000,0.000000,35.000000,1.516241,1.825540
0,-0.000003,0.076923,0.041667,0.335888,0.000000,1231.234375,326.320988,75.809740,91.276988,37.904870,45.638494,14060,12530,0.076923,1107.000000,0.000000,35.000000,1.516241,1.825540
0,0.000000,0.714286,0.714286,0.005095,0.000000,42.833546,65.308642,65.048513,50.000000,32.524256,25.000000,31710,10,0.714286,21.000000,0.000000,30.000000,1.300971,0.000000
0,-0.000003,0.076923,0.041667,0.335888,0.000000,1231.234375,326.320988,75.809740,91.276988,37.904870,45.638494,20780,14060,0.076923,1107.000000,0.000000,35.000000,1.516241,1.825540
0,0.000000,0.071429,0.071429,0.005894,0.000000,42.843750,27.000000,58.381687,43.333240,29.190843,21.666620,19080,10,0.071429,21.000000,0.000000,25.000000,1.167634,0.000000
0,0.000000,0.714286,0.714286,0.005095,0.000000,42.833546,65.308642,65.048513,50.000000,32.524256,25.000000,31640,10,0.714286,21.000000,0.000000,30.000000,1.300971,0.000000
0,0.000000,0.272727,0.150000,0.000000,0.058475,420.891852,292.308012,61.776642,50.000000,30.888321,25.000000,8780,10,0.272727,1695.000000,0.000000,30.000000,1.235533,0.000000
0,0.000000,0.272727,0.150000,0.000000,0.058475,420.891852,292.308012,61.776642,50.000000,30.888321,25.000000,11310,10,0.272727,1695.000000,0.000000,30.000000,1.235533,0.000000
0,0.000000,0.100000,0.100000,64.282182,0.098100,579.000000,432.000000,80.220558,50.000000,40.110279,25.000000,16580,9450,0.100000,38.000000,0.000000,40.000000,6.382824,0.000000
0,0.000000,0.272727,0.150000,0.000000,0.058475,420.891852,292.308012,61.776642,50.000000,30.888321,25.000000,25340,10,0.272727,1695.000000,0.000000,30.000000,1.235533,0.000000
0,0.000000,0.272727,0.150000,0.000000,0.058475,420.891852,292.308012,61.776642,50.000000,30.888321,25.000000,11860,10,0.272727,1695.000000,0.000000,30.000000,1.235533,0.000000
0,0.000000,0.500000,1.000000,0.000000,0.181038,80.081633,1008.000000,54.431054,41.100422,27.215527,20.550211,4750,10,1.000000,1221.000000,0.000000,25.000000,1.088621,0.000000
0,0.000000,0.181818,0.100000,0.000000,0.098100,113.387107,432.000000,52.814878,50.000000,26.407439,25.000000,23180,10,0.181818,1695.000000,0.000000,25.000000,1.056298,0.000000
0,-0.000030,0.050000,0.047619,1.267026,0.076717,416.096372,384.480000,79.112067,80.566251,39.556033,40.283125,35570,34040,0.050000,184.000000,0.000000,35.000000,1.625744,1.611333
0,-0.000000,0.062500,0.052632,1.275762,0.522908,448.055556,2340.000000,86.539190,88.900015,43.269595,44.450008,35570,1100,0.062500,184.000000,0.000000,40.000000,1.774288,1.778059
0,-0.000000,0.058824,0.052632,1.194249,0.041636,61.618056,161.296875,79.708300,79.884738,39.854150,39.942369,35570,5010,0.058824,184.000000,0.000000,35.000000,1.637661,1.597700
0,0.000000,0.125000,0.125000,1.192206,0.017601,61.055556,81.000000,79.296628,80.898174,39.648314,40.449087,35570,2090,0.125000,184.000000,0.000000,35.000000,1.629427,1.617965
0,-0.000000,0.062500,0.052632,1.275762,0.522908,448.055556,2340.000000,86.539190,88.900015,43.269595,44.450008,35570,6950,0.062500,184.000000,0.000000,40.000000,1.774288,1.778059
0,0.000000,0.090909,0.090909,9.156231,0.000000,24814.243056,44723.000000,83.748867,89.164054,41.874433,44.582027,22740,4780,0.090909,76.000000,0.000000,40.000000,1.714493,1.783281
0,0.000000,0.090909,0.090909,9.156231,0.000000,24814.243056,44723.000000,83.748867,89.164054,41.874433,44.582027,36710,4780,0.090909,76.000000,0.000000,40.000000,1.714493,1.783281
0,0.000000,0.363636,0.363636,2.915167,0.000000,252.055556,3112.000000,74.275276,79.164194,37.137638,39.582097,8150,4780,0.363636,76.000000,0.000000,35.000000,1.524228,1.583284
0,-0.000000,0.090909,0.083333,2.733892,0.000000,10653.201389,46235.000000,91.240596,90.000140,45.620298,45.000070,44300,5320,0.090909,359.000000,0.000000,45.000000,1.825163,1.800003
0,0.000000,0.090909,0.090909,9.156231,0.000000,24814.243056,44723.000000,83.748867,89.164054,41.874433,44.582027,47130,4780,0.090909,76.000000,0.000000,40.000000,1.714493,1.783281
0,-0.000000,0.090909,0.083333,2.733892,0.000000,10653.201389,46235.000000,91.240596,90.000140,45.620298,45.000070,19910,5320,0.090909,359.000000,0.000000,45.000000,1.825163,1.800003
0,-0.000000,0.090909,0.083333,2.733892,0.000000,10653.201389,46235.000000,91.240596,90.000140,45.620298,45.000070,33880,5320,0.090909,359.000000,0.000000,45.000000,1.825163,1.800003
0,-0.000000,0.111111,0.100000,1.543234,0.000000,6759.962525,1699.480469,89.916355,82.005726,44.958177,41.002863,34950,28950,0.111111,234.000000,0.000000,40.000000,1.798503,1.640115
0,-0.000000,0.111111,0.100000,1.543234,0.000000,6759.962525,1699.480469,89.916355,82.005726,44.958177,41.002863,34950,3010,0.111111,234.000000,0.000000,40.000000,1.798503,1.640115
0,-0.000000,0.111111,0.100000,1.543234,0.000000,6759.962525,1699.480469,89.916355,82.005726,44.958177,41.002863,35980,34950,0.111111,234.000000,0.000000,40.000000,1.798503,1.640115
0,-0.000000,0.133333,0.100000,2.935319,0.000000,11025.390625,13934.295858,78.818072,71.932999,39.409036,35.966499,35640,30470,0.133333,682.000000,0.000000,35.000000,1.576752,1.438660
0,-0.000035,0.076923,0.050000,0.000000,0.023656,81.944444,100.487778,54.760039,58.199175,27.380020,29.099587,9760,10,0.076923,925.000000,0.000000,25.000000,1.095201,1.163986
0,-0.000000,0.062500,0.058824,3.555987,0.103130,495.750000,534.812500,87.077566,68.846592,43.538783,34.423296,24980,8740,0.062500,52.000000,0.000000,40.000000,1.757285,1.376942
0,-0.000000,0.636364,0.666667,0.000000,0.114133,484.484375,522.666667,50.122173,40.434837,25.061086,20.217418,18900,10,0.714286,970.000000,0.000000,25.000000,1.002443,0.000000
0,-0.000278,0.538462,0.400000,0.000000,0.022281,56.179138,97.777778,54.251396,61.922217,27.125698,30.961108,6650,10,0.538462,925.000000,0.000000,25.000000,1.085028,1.238447
0,-0.000000,0.062500,0.058824,3.555987,0.103130,495.750000,534.812500,87.077566,68.846592,43.538783,34.423296,17090,8740,0.062500,52.000000,0.000000,40.000000,1.757285,1.376942
0,0.000000,0.500000,0.500000,0.012462,0.005488,59.000000,27.000000,45.102453,39.999252,22.551227,19.999626,5450,50,0.500000,426.000000,0.000000,20.000000,0.902050,0.000000
0,-0.000092,0.400000,0.333333,0.017475,0.040855,87.510204,180.000000,79.995766,35.398646,39.997883,17.699323,8390,8120,0.400000,159.000000,0.000000,35.000000,1.599917,0.000000
0,-0.000035,0.076923,0.050000,0.000000,0.034784,568.694444,210.750000,53.805774,60.846053,26.902887,30.423026,25700,10,0.076923,925.000000,0.000000,25.000000,1.076115,1.216924
0,-0.000000,0.041667,0.035714,35.573385,0.805556,1878.500000,3478.423611,73.023120,90.303249,36.511560,45.151625,38920,470,0.041667,207.000000,0.000000,35.000000,2.641341,1.806158
0,-0.000000,0.040000,0.035714,64.646376,0.805556,2146.750000,3478.423611,79.180116,90.303249,39.590058,45.151625,9450,1300,0.040000,124.000000,0.000000,35.000000,6.362057,1.806158
0,-0.000000,0.500000,0.062500,0.316509,0.259628,1193.280992,1299.480469,88.982043,50.000000,44.491022,25.000000,29860,1460,0.500000,867.000000,0.000000,40.000000,1.779683,0.000000
0,-0.000000,0.076923,0.125000,0.090122,0.017357,322.250000,73.487778,82.300254,39.742470,41.150127,19.871235,19610,8440,0.133333,1062.000000,0.000000,40.000000,1.646018,0.000000
0,-0.000000,0.500000,0.062500,0.316509,0.259628,1193.280992,1299.480469,88.982043,50.000000,44.491022,25.000000,22830,1460,0.500000,867.000000,0.000000,40.000000,1.779683,0.000000
0,0.000000,1.000000,1.000000,12.935953,0.000000,293.888889,0.000000,83.947919,0.000000,41.973959,0.000000,22100,2000,1.000000,813.000000,0.000000,40.000000,1.980781,0.000000
0,0.000000,0.461538,0.500000,0.820717,0.034983,341.385802,176.747500,90.335980,50.000000,45.167990,25.000000,19610,12430,0.500000,1062.000000,0.000000,45.000000,1.810732,0.000000
0,-0.000187,0.833333,0.454545,0.121525,0.007041,575.000000,35.437500,62.500081,45.127287,31.250041,22.563643,6900,10,0.833333,323.000000,0.000000,30.000000,1.250015,0.000000
0,0.000000,0.500000,0.500000,16.467367,0.034983,1120.823356,176.747500,96.190465,50.000000,48.095232,25.000000,5190,4500,0.500000,563.000000,0.000000,45.000000,2.733508,0.000000
0,0.000000,0.375000,0.500000,8.070391,0.034983,209.981944,176.747500,91.973959,50.000000,45.986980,25.000000,14920,2000,0.500000,813.000000,0.000000,45.000000,2.060218,0.000000
0,0.000000,0.500000,0.500000,16.467367,0.034983,1120.823356,176.747500,96.190465,50.000000,48.095232,25.000000,24600,5190,0.500000,563.000000,0.000000,45.000000,2.733508,0.000000
0,0.000000,0.111111,0.111111,0.191936,0.009467,921.000000,54.000000,87.952044,41.673323,43.976022,20.836661,9900,860,0.111111,23.000000,0.000000,40.000000,1.759061,0.000000
0,0.000000,0.461538,0.500000,0.820717,0.034983,341.385802,176.747500,90.335980,50.000000,45.167990,25.000000,19610,15240,0.500000,1062.000000,0.000000,45.000000,1.810732,0.000000
0,-0.000000,0.062500,0.125000,8.067120,0.017357,196.327160,73.487778,84.960864,39.742470,42.480432,19.871235,10930,2000,0.133333,813.000000,0.000000,40.000000,1.919956,0.000000
0,-0.000000,0.062500,0.062500,5.184415,0.259628,1313.225436,1299.480469,91.973959,50.000000,45.986980,25.000000,23370,22100,0.076923,813.000000,0.000000,45.000000,1.920604,0.000000
0,-0.000187,0.833333,0.454545,0.121525,0.007041,575.000000,35.437500,62.500081,45.127287,31.250041,22.563643,27000,10,0.833333,323.000000,0.000000,30.000000,1.250015,0.000000
0,-0.000000,0.071429,0.062500,20.292508,0.259628,3860.966024,1299.480469,95.650126,50.000000,47.825063,25.000000,5770,1200,0.071429,436.000000,0.000000,45.000000,1.982380,0.000000
0,-0.000000,0.062500,0.062500,5.184415,0.259628,1313.225436,1299.480469,91.973959,50.000000,45.986980,25.000000,30400,22100,0.076923,813.000000,0.000000,45.000000,1.920604,0.000000
0,0.000000,0.111111,0.111111,0.191936,0.009467,921.000000,54.000000,87.952044,41.673323,43.976022,20.836661,30000,860,0.111111,23.000000,0.000000,40.000000,1.759061,0.000000
0,0.000000,0.375000,0.500000,8.070391,0.034983,209.981944,176.747500,91.973959,50.000000,45.986980,25.000000,17730,2000,0.500000,813.000000,0.000000,45.000000,2.060218,0.000000
0,-0.000000,0.071429,0.062500,20.292508,0.259628,3860.966024,1299.480469,95.650126,50.000000,47.825063,25.000000,25870,1200,0.071429,436.000000,0.000000,45.000000,1.982380,0.000000
0,-0.000000,0.100000,0.113636,5.084041,0.474753,2878.537147,2414.234905,99.642851,100.000000,49.821425,50.000000,27140,2990,0.116279,301.000000,0.000000,45.000000,2.016424,2.000047
0,-0.000000,0.100000,0.113636,5.084041,0.474753,2878.537147,2414.234905,99.642851,100.000000,49.821425,50.000000,24060,2990,0.116279,301.000000,0.000000,45.000000,2.016424,2.000047
0,-0.000000,0.100000,0.113636,5.084041,0.474753,2878.537147,2414.234905,99.642851,100.000000,49.821425,50.000000,35960,27140,0.116279,301.000000,0.000000,45.000000,2.016424,2.000047
0,-0.000001,0.294118,0.300000,4.557844,0.067802,484.988536,358.301020,90.747468,50.000000,45.373734,25.000000,26590,4890,0.315789,301.000000,0.000000,45.000000,1.838459,0.000000
0,-0.000000,0.100000,0.113636,5.084041,0.474753,2878.537147,2414.234905,99.642851,100.000000,49.821425,50.000000,26590,2990,0.116279,301.000000,0.000000,45.000000,2.016424,2.000047
0,-0.000000,0.100000,0.113636,5.084041,0.474753,2878.537147,2414.234905,99.642851,100.000000,49.821425,50.000000,28930,26590,0.116279,301.000000,0.000000,45.000000,2.016424,2.000047
0,0.000000,0.058824,0.058824,3.228654,0.038012,344.750000,176.000000,64.679541,34.891208,32.339770,17.445604,9770,7550,0.058824,35.000000,0.000000,30.000000,1.322387,0.000000
0,-0.000000,0.083333,0.050000,0.022685,0.350754,110.416667,1406.250000,58.333333,49.346168,29.166667,24.673084,19870,10,0.083333,789.000000,0.000000,25.000000,1.166670,0.000000
0,-0.000000,0.100000,0.113636,5.084041,0.474753,2878.537147,2414.234905,99.642851,100.000000,49.821425,50.000000,35960,24060,0.116279,301.000000,0.000000,45.000000,2.016424,2.000047
0,-0.000000,0.100000,0.113636,5.084041,0.474753,2878.537147,2414.234905,99.642851,100.000000,49.821425,50.000000,35960,26590,0.116279,301.000000,0.000000,45.000000,2.016424,2.000047
0,-0.000000,0.100000,0.113636,5.084041,0.474753,2878.537147,2414.234905,99.642851,100.000000,49.821425,50.000000,28930,24060,0.116279,301.000000,0.000000,45.000000,2.016424,2.000047
0,-0.000000,0.083333,0.050000,18.469025,0.350754,82.666667,1406.250000,87.581259,49.346168,43.790629,24.673084,11350,950,0.083333,695.000000,0.000000,40.000000,4.478517,0.000000
0,0.000001,0.200000,0.800000,0.012692,0.406951,63.919375,2055.933884,43.995985,50.000000,21.997993,25.000000,1910,10,0.812500,599.000000,0.000000,20.000000,0.879922,0.000000
0,0.000001,0.916667,0.800000,0.209589,0.406951,855.196252,2055.933884,58.333333,50.000000,29.166667,25.000000,24050,10,0.916667,789.000000,0.000000,25.000000,1.166693,0.000000
0,0.000001,0.916667,0.800000,0.209589,0.406951,855.196252,2055.933884,58.333333,50.000000,29.166667,25.000000,31080,10,0.916667,789.000000,0.000000,25.000000,1.166693,0.000000
0,-0.000001,0.294118,0.300000,4.557844,0.067802,484.988536,358.301020,90.747468,50.000000,45.373734,25.000000,24060,4890,0.315789,301.000000,0.000000,45.000000,1.838459,0.000000
0,-0.000000,0.100000,0.113636,5.084041,0.474753,2878.537147,2414.234905,99.642851,100.000000,49.821425,50.000000,40620,2990,0.116279,301.000000,0.000000,45.000000,2.016424,2.000047
0,-0.000000,0.100000,0.113636,5.084041,0.474753,2878.537147,2414.234905,99.642851,100.000000,49.821425,50.000000,28930,27140,0.116279,301.000000,0.000000,45.000000,2.016424,2.000047
0,-0.000000,0.100000,0.113636,5.084041,0.474753,2878.537147,2414.234905,99.642851,100.000000,49.821425,50.000000,40620,28930,0.116279,301.000000,0.000000,45.000000,2.016424,2.000047
0,-0.000001,0.294118,0.300000,4.557844,0.067802,484.988536,358.301020,90.747468,50.000000,45.373734,25.000000,27140,4890,0.315789,301.000000,0.000000,45.000000,1.838459,0.000000
0,-0.000000,0.083333,0.050000,0.022685,0.350754,110.416667,1406.250000,58.333333,49.346168,29.166667,24.673084,21250,10,0.083333,789.000000,0.000000,25.000000,1.166670,0.000000
0,-0.000000,0.100000,0.113636,5.084041,0.474753,2878.537147,2414.234905,99.642851,100.000000,49.821425,50.000000,40620,35960,0.116279,301.000000,0.000000,45.000000,2.016424,2.000047
0,-0.000001,0.294118,0.300000,4.557844,0.067802,484.988536,358.301020,90.747468,50.000000,45.373734,25.000000,40620,4890,0.315789,301.000000,0.000000,45.000000,1.838459,0.000000
0,0.000000,0.176471,0.176471,1.187412,0.010036,202.855469,46.295469,73.791676,82.134004,36.895838,41.067002,38460,10120,0.176471,27.000000,0.000000,35.000000,1.500434,1.642681
0,0.000000,0.083333,0.083333,3.187128,0.007625,192.666667,36.106667,69.644540,84.671805,34.822270,42.335903,9770,4630,0.083333,62.000000,0.000000,30.000000,1.421682,1.693437
0,-0.000000,0.500000,0.250000,3.895791,0.122271,51.000000,700.000000,81.499764,39.978013,40.749882,19.989007,7840,2130,0.500000,457.000000,0.000000,40.000000,1.779479,0.000000
0,0.000000,0.666667,0.750000,31.818208,3.371783,2163.462604,15349.096939,80.203052,38.872072,40.101526,19.436036,36190,5040,0.750000,737.000000,0.000000,40.000000,1.839741,0.000000
0,0.000000,0.111111,0.111111,0.165233,0.105664,740.308012,460.000000,88.749052,79.781169,44.374526,39.890584,29510,20090,0.111111,128.000000,0.000000,40.000000,1.775000,1.595636
0,0.000000,0.857143,0.857143,0.067300,0.258095,394.872449,1212.000000,79.732647,84.730306,39.866323,42.365153,43810,10,0.857143,46.000000,0.000000,35.000000,1.594659,1.694634
0,-0.000000,0.095238,0.085714,0.212126,0.047509,923.076944,254.000000,91.536804,80.068217,45.768402,40.034108,28140,21360,0.095238,943.000000,0.000000,45.000000,1.830761,1.601369
0,0.000000,0.111111,0.111111,0.165233,0.105664,740.308012,460.000000,88.749052,79.781169,44.374526,39.890584,42990,20090,0.111111,128.000000,0.000000,40.000000,1.775000,1.595636
0,0.000000,0.181818,0.181818,356.105767,0.242057,3902.308012,1112.000000,86.817641,88.401556,43.408821,44.200778,42540,16110,0.181818,173.000000,0.000000,40.000000,19.294553,1.768057
0,-0.000000,0.037037,0.026316,0.855416,0.313712,3571.882086,1440.099174,87.322512,78.668596,43.661256,39.334298,38970,34600,0.037037,530.000000,0.000000,40.000000,1.746553,1.573406
0,-0.000000,0.066667,0.200000,0.000000,0.464621,805.624051,2092.125000,75.113086,86.345594,37.556543,43.172797,33800,10,0.307692,1047.000000,0.000000,35.000000,1.502262,1.726963
0,-0.000000,0.222222,0.095238,0.777112,0.136160,2543.937500,712.416667,85.899207,78.241051,42.949603,39.120525,26700,21440,0.222222,1757.000000,0.000000,40.000000,1.718103,1.564834
0,0.000000,0.037037,0.037037,1.200711,0.068135,298.163427,349.421875,80.567104,83.451630,40.283552,41.725815,38460,36930,0.037037,64.000000,0.000000,40.000000,1.635944,1.669039
0,-0.000000,0.200000,0.181818,0.078327,0.242057,424.267857,1112.000000,83.333329,88.401556,41.666665,44.200778,27290,10,0.200000,295.000000,0.000000,40.000000,1.666675,1.768057
0,0.000000,0.083333,0.083333,0.003612,0.269230,53.238095,1266.666667,73.065912,89.322454,36.532956,44.661227,5160,10,0.083333,46.000000,0.000000,35.000000,1.461319,1.786478
0,-0.000000,0.222222,0.095238,0.777112,0.136160,2543.937500,712.416667,85.899207,78.241051,42.949603,39.120525,21440,12670,0.222222,1757.000000,0.000000,40.000000,1.718103,1.564834
0,0.000000,0.181818,0.181818,356.105767,0.242057,3902.308012,1112.000000,86.817641,88.401556,43.408821,44.200778,28510,16110,0.181818,173.000000,0.000000,40.000000,19.294553,1.768057
0,-0.000000,0.058824,0.052632,32.938340,0.061195,909.577013,338.666667,75.714377,77.382314,37.857189,38.691157,26030,9440,0.058824,421.000000,0.000000,35.000000,2.937377,1.547652
0,-0.000000,0.058824,0.052632,32.938340,0.061195,909.577013,338.666667,75.714377,77.382314,37.857189,38.691157,26580,9440,0.058824,421.000000,0.000000,35.000000,2.937377,1.547652
0,-0.000000,0.052632,0.050000,1.642974,0.485247,2330.855469,2187.546875,88.900468,89.729007,44.450234,44.864504,38460,3990,0.052632,64.000000,0.000000,40.000000,1.802659,1.794634
0,-0.000000,1.000000,0.666667,0.102868,0.017164,491.260000,78.666667,62.500000,81.395261,31.250000,40.697630,22100,10,1.000000,561.000000,0.000000,30.000000,1.250011,1.627907
0,-0.000000,0.285714,0.200000,0.115719,0.464621,547.017013,2092.125000,59.999999,86.345594,30.000000,43.172797,23090,10,0.285714,462.000000,0.000000,25.000000,1.200013,1.726963
0,0.000000,0.222222,0.370370,0.144650,0.026655,661.055096,119.421875,91.436775,80.186526,45.718388,40.093263,34410,23020,0.500000,469.000000,0.000000,45.000000,1.828751,1.603734
0,0.000000,0.857143,0.857143,0.067300,0.258095,394.872449,1212.000000,79.732647,84.730306,39.866323,42.365153,30330,10,0.857143,46.000000,0.000000,35.000000,1.594659,1.694634
0,0.000000,0.857143,0.857143,0.067300,0.258095,394.872449,1212.000000,79.732647,84.730306,39.866323,42.365153,29780,10,0.857143,46.000000,0.000000,35.000000,1.594659,1.694634
0,0.000000,0.111111,0.111111,0.165233,0.105664,740.308012,460.000000,88.749052,79.781169,44.374526,39.890584,28960,20090,0.111111,128.000000,0.000000,40.000000,1.775000,1.595636
0,-0.000000,0.066667,0.200000,0.000000,0.464621,805.624051,2092.125000,75.113086,86.345594,37.556543,43.172797,19770,10,0.307692,1047.000000,0.000000,35.000000,1.502262,1.726963
0,-0.000000,0.285714,0.200000,0.115719,0.464621,547.017013,2092.125000,59.999999,86.345594,30.000000,43.172797,26170,10,0.285714,462.000000,0.000000,25.000000,1.200013,1.726963
0,-0.000000,1.000000,0.666667,0.102868,0.017164,491.260000,78.666667,62.500000,81.395261,31.250000,40.697630,25180,10,1.000000,561.000000,0.000000,30.000000,1.250011,1.627907
0,-0.000000,0.200000,0.181818,0.078327,0.242057,424.267857,1112.000000,83.333329,88.401556,41.666665,44.200778,24760,10,0.200000,295.000000,0.000000,40.000000,1.666675,1.768057
0,-0.000000,0.095238,0.085714,0.212126,0.047509,923.076944,254.000000,91.536804,80.068217,45.768402,40.034108,28140,18280,0.095238,943.000000,0.000000,45.000000,1.830761,1.601369
0,-0.000001,0.500000,0.545455,1.549703,0.258095,459.426036,1212.000000,81.999981,84.730306,40.999991,42.365153,40830,7320,0.705882,344.000000,0.000000,40.000000,1.693059,1.694634
0,-0.000000,0.285714,0.200000,0.115719,0.464621,547.017013,2092.125000,59.999999,86.345594,30.000000,43.172797,39650,10,0.285714,462.000000,0.000000,25.000000,1.200013,1.726963
0,-0.000000,1.000000,0.666667,0.102868,0.017164,491.260000,78.666667,62.500000,81.395261,31.250000,40.697630,24630,10,1.000000,561.000000,0.000000,30.000000,1.250011,1.627907
0,0.000000,0.222222,0.370370,0.144650,0.026655,661.055096,119.421875,91.436775,80.186526,45.718388,40.093263,34410,26100,0.500000,469.000000,0.000000,45.000000,1.828751,1.603734
0,-0.000000,0.058824,0.052632,32.938340,0.061195,909.577013,338.666667,75.714377,77.382314,37.857189,38.691157,40060,9440,0.058824,421.000000,0.000000,35.000000,2.937377,1.547652
0,-0.000000,0.037037,0.026316,0.855416,0.313712,3571.882086,1440.099174,87.322512,78.668596,43.661256,39.334298,34600,22410,0.037037,530.000000,0.000000,40.000000,1.746553,1.573406
0,0.000000,0.083333,0.083333,1.153039,0.037790,43.522135,174.088542,82.233694,84.778674,41.116847,42.389337,38460,4980,0.083333,64.000000,0.000000,40.000000,1.669271,1.695578
0,0.000000,0.222222,0.370370,0.144650,0.026655,661.055096,119.421875,91.436775,80.186526,45.718388,40.093263,39580,34410,0.500000,469.000000,0.000000,45.000000,1.828751,1.603734
0,0.000000,0.222222,0.370370,0.144650,0.026655,661.055096,119.421875,91.436775,80.186526,45.718388,40.093263,34410,25550,0.500000,469.000000,0.000000,45.000000,1.828751,1.603734
0,-0.000000,0.066667,0.200000,0.000000,0.464621,805.624051,2092.125000,75.113086,86.345594,37.556543,43.172797,17240,10,0.307692,1047.000000,0.000000,35.000000,1.502262,1.726963
0,-0.000000,0.200000,0.181818,0.078327,0.242057,424.267857,1112.000000,83.333329,88.401556,41.666665,44.200778,27840,10,0.200000,295.000000,0.000000,40.000000,1.666675,1.768057
0,-0.000000,0.058824,0.052632,32.938340,0.061195,909.577013,338.666667,75.714377,77.382314,37.857189,38.691157,23500,9440,0.058824,421.000000,0.000000,35.000000,2.937377,1.547652
0,-0.000000,0.285714,0.200000,0.115719,0.464621,547.017013,2092.125000,59.999999,86.345594,30.000000,43.172797,25620,10,0.285714,462.000000,0.000000,25.000000,1.200013,1.726963
0,-0.000000,0.037037,0.026316,0.855416,0.313712,3571.882086,1440.099174,87.322512,78.668596,43.661256,39.334298,34600,25490,0.037037,530.000000,0.000000,40.000000,1.746553,1.573406
0,-0.000000,0.095238,0.085714,0.212126,0.047509,923.076944,254.000000,91.536804,80.068217,45.768402,40.034108,34840,28140,0.095238,943.000000,0.000000,45.000000,1.830761,1.601369
0,0.000000,0.214286,0.214286,0.006034,0.278721,63.426897,1307.421875,70.033760,88.113719,35.016880,44.056860,38640,10,0.214286,46.000000,0.000000,35.000000,1.400676,1.762304
0,0.000000,0.181818,0.181818,356.105767,0.242057,3902.308012,1112.000000,86.817641,88.401556,43.408821,44.200778,25980,16110,0.181818,173.000000,0.000000,40.000000,19.294553,1.768057
0,0.000000,0.111111,0.111111,0.165233,0.105664,740.308012,460.000000,88.749052,79.781169,44.374526,39.890584,26430,20090,0.111111,128.000000,0.000000,40.000000,1.775000,1.595636
0,-0.000000,0.052632,0.050000,1.642974,0.485247,2330.855469,2187.546875,88.900468,89.729007,44.450234,44.864504,38460,9840,0.052632,64.000000,0.000000,40.000000,1.802659,1.794634
0,-0.000000,0.200000,0.181818,0.078327,0.242057,424.267857,1112.000000,83.333329,88.401556,41.666665,44.200778,41320,10,0.200000,295.000000,0.000000,40.000000,1.666675,1.768057
0,-0.000000,0.037037,0.026316,0.855416,0.313712,3571.882086,1440.099174,87.322512,78.668596,43.661256,39.334298,34600,24940,0.037037,530.000000,0.000000,40.000000,1.746553,1.573406
0,-0.000001,0.500000,0.545455,1.549703,0.258095,459.426036,1212.000000,81.999981,84.730306,40.999991,42.365153,27350,7320,0.705882,344.000000,0.000000,40.000000,1.693059,1.694634
0,-0.000000,0.095238,0.085714,0.212126,0.047509,923.076944,254.000000,91.536804,80.068217,45.768402,40.034108,28140,20810,0.095238,943.000000,0.000000,45.000000,1.830761,1.601369
0,-0.000000,0.222222,0.095238,0.777112,0.136160,2543.937500,712.416667,85.899207,78.241051,42.949603,39.120525,21440,13220,0.222222,1757.000000,0.000000,40.000000,1.718103,1.564834
0,-0.000000,0.066667,0.200000,0.000000,0.464621,805.624051,2092.125000,75.113086,86.345594,37.556543,43.172797,20320,10,0.307692,1047.000000,0.000000,35.000000,1.502262,1.726963
0,0.000000,0.857143,0.857143,0.067300,0.258095,394.872449,1212.000000,79.732647,84.730306,39.866323,42.365153,27250,10,0.857143,46.000000,0.000000,35.000000,1.594659,1.694634
0,-0.000001,0.500000,0.545455,1.549703,0.258095,459.426036,1212.000000,81.999981,84.730306,40.999991,42.365153,26800,7320,0.705882,344.000000,0.000000,40.000000,1.693059,1.694634
0,-0.000000,0.222222,0.095238,0.777112,0.136160,2543.937500,712.416667,85.899207,78.241051,42.949603,39.120525,21440,10140,0.222222,1757.000000,0.000000,40.000000,1.718103,1.564834
0,-0.000001,0.500000,0.545455,1.549703,0.258095,459.426036,1212.000000,81.999981,84.730306,40.999991,42.365153,24270,7320,0.705882,344.000000,0.000000,40.000000,1.693059,1.694634
0,0.000000,0.181818,0.181818,356.105767,0.242057,3902.308012,1112.000000,86.817641,88.401556,43.408821,44.200778,29060,16110,0.181818,173.000000,0.000000,40.000000,19.294553,1.768057
0,-0.000000,1.000000,0.666667,0.102868,0.017164,491.260000,78.666667,62.500000,81.395261,31.250000,40.697630,38660,10,1.000000,561.000000,0.000000,30.000000,1.250011,1.627907
0,0.000000,0.250000,0.250000,0.003680,0.000000,47.000000,127.000000,80.236425,79.999999,40.118212,39.999999,13480,10,0.250000,567.000000,0.000000,40.000000,1.604729,1.600000
0,-0.000000,0.125000,0.100000,2.863895,0.000000,139.719008,264.650000,87.331892,86.857423,43.665946,43.428711,28270,4240,0.125000,617.000000,0.000000,40.000000,1.838944,1.737148
0,-0.000000,0.125000,0.100000,2.863895,0.000000,139.719008,264.650000,87.331892,86.857423,43.665946,43.428711,20020,4240,0.125000,617.000000,0.000000,40.000000,1.838944,1.737148
0,-0.000000,0.125000,0.100000,2.863895,0.000000,139.719008,264.650000,87.331892,86.857423,43.665946,43.428711,28340,4240,0.125000,617.000000,0.000000,40.000000,1.838944,1.737148
0,-0.000000,0.033333,0.029412,65.975393,0.143914,8007.187500,712.938272,79.323933,89.984216,39.661967,44.992108,29310,9450,0.033333,290.000000,0.000000,35.000000,6.365084,1.799699
0,-0.000000,0.037037,0.029412,1.246767,0.143914,4940.173554,712.938272,79.028313,89.984216,39.514156,44.992108,35810,25370,0.037037,684.000000,0.000000,35.000000,1.580724,1.799699
0,-0.000000,0.250000,0.153846,0.000000,0.222121,5174.333333,1037.777778,47.269605,79.098539,23.634802,39.549269,22670,10,0.250000,954.000000,0.000000,20.000000,0.945392,1.581995
0,0.000000,0.625000,0.666667,0.607737,0.077243,1849.752834,366.500000,91.989702,89.100386,45.994851,44.550193,40170,11060,0.666667,557.000000,0.000000,45.000000,1.840174,1.782016
0,0.000000,0.571429,0.315789,5.349334,0.075019,1218.312500,396.500000,90.976607,88.915571,45.488303,44.457785,37200,29650,0.571429,1040.000000,0.000000,45.000000,2.028365,1.778319
0,0.000000,0.166667,0.166667,3.494670,0.036626,2504.520000,246.500000,89.897748,87.100386,44.948874,43.550193,27680,13100,0.166667,637.000000,0.000000,40.000000,1.831048,1.742010
0,-0.000000,0.142857,0.111111,0.216445,0.548872,880.055556,2587.000000,79.323985,84.056613,39.661993,42.028306,35750,18020,0.142857,430.000000,0.000000,35.000000,1.586506,1.681190
0,-0.000000,0.062500,0.058824,0.321130,0.135214,1394.040000,709.500000,100.000000,97.100386,50.000000,48.550193,34270,24580,0.062500,273.000000,0.000000,50.000000,2.000037,1.942021
0,0.000000,0.625000,0.666667,0.607737,0.077243,1849.752834,366.500000,91.989702,89.100386,45.994851,44.550193,42030,11060,0.666667,557.000000,0.000000,45.000000,1.840174,1.782016
0,-0.000000,0.062500,0.058824,0.321130,0.135214,1394.040000,709.500000,100.000000,97.100386,50.000000,48.550193,44870,28380,0.062500,273.000000,0.000000,50.000000,2.000037,1.942021
0,0.000000,0.166667,0.166667,3.494670,0.036626,2504.520000,246.500000,89.897748,87.100386,44.948874,43.550193,39370,13100,0.166667,637.000000,0.000000,40.000000,1.831048,1.742010
0,0.000000,0.571429,0.315789,5.349334,0.075019,1218.312500,396.500000,90.976607,88.915571,45.488303,44.457785,29650,23650,0.571429,1040.000000,0.000000,45.000000,2.028365,1.778319
0,-0.000000,0.062500,0.058824,0.321130,0.135214,1394.040000,709.500000,100.000000,97.100386,50.000000,48.550193,34270,31320,0.062500,273.000000,0.000000,50.000000,2.000037,1.942021
0,0.000000,0.166667,0.166667,3.494670,0.036626,2504.520000,246.500000,89.897748,87.100386,44.948874,43.550193,41230,13100,0.166667,637.000000,0.000000,40.000000,1.831048,1.742010
0,-0.000000,0.142857,0.111111,0.217165,0.551096,879.312500,2557.000000,81.999324,84.241428,40.999662,42.120714,18020,12330,0.142857,430.000000,0.000000,40.000000,1.640013,1.684888
0,-0.000000,0.062500,0.058824,0.321130,0.135214,1394.040000,709.500000,100.000000,97.100386,50.000000,48.550193,43010,28380,0.062500,273.000000,0.000000,50.000000,2.000037,1.942021
0,0.000000,0.625000,0.666667,0.607737,0.077243,1849.752834,366.500000,91.989702,89.100386,45.994851,44.550193,28480,11060,0.666667,557.000000,0.000000,45.000000,1.840174,1.782016
0,0.000000,0.625000,0.666667,0.607737,0.077243,1849.752834,366.500000,91.989702,89.100386,45.994851,44.550193,21740,11060,0.666667,557.000000,0.000000,45.000000,1.840174,1.782016
0,-0.000000,0.285714,0.222222,0.531774,0.507325,2128.197531,2433.500000,89.999737,89.341815,44.999869,44.670907,41440,18020,0.285714,430.000000,0.000000,40.000000,1.800061,1.786889
0,-0.000000,0.062500,0.058824,0.321130,0.135214,1394.040000,709.500000,100.000000,97.100386,50.000000,48.550193,44870,34270,0.062500,273.000000,0.000000,50.000000,2.000037,1.942021
0,-0.000000,0.062500,0.058824,0.321130,0.135214,1394.040000,709.500000,100.000000,97.100386,50.000000,48.550193,28380,24580,0.062500,273.000000,0.000000,50.000000,2.000037,1.942021
0,-0.000000,0.062500,0.058824,0.321130,0.135214,1394.040000,709.500000,100.000000,97.100386,50.000000,48.550193,43010,34270,0.062500,273.000000,0.000000,50.000000,2.000037,1.942021
0,-0.000000,0.285714,0.222222,0.531774,0.507325,2128.197531,2433.500000,89.999737,89.341815,44.999869,44.670907,23010,18020,0.285714,430.000000,0.000000,40.000000,1.800061,1.786889
0,-0.000000,0.285714,0.222222,0.531774,0.507325,2128.197531,2433.500000,89.999737,89.341815,44.999869,44.670907,29750,18020,0.285714,430.000000,0.000000,40.000000,1.800061,1.786889
0,-0.000000,0.062500,0.058824,0.321130,0.135214,1394.040000,709.500000,100.000000,97.100386,50.000000,48.550193,31320,28380,0.062500,273.000000,0.000000,50.000000,2.000037,1.942021
0,-0.000000,0.285714,0.222222,0.531774,0.507325,2128.197531,2433.500000,89.999737,89.341815,44.999869,44.670907,43300,18020,0.285714,430.000000,0.000000,40.000000,1.800061,1.786889
0,0.000000,0.166667,0.166667,3.494670,0.036626,2504.520000,246.500000,89.897748,87.100386,44.948874,43.550193,20940,13100,0.166667,637.000000,0.000000,40.000000,1.831048,1.742010
0,0.000000,0.571429,0.315789,5.349334,0.075019,1218.312500,396.500000,90.976607,88.915571,45.488303,44.457785,29650,16910,0.571429,1040.000000,0.000000,45.000000,2.028365,1.778319
0,0.000000,0.571429,0.315789,5.349334,0.075019,1218.312500,396.500000,90.976607,88.915571,45.488303,44.457785,35340,29650,0.571429,1040.000000,0.000000,45.000000,2.028365,1.778319
0,-0.000002,0.076923,0.071429,10.016711,0.126629,1426.666667,607.643991,88.719923,89.905080,44.359962,44.952540,17750,13560,0.076923,115.000000,0.000000,40.000000,1.820005,1.798115
0,-0.000002,0.076923,0.071429,10.016711,0.126629,1426.666667,607.643991,88.719923,89.905080,44.359962,44.952540,13560,2870,0.076923,115.000000,0.000000,40.000000,1.820005,1.798115
0,0.000000,0.076923,0.076923,0.053182,0.000000,277.705215,118.755102,80.409646,39.916366,40.204823,19.958183,14390,10400,0.076923,436.000000,0.000000,40.000000,1.608198,0.000000
0,0.000000,0.083333,0.615385,0.779057,0.000000,121.086667,70.865052,80.993535,42.477844,40.496768,21.238922,15310,12810,0.615385,594.000000,0.000000,40.000000,1.634004,0.000000
0,0.000000,0.666667,0.692308,0.828802,0.000000,324.166667,222.041667,80.484911,40.461341,40.242455,20.230670,22370,12810,0.692308,594.000000,0.000000,40.000000,1.623837,0.000000
0,-0.000000,0.142857,0.078947,0.275875,0.000000,1070.250000,832.100592,100.000000,50.000000,50.000000,25.000000,23500,19320,0.142857,1022.000000,0.000000,50.000000,2.000036,0.000000
0,-0.000000,0.333333,0.166667,0.552571,0.000000,2475.111111,144.000000,62.500081,42.732026,31.250041,21.366013,35300,10,0.333333,545.000000,0.000000,30.000000,1.250064,0.000000
0,-0.000000,0.090909,0.078947,20.096262,0.000000,3027.673802,832.100592,95.650126,50.000000,47.825063,25.000000,13500,1200,0.090909,658.000000,0.000000,45.000000,1.982356,0.000000
0,0.000000,0.250000,0.250000,0.340338,0.000000,1754.555556,900.000000,50.146458,23.144397,25.073229,11.572199,32080,10,0.250000,164.000000,0.000000,25.000000,1.002963,0.000000
0,-0.000000,0.090909,0.078947,20.096262,0.000000,3027.673802,832.100592,95.650126,50.000000,47.825063,25.000000,22960,1200,0.090909,658.000000,0.000000,45.000000,1.982356,0.000000
0,0.000000,1.000000,1.000000,188.527613,0.000000,2218.800000,0.000000,75.664732,0.000000,37.832366,0.000000,12120,5090,1.000000,2863.000000,0.000000,35.000000,14.446579,0.000000
0,-0.000000,0.333333,0.166667,0.552571,0.000000,2475.111111,144.000000,62.500081,42.732026,31.250041,21.366013,2330,10,0.333333,545.000000,0.000000,30.000000,1.250064,0.000000
0,-0.000000,0.117647,0.078947,18.665013,0.000000,897.529586,832.100592,99.000000,50.000000,49.500000,25.000000,24990,11350,0.117647,873.000000,0.000000,45.000000,4.706916,0.000000
0,0.000000,0.937500,1.000000,0.185439,0.000000,795.016790,0.000000,56.961322,0.000000,28.480661,0.000000,25950,10,1.000000,777.000000,0.000000,25.000000,1.139249,0.000000
0,-0.000000,0.117647,0.078947,18.665013,0.000000,897.529586,832.100592,99.000000,50.000000,49.500000,25.000000,32020,11350,0.117647,873.000000,0.000000,45.000000,4.706916,0.000000
0,-0.000000,0.090909,0.078947,20.096262,0.000000,3027.673802,832.100592,95.650126,50.000000,47.825063,25.000000,24340,1200,0.090909,658.000000,0.000000,45.000000,1.982356,0.000000
0,-0.000000,0.333333,0.166667,0.552571,0.000000,2475.111111,144.000000,62.500081,42.732026,31.250041,21.366013,28270,10,0.333333,545.000000,0.000000,30.000000,1.250064,0.000000
0,-0.000000,0.142857,0.078947,0.275875,0.000000,1070.250000,832.100592,100.000000,50.000000,50.000000,25.000000,30530,19320,0.142857,1022.000000,0.000000,50.000000,2.000036,0.000000
0,0.000000,0.250000,0.250000,0.340338,0.000000,1754.555556,900.000000,50.146458,23.144397,25.073229,11.572199,39110,10,0.250000,164.000000,0.000000,25.000000,1.002963,0.000000
0,-0.000000,0.142857,0.078947,0.275875,0.000000,1070.250000,832.100592,100.000000,50.000000,50.000000,25.000000,23500,20700,0.142857,1022.000000,0.000000,50.000000,2.000036,0.000000
0,0.000000,0.250000,0.250000,0.340338,0.000000,1754.555556,900.000000,50.146458,23.144397,25.073229,11.572199,6140,10,0.250000,164.000000,0.000000,25.000000,1.002963,0.000000
0,-0.000000,0.142857,0.078947,0.275875,0.000000,1070.250000,832.100592,100.000000,50.000000,50.000000,25.000000,30530,20700,0.142857,1022.000000,0.000000,50.000000,2.000036,0.000000
0,0.000000,0.937500,1.000000,0.185439,0.000000,795.016790,0.000000,56.961322,0.000000,28.480661,0.000000,32980,10,1.000000,777.000000,0.000000,25.000000,1.139249,0.000000
0,-0.000000,0.050000,0.045455,74.387721,0.000000,4872.972222,7486.777778,76.898088,77.188323,38.449044,38.594162,39130,18350,0.050000,122.000000,0.000000,35.000000,2.198694,1.543766
0,0.000000,0.666667,0.636364,0.588624,0.124915,137.812500,600.000000,80.999805,41.326986,40.499902,20.663493,28680,14930,0.666667,545.000000,0.000000,40.000000,1.630309,0.000000
0,-0.000000,0.555556,0.411765,2.124254,0.037732,364.194444,171.500000,69.795736,41.427877,34.897868,20.713939,7490,6330,0.555556,1405.000000,0.000000,30.000000,1.409974,0.000000
0,0.000000,0.285714,0.285714,0.564572,0.144205,26.423611,700.000000,82.499474,83.826986,41.249737,41.913493,28680,4500,0.285714,545.000000,0.000000,40.000000,1.660299,1.676555
0,-0.000000,0.222222,0.181818,0.661042,0.162646,411.312500,771.500000,80.797427,82.754863,40.398714,41.377432,28680,16090,0.222222,545.000000,0.000000,40.000000,1.626271,1.655114
0,0.000000,1.000000,1.000000,0.072553,0.019290,286.736111,100.000000,52.085869,42.500000,26.042935,21.250000,10440,10,1.000000,994.000000,0.000000,25.000000,1.041727,0.000000
0,0.000000,0.300000,0.300000,5.239176,0.150972,2055.465278,646.867769,78.101666,80.399973,39.050833,40.199986,30860,7830,0.300000,69.000000,0.000000,35.000000,1.601383,1.608017
0,-0.000000,0.250000,0.235294,0.500627,0.000000,1975.000000,1009.384615,100.000000,49.691167,50.000000,24.845583,17770,17390,0.272727,1423.000000,0.000000,50.000000,2.000063,0.000000
0,-0.000000,0.222222,0.235294,19.103958,0.000000,2950.500000,1009.384615,99.000000,49.691167,49.500000,24.845583,28460,11350,0.272727,943.000000,0.000000,45.000000,4.706962,0.000000
0,0.000000,0.375000,0.375000,0.091814,0.000000,406.040000,6875.000000,88.049830,41.632626,44.024915,20.816313,37320,34270,0.375000,362.000000,0.000000,40.000000,1.761007,0.000000
0,-0.000000,0.250000,0.235294,0.500627,0.000000,1975.000000,1009.384615,100.000000,49.691167,50.000000,24.845583,23660,17390,0.272727,1423.000000,0.000000,50.000000,2.000063,0.000000
0,-0.000000,0.250000,0.235294,0.500627,0.000000,1975.000000,1009.384615,100.000000,49.691167,50.000000,24.845583,17770,16010,0.272727,1423.000000,0.000000,50.000000,2.000063,0.000000
0,0.000000,0.111111,0.166667,0.083252,0.000000,385.352500,245.000000,91.999992,42.000000,45.999996,21.000000,34270,13900,0.166667,362.000000,0.000000,45.000000,1.840009,0.000000
0,0.000000,0.055556,0.062500,0.397354,0.000000,1529.629630,7884.384615,87.854355,91.323793,43.927177,45.661897,37320,28000,0.062500,362.000000,0.000000,40.000000,1.757139,1.826476
0,0.000000,0.111111,0.166667,0.083252,0.000000,385.352500,245.000000,91.999992,42.000000,45.999996,21.000000,28380,13900,0.166667,362.000000,0.000000,45.000000,1.840009,0.000000
0,-0.000000,0.222222,0.235294,19.103958,0.000000,2950.500000,1009.384615,99.000000,49.691167,49.500000,24.845583,22570,11350,0.272727,943.000000,0.000000,45.000000,4.706962,0.000000
0,-0.000000,0.125000,0.117647,12.723803,0.000000,535.856327,126.000000,87.190232,50.000000,43.595116,25.000000,28950,1160,0.125000,305.000000,0.000000,40.000000,2.226084,0.000000
0,0.000000,0.666667,1.000000,4.159952,0.000000,241.250000,0.000000,57.526820,0.000000,28.763410,0.000000,5900,10,1.000000,3199.000000,0.000000,25.000000,1.291803,0.000000
0,-0.000000,0.090909,0.083333,6.447898,0.000000,651.000000,98.000000,91.816973,50.000000,45.908486,25.000000,35940,22740,0.090909,195.000000,0.000000,45.000000,2.153787,0.000000
0,0.000000,0.375000,0.375000,0.091814,0.000000,406.040000,6875.000000,88.049830,41.632626,44.024915,20.816313,37320,28380,0.375000,362.000000,0.000000,40.000000,1.761007,0.000000
0,-0.000000,0.090909,0.083333,6.447898,0.000000,651.000000,98.000000,91.816973,50.000000,45.908486,25.000000,30050,20430,0.090909,195.000000,0.000000,45.000000,2.153787,0.000000
0,0.000000,0.055556,0.062500,0.397354,0.000000,1529.629630,7884.384615,87.854355,91.323793,43.927177,45.661897,37320,26620,0.062500,362.000000,0.000000,40.000000,1.757139,1.826476
0,-0.000000,0.090909,0.083333,6.447898,0.000000,651.000000,98.000000,91.816973,50.000000,45.908486,25.000000,30050,22740,0.090909,195.000000,0.000000,45.000000,2.153787,0.000000
0,-0.000000,0.142857,0.117647,0.258163,0.000000,1080.970522,126.000000,85.630055,50.000000,42.815027,25.000000,31540,5990,0.142857,635.000000,0.000000,40.000000,1.712632,0.000000
0,0.000000,0.055556,0.062500,0.397354,0.000000,1529.629630,7884.384615,87.854355,91.323793,43.927177,45.661897,37320,17160,0.062500,362.000000,0.000000,40.000000,1.757139,1.826476
0,-0.000000,0.090909,0.083333,6.447898,0.000000,651.000000,98.000000,91.816973,50.000000,45.908486,25.000000,35940,20430,0.090909,195.000000,0.000000,45.000000,2.153787,0.000000
0,-0.000000,0.125000,0.117647,12.723803,0.000000,535.856327,126.000000,87.190232,50.000000,43.595116,25.000000,34840,1160,0.125000,305.000000,0.000000,40.000000,2.226084,0.000000
0,-0.000000,0.142857,0.117647,0.258163,0.000000,1080.970522,126.000000,85.630055,50.000000,42.815027,25.000000,25650,5990,0.142857,635.000000,0.000000,40.000000,1.712632,0.000000
0,-0.000000,0.250000,0.235294,0.500627,0.000000,1975.000000,1009.384615,100.000000,49.691167,50.000000,24.845583,23660,16010,0.272727,1423.000000,0.000000,50.000000,2.000063,0.000000
0,-0.000000,0.090909,0.076923,0.358187,0.000000,68.260000,115.900000,92.580353,84.748161,46.290177,42.374080,32680,3010,0.090909,367.000000,0.000000,45.000000,1.855564,1.694963
0,-0.000000,0.166667,0.076923,0.035671,0.000000,197.371528,305.227273,62.500081,84.748161,31.250041,42.374080,7590,10,0.250000,667.000000,0.000000,30.000000,1.250006,1.694963
0,-0.000000,0.166667,0.076923,0.035671,0.000000,197.371528,305.227273,62.500081,84.748161,31.250041,42.374080,19820,10,0.250000,667.000000,0.000000,30.000000,1.250006,1.694963
0,-0.000000,0.166667,0.076923,0.035671,0.000000,197.371528,305.227273,62.500081,84.748161,31.250041,42.374080,22630,10,0.250000,667.000000,0.000000,30.000000,1.250006,1.694963
0,-0.000000,0.125000,0.076923,0.859922,0.000000,293.741753,238.440329,77.072077,75.565786,38.536038,37.782893,23500,620,0.125000,606.000000,0.000000,35.000000,1.553054,1.511316
0,-0.000000,0.090909,0.076923,0.358187,0.000000,68.260000,115.900000,92.580353,84.748161,46.290177,42.374080,32610,3010,0.090909,367.000000,0.000000,45.000000,1.855564,1.694963
0,-0.000000,0.090909,0.076923,0.358187,0.000000,68.260000,115.900000,92.580353,84.748161,46.290177,42.374080,24360,3010,0.090909,367.000000,0.000000,45.000000,1.855564,1.694963
0,-0.000000,0.030303,0.027778,477.700426,2.442722,22449.104691,11197.897959,89.334328,100.000000,44.667164,50.000000,39560,9690,0.030303,195.000000,0.000000,40.000000,29.133395,2.000267
0,-0.000000,0.030303,0.027778,197.938265,2.442722,18592.080000,11197.897959,89.880948,100.000000,44.940474,50.000000,37700,25120,0.030303,242.000000,0.000000,40.000000,2.864703,2.000267
0,-0.000000,0.030303,0.027778,477.700426,2.442722,22449.104691,11197.897959,89.334328,100.000000,44.667164,50.000000,25590,9690,0.030303,195.000000,0.000000,40.000000,29.133395,2.000267
0,-0.000000,0.030303,0.027778,477.700426,2.442722,22449.104691,11197.897959,89.334328,100.000000,44.667164,50.000000,49980,9690,0.030303,195.000000,0.000000,40.000000,29.133395,2.000267
0,0.000000,0.024390,0.024390,0.674987,0.134869,3259.426988,587.113799,90.796184,90.823624,45.398092,45.411812,39590,29220,0.024390,53.000000,0.000000,45.000000,1.815994,1.816488
0,-0.000000,0.030303,0.027778,197.938265,2.442722,18592.080000,11197.897959,89.880948,100.000000,44.940474,50.000000,49510,37700,0.030303,242.000000,0.000000,40.000000,2.864703,2.000267
0,0.000000,0.024390,0.024390,0.674987,0.134869,3259.426988,587.113799,90.796184,90.823624,45.398092,45.411812,29220,11110,0.024390,53.000000,0.000000,45.000000,1.815994,1.816488
0,-0.000000,0.030303,0.027778,197.938265,2.442722,18592.080000,11197.897959,89.880948,100.000000,44.940474,50.000000,39090,37700,0.030303,242.000000,0.000000,40.000000,2.864703,2.000267
0,0.000000,0.800000,0.800000,4.945315,0.000000,378.343195,179.875433,80.677910,41.747691,40.338955,20.873845,25870,3830,0.800000,229.000000,0.000000,40.000000,1.657079,0.000000
0,-0.000110,0.210526,0.285714,125.812234,0.247645,13226.472222,986.000000,77.196139,76.030736,38.598069,38.015368,18990,12640,0.800000,784.000000,0.000000,35.000000,2.310554,1.520646
0,-0.000000,0.444444,0.300000,0.358166,0.258737,69.360000,1136.000000,80.532398,79.414611,40.266199,39.707305,3010,860,0.500000,442.000000,0.000000,40.000000,1.614604,1.588322
0,-0.000000,0.111111,0.100000,0.024181,0.030504,116.720000,157.048443,78.688002,84.506787,39.344001,42.253393,18830,860,0.111111,442.000000,0.000000,35.000000,1.573763,1.690139
0,-0.000000,0.800000,0.666667,22.007949,0.000000,612.000000,1718.750000,87.500000,50.000000,43.750000,25.000000,4070,10,0.800000,682.000000,0.000000,40.000000,2.222998,0.000000
0,-0.000000,0.800000,0.666667,22.007949,0.000000,612.000000,1718.750000,87.500000,50.000000,43.750000,25.000000,14080,10,0.800000,682.000000,0.000000,40.000000,2.222998,0.000000
0,-0.000073,0.400000,0.333333,0.011494,0.124876,127.000000,519.440000,50.000001,79.215077,25.000000,39.607539,30250,10,0.400000,151.000000,0.000000,25.000000,1.000001,1.584317
0,-0.000000,0.272727,0.181818,199.714661,0.456755,10403.437500,2044.440000,87.762171,84.280769,43.881085,42.140385,42670,21070,0.285714,1253.000000,0.000000,40.000000,3.678603,1.685666
0,0.000000,0.083333,0.083333,0.084729,0.060211,440.320000,313.317551,90.398000,84.783054,45.199000,42.391527,54630,32330,0.083333,57.000000,0.000000,45.000000,1.807968,1.695667
0,-0.000000,0.272727,0.181818,199.714661,0.456755,10403.437500,2044.440000,87.762171,84.280769,43.881085,42.140385,21070,19230,0.285714,1253.000000,0.000000,40.000000,3.678603,1.685666
0,-0.000037,0.200000,0.166667,0.064646,0.573263,352.000000,2525.000000,39.971988,74.728794,19.985994,37.364397,32090,10,0.200000,151.000000,0.000000,15.000000,0.799447,1.494641
0,-0.000073,0.400000,0.333333,0.011494,0.124876,127.000000,519.440000,50.000001,79.215077,25.000000,39.607539,53690,10,0.400000,151.000000,0.000000,25.000000,1.000001,1.584317
0,0.000000,0.083333,0.083333,0.084729,0.060211,440.320000,313.317551,90.398000,84.783054,45.199000,42.391527,32330,31190,0.083333,57.000000,0.000000,45.000000,1.807968,1.695667
0,0.000000,0.111111,0.111111,0.843284,0.000000,243.868056,106.200074,73.483254,81.199798,36.741627,40.599899,36650,5740,0.111111,264.000000,0.000000,35.000000,1.490843,1.623996
0,-0.000000,0.666667,0.500000,0.003439,0.015197,27.111111,80.666667,52.503612,41.666662,26.251806,20.833331,3340,10,0.666667,1772.000000,0.000000,25.000000,1.050073,0.000000
0,-0.000000,0.500000,0.250000,0.005033,0.012570,36.000000,76.454545,60.001977,50.000000,30.000988,25.000000,11710,10,0.500000,1772.000000,0.000000,30.000000,1.200040,0.000000
0,-0.000000,0.500000,0.250000,0.005033,0.012570,36.000000,76.454545,60.001977,50.000000,30.000988,25.000000,19960,10,0.500000,1772.000000,0.000000,30.000000,1.200040,0.000000
0,-0.000000,0.500000,0.250000,0.005033,0.012570,36.000000,76.454545,60.001977,50.000000,30.000988,25.000000,20030,10,0.500000,1772.000000,0.000000,30.000000,1.200040,0.000000
0,0.000000,1.000000,1.000000,0.200682,0.000000,886.336735,666.351562,62.500000,50.000000,31.250000,25.000000,30300,10,1.000000,194.000000,0.000000,30.000000,1.250023,0.000000
0,0.000000,1.000000,1.000000,0.200682,0.000000,886.336735,666.351562,62.500000,50.000000,31.250000,25.000000,31680,10,1.000000,194.000000,0.000000,30.000000,1.250023,0.000000
0,0.000000,1.000000,1.000000,0.200682,0.000000,886.336735,666.351562,62.500000,50.000000,31.250000,25.000000,20840,10,1.000000,194.000000,0.000000,30.000000,1.250023,0.000000
0,0.000000,0.363636,0.363636,2.040075,0.058196,603.616709,325.338843,90.279534,50.000000,45.139767,25.000000,36960,29530,0.363636,143.000000,0.000000,45.000000,1.817605,0.000000
0,-0.000001,0.050000,0.043478,1.987898,0.130582,277.835459,680.930680,90.360600,90.017475,45.180300,45.008738,26720,23950,0.050000,143.000000,0.000000,45.000000,1.819222,1.800362
0,-0.000001,0.050000,0.043478,1.987898,0.130582,277.835459,680.930680,90.360600,90.017475,45.180300,45.008738,23950,14490,0.050000,143.000000,0.000000,45.000000,1.819222,1.800362
0,-0.000000,0.950000,0.454545,16.760463,0.072387,514.213243,355.591837,80.307014,40.017475,40.153507,20.008738,30310,17300,0.952381,808.000000,0.000000,40.000000,1.879679,0.000000
0,-0.000000,0.166667,0.100000,7.505422,0.003739,823.571429,24.000000,72.719200,41.665538,36.359600,20.832769,34960,8010,0.166667,343.000000,0.000000,35.000000,1.566110,0.000000
0,0.000000,0.363636,0.363636,2.040075,0.058196,603.616709,325.338843,90.279534,50.000000,45.139767,25.000000,36960,26720,0.363636,143.000000,0.000000,45.000000,1.817605,0.000000
0,0.000000,0.045455,0.045455,0.137664,0.045268,766.968750,244.990548,81.827552,40.799944,40.913776,20.399972,37230,32590,0.045455,116.000000,0.000000,40.000000,1.636563,0.000000
0,-0.000001,0.050000,0.043478,1.987898,0.130582,277.835459,680.930680,90.360600,90.017475,45.180300,45.008738,29530,23950,0.050000,143.000000,0.000000,45.000000,1.819222,1.800362
0,-0.000002,0.090909,0.062500,16.529286,0.021381,3380.551020,111.111111,80.378457,40.999969,40.189228,20.499985,30310,13990,0.090909,808.000000,0.000000,40.000000,1.863919,0.000000
0,0.000000,0.125000,0.454545,0.000000,0.003491,700.071429,19.440000,51.851303,41.980636,25.925651,20.990318,32210,10,0.454545,618.000000,0.000000,25.000000,1.037026,0.000000
0,0.000000,0.363636,0.363636,2.040075,0.058196,603.616709,325.338843,90.279534,50.000000,45.139767,25.000000,36960,14490,0.363636,143.000000,0.000000,45.000000,1.817605,0.000000
0,0.000000,0.133333,0.080000,0.473004,0.282635,2124.000000,1437.890625,77.808167,79.862416,38.904083,39.931208,36710,24920,0.133333,729.000000,0.000000,35.000000,1.556216,1.597276
0,-0.000000,0.105263,0.173913,0.951648,0.608745,3976.640000,3078.000000,74.997086,78.106953,37.498543,39.053476,34600,33710,0.200000,940.000000,0.000000,35.000000,1.500056,1.562199
0,-0.000000,0.090909,0.076923,0.626043,0.193903,1491.099174,992.480000,88.907881,88.228678,44.453940,44.114339,40340,40210,0.090909,366.000000,0.000000,40.000000,1.779001,1.764593
0,-0.000000,0.090909,0.076923,0.626043,0.193903,1491.099174,992.480000,88.907881,88.228678,44.453940,44.114339,40340,36810,0.090909,366.000000,0.000000,40.000000,1.779001,1.764593
0,0.000000,1.000000,1.000000,0.417030,0.304343,1817.126531,1500.000000,47.540340,79.555737,23.770170,39.777869,36390,10,1.000000,761.000000,0.000000,20.000000,0.950855,1.591146
0,0.000000,0.027778,0.027778,522.369598,2.276645,15599.557823,11101.411990,95.511049,100.000000,47.755525,50.000000,42000,12130,0.027778,121.000000,0.000000,45.000000,30.255442,2.000234
0,0.000000,0.027778,0.027778,522.369598,2.276645,15599.557823,11101.411990,95.511049,100.000000,47.755525,50.000000,40610,28030,0.027778,121.000000,0.000000,45.000000,30.255442,2.000234
0,0.000000,0.027778,0.027778,522.369598,2.276645,15599.557823,11101.411990,95.511049,100.000000,47.755525,50.000000,28030,12130,0.027778,121.000000,0.000000,45.000000,30.255442,2.000234
0,0.000000,0.027778,0.027778,2.349624,2.276645,11062.142857,11101.411990,97.500000,100.000000,48.750000,50.000000,41420,10,0.027778,179.000000,0.000000,45.000000,1.950256,2.000234
0,0.000000,0.027778,0.027778,522.369598,2.276645,15599.557823,11101.411990,95.511049,100.000000,47.755525,50.000000,52420,12130,0.027778,121.000000,0.000000,45.000000,30.255442,2.000234
0,0.000000,0.025641,0.025641,522.369598,0.101817,4988.773663,467.263600,86.341574,91.040830,43.170787,45.520415,40610,30240,0.025641,121.000000,0.000000,40.000000,30.072053,1.820828
0,0.000000,0.027778,0.027778,522.369598,2.276645,15599.557823,11101.411990,95.511049,100.000000,47.755525,50.000000,52420,40610,0.027778,121.000000,0.000000,45.000000,30.255442,2.000234
0,0.000000,0.024390,0.025641,0.035879,0.101817,451.358697,467.263600,88.321139,91.040830,44.160570,45.520415,29660,10,0.025641,179.000000,0.000000,40.000000,1.766426,1.820828
0,0.000000,0.027778,0.027778,2.349624,2.276645,11062.142857,11101.411990,97.500000,100.000000,48.750000,50.000000,27450,10,0.027778,179.000000,0.000000,45.000000,1.950256,2.000234
0,0.000000,0.027778,0.027778,2.349624,2.276645,11062.142857,11101.411990,97.500000,100.000000,48.750000,50.000000,51840,10,0.027778,179.000000,0.000000,45.000000,1.950256,2.000234
0,0.000000,0.025641,0.025641,522.369598,0.101817,4988.773663,467.263600,86.341574,91.040830,43.170787,45.520415,30240,12130,0.025641,121.000000,0.000000,40.000000,30.072053,1.820828
0,0.000000,0.027778,0.027778,522.369598,2.276645,15599.557823,11101.411990,95.511049,100.000000,47.755525,50.000000,42000,40610,0.027778,121.000000,0.000000,45.000000,30.255442,2.000234
0,0.000000,0.200000,0.200000,0.752622,0.051269,3867.768595,276.465028,80.399790,40.414933,40.199895,20.207466,33220,18730,0.200000,113.000000,0.000000,40.000000,1.608069,0.000000
0,-0.000000,0.035714,0.029412,64.314389,0.000000,704.000000,925.777778,78.910720,67.986074,39.455360,33.993037,27700,9450,0.041667,708.000000,0.000000,35.000000,6.356631,1.359721
0,0.000000,0.166667,0.166667,0.001733,0.000000,38.888889,131.250000,54.500007,82.466913,27.250004,41.233457,21170,10,0.166667,130.000000,0.000000,25.000000,1.090000,1.649338
0,-0.000000,0.023256,0.023256,64.264486,0.000000,477.352222,300.000000,81.132157,27.534106,40.566079,13.767053,17780,9450,0.027027,708.000000,0.000000,40.000000,6.401054,0.000000
0,-0.000000,0.200000,0.125000,0.029411,0.000000,127.037500,1631.250000,85.877491,91.592471,42.938746,45.796236,16600,7410,0.200000,1506.000000,0.000000,40.000000,1.717553,1.831849
0,0.000000,0.062500,0.062500,0.039051,0.000000,238.457500,324.500000,56.403416,66.430251,28.201708,33.215125,45780,10,0.062500,105.000000,0.000000,25.000000,1.128072,1.328605
0,-0.000000,0.200000,0.125000,0.029411,0.000000,127.037500,1631.250000,85.877491,91.592471,42.938746,45.796236,13790,7410,0.200000,1506.000000,0.000000,40.000000,1.717553,1.831849
0,-0.000000,0.054054,0.046512,8.828085,0.000000,744.479167,576.465028,90.438916,68.028285,45.219458,34.014142,28520,10600,0.054054,593.000000,0.000000,45.000000,1.979937,1.360566
0,0.000000,0.555556,0.090909,8.623310,0.000000,248.156250,479.875433,78.046580,69.295670,39.023290,34.647835,31220,14700,0.571429,1561.000000,0.000000,35.000000,1.807344,1.385913
0,0.000000,0.500000,0.500000,64.255920,0.000000,445.888889,331.250000,81.341224,69.126577,40.670612,34.563289,15390,9450,0.500000,708.000000,0.000000,40.000000,6.405234,1.382532
0,-0.000000,0.352941,0.255814,13.079284,0.000000,560.275310,1900.000000,81.602258,77.534106,40.801129,38.767053,21440,6270,0.473684,2539.000000,0.000000,40.000000,1.800154,1.550682
0,0.000000,0.166667,0.166667,0.036767,0.000000,225.846939,1700.000000,62.500007,90.874442,31.250004,45.437221,27550,10,0.166667,130.000000,0.000000,30.000000,1.250004,1.817489
0,0.000000,0.666667,0.666667,0.043733,0.000000,262.072022,400.000000,62.500007,68.408549,31.250004,34.204274,15230,10,0.666667,130.000000,0.000000,30.000000,1.250004,1.368171
0,-0.000000,0.142857,0.029412,3.145168,0.000000,10354.000000,925.777778,79.634788,67.986074,39.817394,33.993037,28140,16090,0.142857,1869.000000,0.000000,35.000000,1.593174,1.359721
0,-0.000000,0.058824,0.052632,0.047664,0.000000,260.192022,326.851240,91.249924,68.349201,45.624962,34.174601,45530,32020,0.058824,130.000000,0.000000,45.000000,1.825003,1.366984
0,-0.000000,0.054054,0.046512,8.828085,0.000000,744.479167,576.465028,90.438916,68.028285,45.219458,34.014142,40900,28520,0.054054,593.000000,0.000000,45.000000,1.979937,1.360566
0,0.000000,0.166667,0.166667,0.036767,0.000000,225.846939,1700.000000,62.500007,90.874442,31.250004,45.437221,15320,10,0.166667,130.000000,0.000000,30.000000,1.250004,1.817489
0,0.000000,0.166667,0.166667,0.036767,0.000000,225.846939,1700.000000,62.500007,90.874442,31.250004,45.437221,30360,10,0.166667,130.000000,0.000000,30.000000,1.250004,1.817489
0,-0.000000,0.800000,0.500000,2.256228,0.000000,151.827500,331.250000,76.588537,69.126577,38.294269,34.563289,31770,7410,0.800000,1506.000000,0.000000,35.000000,1.560432,1.382532
0,-0.000000,0.058824,0.052632,0.047664,0.000000,260.192022,326.851240,91.249924,68.349201,45.624962,34.174601,32020,15230,0.058824,130.000000,0.000000,45.000000,1.825003,1.366984
0,-0.000000,0.232558,0.255814,64.284107,0.000000,580.720000,1900.000000,89.457868,77.534106,44.728934,38.767053,24580,9450,0.289474,708.000000,0.000000,40.000000,6.567570,1.550682
0,-0.000000,0.200000,0.125000,16.237414,0.000000,226.601134,1631.250000,88.690465,91.592471,44.345232,45.796236,11040,5190,0.200000,1143.000000,0.000000,40.000000,2.583478,1.831849
0,-0.000000,0.232558,0.255814,64.284107,0.000000,580.720000,1900.000000,89.457868,77.534106,44.728934,38.767053,9540,9450,0.289474,708.000000,0.000000,40.000000,6.567570,1.550682
0,-0.000000,0.083333,0.023256,0.012432,0.000000,86.342810,300.000000,83.690470,27.534106,41.845235,13.767053,21980,10,0.083333,2485.000000,0.000000,40.000000,1.673811,0.000000
0,-0.000000,0.050000,0.037037,5.919091,0.000000,2615.555556,1580.000000,78.396772,67.531571,39.198386,33.765785,39750,330,0.050000,708.000000,0.000000,35.000000,1.602202,1.350631
0,0.000000,0.454545,0.090909,64.414226,0.000000,1093.718750,479.875433,80.879895,69.295670,40.439948,34.647835,23230,9450,0.454545,708.000000,0.000000,40.000000,6.396027,1.385913
0,0.000000,0.666667,0.666667,0.043733,0.000000,262.072022,400.000000,62.500007,68.408549,31.250004,34.204274,45530,10,0.666667,130.000000,0.000000,30.000000,1.250004,1.368171
0,0.000000,0.062500,0.062500,0.039051,0.000000,238.457500,324.500000,56.403416,66.430251,28.201708,33.215125,15480,10,0.062500,105.000000,0.000000,25.000000,1.128072,1.328605
0,-0.000000,0.500000,0.037037,1.842175,0.000000,2210.555556,1580.000000,57.429780,67.531571,28.714890,33.765785,9130,10,0.500000,740.000000,0.000000,25.000000,1.211440,1.350631
0,-0.000000,0.222222,0.255814,0.023336,0.000000,93.682870,1900.000000,47.851937,77.534106,23.925968,38.767053,17990,10,0.500000,2884.000000,0.000000,20.000000,0.957042,1.550682
0,-0.000000,0.333333,0.255814,16.263580,0.000000,333.973035,1900.000000,87.441401,77.534106,43.720700,38.767053,35400,5190,0.357143,1143.000000,0.000000,40.000000,2.558500,1.550682
0,-0.000000,0.232558,0.255814,64.284107,0.000000,580.720000,1900.000000,89.457868,77.534106,44.728934,38.767053,21770,9450,0.289474,708.000000,0.000000,40.000000,6.567570,1.550682
0,0.000000,0.333333,0.333333,0.040753,0.000000,210.244537,125.000000,81.884329,40.000000,40.942165,20.000000,19940,19580,0.333333,499.000000,0.000000,40.000000,1.637691,0.000000
0,0.000000,0.076923,0.076923,18.542654,0.000000,1300.846939,6000.000000,83.923215,90.667915,41.961608,45.333958,29960,7340,0.076923,177.000000,0.000000,40.000000,1.834751,1.813358
0,0.000000,0.375000,0.230769,0.801556,0.000000,55.759678,4400.000000,78.097701,40.667915,39.048851,20.333958,16440,620,0.375000,849.000000,0.000000,35.000000,1.573559,0.000000
0,0.000264,0.400000,0.263158,16.236040,0.000000,202.601134,1600.000000,89.190441,50.000000,44.595221,25.000000,13430,5190,0.400000,1150.000000,0.000000,40.000000,2.593478,0.000000
0,-0.000000,0.052632,0.045455,0.014560,0.000000,161.720000,52.363636,79.308619,40.909090,39.654310,20.454545,18920,10,0.052632,601.000000,0.000000,35.000000,1.586174,0.000000
0,0.000264,1.000000,0.263158,0.726254,0.000000,69.880000,1600.000000,92.857143,50.000000,46.428571,25.000000,6810,10,1.000000,2492.000000,0.000000,45.000000,1.864468,0.000000
0,0.000001,0.421053,0.722222,0.273678,0.000000,149.691358,756.781065,81.953764,41.026894,40.976882,20.513447,17500,10440,0.842105,1449.000000,0.000000,40.000000,1.639416,0.000000
0,0.000026,0.037037,0.026316,16.337705,0.000000,592.823356,2356.781065,86.275871,91.026894,43.137936,45.513447,20490,5190,0.037037,1150.000000,0.000000,40.000000,2.535200,1.820538
0,-0.000000,0.026316,0.050000,473.500615,0.000000,4179.024691,249.037037,81.753745,50.000000,40.876872,25.000000,20740,9690,0.076923,419.000000,0.000000,40.000000,28.981300,0.000000
0,-0.000000,0.076923,0.100000,1.061550,0.000000,383.611111,271.673469,79.873159,39.998800,39.936580,19.999400,14240,8920,0.133333,1601.000000,0.000000,35.000000,1.605239,0.000000
0,0.000000,0.166667,0.166667,0.055353,0.000000,284.863894,881.781065,81.357974,81.026894,40.678987,40.513447,27000,19580,0.166667,499.000000,0.000000,40.000000,1.627165,1.620538
0,0.000026,0.045455,0.026316,0.277011,0.000000,163.346142,2356.781065,89.999041,91.026894,44.999520,45.513447,17500,14430,0.045455,1449.000000,0.000000,40.000000,1.800322,1.820538
0,-0.000000,0.166667,0.111111,0.376718,0.000000,277.921811,252.000000,75.548838,38.543832,37.774419,19.271916,15920,4790,0.166667,901.000000,0.000000,35.000000,1.512663,0.000000
0,0.000000,0.076923,0.076923,18.542654,0.000000,1300.846939,6000.000000,83.923215,90.667915,41.961608,45.333958,14920,7340,0.076923,177.000000,0.000000,40.000000,1.834751,1.813358
0,-0.000000,0.073171,0.050000,0.025910,0.000000,396.966810,249.037037,88.789793,50.000000,44.394897,25.000000,22600,10,0.076923,233.000000,0.000000,40.000000,1.775799,0.000000
0,0.000264,1.000000,0.263158,0.726254,0.000000,69.880000,1600.000000,92.857143,50.000000,46.428571,25.000000,4000,10,1.000000,2492.000000,0.000000,45.000000,1.864468,0.000000
0,-0.000000,0.250000,0.166667,0.334509,0.000000,44.921811,245.000000,76.604465,39.820614,38.302233,19.910307,28500,15920,0.250000,901.000000,0.000000,35.000000,1.533772,0.000000
0,0.000000,0.076923,0.076923,18.542654,0.000000,1300.846939,6000.000000,83.923215,90.667915,41.961608,45.333958,27150,7340,0.076923,177.000000,0.000000,40.000000,1.834751,1.813358
0,-0.000000,0.076923,0.050000,0.271881,0.000000,1072.000000,249.037037,80.899824,50.000000,40.449912,25.000000,21800,4370,0.076923,2056.000000,0.000000,40.000000,1.618031,0.000000
0,-0.000000,0.142857,0.111111,0.037671,0.000000,171.022222,343.000000,80.534727,41.230721,40.267363,20.615361,19420,16830,0.142857,551.000000,0.000000,40.000000,1.610699,0.000000
0,0.000000,0.026316,0.026316,0.030550,0.000000,432.549784,1037.254749,90.987301,84.314507,45.493651,42.157253,31360,10,0.026316,63.000000,0.000000,45.000000,1.819749,1.686290
0,0.000000,0.076923,0.076923,18.542654,0.000000,1275.440329,5156.781065,76.024886,81.694809,38.012443,40.847404,30220,7340,0.076923,177.000000,0.000000,35.000000,1.676784,1.633896
0,0.000000,0.111111,0.111111,0.026234,0.000000,153.808368,25.312500,50.152640,39.038008,25.076320,19.519004,23990,10,0.111111,94.000000,0.000000,25.000000,1.003055,0.000000
0,0.000000,0.078947,0.078947,0.024408,0.000000,401.522127,280.473684,92.164209,43.287613,46.082104,21.643807,24300,10,0.078947,63.000000,0.000000,45.000000,1.843287,0.000000
0,0.000026,0.045455,0.026316,0.277011,0.000000,163.346142,2356.781065,89.999041,91.026894,44.999520,45.513447,17500,17240,0.045455,1449.000000,0.000000,40.000000,1.800322,1.820538
0,-0.000002,0.055556,0.040000,0.057828,0.000000,294.248889,233.280000,79.116868,38.723561,39.558434,19.361781,16890,10400,0.055556,804.000000,0.000000,35.000000,1.582343,0.000000
0,-0.000000,0.040000,0.029412,0.378742,0.000000,238.271811,625.777778,75.994713,40.452386,37.997356,20.226193,25840,15920,0.041667,901.000000,0.000000,35.000000,1.521582,0.000000
0,0.000000,0.266667,0.225806,0.997120,0.000000,99.234694,131.923469,78.772283,42.325970,39.386142,21.162985,8920,5810,0.312500,1601.000000,0.000000,35.000000,1.583215,0.000000
0,-0.000018,0.312500,0.250000,3.549452,0.043111,467.527778,243.923469,91.469498,90.086183,45.734749,45.043092,17090,15380,0.312500,713.000000,0.000000,45.000000,1.845123,1.801728
0,-0.000018,0.312500,0.250000,3.549452,0.043111,467.527778,243.923469,91.469498,90.086183,45.734749,45.043092,24980,15380,0.312500,713.000000,0.000000,45.000000,1.845123,1.801728
0,-0.000000,0.071429,0.062500,7.842388,0.070355,482.600000,387.000000,85.555555,88.477536,42.777778,44.238768,27490,22340,0.071429,188.000000,0.000000,40.000000,2.002194,1.769557
0,-0.000014,0.250000,0.200000,3.562216,0.033238,580.500000,227.976331,91.164647,89.596046,45.582323,44.798023,34430,17090,0.250000,713.000000,0.000000,45.000000,1.839026,1.791923
0,-0.000004,0.058824,0.050000,0.097343,0.028503,606.812500,175.379630,88.052636,88.232771,44.026318,44.116385,25410,10,0.058824,670.000000,0.000000,40.000000,1.761062,1.764658
0,0.000000,0.111111,0.111111,0.059357,0.021895,403.872500,137.312500,58.000000,89.221643,29.000000,44.610821,30480,10,0.111111,163.000000,0.000000,25.000000,1.160005,1.784435
0,-0.000014,0.250000,0.200000,3.562216,0.033238,580.500000,227.976331,91.164647,89.596046,45.582323,44.798023,34430,24980,0.250000,713.000000,0.000000,45.000000,1.839026,1.791923
0,-0.000004,0.058824,0.050000,0.097343,0.028503,606.812500,175.379630,88.052636,88.232771,44.026318,44.116385,17520,10,0.058824,670.000000,0.000000,40.000000,1.761062,1.764658
0,-0.000000,0.071429,0.062500,7.842388,0.070355,482.600000,387.000000,85.555555,88.477536,42.777778,44.238768,30230,27490,0.071429,188.000000,0.000000,40.000000,2.002194,1.769557
0,0.000000,0.111111,0.111111,0.059357,0.021895,403.872500,137.312500,58.000000,89.221643,29.000000,44.610821,22590,10,0.111111,163.000000,0.000000,25.000000,1.160005,1.784435
0,0.000000,0.050000,0.166667,0.077555,0.000000,2562.448413,1014.777778,87.614350,82.335500,43.807175,41.167750,27560,10,0.500000,843.000000,0.000000,40.000000,1.752295,1.646710
0,0.000000,0.050000,0.166667,0.077555,0.000000,2562.448413,1014.777778,87.614350,82.335500,43.807175,41.167750,41590,10,0.500000,843.000000,0.000000,40.000000,1.752295,1.646710
0,0.000000,0.181818,0.166667,2.940338,0.000000,1387.555556,1014.777778,81.121651,82.335500,40.560825,41.167750,10060,5860,0.181818,258.000000,0.000000,40.000000,1.655339,1.646710
0,0.000000,0.050000,0.166667,0.077555,0.000000,2562.448413,1014.777778,87.614350,82.335500,43.807175,41.167750,25030,10,0.500000,843.000000,0.000000,40.000000,1.752295,1.646710
0,0.000000,0.050000,0.166667,0.077555,0.000000,2562.448413,1014.777778,87.614350,82.335500,43.807175,41.167750,28110,10,0.500000,843.000000,0.000000,40.000000,1.752295,1.646710
0,0.000000,0.100000,0.100000,0.000000,0.864024,3989.571429,3969.000000,53.961126,41.110760,26.980563,20.555380,15400,10,0.100000,119.000000,0.000000,25.000000,1.079223,0.000000
0,-0.000000,0.714286,0.666667,0.000000,0.042958,200.446861,231.040000,54.109860,41.747780,27.054930,20.873890,30220,10,0.714286,119.000000,0.000000,25.000000,1.082197,0.000000
0,-0.000000,0.071429,0.066667,0.000000,0.342439,2381.133412,1690.106509,52.486975,41.357712,26.243488,20.678856,8290,10,0.071429,119.000000,0.000000,25.000000,1.049740,0.000000
0,0.000000,0.090909,0.090909,2.599458,0.000000,111.920000,128.480000,90.000000,100.000000,45.000000,50.000000,55110,39450,0.090909,297.000000,0.000000,45.000000,1.973796,2.000000
0,-0.000000,0.142857,0.111111,2.599458,0.000000,99.440000,836.000000,82.000000,86.197682,41.000000,43.098841,31670,14530,0.142857,297.000000,0.000000,40.000000,1.813796,1.723954
0,0.000000,0.200000,0.200000,2.599458,0.000000,43.440000,60.000000,81.654475,91.666660,40.827238,45.833330,55110,10500,0.200000,297.000000,0.000000,40.000000,1.806885,1.833333
0,0.000000,0.090909,0.090909,2.599458,0.000000,111.920000,128.480000,90.000000,100.000000,45.000000,50.000000,42850,31670,0.090909,297.000000,0.000000,45.000000,1.973796,2.000000
0,0.000000,0.200000,0.200000,2.599458,0.000000,43.440000,60.000000,81.654475,91.666660,40.827238,45.833330,31670,10500,0.200000,297.000000,0.000000,40.000000,1.806885,1.833333
0,-0.000000,0.142857,0.111111,2.599458,0.000000,99.440000,836.000000,82.000000,86.197682,41.000000,43.098841,55110,14530,0.142857,297.000000,0.000000,40.000000,1.813796,1.723954
0,0.000000,0.090909,0.090909,2.599458,0.000000,111.920000,128.480000,90.000000,100.000000,45.000000,50.000000,39450,31670,0.090909,297.000000,0.000000,45.000000,1.973796,2.000000
0,0.000000,0.090909,0.090909,2.599458,0.000000,111.920000,128.480000,90.000000,100.000000,45.000000,50.000000,55110,42850,0.090909,297.000000,0.000000,45.000000,1.973796,2.000000
0,-0.000000,0.125000,0.090909,4.979330,0.030727,18509.555556,174.222222,60.000000,39.999706,30.000000,19.999853,32930,10,0.125000,1213.000000,0.000000,30.000000,1.200671,0.000000
0,-0.000000,0.125000,0.090909,4.979330,0.030727,18509.555556,174.222222,60.000000,39.999706,30.000000,19.999853,18960,10,0.125000,1213.000000,0.000000,30.000000,1.200671,0.000000
0,-0.000000,0.500000,0.333333,4.128546,0.022117,16251.000000,125.000000,50.000000,41.592471,25.000000,20.796236,35560,10,0.500000,950.000000,0.000000,25.000000,1.000525,0.000000
0,-0.000000,0.142857,0.125000,3.009288,0.188773,13232.000000,961.000000,100.000000,38.097611,50.000000,19.048805,25780,3750,0.142857,531.000000,0.000000,50.000000,2.000342,0.000000
0,-0.000000,0.142857,0.125000,3.009288,0.188773,13232.000000,961.000000,100.000000,38.097611,50.000000,19.048805,39750,3750,0.142857,531.000000,0.000000,50.000000,2.000342,0.000000
0,-0.000000,0.125000,0.090909,4.979330,0.030727,18509.555556,174.222222,60.000000,39.999706,30.000000,19.999853,43350,10,0.125000,1213.000000,0.000000,30.000000,1.200671,0.000000
0,-0.000000,0.500000,0.333333,4.128546,0.022117,16251.000000,125.000000,50.000000,41.592471,25.000000,20.796236,21590,10,0.500000,950.000000,0.000000,25.000000,1.000525,0.000000
0,0.000000,0.157895,0.300000,200.340527,0.015862,18728.640000,112.000000,98.214286,50.000000,49.107143,25.000000,26760,25120,0.300000,597.000000,0.000000,45.000000,3.039272,0.000000
0,-0.000018,0.533333,0.100000,4.039607,0.019045,8782.000000,100.148148,86.722182,34.486929,43.361091,17.243464,27580,17220,0.533333,1748.000000,0.000000,40.000000,1.767123,0.000000
0,0.000000,0.052632,0.100000,2.475762,0.143952,504.560000,798.000000,91.409432,91.283025,45.704716,45.641513,20230,18870,0.100000,597.000000,0.000000,45.000000,1.836098,1.825674
0,0.000000,1.000000,1.000000,0.063138,0.000000,195.172584,0.000000,58.333334,0.000000,29.166667,0.000000,24400,10,1.000000,3108.000000,0.000000,25.000000,1.166679,0.000000
0,0.000000,0.157895,0.300000,200.340527,0.015862,18728.640000,112.000000,98.214286,50.000000,49.107143,25.000000,49510,18870,0.300000,597.000000,0.000000,45.000000,3.039272,0.000000
0,0.000000,0.157895,0.300000,200.340527,0.015862,18728.640000,112.000000,98.214286,50.000000,49.107143,25.000000,25120,18870,0.300000,597.000000,0.000000,45.000000,3.039272,0.000000
0,-0.000000,0.333333,0.357143,7.865470,0.128090,24852.817678,686.000000,91.118528,41.283025,45.559264,20.641513,24020,19130,0.384615,707.000000,0.000000,45.000000,1.835696,0.000000
0,0.000000,0.052632,0.100000,2.475762,0.143952,504.560000,798.000000,91.409432,91.283025,45.704716,45.641513,26760,20230,0.100000,597.000000,0.000000,45.000000,1.836098,1.825674
0,-0.000000,0.333333,0.357143,7.865470,0.128090,24852.817678,686.000000,91.118528,41.283025,45.559264,20.641513,48410,19130,0.384615,707.000000,0.000000,45.000000,1.835696,0.000000
0,-0.000000,0.027778,0.026316,2.213464,0.044550,11066.698174,280.473684,100.000000,41.640929,50.000000,20.820464,43120,10,0.027778,194.000000,0.000000,50.000000,2.000227,0.000000
0,-0.000000,0.083333,0.058824,10.987861,0.119220,18626.833333,657.120000,85.480493,40.173895,42.740246,20.086948,21750,19020,0.083333,1207.000000,0.000000,40.000000,1.835982,0.000000
0,-0.000000,0.027778,0.026316,2.213464,0.044550,11066.698174,280.473684,100.000000,41.640929,50.000000,20.820464,53540,10,0.027778,194.000000,0.000000,50.000000,2.000227,0.000000
0,0.000000,0.157895,0.300000,200.340527,0.015862,18728.640000,112.000000,98.214286,50.000000,49.107143,25.000000,39090,26760,0.300000,597.000000,0.000000,45.000000,3.039272,0.000000
0,0.000000,0.500000,1.000000,3.300059,0.000000,171.400000,0.000000,52.456038,0.000000,26.228019,0.000000,10430,10,1.000000,4505.000000,0.000000,25.000000,1.086830,0.000000
0,-0.000000,0.500000,0.333333,4.128546,0.022117,16251.000000,125.000000,50.000000,41.592471,25.000000,20.796236,45980,10,0.500000,950.000000,0.000000,25.000000,1.000525,0.000000
0,-0.000000,0.142857,0.125000,3.009288,0.188773,13232.000000,961.000000,100.000000,38.097611,50.000000,19.048805,50170,18630,0.142857,531.000000,0.000000,50.000000,2.000342,0.000000
0,-0.000000,0.142857,0.125000,3.009288,0.188773,13232.000000,961.000000,100.000000,38.097611,50.000000,19.048805,25780,18630,0.142857,531.000000,0.000000,50.000000,2.000342,0.000000
0,-0.000018,0.533333,0.100000,4.039607,0.019045,8782.000000,100.148148,86.722182,34.486929,43.361091,17.243464,38000,17220,0.533333,1748.000000,0.000000,40.000000,1.767123,0.000000
0,0.000000,0.058824,0.058824,2.476200,0.013271,12426.938776,81.632653,95.000000,42.497106,47.500000,21.248553,44350,10,0.058824,71.000000,0.000000,45.000000,1.900248,0.000000
0,-0.000018,0.533333,0.100000,4.039607,0.019045,8782.000000,100.148148,86.722182,34.486929,43.361091,17.243464,17220,13610,0.533333,1748.000000,0.000000,40.000000,1.767123,0.000000
0,-0.000000,0.083333,0.058824,10.987861,0.119220,18626.833333,657.120000,85.480493,40.173895,42.740246,20.086948,43410,21750,0.083333,1207.000000,0.000000,40.000000,1.835982,0.000000
0,0.000000,0.157895,0.300000,200.340527,0.015862,18728.640000,112.000000,98.214286,50.000000,49.107143,25.000000,39090,18870,0.300000,597.000000,0.000000,45.000000,3.039272,0.000000
0,0.000000,1.000000,1.000000,0.063138,0.000000,195.172584,0.000000,58.333334,0.000000,29.166667,0.000000,13980,10,1.000000,3108.000000,0.000000,25.000000,1.166679,0.000000
0,0.000000,0.058824,0.058824,2.476200,0.013271,12426.938776,81.632653,95.000000,42.497106,47.500000,21.248553,30380,10,0.058824,71.000000,0.000000,45.000000,1.900248,0.000000
0,-0.000000,0.142857,0.125000,3.009288,0.188773,13232.000000,961.000000,100.000000,38.097611,50.000000,19.048805,39750,18630,0.142857,531.000000,0.000000,50.000000,2.000342,0.000000
0,-0.000000,0.142857,0.125000,3.009288,0.188773,13232.000000,961.000000,100.000000,38.097611,50.000000,19.048805,50170,3750,0.142857,531.000000,0.000000,50.000000,2.000342,0.000000
0,-0.000000,0.083333,0.058824,10.987861,0.119220,18626.833333,657.120000,85.480493,40.173895,42.740246,20.086948,32990,21750,0.083333,1207.000000,0.000000,40.000000,1.835982,0.000000
0,-0.000000,0.027778,0.026316,2.213464,0.044550,11066.698174,280.473684,100.000000,41.640929,50.000000,20.820464,29150,10,0.027778,194.000000,0.000000,50.000000,2.000227,0.000000
0,0.000000,0.157895,0.300000,200.340527,0.015862,18728.640000,112.000000,98.214286,50.000000,49.107143,25.000000,49510,26760,0.300000,597.000000,0.000000,45.000000,3.039272,0.000000
0,-0.000000,0.333333,0.357143,7.865470,0.128090,24852.817678,686.000000,91.118528,41.283025,45.559264,20.641513,37990,19130,0.384615,707.000000,0.000000,45.000000,1.835696,0.000000
0,0.000000,0.058824,0.058824,2.476200,0.013271,12426.938776,81.632653,95.000000,42.497106,47.500000,21.248553,54770,10,0.058824,71.000000,0.000000,45.000000,1.900248,0.000000
0,0.000000,0.142857,0.142857,1.886458,0.111409,549.379630,580.230769,75.998098,80.416839,37.999049,40.208420,16150,6270,0.142857,107.000000,0.000000,35.000000,1.545266,1.608347
0,0.000000,0.250000,0.250000,1.795013,0.038454,90.379630,194.230769,75.998104,72.250322,37.999052,36.125161,10480,6270,0.250000,107.000000,0.000000,35.000000,1.545257,1.445010
0,-0.000000,0.714286,0.545455,17.718441,0.000000,1162.000000,3290.000000,78.227113,79.539535,39.113557,39.769768,12320,11700,0.714286,1747.000000,0.000000,35.000000,1.792793,1.590791
0,0.000000,0.333333,0.333333,1.308945,0.000000,6533.305556,616.000000,70.330233,80.171984,35.165117,40.085992,27850,10,0.333333,132.000000,0.000000,35.000000,1.406736,1.603440
0,0.000000,0.066667,0.066667,0.030671,0.201139,55.219069,900.734694,85.214638,87.942621,42.607319,43.971311,32640,16580,0.066667,23.000000,0.000000,40.000000,1.704310,1.758875
0,0.000000,0.066667,0.066667,0.062645,0.232904,234.830529,1080.346154,75.977214,78.708135,37.988607,39.354067,35920,16580,0.066667,23.000000,0.000000,35.000000,1.519564,1.574188
0,0.000000,0.066667,0.066667,0.065225,0.248016,213.044375,1113.688889,75.370048,77.607386,37.685024,38.803693,23220,16580,0.066667,23.000000,0.000000,35.000000,1.507422,1.552175
0,0.000000,0.066667,0.066667,0.030671,0.201139,55.219069,900.734694,85.214638,87.942621,42.607319,43.971311,22070,16580,0.066667,23.000000,0.000000,40.000000,1.704310,1.758875
0,0.000000,0.076923,0.076923,0.089700,0.259782,378.484375,1224.000000,75.214528,77.942560,37.607264,38.971280,24820,16580,0.076923,23.000000,0.000000,35.000000,1.504313,1.558879
0,0.000000,0.100000,0.100000,8.697961,0.098996,511.125000,574.375000,78.728643,82.777421,39.364321,41.388710,34260,23450,0.100000,41.000000,0.000000,35.000000,1.655645,1.655557
0,0.000000,0.500000,0.500000,0.177001,0.104933,316.571429,625.000000,74.141224,82.437812,37.070612,41.218906,28730,8040,0.500000,594.000000,0.000000,35.000000,1.483127,1.648765
0,0.000010,0.166667,1.000000,0.293128,0.205906,1235.430000,1129.000000,90.000000,90.265804,45.000000,45.132902,43820,19900,1.000000,1477.000000,0.000000,40.000000,1.800035,1.805335
0,-0.000000,0.038462,0.027027,0.204636,0.221972,1050.777778,1205.118343,82.191600,81.310955,41.095800,40.655477,34810,32860,0.038462,181.000000,0.000000,40.000000,1.643852,1.626240
0,0.000000,0.250000,0.500000,0.063631,0.094602,371.250000,545.000000,41.763297,78.109895,20.881648,39.054948,34000,10,0.500000,67.000000,0.000000,20.000000,0.835272,1.562206
0,0.000000,0.100000,0.100000,0.131242,0.029232,87.000000,188.480000,83.820937,91.327057,41.910468,45.663529,40390,8040,0.100000,594.000000,0.000000,40.000000,1.676717,1.826543
0,0.000000,0.095238,0.095238,0.137292,0.143421,674.037037,778.037037,91.739444,91.110754,45.869722,45.555377,42320,32860,0.095238,181.000000,0.000000,45.000000,1.834803,1.822228
0,-0.000000,0.142857,0.100000,0.135191,1.247374,104.000000,5721.000000,73.820937,77.139818,36.910468,38.569909,12070,8040,0.142857,594.000000,0.000000,35.000000,1.476717,1.542933
0,0.000000,0.095238,0.095238,0.137292,0.143421,674.037037,778.037037,91.739444,91.110754,45.869722,45.555377,32860,2300,0.095238,181.000000,0.000000,45.000000,1.834803,1.822228
0,0.000000,0.285714,0.500000,0.113266,1.324904,548.750000,6154.000000,79.667111,76.923515,39.833556,38.461758,25280,8620,0.714286,939.000000,0.000000,35.000000,1.593354,1.538613
0,-0.000000,0.038462,0.027027,0.128455,0.130843,705.473684,782.127500,85.209161,82.709042,42.604581,41.354521,32860,600,0.038462,181.000000,0.000000,40.000000,1.704195,1.654192
0,0.000000,0.100000,0.100000,0.131242,0.029232,87.000000,188.480000,83.820937,91.327057,41.910468,45.663529,36990,8040,0.100000,594.000000,0.000000,40.000000,1.676717,1.826543
0,0.000000,0.095238,0.095238,0.137292,0.143421,674.037037,778.037037,91.739444,91.110754,45.869722,45.555377,32860,13840,0.095238,181.000000,0.000000,45.000000,1.834803,1.822228
0,0.000010,0.166667,1.000000,0.293128,0.205906,1235.430000,1129.000000,90.000000,90.265804,45.000000,45.132902,20380,19900,1.000000,1477.000000,0.000000,40.000000,1.800035,1.805335
0,0.000000,0.125000,0.142857,0.798835,0.006606,29.201389,47.250000,85.999103,82.514717,42.999552,41.257359,22010,3970,0.142857,231.000000,0.000000,40.000000,1.740732,1.650295
0,0.000000,0.166667,0.166667,1.176206,0.000000,5302.777778,1645.000000,44.150272,77.384001,22.075136,38.692001,19800,10,0.166667,513.000000,0.000000,20.000000,0.883137,1.547680
0,-0.000000,0.074074,0.071429,155.904286,0.638707,36342.567493,3523.099174,88.564049,92.500000,44.282024,46.250000,29840,5200,0.074074,89.000000,0.000000,40.000000,5.603515,1.850058
0,-0.000000,0.083333,0.071429,4.892454,0.638707,20384.538194,3523.099174,90.141492,92.500000,45.070746,46.250000,24480,12440,0.083333,625.000000,0.000000,45.000000,1.803417,1.850058
0,-0.000000,0.083333,0.071429,4.892454,0.638707,20384.538194,3523.099174,90.141492,92.500000,45.070746,46.250000,27480,24480,0.083333,625.000000,0.000000,45.000000,1.803417,1.850058
0,-0.000000,0.083333,0.071429,4.892454,0.638707,20384.538194,3523.099174,90.141492,92.500000,45.070746,46.250000,24670,24480,0.083333,625.000000,0.000000,45.000000,1.803417,1.850058
0,0.000000,0.272727,0.272727,0.033954,0.052909,195.235433,292.000000,48.764329,78.987157,24.382165,39.493579,30960,10,0.272727,153.000000,0.000000,20.000000,0.975290,1.579748
0,0.000000,0.272727,0.272727,0.013379,0.018993,87.360000,108.000000,48.138914,80.423892,24.069457,40.211946,17520,10,0.272727,153.000000,0.000000,20.000000,0.962780,1.608480
0,0.000000,0.055556,0.055556,0.065452,0.000000,180.675754,389.598333,80.976161,81.724447,40.488080,40.862224,23990,3300,0.055556,12.000000,0.000000,40.000000,1.619537,1.634489
0,0.000000,0.076923,0.076923,0.115713,0.000000,465.050754,673.973333,79.458997,80.080780,39.729498,40.040390,25590,23990,0.076923,12.000000,0.000000,35.000000,1.589199,1.601616
0,0.000000,0.142857,0.142857,0.243604,0.000000,969.050754,1177.973333,80.176684,81.047101,40.088342,40.523550,23990,17350,0.142857,12.000000,0.000000,40.000000,1.603568,1.620942
0,0.000000,0.066667,0.066667,0.058240,0.000000,141.785448,350.708027,89.459013,90.080791,44.729506,45.040396,33410,23990,0.066667,12.000000,0.000000,40.000000,1.789194,1.801616
0,0.000000,0.066667,0.066667,0.058240,0.000000,141.785448,350.708027,89.459013,90.080791,44.729506,45.040396,23990,22840,0.066667,12.000000,0.000000,40.000000,1.789194,1.801616
0,-0.000000,0.153846,0.150000,0.091479,0.065693,360.821111,313.973333,81.174990,40.936187,40.587495,20.468093,13600,5170,0.166667,1919.000000,0.000000,40.000000,1.623511,0.000000
0,-0.000000,0.062500,0.050000,0.473151,0.041202,1925.629630,203.062500,87.589454,50.000000,43.794727,25.000000,26610,23670,0.062500,912.000000,0.000000,40.000000,1.751848,0.000000
0,-0.000000,0.062500,0.050000,0.473151,0.041202,1925.629630,203.062500,87.589454,50.000000,43.794727,25.000000,23670,17150,0.062500,912.000000,0.000000,40.000000,1.751848,0.000000
0,0.000000,0.166667,0.350000,0.537893,0.083029,1935.250000,458.730159,76.046268,40.969671,38.023134,20.484835,13150,11410,0.350000,2138.000000,0.000000,35.000000,1.521000,0.000000
0,-0.000000,0.062500,0.050000,0.473151,0.041202,1925.629630,203.062500,87.589454,50.000000,43.794727,25.000000,27990,23670,0.062500,912.000000,0.000000,40.000000,1.751848,0.000000
0,-0.000000,0.600000,0.333333,3.744027,0.025634,171.555556,245.000000,81.249789,39.999999,40.624895,20.000000,15890,6940,0.600000,2585.000000,0.000000,40.000000,1.689728,0.000000
0,-0.000000,0.166667,0.333333,0.175351,0.039855,890.333333,252.000000,78.978425,41.426225,39.489212,20.713113,21020,4570,0.375000,1177.000000,0.000000,35.000000,1.579586,0.000000
0,-0.000000,0.090909,0.090909,0.052731,0.826891,2440.444444,4855.312500,77.617199,80.861070,38.808600,40.430535,7720,10,0.111111,1007.000000,0.000000,35.000000,1.552349,1.617292
0,0.000000,0.100000,0.100000,0.134316,0.000000,693.024793,111.755102,84.272963,50.000000,42.136482,25.000000,15980,15510,0.100000,203.000000,0.000000,40.000000,1.685472,0.000000
0,-0.000000,0.428571,0.400000,1.009793,0.000000,789.000000,20.250000,81.427247,43.103661,40.713624,21.551831,12020,11480,0.500000,552.000000,0.000000,40.000000,1.634559,0.000000
0,0.000000,0.100000,0.100000,0.134316,0.000000,693.024793,111.755102,84.272963,50.000000,42.136482,25.000000,15510,7850,0.100000,203.000000,0.000000,40.000000,1.685472,0.000000
0,0.000000,0.062500,0.166667,6.233254,0.000000,29434.555556,1157.062500,88.820187,49.448537,44.410093,24.724268,29090,22990,0.166667,242.000000,0.000000,40.000000,1.777064,0.000000
0,0.000000,0.375000,0.666667,7.411019,0.000000,17893.000000,180.625000,76.294437,41.793057,38.147218,20.896529,15960,1910,0.666667,1555.000000,0.000000,35.000000,1.555787,0.000000
0,0.000000,0.062500,0.166667,6.233254,0.000000,29434.555556,1157.062500,88.820187,49.448537,44.410093,24.724268,29090,8110,0.166667,242.000000,0.000000,40.000000,1.777064,0.000000
0,0.000050,0.333333,0.181818,0.127907,0.000000,704.375000,265.088757,80.423787,40.245583,40.211894,20.122792,32460,28970,0.333333,836.000000,0.000000,40.000000,1.608488,0.000000
0,-0.000000,0.050000,0.047619,68.434435,0.188303,1192.040000,1129.268166,78.500199,91.082980,39.250100,45.541490,31670,23920,0.050000,167.000000,0.000000,35.000000,4.003647,1.821675
0,-0.000000,0.050000,0.047619,68.434435,0.188303,1192.040000,1129.268166,78.500199,91.082980,39.250100,45.541490,31670,9040,0.050000,167.000000,0.000000,35.000000,4.003647,1.821675
0,-0.000000,0.071429,0.142857,9.752400,0.187400,674.018889,1141.334711,76.102534,89.995277,38.051267,44.997639,20290,16100,0.150000,530.000000,0.000000,35.000000,1.773839,1.799921
0,-0.000000,0.066667,0.095238,0.465611,0.446539,2258.527778,2396.077855,90.266135,89.814215,45.133068,44.907108,22700,8520,0.100000,289.000000,0.000000,45.000000,1.805371,1.796326
0,-0.000000,0.071429,0.142857,9.752400,0.187400,674.018889,1141.334711,76.102534,89.995277,38.051267,44.997639,16100,5410,0.150000,530.000000,0.000000,35.000000,1.773839,1.799921
0,-0.000000,0.066667,0.095238,0.465611,0.446539,2258.527778,2396.077855,90.266135,89.814215,45.133068,44.907108,8520,7820,0.100000,289.000000,0.000000,45.000000,1.805371,1.796326
0,0.000000,0.083333,0.083333,0.213083,0.039866,244.688166,226.768166,62.890340,41.167795,31.445170,20.583897,32790,25840,0.083333,83.000000,0.000000,30.000000,1.259074,0.000000
0,0.000000,0.200000,0.545455,0.820020,0.016955,115.312500,98.437500,71.999999,41.426532,36.000000,20.713266,19210,5740,0.545455,746.000000,0.000000,35.000000,1.461176,0.000000
0,0.000000,0.166667,0.600000,1.002995,0.010561,139.456790,77.777778,83.868990,41.421772,41.934495,20.710886,35270,6810,0.600000,1986.000000,0.000000,40.000000,1.681429,0.000000
0,0.000000,0.272727,0.333333,13.998912,0.152718,557.217778,704.000000,76.999850,38.737538,38.499925,19.368769,25420,17550,0.333333,125.000000,0.000000,35.000000,1.722128,0.000000
0,0.000000,0.833333,0.666667,10.268532,0.311598,547.555556,1800.000000,77.901002,40.995274,38.950501,20.497637,25410,16810,0.833333,910.000000,0.000000,35.000000,1.786831,0.000000
0,0.000000,0.200000,0.200000,0.000000,0.000000,160.333333,70.775510,65.576832,50.000000,32.788416,25.000000,40390,10,0.200000,192.000000,0.000000,30.000000,1.311537,0.000000
0,0.000000,0.400000,0.400000,0.000000,0.000000,109.375000,54.880000,57.243498,41.286066,28.621749,20.643033,23770,10,0.400000,192.000000,0.000000,25.000000,1.144870,0.000000
0,0.000000,0.200000,0.200000,0.000000,0.000000,160.333333,70.775510,65.576832,50.000000,32.788416,25.000000,32140,10,0.200000,192.000000,0.000000,30.000000,1.311537,0.000000
0,0.000000,0.200000,0.200000,0.000000,0.000000,160.333333,70.775510,65.576832,50.000000,32.788416,25.000000,40460,10,0.200000,192.000000,0.000000,30.000000,1.311537,0.000000
0,0.000000,0.333333,0.333333,0.448341,0.000000,2234.000000,594.000000,43.174756,53.459000,21.587378,26.729500,40580,10,0.333333,686.000000,0.000000,20.000000,0.863541,1.069180
0,-0.000419,0.500000,0.400000,0.357112,0.000000,1927.000000,327.222222,76.564911,55.151486,38.282456,27.575743,45920,980,0.500000,152.000000,0.000000,35.000000,1.531331,1.103030
0,0.000000,0.095238,0.095238,1.718945,0.000000,8511.750000,6611.604938,88.131366,90.737381,44.065683,45.368691,47050,3800,0.095238,82.000000,0.000000,40.000000,1.762802,1.814748
0,0.000000,0.294118,0.312500,0.045720,0.000000,362.106337,368.148148,86.953001,92.500240,43.476501,46.250120,1240,10,0.312500,338.000000,0.000000,40.000000,1.739064,1.850005
0,0.000000,0.095238,0.095238,1.718945,0.000000,8511.750000,6611.604938,88.131366,90.737381,44.065683,45.368691,47050,17040,0.095238,82.000000,0.000000,40.000000,1.762802,1.814748
0,0.000000,0.095238,0.095238,1.718945,0.000000,8511.750000,6611.604938,88.131366,90.737381,44.065683,45.368691,47050,5500,0.095238,82.000000,0.000000,40.000000,1.762802,1.814748
0,0.000000,0.095238,0.095238,1.718945,0.000000,8511.750000,6611.604938,88.131366,90.737381,44.065683,45.368691,47050,45520,0.095238,82.000000,0.000000,40.000000,1.762802,1.814748
0,0.000000,0.181818,0.181818,0.630213,0.000000,3328.750000,1428.604938,89.531950,90.913047,44.765975,45.456524,45520,23630,0.181818,82.000000,0.000000,40.000000,1.790699,1.818261
0,0.000000,0.181818,0.181818,0.630213,0.000000,3328.750000,1428.604938,89.531950,90.913047,44.765975,45.456524,23630,17040,0.181818,82.000000,0.000000,40.000000,1.790699,1.818261
0,0.000000,0.277778,0.312500,230.210547,0.000000,2660.079882,368.148148,85.291242,92.500240,42.645621,46.250120,44500,1550,0.312500,184.000000,0.000000,40.000000,11.906157,1.850005
0,0.000000,0.181818,0.181818,0.630213,0.000000,3328.750000,1428.604938,89.531950,90.913047,44.765975,45.456524,23630,5500,0.181818,82.000000,0.000000,40.000000,1.790699,1.818261
0,0.000000,0.181818,0.181818,0.630213,0.000000,3328.750000,1428.604938,89.531950,90.913047,44.765975,45.456524,23630,3800,0.181818,82.000000,0.000000,40.000000,1.790699,1.818261
0,0.000000,0.277778,0.312500,230.210547,0.000000,2660.079882,368.148148,85.291242,92.500240,42.645621,46.250120,4480,1550,0.312500,184.000000,0.000000,40.000000,11.906157,1.850005
0,0.000000,0.277778,0.312500,230.210547,0.000000,2660.079882,368.148148,85.291242,92.500240,42.645621,46.250120,16020,1550,0.312500,184.000000,0.000000,40.000000,11.906157,1.850005
0,0.000000,0.090909,0.583333,2.700479,0.046589,179.440000,272.250000,75.999833,50.000000,37.999917,25.000000,21440,5560,0.583333,579.000000,0.000000,35.000000,1.703207,0.000000
0,-0.000000,0.625000,0.500000,0.000000,0.035323,186.808642,224.000000,59.712880,48.534089,29.856440,24.267045,23510,10,0.833333,1134.000000,0.000000,25.000000,1.194258,0.000000
0,-0.000000,0.125000,0.083333,0.000000,0.009567,157.055556,54.880000,53.707829,42.644543,26.853914,21.322272,15140,10,0.166667,1134.000000,0.000000,25.000000,1.074157,0.000000
0,-0.000000,0.100000,0.111111,2.672744,0.026670,43.440000,175.000000,76.661090,39.123883,38.330545,19.561941,10810,5560,0.125000,579.000000,0.000000,35.000000,1.716429,0.000000
0,-0.000016,0.043478,0.038462,0.012004,0.081913,58.301775,496.250000,93.332873,98.534089,46.666436,49.267045,22970,18660,0.052632,1188.000000,0.000000,45.000000,1.866659,1.970689
0,-0.000016,0.041667,0.038462,78.356195,0.081913,2442.833333,496.250000,89.229155,98.534089,44.614577,49.267045,40370,24500,0.041667,273.000000,0.000000,40.000000,3.092331,1.970689
0,-0.000000,0.625000,0.500000,0.000000,0.035323,186.808642,224.000000,59.712880,48.534089,29.856440,24.267045,31830,10,0.833333,1134.000000,0.000000,25.000000,1.194258,0.000000
0,0.000000,0.250000,0.583333,0.000000,0.046589,148.500000,272.250000,53.046096,50.000000,26.523048,25.000000,19200,10,0.583333,1134.000000,0.000000,25.000000,1.060922,0.000000
0,0.000000,0.083333,0.083333,0.006069,0.034636,295.213333,192.000000,88.675308,40.852387,44.337654,20.426194,9150,10,0.083333,220.000000,0.000000,40.000000,1.773507,0.000000
0,-0.000016,0.041667,0.038462,78.356195,0.081913,2442.833333,496.250000,89.229155,98.534089,44.614577,49.267045,40440,24500,0.041667,273.000000,0.000000,40.000000,3.092331,1.970689
0,0.000000,0.083333,0.083333,4.894498,0.019216,156.380000,122.500000,83.504429,40.972712,41.752215,20.486356,42640,10340,0.083333,101.000000,0.000000,40.000000,1.767635,0.000000
0,-0.000000,0.625000,0.500000,0.000000,0.035323,186.808642,224.000000,59.712880,48.534089,29.856440,24.267045,31760,10,0.833333,1134.000000,0.000000,25.000000,1.194258,0.000000
0,-0.000016,0.043478,0.038462,0.012004,0.081913,58.301775,496.250000,93.332873,98.534089,46.666436,49.267045,31220,18660,0.052632,1188.000000,0.000000,45.000000,1.866659,1.970689
0,-0.000016,0.041667,0.038462,78.356195,0.081913,2442.833333,496.250000,89.229155,98.534089,44.614577,49.267045,32120,24500,0.041667,273.000000,0.000000,40.000000,3.092331,1.970689
0,-0.000016,0.043478,0.038462,0.012004,0.081913,58.301775,496.250000,93.332873,98.534089,46.666436,49.267045,31290,18660,0.052632,1188.000000,0.000000,45.000000,1.866659,1.970689
0,-0.000038,0.500000,0.090909,0.000000,0.168294,498.000000,824.250000,50.857605,72.853244,25.428802,36.426622,26740,10,0.500000,647.000000,0.000000,25.000000,1.017152,1.457082
0,-0.000038,0.142857,0.090909,7.498158,0.168294,607.500000,824.250000,79.254379,72.853244,39.627189,36.426622,27730,8210,0.142857,548.000000,0.000000,35.000000,1.810072,1.457082
0,0.000000,0.368421,0.368421,0.403111,0.022584,413.398400,116.640000,82.831081,43.106928,41.415541,21.553464,36390,21460,0.368421,25.000000,0.000000,40.000000,1.658565,0.000000
0,-0.000000,0.071429,0.075000,0.474967,0.052112,1767.710000,261.012346,79.933886,41.520012,39.966943,20.760006,15340,5170,0.133333,2130.000000,0.000000,35.000000,1.598742,0.000000
0,-0.000028,0.062500,0.057143,0.093916,0.020856,521.410762,137.230469,82.087983,38.922535,41.043992,19.461268,42430,33550,0.062500,309.000000,0.000000,40.000000,1.641768,0.000000
0,-0.000011,0.111111,0.071429,0.121976,0.031278,555.511726,200.687500,78.387856,39.999935,39.193928,19.999967,23950,10400,0.111111,1269.000000,0.000000,35.000000,1.567771,0.000000
0,-0.000000,0.133333,0.210526,5.010940,0.118973,976.000000,661.224490,76.903913,40.316759,38.451957,20.158380,19200,16340,0.216216,2030.000000,0.000000,35.000000,1.593835,0.000000
0,-0.000000,0.285714,0.222222,0.054476,0.301083,254.727273,1800.000000,81.673962,40.064631,40.836981,20.032316,26480,16830,0.285714,1016.000000,0.000000,40.000000,1.633485,0.000000
0,0.000000,0.333333,0.555556,0.106233,0.037297,504.029586,252.000000,79.194686,41.137468,39.597343,20.568734,22760,4570,0.555556,1388.000000,0.000000,35.000000,1.583905,0.000000
0,-0.000000,0.500000,0.285714,0.071848,0.053994,298.632653,384.000000,79.037714,41.340605,39.518857,20.670303,28350,22830,0.500000,1381.000000,0.000000,35.000000,1.580763,0.000000
0,0.000000,0.050000,0.050000,0.081227,0.014158,458.598400,74.360000,83.336027,42.727217,41.668014,21.363609,36390,9380,0.050000,25.000000,0.000000,40.000000,1.666728,0.000000
0,0.000000,0.076923,0.076923,0.521655,0.000000,73.524444,53.555556,70.376128,79.999088,35.188064,39.999544,17700,1950,0.076923,228.000000,0.000000,35.000000,1.414302,1.599982
0,0.000000,0.230769,0.230769,0.554175,0.000000,246.212611,262.420000,71.117915,80.904016,35.558958,40.452008,32900,1950,0.230769,228.000000,0.000000,35.000000,1.429141,1.618080
0,0.000000,0.230769,0.230769,0.525946,0.000000,91.444444,88.000000,71.626737,81.249090,35.813369,40.624545,19460,1950,0.230769,228.000000,0.000000,35.000000,1.439315,1.624982
0,0.000000,0.076923,0.076923,8.835348,0.000000,244.444444,241.000000,81.512734,81.110201,40.756367,40.555100,27320,2850,0.076923,138.000000,0.000000,40.000000,1.803595,1.622204
0,0.000000,0.800000,0.800000,1.281159,0.009741,80.000000,64.000000,60.014285,41.990792,30.007143,20.995396,11460,10,0.800000,168.000000,0.000000,30.000000,1.213109,0.000000
0,-0.000000,0.555556,0.454545,0.747126,0.015523,464.666667,94.111111,80.415175,42.566051,40.207588,21.283025,20090,4340,0.555556,1105.000000,0.000000,40.000000,1.620555,0.000000
0,0.000000,0.500000,0.500000,0.257905,0.407035,1296.457778,2086.277778,81.397842,40.343581,40.698921,20.171791,9810,9540,0.500000,366.000000,0.000000,40.000000,1.627983,0.000000
0,-0.000000,0.153846,0.133333,7.820624,0.013699,286.290000,81.000000,76.496374,41.111111,38.248187,20.555556,27490,23970,0.153846,639.000000,0.000000,35.000000,1.821009,0.000000
0,-0.000000,0.125000,0.375000,0.192154,0.051266,1082.556213,261.012346,82.852393,41.744099,41.426197,20.872050,25500,18640,0.428571,838.000000,0.000000,40.000000,1.657065,0.000000
0,-0.000000,0.111111,0.100000,7.791839,0.009923,158.040000,77.777778,76.814474,41.428524,38.407237,20.714262,50700,27490,0.111111,639.000000,0.000000,35.000000,1.827368,0.000000
0,0.000000,0.062500,0.062500,0.054247,0.004059,356.632653,28.543210,85.696217,42.500011,42.848109,21.250005,29280,10,0.062500,460.000000,0.000000,40.000000,1.713930,0.000000
0,-0.000000,0.250000,0.437500,0.205994,0.018175,1193.130000,121.560554,81.744455,40.811695,40.872227,20.405847,37690,25500,0.500000,838.000000,0.000000,40.000000,1.634907,0.000000
0,-0.000000,0.400000,0.363636,24.844867,0.000000,772.930000,133.752066,79.002402,41.185572,39.501201,20.592786,36370,7330,0.400000,238.000000,0.000000,35.000000,2.055432,0.000000
0,-0.000000,0.100000,0.090909,24.899816,0.000000,1104.333333,456.333333,81.609563,41.666643,40.804781,20.833322,35490,7330,0.100000,238.000000,0.000000,40.000000,2.107580,0.000000
0,-0.000000,0.400000,0.266667,2.050068,0.730528,4518.562500,3888.000000,88.816207,40.488419,44.408104,20.244210,15550,12350,0.400000,1250.000000,0.000000,40.000000,1.779333,0.000000
0,0.000000,0.500000,1.000000,0.184052,0.000000,753.000000,0.000000,51.218060,0.000000,25.609030,0.000000,10150,140,1.000000,1790.000000,0.000000,25.000000,1.024384,0.000000
0,0.000000,0.500000,0.500000,0.225929,0.057695,1139.312500,400.000000,90.000000,41.990589,45.000000,20.995294,15860,14700,0.500000,334.000000,0.000000,40.000000,1.800022,0.000000
0,-0.000000,0.400000,0.266667,2.050068,0.730528,4518.562500,3888.000000,88.816207,40.488419,44.408104,20.244210,12350,5540,0.400000,1250.000000,0.000000,40.000000,1.779333,0.000000
0,0.000000,0.500000,0.500000,0.225929,0.057695,1139.312500,400.000000,90.000000,41.990589,45.000000,20.995294,24710,15860,0.500000,334.000000,0.000000,40.000000,1.800022,0.000000
0,-0.000000,0.100000,0.086957,33.471035,0.118118,441.187500,755.586777,91.428571,98.520464,45.714285,49.260232,24260,13250,0.100000,616.000000,0.000000,45.000000,3.603117,1.970419
0,-0.000000,0.035714,0.086957,0.025141,0.118118,406.473684,755.586777,91.428571,98.520464,45.714285,49.260232,24260,10,0.090909,616.000000,0.000000,45.000000,1.828574,1.970419
0,0.000000,0.043478,0.043478,0.169242,0.101566,1216.127382,733.472222,85.846045,90.114850,42.923022,45.057425,28780,10,0.043478,164.000000,0.000000,40.000000,1.716937,1.802304
0,0.000000,0.111111,0.130435,4.910202,5.739637,21220.333333,31383.063712,80.101706,87.917652,40.050853,43.958826,41170,17520,0.130435,1290.000000,0.000000,40.000000,1.602602,1.758878
0,-0.000000,0.100000,0.086957,33.471035,0.118118,441.187500,755.586777,91.428571,98.520464,45.714285,49.260232,41730,24260,0.100000,616.000000,0.000000,45.000000,3.603117,1.970419
0,-0.000000,0.100000,0.086957,33.471035,0.118118,441.187500,755.586777,91.428571,98.520464,45.714285,49.260232,24260,1710,0.100000,616.000000,0.000000,45.000000,3.603117,1.970419
0,-0.000000,0.294118,0.066667,3.019751,0.699069,188.775510,3641.611111,83.999995,77.934168,41.999997,38.967084,36470,28520,0.294118,246.000000,0.000000,40.000000,1.730072,1.558751
0,-0.000000,0.100000,0.068966,2.907772,4.175368,13610.768889,23136.741818,79.515978,80.002284,39.757989,40.001142,44250,14150,0.111111,1046.000000,0.000000,35.000000,1.590630,1.600422
0,-0.000000,0.064516,0.062500,5.165909,0.000000,26162.128906,11499.653565,89.393836,87.093680,44.696918,43.546840,49530,16260,0.064516,588.000000,0.000000,40.000000,1.788387,1.741874
0,-0.000000,0.064516,0.062500,5.165909,0.000000,26162.128906,11499.653565,89.393836,87.093680,44.696918,43.546840,49530,10410,0.064516,588.000000,0.000000,40.000000,1.788387,1.741874
0,0.000000,0.400000,0.375000,0.950287,0.000000,3586.834320,11136.591837,80.617322,73.046537,40.308661,36.523269,34820,9550,0.400000,2059.000000,0.000000,40.000000,1.612472,1.460931
0,-0.000012,0.400000,0.333333,107.713577,0.000000,22523.619792,10936.591837,78.781831,73.985943,39.390916,36.992972,55080,11390,0.400000,33.000000,0.000000,35.000000,1.833893,1.479719
0,0.000000,0.400000,0.400000,5.117098,0.000000,27971.965000,10836.591837,79.622309,77.093680,39.811155,38.546840,54210,11190,0.400000,120.000000,0.000000,35.000000,1.592914,1.541874
0,-0.000000,0.066667,0.058824,0.088889,0.165902,425.080000,912.625000,89.176874,80.445171,44.588437,40.222585,37290,36640,0.066667,494.000000,0.000000,40.000000,1.783547,1.608918
0,-0.000000,0.066667,0.058824,0.088889,0.165902,425.080000,912.625000,89.176874,80.445171,44.588437,40.222585,37290,35260,0.066667,494.000000,0.000000,40.000000,1.783547,1.608918
0,-0.000000,0.200000,0.142857,0.120961,0.207991,570.250000,1208.500000,79.958696,70.299421,39.979348,35.149710,33960,32850,0.200000,827.000000,0.000000,35.000000,1.599187,1.406006
0,-0.000000,0.181818,0.117647,0.239948,0.244898,1132.027778,1389.948889,80.312930,70.691717,40.156465,35.345858,33960,33590,0.181818,827.000000,0.000000,40.000000,1.606284,1.413856
0,-0.000000,0.066667,0.058824,0.088889,0.165902,425.080000,912.625000,89.176874,80.445171,44.588437,40.222585,37290,25800,0.066667,494.000000,0.000000,40.000000,1.783547,1.608918
0,-0.000000,0.095238,0.074074,0.080981,0.266461,416.592593,1631.780718,81.625802,99.970746,40.812901,49.985373,32590,24220,0.095238,924.000000,0.000000,40.000000,1.632524,1.999437
0,0.000000,0.200000,0.400000,78.344068,0.044810,2370.500000,364.000000,80.895819,92.037645,40.447909,46.018822,24500,13870,0.400000,565.000000,0.000000,40.000000,2.925663,1.840756
0,-0.000000,0.555556,0.476190,0.136460,0.139485,476.444444,876.000000,95.833333,92.488245,47.916667,46.244122,25030,10,0.555556,512.000000,0.000000,45.000000,1.916710,1.849776
0,-0.000000,0.062500,0.074074,78.383000,0.266461,2583.309172,1631.780718,78.522133,99.970746,39.261067,49.985373,36180,24500,0.083333,565.000000,0.000000,35.000000,2.878193,1.999437
0,-0.000000,0.555556,0.476190,0.136460,0.139485,476.444444,876.000000,95.833333,92.488245,47.916667,46.244122,28340,10,0.555556,512.000000,0.000000,45.000000,1.916710,1.849776
0,0.000000,0.074074,0.074074,22.300291,0.266461,1564.510718,1631.780718,89.976257,99.970746,44.988128,49.985373,29830,8120,0.074074,32.000000,0.000000,40.000000,1.986231,1.999437
0,0.000000,0.074074,0.074074,22.300291,0.266461,1564.510718,1631.780718,89.976257,99.970746,44.988128,49.985373,33140,8120,0.074074,32.000000,0.000000,40.000000,1.986231,1.999437
0,0.000000,0.333333,0.400000,7.417500,0.044810,335.921875,364.000000,73.805658,92.037645,36.902829,46.018822,21950,8010,0.400000,1151.000000,0.000000,35.000000,1.587831,1.840756
0,0.000000,0.117647,0.117647,0.045551,0.047748,260.673611,345.562500,91.114532,91.111153,45.557266,45.555576,28410,2710,0.117647,174.000000,0.000000,45.000000,1.822295,1.822226
0,0.000000,0.117647,0.117647,0.045551,0.047748,260.673611,345.562500,91.114532,91.111153,45.557266,45.555576,31720,2710,0.117647,174.000000,0.000000,45.000000,1.822295,1.822226
0,-0.000000,0.181818,0.153846,25.877205,0.144861,23195.820862,790.000000,81.158932,68.767053,40.579466,34.383527,46920,33410,0.444444,898.000000,0.000000,40.000000,3.699218,1.375354
0,-0.000000,0.022727,0.040000,236.409958,0.106345,33311.017382,555.586777,82.945688,68.767053,41.472844,34.383527,50680,2780,0.045455,522.000000,0.000000,40.000000,11.882367,1.375351
0,-0.000000,0.700000,0.666667,4.768302,0.071914,23112.265306,384.500000,46.215659,59.716128,23.107829,29.858064,46730,10,0.727273,917.000000,0.000000,20.000000,0.924806,1.194329
0,-0.000000,0.500000,0.153846,12.089124,0.144861,42708.444444,790.000000,81.159653,68.767053,40.579826,34.383527,38990,2130,0.500000,1691.000000,0.000000,40.000000,1.684744,1.375354
0,-0.000000,0.181818,0.153846,25.877205,0.144861,23195.820862,790.000000,81.158932,68.767053,40.579466,34.383527,46920,33960,0.444444,898.000000,0.000000,40.000000,3.699218,1.375354
0,-0.000000,0.181818,0.153846,25.877205,0.144861,23195.820862,790.000000,81.158932,68.767053,40.579466,34.383527,46920,30880,0.444444,898.000000,0.000000,40.000000,3.699218,1.375354
0,-0.000000,0.050000,0.040000,38.519406,0.106345,25190.098611,555.586777,89.451237,68.767053,44.725618,34.383527,47910,1710,0.050000,799.000000,0.000000,40.000000,3.564086,1.375351
0,-0.000000,0.181818,0.153846,25.877205,0.144861,23195.820862,790.000000,81.158932,68.767053,40.579466,34.383527,47440,46920,0.444444,898.000000,0.000000,40.000000,3.699218,1.375354
0,-0.000000,0.050000,0.040000,38.519406,0.106345,25190.098611,555.586777,89.451237,68.767053,44.725618,34.383527,47910,41730,0.050000,799.000000,0.000000,40.000000,3.564086,1.375351
0,-0.000000,0.050000,0.040000,38.519406,0.106345,25190.098611,555.586777,89.451237,68.767053,44.725618,34.383527,47910,13250,0.050000,799.000000,0.000000,40.000000,3.564086,1.375351
0,0.000000,0.500000,0.500000,0.059459,0.000000,302.953125,400.000000,81.681713,40.000000,40.840856,20.000000,24940,17250,0.500000,440.000000,0.000000,40.000000,1.633640,0.000000
0,0.000000,0.045455,0.045455,22.300291,0.000000,1625.780718,108.000000,80.320359,50.000000,40.160180,25.000000,28810,8120,0.045455,53.000000,0.000000,40.000000,1.793113,0.000000
0,-0.000005,0.052632,0.023810,0.028670,0.000000,282.750000,587.914062,80.155935,80.731241,40.077967,40.365620,34860,10,0.052632,1353.000000,0.000000,40.000000,1.603121,1.614625
0,-0.000000,0.111111,0.083333,0.017965,0.000000,141.288831,990.406250,48.827747,80.504225,24.413874,40.252113,39930,10,0.111111,846.000000,0.000000,20.000000,0.976556,1.610085
0,-0.000000,0.052632,0.045455,0.088778,0.000000,473.014335,108.000000,82.498937,50.000000,41.249468,25.000000,38150,25450,0.052632,389.000000,0.000000,40.000000,1.649987,0.000000
0,-0.000000,0.421053,0.340909,0.016106,0.000000,169.777778,197.507812,81.231904,41.553460,40.615952,20.776730,15810,10,0.619048,1353.000000,0.000000,40.000000,1.624640,0.000000
0,0.000000,0.555556,0.583333,0.010681,0.000000,77.676136,797.507812,48.909084,82.879905,24.454542,41.439952,5080,10,0.600000,846.000000,0.000000,20.000000,0.978183,1.657598
0,-0.000000,0.250000,0.133333,0.312567,0.000000,171.000000,81.000000,76.617309,41.111111,38.308655,20.555556,13680,10340,0.250000,1900.000000,0.000000,35.000000,1.532902,0.000000
0,0.000000,0.083333,0.083333,22.300291,0.000000,1359.947385,708.000000,81.640572,91.326445,40.820286,45.663222,8120,7940,0.083333,53.000000,0.000000,40.000000,1.819517,1.826529
0,-0.000000,0.111111,0.083333,0.005670,0.000000,106.945153,636.571429,86.351573,82.463924,43.175787,41.231962,1550,10,0.111111,692.000000,0.000000,40.000000,1.727032,1.649278
0,0.000000,0.090909,0.090909,33.017345,0.000000,767.262346,506.250000,73.002947,40.560824,36.501473,20.280412,28060,20040,0.090909,128.000000,0.000000,35.000000,2.533499,0.000000
0,-0.000000,0.100000,0.083333,0.042581,0.000000,244.771429,708.000000,82.655197,91.326445,41.327599,45.663222,38150,4580,0.100000,389.000000,0.000000,40.000000,1.653108,1.826529
0,-0.000000,0.090909,0.100000,0.295222,0.000000,110.437500,77.777778,76.701701,42.857143,38.350850,21.428571,40410,10340,0.125000,1900.000000,0.000000,35.000000,1.534587,0.000000
0,0.000000,0.058824,0.071429,0.012294,0.000000,145.012283,234.079241,85.109639,82.690939,42.554820,41.345470,6620,10,0.071429,692.000000,0.000000,40.000000,1.702194,1.653819
0,0.000000,0.294118,0.500000,0.026937,0.000000,213.556122,36.571429,87.347037,41.137479,43.673518,20.568740,22420,10,0.500000,692.000000,0.000000,40.000000,1.746943,0.000000
0,0.000000,0.029412,0.024390,0.172928,0.000000,870.678343,667.448889,79.955562,40.346655,39.977781,20.173327,36240,23210,0.029412,613.000000,0.000000,35.000000,1.599128,0.000000
0,-0.000057,0.700000,0.285714,0.062551,0.000000,278.562500,390.406250,49.197803,39.177781,24.598902,19.588890,19060,10,0.700000,2933.000000,0.000000,20.000000,0.983964,0.000000
0,0.000000,1.000000,1.000000,0.023374,0.000000,137.067602,600.000000,49.893438,41.326445,24.946719,20.663222,20880,10,1.000000,846.000000,0.000000,20.000000,0.997871,0.000000
0,0.000000,0.444444,0.444444,0.014714,0.000000,135.146667,4569.000000,56.666831,91.326100,28.333416,45.663050,47970,10,0.444444,413.000000,0.000000,25.000000,1.133338,1.826522
0,0.000000,0.375000,0.187500,3.028682,0.000000,236.944444,144.546875,83.999963,40.322709,41.999982,20.161355,48260,36470,0.375000,397.000000,0.000000,40.000000,1.730072,0.000000
0,0.000000,0.444444,0.444444,0.014714,0.000000,135.146667,4569.000000,56.666831,91.326100,28.333416,45.663050,44570,10,0.444444,413.000000,0.000000,25.000000,1.133338,1.826522
0,-0.000000,0.454545,0.428571,0.398765,0.000000,461.222222,3969.000000,87.949972,50.000000,43.974986,25.000000,36810,28550,0.500000,1189.000000,0.000000,40.000000,1.759818,0.000000
0,-0.000000,0.454545,0.428571,0.398765,0.000000,461.222222,3969.000000,87.949972,50.000000,43.974986,25.000000,40210,28550,0.500000,1189.000000,0.000000,40.000000,1.759818,0.000000
0,0.000000,0.777778,0.777778,0.048622,0.000000,340.229167,600.000000,47.777937,41.326100,23.888968,20.663050,36310,10,0.777778,413.000000,0.000000,20.000000,0.955563,0.000000
0,0.000000,0.666667,0.666667,22.300291,0.000000,1368.515412,144.734694,89.976257,100.000000,44.988128,50.000000,38230,8120,0.666667,59.000000,0.000000,40.000000,1.986231,2.000000
0,0.000000,0.125000,0.142857,0.808408,0.000000,540.659297,139.250000,74.619012,90.000000,37.309506,45.000000,25700,13720,0.142857,1640.000000,0.000000,35.000000,1.509117,1.800000
0,0.000000,0.142857,0.142857,22.300291,0.000000,1363.030718,139.250000,79.976257,90.000000,39.988128,45.000000,29530,8120,0.142857,59.000000,0.000000,35.000000,1.786231,1.800000
0,0.000000,0.500000,0.500000,22.300291,0.000000,1358.780718,135.000000,79.976257,90.000000,39.988128,45.000000,22690,8120,0.500000,59.000000,0.000000,35.000000,1.786231,1.800000
0,0.000000,0.777778,0.666667,1.662255,0.000000,472.011834,144.734694,90.512700,100.000000,45.256350,50.000000,22890,9040,0.777778,1921.000000,0.000000,45.000000,1.813513,2.000000
0,-0.000000,0.333333,0.187500,0.000000,0.000000,507.140625,161.081633,49.274948,89.990048,24.637474,44.995024,19350,10,0.333333,2275.000000,0.000000,20.000000,0.985499,1.799801
0,0.000000,0.187500,0.187500,22.300291,0.000000,1384.862351,161.081633,79.931931,89.990048,39.965965,44.995024,22170,8120,0.187500,59.000000,0.000000,35.000000,1.785345,1.799801
0,0.000000,0.500000,0.500000,0.055268,0.000000,324.290323,135.000000,80.140675,90.000000,40.070338,45.000000,40280,21460,0.500000,182.000000,0.000000,40.000000,1.602818,1.800000
0,0.000000,0.666667,0.666667,22.300291,0.000000,1368.515412,144.734694,89.976257,100.000000,44.988128,50.000000,27660,8120,0.666667,59.000000,0.000000,40.000000,1.986231,2.000000
0,0.000000,0.777778,0.666667,1.662255,0.000000,472.011834,144.734694,90.512700,100.000000,45.256350,50.000000,22890,19610,0.777778,1921.000000,0.000000,45.000000,1.813513,2.000000
0,-0.000000,0.038462,0.080000,0.134547,0.000000,677.628946,1974.836777,81.669957,82.653048,40.834978,41.326524,37130,29620,0.105263,1286.000000,0.000000,40.000000,1.633413,1.653061
0,-0.000000,0.030303,0.080000,0.158177,0.000000,1020.645640,1974.836777,86.712638,82.653048,43.356319,41.326524,32520,10,0.100000,996.000000,0.000000,40.000000,1.734270,1.653061
0,-0.000002,0.111111,0.111111,0.121265,0.000000,617.828402,1848.801020,82.663523,67.732802,41.331762,33.866401,35580,15010,0.117647,690.000000,0.000000,40.000000,1.653282,1.354656
0,-0.000061,0.400000,0.250000,0.122369,0.000000,578.250000,2519.250000,79.511167,69.692196,39.755583,34.846098,28420,27680,0.400000,1406.000000,0.000000,35.000000,1.590236,1.393844
0,-0.000000,0.400000,0.375000,7.724440,0.000000,982.625000,8055.250000,79.808115,74.285989,39.904057,37.142994,41730,35230,0.400000,75.000000,0.000000,35.000000,1.669551,1.485720
0,-0.000000,0.117647,0.080000,0.133632,0.000000,602.443437,1974.836777,80.240947,82.653048,40.120473,41.326524,29620,8650,0.117647,1286.000000,0.000000,40.000000,1.604834,1.653061
0,0.000000,0.166667,0.166667,15.034537,0.000000,906.224490,1964.250000,67.948456,72.448336,33.974228,36.224168,40870,2090,0.166667,161.000000,0.000000,30.000000,1.813260,1.448967
0,0.000000,0.026316,0.024390,0.141166,0.000000,1065.766798,2043.653200,85.626210,73.496521,42.813105,36.748261,38740,10,0.026316,374.000000,0.000000,40.000000,1.712537,1.469930
0,-0.000000,0.029412,0.080000,0.125210,0.000000,906.251462,1974.836777,90.443905,82.653048,45.221952,41.326524,34220,10,0.090909,826.000000,0.000000,45.000000,1.808891,1.653061
0,0.000000,0.055556,0.071429,0.142439,0.000000,738.618343,1755.821429,82.256110,73.514030,41.128055,36.757015,36240,800,0.071429,624.000000,0.000000,40.000000,1.645136,1.470281
0,-0.000000,0.058824,0.041667,0.157374,0.000000,767.847273,1853.002066,81.180642,73.368838,40.590321,36.684419,33480,32020,0.058824,900.000000,0.000000,40.000000,1.623629,1.467377
0,-0.000000,0.058824,0.055556,0.050539,0.000000,304.797525,436.840278,50.270906,89.705802,25.135453,44.852901,36140,10,0.058824,194.000000,0.000000,25.000000,1.005423,1.794116
0,-0.000000,0.058824,0.055556,44.236112,0.000000,376.031929,436.840278,68.611102,89.705802,34.305551,44.852901,17760,320,0.058824,163.000000,0.000000,30.000000,4.212586,1.794116
0,0.000000,0.055556,0.055556,7.788716,0.000000,308.593750,365.826990,73.936907,79.466068,36.968453,39.733034,47490,870,0.055556,108.000000,0.000000,35.000000,1.585588,1.589321
0,-0.000000,0.866667,0.533333,8.318294,3.825008,346.044444,20516.000000,78.403782,80.372916,39.201891,40.186458,45900,26160,0.866667,659.000000,0.000000,35.000000,1.715240,1.607816
0,-0.000000,0.090909,0.083333,14.013758,0.000000,636.215278,1136.000000,78.380240,82.674705,39.190120,41.337353,17550,11950,0.090909,597.000000,0.000000,35.000000,1.749737,1.653494
0,-0.000010,0.400000,0.300000,0.186283,0.000000,932.973958,1089.000000,50.852434,79.466088,25.426217,39.733044,21320,10,0.437500,220.000000,0.000000,25.000000,1.017068,1.589322
0,0.000000,0.100000,0.100000,14.007113,0.000000,615.555556,1085.777778,78.267511,84.285714,39.133756,42.142857,53880,17550,0.100000,597.000000,0.000000,35.000000,1.747482,1.685714
0,-0.000067,0.083333,0.062500,2.759567,0.000000,277.900000,869.333333,86.634052,79.514578,43.317026,39.757289,36180,12150,0.083333,1065.000000,0.000000,40.000000,1.749502,1.590292
0,-0.000067,0.083333,0.062500,2.759567,0.000000,277.900000,869.333333,86.634052,79.514578,43.317026,39.757289,36250,12150,0.083333,1065.000000,0.000000,40.000000,1.749502,1.590292
0,-0.000067,0.083333,0.062500,2.759567,0.000000,277.900000,869.333333,86.634052,79.514578,43.317026,39.757289,27930,12150,0.083333,1065.000000,0.000000,40.000000,1.749502,1.590292
0,0.000000,0.125000,0.125000,0.030434,0.000000,229.056889,299.928994,60.235624,41.723275,30.117812,20.861637,2690,10,0.125000,198.000000,0.000000,30.000000,1.204715,0.000000
0,0.000000,0.500000,0.500000,0.049085,0.000000,269.475666,255.586777,68.229407,50.000000,34.114704,25.000000,8910,10,0.500000,198.000000,0.000000,30.000000,1.364593,0.000000
0,0.000000,0.500000,0.500000,0.049085,0.000000,269.475666,255.586777,68.229407,50.000000,34.114704,25.000000,20450,10,0.500000,198.000000,0.000000,30.000000,1.364593,0.000000
0,0.000000,0.500000,0.500000,0.049085,0.000000,269.475666,255.586777,68.229407,50.000000,34.114704,25.000000,48930,10,0.500000,198.000000,0.000000,30.000000,1.364593,0.000000
0,0.000000,0.800000,0.800000,0.009285,0.000000,77.888889,64.000000,58.261527,41.990589,29.130764,20.995294,14770,10,0.800000,198.000000,0.000000,25.000000,1.165231,0.000000
0,0.000000,0.500000,0.500000,0.049085,0.000000,269.475666,255.586777,68.229407,50.000000,34.114704,25.000000,7210,10,0.500000,198.000000,0.000000,30.000000,1.364593,0.000000
0,-0.000000,0.181818,0.166667,0.646541,0.227818,3603.250000,1351.000000,80.840041,81.111034,40.420020,40.555517,28350,21840,0.181818,353.000000,0.000000,40.000000,1.616859,1.622240
0,0.000000,0.157895,0.157895,1.076768,0.728428,82.907107,3915.560000,85.497917,89.992989,42.748959,44.996495,50110,39170,0.157895,260.000000,0.000000,40.000000,1.724478,1.799928
0,-0.000000,0.058824,0.045455,1.078481,0.725952,84.909607,3900.069204,76.609205,81.643559,38.304603,40.821779,50110,3880,0.058824,260.000000,0.000000,35.000000,1.546704,1.632939
0,-0.000029,0.285714,0.250000,1.086139,0.739449,143.387107,3983.111111,76.466977,80.491119,38.233489,40.245559,50110,23680,0.285714,260.000000,0.000000,35.000000,1.543860,1.609891
0,0.000000,0.157895,0.157895,1.076768,0.728428,82.907107,3915.560000,85.497917,89.992989,42.748959,44.996495,62030,50110,0.157895,260.000000,0.000000,40.000000,1.724478,1.799928
0,0.000000,0.090909,0.090909,17.492350,0.639812,4941.780718,3910.000000,89.976257,100.000000,44.988128,50.000000,41510,8690,0.090909,301.000000,0.000000,40.000000,1.914402,2.000053
0,0.000000,0.142857,0.250000,1.450855,0.182555,532.694444,1075.358025,79.156194,82.933619,39.578097,41.466809,17440,7560,0.250000,846.000000,0.000000,35.000000,1.602918,1.658688
0,0.000000,0.500000,0.500000,0.023966,0.038652,160.333333,364.000000,40.439696,92.499951,20.219848,46.249975,5870,10,0.500000,526.000000,0.000000,20.000000,0.808796,1.850001
0,0.000000,0.052632,0.478261,0.131649,0.202185,699.000000,1311.358025,78.596098,90.943030,39.298049,45.471515,28510,10,0.478261,1601.000000,0.000000,35.000000,1.571936,1.818877
0,-0.000000,0.500000,0.400000,0.110679,0.089224,444.663265,700.000000,44.663760,90.004346,22.331880,45.002173,24340,50,0.800000,2018.000000,0.000000,20.000000,0.893289,1.800093
0,0.000000,0.285714,0.500000,0.100372,0.040089,510.500000,364.000000,46.403199,91.990589,23.201600,45.995294,14780,10,0.500000,1112.000000,0.000000,20.000000,0.928074,1.839814
0,0.000000,0.400000,0.400000,0.015860,0.235857,488.147444,1439.058172,90.937499,80.184599,45.468749,40.092300,17720,10,0.400000,251.000000,0.000000,45.000000,1.818751,1.603711
0,0.000000,0.250000,0.500000,0.039530,0.038652,259.805556,364.000000,40.489963,92.499951,20.244982,46.249975,39260,10,0.500000,526.000000,0.000000,20.000000,0.809803,1.850001
0,0.000000,0.090909,0.090909,17.492350,0.639812,4941.780718,3910.000000,89.976257,100.000000,44.988128,50.000000,41510,22170,0.090909,301.000000,0.000000,40.000000,1.914402,2.000053
0,-0.000000,0.166667,0.090909,0.074489,0.639812,344.500000,3910.000000,46.402387,100.000000,23.201194,50.000000,14060,10,0.166667,1112.000000,0.000000,20.000000,0.928056,2.000053
0,0.000000,0.125000,0.478261,0.010748,0.202185,76.863636,1311.358025,47.312495,90.943030,23.656248,45.471515,4900,10,0.500000,1112.000000,0.000000,20.000000,0.946251,1.818877
0,0.000000,0.200000,0.200000,1.378377,0.231690,146.694444,1411.358025,74.477351,80.947376,37.238675,40.473688,11770,7560,0.200000,846.000000,0.000000,35.000000,1.509334,1.618967
0,0.000000,0.200000,0.500000,0.133662,0.040089,590.770408,364.000000,79.606243,91.990589,39.803121,45.995294,27010,8390,0.500000,1751.000000,0.000000,35.000000,1.592140,1.839814
0,0.000000,0.772727,0.782609,1.815036,0.206351,496.147444,1339.058172,98.437500,90.180253,49.218750,45.090127,42010,10,0.782609,251.000000,0.000000,45.000000,1.984002,1.803622
0,0.000000,0.250000,0.250000,0.004748,0.185285,415.147444,1103.058172,88.399627,82.680204,44.199814,41.340102,2760,10,0.250000,251.000000,0.000000,40.000000,1.767993,1.653620
0,0.000000,0.772727,0.782609,1.815036,0.206351,496.147444,1339.058172,98.437500,90.180253,49.218750,45.090127,8620,10,0.782609,251.000000,0.000000,45.000000,1.984002,1.803622
0,-0.000000,0.500000,0.400000,0.004592,0.089224,51.500000,700.000000,46.403416,90.004346,23.201708,45.002173,9110,10,0.800000,1112.000000,0.000000,20.000000,0.928069,1.800093
0,0.000000,0.090909,0.090909,167.179817,0.639812,3669.753086,3910.000000,82.983351,100.000000,41.491676,50.000000,5510,4940,0.090909,619.000000,0.000000,40.000000,5.530279,2.000053
0,-0.000000,0.111111,0.100000,7.589639,0.022056,1512.000000,160.000000,87.118378,50.000000,43.559189,25.000000,39560,31450,0.111111,187.000000,0.000000,40.000000,1.912250,0.000000
0,-0.000000,0.666667,0.100000,0.019379,0.022056,137.500000,160.000000,49.688488,50.000000,24.844244,25.000000,28080,10,0.666667,524.000000,0.000000,20.000000,0.993771,0.000000
0,-0.000000,0.111111,0.100000,7.589639,0.022056,1512.000000,160.000000,87.118378,50.000000,43.559189,25.000000,31670,31450,0.111111,187.000000,0.000000,40.000000,1.912250,0.000000
0,0.000000,0.076923,0.076923,13.375973,0.318893,1218.586777,1977.165289,76.880342,79.711204,38.440171,39.855602,37290,33540,0.076923,71.000000,0.000000,35.000000,1.627180,1.594250
0,0.000000,0.133333,0.133333,0.006719,0.000000,70.171875,524.609375,52.560075,66.498100,26.280037,33.249050,35410,10,0.133333,22.000000,0.000000,25.000000,1.051202,1.329962
0,-0.000000,0.142857,0.117647,0.038738,0.000000,212.973333,641.505102,91.110088,90.000000,45.555044,45.000000,39540,25990,0.142857,964.000000,0.000000,45.000000,1.822205,1.800000
0,-0.000000,0.032258,0.023256,5.414070,0.000000,963.595556,4150.267619,81.542461,80.111359,40.771230,40.055679,43760,25910,0.032258,758.000000,0.000000,40.000000,1.647795,1.602227
0,-0.000000,0.125000,0.100000,0.032968,0.000000,131.437500,577.777778,77.327741,82.857143,38.663871,41.428571,39760,13030,0.125000,2260.000000,0.000000,35.000000,1.546559,1.657143
0,-0.000000,0.200000,0.153846,0.030743,0.000000,162.015000,554.880000,82.776754,82.857143,41.388377,41.428571,25990,22920,0.200000,964.000000,0.000000,40.000000,1.655538,1.657143
0,0.000000,0.083333,0.066667,0.030570,0.000000,196.333333,1243.224110,91.863146,89.602615,45.931573,44.801307,41700,31290,0.083333,964.000000,0.000000,45.000000,1.837265,1.792052
0,0.000000,0.083333,0.066667,0.030570,0.000000,196.333333,1243.224110,91.863146,89.602615,45.931573,44.801307,41700,39610,0.083333,964.000000,0.000000,45.000000,1.837265,1.792052
0,-0.000000,0.142857,0.117647,0.038738,0.000000,212.973333,641.505102,91.110088,90.000000,45.555044,45.000000,39610,25990,0.142857,964.000000,0.000000,45.000000,1.822205,1.800000
0,-0.000000,0.071429,0.058824,5.420354,0.000000,976.800000,3548.548611,80.902711,80.508744,40.451355,40.254372,28050,25910,0.071429,758.000000,0.000000,40.000000,1.635001,1.610175
0,0.000000,0.833333,0.705882,0.084775,0.000000,316.000000,1601.719008,50.578438,79.602615,25.289219,39.801307,15720,10,0.833333,3562.000000,0.000000,25.000000,1.011581,1.592052
0,0.000000,0.083333,0.066667,0.030570,0.000000,196.333333,1243.224110,91.863146,89.602615,45.931573,44.801307,41700,39540,0.083333,964.000000,0.000000,45.000000,1.837265,1.792052
0,-0.000000,0.142857,0.117647,0.038738,0.000000,212.973333,641.505102,91.110088,90.000000,45.555044,45.000000,31290,25990,0.142857,964.000000,0.000000,45.000000,1.822205,1.800000
0,-0.000000,0.200000,0.153846,0.022575,0.000000,145.375000,1156.599008,83.529813,82.459758,41.764906,41.229879,41700,22920,0.200000,964.000000,0.000000,40.000000,1.670598,1.649195
0,-0.000000,0.142857,0.125000,0.069428,0.180760,356.625000,1022.375000,90.544387,89.183984,45.272194,44.591992,15040,8110,0.166667,1035.000000,0.000000,45.000000,1.810895,1.783696
0,-0.000000,0.250000,0.125000,0.033117,0.180760,302.125000,1022.375000,82.692664,89.183984,41.346332,44.591992,18810,10,0.250000,658.000000,0.000000,40.000000,1.653856,1.783696
0,-0.000000,0.142857,0.125000,0.069428,0.180760,356.625000,1022.375000,90.544387,89.183984,45.272194,44.591992,22990,15040,0.166667,1035.000000,0.000000,45.000000,1.810895,1.783696
0,-0.000000,0.333333,0.285714,0.049599,0.013432,313.000000,80.000000,82.489434,41.976333,41.244717,20.988166,10430,6370,0.333333,367.000000,0.000000,40.000000,1.649793,0.000000
0,-0.000000,0.142857,0.200000,8.381207,0.560114,1184.909091,3048.548611,72.506794,40.595610,36.253397,20.297805,26570,6780,0.222222,732.000000,0.000000,35.000000,1.569600,0.000000
0,-0.000000,0.125000,0.125000,0.692047,0.000000,67.888889,496.500000,84.000001,89.997398,42.000000,44.998699,13720,11850,0.142857,1977.000000,0.000000,40.000000,1.696723,1.799948
0,-0.000000,0.125000,0.125000,0.692047,0.000000,67.888889,496.500000,84.000001,89.997398,42.000000,44.998699,22420,13720,0.142857,1977.000000,0.000000,40.000000,1.696723,1.799948
0,-0.000000,0.142857,0.125000,0.002928,0.000000,419.397444,1681.923875,88.437500,80.307134,44.218750,40.153567,30030,10,0.142857,346.000000,0.000000,40.000000,1.768750,1.606143
0,-0.000000,0.062500,0.055556,0.039119,0.043795,236.944444,378.222222,82.999614,81.819134,41.499807,40.909567,47780,25580,0.062500,271.000000,0.000000,40.000000,1.659996,1.636385
0,0.000000,0.055556,0.055556,0.022196,0.047241,162.656250,421.000000,82.333169,80.165828,41.166585,40.082914,49550,28730,0.055556,94.000000,0.000000,40.000000,1.646665,1.603319
0,-0.000024,0.111111,0.100000,4.895400,0.033009,165.166667,324.000000,83.981365,80.005825,41.990683,40.002912,42640,29900,0.111111,785.000000,0.000000,40.000000,1.777174,1.600118
0,0.000000,0.166667,0.166667,4.898536,0.037886,177.380000,354.880000,80.762996,82.857143,40.381498,41.428571,42640,25470,0.166667,785.000000,0.000000,40.000000,1.712807,1.657145
0,-0.000000,0.500000,0.444444,4.899454,0.050474,193.275510,441.505102,90.648032,90.000000,45.324016,45.000000,42640,42160,0.500000,785.000000,0.000000,45.000000,1.910508,1.800003
0,-0.000000,0.058824,0.055556,1.740545,0.054771,187.656250,444.546875,82.999999,81.634861,41.500000,40.817430,47780,13500,0.058824,271.000000,0.000000,40.000000,1.675290,1.632701
0,-0.000000,0.500000,0.444444,4.899454,0.050474,193.275510,441.505102,90.648032,90.000000,45.324016,45.000000,42640,33840,0.500000,785.000000,0.000000,45.000000,1.910508,1.800003
0,-0.000000,0.500000,0.444444,4.899454,0.050474,193.275510,441.505102,90.648032,90.000000,45.324016,45.000000,42640,42090,0.500000,785.000000,0.000000,45.000000,1.910508,1.800003
0,-0.000000,0.117647,0.222222,0.132894,0.087615,825.875000,643.000000,80.844428,81.428571,40.422214,40.714286,47750,31240,0.285714,274.000000,0.000000,40.000000,1.616899,1.628578
0,0.000000,0.076923,0.076923,0.655913,0.000000,3252.297808,1718.952903,51.995876,83.507156,25.997938,41.753578,14090,10,0.076923,560.000000,0.000000,25.000000,1.039984,1.670143
0,-0.000019,0.060606,0.043478,0.421402,0.000000,2344.972371,3755.654321,100.000000,82.298291,50.000000,41.149146,35840,31570,0.060606,868.000000,0.000000,50.000000,2.000038,1.645966
0,-0.000019,0.060606,0.043478,0.421402,0.000000,2344.972371,3755.654321,100.000000,82.298291,50.000000,41.149146,37220,31570,0.060606,868.000000,0.000000,50.000000,2.000038,1.645966
0,-0.000019,0.060606,0.043478,0.421402,0.000000,2344.972371,3755.654321,100.000000,82.298291,50.000000,41.149146,37220,19340,0.060606,868.000000,0.000000,50.000000,2.000038,1.645966
0,0.000000,0.333333,0.333333,0.073384,0.000000,435.125000,612.000000,89.999224,74.294885,44.999612,37.147443,39870,11570,0.333333,465.000000,0.000000,40.000000,1.799991,1.485898
0,-0.000019,0.060606,0.043478,0.421402,0.000000,2344.972371,3755.654321,100.000000,82.298291,50.000000,41.149146,35840,19340,0.060606,868.000000,0.000000,50.000000,2.000038,1.645966
0,0.000095,0.916667,0.933333,0.041813,0.000000,223.229167,912.000000,58.333352,70.401548,29.166676,35.200774,36670,10,0.933333,923.000000,0.000000,25.000000,1.166671,1.408031
0,-0.000019,0.060606,0.043478,0.421402,0.000000,2344.972371,3755.654321,100.000000,82.298291,50.000000,41.149146,35840,34380,0.060606,868.000000,0.000000,50.000000,2.000038,1.645966
0,0.000000,0.750000,0.750000,0.000000,0.000000,204.013889,512.000000,68.000014,74.559957,34.000007,37.279979,40110,10,0.750000,441.000000,0.000000,30.000000,1.360000,1.491199
0,0.000095,0.916667,0.933333,0.041813,0.000000,223.229167,912.000000,58.333352,70.401548,29.166676,35.200774,35290,10,0.933333,923.000000,0.000000,25.000000,1.166671,1.408031
0,-0.000000,0.076923,0.071429,2.468936,0.000000,253.725833,49.555556,86.488095,74.217826,43.244048,37.108913,46490,44600,0.076923,130.000000,0.000000,40.000000,1.744924,1.484357
0,-0.000000,0.076923,0.071429,2.468936,0.000000,253.725833,49.555556,86.488095,74.217826,43.244048,37.108913,46490,43220,0.076923,130.000000,0.000000,40.000000,1.744924,1.484357
0,-0.000019,0.060606,0.043478,0.421402,0.000000,2344.972371,3755.654321,100.000000,82.298291,50.000000,41.149146,35840,6740,0.060606,868.000000,0.000000,50.000000,2.000038,1.645966
0,-0.000019,0.060606,0.043478,0.421402,0.000000,2344.972371,3755.654321,100.000000,82.298291,50.000000,41.149146,37220,34380,0.060606,868.000000,0.000000,50.000000,2.000038,1.645966
0,0.000000,0.750000,0.750000,0.000000,0.000000,204.013889,512.000000,68.000014,74.559957,34.000007,37.279979,41490,10,0.750000,441.000000,0.000000,30.000000,1.360000,1.491199
0,0.000000,0.375000,0.375000,0.000000,0.000000,46.750000,1400.000000,59.428023,79.025853,29.714011,39.512927,4830,10,0.375000,441.000000,0.000000,25.000000,1.188560,1.580517
0,0.000095,0.916667,0.933333,0.041813,0.000000,223.229167,912.000000,58.333352,70.401548,29.166676,35.200774,25830,10,0.933333,923.000000,0.000000,25.000000,1.166671,1.408031
0,-0.000000,0.076923,0.071429,2.468936,0.000000,253.725833,49.555556,86.488095,74.217826,43.244048,37.108913,46490,33760,0.076923,130.000000,0.000000,40.000000,1.744924,1.484357
0,-0.000019,0.060606,0.043478,0.421402,0.000000,2344.972371,3755.654321,100.000000,82.298291,50.000000,41.149146,31570,26380,0.060606,868.000000,0.000000,50.000000,2.000038,1.645966
0,-0.000019,0.060606,0.043478,0.421402,0.000000,2344.972371,3755.654321,100.000000,82.298291,50.000000,41.149146,34380,26380,0.060606,868.000000,0.000000,50.000000,2.000038,1.645966
0,0.000000,0.333333,0.333333,0.073384,0.000000,435.125000,612.000000,89.999224,74.294885,44.999612,37.147443,41250,11570,0.333333,465.000000,0.000000,40.000000,1.799991,1.485898
0,0.000000,0.750000,0.750000,0.000000,0.000000,204.013889,512.000000,68.000014,74.559957,34.000007,37.279979,30650,10,0.750000,441.000000,0.000000,30.000000,1.360000,1.491199
0,0.000000,0.333333,0.333333,0.073384,0.000000,435.125000,612.000000,89.999224,74.294885,44.999612,37.147443,30410,11570,0.333333,465.000000,0.000000,40.000000,1.799991,1.485898
0,-0.000019,0.060606,0.043478,0.421402,0.000000,2344.972371,3755.654321,100.000000,82.298291,50.000000,41.149146,37220,6740,0.060606,868.000000,0.000000,50.000000,2.000038,1.645966
0,-0.000019,0.060606,0.043478,0.421402,0.000000,2344.972371,3755.654321,100.000000,82.298291,50.000000,41.149146,26380,19340,0.060606,868.000000,0.000000,50.000000,2.000038,1.645966
0,-0.000019,0.060606,0.043478,0.421402,0.000000,2344.972371,3755.654321,100.000000,82.298291,50.000000,41.149146,26380,6740,0.060606,868.000000,0.000000,50.000000,2.000038,1.645966
0,-0.000000,0.125000,0.111111,4.458166,0.000000,2932.857422,6400.000000,80.052881,81.690592,40.026440,40.845296,24810,17700,0.125000,258.000000,0.000000,40.000000,1.605876,1.633812
0,0.000000,0.100000,0.100000,0.008653,0.000000,102.387153,105.625000,54.306106,40.703150,27.153053,20.351575,62140,10,0.100000,172.000000,0.000000,25.000000,1.086123,0.000000
0,0.000000,0.272727,0.400000,4.034676,0.000000,243.723214,587.250000,76.391915,40.588663,38.195958,20.294332,39760,28740,0.444444,2410.000000,0.000000,35.000000,1.566770,0.000000
0,-0.000000,0.500000,0.600000,0.519578,0.000000,54.222222,128.000000,80.225523,41.216743,40.112762,20.608371,41940,10,0.750000,2192.000000,0.000000,40.000000,1.609469,0.000000
0,0.000000,0.600000,0.600000,0.009785,0.000000,109.418403,81.000000,51.457287,41.110991,25.728643,20.555496,57650,10,0.600000,621.000000,0.000000,25.000000,1.029146,0.000000
0,0.000000,1.000000,1.000000,69.690734,0.000000,864.000000,0.000000,78.915736,0.000000,39.457868,0.000000,39750,9450,1.000000,1940.000000,0.000000,35.000000,6.390938,0.000000
0,-0.000000,0.083333,0.050000,5.424050,0.069584,363.540000,426.368421,89.458548,90.000000,44.729274,45.000000,17200,15430,0.083333,1215.000000,0.000000,40.000000,1.889405,1.800006
0,-0.000000,0.500000,0.400000,2.261054,0.076998,245.440538,481.408889,91.999615,90.000000,45.999807,45.000000,47230,25580,0.500000,377.000000,0.000000,45.000000,1.865340,1.800006
0,-0.000000,0.500000,0.400000,2.261054,0.076998,245.440538,481.408889,91.999615,90.000000,45.999807,45.000000,47300,25580,0.500000,377.000000,0.000000,45.000000,1.865340,1.800006
0,0.000000,0.555556,0.555556,2.397932,0.106517,421.222222,643.000000,80.068420,81.137479,40.034210,40.568740,33500,27810,0.555556,154.000000,0.000000,40.000000,1.636361,1.622758
0,-0.000000,0.083333,0.050000,5.424050,0.069584,363.540000,426.368421,89.458548,90.000000,44.729274,45.000000,17200,7300,0.083333,1215.000000,0.000000,40.000000,1.889405,1.800006
0,-0.000000,0.500000,0.400000,2.261054,0.076998,245.440538,481.408889,91.999615,90.000000,45.999807,45.000000,38980,25580,0.500000,377.000000,0.000000,45.000000,1.865340,1.800006
0,-0.000000,0.500000,0.421053,5.449867,0.063253,447.000000,376.454545,80.025650,81.805659,40.012825,40.902830,17200,5120,0.923077,1215.000000,0.000000,40.000000,1.700751,1.636118
0,0.000000,0.076923,0.083333,0.032492,0.058201,185.055556,354.880000,84.856752,82.857143,42.428376,41.428571,30610,25580,0.083333,377.000000,0.000000,40.000000,1.697138,1.657148
0,-0.000008,0.066667,0.052632,2.709444,0.000000,96.313079,516.691875,76.086020,87.343589,38.043010,43.671794,34130,360,0.066667,176.000000,0.000000,35.000000,1.572761,1.746872
0,0.000069,0.500000,0.588235,0.004374,0.000000,61.180804,165.171875,51.450096,38.945940,25.725048,19.472970,9660,10,0.588235,211.000000,0.000000,25.000000,1.029002,0.000000
0,-0.000079,0.600000,0.470588,0.084369,0.000000,193.632653,351.520000,91.062304,48.397649,45.531152,24.198824,32020,10,0.600000,1176.000000,0.000000,45.000000,1.821278,0.000000
0,-0.000008,0.066667,0.052632,2.709444,0.000000,96.313079,516.691875,76.086020,87.343589,38.043010,43.671794,5840,360,0.066667,176.000000,0.000000,35.000000,1.572761,1.746872
0,-0.000010,0.312500,0.058824,0.005343,0.000000,335.027893,215.197232,87.738397,41.736024,43.869198,20.868012,3300,10,0.312500,847.000000,0.000000,40.000000,1.754768,0.000000
0,-0.000079,0.142857,0.470588,14.709139,0.000000,196.571429,351.520000,87.360953,48.397649,43.680477,24.198824,7550,3380,0.571429,422.000000,0.000000,40.000000,2.422917,0.000000
0,-0.000008,0.066667,0.052632,2.709444,0.000000,96.313079,516.691875,76.086020,87.343589,38.043010,43.671794,42020,360,0.066667,176.000000,0.000000,35.000000,1.572761,1.746872
0,-0.000020,0.142857,0.117647,1.232039,0.000000,2942.233478,4600.000000,81.720335,41.122531,40.860167,20.561265,14680,5640,0.142857,613.000000,0.000000,40.000000,1.640279,0.000000
0,0.000089,0.235294,0.470588,0.017040,0.000000,197.608984,520.193772,86.853779,40.652031,43.426890,20.326015,41470,10,0.470588,1176.000000,0.000000,40.000000,1.737077,0.000000
0,-0.000079,0.600000,0.470588,0.084369,0.000000,193.632653,351.520000,91.062304,48.397649,45.531152,24.198824,24130,10,0.600000,1176.000000,0.000000,45.000000,1.821278,0.000000
0,0.000000,0.500000,0.500000,0.125500,0.000000,827.000000,700.000000,79.999854,69.383522,39.999927,34.691761,34590,24680,0.500000,127.000000,0.000000,35.000000,1.600007,1.387670
0,-0.000000,0.230769,0.250000,1.502293,0.633112,1892.416667,3506.106509,80.952427,73.469756,40.476213,36.734878,24420,11810,0.300000,1130.000000,0.000000,40.000000,1.645605,1.469452
0,-0.000000,0.384615,0.416667,1.290186,0.137171,995.527778,775.000000,82.305539,74.023109,41.152769,37.011555,11810,6700,0.500000,1130.000000,0.000000,40.000000,1.672643,1.480475
0,0.000000,0.285714,1.000000,0.343722,0.000000,1088.000000,0.000000,81.990441,0.000000,40.995221,0.000000,8570,7190,1.000000,3885.000000,0.000000,40.000000,1.639863,0.000000
0,0.000000,0.090909,0.250000,0.206491,0.000000,932.382222,566.280000,86.088761,39.961007,43.044380,19.980503,32130,8390,0.250000,1529.000000,0.000000,40.000000,1.721798,0.000000
0,-0.000000,0.125000,0.250000,0.282620,0.000000,1228.100592,926.020408,90.897843,40.621070,45.448922,20.310535,30130,28070,0.388889,1729.000000,0.000000,45.000000,1.817990,0.000000
0,0.000000,0.105263,0.500000,0.213786,0.000000,907.897467,158.437500,91.686271,40.666607,45.843136,20.333304,30130,28950,0.500000,1729.000000,0.000000,45.000000,1.833751,0.000000
0,-0.000000,0.125000,0.250000,0.282620,0.000000,1228.100592,926.020408,90.897843,40.621070,45.448922,20.310535,28070,19290,0.388889,1729.000000,0.000000,45.000000,1.817990,0.000000
0,0.000000,0.090909,0.250000,0.206491,0.000000,932.382222,566.280000,86.088761,39.961007,43.044380,19.980503,30750,8390,0.250000,1529.000000,0.000000,40.000000,1.721798,0.000000
0,0.000000,0.105263,0.500000,0.213786,0.000000,907.897467,158.437500,91.686271,40.666607,45.843136,20.333304,28950,19290,0.500000,1729.000000,0.000000,45.000000,1.833751,0.000000
0,0.000000,0.105263,0.500000,0.213786,0.000000,907.897467,158.437500,91.686271,40.666607,45.843136,20.333304,28950,28750,0.500000,1729.000000,0.000000,45.000000,1.833751,0.000000
0,0.000000,1.000000,1.000000,19.733115,0.000000,125.000000,0.000000,98.000000,0.000000,49.000000,0.000000,20810,11350,1.000000,2523.000000,0.000000,45.000000,4.699808,0.000000
0,0.000000,1.000000,1.000000,19.733115,0.000000,125.000000,0.000000,98.000000,0.000000,49.000000,0.000000,22190,11350,1.000000,2523.000000,0.000000,45.000000,4.699808,0.000000
0,0.000000,0.090909,0.250000,0.206491,0.000000,932.382222,566.280000,86.088761,39.961007,43.044380,19.980503,21290,8390,0.250000,1529.000000,0.000000,40.000000,1.721798,0.000000
0,-0.000000,0.125000,0.250000,0.282620,0.000000,1228.100592,926.020408,90.897843,40.621070,45.448922,20.310535,28750,28070,0.388889,1729.000000,0.000000,45.000000,1.817990,0.000000
0,0.000000,0.700000,0.692308,0.224530,0.000000,1157.375000,1098.000000,46.959353,75.676295,23.479676,37.838147,28010,10,0.700000,799.000000,0.000000,20.000000,0.939209,1.513526
0,-0.000000,0.333333,0.187500,42.292471,0.000000,2900.000000,373.000000,79.986230,81.606251,39.993115,40.803125,22180,4460,0.333333,1382.000000,0.000000,35.000000,2.477709,1.632125
0,-0.000000,0.095238,0.120000,1.292737,0.000000,6570.902893,20355.163223,85.879836,80.495576,42.939918,40.247788,47780,10,0.136364,952.000000,0.000000,40.000000,1.717730,1.609912
0,-0.000000,0.181818,0.200000,0.231936,0.000000,1387.902893,1386.413223,86.100456,79.813881,43.050228,39.906941,24360,10,0.250000,952.000000,0.000000,40.000000,1.722034,1.596278
0,-0.000000,0.625000,0.333333,0.141464,0.000000,72.597222,21168.750000,83.463814,79.315074,41.731907,39.657537,34480,11060,0.666667,2282.000000,0.000000,40.000000,1.669595,1.586301
0,0.000000,0.250000,0.250000,0.262146,0.163496,1478.734694,994.877551,80.471227,40.912442,40.235613,20.456221,35260,11500,0.250000,602.000000,0.000000,40.000000,1.609448,0.000000
0,-0.000000,0.833333,0.250000,0.017010,0.028621,96.666667,165.816327,58.244498,40.331232,29.122249,20.165616,10400,10,0.833333,1751.000000,0.000000,25.000000,1.164892,0.000000
0,-0.002540,0.714286,0.555556,0.003228,0.003523,35.358025,29.040000,72.500000,50.000000,36.250000,25.000000,11840,10,0.714286,1180.000000,0.000000,35.000000,1.450000,0.000000
0,-0.002540,0.714286,0.555556,0.003228,0.003523,35.358025,29.040000,72.500000,50.000000,36.250000,25.000000,28070,10,0.714286,1180.000000,0.000000,35.000000,1.450000,0.000000
0,-0.003048,0.857143,0.666667,0.029025,0.037866,178.000000,250.000000,62.499039,37.610925,31.249520,18.805462,19030,10,0.857143,1180.000000,0.000000,30.000000,1.249983,0.000000
0,-0.002540,0.714286,0.555556,0.003228,0.003523,35.358025,29.040000,72.500000,50.000000,36.250000,25.000000,5290,10,0.714286,1180.000000,0.000000,35.000000,1.450000,0.000000
0,-0.002540,0.714286,0.555556,0.003228,0.003523,35.358025,29.040000,72.500000,50.000000,36.250000,25.000000,22960,10,0.714286,1180.000000,0.000000,35.000000,1.450000,0.000000
0,-0.000508,0.142857,0.111111,1.961882,0.003280,48.000000,18.590000,81.249964,42.241313,40.624982,21.120656,8710,7030,0.142857,310.000000,0.000000,40.000000,1.684976,0.000000
0,0.000000,0.150000,0.150000,0.717362,0.000000,61.755054,110.322314,87.993855,90.478416,43.996928,45.239208,42730,7440,0.150000,364.000000,0.000000,40.000000,1.769704,1.809568
0,-0.000000,0.100000,0.071429,1.700374,0.000000,5209.755054,464.947314,77.571371,81.478379,38.785685,40.739189,53670,7440,0.100000,364.000000,0.000000,35.000000,1.561348,1.629568
0,0.000000,0.021739,0.021739,0.294119,0.000000,1964.039931,2008.140022,92.938413,90.478416,46.469207,45.239208,42470,10690,0.021739,39.000000,0.000000,45.000000,1.858790,1.809568
0,0.000000,0.200000,0.200000,2.552306,0.000000,57.755054,106.322314,63.787288,81.726723,31.893644,40.863362,9780,7490,0.200000,359.000000,0.000000,30.000000,1.377157,1.634534
0,0.000000,0.250000,0.250000,0.729383,0.000000,136.866165,185.433425,78.949695,81.478412,39.474847,40.739206,27240,7440,0.250000,364.000000,0.000000,35.000000,1.588822,1.629568
0,0.000000,0.021739,0.021739,0.294119,0.000000,1964.039931,2008.140022,92.938413,90.478416,46.469207,45.239208,17640,10690,0.021739,39.000000,0.000000,45.000000,1.858790,1.809568
0,0.000000,0.150000,0.150000,0.717362,0.000000,61.755054,110.322314,87.993855,90.478416,43.996928,45.239208,65590,7440,0.150000,364.000000,0.000000,40.000000,1.769704,1.809568
0,-0.000000,0.078947,0.069767,0.928479,0.000000,1280.920343,1069.199865,77.566123,81.457226,38.783061,40.728613,37950,7440,0.078947,364.000000,0.000000,35.000000,1.561168,1.629145
0,0.000000,0.021739,0.021739,0.294119,0.000000,1964.039931,2008.140022,92.938413,90.478416,46.469207,45.239208,45280,10690,0.021739,39.000000,0.000000,45.000000,1.858790,1.809568
0,0.000000,0.021739,0.021739,0.294119,0.000000,1964.039931,2008.140022,92.938413,90.478416,46.469207,45.239208,30240,10690,0.021739,39.000000,0.000000,45.000000,1.858790,1.809568
0,-0.000016,0.142857,0.090909,2.884771,0.000000,60.290000,2672.666667,76.678093,71.323667,38.339047,35.661834,24420,6380,0.142857,1212.000000,0.000000,35.000000,1.676501,1.426473
0,0.000000,0.500000,0.500000,0.155060,0.103221,983.900826,682.906250,50.000000,50.000000,25.000000,25.000000,25400,10,0.500000,391.000000,0.000000,25.000000,1.000012,0.000000
0,0.000000,0.500000,0.500000,0.155060,0.103221,983.900826,682.906250,50.000000,50.000000,25.000000,25.000000,19550,10,0.500000,391.000000,0.000000,25.000000,1.000012,0.000000
0,0.000000,0.500000,0.777778,0.005416,0.003243,78.666667,18.590000,54.167064,42.360990,27.083532,21.180495,3940,10,0.777778,1051.000000,0.000000,25.000000,1.083342,0.000000
0,-0.000000,0.777778,0.333333,1.052476,0.003483,74.666667,29.040000,98.223408,50.000000,49.111704,25.000000,3040,10,0.777778,1444.000000,0.000000,45.000000,1.981776,0.000000
0,-0.000000,0.777778,0.333333,1.052476,0.003483,74.666667,29.040000,98.223408,50.000000,49.111704,25.000000,25820,10,0.777778,1444.000000,0.000000,45.000000,1.981776,0.000000
0,-0.000000,0.777778,0.333333,1.052476,0.003483,74.666667,29.040000,98.223408,50.000000,49.111704,25.000000,9590,10,0.777778,1444.000000,0.000000,45.000000,1.981776,0.000000
0,-0.000000,0.777778,0.333333,1.052476,0.003483,74.666667,29.040000,98.223408,50.000000,49.111704,25.000000,20710,10,0.777778,1444.000000,0.000000,45.000000,1.981776,0.000000
0,0.000000,0.545455,0.466667,0.016748,0.004540,95.582222,32.000000,53.258930,41.249765,26.629465,20.624882,33010,10,0.545455,1414.000000,0.000000,25.000000,1.065180,0.000000
0,-0.000000,1.000000,0.850000,1.758180,2.060322,1112.000000,11961.061224,97.058824,41.171007,48.529412,20.585504,46850,10,1.000000,2316.000000,0.000000,45.000000,2.005576,0.000000
0,-0.000000,1.000000,0.850000,1.758180,2.060322,1112.000000,11961.061224,97.058824,41.171007,48.529412,20.585504,23990,10,1.000000,2316.000000,0.000000,45.000000,2.005576,0.000000
0,0.000000,0.150000,0.150000,1.012168,0.008232,85.009183,49.009183,89.494299,41.671856,44.747150,20.835928,46730,11440,0.150000,42.000000,0.000000,40.000000,1.800229,0.000000
0,-0.000000,0.076923,0.050000,0.026761,0.013007,142.977959,91.802469,89.998485,39.519637,44.999242,19.759818,34590,17340,0.076923,1256.000000,0.000000,40.000000,1.799972,0.000000
0,-0.000000,0.384615,0.166667,8.842652,0.073335,278.777778,529.000000,91.111108,39.997264,45.555554,19.998632,35850,27320,0.384615,1130.000000,0.000000,45.000000,1.995563,0.000000
0,-0.000000,0.157895,0.150000,44.239179,0.066719,387.951304,432.000000,90.568949,50.000000,45.284475,25.000000,61360,17760,0.157895,865.000000,0.000000,45.000000,4.651743,0.000000
0,0.000000,0.545455,0.466667,0.016748,0.004540,95.582222,32.000000,53.258930,41.249765,26.629465,20.624882,55870,10,0.545455,1414.000000,0.000000,25.000000,1.065180,0.000000
0,0.000000,1.000000,1.000000,758.822913,0.000000,15518.040816,0.000000,79.956534,0.000000,39.978267,0.000000,24680,1820,1.000000,4533.000000,0.000000,35.000000,32.154889,0.000000
0,-0.000000,0.083333,0.350000,9.561565,0.138296,40524.000000,866.648889,88.755593,41.026756,44.377796,20.513378,50120,22480,0.368421,1989.000000,0.000000,40.000000,1.776240,0.000000
0,-0.000000,0.083333,0.350000,9.561565,0.138296,40524.000000,866.648889,88.755593,41.026756,44.377796,20.513378,27260,22480,0.368421,1989.000000,0.000000,40.000000,1.776240,0.000000
0,-0.000000,0.230769,0.187500,2.415971,0.015935,128.194444,111.111111,89.999999,40.999999,44.999999,20.500000,31890,16400,0.230769,1526.000000,0.000000,40.000000,1.840154,0.000000
0,-0.000000,0.076923,0.050000,0.026761,0.013007,142.977959,91.802469,89.998485,39.519637,44.999242,19.759818,57450,17340,0.076923,1256.000000,0.000000,40.000000,1.799972,0.000000
0,-0.000000,0.384615,0.166667,8.842652,0.073335,278.777778,529.000000,91.111108,39.997264,45.555554,19.998632,58710,27320,0.384615,1130.000000,0.000000,45.000000,1.995563,0.000000
0,0.000000,0.150000,0.150000,1.012168,0.008232,85.009183,49.009183,89.494299,41.671856,44.747150,20.835928,69590,11440,0.150000,42.000000,0.000000,40.000000,1.800229,0.000000
0,-0.000000,0.333333,0.150000,3.714855,0.066719,891.302721,432.000000,90.444977,50.000000,45.222489,25.000000,42200,17290,0.333333,2781.000000,0.000000,45.000000,1.818441,0.000000
0,-0.000000,0.307692,0.083333,9.125140,2.133657,1718.577855,12490.061224,81.940824,81.168271,40.970412,40.584135,27320,11870,0.307692,1130.000000,0.000000,40.000000,1.812185,1.623548
0,-0.000000,0.157895,0.150000,44.239179,0.066719,387.951304,432.000000,90.568949,50.000000,45.284475,25.000000,38500,17760,0.157895,865.000000,0.000000,45.000000,4.651743,0.000000
0,-0.000000,0.230769,0.187500,2.415971,0.015935,128.194444,111.111111,89.999999,40.999999,44.999999,20.500000,54750,16400,0.230769,1526.000000,0.000000,40.000000,1.840154,0.000000
0,-0.000000,0.333333,0.150000,3.714855,0.066719,891.302721,432.000000,90.444977,50.000000,45.222489,25.000000,19340,17290,0.333333,2781.000000,0.000000,45.000000,1.818441,0.000000
0,-0.000000,0.050000,0.047619,0.548384,0.424046,3021.297500,2782.861111,92.691901,91.428535,46.345950,45.714267,7080,6190,0.058824,1267.000000,0.000000,45.000000,1.853888,1.828603
0,-0.000016,0.032258,0.027027,2.256930,0.055744,244.297114,376.389067,100.000000,98.394682,50.000000,49.197341,47300,23810,0.034483,625.000000,0.000000,50.000000,2.025347,1.967898
0,-0.000016,0.032258,0.027027,2.256930,0.055744,244.297114,376.389067,100.000000,98.394682,50.000000,49.197341,47230,15680,0.034483,625.000000,0.000000,50.000000,2.025347,1.967898
0,-0.000003,0.090909,0.052632,6.373646,0.159102,263.000000,956.750000,85.616629,90.298647,42.808315,45.149323,22740,80,0.090909,1967.000000,0.000000,40.000000,2.029773,1.805986
0,-0.000000,0.818182,0.571429,3.601980,0.141751,300.308642,868.078125,93.052175,89.823216,46.526087,44.911608,10320,10,0.818182,1974.000000,0.000000,45.000000,1.925715,1.796476
0,-0.000003,0.090909,0.052632,6.373646,0.159102,263.000000,956.750000,85.616629,90.298647,42.808315,45.149323,20430,80,0.090909,1967.000000,0.000000,40.000000,2.029773,1.805986
0,-0.000000,0.050000,0.047619,0.548384,0.424046,3021.297500,2782.861111,92.691901,91.428535,46.345950,45.714267,33830,7080,0.058824,1267.000000,0.000000,45.000000,1.853888,1.828603
0,-0.000000,0.050000,0.047619,0.548384,0.424046,3021.297500,2782.861111,92.691901,91.428535,46.345950,45.714267,31020,7080,0.058824,1267.000000,0.000000,45.000000,1.853888,1.828603
0,0.000000,0.200000,0.200000,0.776495,0.800471,4381.571429,4600.750000,81.287471,81.428111,40.643735,40.714055,19020,11950,0.200000,73.000000,0.000000,40.000000,1.625818,1.628632
0,-0.000016,0.032258,0.027027,2.256930,0.055744,244.297114,376.389067,100.000000,98.394682,50.000000,49.197341,47230,23810,0.034483,625.000000,0.000000,50.000000,2.025347,1.967898
0,-0.000000,0.818182,0.571429,3.601980,0.141751,300.308642,868.078125,93.052175,89.823216,46.526087,44.911608,2190,10,0.818182,1974.000000,0.000000,45.000000,1.925715,1.796476
0,-0.000016,0.032258,0.027027,2.256930,0.055744,244.297114,376.389067,100.000000,98.394682,50.000000,49.197341,38980,23810,0.034483,625.000000,0.000000,50.000000,2.025347,1.967898
0,-0.000016,0.032258,0.027027,2.256930,0.055744,244.297114,376.389067,100.000000,98.394682,50.000000,49.197341,47300,15680,0.034483,625.000000,0.000000,50.000000,2.025347,1.967898
0,-0.000000,0.235294,0.238095,0.255624,0.143075,106.000625,840.035714,84.247109,81.743166,42.123554,40.871583,14970,5670,0.294118,1408.000000,0.000000,40.000000,1.685850,1.634876
0,-0.000016,0.032258,0.027027,2.256930,0.055744,244.297114,376.389067,100.000000,98.394682,50.000000,49.197341,38980,15680,0.034483,625.000000,0.000000,50.000000,2.025347,1.967898
0,0.000000,0.100000,0.100000,0.718828,0.728160,4063.254132,4205.328125,89.997311,88.394258,44.998656,44.197129,21200,11950,0.100000,73.000000,0.000000,40.000000,1.800010,1.767948
0,0.000000,0.100000,0.100000,0.718828,0.728160,4063.254132,4205.328125,89.997311,88.394258,44.998656,44.197129,29330,11950,0.100000,73.000000,0.000000,40.000000,1.800010,1.767948
0,-0.000000,0.050000,0.047619,0.548384,0.424046,3021.297500,2782.861111,92.691901,91.428535,46.345950,45.714267,18790,7080,0.058824,1267.000000,0.000000,45.000000,1.853888,1.828603
0,-0.000000,0.250000,0.142857,0.108826,0.019735,724.000000,147.888889,46.674028,50.000000,23.337014,25.000000,9870,10,0.727273,1680.000000,0.000000,20.000000,0.933489,0.000000
0,-0.000000,0.200000,0.142857,21.134058,0.019735,131.555556,147.888889,62.316242,50.000000,31.158121,25.000000,47440,200,0.727273,1661.000000,0.000000,30.000000,3.321876,0.000000
0,-0.000000,0.200000,0.142857,21.134058,0.019735,131.555556,147.888889,62.316242,50.000000,31.158121,25.000000,33960,200,0.727273,1661.000000,0.000000,30.000000,3.321876,0.000000
0,0.000000,0.285714,0.285714,0.127398,0.117136,761.000000,700.000000,79.021927,39.999057,39.510964,19.999528,19110,15410,0.285714,140.000000,0.000000,35.000000,1.580449,0.000000
0,-0.000000,0.200000,0.142857,21.134058,0.019735,131.555556,147.888889,62.316242,50.000000,31.158121,25.000000,33410,200,0.727273,1661.000000,0.000000,30.000000,3.321876,0.000000
0,-0.000000,0.200000,0.142857,21.134058,0.019735,131.555556,147.888889,62.316242,50.000000,31.158121,25.000000,30880,200,0.727273,1661.000000,0.000000,30.000000,3.321876,0.000000
0,0.000000,0.066667,0.066667,2.558059,0.233615,103.839506,1659.802469,64.568118,81.270427,32.284059,40.635213,25530,9780,0.066667,468.000000,0.000000,30.000000,1.392774,1.625425
0,-0.000000,0.018182,0.017857,0.344294,0.977275,2287.770146,6467.797333,100.000000,100.000000,50.000000,50.000000,43930,42470,0.018182,148.000000,0.000000,50.000000,2.000026,2.000074
0,-0.000000,0.018182,0.017857,0.344294,0.977275,2287.770146,6467.797333,100.000000,100.000000,50.000000,50.000000,25240,17640,0.018182,148.000000,0.000000,50.000000,2.000026,2.000074
0,0.000000,0.052632,0.058824,2.897855,0.109441,4619.107438,717.920000,77.138313,82.855178,38.569157,41.427589,20330,6250,0.058824,315.000000,0.000000,35.000000,1.653945,1.657112
0,0.000000,0.187500,0.187500,13.359602,0.523416,1104.697888,3407.358025,76.534413,81.756929,38.267207,40.878465,37290,26580,0.187500,539.000000,0.000000,35.000000,1.620261,1.635179
0,-0.000000,0.166667,0.100000,0.257963,0.126047,1312.957031,852.444444,80.304817,81.428337,40.152408,40.714169,24700,10610,0.166667,1287.000000,0.000000,40.000000,1.606122,1.628576
0,-0.000000,0.391304,0.392857,44.880850,0.793928,3581.872786,5185.333333,80.622250,90.000000,40.311125,45.000000,17760,14520,0.705882,896.000000,0.000000,40.000000,4.452874,1.800061
0,-0.000014,0.071429,0.062500,1.074631,0.224220,439.634183,1335.800454,80.494284,78.812718,40.247142,39.406359,57670,11440,0.071429,73.000000,0.000000,40.000000,1.620234,1.576273
0,0.000000,0.200000,0.200000,2.606397,0.907980,387.177515,6053.333333,75.000007,90.995187,37.500004,45.497594,40730,9780,0.200000,468.000000,0.000000,35.000000,1.601416,1.819972
0,0.000000,0.020833,0.020833,1.289602,0.310174,1982.826891,2103.486676,89.494299,92.086521,44.747150,46.043261,43220,11440,0.020833,73.000000,0.000000,40.000000,1.800249,1.841753
0,-0.000001,0.031746,0.031746,1.150136,0.396663,6777.553246,2682.464000,90.543275,90.000000,45.271638,45.000000,42470,22000,0.032258,148.000000,0.000000,45.000000,1.810964,1.800029
0,0.000000,0.125000,0.291667,0.257048,0.126826,1361.655533,821.022676,85.187374,82.086521,42.593687,41.043261,11320,10,0.350000,1216.000000,0.000000,40.000000,1.703773,1.641740
0,-0.000000,0.018182,0.017857,0.344294,0.977275,2287.770146,6467.797333,100.000000,100.000000,50.000000,50.000000,43930,30240,0.018182,148.000000,0.000000,50.000000,2.000026,2.000074
0,-0.000000,0.071429,0.105263,15.379863,0.118810,3678.049861,790.921875,87.860244,90.000000,43.930122,45.000000,16590,3380,0.117647,689.000000,0.000000,40.000000,2.432967,1.800009
0,-0.000000,0.100000,0.105263,0.593526,0.118810,3017.662050,790.921875,90.291762,90.000000,45.145881,45.000000,29760,14680,0.117647,880.000000,0.000000,45.000000,1.805894,1.800009
0,-0.000000,0.018182,0.017857,0.344294,0.977275,2287.770146,6467.797333,100.000000,100.000000,50.000000,50.000000,43930,17640,0.018182,148.000000,0.000000,50.000000,2.000026,2.000074
0,0.000000,0.538462,0.500000,2.974207,0.248940,2772.000000,1700.000000,78.811101,80.796235,39.405551,40.398118,16400,7910,0.538462,1557.000000,0.000000,35.000000,1.616435,1.615943
0,0.000000,0.058824,0.270833,44.240934,0.707439,389.953804,4606.356009,81.681025,92.086521,40.840513,46.043261,17760,3210,0.325000,896.000000,0.000000,40.000000,4.473985,1.841785
0,-0.000000,0.333333,0.392857,0.221370,0.793928,1952.285714,5185.333333,87.601620,90.000000,43.800810,45.000000,21940,10,0.705882,2347.000000,0.000000,40.000000,1.752061,1.800061
0,-0.000000,0.100000,0.105263,0.593526,0.118810,3017.662050,790.921875,90.291762,90.000000,45.145881,45.000000,37650,14680,0.117647,880.000000,0.000000,45.000000,1.805894,1.800009
0,0.000000,0.200000,0.200000,2.565498,0.362993,143.111111,2568.000000,65.961097,81.791422,32.980549,40.895711,27290,9780,0.200000,468.000000,0.000000,30.000000,1.420634,1.635854
0,-0.000014,0.142857,0.062500,0.195232,0.891321,1030.222222,5700.111111,78.021057,86.726197,39.010529,43.363099,47270,34280,0.636364,1113.000000,0.000000,35.000000,1.560440,1.734594
0,0.000000,0.062500,0.270833,0.040427,0.707439,286.278370,4606.356009,85.334496,92.086521,42.667248,46.043261,33250,10,0.325000,1216.000000,0.000000,40.000000,1.706694,1.841785
0,0.000000,0.200000,0.200000,1.011448,0.240879,81.009183,1689.022676,80.743619,83.081708,40.371809,41.540854,13730,11440,0.200000,73.000000,0.000000,40.000000,1.625215,1.661651
0,0.000000,0.250000,0.250000,1.022945,0.162452,160.120294,1121.022676,80.494298,82.882756,40.247149,41.441378,31240,11440,0.250000,73.000000,0.000000,40.000000,1.620230,1.657667
0,0.000000,0.020833,0.020833,1.289602,0.310174,1982.826891,2103.486676,89.494299,92.086521,44.747150,46.043261,18390,11440,0.020833,73.000000,0.000000,40.000000,1.800249,1.841753
0,0.000000,0.636364,0.600000,0.347654,0.327367,1705.466509,2268.000000,47.738936,80.995187,23.869468,40.497594,9030,10,0.692308,1445.000000,0.000000,20.000000,0.954814,1.619927
0,0.000000,0.461538,0.437500,2.439794,0.829553,251.875433,5485.333333,81.257074,90.796235,40.628537,45.398118,29840,16400,0.461538,1557.000000,0.000000,40.000000,1.665298,1.815987
0,-0.000000,0.333333,0.333333,0.448018,0.164327,2307.219136,1080.250000,60.884195,70.289147,30.442098,35.144573,13510,10,0.375000,997.000000,0.000000,30.000000,1.217728,1.405795
0,0.000000,0.285714,0.285714,1.997779,0.113913,1785.064014,754.000000,80.955320,81.358430,40.477660,40.679215,25030,18760,0.285714,472.000000,0.000000,40.000000,1.636731,1.627177
0,-0.000000,0.069767,0.068182,1.167050,0.401302,1043.886734,2528.380700,80.506405,83.047215,40.253202,41.523608,41950,11440,0.069767,73.000000,0.000000,40.000000,1.620484,1.660976
0,0.000000,0.200000,0.200000,2.606397,0.907980,387.177515,6053.333333,75.000007,90.995187,37.500004,45.497594,22040,9780,0.200000,468.000000,0.000000,35.000000,1.601416,1.819972
0,0.000000,0.020833,0.020833,1.289602,0.310174,1982.826891,2103.486676,89.494299,92.086521,44.747150,46.043261,46030,11440,0.020833,73.000000,0.000000,40.000000,1.800249,1.841753
0,0.000140,0.285714,0.187500,0.446411,0.310708,2294.000000,1914.777778,79.409567,76.726197,39.704784,38.363099,47270,12350,0.681818,1113.000000,0.000000,35.000000,1.588235,1.534549
0,-0.000000,0.018182,0.017857,0.344294,0.977275,2287.770146,6467.797333,100.000000,100.000000,50.000000,50.000000,45280,43930,0.018182,148.000000,0.000000,50.000000,2.000026,2.000074
0,-0.000000,0.018182,0.017857,0.344294,0.977275,2287.770146,6467.797333,100.000000,100.000000,50.000000,50.000000,30240,25240,0.018182,148.000000,0.000000,50.000000,2.000026,2.000074
0,0.000000,0.333333,0.333333,2.764177,0.601843,1287.165289,3975.358025,64.711211,81.955881,32.355605,40.977941,38000,9780,0.333333,468.000000,0.000000,30.000000,1.395653,1.639163
0,0.000000,0.153846,0.100000,0.264969,0.119562,1351.037031,791.802469,80.303302,80.275240,40.151651,40.137620,17340,10610,0.153846,1287.000000,0.000000,40.000000,1.606092,1.605514
0,-0.000001,0.031746,0.031746,1.150136,0.396663,6777.553246,2682.464000,90.543275,90.000000,45.271638,45.000000,45280,22000,0.032258,148.000000,0.000000,45.000000,1.810964,1.800029
0,-0.000001,0.031746,0.031746,1.150136,0.396663,6777.553246,2682.464000,90.543275,90.000000,45.271638,45.000000,30240,22000,0.032258,148.000000,0.000000,45.000000,1.810964,1.800029
0,-0.000000,0.081081,0.068182,13.401196,1.068404,1348.764292,6892.691358,85.769231,90.960694,42.884615,45.480347,37290,21330,0.081081,539.000000,0.000000,40.000000,1.804961,1.819297
0,0.000000,0.020833,0.020833,1.289602,0.310174,1982.826891,2103.486676,89.494299,92.086521,44.747150,46.043261,30990,11440,0.020833,73.000000,0.000000,40.000000,1.800249,1.841753
0,-0.000000,0.018182,0.017857,0.344294,0.977275,2287.770146,6467.797333,100.000000,100.000000,50.000000,50.000000,45280,25240,0.018182,148.000000,0.000000,50.000000,2.000026,2.000074
0,-0.000001,0.031746,0.031746,1.150136,0.396663,6777.553246,2682.464000,90.543275,90.000000,45.271638,45.000000,22000,17640,0.032258,148.000000,0.000000,45.000000,1.810964,1.800029
0,-0.000000,0.018182,0.017857,0.344294,0.977275,2287.770146,6467.797333,100.000000,100.000000,50.000000,50.000000,42470,25240,0.018182,148.000000,0.000000,50.000000,2.000026,2.000074
0,-0.000001,0.095238,0.204545,10.216625,0.487791,43355.755102,3107.358025,78.115893,80.960694,39.057946,40.480347,22480,3280,0.243243,2020.000000,0.000000,35.000000,1.563522,1.619252
0,-0.000014,0.125000,0.062500,44.578710,0.891321,2136.391304,5700.111111,80.164797,86.726197,40.082399,43.363099,49440,17760,0.636364,896.000000,0.000000,40.000000,4.443693,1.734594
0,0.000000,0.428571,0.437500,44.248781,0.829553,448.431304,5485.333333,80.905356,90.796235,40.452678,45.398118,23010,17760,0.437500,896.000000,0.000000,40.000000,4.458472,1.815987
0,-0.000000,0.081081,0.068182,13.401196,1.068404,1348.764292,6892.691358,85.769231,90.960694,42.884615,45.480347,40020,37290,0.081081,539.000000,0.000000,40.000000,1.804961,1.819297
0,-0.000000,0.111111,0.095238,0.184082,0.000000,1019.074219,536.328125,88.975157,90.000000,44.487578,45.000000,25910,25300,0.111111,463.000000,0.000000,40.000000,1.779520,1.800000
0,0.000000,0.133333,0.222222,0.155928,0.000000,985.275000,732.000000,74.432876,81.495865,37.216438,40.747932,25300,10,0.222222,463.000000,0.000000,35.000000,1.488672,1.629917
0,-0.000000,0.058824,0.052632,0.177828,0.000000,988.763889,625.000000,88.975157,90.000000,44.487578,45.000000,38260,25300,0.058824,463.000000,0.000000,40.000000,1.779519,1.800000
0,-0.000052,0.153846,0.176471,1.233864,0.000000,7873.722222,3453.750000,79.970399,76.348892,39.985200,38.174446,26700,19030,0.214286,323.000000,0.000000,35.000000,1.599505,1.526978
0,-0.000372,0.600000,0.363636,18.448224,0.000000,309.000000,3190.000000,71.763864,70.752695,35.881932,35.376348,13130,1290,0.600000,2864.000000,0.000000,35.000000,2.128759,1.415054
0,-0.000000,0.058824,0.052632,0.177828,0.000000,988.763889,625.000000,88.975157,90.000000,44.487578,45.000000,35950,25300,0.058824,463.000000,0.000000,40.000000,1.779519,1.800000
0,-0.000000,0.111111,0.095238,0.184082,0.000000,1019.074219,536.328125,88.975157,90.000000,44.487578,45.000000,25300,17780,0.111111,463.000000,0.000000,40.000000,1.779520,1.800000
0,-0.000000,0.100000,0.090909,0.622773,0.234755,3268.440000,1711.000000,72.575467,74.684187,36.287733,37.342093,16520,2710,0.100000,1399.000000,0.000000,35.000000,1.451758,1.493700
0,-0.000000,0.047619,0.045455,1.126595,0.287988,1064.058172,1835.520000,76.988823,81.185649,38.494412,40.592824,20200,6160,0.047619,173.000000,0.000000,35.000000,1.558463,1.623736
0,-0.000000,0.076923,0.071429,0.984530,0.105702,153.000000,655.888889,77.915772,82.606984,38.957886,41.303492,23600,20200,0.076923,173.000000,0.000000,35.000000,1.576991,1.652148
0,0.000061,0.928571,0.933333,2.757930,0.253224,177.285714,1483.000000,92.857143,86.920346,46.428571,43.460173,13680,10,0.933333,61.000000,0.000000,45.000000,1.880912,1.738429
0,0.000000,0.166667,0.166667,2.760342,0.049228,176.000000,316.000000,90.000000,90.000000,45.000000,45.000000,26640,11280,0.166667,61.000000,0.000000,40.000000,1.823769,1.800004
0,0.000000,0.166667,0.166667,2.760342,0.049228,176.000000,316.000000,90.000000,90.000000,45.000000,45.000000,26640,13680,0.166667,61.000000,0.000000,40.000000,1.823769,1.800004
0,0.000061,0.928571,0.933333,2.757930,0.253224,177.285714,1483.000000,92.857143,86.920346,46.428571,43.460173,8400,10,0.933333,61.000000,0.000000,45.000000,1.880912,1.738429
0,0.000000,0.166667,0.166667,2.760342,0.049228,176.000000,316.000000,90.000000,90.000000,45.000000,45.000000,26640,8400,0.166667,61.000000,0.000000,40.000000,1.823769,1.800004
0,0.000061,0.928571,0.933333,2.757930,0.253224,177.285714,1483.000000,92.857143,86.920346,46.428571,43.460173,11280,10,0.933333,61.000000,0.000000,45.000000,1.880912,1.738429
0,0.000000,0.166667,0.166667,2.493699,0.675568,400.160000,4485.333333,90.000000,50.000000,45.000000,25.000000,48350,19470,0.166667,785.000000,0.000000,40.000000,1.983874,0.000000
0,0.000000,0.500000,0.500000,2.406552,0.479252,565.250000,3153.750000,76.923077,38.604917,38.461538,19.302458,55600,22040,0.500000,60.000000,0.000000,35.000000,1.543728,0.000000
0,0.000000,0.166667,0.166667,2.493699,0.675568,400.160000,4485.333333,90.000000,50.000000,45.000000,25.000000,48350,38160,0.166667,785.000000,0.000000,40.000000,1.983874,0.000000
0,0.000000,0.200000,0.200000,6.610071,0.081630,3674.000000,564.000000,92.499938,92.500000,46.249969,46.250000,11610,5180,0.200000,588.000000,0.000000,45.000000,2.191351,1.850006
0,0.000000,0.090909,0.090909,5.522223,0.085753,3672.500000,584.876543,94.000000,100.000000,47.000000,50.000000,42540,13000,0.090909,449.000000,0.000000,45.000000,2.074719,2.000006
0,0.000000,0.200000,0.200000,6.610071,0.081630,3674.000000,564.000000,92.499938,92.500000,46.249969,46.250000,25090,5180,0.200000,588.000000,0.000000,45.000000,2.191351,1.850006
0,0.000000,0.090909,0.090909,5.522223,0.085753,3672.500000,584.876543,94.000000,100.000000,47.000000,50.000000,42540,26480,0.090909,449.000000,0.000000,45.000000,2.074719,2.000006
0,0.000000,0.090909,0.090909,5.522223,0.085753,3672.500000,584.876543,94.000000,100.000000,47.000000,50.000000,31970,13000,0.090909,449.000000,0.000000,45.000000,2.074719,2.000006
0,0.000000,0.636364,0.636364,167.184311,0.316318,3684.795858,2068.790123,82.608820,91.098378,41.304410,45.549189,9830,5510,0.636364,1198.000000,0.000000,40.000000,5.522788,1.821992
0,0.000000,0.090909,0.090909,22.580842,0.200213,4183.440000,1321.400000,84.481597,90.665985,42.240799,45.332992,35350,13630,0.090909,386.000000,0.000000,40.000000,2.111784,1.813335
0,-0.000000,0.500000,0.636364,0.865112,0.316318,126.000000,2068.790123,51.589838,91.098378,25.794919,45.549189,9170,10,1.000000,2180.000000,0.000000,25.000000,1.045656,1.821992
0,0.000000,0.090909,0.090909,5.522223,0.085753,3672.500000,584.876543,94.000000,100.000000,47.000000,50.000000,31970,26480,0.090909,449.000000,0.000000,45.000000,2.074719,2.000006
0,0.000000,0.090909,0.090909,22.580842,0.200213,4183.440000,1321.400000,84.481597,90.665985,42.240799,45.332992,35350,27110,0.090909,386.000000,0.000000,40.000000,2.111784,1.813335
0,0.000000,0.666667,1.000000,5.786539,0.000000,1750.250000,0.000000,74.140295,0.000000,37.070147,0.000000,11100,7790,1.000000,3088.000000,0.000000,35.000000,1.561504,0.000000
0,0.000038,0.166667,0.466667,1.394081,0.000000,2041.812500,1734.000000,81.308113,38.594799,40.654057,19.297400,58250,19060,0.466667,155.000000,0.000000,40.000000,1.626684,0.000000
0,0.000000,0.125000,0.125000,1.555079,0.000000,1219.734694,1183.000000,63.850610,36.684872,31.925305,18.342436,20280,8100,0.125000,33.000000,0.000000,30.000000,1.302581,0.000000
0,0.000000,0.111111,0.111111,1.421416,0.000000,379.734694,343.000000,74.180054,40.000000,37.090027,20.000000,20280,16530,0.111111,33.000000,0.000000,35.000000,1.509159,0.000000
0,0.000009,0.800000,0.933333,6.089738,0.000000,125.250000,763.888889,69.999984,42.390081,34.999992,21.195040,34150,10,0.933333,2060.000000,0.000000,30.000000,1.702734,0.000000
0,-0.000000,0.076923,0.071429,0.038339,0.000000,254.368421,121.946740,91.208232,87.880115,45.604116,43.940057,27170,21840,0.076923,412.000000,0.000000,45.000000,1.824168,1.757602
0,-0.000000,0.071429,0.066667,0.030102,0.000000,207.368421,177.457851,91.110961,87.791507,45.555480,43.895754,27170,6130,0.071429,412.000000,0.000000,45.000000,1.822221,1.755830
0,-0.000000,0.071429,0.066667,0.030102,0.000000,207.368421,177.457851,91.110961,87.791507,45.555480,43.895754,19040,6130,0.071429,412.000000,0.000000,45.000000,1.822221,1.755830
0,-0.000000,0.076923,0.071429,0.038339,0.000000,254.368421,121.946740,91.208232,87.880115,45.604116,43.940057,21840,19040,0.076923,412.000000,0.000000,45.000000,1.824168,1.757602
0,0.000000,0.026316,0.027778,0.114226,0.000000,713.618421,865.257297,90.562818,87.354209,45.281409,43.677105,52750,27170,0.027778,412.000000,0.000000,45.000000,1.811266,1.747084
0,0.000000,0.026316,0.027778,0.114226,0.000000,713.618421,865.257297,90.562818,87.354209,45.281409,43.677105,52750,19040,0.027778,412.000000,0.000000,45.000000,1.811266,1.747084
0,-0.000000,0.050000,0.047619,1.201858,0.000000,4941.690542,3009.312500,76.687001,78.000424,38.343500,39.000212,23720,13780,0.050000,175.000000,0.000000,35.000000,1.535859,1.560008
0,-0.000000,0.062500,0.058824,3.550903,0.000000,20567.801653,28472.062500,76.625569,77.192366,38.312784,38.596183,42780,13780,0.062500,175.000000,0.000000,35.000000,1.534806,1.543847
0,-0.000000,0.333333,0.111111,0.829756,0.000000,188.712500,127.482993,93.999103,91.654163,46.999552,45.827081,6630,3970,0.416667,1692.000000,0.000000,45.000000,1.900735,1.833083
0,-0.000000,0.333333,0.111111,0.829756,0.000000,188.712500,127.482993,93.999103,91.654163,46.999552,45.827081,14760,3970,0.416667,1692.000000,0.000000,45.000000,1.900735,1.833083
0,0.000000,0.166667,0.416667,5.414068,0.000000,956.493333,1025.596939,89.791605,90.995294,44.895803,45.497647,41670,25910,0.416667,1351.000000,0.000000,40.000000,1.812778,1.819906
0,-0.000000,0.076923,0.083333,1.733919,0.000000,135.767361,336.000000,84.857137,60.040640,42.428568,30.020320,30610,13500,0.111111,788.000000,0.000000,40.000000,1.712432,1.200813
0,-0.000000,0.857143,0.750000,1.473733,0.000000,31.111111,525.596939,100.000000,68.767053,50.000000,34.383527,8380,10,0.900000,3848.000000,0.000000,50.000000,2.054297,1.375341
0,-0.000000,0.857143,0.750000,1.473733,0.000000,31.111111,525.596939,100.000000,68.767053,50.000000,34.383527,16630,10,0.900000,3848.000000,0.000000,50.000000,2.054297,1.375341
0,-0.000000,0.857143,0.750000,1.473733,0.000000,31.111111,525.596939,100.000000,68.767053,50.000000,34.383527,16700,10,0.900000,3848.000000,0.000000,50.000000,2.054297,1.375341
0,0.000000,0.166667,0.416667,5.414068,0.000000,956.493333,1025.596939,89.791605,90.995294,44.895803,45.497647,33350,25910,0.416667,1351.000000,0.000000,40.000000,1.812778,1.819906
0,0.000000,0.454545,0.500000,5.403888,0.000000,889.200000,1100.000000,81.458272,59.762347,40.729136,29.881174,25910,24980,0.500000,1351.000000,0.000000,40.000000,1.646110,1.195247
0,0.000000,0.166667,0.416667,5.414068,0.000000,956.493333,1025.596939,89.791605,90.995294,44.895803,45.497647,41600,25910,0.416667,1351.000000,0.000000,40.000000,1.812778,1.819906
0,-0.000000,0.571429,0.400000,2.256970,1.537277,5928.500000,11492.000000,80.398117,40.336668,40.199058,20.168334,41010,10350,0.571429,886.000000,0.000000,40.000000,1.627151,0.000000
0,-0.000037,0.500000,0.250000,0.004378,0.104017,100.500000,800.000000,43.399015,33.441713,21.699508,16.720856,39080,10,0.500000,198.000000,0.000000,20.000000,0.867981,0.000000
0,-0.000012,0.250000,0.166667,0.171435,0.214082,1298.500000,1534.250000,43.340118,40.322364,21.670059,20.161182,29700,10,0.250000,198.000000,0.000000,20.000000,0.866814,0.000000
0,0.000000,0.200000,0.200000,0.754960,0.073703,4531.500000,562.500000,76.460651,39.999962,38.230326,19.999981,36770,4870,0.200000,43.000000,0.000000,35.000000,1.529276,0.000000
0,-0.000000,0.076923,0.043478,0.277009,0.233845,1359.148571,1482.808889,100.000000,100.000000,50.000000,50.000000,24800,8890,0.076923,1736.000000,0.000000,50.000000,2.000028,2.000018
0,-0.000000,0.076923,0.043478,0.277009,0.233845,1359.148571,1482.808889,100.000000,100.000000,50.000000,50.000000,27110,14740,0.076923,1736.000000,0.000000,50.000000,2.000028,2.000018
0,-0.000000,0.076923,0.043478,0.277009,0.233845,1359.148571,1482.808889,100.000000,100.000000,50.000000,50.000000,24800,14740,0.076923,1736.000000,0.000000,50.000000,2.000028,2.000018
0,0.000000,1.000000,0.888889,0.292688,0.026104,1367.280000,174.638889,67.081733,92.562533,33.540867,46.281266,4930,10,1.000000,2132.000000,0.000000,30.000000,1.341667,1.851253
0,-0.000000,0.111111,0.100000,0.429918,0.395862,2742.080000,3004.888889,90.000021,90.000000,45.000010,45.000000,30170,17250,0.111111,900.000000,0.000000,45.000000,1.800034,1.800026
0,0.000000,1.000000,0.888889,0.292688,0.026104,1367.280000,174.638889,67.081733,92.562533,33.540867,46.281266,10780,10,1.000000,2132.000000,0.000000,30.000000,1.341667,1.851253
0,-0.000000,0.111111,0.100000,0.429918,0.395862,2742.080000,3004.888889,90.000021,90.000000,45.000010,45.000000,30170,23100,0.111111,900.000000,0.000000,45.000000,1.800034,1.800026
0,-0.000000,0.045455,0.043478,80.339668,0.233845,1741.418408,1482.808889,95.290316,100.000000,47.645158,50.000000,25840,2770,0.045455,41.000000,0.000000,45.000000,5.018054,2.000018
0,-0.000000,0.045455,0.043478,80.339668,0.233845,1741.418408,1482.808889,95.290316,100.000000,47.645158,50.000000,31690,2770,0.045455,41.000000,0.000000,45.000000,5.018054,2.000018
0,-0.000000,0.076923,0.043478,0.277009,0.233845,1359.148571,1482.808889,100.000000,100.000000,50.000000,50.000000,27110,8890,0.076923,1736.000000,0.000000,50.000000,2.000028,2.000018
0,0.000000,0.153846,0.153846,2.072122,0.128640,669.777778,844.444444,79.749684,79.988496,39.874842,39.994248,32720,29230,0.153846,165.000000,0.000000,35.000000,1.599679,1.599780
0,-0.000000,0.100000,0.055556,0.517352,0.312864,3772.288889,2018.400000,78.308115,80.221384,39.154058,40.110692,26070,1300,0.100000,830.000000,0.000000,35.000000,1.566198,1.604452
0,0.000000,0.200000,0.200000,0.040763,0.075452,289.333333,464.000000,82.250147,80.026848,41.125073,40.013424,32720,8010,0.200000,165.000000,0.000000,40.000000,1.645006,1.600543
0,0.000000,0.111111,0.111111,0.060238,0.079382,420.480000,496.000000,77.739089,81.346933,38.869544,40.673467,41000,31850,0.111111,252.000000,0.000000,35.000000,1.554786,1.626945
0,-0.000000,0.050000,0.047619,2.459543,0.032804,14096.627222,225.596939,89.019958,50.000000,44.509979,25.000000,54650,43250,0.050000,133.000000,0.000000,40.000000,1.780614,0.000000
0,-0.000000,0.050000,0.047619,2.459543,0.032804,14096.627222,225.596939,89.019958,50.000000,44.509979,25.000000,46330,43250,0.050000,133.000000,0.000000,40.000000,1.780614,0.000000
0,0.000000,0.090909,0.090909,27.712608,0.079991,42477.250000,506.250000,76.977301,41.227837,38.488651,20.613919,44210,39850,0.090909,37.000000,0.000000,35.000000,1.953866,0.000000
0,-0.000000,0.050000,0.047619,2.459543,0.032804,14096.627222,225.596939,89.019958,50.000000,44.509979,25.000000,54580,43250,0.050000,133.000000,0.000000,40.000000,1.780614,0.000000
0,-0.000000,0.166667,0.095238,0.000000,0.111025,340.000000,765.306122,47.841610,40.663175,23.920805,20.331587,13590,10,0.333333,3099.000000,0.000000,20.000000,0.956832,0.000000
0,-0.000001,0.500000,0.476190,2.832504,0.046644,14006.222222,272.250000,76.501503,43.106928,38.250752,21.553464,43250,20850,0.500000,133.000000,0.000000,35.000000,1.532371,0.000000
0,0.000000,0.125000,0.125000,0.000000,0.076686,780.528889,571.442500,55.992919,69.803654,27.996460,34.901827,27820,10,0.125000,25.000000,0.000000,25.000000,1.119858,1.396078
0,-0.000000,0.625000,0.111111,0.608363,0.021898,63.222222,158.437500,73.068738,41.753411,36.534369,20.876705,18820,11870,0.666667,3181.000000,0.000000,35.000000,1.467953,0.000000
0,-0.000000,0.400000,0.222222,2.852927,0.010487,171.222222,71.442500,49.999302,40.955795,24.999651,20.477898,15620,10,0.400000,2806.000000,0.000000,20.000000,1.028247,0.000000
0,0.000000,0.750000,0.750000,0.000000,0.066199,109.888889,500.000000,56.000000,28.847859,28.000000,14.423929,43430,10,0.750000,25.000000,0.000000,25.000000,1.120000,0.000000
0,0.000000,0.090909,0.090909,1.041506,0.000000,1078.500000,3015.750000,82.803871,75.672275,41.401935,37.836138,39280,21240,0.090909,72.000000,0.000000,40.000000,1.662402,1.513446
0,0.000000,0.090909,0.090909,1.041506,0.000000,100.566327,2037.816327,92.852724,85.680168,46.426362,42.840084,23900,21240,0.090909,72.000000,0.000000,45.000000,1.863379,1.713603
0,0.000000,0.090909,0.090909,1.041506,0.000000,100.566327,2037.816327,92.852724,85.680168,46.426362,42.840084,32030,21240,0.090909,72.000000,0.000000,45.000000,1.863379,1.713603
0,0.000000,0.038462,0.038462,6.060395,0.020200,233.060556,161.618056,81.172580,41.176470,40.586290,20.588235,35590,27980,0.038462,86.000000,0.000000,40.000000,1.880500,0.000000
0,-0.000000,0.062500,0.058824,0.175698,0.027776,1097.390000,211.680000,76.810140,39.919357,38.405070,19.959678,33080,27390,0.062500,145.000000,0.000000,35.000000,1.536217,0.000000
0,0.000000,0.142857,0.142857,6.060395,0.002758,87.442500,16.000000,82.494881,42.499861,41.247440,21.249930,27980,4000,0.142857,86.000000,0.000000,40.000000,1.906946,0.000000
0,0.000000,0.038462,0.038462,6.060395,0.022317,211.831389,140.388889,81.424530,41.428554,40.712265,20.714277,27980,6910,0.038462,86.000000,0.000000,40.000000,1.885539,0.000000
0,-0.000009,0.875000,0.518519,0.020764,0.022956,119.702222,180.000000,51.249947,34.926356,25.624973,17.463178,22570,10,0.888889,2883.000000,0.000000,25.000000,1.025001,0.000000
0,0.000000,0.250000,0.208333,6.034573,0.180837,171.722222,1248.979592,49.990307,41.175804,24.995153,20.587902,21750,70,0.250000,2877.000000,0.000000,20.000000,1.125514,0.000000
0,0.000000,0.125000,0.125000,6.060395,0.205737,1443.442500,1372.000000,79.605755,39.955756,39.802877,19.977878,27980,13220,0.125000,86.000000,0.000000,35.000000,1.849164,0.000000
0,0.000000,0.142857,0.142857,0.023679,0.000000,172.729167,3374.611111,83.676149,82.500000,41.838075,41.250000,33560,5970,0.142857,314.000000,0.000000,40.000000,1.673525,1.650000
0,0.000000,0.038462,0.038462,0.124987,0.000000,820.519290,4832.944444,81.702121,80.059502,40.851060,40.029751,33560,12940,0.038462,314.000000,0.000000,40.000000,1.634052,1.601190
0,-0.000000,0.187500,0.423077,0.039521,0.000000,298.344915,4035.722222,84.288327,80.071363,42.144163,40.035681,21310,10,0.458333,1539.000000,0.000000,40.000000,1.685770,1.601427
0,0.000000,0.142857,0.142857,0.021964,0.000000,132.133787,683.333333,84.590332,82.571363,42.295166,41.285681,12260,5970,0.142857,314.000000,0.000000,40.000000,1.691808,1.651427
0,0.000000,0.200000,0.200000,5.106559,0.097955,319.586777,637.719723,91.734958,83.245367,45.867479,41.622683,18730,13050,0.200000,1350.000000,0.000000,45.000000,1.885519,1.664915
0,0.000000,0.200000,0.200000,5.106559,0.097955,319.586777,637.719723,91.734958,83.245367,45.867479,41.622683,13050,5490,0.200000,1350.000000,0.000000,45.000000,1.885519,1.664915
0,0.000000,0.200000,0.200000,5.106559,0.097955,319.586777,637.719723,91.734958,83.245367,45.867479,41.622683,13050,7190,0.200000,1350.000000,0.000000,45.000000,1.885519,1.664915
0,0.000000,0.200000,0.200000,5.106559,0.097955,319.586777,637.719723,91.734958,83.245367,45.867479,41.622683,47210,13050,0.200000,1350.000000,0.000000,45.000000,1.885519,1.664915
0,0.000000,0.181818,0.181818,20.499297,0.000000,731.846939,2825.720000,89.978477,85.308607,44.989239,42.654304,47290,39850,0.181818,164.000000,0.000000,40.000000,2.213266,1.706172
0,0.000000,0.181818,0.181818,20.499297,0.000000,731.846939,2825.720000,89.978477,85.308607,44.989239,42.654304,55540,39850,0.181818,164.000000,0.000000,40.000000,2.213266,1.706172
0,0.000000,0.181818,0.181818,20.499297,0.000000,731.846939,2825.720000,89.978477,85.308607,44.989239,42.654304,55610,39850,0.181818,164.000000,0.000000,40.000000,2.213266,1.706172
0,0.000000,0.058824,0.058824,3.092470,1.066673,5034.583333,7209.925926,86.923077,91.357658,43.461538,45.678829,26720,22040,0.058824,371.000000,0.000000,40.000000,1.743780,1.827232
0,0.000000,0.058824,0.058824,3.092470,1.066673,5034.583333,7209.925926,86.923077,91.357658,43.461538,45.678829,45410,22040,0.058824,371.000000,0.000000,40.000000,1.743780,1.827232
0,0.000000,0.375000,0.375000,0.470933,0.010849,3180.972222,81.222222,50.112119,83.262790,25.056059,41.631395,23480,10,0.375000,227.000000,0.000000,25.000000,1.002278,1.665257
0,-0.000000,0.100000,0.086957,79.200815,0.000000,4310.215220,1526.160640,90.022648,85.052990,45.011324,42.526495,50960,34190,0.100000,128.000000,0.000000,45.000000,2.998931,1.701060
0,-0.000000,0.100000,0.086957,79.200815,0.000000,4310.215220,1526.160640,90.022648,85.052990,45.011324,42.526495,50960,49230,0.100000,128.000000,0.000000,45.000000,2.998931,1.701060
0,-0.000000,0.100000,0.086957,79.200815,0.000000,4310.215220,1526.160640,90.022648,85.052990,45.011324,42.526495,50960,46420,0.100000,128.000000,0.000000,45.000000,2.998931,1.701060
0,-0.000000,0.100000,0.086957,79.200815,0.000000,4310.215220,1526.160640,90.022648,85.052990,45.011324,42.526495,50960,21590,0.100000,128.000000,0.000000,45.000000,2.998931,1.701060
0,-0.000054,0.117647,0.111111,0.255533,0.000000,1876.320000,329.895000,79.789874,72.883748,39.894937,36.441874,51060,34120,0.117647,118.000000,0.000000,35.000000,1.595815,1.457675
0,0.000000,0.054054,0.054054,0.344053,0.000000,2186.144531,474.467128,79.609216,79.382755,39.804608,39.691378,62450,51950,0.054054,33.000000,0.000000,35.000000,1.592211,1.587655
0,0.000000,0.625000,0.625000,0.366322,0.000000,2219.172635,315.360000,48.885881,82.361235,24.442940,41.180618,60360,10,0.625000,242.000000,0.000000,20.000000,0.977748,1.647225
0,0.000000,0.600000,0.666667,1.325438,0.000000,2587.000000,2064.000000,78.149053,77.981146,39.074527,38.990573,42070,8280,0.666667,2071.000000,0.000000,35.000000,1.568059,1.559623
0,0.000000,0.470588,0.571429,8.891524,0.000000,1987.784722,2018.750000,80.432215,81.363146,40.216108,40.681573,58250,53200,0.571429,453.000000,0.000000,40.000000,1.757417,1.627263
0,-0.000000,0.200000,0.125000,1.372607,0.000000,1860.812500,1483.000000,82.113353,81.156010,41.056677,40.578005,58250,6880,0.200000,453.000000,0.000000,40.000000,1.642787,1.623120
0,0.000000,0.041667,0.115385,3.984457,0.022590,360.597500,174.467128,72.954391,40.315266,36.477196,20.157633,46390,2760,0.115385,605.000000,0.000000,35.000000,1.497875,0.000000
0,-0.000000,0.071429,0.062500,3.973081,0.183692,496.250000,1214.777778,74.336637,40.769077,37.168318,20.384539,54640,1030,0.071429,778.000000,0.000000,35.000000,1.506738,0.000000
0,0.000000,0.866667,0.730769,0.051560,0.630738,348.289375,4235.000000,51.928777,41.082339,25.964388,20.541170,51120,10,0.894737,880.000000,0.000000,25.000000,1.038580,0.000000
0,0.000000,1.000000,1.000000,0.030263,0.003760,183.074380,28.000000,38.425268,37.424973,19.212634,18.712487,2920,10,1.000000,589.000000,0.000000,15.000000,0.768508,0.000000
0,0.000000,0.142857,0.142857,0.087822,0.634498,564.981481,4263.000000,43.669670,78.507312,21.834835,39.253656,54030,10,0.142857,589.000000,0.000000,20.000000,0.873400,1.570193
0,-0.000000,0.083333,0.076923,0.000000,0.011122,195.074380,95.062500,61.425955,42.136230,30.712977,21.068115,5670,10,0.083333,314.000000,0.000000,30.000000,1.228519,0.000000
0,-0.000000,0.142857,0.125000,4.053773,0.200670,802.160000,1372.000000,71.906322,39.996821,35.953161,19.998410,9070,2760,0.142857,605.000000,0.000000,35.000000,1.476919,0.000000
0,0.000000,0.333333,0.333333,0.850622,0.002169,155.701389,15.312500,81.428562,42.000000,40.714281,21.000000,17420,8000,0.333333,81.000000,0.000000,40.000000,1.650984,0.000000
0,-0.000000,0.166667,0.111111,0.106942,0.020647,641.328125,123.777778,89.913917,89.988111,44.956959,44.994056,30710,8160,0.166667,414.000000,0.000000,40.000000,1.798287,1.799764
0,-0.000000,0.166667,0.111111,0.106942,0.020647,641.328125,123.777778,89.913917,89.988111,44.956959,44.994056,22580,8160,0.166667,414.000000,0.000000,40.000000,1.798287,1.799764
0,-0.000000,0.400000,0.200000,1.489535,0.112041,240.000000,664.000000,81.818032,82.446595,40.909016,41.223298,13110,7390,0.400000,360.000000,0.000000,40.000000,1.653061,1.648941
0,-0.000000,0.800000,0.615385,0.515817,0.432920,125.250000,2648.000000,69.999214,81.073666,34.999607,40.536833,11830,10,1.000000,1670.000000,0.000000,30.000000,1.402156,1.621509
0,0.000000,0.500000,0.500000,0.016140,0.015307,128.320000,115.520000,68.000720,50.000000,34.000360,25.000000,27550,10,0.500000,197.000000,0.000000,30.000000,1.360016,0.000000
0,0.000000,0.100000,0.100000,0.002688,0.003864,29.661678,24.489796,59.818975,41.125830,29.909487,20.562915,14040,10,0.100000,197.000000,0.000000,25.000000,1.196380,0.000000
0,0.000000,0.500000,0.500000,0.016140,0.015307,128.320000,115.520000,68.000720,50.000000,34.000360,25.000000,38670,10,0.500000,197.000000,0.000000,30.000000,1.360016,0.000000
0,0.000000,0.500000,0.500000,0.016140,0.015307,128.320000,115.520000,68.000720,50.000000,34.000360,25.000000,43780,10,0.500000,197.000000,0.000000,30.000000,1.360016,0.000000
0,0.000000,0.500000,0.500000,0.016140,0.015307,128.320000,115.520000,68.000720,50.000000,34.000360,25.000000,21000,10,0.500000,197.000000,0.000000,30.000000,1.360016,0.000000
0,0.000000,0.800000,0.800000,0.023759,0.038118,186.411111,275.000000,58.000600,40.663675,29.000300,20.331837,34740,10,0.800000,197.000000,0.000000,25.000000,1.160014,0.000000
0,-0.000000,0.076923,0.045455,0.250555,1.785806,94.360625,12019.720000,92.775896,90.030088,46.387948,45.015044,28330,14970,0.076923,1925.000000,0.000000,45.000000,1.856425,1.800734
0,-0.000025,0.066667,0.043478,0.553023,0.288529,3058.692602,2003.759766,100.000000,95.160022,50.000000,47.580011,18790,9260,0.153846,1784.000000,0.000000,50.000000,2.000050,1.903221
0,-0.000000,0.076923,0.045455,0.250555,1.785806,94.360625,12019.720000,92.775896,90.030088,46.387948,45.015044,26020,14970,0.076923,1925.000000,0.000000,45.000000,1.856425,1.800734
0,-0.000025,0.066667,0.043478,0.553023,0.288529,3058.692602,2003.759766,100.000000,95.160022,50.000000,47.580011,31020,9260,0.153846,1784.000000,0.000000,50.000000,2.000050,1.903221
0,-0.000278,0.400000,0.478261,12.654806,1.808129,229.816327,12120.000000,87.190232,95.160022,43.595116,47.580011,19330,1160,0.583333,2594.000000,0.000000,40.000000,2.226076,1.903335
0,-0.000278,0.400000,0.478261,12.654806,1.808129,229.816327,12120.000000,87.190232,95.160022,43.595116,47.580011,21640,1160,0.583333,2594.000000,0.000000,40.000000,2.226076,1.903335
0,-0.000001,0.333333,0.142857,0.034566,0.103663,272.328125,616.000000,61.875898,87.659931,30.937949,43.829966,30210,10,0.333333,502.000000,0.000000,30.000000,1.237520,1.753207
0,-0.000025,0.066667,0.043478,0.553023,0.288529,3058.692602,2003.759766,100.000000,95.160022,50.000000,47.580011,9260,6190,0.153846,1784.000000,0.000000,50.000000,2.000050,1.903221
0,-0.000025,0.066667,0.043478,0.553023,0.288529,3058.692602,2003.759766,100.000000,95.160022,50.000000,47.580011,17390,6190,0.153846,1784.000000,0.000000,50.000000,2.000050,1.903221
0,-0.000278,0.307692,0.478261,80.237839,1.808129,1049.096327,12120.000000,95.290316,95.160022,47.645158,47.580011,31710,2770,0.500000,352.000000,0.000000,45.000000,5.018047,1.903335
0,-0.000025,0.066667,0.043478,0.553023,0.288529,3058.692602,2003.759766,100.000000,95.160022,50.000000,47.580011,33830,9260,0.153846,1784.000000,0.000000,50.000000,2.000050,1.903221
0,-0.000025,0.066667,0.043478,0.553023,0.288529,3058.692602,2003.759766,100.000000,95.160022,50.000000,47.580011,33830,17390,0.153846,1784.000000,0.000000,50.000000,2.000050,1.903221
0,0.000000,0.111111,0.111111,14.776061,0.491093,2686.770000,3192.000000,57.901106,85.112209,28.950553,42.556104,25240,22580,0.111111,186.000000,0.000000,25.000000,2.247315,1.702282
0,-0.000001,0.333333,0.142857,0.034566,0.103663,272.328125,616.000000,61.875898,87.659931,30.937949,43.829966,22080,10,0.333333,502.000000,0.000000,30.000000,1.237520,1.753207
0,0.000000,0.250000,0.153846,12.648670,0.210206,179.705215,1592.750000,79.183887,86.069098,39.591944,43.034549,16540,1160,0.285714,2594.000000,0.000000,35.000000,2.065949,1.721397
0,-0.000000,0.045455,0.045455,80.280304,1.785806,1291.728980,12019.720000,84.302885,90.030088,42.151443,45.015044,30700,2770,0.050000,352.000000,0.000000,40.000000,4.798302,1.800734
0,-0.000025,0.066667,0.043478,0.553023,0.288529,3058.692602,2003.759766,100.000000,95.160022,50.000000,47.580011,31020,17390,0.153846,1784.000000,0.000000,50.000000,2.000050,1.903221
0,-0.000278,0.500000,0.478261,3.539107,1.808129,125.000000,12120.000000,93.750000,95.160022,46.875000,47.580011,10050,10,0.583333,3522.000000,0.000000,45.000000,2.106950,1.903335
0,-0.000001,0.352941,0.227273,0.273544,0.180842,212.665418,1099.720000,92.775896,85.190111,46.387948,42.595055,14970,7850,0.615385,1925.000000,0.000000,45.000000,1.856427,1.703817
0,0.000000,0.250000,0.153846,0.690806,0.210206,54.529514,1592.750000,73.998129,86.069098,36.999065,43.034549,13720,6470,0.285714,2876.000000,0.000000,35.000000,1.496685,1.721397
0,-0.000025,0.066667,0.043478,0.553023,0.288529,3058.692602,2003.759766,100.000000,95.160022,50.000000,47.580011,18790,17390,0.153846,1784.000000,0.000000,50.000000,2.000050,1.903221
0,-0.000278,0.307692,0.478261,80.237839,1.808129,1049.096327,12120.000000,95.290316,95.160022,47.645158,47.580011,23580,2770,0.500000,352.000000,0.000000,45.000000,5.018047,1.903335
0,-0.000001,0.352941,0.227273,0.273544,0.180842,212.665418,1099.720000,92.775896,85.190111,46.387948,42.595055,15980,14970,0.615385,1925.000000,0.000000,45.000000,1.856427,1.703817
0,0.000000,0.111111,0.111111,14.776061,0.491093,2686.770000,3192.000000,57.901106,85.112209,28.950553,42.556104,33370,22580,0.111111,186.000000,0.000000,25.000000,2.247315,1.702282
0,-0.000278,0.500000,0.478261,3.539107,1.808129,125.000000,12120.000000,93.750000,95.160022,46.875000,47.580011,12360,10,0.583333,3522.000000,0.000000,45.000000,2.106950,1.903335
0,0.000000,0.055556,0.055556,0.269776,0.186688,1878.638393,1403.759766,89.688120,50.000000,44.844060,25.000000,53540,48810,0.055556,289.000000,0.000000,40.000000,1.793782,0.000000
0,-0.000000,0.250000,0.222222,0.046059,0.016334,261.156250,96.000000,73.471636,39.995790,36.735818,19.997895,53540,9820,0.250000,289.000000,0.000000,35.000000,1.469437,0.000000
0,0.000000,0.055556,0.055556,0.269776,0.186688,1878.638393,1403.759766,89.688120,50.000000,44.844060,25.000000,53540,33770,0.055556,289.000000,0.000000,40.000000,1.793782,0.000000
0,0.000000,0.055556,0.055556,0.269776,0.186688,1878.638393,1403.759766,89.688120,50.000000,44.844060,25.000000,53540,21170,0.055556,289.000000,0.000000,40.000000,1.793782,0.000000
0,-0.000000,0.076923,0.055556,0.844847,0.019678,154.228148,155.620370,79.542768,41.396334,39.771384,20.698167,38400,35330,0.076923,1803.000000,0.000000,35.000000,1.597168,0.000000
0,0.000000,0.055556,0.055556,0.269776,0.186688,1878.638393,1403.759766,89.688120,50.000000,44.844060,25.000000,53540,46000,0.055556,289.000000,0.000000,40.000000,1.793782,0.000000
0,0.000000,0.142857,0.142857,0.008601,0.002078,61.156250,16.000000,82.183701,42.499916,41.091850,21.249958,53540,2170,0.142857,289.000000,0.000000,40.000000,1.643675,0.000000
0,-0.000000,0.538462,0.500000,0.907204,0.320969,510.413333,2244.500000,80.696676,40.386930,40.348338,20.193465,38400,34450,0.600000,1803.000000,0.000000,40.000000,1.620252,0.000000
0,0.000000,0.333333,0.333333,8.563692,0.000000,62118.000000,420.000000,88.530968,89.953047,44.265484,44.976524,68790,8760,0.333333,136.000000,0.000000,40.000000,1.771210,1.799061
0,0.000000,0.333333,0.333333,8.563692,0.000000,62118.000000,420.000000,88.530968,89.953047,44.265484,44.976524,50360,8760,0.333333,136.000000,0.000000,40.000000,1.771210,1.799061
0,0.000000,0.333333,0.333333,8.563692,0.000000,62118.000000,420.000000,88.530968,89.953047,44.265484,44.976524,57100,8760,0.333333,136.000000,0.000000,40.000000,1.771210,1.799061
0,0.000000,0.333333,0.333333,8.563692,0.000000,62118.000000,420.000000,88.530968,89.953047,44.265484,44.976524,70650,8760,0.333333,136.000000,0.000000,40.000000,1.771210,1.799061
0,0.000000,0.333333,0.333333,8.563692,0.000000,62118.000000,420.000000,88.530968,89.953047,44.265484,44.976524,36150,8760,0.333333,136.000000,0.000000,40.000000,1.771210,1.799061
0,-0.000001,0.166667,0.153846,1.083499,0.000000,7416.000000,9462.000000,100.000000,94.158247,50.000000,47.079124,60630,49850,0.166667,120.000000,0.000000,50.000000,2.000079,1.883165
0,0.000000,1.000000,1.000000,46.508667,0.000000,2885.160000,654.000000,87.500000,82.798676,43.750000,41.399338,31790,10,1.000000,57.000000,0.000000,40.000000,2.138318,1.655974
0,-0.000001,0.166667,0.153846,1.083499,0.000000,7416.000000,9462.000000,100.000000,94.158247,50.000000,47.079124,64030,49850,0.166667,120.000000,0.000000,50.000000,2.000079,1.883165
0,0.000000,0.533333,0.777778,44.416067,0.000000,1245.724638,854.000000,82.230712,85.378821,41.115356,42.689410,21630,17760,0.777778,1460.000000,0.000000,40.000000,4.484997,1.707576
0,-0.000001,0.166667,0.153846,1.083499,0.000000,7416.000000,9462.000000,100.000000,94.158247,50.000000,47.079124,60630,31160,0.166667,120.000000,0.000000,50.000000,2.000079,1.883165
0,0.000000,0.181818,0.181818,0.941890,0.000000,6414.712810,704.250000,89.732506,84.368604,44.866253,42.184302,49910,18960,0.181818,114.000000,0.000000,40.000000,1.794719,1.687372
0,0.000545,0.125000,0.125000,0.753176,0.000000,5005.000000,69.312500,60.278455,87.975130,30.139228,43.987565,46850,10,0.125000,420.000000,0.000000,30.000000,1.205626,1.759503
0,0.000000,0.045455,0.045455,1.059721,0.000000,7196.016835,87.687500,89.999620,86.942668,44.999810,43.471334,49030,10,0.045455,202.000000,0.000000,40.000000,1.800071,1.738853
0,-0.000001,0.166667,0.153846,1.083499,0.000000,7416.000000,9462.000000,100.000000,94.158247,50.000000,47.079124,64030,31160,0.166667,120.000000,0.000000,50.000000,2.000079,1.883165
0,0.000000,1.000000,1.000000,46.508667,0.000000,2885.160000,654.000000,87.500000,82.798676,43.750000,41.399338,50480,10,1.000000,57.000000,0.000000,40.000000,2.138318,1.655974
0,0.000000,0.181818,0.181818,0.941890,0.000000,6414.712810,704.250000,89.732506,84.368604,44.866253,42.184302,31220,18960,0.181818,114.000000,0.000000,40.000000,1.794719,1.687372
0,0.000545,0.125000,0.125000,0.753176,0.000000,5005.000000,69.312500,60.278455,87.975130,30.139228,43.987565,28160,10,0.125000,420.000000,0.000000,30.000000,1.205626,1.759503
0,0.000000,0.800000,0.777778,1.947818,0.000000,4113.000000,854.000000,78.218343,85.378821,39.109171,42.689410,27830,13010,0.800000,2322.000000,0.000000,35.000000,1.567751,1.707576
0,0.000000,0.045455,0.045455,1.059721,0.000000,7196.016835,87.687500,89.999620,86.942668,44.999810,43.471334,30340,10,0.045455,202.000000,0.000000,40.000000,1.800071,1.738853
0,0.000000,0.500000,0.500000,0.282829,0.000000,1740.000000,39.000000,38.734207,79.991058,19.367104,39.995529,49490,10,0.500000,726.000000,0.000000,15.000000,0.774707,1.599821
0,-0.000030,0.071429,0.047619,0.954249,0.306077,6037.222222,2219.995655,79.390531,80.309909,39.695266,40.154954,37520,31360,0.071429,673.000000,0.000000,35.000000,1.587886,1.606219
0,0.000000,0.727273,0.727273,4.939618,0.000000,73.508929,40.320000,91.437836,42.566051,45.718918,21.283025,54640,10,0.727273,42.000000,0.000000,45.000000,2.059216,0.000000
0,-0.000001,0.142857,0.090909,1.683912,0.000000,115.555556,330.750000,79.999138,39.749051,39.999569,19.874525,25030,5260,0.444444,1129.000000,0.000000,35.000000,1.617578,0.000000
0,0.000000,0.727273,0.727273,4.939618,0.000000,73.508929,40.320000,91.437836,42.566051,45.718918,21.283025,35900,10,0.727273,42.000000,0.000000,45.000000,2.059216,0.000000
0,-0.000001,0.100000,0.090909,0.752414,0.000000,670.375000,330.750000,73.059894,39.749051,36.529947,19.874525,52150,13640,0.166667,291.000000,0.000000,35.000000,1.470517,0.000000
0,0.000000,0.500000,1.000000,4.595041,0.000000,11653.500000,0.000000,79.999994,0.000000,39.999997,0.000000,37290,18550,1.000000,1777.000000,0.000000,35.000000,1.631278,0.000000
0,0.000000,1.000000,1.000000,0.045067,0.415464,277.150000,2992.666667,46.369955,40.416570,23.184978,20.208285,6980,10,1.000000,1265.000000,0.000000,20.000000,0.927403,0.000000
0,-0.000000,0.222222,0.200000,0.105673,0.000000,675.750000,1718.750000,81.814742,40.909428,40.907371,20.454714,51350,13460,0.222222,941.000000,0.000000,40.000000,1.636303,0.000000
0,0.000000,0.166667,0.166667,39.661609,0.000000,1388.000000,16.000000,82.502890,42.500000,41.251445,21.250000,10830,9590,0.166667,1204.000000,0.000000,40.000000,2.222070,0.000000
0,0.000000,0.500000,0.500000,0.031038,0.004839,235.000000,40.640625,79.418502,39.999533,39.709251,19.999766,35820,10220,0.500000,296.000000,0.000000,35.000000,1.588372,0.000000
0,0.000000,0.090909,0.090909,0.084384,0.102052,532.159723,667.922840,55.838942,50.000000,27.919471,25.000000,20660,10,0.090909,427.000000,0.000000,25.000000,1.116786,0.000000
0,0.000000,0.090909,0.090909,0.084384,0.102052,532.159723,667.922840,55.838942,50.000000,27.919471,25.000000,60680,10,0.090909,427.000000,0.000000,25.000000,1.116786,0.000000
0,0.000000,0.181818,0.181818,0.011921,0.004733,108.328889,39.506173,56.667403,50.000000,28.333702,25.000000,33590,10,0.181818,427.000000,0.000000,25.000000,1.133349,0.000000
0,0.000000,0.272727,0.272727,0.015868,0.017637,134.960000,132.250000,56.667403,50.000000,28.333702,25.000000,21560,10,0.272727,427.000000,0.000000,25.000000,1.133349,0.000000
0,0.000000,0.272727,0.272727,0.015868,0.017637,134.960000,132.250000,56.667403,50.000000,28.333702,25.000000,28110,10,0.272727,427.000000,0.000000,25.000000,1.133349,0.000000
0,0.000000,0.272727,0.272727,0.015868,0.017637,134.960000,132.250000,56.667403,50.000000,28.333702,25.000000,39230,10,0.272727,427.000000,0.000000,25.000000,1.133349,0.000000
0,0.000000,0.090909,0.090909,0.084384,0.102052,532.159723,667.922840,55.838942,50.000000,27.919471,25.000000,18960,10,0.090909,427.000000,0.000000,25.000000,1.116786,0.000000
0,0.000000,0.090909,0.090909,0.084384,0.102052,532.159723,667.922840,55.838942,50.000000,27.919471,25.000000,32200,10,0.090909,427.000000,0.000000,25.000000,1.116786,0.000000
0,0.000000,0.181818,0.181818,0.011921,0.004733,108.328889,39.506173,56.667403,50.000000,28.333702,25.000000,27740,10,0.181818,427.000000,0.000000,25.000000,1.133349,0.000000
0,0.000000,0.636364,0.636364,0.002643,0.006404,36.301678,40.857639,48.485603,41.378741,24.242801,20.689370,14600,10,0.636364,427.000000,0.000000,20.000000,0.969712,0.000000
0,0.000000,0.272727,0.272727,0.015868,0.017637,134.960000,132.250000,56.667403,50.000000,28.333702,25.000000,44340,10,0.272727,427.000000,0.000000,25.000000,1.133349,0.000000
0,-0.000000,0.031250,0.090909,0.147301,1.699425,779.553899,12346.022727,81.411353,80.666751,40.705677,40.333375,42430,36410,0.133333,2115.000000,0.000000,40.000000,1.628241,1.613452
0,-0.000003,0.047619,0.043478,12.891429,0.000000,81944.414062,134021.611111,77.900412,76.759151,38.950206,38.379576,48130,19130,0.047619,285.000000,0.000000,35.000000,1.559040,1.535183
0,0.000000,0.800000,0.833333,0.000000,0.018173,224.000000,135.000000,72.720700,50.000000,36.360350,25.000000,33450,10,0.833333,1292.000000,0.000000,35.000000,1.454414,0.000000
0,0.000000,0.800000,0.833333,0.000000,0.018173,224.000000,135.000000,72.720700,50.000000,36.360350,25.000000,5160,10,0.833333,1292.000000,0.000000,35.000000,1.454414,0.000000
0,0.000000,0.800000,0.833333,0.000000,0.018173,224.000000,135.000000,72.720700,50.000000,36.360350,25.000000,41340,10,0.833333,1292.000000,0.000000,35.000000,1.454414,0.000000
0,-0.000000,0.200000,0.166667,0.000000,0.052529,432.000000,406.735309,62.962970,41.253051,31.481485,20.626526,6040,10,0.200000,1292.000000,0.000000,30.000000,1.259259,0.000000
0,0.000000,0.833333,1.000000,1.863669,0.000000,43.222222,0.000000,43.411664,0.000000,21.705832,0.000000,2410,10,1.000000,1972.000000,0.000000,20.000000,0.932028,0.000000
0,0.000000,1.000000,1.000000,5.407705,0.000000,294.222222,0.000000,93.750000,0.000000,46.875000,0.000000,2890,10,1.000000,1684.000000,0.000000,45.000000,1.976539,0.000000
0,0.000000,1.000000,1.000000,5.407705,0.000000,294.222222,0.000000,93.750000,0.000000,46.875000,0.000000,5290,10,1.000000,1684.000000,0.000000,45.000000,1.976539,0.000000
0,-0.000000,0.111111,0.100000,0.097722,0.005284,840.090909,49.750000,81.217661,84.764917,40.608831,42.382459,43220,10,0.111111,466.000000,0.000000,40.000000,1.624359,1.695299
0,-0.000000,0.555556,0.333333,1.695249,0.424745,296.106667,2890.000000,80.179526,39.391281,40.089763,19.695641,35250,7640,0.833333,1644.000000,0.000000,40.000000,1.635702,0.000000
0,0.000000,0.111111,0.111111,1.015541,0.226297,1230.090278,1638.888889,80.768036,80.390447,40.384018,40.195223,61610,17420,0.111111,513.000000,0.000000,40.000000,1.637786,1.607825
0,0.000000,0.111111,0.111111,0.839780,0.020077,110.375000,176.000000,81.553747,81.856803,40.776873,40.928402,17420,2340,0.111111,513.000000,0.000000,40.000000,1.653487,1.637137
0,-0.000000,0.636364,0.285714,0.003181,0.000000,128.093061,1900.000000,78.596796,91.137479,39.298398,45.568740,3890,10,0.636364,2088.000000,0.000000,35.000000,1.571936,1.822750
0,-0.000000,0.083333,0.035714,76.756313,0.000000,9713.000000,2314.714286,78.749995,91.237737,39.374998,45.618869,24190,16480,0.083333,1439.000000,0.000000,35.000000,4.189396,1.824755
0,-0.000000,0.037037,0.035714,317.325485,0.000000,4952.568163,2314.714286,84.433029,91.237737,42.216514,45.618869,36680,7300,0.037037,190.000000,0.000000,40.000000,14.481546,1.824755
0,-0.000000,0.333333,0.285714,0.278767,0.000000,1305.000000,1900.000000,52.431853,91.137479,26.215926,45.568740,6110,10,0.636364,2476.000000,0.000000,25.000000,1.048667,1.822750
0,-0.000000,0.090909,0.035714,0.827394,0.000000,4948.653061,2314.714286,76.920101,91.237737,38.460051,45.618869,17700,10,0.090909,2088.000000,0.000000,35.000000,1.538473,1.824755
0,0.000000,0.454545,0.285714,0.002289,0.000000,93.377500,1900.000000,84.523810,91.137479,42.261905,45.568740,15580,10,0.454545,919.000000,0.000000,40.000000,1.690476,1.822750
0,-0.000000,0.200000,0.166667,5.399089,0.160453,685.126543,1203.798611,89.999985,91.122647,44.999992,45.561324,47430,41140,0.200000,731.000000,0.000000,40.000000,1.824178,1.822464
0,-0.000000,0.400000,0.375000,13.613354,0.120558,785.207612,922.650000,91.599119,84.608975,45.799559,42.304487,71920,26500,0.400000,302.000000,0.000000,45.000000,2.240905,1.692187
0,-0.000000,0.200000,0.166667,5.399089,0.160453,685.126543,1203.798611,89.999985,91.122647,44.999992,45.561324,41140,36860,0.200000,731.000000,0.000000,40.000000,1.824178,1.822464
0,-0.000034,0.066667,0.081633,0.188822,0.162006,1160.445542,1239.256043,81.694319,75.892288,40.847160,37.946144,16100,6200,0.096774,1342.000000,0.000000,40.000000,1.633902,1.517856
0,0.000000,0.111111,0.111111,1.451636,0.023531,138.876543,190.687500,90.000000,100.000000,45.000000,50.000000,51820,32270,0.111111,292.000000,0.000000,45.000000,1.819512,2.000001
0,-0.000000,0.250000,0.230769,5.581841,0.258692,1870.970000,1933.511111,80.977831,75.731622,40.488915,37.865811,41140,22210,0.250000,731.000000,0.000000,40.000000,1.643749,1.514650
0,-0.000000,0.038462,0.035714,1.550288,0.128624,1624.923077,975.042857,82.015057,76.748913,41.007529,38.374456,26110,20910,0.038462,341.000000,0.000000,40.000000,1.650231,1.534987
0,0.000000,0.111111,0.111111,1.451636,0.151028,438.160000,1121.111111,81.250000,91.122647,40.625000,45.561324,50960,45530,0.111111,292.000000,0.000000,40.000000,1.644512,1.822463
0,0.000000,0.200000,0.200000,5.395006,0.182348,664.250000,1467.111111,82.499985,83.113236,41.249992,41.556618,41140,11460,0.200000,731.000000,0.000000,40.000000,1.674178,1.662276
0,0.000000,0.250000,0.250000,0.114814,0.135882,800.000000,1016.400000,76.908873,76.193344,38.454436,38.096672,58110,27790,0.250000,173.000000,0.000000,35.000000,1.538186,1.523876
0,-0.000060,0.153846,0.296296,0.082568,0.268732,412.363636,2076.720000,80.801383,74.237882,40.400691,37.118941,22100,4700,0.368421,2482.000000,0.000000,40.000000,1.616036,1.484775
0,0.000000,0.111111,0.111111,1.451636,0.023531,138.876543,190.687500,90.000000,100.000000,45.000000,50.000000,50960,41250,0.111111,292.000000,0.000000,45.000000,1.819512,2.000001
0,0.000000,0.142857,0.333333,0.025939,0.131196,128.222222,1003.087500,90.908930,84.608975,45.454465,42.304487,18510,3860,0.388889,2566.000000,0.000000,45.000000,1.818181,1.692188
0,0.000000,0.142857,0.333333,0.025939,0.131196,128.222222,1003.087500,90.908930,84.608975,45.454465,42.304487,29080,3860,0.388889,2566.000000,0.000000,45.000000,1.818181,1.692188
0,0.000000,0.200000,0.200000,4.941427,0.054851,126.500000,536.687500,86.499998,91.990589,43.249999,45.995294,42540,6570,0.200000,1220.000000,0.000000,40.000000,1.924671,1.839815
0,-0.000000,0.400000,0.375000,13.613354,0.120558,785.207612,922.650000,91.599119,84.608975,45.799559,42.304487,70060,26500,0.400000,302.000000,0.000000,45.000000,2.240905,1.692187
0,0.000000,0.111111,0.111111,1.451636,0.161068,730.000000,1264.320000,80.334375,89.628907,40.167188,44.814454,44000,32270,0.111111,292.000000,0.000000,40.000000,1.626199,1.792588
0,0.000000,0.200000,0.200000,22.010720,0.192388,637.440000,1610.320000,76.981597,81.619496,38.490798,40.809748,35350,7200,0.200000,1157.000000,0.000000,35.000000,1.961738,1.632402
0,-0.000000,0.400000,0.375000,13.613354,0.120558,785.207612,922.650000,91.599119,84.608975,45.799559,42.304487,37420,26500,0.400000,302.000000,0.000000,45.000000,2.240905,1.692187
0,0.000000,0.500000,0.600000,0.012896,0.153091,96.358025,1266.400000,41.662103,76.599563,20.831051,38.299782,10760,10,0.600000,1876.000000,0.000000,20.000000,0.833243,1.532001
0,0.000000,0.062500,0.062500,0.102406,0.124009,721.111111,937.511111,82.812493,75.608975,41.406246,37.804487,27790,16790,0.062500,173.000000,0.000000,40.000000,1.656257,1.512188
0,0.000000,0.111111,0.111111,1.451636,0.161068,730.000000,1264.320000,80.334375,89.628907,40.167188,44.814454,50960,44000,0.111111,292.000000,0.000000,40.000000,1.626199,1.792588
0,0.000000,0.111111,0.111111,1.451636,0.023531,138.876543,190.687500,90.000000,100.000000,45.000000,50.000000,41250,32270,0.111111,292.000000,0.000000,45.000000,1.819512,2.000001
0,-0.000000,0.200000,0.153846,5.512440,0.297990,1421.650000,2277.431111,80.666404,80.751554,40.333202,40.375777,41140,39610,0.200000,731.000000,0.000000,40.000000,1.637515,1.615051
0,-0.000000,0.400000,0.375000,13.613354,0.120558,785.207612,922.650000,91.599119,84.608975,45.799559,42.304487,51630,26500,0.400000,302.000000,0.000000,45.000000,2.240905,1.692187
0,-0.000001,0.388889,0.368421,4.754122,0.290574,1638.082612,2149.837500,91.599119,74.765233,45.799559,37.382616,26500,10,0.388889,302.000000,0.000000,45.000000,1.848475,1.495324
0,0.000000,0.111111,0.111111,1.451636,0.151028,438.160000,1121.111111,81.250000,91.122647,40.625000,45.561324,45530,32270,0.111111,292.000000,0.000000,40.000000,1.644512,1.822463
0,0.000000,0.200000,0.200000,4.941427,0.054851,126.500000,536.687500,86.499998,91.990589,43.249999,45.995294,31970,6570,0.200000,1220.000000,0.000000,40.000000,1.924671,1.839815
0,0.000000,0.111111,0.111111,1.451636,0.023531,138.876543,190.687500,90.000000,100.000000,45.000000,50.000000,51820,50960,0.111111,292.000000,0.000000,45.000000,1.819512,2.000001
0,-0.000000,0.400000,0.375000,13.613354,0.120558,785.207612,922.650000,91.599119,84.608975,45.799559,42.304487,58370,26500,0.400000,302.000000,0.000000,45.000000,2.240905,1.692187
0,0.000000,1.000000,1.000000,0.290864,0.168007,2018.464000,1272.207020,62.500000,50.000000,31.250000,25.000000,19010,10,1.000000,865.000000,0.000000,30.000000,1.250021,0.000000
0,-0.000000,0.166667,0.142857,0.003192,0.006233,54.590000,40.857639,54.415224,41.424403,27.207612,20.712202,11200,10,0.166667,865.000000,0.000000,25.000000,1.088305,0.000000
0,-0.000000,0.333333,0.285714,0.075171,0.028415,421.000000,175.000000,73.954274,39.993859,36.977137,19.996930,8160,510,0.333333,815.000000,0.000000,35.000000,1.479092,0.000000
0,0.000000,1.000000,1.000000,0.290864,0.168007,2018.464000,1272.207020,62.500000,50.000000,31.250000,25.000000,43840,10,1.000000,865.000000,0.000000,30.000000,1.250021,0.000000
0,0.000000,1.000000,1.000000,0.290864,0.168007,2018.464000,1272.207020,62.500000,50.000000,31.250000,25.000000,31610,10,1.000000,865.000000,0.000000,30.000000,1.250021,0.000000
0,0.000000,1.000000,1.000000,0.290864,0.168007,2018.464000,1272.207020,62.500000,50.000000,31.250000,25.000000,46650,10,1.000000,865.000000,0.000000,30.000000,1.250021,0.000000
0,-0.000000,0.333333,0.285714,0.035884,0.071678,244.285714,499.720000,52.940914,40.000003,26.470457,20.000002,29200,10,0.333333,865.000000,0.000000,25.000000,1.058821,0.000000
0,-0.000000,0.058824,0.064516,0.035589,1.369961,192.562500,9969.143333,81.948826,80.387593,40.974413,40.193796,3390,2710,0.117647,1843.000000,0.000000,40.000000,1.638980,1.607846
0,-0.000011,0.125000,0.076923,1.245274,0.315488,72.784722,1999.810000,81.237535,79.370326,40.618768,39.685163,19690,5450,0.125000,1569.000000,0.000000,40.000000,1.652817,1.587431
0,-0.000066,0.625000,0.461538,1.338837,1.371518,610.426304,9969.333333,79.697668,77.908492,39.848834,38.954246,19690,6130,0.625000,1569.000000,0.000000,35.000000,1.622028,1.558264
0,-0.000009,0.357143,0.277778,4.037134,0.528662,911.359375,3722.250000,80.534993,79.746347,40.267497,39.873174,54640,52140,0.357143,1280.000000,0.000000,40.000000,1.630710,1.594965
0,-0.000000,0.375000,0.285714,25.968221,0.000000,2971.000000,1114.714286,79.999999,40.980166,40.000000,20.490083,34250,24870,0.375000,1463.000000,0.000000,35.000000,1.733018,0.000000
0,0.000000,0.571429,0.571429,1.899763,0.000000,86.736111,99.000000,80.073166,38.221328,40.036583,19.110664,48170,2430,0.571429,71.000000,0.000000,40.000000,1.625298,0.000000
0,-0.000000,1.000000,0.857143,2.315111,0.000000,62.500000,37.500000,73.238560,40.898962,36.619280,20.449481,47790,10,1.000000,109.000000,0.000000,35.000000,1.571966,0.000000
0,0.000000,0.500000,0.500000,89.020398,0.000000,962.010204,998.777778,94.294258,98.458816,47.147129,49.229408,25500,10,0.750000,2150.000000,0.000000,45.000000,6.276263,1.969176
0,0.000000,0.125000,0.500000,0.013503,0.000000,181.010204,998.777778,82.908828,98.458816,41.454414,49.229408,1270,10,0.750000,2024.000000,0.000000,40.000000,1.658178,1.969176
0,-0.000000,0.333333,0.285714,0.042079,0.000000,277.871111,822.000000,81.729405,88.458816,40.864703,44.229408,25040,8490,0.333333,1302.000000,0.000000,40.000000,1.634591,1.769176
0,0.000000,0.333333,0.315789,0.004670,0.000000,170.155054,669.440000,76.342523,88.880398,38.171261,44.440199,7760,10,0.333333,1375.000000,0.000000,35.000000,1.526851,1.777608
0,0.000000,0.500000,0.500000,89.020398,0.000000,962.010204,998.777778,94.294258,98.458816,47.147129,49.229408,10620,10,0.750000,2150.000000,0.000000,45.000000,6.276263,1.969176
0,-0.000007,0.315789,0.035714,0.058624,0.231580,659.033684,1604.406636,100.000000,99.409975,50.000000,49.704988,22900,10,0.600000,2508.000000,0.000000,50.000000,2.000005,1.988216
0,-0.000007,0.200000,0.035714,0.035282,0.231580,173.040000,1604.406636,49.166413,99.409975,24.583207,49.704988,9660,10,0.600000,3832.000000,0.000000,20.000000,0.983333,1.988216
0,-0.000000,0.307692,0.181818,0.432634,0.348605,2529.456327,2686.649407,63.026490,89.421164,31.513245,44.710582,34560,10,0.363636,1881.000000,0.000000,30.000000,1.260567,1.788446
0,-0.000000,0.863636,0.658537,36.744454,0.227895,638.507831,1577.937500,95.238095,92.222222,47.619048,46.111111,46250,10,0.863636,2056.000000,0.000000,45.000000,3.892594,1.844461
0,-0.000000,0.210526,0.121951,0.057836,0.505530,605.812527,3728.195796,100.000000,100.000000,50.000000,50.000000,16060,10,0.227273,2508.000000,0.000000,50.000000,2.000005,2.000034
0,-0.000000,0.307692,0.181818,0.432634,0.348605,2529.456327,2686.649407,63.026490,89.421164,31.513245,44.710582,37370,10,0.363636,1881.000000,0.000000,30.000000,1.260567,1.788446
0,-0.000007,0.315789,0.035714,0.058624,0.231580,659.033684,1604.406636,100.000000,99.409975,50.000000,49.704988,30790,10,0.600000,2508.000000,0.000000,50.000000,2.000005,1.988216
0,-0.000000,0.538462,0.121951,1.343629,0.505530,1077.325444,3728.195796,88.301288,100.000000,44.150644,50.000000,21800,8360,0.538462,4501.000000,0.000000,40.000000,1.773808,2.000034
0,-0.000000,0.125000,0.071429,0.048736,0.028727,326.125115,233.871111,84.389685,84.444443,42.194843,42.222221,26470,50,0.125000,2052.000000,0.000000,40.000000,1.687797,1.688891
0,-0.000000,0.238095,0.121951,148.917748,0.505530,3140.937863,3728.195796,98.999993,100.000000,49.499996,50.000000,43470,5200,0.238095,2334.000000,0.000000,45.000000,5.811499,2.000034
0,-0.000000,0.307692,0.121951,16.293407,0.505530,472.518490,3728.195796,88.053728,100.000000,44.026864,50.000000,30860,5190,0.307692,3595.000000,0.000000,40.000000,2.570750,2.000034
0,-0.000000,0.863636,0.658537,36.744454,0.227895,638.507831,1577.937500,95.238095,92.222222,47.619048,46.111111,17770,10,0.863636,2056.000000,0.000000,45.000000,3.892594,1.844461
0,-0.000000,0.384615,0.121951,16.251086,0.505530,255.081134,3728.195796,85.340937,100.000000,42.670469,50.000000,5190,2380,0.384615,3595.000000,0.000000,40.000000,2.516490,2.000034
0,-0.000000,0.238095,0.121951,148.917748,0.505530,3140.937863,3728.195796,98.999993,100.000000,49.499996,50.000000,14990,5200,0.238095,2334.000000,0.000000,45.000000,5.811499,2.000034
0,-0.000000,0.027778,0.058824,0.178482,0.014017,1157.912209,114.617284,91.283725,92.222222,45.641862,46.111111,25660,6510,0.071429,1406.000000,0.000000,45.000000,1.825688,1.844445
0,-0.000000,0.195122,0.121951,0.043352,0.505530,518.145640,3728.195796,97.500000,100.000000,48.750000,50.000000,26590,10,0.250000,2678.000000,0.000000,45.000000,1.950004,2.000034
0,-0.000000,0.195122,0.121951,0.043352,0.505530,518.145640,3728.195796,97.500000,100.000000,48.750000,50.000000,29400,10,0.250000,2678.000000,0.000000,45.000000,1.950004,2.000034
0,-0.000007,0.071429,0.035714,14.751369,0.231580,415.586777,1604.406636,97.124236,99.409975,48.562118,49.704988,50500,3380,0.071429,1631.000000,0.000000,45.000000,2.618187,1.988216
0,-0.000000,0.195122,0.121951,0.043352,0.505530,518.145640,3728.195796,97.500000,100.000000,48.750000,50.000000,14360,10,0.250000,2678.000000,0.000000,45.000000,1.950004,2.000034
0,-0.000007,0.071429,0.035714,14.751369,0.231580,415.586777,1604.406636,97.124236,99.409975,48.562118,49.704988,8780,3380,0.071429,1631.000000,0.000000,45.000000,2.618187,1.988216
0,-0.000000,0.307692,0.181818,0.432634,0.348605,2529.456327,2686.649407,63.026490,89.421164,31.513245,44.710582,22330,10,0.363636,1881.000000,0.000000,30.000000,1.260567,1.788446
0,-0.000000,0.210526,0.121951,0.057836,0.505530,605.812527,3728.195796,100.000000,100.000000,50.000000,50.000000,28290,10,0.227273,2508.000000,0.000000,50.000000,2.000005,2.000034
0,-0.000000,0.454545,0.121951,0.015947,0.505530,92.077500,3728.195796,56.666667,100.000000,28.333333,50.000000,15050,10,0.454545,3832.000000,0.000000,25.000000,1.133335,2.000034
0,-0.000000,0.307692,0.181818,0.432634,0.348605,2529.456327,2686.649407,63.026490,89.421164,31.513245,44.710582,9730,10,0.363636,1881.000000,0.000000,30.000000,1.260567,1.788446
0,-0.000000,0.307692,0.181818,0.050412,0.279835,270.403103,1964.106389,63.353179,89.421164,31.676589,44.710582,19520,10,0.363636,1881.000000,0.000000,30.000000,1.267069,1.788443
0,-0.000000,0.238095,0.121951,148.917748,0.505530,3140.937863,3728.195796,98.999993,100.000000,49.499996,50.000000,5200,3450,0.238095,2334.000000,0.000000,45.000000,5.811499,2.000034
0,-0.000000,0.863636,0.658537,36.744454,0.227895,638.507831,1577.937500,95.238095,92.222222,47.619048,46.111111,4530,10,0.863636,2056.000000,0.000000,45.000000,3.892594,1.844461
0,-0.000007,0.315789,0.035714,0.062230,0.231580,654.478367,1604.406636,97.500000,99.409975,48.750000,49.704988,29090,10,0.600000,2678.000000,0.000000,45.000000,1.950005,1.988216
0,-0.000007,0.500000,0.035714,364.211092,0.231580,5724.040816,1604.406636,82.530807,99.409975,41.265404,49.704988,34190,23250,0.600000,3262.000000,0.000000,40.000000,14.102536,1.988216
0,-0.000000,0.538462,0.121951,1.343629,0.505530,1077.325444,3728.195796,88.301288,100.000000,44.150644,50.000000,21800,11170,0.538462,4501.000000,0.000000,40.000000,1.773808,2.000034
0,-0.000000,0.210526,0.121951,0.057836,0.505530,605.812527,3728.195796,100.000000,100.000000,50.000000,50.000000,31100,10,0.227273,2508.000000,0.000000,50.000000,2.000005,2.000034
0,0.000000,0.142857,0.142857,0.142019,0.099277,989.243384,675.111111,91.279543,92.222222,45.639772,46.111111,38620,19450,0.142857,112.000000,0.000000,45.000000,1.825601,1.844452
0,-0.000000,0.863636,0.658537,36.744454,0.227895,638.507831,1577.937500,95.238095,92.222222,47.619048,46.111111,6230,10,0.863636,2056.000000,0.000000,45.000000,3.892594,1.844461
0,-0.000000,0.307692,0.181818,0.050412,0.279835,270.403103,1964.106389,63.353179,89.421164,31.676589,44.710582,7980,10,0.363636,1881.000000,0.000000,30.000000,1.267069,1.788443
0,-0.000007,0.071429,0.035714,14.751369,0.231580,415.586777,1604.406636,97.124236,99.409975,48.562118,49.704988,10480,3380,0.071429,1631.000000,0.000000,45.000000,2.618187,1.988216
0,-0.000000,0.307692,0.181818,0.050412,0.279835,270.403103,1964.106389,63.353179,89.421164,31.676589,44.710582,48000,10,0.363636,1881.000000,0.000000,30.000000,1.267069,1.788443
0,-0.000000,0.027778,0.058824,0.178482,0.014017,1157.912209,114.617284,91.283725,92.222222,45.641862,46.111111,19810,6510,0.071429,1406.000000,0.000000,45.000000,1.825688,1.844445
0,-0.000000,0.062500,0.045455,0.152753,0.669458,1022.974795,4939.111111,81.671651,82.171007,40.835826,41.085504,46000,7270,0.062500,1330.000000,0.000000,40.000000,1.633444,1.643466
0,0.000000,0.692308,0.681818,0.031256,0.070970,229.984327,536.391111,54.924621,81.643386,27.462311,40.821693,1760,10,0.818182,1881.000000,0.000000,25.000000,1.098495,1.632872
0,-0.000007,0.071429,0.035714,14.751369,0.231580,415.586777,1604.406636,97.124236,99.409975,48.562118,49.704988,22020,3380,0.071429,1631.000000,0.000000,45.000000,2.618187,1.988216
0,-0.000007,0.315789,0.035714,0.062230,0.231580,654.478367,1604.406636,97.500000,99.409975,48.750000,49.704988,21200,10,0.600000,2678.000000,0.000000,45.000000,1.950005,1.988216
0,-0.000007,0.083333,0.035714,364.152419,0.231580,5422.000000,1604.406636,80.674495,99.409975,40.337247,49.704988,23250,5710,0.600000,3262.000000,0.000000,40.000000,14.065405,1.988216
0,0.000000,0.142857,0.142857,0.142019,0.099277,989.243384,675.111111,91.279543,92.222222,45.639772,46.111111,30490,19450,0.142857,112.000000,0.000000,45.000000,1.825601,1.844452
0,-0.000000,0.307692,0.181818,0.050412,0.279835,270.403103,1964.106389,63.353179,89.421164,31.676589,44.710582,6280,10,0.363636,1881.000000,0.000000,30.000000,1.267069,1.788443
0,-0.000000,0.454545,0.121951,0.015947,0.505530,92.077500,3728.195796,56.666667,100.000000,28.333333,50.000000,17860,10,0.454545,3832.000000,0.000000,25.000000,1.133335,2.000034
0,-0.000000,0.032258,0.025000,0.236206,0.014328,233.787232,107.393690,77.351397,84.359504,38.675698,42.179752,9070,8910,0.032258,1166.000000,0.000000,35.000000,1.548184,1.687191
0,-0.000000,0.250000,0.111111,0.000000,0.011763,351.403200,90.423611,52.856187,84.222222,26.428094,42.111111,3390,10,0.250000,1718.000000,0.000000,25.000000,1.057124,1.684445
0,-0.000007,1.000000,0.035714,4.614206,0.231580,781.000000,1604.406636,80.523395,99.409975,40.261698,49.704988,26290,7460,1.000000,4052.000000,0.000000,40.000000,1.626904,1.988216
0,-0.000000,0.210526,0.121951,148.909259,0.505530,3172.374511,3728.195796,90.681782,100.000000,45.340891,50.000000,5200,1750,0.227273,2334.000000,0.000000,45.000000,5.645133,2.000034
0,-0.000000,0.200000,0.125000,0.380656,0.000000,2775.240000,587.777778,92.270343,90.994602,46.135171,45.497301,43240,23330,0.200000,632.000000,0.000000,45.000000,1.845433,1.819892
0,-0.000000,0.100000,0.058824,0.379424,0.000000,2797.520000,774.911565,100.000000,100.000000,50.000000,50.000000,48810,43240,0.100000,632.000000,0.000000,50.000000,2.000026,2.000000
0,-0.000000,0.100000,0.058824,0.379424,0.000000,2797.520000,774.911565,100.000000,100.000000,50.000000,50.000000,57130,43240,0.100000,632.000000,0.000000,50.000000,2.000026,2.000000
0,0.000000,0.058824,0.058824,2.751966,0.000000,1394.429242,2625.369407,100.000000,100.000000,50.000000,50.000000,48370,40170,0.058824,119.000000,0.000000,50.000000,2.027316,2.000000
0,0.000000,0.714286,0.714286,3.483859,0.000000,688.500000,1000.000000,89.000000,91.327059,44.500000,45.663530,31710,21550,0.714286,626.000000,0.000000,40.000000,1.808772,1.826541
0,-0.000000,0.200000,0.125000,0.380656,0.000000,2775.240000,587.777778,92.270343,90.994602,46.135171,45.497301,31650,23330,0.200000,632.000000,0.000000,45.000000,1.845433,1.819892
0,-0.000000,0.100000,0.058824,0.379424,0.000000,2797.520000,774.911565,100.000000,100.000000,50.000000,50.000000,57060,43240,0.100000,632.000000,0.000000,50.000000,2.000026,2.000000
0,0.000000,0.058824,0.058824,2.751966,0.000000,1394.429242,2625.369407,100.000000,100.000000,50.000000,50.000000,55210,36780,0.058824,119.000000,0.000000,50.000000,2.027316,2.000000
0,0.000000,0.058824,0.058824,2.751966,0.000000,1394.429242,2625.369407,100.000000,100.000000,50.000000,50.000000,48370,27570,0.058824,119.000000,0.000000,50.000000,2.027316,2.000000
0,0.000000,0.058824,0.058824,2.751966,0.000000,1394.429242,2625.369407,100.000000,100.000000,50.000000,50.000000,40170,36780,0.058824,119.000000,0.000000,50.000000,2.027316,2.000000
0,0.000000,0.058824,0.058824,2.751966,0.000000,1394.429242,2625.369407,100.000000,100.000000,50.000000,50.000000,36780,27570,0.058824,119.000000,0.000000,50.000000,2.027316,2.000000
0,-0.000000,0.100000,0.058824,0.379424,0.000000,2797.520000,774.911565,100.000000,100.000000,50.000000,50.000000,57130,31650,0.100000,632.000000,0.000000,50.000000,2.000026,2.000000
0,0.000000,0.714286,0.714286,3.483859,0.000000,688.500000,1000.000000,89.000000,91.327059,44.500000,45.663530,43300,21550,0.714286,626.000000,0.000000,40.000000,1.808772,1.826541
0,-0.000000,0.100000,0.058824,0.379424,0.000000,2797.520000,774.911565,100.000000,100.000000,50.000000,50.000000,57060,31650,0.100000,632.000000,0.000000,50.000000,2.000026,2.000000
0,0.000000,0.058824,0.058824,2.751966,0.000000,1394.429242,2625.369407,100.000000,100.000000,50.000000,50.000000,52400,36780,0.058824,119.000000,0.000000,50.000000,2.027316,2.000000
0,-0.000000,0.100000,0.058824,0.379424,0.000000,2797.520000,774.911565,100.000000,100.000000,50.000000,50.000000,48810,31650,0.100000,632.000000,0.000000,50.000000,2.000026,2.000000
0,0.000000,0.058824,0.058824,2.751966,0.000000,1394.429242,2625.369407,100.000000,100.000000,50.000000,50.000000,55210,48370,0.058824,119.000000,0.000000,50.000000,2.027316,2.000000
0,0.000000,0.058824,0.058824,2.751966,0.000000,1394.429242,2625.369407,100.000000,100.000000,50.000000,50.000000,52400,48370,0.058824,119.000000,0.000000,50.000000,2.027316,2.000000
0,-0.000000,0.222222,0.200000,0.403237,0.025169,2830.750000,169.000000,79.596145,81.018814,39.798073,40.509407,27070,22720,0.222222,293.000000,0.000000,35.000000,1.591952,1.620378
0,-0.003200,1.000000,0.800000,0.297067,0.685380,1988.884298,4932.008264,49.959077,40.048008,24.979538,20.024004,45200,10,1.000000,773.000000,0.000000,20.000000,0.999204,0.000000
0,0.000000,0.461538,0.461538,0.018069,0.018755,204.250000,144.000000,61.371701,42.879318,30.685851,21.439659,24810,10,0.461538,395.000000,0.000000,30.000000,1.227435,0.000000
0,0.000000,0.461538,0.461538,0.018069,0.018755,204.250000,144.000000,61.371701,42.879318,30.685851,21.439659,31360,10,0.461538,395.000000,0.000000,30.000000,1.227435,0.000000
0,0.000000,0.333333,0.333333,3.996893,0.008248,456.750000,68.236686,82.845551,41.666667,41.422775,20.833333,17460,8420,0.363636,3408.000000,0.000000,40.000000,1.777636,0.000000
0,-0.000000,1.000000,0.600000,0.002480,0.007768,51.680000,53.365079,62.500000,41.996940,31.250000,20.998470,6970,10,1.000000,2179.000000,0.000000,30.000000,1.250000,0.000000
0,0.000000,0.076923,0.076923,0.005414,0.026524,106.809917,197.365079,51.278661,84.876258,25.639331,42.438129,17850,10,0.076923,395.000000,0.000000,25.000000,1.025574,1.697527
0,-0.000000,0.230769,0.200000,0.016972,0.003170,258.812500,32.000000,54.954554,39.226607,27.477277,19.613303,33800,10,0.230769,151.000000,0.000000,25.000000,1.099092,0.000000
0,0.000000,0.333333,0.333333,3.996893,0.008248,456.750000,68.236686,82.845551,41.666667,41.422775,20.833333,12350,8420,0.363636,3408.000000,0.000000,40.000000,1.777636,0.000000
0,-0.000000,0.230769,0.200000,0.016972,0.003170,258.812500,32.000000,54.954554,39.226607,27.477277,19.613303,27250,10,0.230769,151.000000,0.000000,25.000000,1.099092,0.000000
0,-0.000000,1.000000,0.600000,0.002480,0.007768,51.680000,53.365079,62.500000,41.996940,31.250000,20.998470,29750,10,1.000000,2179.000000,0.000000,30.000000,1.250000,0.000000
0,-0.000000,1.000000,0.600000,0.002480,0.007768,51.680000,53.365079,62.500000,41.996940,31.250000,20.998470,13520,10,1.000000,2179.000000,0.000000,30.000000,1.250000,0.000000
0,0.000000,0.750000,1.000000,0.899069,0.000000,124.000000,0.000000,91.666667,0.000000,45.833333,0.000000,6560,10,1.000000,2875.000000,0.000000,45.000000,1.847768,0.000000
0,0.000000,0.461538,0.461538,0.018069,0.018755,204.250000,144.000000,61.371701,42.879318,30.685851,21.439659,47590,10,0.461538,395.000000,0.000000,30.000000,1.227435,0.000000
0,-0.000000,1.000000,0.600000,0.002480,0.007768,51.680000,53.365079,62.500000,41.996940,31.250000,20.998470,24640,10,1.000000,2179.000000,0.000000,30.000000,1.250000,0.000000
0,0.000000,0.272727,0.333333,153.001042,0.008248,2139.500000,68.236686,78.919351,41.666667,39.459676,20.833333,16680,2940,0.363636,2582.000000,0.000000,35.000000,7.895490,0.000000
0,-0.000000,0.230769,0.200000,0.016972,0.003170,258.812500,32.000000,54.954554,39.226607,27.477277,19.613303,44920,10,0.230769,151.000000,0.000000,25.000000,1.099092,0.000000
0,0.000000,1.000000,1.000000,5.648287,0.000000,122.500000,0.000000,79.389458,0.000000,39.694729,0.000000,13780,8670,1.000000,3776.000000,0.000000,35.000000,1.843593,0.000000
0,0.000000,0.800000,1.000000,0.000000,0.000000,245.500000,0.000000,75.039461,0.000000,37.519730,0.000000,11130,10,1.000000,3530.000000,0.000000,35.000000,1.500789,0.000000
0,0.000000,0.461538,0.461538,0.018069,0.018755,204.250000,144.000000,61.371701,42.879318,30.685851,21.439659,42480,10,0.461538,395.000000,0.000000,30.000000,1.227435,0.000000
0,-0.000000,0.230769,0.200000,0.016972,0.003170,258.812500,32.000000,54.954554,39.226607,27.477277,19.613303,50030,10,0.230769,151.000000,0.000000,25.000000,1.099092,0.000000
0,0.000000,0.300000,0.333333,120.570861,0.008248,1712.000000,68.236686,79.015429,41.666667,39.507714,20.833333,11110,3920,0.363636,3139.000000,0.000000,35.000000,7.626018,0.000000
0,0.000000,0.750000,1.000000,0.899069,0.000000,124.000000,0.000000,91.666667,0.000000,45.833333,0.000000,17680,10,1.000000,2875.000000,0.000000,45.000000,1.847768,0.000000
0,0.000000,0.800000,1.000000,0.000000,0.000000,245.500000,0.000000,75.039461,0.000000,37.519730,0.000000,16240,10,1.000000,3530.000000,0.000000,35.000000,1.500789,0.000000
0,0.000000,0.750000,1.000000,0.899069,0.000000,124.000000,0.000000,91.666667,0.000000,45.833333,0.000000,22790,10,1.000000,2875.000000,0.000000,45.000000,1.847768,0.000000
0,-0.000000,0.055556,0.052632,2.044505,0.000000,1190.339286,500.111111,78.693228,80.816399,39.346614,40.408200,38790,2430,0.055556,204.000000,0.000000,35.000000,1.597708,1.616328
0,0.000000,0.111111,0.111111,1.799361,0.000000,1264.320000,455.111111,80.505375,81.666659,40.252687,40.833329,33840,25660,0.111111,699.000000,0.000000,40.000000,1.634843,1.633333
0,0.000000,0.200000,0.200000,0.147261,0.000000,1152.214286,438.611111,74.629784,80.030992,37.314892,40.015496,38410,10,0.200000,242.000000,0.000000,35.000000,1.492605,1.600620
0,-0.000000,0.160000,0.166667,1.155495,0.000000,1400.861111,1872.471111,80.417346,80.298644,40.208673,40.149322,44150,35920,0.173913,491.000000,0.000000,40.000000,1.609590,1.605973
0,-0.000000,0.043478,0.041667,1.028356,0.000000,458.687500,1570.360000,83.128409,82.840684,41.564204,41.420342,44150,2090,0.043478,491.000000,0.000000,40.000000,1.663803,1.656814
0,0.000000,0.500000,0.500000,0.470228,0.007385,259.000000,54.222222,68.517194,79.999830,34.258597,39.999915,41740,23140,0.500000,811.000000,0.000000,30.000000,1.376369,1.599997
0,-0.000000,0.833333,0.714286,1.545333,0.117533,530.827160,891.000000,90.752935,90.000000,45.376468,45.000000,76380,24860,0.833333,639.000000,0.000000,45.000000,1.823872,1.800008
0,-0.000000,0.833333,0.714286,1.545333,0.117533,530.827160,891.000000,90.752935,90.000000,45.376468,45.000000,52940,24860,0.833333,639.000000,0.000000,45.000000,1.823872,1.800008
0,0.000000,0.500000,0.500000,0.024723,0.006821,188.840000,54.000000,79.251732,80.000000,39.625866,40.000000,25600,2620,0.500000,565.000000,0.000000,35.000000,1.585036,1.600000
0,-0.000010,0.083333,0.058824,4.852914,0.035912,855.400000,302.000000,82.111028,80.000346,41.055514,40.000173,22380,11440,0.083333,1981.000000,0.000000,40.000000,1.690846,1.600009
0,0.000000,0.028571,0.028571,0.204664,0.213098,1286.957047,1526.826389,90.322439,91.666667,45.161219,45.833333,55090,5250,0.028571,1333.000000,0.000000,45.000000,1.806465,1.833348
0,0.000000,0.028571,0.028571,0.204664,0.213098,1286.957047,1526.826389,90.322439,91.666667,45.161219,45.833333,26610,5250,0.028571,1333.000000,0.000000,45.000000,1.806465,1.833348
0,0.000000,0.333333,0.333333,6.468001,0.030329,1202.633136,269.000000,72.571428,81.624298,36.285714,40.812149,16510,6920,0.333333,207.000000,0.000000,35.000000,1.533658,1.632488
0,-0.000000,0.111111,0.088889,3.641303,0.052843,1390.315943,398.911565,87.154420,91.666667,43.577210,45.833333,53320,7060,0.129032,1152.000000,0.000000,40.000000,1.781278,1.833337
0,-0.000000,0.187500,0.100000,0.007724,0.027604,441.229076,218.745562,88.425001,81.928449,44.212500,40.964224,22670,10,0.187500,1857.000000,0.000000,40.000000,1.768501,1.638571
0,-0.000000,0.250000,0.222222,0.317472,0.251492,2121.920000,2072.000000,78.442850,81.666519,39.221425,40.833260,28200,7450,0.250000,1113.000000,0.000000,35.000000,1.568881,1.633346
0,0.000000,0.111111,0.400000,0.199803,0.009023,1540.147444,88.000000,84.839665,83.704312,42.419832,41.852156,23390,10,0.400000,1857.000000,0.000000,40.000000,1.696811,1.674087
0,-0.000000,0.050000,0.117647,0.322706,0.006643,2049.675233,63.506173,89.525544,91.666667,44.762772,45.833333,22150,5250,0.142857,1333.000000,0.000000,40.000000,1.790536,1.833334
0,-0.000000,0.125000,0.076923,0.169577,0.042580,1004.056122,297.842975,80.533031,82.982258,40.266516,41.491129,44820,2840,0.125000,1574.000000,0.000000,40.000000,1.610675,1.659648
0,-0.000000,0.111111,0.088889,3.641303,0.052843,1390.315943,398.911565,87.154420,91.666667,43.577210,45.833333,45000,7060,0.129032,1152.000000,0.000000,40.000000,1.781278,1.833337
0,0.000000,0.028571,0.028571,0.204664,0.213098,1286.957047,1526.826389,90.322439,91.666667,45.161219,45.833333,15070,5250,0.028571,1333.000000,0.000000,45.000000,1.806465,1.833348
0,-0.000000,0.111111,0.088889,3.641303,0.052843,1390.315943,398.911565,87.154420,91.666667,43.577210,45.833333,53250,7060,0.129032,1152.000000,0.000000,40.000000,1.781278,1.833337
0,-0.000000,0.050000,0.117647,0.322706,0.006643,2049.675233,63.506173,89.525544,91.666667,44.762772,45.833333,28000,5250,0.142857,1333.000000,0.000000,40.000000,1.790536,1.833334
0,0.000000,0.028571,0.028571,0.204664,0.213098,1286.957047,1526.826389,90.322439,91.666667,45.161219,45.833333,13370,5250,0.028571,1333.000000,0.000000,45.000000,1.806465,1.833348
0,-0.000000,0.428571,0.300000,0.180520,0.020133,1173.716049,155.444444,50.322544,82.617276,25.161272,41.308638,5780,10,0.428571,1280.000000,0.000000,25.000000,1.006465,1.652347
0,0.000000,0.300000,0.300000,1.904030,0.023910,113.125000,176.916667,76.656296,81.114223,38.328148,40.557111,2430,390,0.300000,247.000000,0.000000,35.000000,1.556961,1.622286
0,0.000000,0.666667,0.666667,0.460915,0.360616,3265.000000,3249.000000,40.938691,40.884706,20.469346,20.442353,250,10,0.666667,934.000000,0.000000,20.000000,0.818807,0.000000
0,-0.000000,0.166667,0.142857,0.000000,0.068916,721.333333,561.250000,68.499258,85.630108,34.249629,42.815054,30680,10,0.166667,580.000000,0.000000,30.000000,1.369985,1.712606
0,-0.000000,0.125000,0.555556,0.001976,0.062321,42.534722,515.312500,52.131961,85.630114,26.065981,42.815057,26570,10,0.625000,991.000000,0.000000,25.000000,1.042639,1.712606
0,-0.000000,0.500000,0.285714,3.624649,0.116439,717.312500,884.000000,80.588678,81.614958,40.294339,40.807479,32870,16000,0.500000,361.000000,0.000000,40.000000,1.662039,1.632307
0,0.000000,0.100000,0.100000,11.029911,0.363728,1775.324444,2537.591837,76.532383,76.722289,38.266192,38.361145,23300,14040,0.100000,913.000000,0.000000,35.000000,1.911971,1.534472
0,0.000000,0.346154,0.409091,1.384717,0.000000,473.083077,1067.111111,81.392521,40.497832,40.696261,20.248916,45040,20910,0.409091,653.000000,0.000000,40.000000,1.637768,0.000000
0,0.000000,0.111111,0.111111,6.780589,0.000000,386.000000,956.250000,85.555452,90.679018,42.777726,45.339509,61920,38210,0.111111,396.000000,0.000000,40.000000,1.963805,1.813580
0,0.000000,0.111111,0.111111,6.780589,0.000000,386.000000,956.250000,85.555452,90.679018,42.777726,45.339509,61920,27920,0.111111,396.000000,0.000000,40.000000,1.963805,1.813580
0,-0.000000,1.000000,0.888889,4.993108,0.000000,172.480000,56.250000,100.000000,49.794509,50.000000,24.897254,4450,10,1.000000,2743.000000,0.000000,50.000000,2.155820,0.000000
0,0.000000,0.250000,0.562500,0.179666,0.000000,1291.642857,900.000000,81.396872,40.884509,40.698436,20.442255,61820,23380,0.562500,406.000000,0.000000,40.000000,1.627950,0.000000
0,-0.000000,1.000000,0.888889,4.993108,0.000000,172.480000,56.250000,100.000000,49.794509,50.000000,24.897254,14740,10,1.000000,2743.000000,0.000000,50.000000,2.155820,0.000000
0,-0.000000,0.066667,0.062500,6.806702,0.000000,474.410000,1967.111111,76.805452,81.382341,38.402726,40.691171,61920,47610,0.066667,396.000000,0.000000,35.000000,1.788807,1.627647
0,-0.000000,0.071429,0.062500,6.761479,0.000000,147.138889,956.406250,76.611337,82.878731,38.305668,41.439366,61920,29200,0.071429,396.000000,0.000000,35.000000,1.784922,1.657575
0,-0.000000,0.500000,0.444444,0.004609,0.000000,119.480000,56.406250,89.999979,41.994222,44.999990,20.997111,5730,10,0.666667,2743.000000,0.000000,40.000000,1.800000,0.000000
0,-0.000000,0.153846,0.142857,0.263510,0.000000,197.138889,17.285714,89.496234,50.000000,44.748117,25.000000,39470,23460,0.153846,234.000000,0.000000,40.000000,1.791136,0.000000
0,-0.000000,0.181818,0.142857,0.313678,0.000000,2277.562500,140.625000,77.497228,41.000000,38.748614,20.500000,13820,3420,0.181818,1198.000000,0.000000,35.000000,1.549966,0.000000
0,-0.000000,0.153846,0.142857,0.263510,0.000000,197.138889,17.285714,89.496234,50.000000,44.748117,25.000000,25990,23460,0.153846,234.000000,0.000000,40.000000,1.791136,0.000000
0,-0.000000,0.800000,0.562500,53.501377,0.000000,1200.000000,5305.888889,87.500000,50.000000,43.750000,25.000000,19850,10,0.900000,2579.000000,0.000000,40.000000,3.051090,0.000000
0,0.000000,0.142857,0.125000,0.291927,0.000000,1992.242143,2082.924898,90.145024,50.000000,45.072512,25.000000,33740,16220,0.142857,958.000000,0.000000,45.000000,1.802922,0.000000
0,0.000000,0.142857,0.125000,0.291927,0.000000,1992.242143,2082.924898,90.145024,50.000000,45.072512,25.000000,45970,16220,0.142857,958.000000,0.000000,45.000000,1.802922,0.000000
0,0.000000,0.062500,0.062500,0.224396,0.000000,1670.157986,1502.222222,81.287616,40.485624,40.643808,20.242812,56390,23050,0.062500,275.000000,0.000000,40.000000,1.625767,0.000000
0,0.000000,0.142857,0.125000,0.291927,0.000000,1992.242143,2082.924898,90.145024,50.000000,45.072512,25.000000,48780,16220,0.142857,958.000000,0.000000,45.000000,1.802922,0.000000
0,-0.000000,0.800000,0.562500,53.501377,0.000000,1200.000000,5305.888889,87.500000,50.000000,43.750000,25.000000,12280,10,0.900000,2579.000000,0.000000,40.000000,3.051090,0.000000
0,0.000000,0.066667,0.066667,1.650243,0.000000,220.794785,47.183673,81.869907,41.250000,40.934953,20.625000,22820,20780,0.066667,298.000000,0.000000,40.000000,1.665377,0.000000
0,0.000000,0.142857,0.125000,0.291927,0.000000,1992.242143,2082.924898,90.145024,50.000000,45.072512,25.000000,21140,16220,0.142857,958.000000,0.000000,45.000000,1.802922,0.000000
0,0.000000,0.080000,0.250000,0.382954,0.108268,2583.192066,802.750000,90.688492,50.000000,45.344246,25.000000,27180,8230,0.250000,476.000000,0.000000,45.000000,1.813798,0.000000
0,0.000000,0.080000,0.250000,0.382954,0.108268,2583.192066,802.750000,90.688492,50.000000,45.344246,25.000000,49520,27180,0.250000,476.000000,0.000000,45.000000,1.813798,0.000000
0,0.000000,0.080000,0.250000,0.382954,0.108268,2583.192066,802.750000,90.688492,50.000000,45.344246,25.000000,47210,27180,0.250000,476.000000,0.000000,45.000000,1.813798,0.000000
0,0.000000,0.125000,0.125000,10.452874,0.000000,513.562500,216.000000,77.080755,41.666666,38.540378,20.833333,48620,3300,0.125000,508.000000,0.000000,35.000000,1.723867,0.000000
0,-0.000014,0.230769,0.166667,10.715593,0.000000,2476.917530,2007.720000,75.847406,40.589825,37.923703,20.294912,48620,44250,0.230769,508.000000,0.000000,35.000000,1.699217,0.000000
0,0.000000,0.250000,0.250000,10.416904,0.000000,324.562500,27.000000,75.534816,40.000000,37.767408,20.000000,48620,11190,0.250000,508.000000,0.000000,35.000000,1.692945,0.000000
0,0.000000,0.277778,0.277778,3.509312,0.000000,2792.888889,1922.612245,78.075180,40.325999,39.037590,20.162999,53410,35470,0.277778,29.000000,0.000000,35.000000,1.589455,0.000000
0,0.000000,1.000000,1.000000,0.727849,0.000000,32.000000,0.000000,77.293559,0.000000,38.646780,0.000000,66620,800,1.000000,418.000000,0.000000,35.000000,1.556661,0.000000
0,-0.000000,0.200000,0.111111,0.702778,0.005275,79.312500,40.000000,82.499800,83.332990,41.249900,41.666495,10090,10040,0.200000,968.000000,0.000000,40.000000,1.665681,1.666660
0,-0.000000,0.777778,0.700000,1.634093,0.071560,94.090909,512.500000,79.998650,80.377003,39.999325,40.188501,25660,10,0.777778,838.000000,0.000000,35.000000,1.624698,1.607545
0,0.000000,0.166667,0.187500,1.925036,0.000000,678.400000,325.000000,80.905397,35.869320,40.452698,17.934660,25170,9610,0.187500,1256.000000,0.000000,40.000000,1.629242,0.000000
0,0.000000,1.000000,1.000000,0.083314,0.000000,632.392361,688.000000,49.882294,81.843326,24.941147,40.921663,43550,10,1.000000,210.000000,0.000000,20.000000,0.997651,1.636867
0,-0.000000,0.133333,0.111111,13.873582,0.000000,178.265306,472.512397,80.958348,81.179616,40.479174,40.589808,29570,14620,0.176471,3103.000000,0.000000,40.000000,2.366065,1.623592
0,0.000000,0.500000,0.500000,0.484717,0.000000,1116.500000,688.000000,53.025283,79.962487,26.512642,39.981243,47480,43170,0.500000,248.000000,0.000000,25.000000,1.070295,1.599250
0,-0.000000,0.076923,0.071429,0.403204,0.037069,1295.734797,317.285714,98.571429,100.000000,49.285714,50.000000,28380,25990,0.076923,308.000000,0.000000,45.000000,1.972649,2.000002
0,-0.000000,0.076923,0.071429,0.403204,0.037069,1295.734797,317.285714,98.571429,100.000000,49.285714,50.000000,53210,39470,0.076923,308.000000,0.000000,45.000000,1.972649,2.000002
0,-0.000031,0.071429,0.097561,15.024969,0.068434,2128.750000,542.760000,97.124236,99.116200,48.562118,49.558100,12230,3380,0.115385,1923.000000,0.000000,45.000000,2.618209,1.982328
0,0.000000,0.105263,0.111111,0.536897,0.100465,2967.187500,799.720000,93.317635,90.000000,46.658818,45.000000,16380,6190,0.117647,2527.000000,0.000000,45.000000,1.866401,1.800006
0,0.000000,1.000000,0.857143,6.411681,0.048399,1166.345679,412.000000,87.500000,91.094138,43.750000,45.547069,49110,10,1.000000,718.000000,0.000000,40.000000,1.770106,1.821886
0,-0.000000,0.080000,0.076923,0.173368,0.170609,1963.962747,1416.281250,88.231868,90.239223,44.115934,45.119611,35470,25760,0.080000,570.000000,0.000000,40.000000,1.764648,1.804795
0,-0.000000,0.090909,0.058824,0.219310,0.188904,1603.759766,1434.000000,100.000000,100.000000,50.000000,50.000000,26840,23180,0.090909,828.000000,0.000000,50.000000,2.000015,2.000012
0,-0.000073,0.111111,0.100000,0.000000,0.070783,47.595079,510.660714,63.620405,78.040570,31.810202,39.020285,20860,10,0.111111,279.000000,0.000000,30.000000,1.272408,1.560816
0,0.000000,0.142857,0.142857,0.249911,0.395225,1984.373081,3216.000000,89.999371,96.398379,44.999686,48.199189,41750,10,0.142857,231.000000,0.000000,40.000000,1.800003,1.927992
0,0.000000,0.117647,0.472222,0.536492,0.101924,3385.239629,780.285714,91.606101,91.288279,45.803050,45.644140,28120,7710,0.472222,1594.000000,0.000000,45.000000,1.832165,1.825772
0,-0.000000,0.090909,0.058824,0.219310,0.188904,1603.759766,1434.000000,100.000000,100.000000,50.000000,50.000000,48010,41720,0.090909,828.000000,0.000000,50.000000,2.000015,2.000012
0,0.000000,0.071429,0.071429,4.810912,0.427312,69.838134,3396.285714,82.141667,87.686658,41.070834,43.843329,29910,21340,0.071429,231.000000,0.000000,40.000000,1.950368,1.753760
0,0.000000,0.105263,0.111111,0.536897,0.100465,2967.187500,799.720000,93.317635,90.000000,46.658818,45.000000,31020,16380,0.117647,2527.000000,0.000000,45.000000,1.866401,1.800006
0,-0.000000,0.142857,0.111111,0.150723,0.049589,1156.246697,412.666667,90.000000,91.666667,45.000000,45.833333,25530,10,0.142857,593.000000,0.000000,40.000000,1.800010,1.833336
0,0.000000,0.090909,0.090909,1.011275,0.765534,7372.924898,5590.000000,89.998692,89.999893,44.999346,44.999947,53590,30470,0.090909,99.000000,0.000000,40.000000,1.800043,1.800050
0,-0.000000,0.142857,0.111111,0.150723,0.049589,1156.246697,412.666667,90.000000,91.666667,45.000000,45.833333,38130,10,0.142857,593.000000,0.000000,40.000000,1.800010,1.833336
0,-0.000000,0.111111,0.100000,0.019859,0.092990,112.861678,655.285714,81.099792,81.288279,40.549896,40.644139,14220,10680,0.111111,943.000000,0.000000,40.000000,1.621998,1.625772
0,0.000000,0.142857,0.142857,5.056077,0.395225,2001.357208,3216.000000,90.000000,96.398379,45.000000,48.199189,29910,29150,0.142857,231.000000,0.000000,40.000000,2.107550,1.927992
0,-0.000000,0.076923,0.071429,0.403204,0.037069,1295.734797,317.285714,98.571429,100.000000,49.285714,50.000000,56020,25990,0.076923,308.000000,0.000000,45.000000,1.972649,2.000002
0,-0.000000,0.080000,0.076923,0.173368,0.170609,1963.962747,1416.281250,88.231868,90.239223,44.115934,45.119611,50590,35470,0.080000,570.000000,0.000000,40.000000,1.764648,1.804795
0,-0.000000,0.142857,0.111111,0.150723,0.049589,1156.246697,412.666667,90.000000,91.666667,45.000000,45.833333,50360,10,0.142857,593.000000,0.000000,40.000000,1.800010,1.833336
0,-0.000034,0.186047,0.050000,0.368634,0.040880,2415.738448,350.280992,95.238095,92.222222,47.619048,46.111111,32810,10,0.224490,2348.000000,0.000000,45.000000,1.904794,1.844447
0,-0.000000,0.076923,0.071429,0.403204,0.037069,1295.734797,317.285714,98.571429,100.000000,49.285714,50.000000,40980,39470,0.076923,308.000000,0.000000,45.000000,1.972649,2.000002
0,-0.000000,0.083333,0.071429,0.336353,0.048833,2395.982143,440.625000,89.661591,91.000000,44.830796,45.500000,45970,5820,0.083333,1032.000000,0.000000,40.000000,1.793255,1.820003
0,0.000000,0.111111,0.111111,0.165812,0.040713,1300.651464,345.156250,59.441441,92.789927,29.720721,46.394964,52980,10,0.111111,331.000000,0.000000,25.000000,1.188840,1.855801
0,-0.000031,0.200000,0.097561,0.058581,0.068434,213.135802,542.760000,89.933486,99.116200,44.966743,49.558100,15660,7460,0.200000,4344.000000,0.000000,40.000000,1.798678,1.982328
0,-0.000000,0.080000,0.076923,0.173368,0.170609,1963.962747,1416.281250,88.231868,90.239223,44.115934,45.119611,38360,35470,0.080000,570.000000,0.000000,40.000000,1.764648,1.804795
0,-0.000000,0.142857,0.111111,0.150723,0.049589,1156.246697,412.666667,90.000000,91.666667,45.000000,45.833333,53170,10,0.142857,593.000000,0.000000,40.000000,1.800010,1.833336
0,-0.000000,0.083333,0.071429,0.336353,0.048833,2395.982143,440.625000,89.661591,91.000000,44.830796,45.500000,21140,5820,0.083333,1032.000000,0.000000,40.000000,1.793255,1.820003
0,0.000000,0.111111,0.111111,0.165812,0.040713,1300.651464,345.156250,59.441441,92.789927,29.720721,46.394964,40750,10,0.111111,331.000000,0.000000,25.000000,1.188840,1.855801
0,0.000000,0.142857,0.142857,5.056077,0.395225,2001.357208,3216.000000,90.000000,96.398379,45.000000,48.199189,41750,29910,0.142857,231.000000,0.000000,40.000000,2.107550,1.927992
0,-0.000000,0.090909,0.058824,0.219310,0.188904,1603.759766,1434.000000,100.000000,100.000000,50.000000,50.000000,41720,35780,0.090909,828.000000,0.000000,50.000000,2.000015,2.000012
0,0.000000,0.090909,0.090909,1.011275,0.765534,7372.924898,5590.000000,89.998692,89.999893,44.999346,44.999947,55300,53590,0.090909,99.000000,0.000000,40.000000,1.800043,1.800050
0,-0.000000,0.076923,0.071429,0.403204,0.037069,1295.734797,317.285714,98.571429,100.000000,49.285714,50.000000,40980,25990,0.076923,308.000000,0.000000,45.000000,1.972649,2.000002
0,-0.000000,0.076923,0.071429,0.403204,0.037069,1295.734797,317.285714,98.571429,100.000000,49.285714,50.000000,39470,28380,0.076923,308.000000,0.000000,45.000000,1.972649,2.000002
0,-0.000510,0.777778,0.700000,0.000000,0.038696,2240.681907,330.375000,71.481559,86.752291,35.740780,43.376146,28670,10,0.777778,279.000000,0.000000,35.000000,1.429631,1.735048
0,-0.000031,0.200000,0.097561,16.258724,0.068434,306.601134,542.760000,88.690464,99.116200,44.345232,49.558100,12030,5190,0.200000,3887.000000,0.000000,40.000000,2.583481,1.982328
0,-0.000002,0.200000,0.100000,0.003313,0.078223,118.590000,553.959184,79.134693,75.935501,39.567347,37.967750,9810,10,0.200000,1384.000000,0.000000,35.000000,1.582694,1.518716
0,0.000000,0.117647,0.472222,0.536492,0.101924,3385.239629,780.285714,91.606101,91.288279,45.803050,45.644140,43160,7710,0.472222,1594.000000,0.000000,45.000000,1.832165,1.825772
0,0.000000,1.000000,1.000000,3.491196,0.046136,2401.402893,373.673469,87.500000,84.647221,43.750000,42.323611,17620,10,1.000000,1384.000000,0.000000,40.000000,1.752648,1.692947
0,-0.000000,0.333333,0.400000,0.338204,0.060902,2237.899408,475.000000,89.913917,90.000000,44.956959,45.000000,47150,8160,0.444444,1195.000000,0.000000,40.000000,1.798304,1.800004
0,-0.000031,0.071429,0.097561,15.024969,0.068434,2128.750000,542.760000,97.124236,99.116200,48.562118,49.558100,37060,3380,0.115385,1923.000000,0.000000,45.000000,2.618209,1.982328
0,-0.000031,0.083333,0.097561,364.160688,0.068434,5485.371528,542.760000,90.895233,99.116200,45.447617,49.558100,23250,8520,0.115385,3554.000000,0.000000,45.000000,14.269820,1.982328
0,0.000000,0.117647,0.472222,0.536492,0.101924,3385.239629,780.285714,91.606101,91.288279,45.803050,45.644140,40350,7710,0.472222,1594.000000,0.000000,45.000000,1.832165,1.825772
0,0.000000,0.142857,0.142857,0.249911,0.395225,1984.373081,3216.000000,89.999371,96.398379,44.999686,48.199189,53980,10,0.142857,231.000000,0.000000,40.000000,1.800003,1.927992
0,-0.000000,0.076923,0.071429,0.403204,0.037069,1295.734797,317.285714,98.571429,100.000000,49.285714,50.000000,53210,25990,0.076923,308.000000,0.000000,45.000000,1.972649,2.000002
0,-0.000000,0.200000,0.142857,0.003815,0.080486,168.489796,592.285714,79.571202,82.382417,39.785601,41.191208,16470,10,0.200000,718.000000,0.000000,35.000000,1.591424,1.647654
0,0.000000,0.142857,0.142857,0.249911,0.395225,1984.373081,3216.000000,89.999371,96.398379,44.999686,48.199189,56790,10,0.142857,231.000000,0.000000,40.000000,1.800003,1.927992
0,0.000000,0.153846,0.153846,0.284063,0.070460,2174.014057,548.062500,89.993184,89.999958,44.996592,44.999979,42050,10550,0.153846,201.000000,0.000000,40.000000,1.799882,1.800004
0,-0.000000,0.090909,0.058824,0.219310,0.188904,1603.759766,1434.000000,100.000000,100.000000,50.000000,50.000000,48010,26840,0.090909,828.000000,0.000000,50.000000,2.000015,2.000012
0,-0.000000,0.076923,0.071429,0.403204,0.037069,1295.734797,317.285714,98.571429,100.000000,49.285714,50.000000,56020,39470,0.076923,308.000000,0.000000,45.000000,1.972649,2.000002
0,-0.000000,0.333333,0.400000,0.338204,0.060902,2237.899408,475.000000,89.913917,90.000000,44.956959,45.000000,32110,8160,0.444444,1195.000000,0.000000,40.000000,1.798304,1.800004
0,0.000000,1.000000,1.000000,3.491196,0.046136,2401.402893,373.673469,87.500000,84.647221,43.750000,42.323611,42450,10,1.000000,1384.000000,0.000000,40.000000,1.752648,1.692947
0,-0.000000,0.333333,0.400000,0.338204,0.060902,2237.899408,475.000000,89.913917,90.000000,44.956959,45.000000,44340,8160,0.444444,1195.000000,0.000000,40.000000,1.798304,1.800004
0,-0.000000,0.090909,0.058824,0.219310,0.188904,1603.759766,1434.000000,100.000000,100.000000,50.000000,50.000000,23180,14970,0.090909,828.000000,0.000000,50.000000,2.000015,2.000012
0,-0.000031,0.083333,0.097561,364.160688,0.068434,5485.371528,542.760000,90.895233,99.116200,45.447617,49.558100,23560,23250,0.115385,3554.000000,0.000000,45.000000,14.269820,1.982328
0,0.000000,1.000000,0.857143,6.411681,0.048399,1166.345679,412.000000,87.500000,91.094138,43.750000,45.547069,24280,10,1.000000,718.000000,0.000000,40.000000,1.770106,1.821886
0,0.000000,0.153846,0.153846,0.284063,0.070460,2174.014057,548.062500,89.993184,89.999958,44.996592,44.999979,57090,10550,0.153846,201.000000,0.000000,40.000000,1.799882,1.800004
0,-0.000034,0.186047,0.050000,0.368634,0.040880,2415.738448,350.280992,95.238095,92.222222,47.619048,46.111111,7980,10,0.224490,2348.000000,0.000000,45.000000,1.904794,1.844447
0,0.000000,0.071429,0.071429,0.004746,0.427312,52.854007,3396.285714,82.141038,87.686658,41.070519,43.843329,21340,10,0.071429,231.000000,0.000000,40.000000,1.642821,1.753760
0,-0.000000,0.090909,0.058824,0.219310,0.188904,1603.759766,1434.000000,100.000000,100.000000,50.000000,50.000000,50820,41720,0.090909,828.000000,0.000000,50.000000,2.000015,2.000012
0,-0.000034,0.186047,0.050000,0.368634,0.040880,2415.738448,350.280992,95.238095,92.222222,47.619048,46.111111,20580,10,0.224490,2348.000000,0.000000,45.000000,1.904794,1.844447
0,0.000000,0.111111,0.111111,0.165812,0.040713,1300.651464,345.156250,59.441441,92.789927,29.720721,46.394964,28150,10,0.111111,331.000000,0.000000,25.000000,1.188840,1.855801
0,0.000000,0.142857,0.142857,5.056077,0.395225,2001.357208,3216.000000,90.000000,96.398379,45.000000,48.199189,53980,29910,0.142857,231.000000,0.000000,40.000000,2.107550,1.927992
0,0.000000,0.117647,0.472222,0.536492,0.101924,3385.239629,780.285714,91.606101,91.288279,45.803050,45.644140,15520,7710,0.472222,1594.000000,0.000000,45.000000,1.832165,1.825772
0,0.000000,0.142857,0.142857,5.056077,0.395225,2001.357208,3216.000000,90.000000,96.398379,45.000000,48.199189,56790,29910,0.142857,231.000000,0.000000,40.000000,2.107550,1.927992
0,-0.000000,0.080000,0.076923,0.173368,0.170609,1963.962747,1416.281250,88.231868,90.239223,44.115934,45.119611,53400,35470,0.080000,570.000000,0.000000,40.000000,1.764648,1.804795
0,-0.000034,0.186047,0.050000,0.368634,0.040880,2415.738448,350.280992,95.238095,92.222222,47.619048,46.111111,35620,10,0.224490,2348.000000,0.000000,45.000000,1.904794,1.844447
0,0.000000,1.000000,1.000000,3.491196,0.046136,2401.402893,373.673469,87.500000,84.647221,43.750000,42.323611,30220,10,1.000000,1384.000000,0.000000,40.000000,1.752648,1.692947
0,0.000000,1.000000,0.857143,6.411681,0.048399,1166.345679,412.000000,87.500000,91.094138,43.750000,45.547069,36880,10,1.000000,718.000000,0.000000,40.000000,1.770106,1.821886
0,0.000000,0.111111,0.111111,0.165812,0.040713,1300.651464,345.156250,59.441441,92.789927,29.720721,46.394964,55790,10,0.111111,331.000000,0.000000,25.000000,1.188840,1.855801
0,0.000000,0.090909,0.090909,1.011275,0.765534,7372.924898,5590.000000,89.998692,89.999893,44.999346,44.999947,53590,43070,0.090909,99.000000,0.000000,40.000000,1.800043,1.800050
0,0.000000,0.105263,0.111111,0.536897,0.100465,2967.187500,799.720000,93.317635,90.000000,46.658818,45.000000,18790,16380,0.117647,2527.000000,0.000000,45.000000,1.866401,1.800006
0,-0.000000,0.090909,0.058824,0.219310,0.188904,1603.759766,1434.000000,100.000000,100.000000,50.000000,50.000000,35780,26840,0.090909,828.000000,0.000000,50.000000,2.000015,2.000012
0,-0.000000,0.083333,0.071429,0.336353,0.048833,2395.982143,440.625000,89.661591,91.000000,44.830796,45.500000,48780,5820,0.083333,1032.000000,0.000000,40.000000,1.793255,1.820003
0,0.000000,0.105263,0.111111,0.536897,0.100465,2967.187500,799.720000,93.317635,90.000000,46.658818,45.000000,33830,16380,0.117647,2527.000000,0.000000,45.000000,1.866401,1.800006
0,-0.000031,0.071429,0.097561,15.024969,0.068434,2128.750000,542.760000,97.124236,99.116200,48.562118,49.558100,24830,3380,0.115385,1923.000000,0.000000,45.000000,2.618209,1.982328
0,-0.000000,0.090909,0.058824,0.219310,0.188904,1603.759766,1434.000000,100.000000,100.000000,50.000000,50.000000,50820,26840,0.090909,828.000000,0.000000,50.000000,2.000015,2.000012
0,-0.000000,0.090909,0.058824,0.219310,0.188904,1603.759766,1434.000000,100.000000,100.000000,50.000000,50.000000,48010,14970,0.090909,828.000000,0.000000,50.000000,2.000015,2.000012
0,-0.000000,0.083333,0.071429,0.336353,0.048833,2395.982143,440.625000,89.661591,91.000000,44.830796,45.500000,33740,5820,0.083333,1032.000000,0.000000,40.000000,1.793255,1.820003
0,0.000000,0.142857,0.142857,0.249911,0.395225,1984.373081,3216.000000,89.999371,96.398379,44.999686,48.199189,29150,10,0.142857,231.000000,0.000000,40.000000,1.800003,1.927992
0,-0.000510,0.777778,0.700000,0.000000,0.038696,2240.681907,330.375000,71.481559,86.752291,35.740780,43.376146,56310,10,0.777778,279.000000,0.000000,35.000000,1.429631,1.735048
0,0.000000,0.090909,0.090909,1.011275,0.765534,7372.924898,5590.000000,89.998692,89.999893,44.999346,44.999947,58110,53590,0.090909,99.000000,0.000000,40.000000,1.800043,1.800050
0,-0.000510,0.777778,0.700000,0.000000,0.038696,2240.681907,330.375000,71.481559,86.752291,35.740780,43.376146,53500,10,0.777778,279.000000,0.000000,35.000000,1.429631,1.735048
0,-0.000031,0.100000,0.097561,148.880345,0.068434,3003.900826,542.760000,98.999993,99.116200,49.499996,49.558100,24640,5200,0.115385,2626.000000,0.000000,45.000000,5.811494,1.982328
0,-0.000031,0.200000,0.097561,0.058581,0.068434,213.135802,542.760000,89.933486,99.116200,44.966743,49.558100,12850,7460,0.200000,4344.000000,0.000000,40.000000,1.798678,1.982328
0,0.000000,1.000000,1.000000,3.491196,0.046136,2401.402893,373.673469,87.500000,84.647221,43.750000,42.323611,45260,10,1.000000,1384.000000,0.000000,40.000000,1.752648,1.692947
0,0.000000,1.000000,0.857143,6.411681,0.048399,1166.345679,412.000000,87.500000,91.094138,43.750000,45.547069,51920,10,1.000000,718.000000,0.000000,40.000000,1.770106,1.821886
0,-0.000000,0.090909,0.058824,0.219310,0.188904,1603.759766,1434.000000,100.000000,100.000000,50.000000,50.000000,41720,23180,0.090909,828.000000,0.000000,50.000000,2.000015,2.000012
0,-0.000000,0.333333,0.400000,0.338204,0.060902,2237.899408,475.000000,89.913917,90.000000,44.956959,45.000000,19510,8160,0.444444,1195.000000,0.000000,40.000000,1.798304,1.800004
0,0.000000,0.153846,0.153846,0.284063,0.070460,2174.014057,548.062500,89.993184,89.999958,44.996592,44.999979,29450,10550,0.153846,201.000000,0.000000,40.000000,1.799882,1.800004
0,0.000000,0.153846,0.153846,0.284063,0.070460,2174.014057,548.062500,89.993184,89.999958,44.996592,44.999979,54280,10550,0.153846,201.000000,0.000000,40.000000,1.799882,1.800004
0,-0.000031,0.100000,0.097561,148.880345,0.068434,3003.900826,542.760000,98.999993,99.116200,49.499996,49.558100,32530,5200,0.115385,2626.000000,0.000000,45.000000,5.811494,1.982328
0,-0.000000,0.090909,0.058824,0.219310,0.188904,1603.759766,1434.000000,100.000000,100.000000,50.000000,50.000000,50820,14970,0.090909,828.000000,0.000000,50.000000,2.000015,2.000012
0,-0.000000,0.090909,0.058824,0.219310,0.188904,1603.759766,1434.000000,100.000000,100.000000,50.000000,50.000000,35780,14970,0.090909,828.000000,0.000000,50.000000,2.000015,2.000012
0,-0.000031,0.071429,0.097561,15.024969,0.068434,2128.750000,542.760000,97.124236,99.116200,48.562118,49.558100,39870,3380,0.115385,1923.000000,0.000000,45.000000,2.618209,1.982328
0,-0.000510,0.777778,0.700000,0.000000,0.038696,2240.681907,330.375000,71.481559,86.752291,35.740780,43.376146,41270,10,0.777778,279.000000,0.000000,35.000000,1.429631,1.735048
0,-0.000031,0.083333,0.097561,364.160688,0.068434,5485.371528,542.760000,90.895233,99.116200,45.447617,49.558100,23250,20750,0.115385,3554.000000,0.000000,45.000000,14.269820,1.982328
0,0.000000,0.833333,0.833333,0.056057,0.000000,457.000000,640.000000,51.255347,38.611293,25.627673,19.305647,24980,10,0.833333,32.000000,0.000000,25.000000,1.025110,0.000000
0,0.000000,0.333333,0.333333,0.003563,0.000000,48.801653,27.562500,52.366458,42.222222,26.183229,21.111111,37030,10,0.333333,32.000000,0.000000,25.000000,1.047329,0.000000
0,-0.000000,0.500000,0.500000,0.003818,0.000000,415.147444,94.111111,88.437500,41.137479,44.218750,20.568740,23190,10,0.625000,1991.000000,0.000000,40.000000,1.768750,0.000000
0,-0.000000,0.666667,0.250000,0.005009,0.000000,424.882137,108.000000,98.437500,50.000000,49.218750,25.000000,28160,10,0.666667,1991.000000,0.000000,45.000000,1.968750,0.000000
0,-0.000279,0.020833,0.272727,0.256401,0.000000,1583.417336,63.000000,90.320165,46.062304,45.160083,23.031152,23300,4130,0.300000,1579.000000,0.000000,45.000000,1.806424,0.000000
0,-0.000000,0.666667,0.250000,0.005009,0.000000,424.882137,108.000000,98.437500,50.000000,49.218750,25.000000,38730,10,0.666667,1991.000000,0.000000,45.000000,1.968750,0.000000
0,-0.000000,0.125000,0.166667,2.714911,0.000000,18375.776000,24336.000000,77.189258,39.987359,38.594629,19.993679,45670,15590,0.181818,433.000000,0.000000,35.000000,1.543986,0.000000
0,0.000000,0.294118,0.250000,0.033921,0.000000,585.655256,586.765625,90.025867,39.266262,45.012933,19.633131,13510,10,0.297297,1991.000000,0.000000,45.000000,1.800520,0.000000
0,-0.000279,0.020833,0.272727,0.256401,0.000000,1583.417336,63.000000,90.320165,46.062304,45.160083,23.031152,41990,4130,0.300000,1579.000000,0.000000,45.000000,1.806424,0.000000
0,-0.000000,0.285714,0.250000,0.288473,0.000000,2054.250000,6843.937500,80.697459,39.997644,40.348730,19.998822,23600,19180,0.285714,607.000000,0.000000,40.000000,1.613969,0.000000
0,-0.000000,0.125000,0.111111,5.408055,0.000000,2340.500000,2202.222222,73.221257,75.937259,36.610628,37.968630,54270,13980,0.125000,575.000000,0.000000,35.000000,1.600107,1.518745
0,-0.000000,0.125000,0.111111,5.127207,0.000000,283.578125,884.512397,73.635809,76.655877,36.817905,38.327938,55150,13980,0.125000,575.000000,0.000000,35.000000,1.608379,1.533118
0,-0.000000,0.500000,0.285714,0.000000,0.009674,629.000000,84.500000,55.977614,41.250000,27.988807,20.625000,42070,10,0.500000,2313.000000,0.000000,25.000000,1.119552,0.000000
0,-0.000000,0.166667,0.142857,0.065403,0.014793,533.000000,126.562500,81.999928,40.428522,40.999964,20.214261,64630,15230,0.166667,791.000000,0.000000,40.000000,1.640003,0.000000
0,-0.000000,0.666667,0.555556,0.079980,0.000000,502.000000,1008.000000,49.999865,41.137479,24.999933,20.568740,20540,10,0.666667,1709.000000,0.000000,20.000000,1.000004,0.000000
0,0.000000,0.363636,0.166667,0.165268,0.138376,1250.410909,1030.555556,80.505964,88.375245,40.252982,44.187622,33840,10,0.440000,933.000000,0.000000,40.000000,1.610131,1.767514
0,-0.000000,0.200000,0.055556,0.690756,0.248915,77.888889,1702.750000,84.000001,89.999651,42.000000,44.999825,18820,13720,0.285714,3684.000000,0.000000,40.000000,1.696723,1.800011
0,-0.000000,0.153846,0.055556,80.355543,0.248915,2027.030000,1702.750000,85.180479,89.999651,42.590240,44.999825,38960,2770,0.230769,1160.000000,0.000000,40.000000,4.815857,1.800011
0,-0.000000,0.200000,0.055556,0.690756,0.248915,77.888889,1702.750000,84.000001,89.999651,42.000000,44.999825,16510,13720,0.285714,3684.000000,0.000000,40.000000,1.696723,1.800011
0,0.000000,0.500000,0.500000,0.001109,0.000000,37.283951,63.375000,79.999999,41.666667,40.000000,20.833333,7180,10,0.500000,687.000000,0.000000,35.000000,1.600000,0.000000
0,0.000000,0.250000,0.250000,0.001036,0.000000,40.444444,62.046875,49.441441,40.832948,24.720721,20.416474,9800,10,0.250000,425.000000,0.000000,20.000000,0.988829,0.000000
0,0.000012,0.500000,0.318182,0.019958,0.005389,159.640625,46.944444,50.264204,41.416003,25.132102,20.708001,15720,10,0.500000,2292.000000,0.000000,25.000000,1.005286,0.000000
0,0.000014,0.500000,0.466667,0.000000,0.008934,172.400000,81.000000,61.203593,40.034728,30.601796,20.017364,10160,10,0.500000,1277.000000,0.000000,30.000000,1.224072,0.000000
0,-0.000000,0.333333,0.125000,0.005471,0.002569,67.640625,22.213296,52.495990,42.559144,26.247995,21.279572,12320,10,1.000000,2292.000000,0.000000,25.000000,1.049920,0.000000
0,-0.000001,0.050000,0.043478,0.538449,0.021400,101.038339,189.314815,83.055541,82.912866,41.527771,41.456433,39970,32950,0.050000,569.000000,0.000000,40.000000,1.663205,1.658259
0,-0.000001,0.071429,0.045455,14.474046,0.750603,389.469136,5443.597633,77.364107,39.707051,38.682054,19.853525,48740,2120,0.071429,2081.000000,0.000000,35.000000,2.840480,0.000000
0,-0.000000,0.100000,0.062500,0.701405,0.018580,1220.236686,164.583667,82.046517,84.056007,41.023259,42.028003,39970,29550,0.100000,569.000000,0.000000,40.000000,1.643036,1.681121
0,-0.000002,0.071429,0.066667,0.538117,0.024945,100.236686,223.370370,81.649992,81.531591,40.824996,40.765796,39970,7090,0.071429,569.000000,0.000000,40.000000,1.635094,1.630633
0,-0.000000,0.043478,0.037037,0.581400,0.065046,373.125575,486.304255,81.534690,83.139437,40.767345,41.569719,57490,39970,0.043478,569.000000,0.000000,40.000000,1.632791,1.662793
0,-0.000002,0.200000,0.090909,0.004573,0.049035,62.015625,343.933884,51.695394,41.642574,25.847697,20.821287,40260,10,0.428571,2292.000000,0.000000,25.000000,1.033908,0.000000
0,-0.000006,0.421053,0.363636,0.574535,0.016011,371.931131,142.370370,81.602035,41.496863,40.801018,20.748431,39970,17240,0.421053,569.000000,0.000000,40.000000,1.634137,0.000000
0,-0.000000,0.076923,0.071429,0.050446,0.026197,375.694444,202.500000,82.448084,40.949147,41.224042,20.474573,17240,1430,0.076923,569.000000,0.000000,40.000000,1.648965,0.000000
0,-0.000000,0.090909,0.076923,0.201416,0.083653,1429.570000,640.000000,80.763809,40.908850,40.381904,20.454425,19970,16310,0.090909,662.000000,0.000000,40.000000,1.615290,0.000000
0,-0.000000,0.100000,0.083333,3.120185,0.000000,354.760000,368.000000,89.045547,49.977632,44.522773,24.988816,50810,7100,0.100000,180.000000,0.000000,40.000000,1.824373,0.000000
0,-0.000002,0.200000,0.416667,0.049318,0.000000,464.000000,89.795918,79.499999,40.748810,39.750000,20.374405,6670,10,0.500000,889.000000,0.000000,35.000000,1.590004,0.000000
0,-0.000000,0.100000,0.083333,3.120185,0.000000,354.760000,368.000000,89.045547,49.977632,44.522773,24.988816,58700,7100,0.100000,180.000000,0.000000,40.000000,1.824373,0.000000
0,-0.000000,0.100000,0.083333,3.120185,0.000000,354.760000,368.000000,89.045547,49.977632,44.522773,24.988816,22520,7100,0.100000,180.000000,0.000000,40.000000,1.824373,0.000000
0,-0.000000,0.153846,0.117647,0.058443,0.054662,422.250000,395.000000,100.000000,100.000000,50.000000,50.000000,29740,17230,0.153846,712.000000,0.000000,50.000000,2.000004,2.000004
0,-0.000000,0.153846,0.117647,0.058443,0.054662,422.250000,395.000000,100.000000,100.000000,50.000000,50.000000,45520,44620,0.153846,712.000000,0.000000,50.000000,2.000004,2.000004
0,-0.000000,0.142857,0.133333,0.000000,0.049596,1359.625000,359.750000,55.000000,89.593252,27.500000,44.796626,23160,10,0.142857,183.000000,0.000000,25.000000,1.100000,1.791868
0,-0.000000,0.153846,0.117647,0.058443,0.054662,422.250000,395.000000,100.000000,100.000000,50.000000,50.000000,17870,17230,0.153846,712.000000,0.000000,50.000000,2.000004,2.000004
0,-0.000000,0.076923,0.058824,0.081559,0.008237,607.683368,69.250000,90.969710,92.222222,45.484855,46.111111,44620,18110,0.076923,712.000000,0.000000,45.000000,1.819400,1.844445
0,-0.000000,0.142857,0.133333,0.000000,0.049596,1359.625000,359.750000,55.000000,89.593252,27.500000,44.796626,35030,10,0.142857,183.000000,0.000000,25.000000,1.100000,1.791868
0,-0.000000,0.076923,0.058824,0.081559,0.008237,607.683368,69.250000,90.969710,92.222222,45.484855,46.111111,29740,18110,0.076923,712.000000,0.000000,45.000000,1.819400,1.844445
0,-0.000000,0.153846,0.117647,0.058443,0.054662,422.250000,395.000000,100.000000,100.000000,50.000000,50.000000,45520,17870,0.153846,712.000000,0.000000,50.000000,2.000004,2.000004
0,-0.000000,0.153846,0.117647,0.058443,0.054662,422.250000,395.000000,100.000000,100.000000,50.000000,50.000000,53410,17870,0.153846,712.000000,0.000000,50.000000,2.000004,2.000004
0,-0.000000,0.153846,0.117647,0.058443,0.054662,422.250000,395.000000,100.000000,100.000000,50.000000,50.000000,53410,29740,0.153846,712.000000,0.000000,50.000000,2.000004,2.000004
0,-0.000000,0.153846,0.117647,0.058443,0.054662,422.250000,395.000000,100.000000,100.000000,50.000000,50.000000,44620,17230,0.153846,712.000000,0.000000,50.000000,2.000004,2.000004
0,-0.000000,0.142857,0.133333,0.000000,0.049596,1359.625000,359.750000,55.000000,89.593252,27.500000,44.796626,49910,10,0.142857,183.000000,0.000000,25.000000,1.100000,1.791868
0,-0.000000,0.076923,0.058824,0.081559,0.008237,607.683368,69.250000,90.969710,92.222222,45.484855,46.111111,18110,17870,0.076923,712.000000,0.000000,45.000000,1.819400,1.844445
0,-0.000000,0.153846,0.117647,0.058443,0.054662,422.250000,395.000000,100.000000,100.000000,50.000000,50.000000,45520,29740,0.153846,712.000000,0.000000,50.000000,2.000004,2.000004
0,-0.000000,0.153846,0.117647,0.058443,0.054662,422.250000,395.000000,100.000000,100.000000,50.000000,50.000000,53410,44620,0.153846,712.000000,0.000000,50.000000,2.000004,2.000004
0,-0.000000,0.538462,0.500000,0.253458,0.006321,164.152778,52.937500,88.571429,50.000000,44.285714,25.000000,25990,13060,0.538462,494.000000,0.000000,40.000000,1.772639,0.000000
0,0.000000,0.071429,0.071429,0.048182,0.029788,371.025000,230.400000,80.362228,40.999998,40.181114,20.499999,28790,13060,0.071429,494.000000,0.000000,40.000000,1.607248,0.000000
0,-0.000000,0.538462,0.500000,0.253458,0.006321,164.152778,52.937500,88.571429,50.000000,44.285714,25.000000,39470,13060,0.538462,494.000000,0.000000,40.000000,1.772639,0.000000
0,-0.000000,0.043478,0.041667,8.106265,0.219135,2178.579375,1795.158824,64.599707,77.398900,32.299853,38.699450,49700,43540,0.043478,223.000000,0.000000,30.000000,1.472477,1.547991
0,0.000000,0.250000,0.250000,0.041122,0.000000,337.000000,83.111111,36.228657,79.833710,18.114328,39.916855,22200,10,0.250000,222.000000,0.000000,15.000000,0.724576,1.596674
0,-0.000000,0.500000,0.466667,2.608206,1.540410,2301.795918,12600.000000,79.564422,40.558270,39.782211,20.279135,32800,25670,0.500000,368.000000,0.000000,35.000000,1.615026,0.000000
0,-0.000000,0.600000,0.857143,1.119527,0.658228,128.000000,4624.000000,69.845150,40.659182,34.922575,20.329591,27950,10,1.000000,3647.000000,0.000000,30.000000,1.406695,0.000000
0,-0.000000,0.071429,0.066667,0.314565,2.198637,2460.842975,17224.000000,79.775404,81.217452,39.887702,40.608726,60740,25670,0.071429,368.000000,0.000000,35.000000,1.595528,1.624490
0,0.000000,0.100000,0.333333,6.542274,0.108231,1449.562500,794.750000,81.247670,40.907896,40.623835,20.453948,37580,30640,0.333333,584.000000,0.000000,40.000000,1.693369,0.000000
0,-0.000000,0.600000,0.181818,24.966763,0.000000,655.555556,1452.000000,80.572798,38.342986,40.286399,19.171493,49810,3490,0.600000,1898.000000,0.000000,40.000000,2.138043,0.000000
0,-0.000000,0.111111,0.090909,0.464470,0.000000,3394.750000,802.750000,86.841311,50.000000,43.420656,25.000000,16960,10790,0.111111,551.000000,0.000000,40.000000,1.736858,0.000000
0,-0.000000,0.111111,0.090909,0.464470,0.000000,3394.750000,802.750000,86.841311,50.000000,43.420656,25.000000,52080,16960,0.111111,551.000000,0.000000,40.000000,1.736858,0.000000
0,-0.000000,0.111111,0.090909,0.464470,0.000000,3394.750000,802.750000,86.841311,50.000000,43.420656,25.000000,49770,16960,0.111111,551.000000,0.000000,40.000000,1.736858,0.000000
0,0.000000,0.333333,1.000000,0.000000,0.000000,117.444444,0.000000,61.431137,0.000000,30.715569,0.000000,19440,10,1.000000,5841.000000,0.000000,30.000000,1.228623,0.000000
0,0.000000,0.333333,1.000000,0.000000,0.000000,117.444444,0.000000,61.431137,0.000000,30.715569,0.000000,24790,10,1.000000,5841.000000,0.000000,30.000000,1.228623,0.000000
0,0.000000,0.833333,1.000000,0.051915,0.000000,69.081633,0.000000,52.671021,0.000000,26.335511,0.000000,1760,10,1.000000,8144.000000,0.000000,25.000000,1.053446,0.000000
0,0.000000,0.333333,1.000000,0.000000,0.000000,117.444444,0.000000,61.431137,0.000000,30.715569,0.000000,23040,10,1.000000,5841.000000,0.000000,30.000000,1.228623,0.000000
0,0.000000,1.000000,1.000000,53.398256,0.000000,2106.000000,0.000000,90.197271,0.000000,45.098635,0.000000,10680,5330,1.000000,7252.000000,0.000000,45.000000,2.662274,0.000000
0,0.000000,1.000000,1.000000,53.398256,0.000000,2106.000000,0.000000,90.197271,0.000000,45.098635,0.000000,8930,5330,1.000000,7252.000000,0.000000,45.000000,2.662274,0.000000
0,0.000000,0.058824,0.058824,563.711960,0.000000,57176.100000,59346.888889,83.859177,74.517785,41.929588,37.258893,47340,36800,0.058824,104.000000,0.000000,40.000000,4.458163,1.490356
0,0.000000,0.058824,0.058824,563.711960,0.000000,57176.100000,59346.888889,83.859177,74.517785,41.929588,37.258893,68830,47340,0.058824,104.000000,0.000000,40.000000,4.458163,1.490356
0,0.000000,0.058824,0.058824,563.711960,0.000000,57176.100000,59346.888889,83.859177,74.517785,41.929588,37.258893,47340,38340,0.058824,104.000000,0.000000,40.000000,4.458163,1.490356
0,-0.000000,0.600000,0.272727,1.466149,0.010575,91.591837,77.777778,82.498406,42.566050,41.249203,21.283025,24930,7390,0.600000,1585.000000,0.000000,40.000000,1.666667,0.000000
0,-0.000000,0.125000,0.111111,2.496324,0.005764,15048.000000,42.666667,79.901380,40.668381,39.950690,20.334190,37390,7820,0.125000,339.000000,0.000000,35.000000,1.598847,0.000000
0,0.000000,0.500000,0.500000,0.000000,0.000000,66.826389,52.937500,60.101201,50.000000,30.050601,25.000000,44320,10,0.500000,294.000000,0.000000,30.000000,1.202024,0.000000
0,0.000000,0.250000,0.250000,0.000000,0.000000,1516.111111,295.750000,50.601176,39.382642,25.300588,19.691321,61650,10,0.250000,294.000000,0.000000,25.000000,1.012024,0.000000
0,0.000000,0.500000,0.500000,0.000000,0.000000,66.826389,52.937500,60.101201,50.000000,30.050601,25.000000,30840,10,0.500000,294.000000,0.000000,30.000000,1.202024,0.000000
0,0.000000,0.125000,0.125000,0.000000,0.000000,244.288889,230.400000,51.101198,41.000000,25.550599,20.500000,33640,10,0.125000,294.000000,0.000000,25.000000,1.022024,0.000000
0,-0.000000,0.090909,0.083333,4.059209,0.000000,1276.979592,341.830000,76.480067,80.706049,38.240034,40.353024,51470,5810,0.090909,1317.000000,0.000000,35.000000,1.823837,1.614121
0,0.000000,0.090909,0.090909,35.681405,0.000000,2423.731481,802.000000,70.250970,79.428385,35.125485,39.714193,62360,22070,0.090909,228.000000,0.000000,35.000000,2.645788,1.588568
0,-0.000000,0.500000,0.300000,6.041735,0.000000,208.722222,488.108400,76.730447,80.507720,38.365223,40.253860,22630,21750,0.500000,4289.000000,0.000000,35.000000,1.660317,1.610154
0,-0.000000,0.166667,0.111111,0.174664,0.000000,1284.979592,327.000000,50.934527,81.456049,25.467264,40.728024,51900,10,0.166667,1274.000000,0.000000,25.000000,1.018703,1.629121
0,0.000100,0.047619,0.136364,199.395928,0.000000,11088.444444,1022.284375,82.246996,87.065945,41.123498,43.532973,59120,50480,0.136364,445.000000,0.000000,40.000000,3.461097,1.741319
0,0.000100,0.047619,0.136364,199.395928,0.000000,11088.444444,1022.284375,82.246996,87.065945,41.123498,43.532973,50480,48550,0.136364,445.000000,0.000000,40.000000,3.461097,1.741319
0,0.000000,0.200000,0.200000,199.391552,0.000000,11038.111111,106.911111,75.980469,81.630089,37.990235,40.815045,50480,43580,0.200000,445.000000,0.000000,35.000000,3.335766,1.632602
0,0.000000,0.166667,0.166667,0.016263,0.013434,157.666667,150.000000,91.666667,90.000000,45.833333,45.000000,27880,18810,0.166667,580.000000,0.000000,45.000000,1.833334,1.800001
0,0.000000,0.166667,0.166667,0.016263,0.013434,157.666667,150.000000,91.666667,90.000000,45.833333,45.000000,61270,18810,0.166667,580.000000,0.000000,45.000000,1.833334,1.800001
0,-0.000000,0.285714,0.250000,0.008013,0.022371,86.850000,164.816327,49.867615,82.482432,24.933808,41.241216,17190,10,0.285714,191.000000,0.000000,20.000000,0.997353,1.649650
0,0.000000,0.142857,0.142857,0.005038,0.006636,70.600000,59.816327,49.999965,83.040785,24.999982,41.520392,38570,10,0.142857,191.000000,0.000000,20.000000,1.000000,1.660816
0,0.000000,0.083333,0.083333,3.840538,0.100702,650.600000,639.816327,79.878030,81.953093,39.939015,40.976546,10210,1310,0.083333,61.000000,0.000000,35.000000,1.609344,1.639070
0,0.000000,0.083333,0.083333,0.162964,0.158048,1348.100000,1337.316327,48.999996,82.040785,24.499998,41.020393,27430,10,0.083333,191.000000,0.000000,20.000000,0.980010,1.640825
0,0.000000,0.038462,0.038462,42.452598,0.000000,243.204704,978.371320,89.582573,99.383122,44.791286,49.691561,63520,15640,0.038462,24.000000,0.000000,40.000000,6.838008,1.987662
0,-0.000000,0.055556,0.038462,0.884945,0.000000,336.075102,978.371320,90.343367,99.383122,45.171683,49.691561,79540,34120,0.055556,451.000000,0.000000,45.000000,1.808921,1.987662
0,-0.000000,0.076923,0.058824,0.132030,0.000000,987.876736,1596.991512,79.927955,89.827301,39.963978,44.913650,50330,33330,0.076923,530.000000,0.000000,35.000000,1.598568,1.796546
0,0.000000,0.038462,0.038462,42.452598,0.000000,243.204704,978.371320,89.582573,99.383122,44.791286,49.691561,70260,15640,0.038462,24.000000,0.000000,40.000000,6.838008,1.987662
0,0.000000,0.032258,0.032258,42.569020,0.000000,1187.996772,1492.059178,86.422081,99.383122,43.211040,49.691561,53040,15640,0.032258,24.000000,0.000000,40.000000,6.774806,1.987662
0,-0.000037,0.142857,0.111111,0.978921,0.000000,910.320000,5269.679012,80.343357,82.275995,40.171679,41.137998,34120,17650,0.142857,451.000000,0.000000,40.000000,1.608928,1.645520
0,0.000000,0.032258,0.032258,5.156358,0.000000,1125.558755,1492.059178,75.082381,99.383122,37.541191,49.691561,52770,38120,0.032258,51.000000,0.000000,35.000000,1.514743,1.987662
0,0.000000,0.032258,0.032258,5.156358,0.000000,1125.558755,1492.059178,75.082381,99.383122,37.541191,49.691561,63340,38120,0.032258,51.000000,0.000000,35.000000,1.514743,1.987662
0,-0.000000,0.055556,0.038462,0.884945,0.000000,336.075102,978.371320,90.343367,99.383122,45.171683,49.691561,77680,34120,0.055556,451.000000,0.000000,45.000000,1.808921,1.987662
0,-0.000037,0.125000,0.111111,42.645337,0.000000,1550.512397,5269.679012,78.534790,82.275995,39.267395,41.137998,21920,15640,0.125000,24.000000,0.000000,35.000000,6.617067,1.645520
0,0.000000,0.038462,0.038462,42.452598,0.000000,243.204704,978.371320,89.582573,99.383122,44.791286,49.691561,49310,15640,0.038462,24.000000,0.000000,40.000000,6.838008,1.987662
0,0.000000,0.038462,0.038462,42.452598,0.000000,243.204704,978.371320,89.582573,99.383122,44.791286,49.691561,81950,15640,0.038462,24.000000,0.000000,40.000000,6.838008,1.987662
0,-0.000000,0.055556,0.038462,0.884945,0.000000,336.075102,978.371320,90.343367,99.383122,45.171683,49.691561,45040,34120,0.055556,451.000000,0.000000,45.000000,1.808921,1.987662
0,0.000000,0.032258,0.032258,42.569020,0.000000,1187.996772,1492.059178,86.422081,99.383122,43.211040,49.691561,63610,15640,0.032258,24.000000,0.000000,40.000000,6.774806,1.987662
0,-0.000000,0.055556,0.038462,0.884945,0.000000,336.075102,978.371320,90.343367,99.383122,45.171683,49.691561,59250,34120,0.055556,451.000000,0.000000,45.000000,1.808921,1.987662
0,0.000000,0.038462,0.038462,42.452598,0.000000,243.204704,978.371320,89.582573,99.383122,44.791286,49.691561,83810,15640,0.038462,24.000000,0.000000,40.000000,6.838008,1.987662
0,0.000000,0.058824,0.058824,42.538068,0.000000,861.824897,1596.991512,79.754986,89.827301,39.877493,44.913650,55390,15640,0.058824,24.000000,0.000000,35.000000,6.641462,1.796546
0,-0.000000,0.055556,0.038462,0.884945,0.000000,336.075102,978.371320,90.343367,99.383122,45.171683,49.691561,65990,34120,0.055556,451.000000,0.000000,45.000000,1.808921,1.987662
0,0.000000,0.333333,0.333333,0.172666,0.000000,1284.117347,180.000000,89.999969,40.000000,44.999984,20.000000,41570,21620,0.333333,500.000000,0.000000,40.000000,1.800011,0.000000
0,-0.000000,0.571429,0.363636,0.056932,0.000000,353.063712,112.000000,62.500000,41.267634,31.250000,20.633817,18980,10,0.571429,1605.000000,0.000000,30.000000,1.250005,0.000000
0,-0.000000,0.272727,0.500000,0.292384,0.000000,923.333333,51.652893,100.000000,50.000000,50.000000,25.000000,24270,19810,0.642857,2230.000000,0.000000,50.000000,2.000135,0.000000
0,-0.000000,0.076923,0.062500,0.098207,0.000000,794.485340,47.020408,54.954554,41.110542,27.477277,20.555271,26350,10,0.076923,868.000000,0.000000,25.000000,1.099098,0.000000
0,0.000000,0.900000,1.000000,33.445894,0.000000,595.661184,0.000000,100.000000,0.000000,50.000000,0.000000,1710,10,1.000000,3332.000000,0.000000,50.000000,3.774543,0.000000
0,0.000000,0.083333,0.083333,2.952771,0.000000,1330.514793,50.000000,86.611523,42.499993,43.305762,21.249997,69740,39590,0.083333,531.000000,0.000000,40.000000,1.809454,0.000000
0,0.000000,0.500000,0.428571,0.000000,0.000000,282.586777,486.000000,63.462987,37.685489,31.731493,18.842745,49630,10,0.500000,2542.000000,0.000000,30.000000,1.269260,0.000000
0,0.000000,0.333333,0.333333,0.172666,0.000000,1284.117347,180.000000,89.999969,40.000000,44.999984,20.000000,70050,21620,0.333333,500.000000,0.000000,40.000000,1.800011,0.000000
0,0.000000,0.947368,1.000000,48.730260,0.000000,687.591837,0.000000,97.500000,0.000000,48.750000,0.000000,11550,10,1.000000,3502.000000,0.000000,45.000000,4.834128,0.000000
0,0.000000,0.500000,0.428571,0.000000,0.000000,282.586777,486.000000,63.462987,37.685489,31.731493,18.842745,7910,10,0.500000,2542.000000,0.000000,30.000000,1.269260,0.000000
0,-0.000000,0.076923,0.062500,0.098207,0.000000,794.485340,47.020408,54.954554,41.110542,27.477277,20.555271,24650,10,0.076923,868.000000,0.000000,25.000000,1.099098,0.000000
0,0.000000,0.500000,0.428571,0.000000,0.000000,282.586777,486.000000,63.462987,37.685489,31.731493,18.842745,9610,10,0.500000,2542.000000,0.000000,30.000000,1.269260,0.000000
0,0.000000,0.909091,1.000000,0.059609,0.000000,312.151111,0.000000,48.204445,0.000000,24.102222,0.000000,28490,10,1.000000,4656.000000,0.000000,20.000000,0.964095,0.000000
0,-0.000000,0.272727,0.500000,0.292384,0.000000,923.333333,51.652893,100.000000,50.000000,50.000000,25.000000,25660,24270,0.642857,2230.000000,0.000000,50.000000,2.000135,0.000000
0,0.000000,0.083333,0.083333,2.952771,0.000000,1330.514793,50.000000,86.611523,42.499993,43.305762,21.249997,39590,29720,0.083333,531.000000,0.000000,40.000000,1.809454,0.000000
0,-0.000000,0.272727,0.500000,0.292384,0.000000,923.333333,51.652893,100.000000,50.000000,50.000000,25.000000,25660,12730,0.642857,2230.000000,0.000000,50.000000,2.000135,0.000000
0,0.000000,0.083333,0.083333,2.952771,0.000000,1330.514793,50.000000,86.611523,42.499993,43.305762,21.249997,41260,39590,0.083333,531.000000,0.000000,40.000000,1.809454,0.000000
0,-0.000000,0.025641,0.024390,0.613498,0.000000,4060.737543,5770.240000,91.027599,40.388490,45.513799,20.194245,60030,21500,0.028571,1353.000000,0.000000,45.000000,1.820598,0.000000
0,-0.000000,0.025641,0.024390,0.613498,0.000000,4060.737543,5770.240000,91.027599,40.388490,45.513799,20.194245,61520,60030,0.028571,1353.000000,0.000000,45.000000,1.820598,0.000000
0,0.000000,0.500000,0.428571,0.000000,0.000000,282.586777,486.000000,63.462987,37.685489,31.731493,18.842745,21150,10,0.500000,2542.000000,0.000000,30.000000,1.269260,0.000000
0,-0.000000,0.272727,0.500000,0.292384,0.000000,923.333333,51.652893,100.000000,50.000000,50.000000,25.000000,25660,11030,0.642857,2230.000000,0.000000,50.000000,2.000135,0.000000
0,-0.000000,0.272727,0.500000,0.292384,0.000000,923.333333,51.652893,100.000000,50.000000,50.000000,25.000000,52750,25660,0.642857,2230.000000,0.000000,50.000000,2.000135,0.000000
0,-0.000000,0.076923,0.062500,0.098207,0.000000,794.485340,47.020408,54.954554,41.110542,27.477277,20.555271,37890,10,0.076923,868.000000,0.000000,25.000000,1.099098,0.000000
0,-0.000000,0.025641,0.024390,0.613498,0.000000,4060.737543,5770.240000,91.027599,40.388490,45.513799,20.194245,60030,33040,0.028571,1353.000000,0.000000,45.000000,1.820598,0.000000
0,-0.000000,0.272727,0.500000,0.292384,0.000000,923.333333,51.652893,100.000000,50.000000,50.000000,25.000000,19810,11030,0.642857,2230.000000,0.000000,50.000000,2.000135,0.000000
0,-0.000000,0.025641,0.024390,0.613498,0.000000,4060.737543,5770.240000,91.027599,40.388490,45.513799,20.194245,60030,19800,0.028571,1353.000000,0.000000,45.000000,1.820598,0.000000
0,-0.000000,0.571429,0.363636,0.056932,0.000000,353.063712,112.000000,62.500000,41.267634,31.250000,20.633817,17280,10,0.571429,1605.000000,0.000000,30.000000,1.250005,0.000000
0,-0.000000,0.571429,0.363636,0.056932,0.000000,353.063712,112.000000,62.500000,41.267634,31.250000,20.633817,30520,10,0.571429,1605.000000,0.000000,30.000000,1.250005,0.000000
0,0.000000,0.333333,0.333333,0.172666,0.000000,1284.117347,180.000000,89.999969,40.000000,44.999984,20.000000,30030,21620,0.333333,500.000000,0.000000,40.000000,1.800011,0.000000
0,0.000000,0.083333,0.083333,2.952771,0.000000,1330.514793,50.000000,86.611523,42.499993,43.305762,21.249997,39590,28020,0.083333,531.000000,0.000000,40.000000,1.809454,0.000000
0,-0.000000,0.272727,0.500000,0.292384,0.000000,923.333333,51.652893,100.000000,50.000000,50.000000,25.000000,52750,19810,0.642857,2230.000000,0.000000,50.000000,2.000135,0.000000
0,-0.000000,0.571429,0.363636,0.056932,0.000000,353.063712,112.000000,62.500000,41.267634,31.250000,20.633817,59000,10,0.571429,1605.000000,0.000000,30.000000,1.250005,0.000000
0,0.000000,0.333333,0.333333,0.172666,0.000000,1284.117347,180.000000,89.999969,40.000000,44.999984,20.000000,28330,21620,0.333333,500.000000,0.000000,40.000000,1.800011,0.000000
0,-0.000000,0.272727,0.500000,0.292384,0.000000,923.333333,51.652893,100.000000,50.000000,50.000000,25.000000,19810,12730,0.642857,2230.000000,0.000000,50.000000,2.000135,0.000000
0,-0.000000,0.076923,0.062500,0.098207,0.000000,794.485340,47.020408,54.954554,41.110542,27.477277,20.555271,66370,10,0.076923,868.000000,0.000000,25.000000,1.099098,0.000000
0,0.000000,0.900000,1.000000,33.445894,0.000000,595.661184,0.000000,100.000000,0.000000,50.000000,0.000000,41730,10,1.000000,3332.000000,0.000000,50.000000,3.774543,0.000000
0,0.000000,0.900000,1.000000,33.445894,0.000000,595.661184,0.000000,100.000000,0.000000,50.000000,0.000000,13250,10,1.000000,3332.000000,0.000000,50.000000,3.774543,0.000000
0,0.000000,0.947368,1.000000,48.730260,0.000000,687.591837,0.000000,97.500000,0.000000,48.750000,0.000000,40030,10,1.000000,3502.000000,0.000000,45.000000,4.834128,0.000000
0,0.000000,1.000000,1.000000,0.652321,0.239826,1146.605556,1769.444444,77.646856,39.039806,38.823428,19.519903,54840,10,1.000000,46.000000,0.000000,35.000000,1.569559,0.000000
