thread_id,v_rel_smoothed,initial_chi,final_chi,pre_p_mag,post_p_mag,pre_mass,post_mass,pre_s_sum,post_s_sum,pre_s_mean,post_s_mean,pre_age_a,pre_age_b,chi_max,duration,theta,stability_bin,pre_E_total,post_E_total
0,0.000000,0.500000,0.500000,25.689495,0.000000,2052.000000,480.000000,41.564055,52.480301,20.782027,26.240150,430,390,0.500000,17.000000,0.000000,20.000000,0.992328,1.049606
0,-0.000445,0.285714,0.380952,107.142540,0.000000,3686.000000,1100.000000,20.647333,50.579882,10.323666,25.289941,170,160,0.700000,40.000000,0.000000,10.000000,2.426710,1.011598
0,0.000000,0.800000,0.800000,1.741849,0.000000,159.062500,1484.000000,41.665987,61.652380,20.832994,30.826190,730,270,0.800000,18.000000,0.000000,20.000000,0.843904,1.233048
0,-0.000450,0.461538,0.200000,110.788082,9.958272,10308.000000,1366.897959,50.704118,26.606408,25.352059,13.303204,1000,970,0.461538,31.000000,0.000000,25.000000,1.820451,0.000000
0,-0.000450,0.461538,0.200000,110.788082,9.958272,10308.000000,1366.897959,50.704118,26.606408,25.352059,13.303204,970,500,0.461538,31.000000,0.000000,25.000000,1.820451,0.000000
0,0.000003,0.666667,1.000000,19.837763,0.000000,241.250000,0.000000,25.709291,0.000000,12.854645,0.000000,520,20,1.000000,79.000000,0.000000,10.000000,1.470097,0.000000
0,0.000000,1.000000,1.000000,7.554659,68.322895,1005.801020,9032.640000,29.142866,26.262037,14.571433,13.131019,1210,10,1.000000,27.000000,0.000000,10.000000,0.612139,0.000000
0,-0.001070,0.500000,0.333333,44.275374,22.469291,6535.480000,338.000000,26.513243,16.013319,13.256622,8.006660,1410,10,0.500000,26.000000,0.000000,10.000000,0.680861,0.000000
0,0.000344,0.500000,0.750000,1.334917,0.000000,283.000000,407.680000,38.920872,32.293050,19.460436,16.146525,1430,10,0.750000,62.000000,0.000000,15.000000,0.781898,0.000000
0,0.000000,0.375000,0.375000,1.513511,0.000000,57.500000,0.000000,53.394232,0.000000,26.697116,0.000000,620,410,0.375000,22.000000,0.000000,25.000000,1.112597,0.000000
0,0.000023,0.625000,0.700000,8.540923,0.000000,603.222222,407.680000,37.989249,32.485724,18.994625,16.242862,1360,150,0.700000,70.000000,0.000000,15.000000,1.268837,0.000000
0,0.000000,0.166667,0.166667,3.020009,0.000000,400.000000,0.000000,62.171642,0.000000,31.085821,0.000000,470,160,0.166667,13.000000,0.000000,30.000000,1.277333,0.000000
0,-0.000060,0.800000,0.666667,3.266995,0.000000,214.000000,52.937500,66.254077,48.882967,33.127039,24.441484,420,10,0.800000,28.000000,0.000000,30.000000,1.360659,0.000000
0,-0.000060,0.800000,0.666667,3.266995,0.000000,214.000000,52.937500,66.254077,48.882967,33.127039,24.441484,360,10,0.800000,28.000000,0.000000,30.000000,1.360659,0.000000
0,0.000000,0.272727,0.272727,93.543535,2.376039,1507.500000,137.984694,75.686691,86.931603,37.843346,43.465801,610,90,0.272727,26.000000,0.000000,35.000000,4.507671,1.790338
0,0.000000,0.272727,0.272727,1.728984,2.376039,260.937500,137.984694,75.015574,86.931603,37.507787,43.465801,2140,470,0.272727,34.000000,0.000000,35.000000,1.509379,1.790338
0,0.000000,0.272727,0.272727,93.543535,2.376039,1507.500000,137.984694,75.686691,86.931603,37.843346,43.465801,550,90,0.272727,26.000000,0.000000,35.000000,4.507671,1.790338
0,0.000000,0.272727,0.272727,1.728984,2.376039,260.937500,137.984694,75.015574,86.931603,37.507787,43.465801,2140,530,0.272727,34.000000,0.000000,35.000000,1.509379,1.790338
0,0.000000,0.250000,0.250000,300.334100,3.986631,65556.000000,61.250000,53.732834,28.082251,26.866417,14.041125,1600,10,0.250000,15.000000,0.000000,25.000000,1.762832,0.000000
0,0.000000,0.500000,0.500000,0.209707,0.000000,72.937500,36.734694,74.115779,44.713121,37.057889,22.356561,760,10,0.500000,15.000000,0.000000,35.000000,1.482731,0.000000
0,0.000000,0.500000,0.500000,0.209707,0.000000,72.937500,36.734694,74.115779,44.713121,37.057889,22.356561,700,10,0.500000,15.000000,0.000000,35.000000,1.482731,0.000000
0,0.000000,0.666667,0.666667,1.747168,2.329284,502.000000,700.000000,62.843190,44.032436,31.421595,22.016218,310,10,0.666667,21.000000,0.000000,30.000000,1.260004,0.000000
0,0.000000,0.666667,0.666667,1.747168,2.329284,502.000000,700.000000,62.843190,44.032436,31.421595,22.016218,930,10,0.666667,21.000000,0.000000,30.000000,1.260004,0.000000
0,0.000000,1.000000,1.000000,0.847319,0.000000,244.000000,0.000000,43.833865,0.000000,21.916932,0.000000,2140,10,1.000000,58.000000,0.000000,20.000000,0.878403,0.000000
0,0.000000,1.000000,1.000000,11.962687,8.774388,325.250000,2401.000000,79.694383,34.163328,39.847191,17.081664,260,10,1.000000,33.000000,0.000000,35.000000,2.300583,0.000000
0,0.000000,1.000000,1.000000,11.962687,8.774388,325.250000,2401.000000,79.694383,34.163328,39.847191,17.081664,2390,10,1.000000,33.000000,0.000000,35.000000,2.300583,0.000000
0,-0.000117,0.600000,0.545455,0.088250,0.000000,47.527778,117.551020,68.826724,45.059033,34.413362,22.529516,840,10,0.600000,41.000000,0.000000,30.000000,1.376700,0.000000
0,-0.001371,0.857143,0.750000,0.057157,0.000000,31.360000,27.222222,42.846946,26.719162,21.423473,13.359581,220,10,0.857143,20.000000,0.000000,20.000000,0.857045,0.000000
0,0.000142,0.100000,0.444444,71.093053,0.000000,16408.000000,199.111111,50.057061,30.065154,25.028531,15.032577,1680,10,0.444444,41.000000,0.000000,25.000000,1.155384,0.000000
0,-0.000117,0.600000,0.545455,0.088250,0.000000,47.527778,117.551020,68.826724,45.059033,34.413362,22.529516,780,10,0.600000,41.000000,0.000000,30.000000,1.376700,0.000000
0,-0.000919,0.538462,0.466667,0.322215,0.568139,113.527778,158.840000,71.586272,25.900448,35.793136,12.950224,1260,10,0.538462,19.000000,0.000000,35.000000,1.432302,0.000000
0,-0.000500,0.272727,0.300000,0.206835,33.930271,276.937500,1868.888889,94.273062,33.241280,47.136531,16.620640,780,10,0.375000,67.000000,0.000000,45.000000,1.885865,0.000000
0,-0.000226,0.428571,0.333333,0.256004,0.177812,82.306122,54.000000,59.236703,31.340918,29.618351,15.670459,990,10,0.428571,40.000000,0.000000,25.000000,1.185228,0.000000
0,-0.000020,0.142857,0.100000,3.986631,1.022290,97.984694,324.000000,72.795372,32.659737,36.397686,16.329869,1750,910,0.142857,54.000000,0.000000,35.000000,1.585648,0.000000
0,-0.000226,0.428571,0.333333,0.256004,0.177812,82.306122,54.000000,59.236703,31.340918,29.618351,15.670459,1050,10,0.428571,40.000000,0.000000,25.000000,1.185228,0.000000
0,-0.000500,0.272727,0.300000,0.206835,33.930271,276.937500,1868.888889,94.273062,33.241280,47.136531,16.620640,720,10,0.375000,67.000000,0.000000,45.000000,1.885865,0.000000
0,-0.000919,0.538462,0.466667,0.322215,0.568139,113.527778,158.840000,71.586272,25.900448,35.793136,12.950224,1200,10,0.538462,19.000000,0.000000,35.000000,1.432302,0.000000
0,0.000000,1.000000,1.000000,236.129032,0.000000,1600.000000,0.000000,47.764750,0.000000,23.882375,0.000000,330,270,1.000000,112.000000,0.000000,20.000000,19.182100,0.000000
0,0.000524,0.500000,0.625000,2.021854,0.073395,63.734694,27.222222,58.537307,32.906814,29.268653,16.453407,870,190,0.625000,58.000000,0.000000,25.000000,1.221626,0.000000
0,0.000524,0.500000,0.625000,2.021854,0.073395,63.734694,27.222222,58.537307,32.906814,29.268653,16.453407,810,190,0.625000,58.000000,0.000000,25.000000,1.221626,0.000000
0,-0.000020,0.142857,0.100000,3.986631,1.022290,97.984694,324.000000,72.795372,32.659737,36.397686,16.329869,1750,850,0.142857,54.000000,0.000000,35.000000,1.585648,0.000000
0,0.000000,0.250000,0.375000,1.255398,7.484966,347.859375,2715.469388,55.959083,64.660430,27.979541,32.330215,190,100,0.375000,101.000000,0.000000,25.000000,1.121448,1.303539
0,-0.000018,0.166667,0.071429,2.423392,0.000000,709.694444,1559.777778,63.219102,60.535365,31.609551,30.267683,1480,410,0.166667,41.000000,0.000000,30.000000,1.268520,1.210707
0,-0.000011,0.307692,0.214286,3.994968,0.000000,1204.083333,8096.000000,61.628324,59.778194,30.814162,29.889097,490,10,0.312500,81.000000,0.000000,30.000000,1.239326,1.195564
0,-0.000325,0.750000,0.307692,0.097738,0.000000,50.750000,1822.000000,53.449529,61.307935,26.724765,30.653968,220,10,0.750000,81.000000,0.000000,25.000000,1.069166,1.226159
0,-0.000138,0.250000,0.153846,17.490151,0.000000,1207.777778,7174.000000,55.386483,68.989667,27.693241,34.494833,390,120,0.250000,91.000000,0.000000,25.000000,1.235942,1.379793
0,-0.000041,0.400000,0.071429,0.746604,0.000000,222.638889,2672.000000,56.654728,59.294528,28.327364,29.647264,2100,10,0.400000,81.000000,0.000000,25.000000,1.134494,1.185891
0,0.000012,0.714286,0.500000,0.318143,1.555501,96.666667,645.000000,41.760016,70.329777,20.880008,35.164889,1890,10,0.714286,126.000000,0.000000,20.000000,0.835828,1.408482
0,-0.000015,0.066667,0.058824,3.144791,1.284538,1093.000000,505.625000,69.240054,66.835674,34.620027,33.417837,2710,1690,0.066667,44.000000,0.000000,30.000000,1.389327,1.338345
0,0.000000,0.800000,0.800000,0.287776,0.000000,120.000000,224.000000,40.496657,75.200743,20.248329,37.600372,440,10,0.800000,26.000000,0.000000,20.000000,0.810347,1.504015
0,0.009600,0.200000,0.800000,2.639293,0.000000,161.250000,224.000000,40.476527,75.200743,20.238263,37.600372,470,300,0.800000,40.000000,0.000000,20.000000,0.854318,1.504015
0,-0.000142,0.200000,0.100000,18.036891,0.000000,4905.250000,300.000000,70.110508,50.000000,35.055254,25.000000,1680,1280,0.200000,103.000000,0.000000,35.000000,1.435392,0.000000
0,-0.000142,0.200000,0.100000,18.036891,0.000000,4905.250000,300.000000,70.110508,50.000000,35.055254,25.000000,1280,1060,0.200000,103.000000,0.000000,35.000000,1.435392,0.000000
0,0.004945,0.166667,0.571429,0.484343,0.000000,161.320000,384.000000,73.392616,41.357222,36.696308,20.678611,1690,830,0.571429,62.000000,0.000000,35.000000,1.468580,0.000000
0,-0.000141,0.117647,0.100000,9.530042,0.000000,3568.571429,6091.875000,69.877681,34.272548,34.938841,17.136274,1950,1360,0.117647,36.000000,0.000000,30.000000,1.410280,0.000000
0,-0.000000,0.105263,0.080000,15.405424,0.000000,1877.061224,4689.910000,74.126609,84.215483,37.063305,42.107741,1740,750,0.105263,105.000000,0.000000,35.000000,1.614554,1.684310
0,-0.000000,0.105263,0.080000,15.405424,0.000000,1877.061224,4689.910000,74.126609,84.215483,37.063305,42.107741,1120,750,0.105263,105.000000,0.000000,35.000000,1.614554,1.684310
0,-0.000003,0.500000,0.400000,1.525700,0.000000,508.666667,545.000000,46.351424,86.792416,23.175712,43.396208,1990,10,0.666667,80.000000,0.000000,20.000000,0.929445,1.735848
0,-0.000003,0.500000,0.400000,1.525700,0.000000,508.666667,545.000000,46.351424,86.792416,23.175712,43.396208,1370,10,0.666667,80.000000,0.000000,20.000000,0.929445,1.735848
0,0.000000,0.500000,0.500000,5.246116,0.000000,1682.111111,5045.487603,35.192443,34.852591,17.596222,17.426295,640,10,0.500000,140.000000,0.000000,15.000000,0.712163,0.000000
0,0.000000,0.153846,0.153846,40.362084,55.206724,4721.996389,23534.000000,66.711411,26.424559,33.355706,13.212280,2050,430,0.153846,21.000000,0.000000,30.000000,1.507200,0.000000
0,0.000000,0.714286,0.714286,11.540984,0.654910,408.000000,384.000000,58.223898,41.371094,29.111949,20.685547,1360,10,0.714286,63.000000,0.000000,25.000000,1.337908,0.000000
0,0.000000,0.500000,0.500000,0.616221,0.436511,266.437500,245.000000,66.777835,40.032246,33.388918,20.016123,800,170,0.500000,47.000000,0.000000,30.000000,1.336309,0.000000
0,-0.000036,0.133333,0.105263,12.576082,67.885691,4845.333333,28736.000000,68.578186,73.394097,34.289093,36.697049,1740,240,0.133333,54.000000,0.000000,30.000000,1.394327,1.548141
0,-0.000034,0.117647,0.105263,73.452062,67.885691,5553.300103,28736.000000,70.254280,73.394097,35.127140,36.697049,1970,1240,0.117647,31.000000,0.000000,35.000000,5.134814,1.548141
0,-0.000034,0.117647,0.105263,73.452062,67.885691,5553.300103,28736.000000,70.254280,73.394097,35.127140,36.697049,1970,640,0.117647,31.000000,0.000000,35.000000,5.134814,1.548141
0,0.000000,0.571429,0.625000,61.616769,0.000000,587.812500,28.000000,74.277140,50.000000,37.138570,25.000000,1070,640,0.625000,110.000000,0.000000,35.000000,5.201166,0.000000
0,0.000000,0.800000,0.625000,0.259196,0.000000,162.720000,28.000000,58.775948,50.000000,29.387974,25.000000,610,10,0.800000,156.000000,0.000000,25.000000,1.175855,0.000000
0,-0.000000,0.285714,0.250000,2.308837,0.000000,831.111111,239.418685,56.605835,35.065277,28.302918,17.532638,1090,670,0.285714,150.000000,0.000000,25.000000,1.135324,0.000000
0,0.000000,0.571429,0.625000,61.616769,0.000000,587.812500,28.000000,74.277140,50.000000,37.138570,25.000000,1240,1070,0.625000,110.000000,0.000000,35.000000,5.201166,0.000000
0,0.000000,0.500000,0.500000,0.421196,0.000000,275.250000,245.000000,61.154227,41.396782,30.577114,20.698391,1420,10,0.500000,67.000000,0.000000,30.000000,1.223447,0.000000
0,-0.000000,0.714286,0.666667,0.631932,0.000000,414.250000,28.543210,62.070027,36.628443,31.035014,18.314222,2140,10,0.750000,67.000000,0.000000,30.000000,1.241921,0.000000
0,-0.000000,0.133333,0.125000,48.270656,0.000000,20510.250000,8670.000000,55.527012,32.560041,27.763506,16.280020,3180,10,0.133333,67.000000,0.000000,25.000000,1.167426,0.000000
0,0.000000,0.312500,0.312500,12.857060,0.000000,297.224490,325.000000,66.364110,36.523271,33.182055,18.261635,4210,200,0.312500,48.000000,0.000000,30.000000,1.625540,0.000000
0,-0.000000,0.133333,0.125000,53.269792,0.000000,23564.250000,21125.000000,51.846288,33.587305,25.923144,16.793653,2410,10,0.133333,67.000000,0.000000,25.000000,1.097215,0.000000
0,0.000352,0.058824,0.142857,34.277265,0.000000,16563.293210,424.680473,69.182702,65.492204,34.591351,32.746102,2990,2720,0.142857,34.000000,0.000000,30.000000,1.468749,1.309844
0,-0.000027,0.058824,0.055556,18.091214,0.000000,7528.543210,6614.902696,70.060478,65.895093,35.030239,32.947547,3760,2720,0.058824,34.000000,0.000000,35.000000,1.472114,1.317902
0,0.000000,1.000000,1.000000,10.863142,0.000000,1145.400000,361.972222,60.196198,81.786753,30.098099,40.893377,2050,10,1.000000,106.000000,0.000000,30.000000,1.257109,1.635735
0,0.000000,0.250000,0.272727,10.986183,0.000000,1182.900000,255.500000,65.100839,84.005529,32.550420,42.002765,2050,830,0.300000,106.000000,0.000000,30.000000,1.355305,1.680111
0,0.000131,0.266667,0.263158,19.000794,0.000000,8223.984375,9047.737654,71.328341,79.582059,35.664170,39.791029,3590,2340,0.266667,77.000000,0.000000,35.000000,1.449191,1.591641
0,0.000000,0.125000,0.125000,5.443808,0.000000,2574.620000,915.687500,82.277103,81.524563,41.138551,40.762281,2920,170,0.125000,47.000000,0.000000,40.000000,1.651300,1.630491
0,0.000000,0.066667,0.066667,33.270699,0.000000,5517.718112,1936.520833,84.519648,85.060878,42.259824,42.530439,4570,2470,0.066667,17.000000,0.000000,40.000000,1.793939,1.701218
0,0.000637,0.222222,0.300000,33.230235,0.000000,5466.530612,2443.333333,72.639735,67.064403,36.319867,33.532201,4570,780,0.300000,17.000000,0.000000,35.000000,1.556342,1.341288
0,0.000000,0.066667,0.066667,33.270699,0.000000,5517.718112,1936.520833,84.519648,85.060878,42.259824,42.530439,4570,2300,0.066667,17.000000,0.000000,40.000000,1.793939,1.701218
0,-0.000001,0.105263,0.100000,11.118238,0.000000,5349.317531,1672.580247,54.641180,71.435947,27.320590,35.717973,4110,10,0.105263,63.000000,0.000000,25.000000,1.104430,1.428719
0,-0.000004,0.050000,0.125000,46.645585,0.000000,19745.547337,2641.333333,68.258248,71.366743,34.129124,35.683372,2940,2170,0.142857,180.000000,0.000000,30.000000,1.420271,1.427335
0,0.000000,0.066667,0.066667,33.270699,0.000000,5517.718112,1936.520833,84.519648,85.060878,42.259824,42.530439,4570,3070,0.066667,17.000000,0.000000,40.000000,1.793939,1.701218
0,-0.001732,0.222222,0.200000,40.407381,0.000000,17116.000000,1633.333333,67.273761,35.304747,33.636880,17.652373,3380,1600,0.333333,138.000000,0.000000,30.000000,1.393173,0.000000
0,-0.000040,0.500000,0.214286,0.302224,0.383455,269.197531,339.246914,60.831506,73.644111,30.415753,36.822056,2350,10,0.500000,70.000000,0.000000,30.000000,1.216817,1.473104
0,-0.000013,0.166667,0.071429,1.318245,0.717480,629.000000,575.000000,78.316446,76.394032,39.158223,38.197016,1520,800,0.333333,225.000000,0.000000,35.000000,1.567711,1.528339
0,0.000000,0.071429,0.071429,133.911276,0.717480,2016.687500,575.000000,75.165207,76.394032,37.582603,38.197016,3460,1260,0.071429,31.000000,0.000000,35.000000,7.098271,1.528339
0,0.000000,0.214286,0.214286,133.321958,0.383455,1626.246914,339.246914,68.459504,73.644111,34.229752,36.822056,1260,400,0.214286,31.000000,0.000000,30.000000,6.963713,1.473104
0,-0.000000,0.777778,0.500000,13.379259,0.210856,355.666667,133.097222,72.848891,35.811061,36.424445,17.905530,4210,2330,0.916667,166.000000,0.000000,35.000000,1.757210,0.000000
0,-0.000000,0.315789,0.250000,0.387644,0.039500,224.000000,26.272727,57.466000,38.733298,28.733000,19.366649,4950,10,0.315789,92.000000,0.000000,25.000000,1.149696,0.000000
0,0.000000,1.000000,1.000000,1.141649,0.000000,198.562500,0.000000,53.145087,0.000000,26.572543,0.000000,630,10,1.000000,498.000000,0.000000,25.000000,1.081004,0.000000
0,0.000000,0.500000,0.500000,0.696777,0.189577,495.000000,182.812500,68.918689,50.000000,34.459344,25.000000,3210,300,0.500000,96.000000,0.000000,30.000000,1.378866,0.000000
0,0.000000,0.500000,0.500000,0.696777,0.189577,495.000000,182.812500,68.918689,50.000000,34.459344,25.000000,3980,300,0.500000,96.000000,0.000000,30.000000,1.378866,0.000000
0,0.000000,0.500000,0.500000,0.696777,0.189577,495.000000,182.812500,68.918689,50.000000,34.459344,25.000000,3380,300,0.500000,96.000000,0.000000,30.000000,1.378866,0.000000
0,-0.000010,0.200000,0.166667,0.126622,0.364954,242.000000,257.000000,70.675111,65.493343,35.337555,32.746672,5140,10,0.200000,36.000000,0.000000,35.000000,1.413584,1.310129
0,-0.000000,0.066667,0.062500,1.166728,6.966447,128.000000,234.750000,74.671399,65.977350,37.335700,32.988675,4790,1190,0.066667,71.000000,0.000000,35.000000,1.502643,1.428216
0,0.000000,0.058824,0.058824,4.555766,0.315048,316.413459,223.680000,86.128558,79.437574,43.064279,39.718787,5380,710,0.058824,12.000000,0.000000,40.000000,1.768930,1.588976
0,-0.000006,0.052632,0.047619,0.548591,0.195070,395.914127,194.812500,86.582094,79.437574,43.291047,39.718787,4490,3430,0.052632,101.000000,0.000000,40.000000,1.732022,1.588850
0,0.000000,0.083333,0.083333,0.258623,0.152528,176.500000,124.500000,89.745448,79.437574,44.872724,39.718787,4810,990,0.083333,69.000000,0.000000,40.000000,1.795100,1.588847
0,-0.000006,0.052632,0.047619,0.548591,0.195070,395.914127,194.812500,86.582094,79.437574,43.291047,39.718787,4490,3260,0.052632,101.000000,0.000000,40.000000,1.732022,1.588850
0,0.000000,0.368421,0.370370,0.071423,0.582608,64.878004,482.400000,51.944629,66.286037,25.972315,33.143019,3070,10,0.473684,243.000000,0.000000,25.000000,1.038955,1.326074
0,0.000000,0.058824,0.058824,4.555766,0.315048,316.413459,223.680000,86.128558,79.437574,43.064279,39.718787,5380,2870,0.058824,12.000000,0.000000,40.000000,1.768930,1.588976
0,-0.000006,0.052632,0.047619,0.548591,0.195070,395.914127,194.812500,86.582094,79.437574,43.291047,39.718787,4490,4030,0.052632,101.000000,0.000000,40.000000,1.732022,1.588850
0,0.000000,0.083333,0.083333,0.258623,0.152528,176.500000,124.500000,89.745448,79.437574,44.872724,39.718787,4810,4350,0.083333,69.000000,0.000000,40.000000,1.795100,1.588847
0,-0.000000,0.062500,0.037037,1.442305,2.921078,945.022727,2198.400000,76.004372,83.374396,38.002186,41.687198,5000,900,0.062500,154.000000,0.000000,35.000000,1.521188,1.669432
0,-0.000000,0.040000,0.037037,117.568891,2.921078,4927.506944,2198.400000,75.063780,83.374396,37.531890,41.687198,1910,380,0.040000,53.000000,0.000000,35.000000,2.915093,1.669432
0,-0.000000,0.416667,0.260870,0.842149,0.056823,431.914127,52.680473,75.668335,71.528413,37.834168,35.764206,4740,4470,0.416667,103.000000,0.000000,35.000000,1.514340,1.430600
0,0.000000,0.250000,0.250000,0.183301,0.782845,161.750000,549.720000,47.348382,70.454495,23.674191,35.227248,3020,10,0.250000,40.000000,0.000000,20.000000,0.947092,1.409647
0,0.000000,0.250000,0.250000,0.183301,0.782845,161.750000,549.720000,47.348382,70.454495,23.674191,35.227248,5270,10,0.250000,40.000000,0.000000,20.000000,0.947092,1.409647
0,0.000000,0.200000,0.200000,0.172825,0.000000,163.440000,441.000000,54.062380,59.850180,27.031190,29.925090,150,10,0.200000,32.000000,0.000000,25.000000,1.081351,1.197004
0,0.000000,0.363636,0.363636,0.054275,0.000000,59.760000,76.320000,53.664145,66.871135,26.832073,33.435567,1680,10,0.363636,32.000000,0.000000,25.000000,1.073319,1.337423
0,0.000000,0.090909,0.090909,0.688903,0.000000,610.995556,117.000000,52.643972,63.259316,26.321986,31.629658,2970,10,0.090909,32.000000,0.000000,25.000000,1.053281,1.265186
0,0.000000,0.166667,0.166667,42.932943,1.076788,1446.875000,911.111111,93.299993,100.000000,46.649996,50.000000,1020,610,0.166667,19.000000,0.000000,45.000000,3.464856,2.000636
0,0.000000,0.125000,0.125000,1.405119,0.963742,1074.122449,1019.111111,89.596949,91.292412,44.798475,45.646206,3320,2650,0.125000,34.000000,0.000000,40.000000,1.793459,1.826304
0,-0.000027,0.235294,0.166667,15.665410,1.076788,1939.680000,911.111111,91.742797,100.000000,45.871399,50.000000,2920,60,0.235294,74.000000,0.000000,45.000000,1.903316,2.000636
0,-0.000027,0.235294,0.166667,6.346708,1.076788,1597.920000,911.111111,93.242845,100.000000,46.621423,50.000000,2870,790,0.235294,79.000000,0.000000,45.000000,1.912465,2.000636
0,0.000000,0.166667,0.166667,42.932943,1.076788,1446.875000,911.111111,93.299993,100.000000,46.649996,50.000000,7020,1020,0.166667,19.000000,0.000000,45.000000,3.464856,2.000636
0,0.000000,0.125000,0.125000,42.813575,0.963742,1554.875000,1019.111111,84.829477,91.292412,42.414739,45.646206,2800,1020,0.125000,19.000000,0.000000,40.000000,3.295245,1.826304
0,-0.000027,0.235294,0.166667,15.665410,1.076788,1939.680000,911.111111,91.742797,100.000000,45.871399,50.000000,760,60,0.235294,74.000000,0.000000,45.000000,1.903316,2.000636
0,-0.000027,0.235294,0.166667,6.346708,1.076788,1597.920000,911.111111,93.242845,100.000000,46.621423,50.000000,6420,2870,0.235294,79.000000,0.000000,45.000000,1.912465,2.000636
0,-0.000027,0.235294,0.166667,6.346708,1.076788,1597.920000,911.111111,93.242845,100.000000,46.621423,50.000000,6420,710,0.235294,79.000000,0.000000,45.000000,1.912465,2.000636
0,-0.000027,0.235294,0.166667,6.346708,1.076788,1597.920000,911.111111,93.242845,100.000000,46.621423,50.000000,790,710,0.235294,79.000000,0.000000,45.000000,1.912465,2.000636
0,0.000000,0.166667,0.166667,42.932943,1.076788,1446.875000,911.111111,93.299993,100.000000,46.649996,50.000000,1390,1020,0.166667,19.000000,0.000000,45.000000,3.464856,2.000636
0,0.000000,0.125000,0.125000,1.405119,0.963742,1074.122449,1019.111111,89.596949,91.292412,44.798475,45.646206,2650,1160,0.125000,34.000000,0.000000,40.000000,1.793459,1.826304
0,-0.000933,0.272727,0.157895,7.216303,0.000000,230.222222,1810.171875,68.845278,71.991376,34.422639,35.995688,2310,1770,0.272727,82.000000,0.000000,30.000000,1.523653,1.439828
0,-0.000123,0.285714,0.086957,0.725036,0.000000,408.197531,1737.644558,54.240550,79.480741,27.120275,39.740370,3340,10,0.285714,312.000000,0.000000,25.000000,1.085495,1.589615
0,-0.000003,0.058824,0.052632,1.681768,0.000000,237.510204,566.693878,77.963440,79.268345,38.981720,39.634173,3800,2770,0.105263,117.000000,0.000000,35.000000,1.570131,1.585367
0,-0.000001,0.333333,0.400000,0.123042,0.000000,109.500000,1055.555556,58.652459,67.766255,29.326230,33.883128,830,10,0.545455,414.000000,0.000000,25.000000,1.173152,1.355325
0,-0.000000,0.142857,0.111111,0.207940,0.000000,161.551020,336.000000,73.646315,64.130959,36.823158,32.065480,3710,1300,0.142857,126.000000,0.000000,35.000000,1.473060,1.282619
0,0.000000,0.166667,0.166667,0.118706,0.000000,115.187500,316.000000,47.633734,70.056196,23.816867,35.028098,3840,10,0.166667,113.000000,0.000000,20.000000,0.952746,1.401124
0,-0.000003,0.058824,0.052632,1.681768,0.000000,237.510204,566.693878,77.963440,79.268345,38.981720,39.634173,5020,3800,0.105263,117.000000,0.000000,35.000000,1.570131,1.585367
0,0.000000,0.500000,0.500000,0.083648,0.000000,93.666667,36.000000,39.615714,35.171133,19.807857,17.585567,1640,10,0.500000,94.000000,0.000000,15.000000,0.792367,0.000000
0,0.000000,0.666667,0.666667,0.018938,0.774740,169.061224,570.416667,91.558498,46.290216,45.779249,23.145108,260,10,0.666667,38.000000,0.000000,45.000000,1.831181,0.000000
0,-0.000019,0.666667,0.166667,0.359617,0.774740,82.122449,570.416667,97.358208,46.290216,48.679104,23.145108,1160,10,0.666667,63.000000,0.000000,45.000000,1.948142,0.000000
0,0.000000,0.125000,0.125000,0.969997,87.570513,1161.061224,3130.416667,85.160937,86.895694,42.580469,43.447847,2900,10,0.125000,38.000000,0.000000,40.000000,1.703685,3.209828
0,-0.000017,0.166667,0.166667,0.030302,0.774740,41.000000,570.416667,86.457912,46.290216,43.228956,23.145108,870,10,0.666667,63.000000,0.000000,40.000000,1.729177,0.000000
0,0.000000,0.500000,0.500000,1.045502,86.795774,1024.000000,2560.000000,86.955157,40.605478,43.477579,20.302739,2650,10,0.500000,63.000000,0.000000,40.000000,1.739645,0.000000
0,-0.000019,0.666667,0.166667,0.359617,0.774740,82.122449,570.416667,97.358208,46.290216,48.679104,23.145108,3320,10,0.666667,63.000000,0.000000,45.000000,1.948142,0.000000
0,-0.000369,0.142857,0.074074,0.099412,0.783110,117.553719,720.416667,60.679723,91.217124,30.339861,45.608562,4700,10,0.142857,57.000000,0.000000,30.000000,1.213643,1.824769
0,-0.000023,0.153846,0.074074,0.765687,0.783110,528.062500,720.416667,85.010719,91.217124,42.505360,45.608562,4760,4030,0.153846,201.000000,0.000000,40.000000,1.700772,1.824769
0,0.003666,0.142857,0.842105,0.526701,2.079140,424.333333,1800.000000,49.744965,81.144923,24.872482,40.572462,2390,10,0.842105,57.000000,0.000000,20.000000,0.995239,1.624100
0,0.000000,0.375000,0.375000,0.000000,0.654905,32.283447,596.000000,66.828228,73.979753,33.414114,36.989876,6370,10,0.375000,40.000000,0.000000,30.000000,1.336565,1.479955
0,0.004185,0.142857,0.941176,0.281090,1.760115,238.750000,1600.000000,50.720848,83.190911,25.360424,41.595455,2330,10,0.941176,57.000000,0.000000,25.000000,1.014594,1.664786
0,0.000000,0.411765,0.411765,6.748600,2.728144,631.083333,2400.000000,69.597347,80.009965,34.798674,40.004983,2040,1980,0.411765,92.000000,0.000000,30.000000,1.442963,1.601752
0,-0.000369,0.142857,0.074074,0.099412,0.783110,117.553719,720.416667,60.679723,91.217124,30.339861,45.608562,4870,10,0.142857,57.000000,0.000000,30.000000,1.213643,1.824769
0,0.000000,0.052632,0.052632,7.348073,0.640036,158.921875,571.839506,75.657053,82.197661,37.828526,41.098830,2740,420,0.052632,16.000000,0.000000,35.000000,1.898366,1.644312
0,0.000000,0.933333,0.941176,2.847765,1.760115,132.750000,1600.000000,72.011691,83.190911,36.005846,41.595455,5060,1190,0.941176,171.000000,0.000000,35.000000,1.472049,1.664786
0,-0.000023,0.153846,0.074074,0.765687,0.783110,528.062500,720.416667,85.010719,91.217124,42.505360,45.608562,4760,3260,0.153846,201.000000,0.000000,40.000000,1.700772,1.824769
0,0.000008,0.833333,0.842105,7.102815,2.079140,428.613333,1800.000000,72.360958,81.144923,36.180479,40.572462,5850,2040,0.842105,92.000000,0.000000,35.000000,1.508814,1.624100
0,-0.000023,0.153846,0.074074,0.765687,0.783110,528.062500,720.416667,85.010719,91.217124,42.505360,45.608562,4760,3430,0.153846,201.000000,0.000000,40.000000,1.700772,1.824769
0,-0.000369,0.142857,0.074074,0.099412,0.783110,117.553719,720.416667,60.679723,91.217124,30.339861,45.608562,5470,10,0.142857,57.000000,0.000000,30.000000,1.213643,1.824769
0,0.000000,0.125000,0.125000,0.000000,1.303909,236.638889,1196.000000,63.414675,72.844795,31.707338,36.422397,2500,10,0.125000,40.000000,0.000000,30.000000,1.268294,1.457607
0,0.000000,0.125000,0.125000,0.000000,1.622934,422.222222,1396.000000,62.727117,70.798807,31.363559,35.399404,2560,10,0.125000,40.000000,0.000000,30.000000,1.254542,1.416920
0,0.001217,0.142857,0.375000,0.000000,0.654905,29.888889,596.000000,45.750821,73.979753,22.875411,36.989876,180,10,0.375000,40.000000,0.000000,20.000000,0.915016,1.479955
0,-0.000000,0.090909,0.052632,7.207765,0.640036,221.965278,571.839506,72.388494,82.197661,36.194247,41.098830,5640,1770,0.090909,113.000000,0.000000,35.000000,1.594513,1.644312
0,-0.000000,0.200000,0.166667,0.000000,0.297914,198.080000,288.000000,53.197111,80.026516,26.598556,40.013258,1150,10,0.200000,120.000000,0.000000,25.000000,1.063942,1.600686
0,0.000000,0.333333,0.333333,0.795339,0.000000,395.416667,247.416667,83.731985,96.242450,41.865993,48.121225,6050,210,0.333333,14.000000,0.000000,40.000000,1.675680,1.924849
0,-0.001365,0.727273,0.333333,0.104752,0.000000,120.993719,247.416667,64.563602,96.242450,32.281801,48.121225,4490,10,0.727273,93.000000,0.000000,30.000000,1.291326,1.924849
0,0.000000,0.333333,0.333333,0.795339,0.000000,395.416667,247.416667,83.731985,96.242450,41.865993,48.121225,5280,210,0.333333,14.000000,0.000000,40.000000,1.675680,1.924849
0,-0.001365,0.727273,0.333333,0.104752,0.000000,120.993719,247.416667,64.563602,96.242450,32.281801,48.121225,5260,10,0.727273,93.000000,0.000000,30.000000,1.291326,1.924849
0,0.000000,0.333333,0.333333,0.795339,0.000000,395.416667,247.416667,83.731985,96.242450,41.865993,48.121225,5450,210,0.333333,14.000000,0.000000,40.000000,1.675680,1.924849
0,-0.001365,0.727273,0.333333,0.104752,0.000000,120.993719,247.416667,64.563602,96.242450,32.281801,48.121225,4660,10,0.727273,93.000000,0.000000,30.000000,1.291326,1.924849
0,-0.000000,0.400000,0.333333,117.585264,1.861279,4941.862387,1669.457778,77.346466,78.958337,38.673233,39.479168,4970,380,0.500000,177.000000,0.000000,35.000000,2.960756,1.580205
0,-0.000000,0.500000,0.333333,15.365180,1.861279,1740.000000,1669.457778,69.767151,78.958337,34.883576,39.479168,5430,60,0.500000,131.000000,0.000000,30.000000,1.463581,1.580205
0,-0.000000,0.437500,0.333333,3.902265,1.861279,1051.847222,1669.457778,72.641442,78.958337,36.320721,39.479168,5000,3960,0.500000,278.000000,0.000000,35.000000,1.477376,1.580205
0,0.000000,1.000000,1.000000,0.103677,0.000000,245.553719,1000.000000,84.296454,87.276592,42.148227,43.638296,5120,10,1.000000,150.000000,0.000000,40.000000,1.685982,1.745532
0,-0.000012,0.500000,0.411765,0.359409,0.000000,265.775510,7736.000000,75.063641,81.496205,37.531820,40.748103,4040,460,0.636364,258.000000,0.000000,35.000000,1.501516,1.629924
0,-0.000002,0.125000,0.090909,0.775614,0.000000,730.750000,1088.444444,75.215481,82.170387,37.607740,41.085194,3940,1560,0.125000,39.000000,0.000000,35.000000,1.504723,1.643408
0,-0.000012,0.500000,0.411765,0.359409,0.000000,265.775510,7736.000000,75.063641,81.496205,37.531820,40.748103,3270,460,0.636364,258.000000,0.000000,35.000000,1.501516,1.629924
0,-0.000012,0.500000,0.411765,0.359409,0.000000,265.775510,7736.000000,75.063641,81.496205,37.531820,40.748103,3440,460,0.636364,258.000000,0.000000,35.000000,1.501516,1.629924
0,0.000000,0.156250,0.156250,3.601654,0.000000,1407.520278,1388.608997,98.579811,93.525109,49.289905,46.762554,5630,2100,0.156250,39.000000,0.000000,45.000000,1.989658,1.870502
0,0.000000,0.156250,0.156250,3.601654,0.000000,1407.520278,1388.608997,98.579811,93.525109,49.289905,46.762554,5460,2100,0.156250,39.000000,0.000000,45.000000,1.989658,1.870502
0,-0.000278,0.125000,0.111111,3.799941,0.000000,165.284722,380.666667,83.936203,86.705618,41.968102,43.352809,6380,540,0.125000,24.000000,0.000000,40.000000,1.925534,1.734112
0,0.000000,0.058824,0.058824,2.631957,0.000000,204.184949,418.755102,84.402406,80.506539,42.201203,40.253269,6320,1380,0.058824,30.000000,0.000000,40.000000,1.735235,1.610131
0,-0.000037,0.111111,0.100000,0.482372,0.000000,472.416667,412.000000,84.615508,81.782624,42.307754,40.891312,5500,4120,0.111111,52.000000,0.000000,40.000000,1.692556,1.635652
0,-0.000012,0.750000,0.545455,2.397396,0.000000,319.562500,412.000000,87.024750,87.088317,43.512375,43.544158,6230,1560,0.750000,39.000000,0.000000,40.000000,1.757890,1.741766
0,-0.000278,0.125000,0.111111,3.799941,0.000000,165.284722,380.666667,83.936203,86.705618,41.968102,43.352809,5610,1130,0.125000,24.000000,0.000000,40.000000,1.925534,1.734112
0,-0.000000,0.615385,0.352941,3.868786,0.000000,10234.000000,1276.444444,96.428571,83.719203,48.214286,41.859602,1530,10,0.750000,432.000000,0.000000,45.000000,2.195848,1.674384
0,-0.000037,0.111111,0.100000,0.482372,0.000000,472.416667,412.000000,84.615508,81.782624,42.307754,40.891312,5330,4120,0.111111,52.000000,0.000000,40.000000,1.692556,1.635652
0,-0.000002,0.090909,0.058824,2.937957,0.000000,829.440000,8412.444444,67.802970,76.578276,33.901485,38.289138,2150,860,0.090909,218.000000,0.000000,30.000000,1.443354,1.531566
0,-0.000012,0.750000,0.545455,2.397396,0.000000,319.562500,412.000000,87.024750,87.088317,43.512375,43.544158,5630,1560,0.750000,39.000000,0.000000,40.000000,1.757890,1.741766
0,0.000000,1.000000,1.000000,0.103677,0.000000,245.553719,1000.000000,84.296454,87.276592,42.148227,43.638296,4350,10,1.000000,150.000000,0.000000,40.000000,1.685982,1.745532
0,0.000000,0.156250,0.156250,3.601654,0.000000,1407.520278,1388.608997,98.579811,93.525109,49.289905,46.762554,7730,5460,0.156250,39.000000,0.000000,45.000000,1.989658,1.870502
0,-0.000012,0.750000,0.545455,2.397396,0.000000,319.562500,412.000000,87.024750,87.088317,43.512375,43.544158,5460,1560,0.750000,39.000000,0.000000,40.000000,1.757890,1.741766
0,0.000000,0.058824,0.058824,2.631957,0.000000,204.184949,418.755102,84.402406,80.506539,42.201203,40.253269,5550,1380,0.058824,30.000000,0.000000,40.000000,1.735235,1.610131
0,0.000000,0.156250,0.156250,3.601654,0.000000,1407.520278,1388.608997,98.579811,93.525109,49.289905,46.762554,6230,2100,0.156250,39.000000,0.000000,45.000000,1.989658,1.870502
0,-0.000278,0.125000,0.111111,3.799941,0.000000,165.284722,380.666667,83.936203,86.705618,41.968102,43.352809,5610,540,0.125000,24.000000,0.000000,40.000000,1.925534,1.734112
0,-0.000278,0.125000,0.111111,3.799941,0.000000,165.284722,380.666667,83.936203,86.705618,41.968102,43.352809,6380,1130,0.125000,24.000000,0.000000,40.000000,1.925534,1.734112
0,0.000000,0.058824,0.058824,2.631957,0.000000,204.184949,418.755102,84.402406,80.506539,42.201203,40.253269,5720,1380,0.058824,30.000000,0.000000,40.000000,1.735235,1.610131
0,-0.000002,0.125000,0.090909,0.601981,0.000000,478.940000,7548.000000,69.089379,79.947389,34.544689,39.973694,2650,1560,0.125000,39.000000,0.000000,30.000000,1.382167,1.598948
0,0.000000,0.156250,0.156250,3.601654,0.000000,1407.520278,1388.608997,98.579811,93.525109,49.289905,46.762554,7730,5630,0.156250,39.000000,0.000000,45.000000,1.989658,1.870502
0,-0.000000,0.615385,0.352941,3.868786,0.000000,10234.000000,1276.444444,96.428571,83.719203,48.214286,41.859602,2300,10,0.750000,432.000000,0.000000,45.000000,2.195848,1.674384
0,0.000000,0.156250,0.156250,3.601654,0.000000,1407.520278,1388.608997,98.579811,93.525109,49.289905,46.762554,6230,1320,0.156250,39.000000,0.000000,45.000000,1.989658,1.870502
0,-0.000037,0.111111,0.100000,0.482372,0.000000,472.416667,412.000000,84.615508,81.782624,42.307754,40.891312,6100,4120,0.111111,52.000000,0.000000,40.000000,1.692556,1.635652
0,0.000000,1.000000,1.000000,0.103677,0.000000,245.553719,1000.000000,84.296454,87.276592,42.148227,43.638296,4520,10,1.000000,150.000000,0.000000,40.000000,1.685982,1.745532
0,-0.000278,0.125000,0.111111,3.799941,0.000000,165.284722,380.666667,83.936203,86.705618,41.968102,43.352809,5780,540,0.125000,24.000000,0.000000,40.000000,1.925534,1.734112
0,-0.000278,0.125000,0.111111,3.799941,0.000000,165.284722,380.666667,83.936203,86.705618,41.968102,43.352809,5780,1130,0.125000,24.000000,0.000000,40.000000,1.925534,1.734112
0,0.000000,0.156250,0.156250,3.601654,0.000000,1407.520278,1388.608997,98.579811,93.525109,49.289905,46.762554,5630,1320,0.156250,39.000000,0.000000,45.000000,1.989658,1.870502
0,0.000000,0.156250,0.156250,3.601654,0.000000,1407.520278,1388.608997,98.579811,93.525109,49.289905,46.762554,5460,1320,0.156250,39.000000,0.000000,45.000000,1.989658,1.870502
0,-0.000000,0.615385,0.352941,3.868786,0.000000,10234.000000,1276.444444,96.428571,83.719203,48.214286,41.859602,1700,10,0.750000,432.000000,0.000000,45.000000,2.195848,1.674384
0,-0.000000,0.200000,0.142857,0.056322,0.000000,184.320000,8136.000000,74.888139,80.135664,37.444069,40.067832,1540,10,0.200000,150.000000,0.000000,35.000000,1.497802,1.602713
0,0.000000,0.156250,0.156250,3.601654,0.000000,1407.520278,1388.608997,98.579811,93.525109,49.289905,46.762554,7730,6230,0.156250,39.000000,0.000000,45.000000,1.989658,1.870502
0,0.000000,0.625000,0.750000,0.000000,0.241069,104.810764,225.333333,58.178358,38.766654,29.089179,19.383327,2500,10,0.750000,103.000000,0.000000,25.000000,1.163567,0.000000
0,0.000164,0.117647,0.166667,2.153545,11.101764,1745.555556,9400.562500,82.259852,87.752736,41.129926,43.876368,2770,1850,0.166667,36.000000,0.000000,40.000000,1.646526,1.761611
0,0.000164,0.117647,0.166667,2.153545,11.101764,1745.555556,9400.562500,82.259852,87.752736,41.129926,43.876368,4300,2770,0.166667,36.000000,0.000000,40.000000,1.646526,1.761611
0,0.000164,0.117647,0.166667,2.153545,11.101764,1745.555556,9400.562500,82.259852,87.752736,41.129926,43.876368,2770,2140,0.166667,36.000000,0.000000,40.000000,1.646526,1.761611
0,0.000164,0.117647,0.166667,2.153545,11.101764,1745.555556,9400.562500,82.259852,87.752736,41.129926,43.876368,2770,740,0.166667,36.000000,0.000000,40.000000,1.646526,1.761611
0,0.000010,0.090909,0.100000,2.544891,0.000000,113.000000,474.750000,87.056080,83.754691,43.528040,41.877345,6260,1590,0.100000,50.000000,0.000000,40.000000,1.790682,1.675094
0,0.000010,0.090909,0.100000,2.544891,0.000000,113.000000,474.750000,87.056080,83.754691,43.528040,41.877345,2900,1590,0.100000,50.000000,0.000000,40.000000,1.790682,1.675094
0,0.000000,1.000000,1.000000,2.376687,0.000000,180.666667,0.000000,83.145871,0.000000,41.572935,0.000000,1300,10,1.000000,118.000000,0.000000,40.000000,1.697930,0.000000
0,0.000000,1.000000,1.000000,23.526680,1.137236,562.000000,900.000000,89.283565,34.351005,44.641782,17.175503,3060,10,1.000000,42.000000,0.000000,40.000000,2.650522,0.000000
0,0.000000,1.000000,1.000000,23.526680,1.137236,562.000000,900.000000,89.283565,34.351005,44.641782,17.175503,2060,10,1.000000,42.000000,0.000000,40.000000,2.650522,0.000000
0,0.000000,1.000000,1.000000,2.376687,0.000000,180.666667,0.000000,83.145871,0.000000,41.572935,0.000000,2300,10,1.000000,118.000000,0.000000,40.000000,1.697930,0.000000
0,0.000000,1.000000,1.000000,217.817869,0.000000,1400.000000,0.000000,71.850530,0.000000,35.925265,0.000000,1800,800,1.000000,168.000000,0.000000,35.000000,18.695541,0.000000
0,0.000000,1.000000,1.000000,23.526680,1.137236,562.000000,900.000000,89.283565,34.351005,44.641782,17.175503,770,10,1.000000,42.000000,0.000000,40.000000,2.650522,0.000000
0,-0.000003,0.500000,0.333333,14.869639,0.000000,738.111111,1133.784580,59.954255,49.865260,29.977127,24.932630,1120,150,0.500000,198.000000,0.000000,25.000000,1.353810,0.000000
0,-0.000003,0.500000,0.333333,14.869639,0.000000,738.111111,1133.784580,59.954255,49.865260,29.977127,24.932630,340,150,0.500000,198.000000,0.000000,25.000000,1.353810,0.000000
0,-0.000003,0.500000,0.333333,14.869639,0.000000,738.111111,1133.784580,59.954255,49.865260,29.977127,24.932630,6750,150,0.500000,198.000000,0.000000,25.000000,1.353810,0.000000
0,0.000000,0.040000,0.040000,6.902628,3.773440,3296.720000,3319.173018,87.624106,88.705322,43.812053,44.352661,4100,1630,0.040000,11.000000,0.000000,40.000000,1.826147,1.776252
0,0.000000,0.090909,0.090909,4.609316,2.065463,1363.760000,1780.213018,72.150066,71.334623,36.075033,35.667312,4100,2570,0.090909,11.000000,0.000000,35.000000,1.515306,1.427892
0,0.000000,0.040000,0.040000,6.902628,3.773440,3296.720000,3319.173018,87.624106,88.705322,43.812053,44.352661,4100,2740,0.040000,11.000000,0.000000,40.000000,1.826147,1.776252
0,0.000000,0.040000,0.040000,6.902628,3.773440,3296.720000,3319.173018,87.624106,88.705322,43.812053,44.352661,5190,4100,0.040000,11.000000,0.000000,40.000000,1.826147,1.776252
0,0.000000,0.040000,0.040000,6.902628,3.773440,3296.720000,3319.173018,87.624106,88.705322,43.812053,44.352661,4100,3030,0.040000,11.000000,0.000000,40.000000,1.826147,1.776252
0,0.000234,0.058824,0.066667,10.814375,0.000000,1449.250000,1196.504580,80.077386,90.919488,40.038693,45.459744,3470,1630,0.066667,169.000000,0.000000,40.000000,1.688914,1.818390
0,0.000467,0.117647,0.133333,365.194126,0.000000,3276.805556,3896.000000,73.532784,88.828579,36.766392,44.414289,3630,1420,0.133333,153.000000,0.000000,35.000000,25.837530,1.776572
0,0.000234,0.058824,0.066667,10.814375,0.000000,1449.250000,1196.504580,80.077386,90.919488,40.038693,45.459744,3470,850,0.066667,169.000000,0.000000,40.000000,1.688914,1.818390
0,0.000234,0.058824,0.066667,10.814375,0.000000,1449.250000,1196.504580,80.077386,90.919488,40.038693,45.459744,7260,3470,0.066667,169.000000,0.000000,40.000000,1.688914,1.818390
0,0.000467,0.117647,0.133333,365.194126,0.000000,3276.805556,3896.000000,73.532784,88.828579,36.766392,44.414289,3630,1710,0.133333,153.000000,0.000000,35.000000,25.837530,1.776572
0,0.000467,0.117647,0.133333,10.007199,0.000000,732.062500,3896.000000,70.283744,88.828579,35.141872,44.414289,3470,150,0.133333,169.000000,0.000000,35.000000,1.492591,1.776572
0,0.000467,0.117647,0.133333,365.194126,0.000000,3276.805556,3896.000000,73.532784,88.828579,36.766392,44.414289,3870,3630,0.133333,153.000000,0.000000,35.000000,25.837530,1.776572
0,-0.000003,0.105263,0.130435,0.385389,0.000000,294.000000,719.580247,83.109516,65.950142,41.554758,32.975071,3150,2940,0.150000,253.000000,0.000000,40.000000,1.662443,1.319003
0,0.000000,0.833333,0.833333,0.159335,0.000000,145.551020,800.000000,50.171890,57.905148,25.085945,28.952574,3020,10,0.833333,266.000000,0.000000,25.000000,1.003536,1.158103
0,-0.000003,0.105263,0.130435,0.385389,0.000000,294.000000,719.580247,83.109516,65.950142,41.554758,32.975071,5190,3150,0.150000,253.000000,0.000000,40.000000,1.662443,1.319003
0,0.000000,0.250000,0.250000,1.342136,0.000000,1255.102041,1200.000000,77.770115,55.926460,38.885058,27.963230,4560,4220,0.250000,146.000000,0.000000,35.000000,1.556123,1.118529
0,-0.000000,0.125000,0.100000,3.905405,0.000000,279.222222,62.720000,71.362239,49.302175,35.681120,24.651087,4400,1130,0.125000,143.000000,0.000000,35.000000,1.674104,0.000000
0,-0.000000,0.125000,0.100000,3.905405,0.000000,279.222222,62.720000,71.362239,49.302175,35.681120,24.651087,4400,540,0.125000,143.000000,0.000000,35.000000,1.674104,0.000000
0,-0.000000,0.285714,0.200000,1.305778,0.000000,1052.666667,1500.000000,73.819216,39.092634,36.909608,19.546317,3170,2550,0.285714,266.000000,0.000000,35.000000,1.477195,0.000000
0,0.000000,0.600000,0.600000,0.000000,0.000000,140.000000,242.000000,59.926754,40.542278,29.963377,20.271139,4550,10,0.600000,128.000000,0.000000,25.000000,1.198535,0.000000
0,-0.000000,0.166667,0.142857,2.523673,0.058127,102.122449,80.000000,76.879263,41.768650,38.439631,20.884325,2520,1380,0.166667,165.000000,0.000000,35.000000,1.584716,0.000000
0,-0.000063,0.058824,0.040000,3.879172,1.258972,1335.580227,1377.148760,84.384033,50.000000,42.192016,25.000000,7820,1380,0.058824,165.000000,0.000000,40.000000,1.735554,0.000000
0,0.000000,0.142857,0.142857,0.845636,0.678522,862.396694,704.000000,85.861268,50.000000,42.930634,25.000000,7610,2930,0.142857,10.000000,0.000000,40.000000,1.717640,0.000000
0,-0.000485,0.500000,0.360000,0.000000,0.089915,166.580000,97.305785,61.439777,42.778822,30.719888,21.389411,1590,10,0.500000,302.000000,0.000000,30.000000,1.228796,0.000000
0,0.000000,0.142857,0.142857,0.845636,0.678522,862.396694,704.000000,85.861268,50.000000,42.930634,25.000000,6130,2930,0.142857,10.000000,0.000000,40.000000,1.717640,0.000000
0,-0.000063,0.058824,0.040000,3.879172,1.258972,1335.580227,1377.148760,84.384033,50.000000,42.192016,25.000000,2190,1380,0.058824,165.000000,0.000000,40.000000,1.735554,0.000000
0,-0.000156,0.130435,0.120000,1.141954,0.299324,205.469388,324.000000,78.305236,36.494690,39.152618,18.247345,4650,2850,0.130435,18.000000,0.000000,35.000000,1.572134,0.000000
0,-0.000000,0.076923,0.066667,2.146779,1.187178,1977.755102,1200.000000,78.410765,40.416419,39.205383,20.208209,3470,2110,0.076923,92.000000,0.000000,35.000000,1.569381,0.000000
0,-0.000485,0.500000,0.360000,0.000000,0.089915,166.580000,97.305785,61.439777,42.778822,30.719888,21.389411,4950,10,0.500000,302.000000,0.000000,30.000000,1.228796,0.000000
0,-0.000000,0.222222,0.166667,2.759918,1.832334,315.000000,1690.000000,75.210787,39.258001,37.605394,19.629001,1590,1320,0.400000,171.000000,0.000000,35.000000,1.553890,0.000000
0,-0.000063,0.058824,0.040000,3.879172,1.258972,1335.580227,1377.148760,84.384033,50.000000,42.192016,25.000000,1410,1380,0.058824,165.000000,0.000000,40.000000,1.735554,0.000000
0,-0.000025,0.111111,0.040000,2.638988,0.000000,157.588542,5133.780000,75.298467,77.683964,37.649234,38.841982,2470,2230,0.294118,264.000000,0.000000,35.000000,1.542276,1.553679
0,-0.000002,0.153846,0.080000,0.834013,0.000000,594.720000,97.305785,94.097347,49.710356,47.048674,24.855178,5390,3390,0.153846,286.000000,0.000000,45.000000,1.882534,0.000000
0,0.000000,1.000000,1.000000,3.231605,0.000000,450.000000,0.000000,60.379361,0.000000,30.189681,0.000000,2260,10,1.000000,624.000000,0.000000,30.000000,1.222506,0.000000
0,-0.000017,0.333333,0.285714,0.000000,0.000000,499.580247,700.000000,57.635228,35.812148,28.817614,17.906074,7630,10,0.333333,87.000000,0.000000,25.000000,1.152705,0.000000
0,-0.000002,0.153846,0.080000,0.834013,0.000000,594.720000,97.305785,94.097347,49.710356,47.048674,24.855178,5640,2030,0.153846,286.000000,0.000000,45.000000,1.882534,0.000000
0,0.000000,0.100000,0.100000,6.785406,0.000000,477.044444,256.888889,79.991033,33.694817,39.995517,16.847409,6010,3870,0.100000,24.000000,0.000000,35.000000,1.758524,0.000000
0,-0.000002,0.153846,0.080000,0.834013,0.000000,594.720000,97.305785,94.097347,49.710356,47.048674,24.855178,3390,2030,0.153846,286.000000,0.000000,45.000000,1.882534,0.000000
0,-0.000002,0.153846,0.080000,0.834013,0.000000,594.720000,97.305785,94.097347,49.710356,47.048674,24.855178,5640,5390,0.153846,286.000000,0.000000,45.000000,1.882534,0.000000
0,0.000007,0.400000,0.480000,91.329932,0.000000,2404.000000,4860.000000,62.513586,39.685681,31.256793,19.842841,1390,10,0.888889,486.000000,0.000000,30.000000,3.060419,0.000000
0,-0.000045,0.153846,0.080000,4.509866,0.000000,304.932870,273.780000,79.570722,37.998283,39.785361,18.999141,3290,2150,0.388889,296.000000,0.000000,35.000000,1.656192,0.000000
0,0.000000,0.100000,0.100000,6.785406,0.000000,477.044444,256.888889,79.991033,33.694817,39.995517,16.847409,8260,3870,0.100000,24.000000,0.000000,35.000000,1.758524,0.000000
0,-0.000017,0.333333,0.285714,0.000000,0.000000,499.580247,700.000000,57.635228,35.812148,28.817614,17.906074,5380,10,0.333333,87.000000,0.000000,25.000000,1.152705,0.000000
0,-0.000045,0.153846,0.080000,4.509866,0.000000,304.932870,273.780000,79.570722,37.998283,39.785361,18.999141,5540,2150,0.388889,296.000000,0.000000,35.000000,1.656192,0.000000
0,0.000007,0.400000,0.480000,91.329932,0.000000,2404.000000,4860.000000,62.513586,39.685681,31.256793,19.842841,3640,10,0.888889,486.000000,0.000000,30.000000,3.060419,0.000000
0,-0.000010,0.166667,0.153846,0.000000,0.000000,1747.250000,462.861111,63.875649,77.823813,31.937825,38.911907,3930,10,0.200000,192.000000,0.000000,30.000000,1.277513,1.556476
0,-0.000083,0.150000,0.107143,365.801340,5.193907,3778.300454,5423.880886,89.348500,97.005557,44.674250,48.502779,1420,1010,0.230769,262.000000,0.000000,40.000000,26.154210,1.942612
0,-0.000083,0.150000,0.107143,365.801340,5.193907,3778.300454,5423.880886,89.348500,97.005557,44.674250,48.502779,3870,1010,0.230769,262.000000,0.000000,40.000000,26.154210,1.942612
0,-0.000083,0.150000,0.107143,365.801340,5.193907,3778.300454,5423.880886,89.348500,97.005557,44.674250,48.502779,3870,1790,0.230769,262.000000,0.000000,40.000000,26.154210,1.942612
0,-0.000083,0.150000,0.107143,365.801340,5.193907,3778.300454,5423.880886,89.348500,97.005557,44.674250,48.502779,7420,1420,0.230769,262.000000,0.000000,40.000000,26.154210,1.942612
0,-0.000083,0.157895,0.107143,1.085241,5.193907,1053.061224,5423.880886,93.903370,97.005557,46.951685,48.502779,710,10,0.230769,292.000000,0.000000,45.000000,1.878722,1.942612
0,-0.000083,0.150000,0.107143,365.801340,5.193907,3778.300454,5423.880886,89.348500,97.005557,44.674250,48.502779,1710,1010,0.230769,262.000000,0.000000,40.000000,26.154210,1.942612
0,-0.000083,0.157895,0.107143,1.085241,5.193907,1053.061224,5423.880886,93.903370,97.005557,46.951685,48.502779,1490,10,0.230769,292.000000,0.000000,45.000000,1.878722,1.942612
0,-0.000083,0.150000,0.107143,365.801340,5.193907,3778.300454,5423.880886,89.348500,97.005557,44.674250,48.502779,7420,3870,0.230769,262.000000,0.000000,40.000000,26.154210,1.942612
0,-0.000083,0.150000,0.107143,365.801340,5.193907,3778.300454,5423.880886,89.348500,97.005557,44.674250,48.502779,7420,1710,0.230769,262.000000,0.000000,40.000000,26.154210,1.942612
0,-0.000083,0.157895,0.107143,1.085241,5.193907,1053.061224,5423.880886,93.903370,97.005557,46.951685,48.502779,7120,10,0.230769,292.000000,0.000000,45.000000,1.878722,1.942612
0,-0.000083,0.150000,0.107143,365.801340,5.193907,3778.300454,5423.880886,89.348500,97.005557,44.674250,48.502779,1790,1710,0.230769,262.000000,0.000000,40.000000,26.154210,1.942612
0,-0.000083,0.150000,0.107143,365.801340,5.193907,3778.300454,5423.880886,89.348500,97.005557,44.674250,48.502779,1790,1420,0.230769,262.000000,0.000000,40.000000,26.154210,1.942612
0,0.001049,0.750000,0.500000,6.039707,1.558580,1152.400000,1875.000000,90.664898,49.908874,45.332449,24.954437,6590,1740,0.750000,171.000000,0.000000,45.000000,1.902394,0.000000
0,0.001049,0.750000,0.500000,6.039707,1.558580,1152.400000,1875.000000,90.664898,49.908874,45.332449,24.954437,5110,1740,0.750000,171.000000,0.000000,45.000000,1.902394,0.000000
0,-0.000099,1.000000,0.692308,1.774155,1.998244,1405.312500,2395.880886,79.812859,69.983076,39.906430,34.991538,550,10,1.000000,391.000000,0.000000,35.000000,1.597505,1.400499
0,-0.000099,1.000000,0.692308,1.774155,1.998244,1405.312500,2395.880886,79.812859,69.983076,39.906430,34.991538,6180,10,1.000000,391.000000,0.000000,35.000000,1.597505,1.400499
0,-0.000099,0.833333,0.692308,15.715738,1.998244,1973.000000,2395.880886,77.280810,69.983076,38.640405,34.991538,300,60,0.857143,362.000000,0.000000,35.000000,1.614115,1.400499
0,0.000000,0.666667,0.666667,23.714388,0.902426,816.000000,882.000000,89.166257,40.178684,44.583128,20.089342,7740,3440,0.666667,37.000000,0.000000,40.000000,2.134442,0.000000
0,0.000000,0.666667,0.666667,23.714388,0.902426,816.000000,882.000000,89.166257,40.178684,44.583128,20.089342,7570,3440,0.666667,37.000000,0.000000,40.000000,2.134442,0.000000
0,0.000000,1.000000,1.000000,16.502748,0.000000,206.720000,0.000000,57.615058,0.000000,28.807529,0.000000,180,10,1.000000,793.000000,0.000000,25.000000,2.097929,0.000000
0,0.000000,0.625000,1.000000,0.071391,0.000000,47.222222,0.000000,42.910497,0.000000,21.455248,0.000000,610,10,1.000000,810.000000,0.000000,20.000000,0.858304,0.000000
0,0.000000,1.000000,1.000000,16.502748,0.000000,206.720000,0.000000,57.615058,0.000000,28.807529,0.000000,780,10,1.000000,793.000000,0.000000,25.000000,2.097929,0.000000
0,0.000000,0.666667,0.666667,23.714388,0.902426,816.000000,882.000000,89.166257,40.178684,44.583128,20.089342,8340,3440,0.666667,37.000000,0.000000,40.000000,2.134442,0.000000
0,0.000000,1.000000,1.000000,0.861517,0.000000,164.172336,0.000000,93.903370,0.000000,46.951685,0.000000,1120,10,1.000000,329.000000,0.000000,45.000000,1.911467,0.000000
0,0.000000,1.000000,1.000000,0.801638,0.000000,513.888889,0.000000,51.657434,0.000000,25.828717,0.000000,2460,10,1.000000,440.000000,0.000000,25.000000,1.033806,0.000000
0,0.000002,0.117647,0.444444,2.731670,0.000000,2642.035556,141.750000,88.271486,41.135966,44.135743,20.567983,4400,2790,0.444444,191.000000,0.000000,40.000000,1.766874,0.000000
0,0.000000,1.000000,1.000000,315.130568,0.000000,8800.000000,0.000000,58.618654,0.000000,29.309327,0.000000,2370,210,1.000000,449.000000,0.000000,25.000000,8.233325,0.000000
0,0.000000,1.000000,1.000000,0.801638,0.000000,513.888889,0.000000,51.657434,0.000000,25.828717,0.000000,300,10,1.000000,440.000000,0.000000,25.000000,1.033806,0.000000
0,0.000002,0.117647,0.444444,2.731670,0.000000,2642.035556,141.750000,88.271486,41.135966,44.135743,20.567983,4950,4400,0.444444,191.000000,0.000000,40.000000,1.766874,0.000000
0,0.000000,1.000000,1.000000,0.861517,0.000000,164.172336,0.000000,93.903370,0.000000,46.951685,0.000000,3570,10,1.000000,329.000000,0.000000,45.000000,1.911467,0.000000
0,0.000002,0.117647,0.444444,2.731670,0.000000,2642.035556,141.750000,88.271486,41.135966,44.135743,20.567983,4400,1390,0.444444,191.000000,0.000000,40.000000,1.766874,0.000000
0,0.000002,0.117647,0.444444,2.731670,0.000000,2642.035556,141.750000,88.271486,41.135966,44.135743,20.567983,4400,2500,0.444444,191.000000,0.000000,40.000000,1.766874,0.000000
0,0.000000,1.000000,1.000000,0.861517,0.000000,164.172336,0.000000,93.903370,0.000000,46.951685,0.000000,1410,10,1.000000,329.000000,0.000000,45.000000,1.911467,0.000000
0,0.000000,0.083333,0.083333,5.928067,1.122516,1596.500000,1452.722222,82.862958,87.739888,41.431479,43.869944,4340,4230,0.083333,53.000000,0.000000,40.000000,1.668851,1.755233
0,0.000000,0.083333,0.083333,5.928067,1.122516,1596.500000,1452.722222,82.862958,87.739888,41.431479,43.869944,5760,4340,0.083333,53.000000,0.000000,40.000000,1.668851,1.755233
0,0.000000,0.187500,0.187500,7.279416,0.000000,562.158437,722.750000,95.367051,100.000000,47.683525,50.000000,7500,6100,0.187500,34.000000,0.000000,45.000000,2.008350,2.000000
0,0.000000,0.076923,0.076923,7.487836,0.000000,829.176215,1087.777778,79.669395,87.476361,39.834698,43.738180,6100,4340,0.076923,34.000000,0.000000,35.000000,1.694476,1.749527
0,0.000000,0.187500,0.187500,7.279416,0.000000,562.158437,722.750000,95.367051,100.000000,47.683525,50.000000,8980,1090,0.187500,34.000000,0.000000,45.000000,2.008350,2.000000
0,0.000000,0.187500,0.187500,7.279416,0.000000,562.158437,722.750000,95.367051,100.000000,47.683525,50.000000,7500,1090,0.187500,34.000000,0.000000,45.000000,2.008350,2.000000
0,0.000000,0.076923,0.076923,7.487836,0.000000,829.176215,1087.777778,79.669395,87.476361,39.834698,43.738180,4340,1090,0.076923,34.000000,0.000000,35.000000,1.694476,1.749527
0,0.000000,0.187500,0.187500,7.279416,0.000000,562.158437,722.750000,95.367051,100.000000,47.683525,50.000000,8980,6100,0.187500,34.000000,0.000000,45.000000,2.008350,2.000000
0,-0.000002,0.214286,0.187500,8.707324,0.000000,936.875000,622.500000,88.292892,100.000000,44.146446,50.000000,9860,980,0.214286,47.000000,0.000000,40.000000,1.820186,2.000000
0,-0.003604,0.142857,0.057143,6.668343,0.000000,2013.886389,3765.177500,88.659266,99.638242,44.329633,49.819121,4010,2240,0.344828,245.000000,0.000000,40.000000,1.792739,1.992765
0,-0.000001,0.133333,0.176471,0.242673,0.000000,298.514463,540.640625,80.044309,91.064378,40.022154,45.532189,6250,5400,0.187500,106.000000,0.000000,40.000000,1.600986,1.821288
0,-0.000001,0.291667,0.241379,5.730480,0.000000,4741.463018,11525.000000,74.042627,90.408295,37.021314,45.204148,4120,4120,0.291667,234.000000,0.000000,35.000000,1.485215,1.808166
0,-0.003604,0.071429,0.057143,10.148508,0.000000,2724.059917,3765.177500,88.292892,99.638242,44.146446,49.819121,5000,980,0.307692,47.000000,0.000000,40.000000,1.820767,1.992765
0,-0.003604,0.142857,0.057143,6.668343,0.000000,2013.886389,3765.177500,88.659266,99.638242,44.329633,49.819121,4010,3020,0.344828,245.000000,0.000000,40.000000,1.792739,1.992765
0,-0.000002,0.214286,0.187500,8.707324,0.000000,936.875000,622.500000,88.292892,100.000000,44.146446,50.000000,3670,980,0.214286,47.000000,0.000000,40.000000,1.820186,2.000000
0,0.000000,0.461538,0.461538,57.342172,0.000000,2627.081633,2975.000000,79.178824,84.476791,39.589412,42.238395,6310,4040,0.461538,15.000000,0.000000,35.000000,2.234323,1.689536
0,-0.000001,0.250000,0.241379,18.743112,0.000000,11686.250000,11525.000000,77.805409,90.408295,38.902704,45.204148,5990,980,0.250000,47.000000,0.000000,35.000000,1.615121,1.808166
0,-0.000001,0.187500,0.176471,8.499354,0.000000,714.331633,540.640625,79.250398,91.064378,39.625199,45.532189,6840,980,0.187500,47.000000,0.000000,35.000000,1.639242,1.821288
0,-0.000002,0.166667,0.187500,0.455777,0.000000,515.264463,622.500000,87.593432,100.000000,43.796716,50.000000,5400,3080,0.214286,106.000000,0.000000,40.000000,1.752070,2.000000
0,-0.003604,0.142857,0.057143,6.668343,0.000000,2013.886389,3765.177500,88.659266,99.638242,44.329633,49.819121,8650,4010,0.344828,245.000000,0.000000,40.000000,1.792739,1.992765
0,-0.000000,0.200000,0.142857,0.635037,0.000000,234.213018,1226.000000,78.693316,90.319042,39.346658,45.159521,4120,1260,0.200000,234.000000,0.000000,35.000000,1.575353,1.806381
0,0.000000,0.142857,0.142857,9.114344,0.000000,1387.250000,1226.000000,75.530086,90.319042,37.765043,45.159521,3130,980,0.142857,47.000000,0.000000,35.000000,1.565114,1.806381
0,-0.003604,0.071429,0.057143,10.148508,0.000000,2724.059917,3765.177500,88.292892,99.638242,44.146446,49.819121,4220,980,0.307692,47.000000,0.000000,40.000000,1.820767,1.992765
0,0.000000,0.461538,0.461538,57.342172,0.000000,2627.081633,2975.000000,79.178824,84.476791,39.589412,42.238395,4040,1300,0.461538,15.000000,0.000000,35.000000,2.234323,1.689536
0,-0.003604,0.071429,0.057143,10.148508,0.000000,2724.059917,3765.177500,88.292892,99.638242,44.146446,49.819121,10630,980,0.307692,47.000000,0.000000,40.000000,1.820767,1.992765
0,-0.000002,0.166667,0.187500,0.455777,0.000000,515.264463,622.500000,87.593432,100.000000,43.796716,50.000000,9270,5400,0.214286,106.000000,0.000000,40.000000,1.752070,2.000000
0,0.000000,0.500000,0.500000,0.045118,3.315927,99.250000,56.406250,40.654872,36.960017,20.327436,18.480008,6410,10,0.500000,92.000000,0.000000,20.000000,0.813112,0.000000
0,0.000000,0.083333,0.045455,9.175736,0.000000,846.289062,3301.302500,96.702635,99.927257,48.351318,49.963628,5300,1170,0.083333,433.000000,0.000000,45.000000,1.989844,1.998545
0,0.000000,0.083333,0.045455,9.175736,0.000000,846.289062,3301.302500,96.702635,99.927257,48.351318,49.963628,1940,1170,0.083333,433.000000,0.000000,45.000000,1.989844,1.998545
0,0.000000,0.083333,0.045455,9.175736,0.000000,846.289062,3301.302500,96.702635,99.927257,48.351318,49.963628,5300,390,0.083333,433.000000,0.000000,45.000000,1.989844,1.998545
0,0.000000,0.083333,0.045455,9.175736,0.000000,846.289062,3301.302500,96.702635,99.927257,48.351318,49.963628,6800,5300,0.083333,433.000000,0.000000,45.000000,1.989844,1.998545
0,0.000000,0.083333,0.045455,9.175736,0.000000,846.289062,3301.302500,96.702635,99.927257,48.351318,49.963628,6800,1940,0.083333,433.000000,0.000000,45.000000,1.989844,1.998545
0,0.000000,0.083333,0.045455,9.175736,0.000000,846.289062,3301.302500,96.702635,99.927257,48.351318,49.963628,1940,390,0.083333,433.000000,0.000000,45.000000,1.989844,1.998545
0,0.000000,0.250000,0.250000,0.022441,0.762184,67.862847,1020.937500,70.589327,55.159627,35.294663,27.579813,7260,10,0.250000,17.000000,0.000000,35.000000,1.411793,1.103477
0,-0.000235,0.461538,0.133333,2.633351,0.028181,1888.834711,44.567901,88.040145,50.000000,44.020072,25.000000,7050,3470,0.461538,273.000000,0.000000,40.000000,1.768030,0.000000
0,-0.000235,0.461538,0.133333,2.633351,0.028181,1888.834711,44.567901,88.040145,50.000000,44.020072,25.000000,3690,3470,0.461538,273.000000,0.000000,40.000000,1.768030,0.000000
0,-0.000000,0.142857,0.125000,2.095918,0.019520,1939.000000,35.555556,78.673817,41.997634,39.336908,20.998817,3470,3250,0.142857,273.000000,0.000000,35.000000,1.574612,0.000000
0,-0.000000,0.571429,0.222222,3.014256,0.567041,628.250000,844.444444,64.286115,79.143863,32.143057,39.571932,2430,660,0.571429,536.000000,0.000000,30.000000,1.324944,1.583087
0,-0.000000,0.285714,0.411765,2.134296,0.000000,1686.000000,8586.000000,95.645871,92.702574,47.822935,46.351287,6740,3500,0.500000,470.000000,0.000000,45.000000,1.914269,1.854051
0,-0.000000,0.166667,0.153846,33.133784,0.000000,2546.809917,1154.777778,85.614727,81.688211,42.807364,40.844106,10600,4200,0.166667,84.000000,0.000000,40.000000,2.734710,1.633764
0,0.000000,0.333333,0.375000,9.077767,0.000000,769.789062,647.666667,88.896471,78.030426,44.448235,39.015213,1500,390,0.375000,464.000000,0.000000,40.000000,1.833659,1.560609
0,0.000000,0.142857,0.142857,26.198966,0.000000,2624.732500,612.000000,87.434018,82.632443,43.717009,41.316222,8370,4430,0.142857,60.000000,0.000000,40.000000,1.881441,1.652649
0,0.000000,0.142857,0.142857,26.198966,0.000000,2624.732500,612.000000,87.434018,82.632443,43.717009,41.316222,8370,5210,0.142857,60.000000,0.000000,40.000000,1.881441,1.652649
0,0.000000,0.100000,0.100000,0.076028,0.000000,110.854400,582.214844,50.527248,70.865300,25.263624,35.432650,60,10,0.100000,38.000000,0.000000,25.000000,1.010577,1.417306
0,-0.000000,0.285714,0.411765,2.134296,0.000000,1686.000000,8586.000000,95.645871,92.702574,47.822935,46.351287,3500,330,0.500000,470.000000,0.000000,45.000000,1.914269,1.854051
0,0.000000,0.052632,0.052632,0.827049,0.000000,3730.967901,942.000000,98.406978,78.363321,49.203489,39.181661,9690,5560,0.052632,25.000000,0.000000,45.000000,1.975813,1.567266
0,-0.000012,0.166667,0.125000,1.190746,0.000000,1298.314745,1089.720000,84.422473,77.394469,42.211236,38.697235,4150,3380,0.166667,165.000000,0.000000,40.000000,1.688996,1.547889
0,0.000000,0.333333,0.375000,9.077767,0.000000,769.789062,647.666667,88.896471,78.030426,44.448235,39.015213,6800,1500,0.375000,464.000000,0.000000,40.000000,1.833659,1.560609
0,0.000000,0.142857,0.142857,26.198966,0.000000,2624.732500,612.000000,87.434018,82.632443,43.717009,41.316222,10840,8370,0.142857,60.000000,0.000000,40.000000,1.881441,1.652649
0,-0.000000,0.285714,0.411765,2.134296,0.000000,1686.000000,8586.000000,95.645871,92.702574,47.822935,46.351287,3500,1110,0.500000,470.000000,0.000000,45.000000,1.914269,1.854051
0,-0.000012,0.166667,0.125000,1.190746,0.000000,1298.314745,1089.720000,84.422473,77.394469,42.211236,38.697235,9790,4150,0.166667,165.000000,0.000000,40.000000,1.688996,1.547889
0,0.000000,0.333333,0.375000,9.077767,0.000000,769.789062,647.666667,88.896471,78.030426,44.448235,39.015213,1500,1170,0.375000,464.000000,0.000000,40.000000,1.833659,1.560609
0,0.000000,0.052632,0.052632,0.827049,0.000000,3730.967901,942.000000,98.406978,78.363321,49.203489,39.181661,6330,5560,0.052632,25.000000,0.000000,45.000000,1.975813,1.567266
0,-0.000000,0.166667,0.153846,33.133784,0.000000,2546.809917,1154.777778,85.614727,81.688211,42.807364,40.844106,4970,4200,0.166667,84.000000,0.000000,40.000000,2.734710,1.633764
0,0.000825,0.400000,1.000000,2.717771,0.000000,3285.177500,792.625000,55.172576,72.967406,27.586288,36.483703,11060,10,1.000000,38.000000,0.000000,25.000000,1.104583,1.459348
0,0.000825,0.400000,1.000000,2.717771,0.000000,3285.177500,792.625000,55.172576,72.967406,27.586288,36.483703,4650,10,1.000000,38.000000,0.000000,25.000000,1.104583,1.459348
0,0.000235,0.142857,0.150000,12.896238,0.000000,2765.564236,965.222222,92.590348,92.702574,46.295174,46.351287,9980,5760,0.150000,146.000000,0.000000,45.000000,1.882582,1.854051
0,0.000000,0.052632,0.052632,0.827049,0.000000,3730.967901,942.000000,98.406978,78.363321,49.203489,39.181661,9690,4780,0.052632,25.000000,0.000000,45.000000,1.975813,1.567266
0,0.000000,0.260870,0.265306,2.754949,0.000000,3356.031900,923.589844,93.352816,83.303043,46.676408,41.651521,11010,10,0.270833,43.000000,0.000000,45.000000,1.868219,1.666061
0,0.000000,0.260870,0.265306,2.754949,0.000000,3356.031900,923.589844,93.352816,83.303043,46.676408,41.651521,4600,10,0.270833,43.000000,0.000000,45.000000,1.868219,1.666061
0,0.000235,0.142857,0.150000,12.896238,0.000000,2765.564236,965.222222,92.590348,92.702574,46.295174,46.351287,9980,4230,0.150000,146.000000,0.000000,45.000000,1.882582,1.854051
0,0.000000,0.260870,0.265306,2.754949,0.000000,3356.031900,923.589844,93.352816,83.303043,46.676408,41.651521,5380,10,0.270833,43.000000,0.000000,45.000000,1.868219,1.666061
0,0.000000,0.052632,0.052632,0.827049,0.000000,3730.967901,942.000000,98.406978,78.363321,49.203489,39.181661,11190,9690,0.052632,25.000000,0.000000,45.000000,1.975813,1.567266
0,-0.000012,0.166667,0.125000,1.190746,0.000000,1298.314745,1089.720000,84.422473,77.394469,42.211236,38.697235,4160,4150,0.166667,165.000000,0.000000,40.000000,1.688996,1.547889
0,0.000000,0.176471,0.176471,0.202793,0.000000,313.604400,8375.589844,94.931691,90.600469,47.465845,45.300234,7770,10,0.176471,43.000000,0.000000,45.000000,1.898726,1.812009
0,0.000000,0.076923,0.076923,0.494238,0.000000,678.632178,944.367622,81.918720,79.586105,40.959360,39.793053,4610,10,0.076923,43.000000,0.000000,40.000000,1.638582,1.591722
0,-0.000000,0.285714,0.411765,2.134296,0.000000,1686.000000,8586.000000,95.645871,92.702574,47.822935,46.351287,6740,4980,0.500000,470.000000,0.000000,45.000000,1.914269,1.854051
0,0.000235,0.142857,0.150000,12.896238,0.000000,2765.564236,965.222222,92.590348,92.702574,46.295174,46.351287,5760,4350,0.150000,146.000000,0.000000,45.000000,1.882582,1.854051
0,-0.000000,0.285714,0.411765,2.134296,0.000000,1686.000000,8586.000000,95.645871,92.702574,47.822935,46.351287,4980,1110,0.500000,470.000000,0.000000,45.000000,1.914269,1.854051
0,0.000235,0.142857,0.150000,12.896238,0.000000,2765.564236,965.222222,92.590348,92.702574,46.295174,46.351287,5760,3570,0.150000,146.000000,0.000000,45.000000,1.882582,1.854051
0,0.000235,0.142857,0.150000,12.896238,0.000000,2765.564236,965.222222,92.590348,92.702574,46.295174,46.351287,4230,3570,0.150000,146.000000,0.000000,45.000000,1.882582,1.854051
0,-0.000000,0.166667,0.153846,33.133784,0.000000,2546.809917,1154.777778,85.614727,81.688211,42.807364,40.844106,4200,4190,0.166667,84.000000,0.000000,40.000000,2.734710,1.633764
0,-0.000000,0.285714,0.411765,2.134296,0.000000,1686.000000,8586.000000,95.645871,92.702574,47.822935,46.351287,4980,330,0.500000,470.000000,0.000000,45.000000,1.914269,1.854051
0,0.000235,0.142857,0.150000,12.896238,0.000000,2765.564236,965.222222,92.590348,92.702574,46.295174,46.351287,4350,4230,0.150000,146.000000,0.000000,45.000000,1.882582,1.854051
0,0.000000,0.052632,0.052632,0.827049,0.000000,3730.967901,942.000000,98.406978,78.363321,49.203489,39.181661,11190,6330,0.052632,25.000000,0.000000,45.000000,1.975813,1.567266
0,0.000000,0.176471,0.176471,0.202793,0.000000,313.604400,8375.589844,94.931691,90.600469,47.465845,45.300234,9250,10,0.176471,43.000000,0.000000,45.000000,1.898726,1.812009
0,0.000825,0.400000,1.000000,2.717771,0.000000,3285.177500,792.625000,55.172576,72.967406,27.586288,36.483703,5430,10,1.000000,38.000000,0.000000,25.000000,1.104583,1.459348
0,0.000000,0.052632,0.052632,0.827049,0.000000,3730.967901,942.000000,98.406978,78.363321,49.203489,39.181661,6330,4780,0.052632,25.000000,0.000000,45.000000,1.975813,1.567266
0,0.000000,0.076923,0.076923,5.376819,0.000000,2120.898148,116.148148,92.308747,47.351138,46.154374,23.675569,9950,8210,0.076923,20.000000,0.000000,45.000000,1.904745,0.000000
0,0.000000,0.076923,0.076923,5.376819,0.000000,2120.898148,116.148148,92.308747,47.351138,46.154374,23.675569,9950,9690,0.076923,20.000000,0.000000,45.000000,1.904745,0.000000
0,0.000000,0.076923,0.076923,5.376819,0.000000,2120.898148,116.148148,92.308747,47.351138,46.154374,23.675569,9690,6590,0.076923,20.000000,0.000000,45.000000,1.904745,0.000000
0,0.000000,0.076923,0.076923,5.376819,0.000000,2120.898148,116.148148,92.308747,47.351138,46.154374,23.675569,8210,6590,0.076923,20.000000,0.000000,45.000000,1.904745,0.000000
0,0.000000,0.083333,0.083333,2.009675,0.000000,2102.750000,98.000000,82.592579,36.032279,41.296289,18.016139,8210,7660,0.083333,20.000000,0.000000,40.000000,1.653036,0.000000
0,0.000000,1.000000,1.000000,261.536415,0.000000,3174.000000,0.000000,73.105688,0.000000,36.552844,0.000000,2740,1260,1.000000,715.000000,0.000000,35.000000,12.241261,0.000000
0,0.000000,0.083333,0.083333,2.009675,0.000000,2102.750000,98.000000,82.592579,36.032279,41.296289,18.016139,9690,7660,0.083333,20.000000,0.000000,40.000000,1.653036,0.000000
0,0.000000,0.142857,0.142857,0.616445,0.731710,816.854400,936.000000,84.905862,82.521497,42.452931,41.260748,3510,10,0.142857,86.000000,0.000000,40.000000,1.698379,1.650716
0,-0.000012,0.076923,0.071429,66.580343,2.846245,13500.000000,3283.000000,70.823376,70.605133,35.411688,35.302566,6310,4040,0.076923,92.000000,0.000000,35.000000,2.070270,1.413350
0,-0.000000,1.000000,0.714286,54.081149,0.707844,3431.111111,1000.000000,51.944540,73.755311,25.972270,36.877656,3160,300,1.000000,407.000000,0.000000,25.000000,1.481311,1.475359
0,-0.000103,0.241379,0.233333,9.804062,0.525658,11115.854400,736.000000,85.239745,74.006357,42.619873,37.003178,6370,10,0.241379,86.000000,0.000000,40.000000,1.709154,1.480318
0,0.000000,0.444444,0.444444,0.000000,0.000000,430.888889,157.666667,73.339177,84.541282,36.669589,42.270641,7130,10,0.444444,92.000000,0.000000,35.000000,1.466784,1.690826
0,0.000030,0.375000,0.111111,0.428046,0.000000,600.662222,179.000000,77.993856,84.142777,38.996928,42.071388,6830,10,0.375000,122.000000,0.000000,35.000000,1.560037,1.682856
0,-0.000000,0.076923,0.055556,41.529424,0.000000,2270.257778,1021.000000,85.616106,80.566900,42.808053,40.283450,5190,5080,0.076923,144.000000,0.000000,40.000000,2.106791,1.611338
0,0.000000,0.444444,0.444444,0.000000,0.000000,430.888889,157.666667,73.339177,84.541282,36.669589,42.270641,5600,10,0.444444,92.000000,0.000000,35.000000,1.466784,1.690826
0,0.000030,0.375000,0.111111,0.428046,0.000000,600.662222,179.000000,77.993856,84.142777,38.996928,42.071388,5300,10,0.375000,122.000000,0.000000,35.000000,1.560037,1.682856
0,-0.000000,0.076923,0.055556,41.529424,0.000000,2270.257778,1021.000000,85.616106,80.566900,42.808053,40.283450,6610,5190,0.076923,144.000000,0.000000,40.000000,2.106791,1.611338
0,-0.000000,0.142857,0.125000,0.048536,0.000000,80.555556,80.666667,81.672435,41.033631,40.836218,20.516816,8370,5540,0.285714,151.000000,0.000000,40.000000,1.633463,0.000000
0,0.000000,0.400000,0.400000,11.175860,0.742635,800.000000,1152.000000,91.214206,50.000000,45.607103,25.000000,12220,8930,0.400000,25.000000,0.000000,45.000000,1.942219,0.000000
0,0.000000,0.400000,0.400000,11.175860,0.742635,800.000000,1152.000000,91.214206,50.000000,45.607103,25.000000,8930,5810,0.400000,25.000000,0.000000,45.000000,1.942219,0.000000
0,0.000000,0.400000,0.400000,11.175860,0.742635,800.000000,1152.000000,91.214206,50.000000,45.607103,25.000000,8930,6590,0.400000,25.000000,0.000000,45.000000,1.942219,0.000000
0,-0.000000,1.000000,0.857143,13.569091,0.000000,590.854400,888.795918,94.818114,86.390624,47.409057,43.195312,1360,10,1.000000,188.000000,0.000000,45.000000,2.080483,1.727812
0,-0.000000,1.000000,0.857143,13.569091,0.000000,590.854400,888.795918,94.818114,86.390624,47.409057,43.195312,6370,10,1.000000,188.000000,0.000000,45.000000,2.080483,1.727812
0,-0.000000,0.461538,0.428571,2.553938,0.000000,2565.854400,11720.795918,77.762393,77.090812,38.881196,38.545406,4100,10,0.461538,188.000000,0.000000,35.000000,1.556566,1.541816
0,0.000000,0.545455,0.545455,0.176542,0.109742,250.172500,150.280000,47.196336,41.231007,23.598168,20.615504,6410,10,0.545455,23.000000,0.000000,20.000000,0.943993,0.000000
0,0.000000,0.090909,0.090909,0.172052,0.111867,257.335309,161.983471,47.295730,40.610852,23.647865,20.305426,9180,10,0.090909,23.000000,0.000000,20.000000,0.945976,0.000000
0,0.000000,0.181818,0.181818,0.093090,0.090416,141.922500,126.562500,43.643730,39.296456,21.821865,19.648228,1770,10,0.181818,23.000000,0.000000,20.000000,0.872909,0.000000
0,0.000000,0.222222,0.222222,1.644085,1.596861,2063.360000,2048.000000,44.205513,38.608765,22.102757,19.304383,6510,10,0.222222,23.000000,0.000000,20.000000,0.884770,0.000000
0,-0.000000,0.176471,0.166667,0.022686,21.374731,131.495025,469.638889,85.984109,71.225191,42.992055,35.612595,7220,10,0.272727,208.000000,0.000000,40.000000,1.719689,2.192917
0,-0.000115,0.333333,0.315789,5.639127,0.392292,257.312500,536.000000,88.597191,83.421677,44.298595,41.710838,5060,1890,0.545455,424.000000,0.000000,40.000000,1.834521,1.668577
0,-0.000000,0.166667,0.142857,1.927118,0.305297,84.906250,421.250000,89.730854,87.949244,44.865427,43.974622,11790,3920,0.166667,53.000000,0.000000,40.000000,1.905050,1.759096
0,-0.000115,0.333333,0.315789,5.639127,0.392292,257.312500,536.000000,88.597191,83.421677,44.298595,41.710838,8080,5060,0.545455,424.000000,0.000000,40.000000,1.834521,1.668577
0,-0.000000,0.166667,0.142857,1.927118,0.305297,84.906250,421.250000,89.730854,87.949244,44.865427,43.974622,5600,3920,0.166667,53.000000,0.000000,40.000000,1.905050,1.759096
0,-0.000000,0.187500,0.166667,0.101366,21.502502,213.354400,653.638889,94.931691,85.089249,47.465845,42.544624,10240,10,0.187500,208.000000,0.000000,45.000000,1.898676,2.470242
0,-0.000000,0.187500,0.166667,0.101366,21.502502,213.354400,653.638889,94.931691,85.089249,47.465845,42.544624,4050,10,0.187500,208.000000,0.000000,45.000000,1.898676,2.470242
0,0.000000,0.100000,0.100000,0.082560,0.117428,150.884444,167.444444,41.818326,55.148385,20.909163,27.574192,7980,10,0.100000,14.000000,0.000000,20.000000,0.836392,1.103011
0,0.000002,0.500000,0.529412,5.086734,2.704365,4520.456633,3744.000000,77.863310,38.830174,38.931655,19.415087,8410,6990,0.529412,73.000000,0.000000,35.000000,1.589881,0.000000
0,0.000000,0.125000,0.125000,0.060962,0.017985,80.303855,27.222222,81.701682,43.744289,40.850841,21.872145,7180,4840,0.125000,54.000000,0.000000,40.000000,1.634057,0.000000
0,-0.000001,0.125000,0.117647,2.533850,1.331492,949.081633,1730.560000,79.772284,38.968127,39.886142,19.484063,7650,6990,0.125000,73.000000,0.000000,35.000000,1.627150,0.000000
0,-0.000006,0.400000,0.200000,5.127087,0.000000,563.720000,499.720000,61.460569,39.506576,30.730285,19.753288,2230,790,0.400000,89.000000,0.000000,30.000000,1.405004,0.000000
0,-0.000000,0.400000,0.333333,0.168137,0.000000,171.839506,11416.000000,76.346541,79.844317,38.173270,39.922158,3490,2730,0.538462,588.000000,0.000000,35.000000,1.527013,1.596886
0,0.000000,0.625000,0.625000,6.660701,0.000000,1606.242630,661.250000,81.290927,83.445968,40.645463,41.722984,8600,4840,0.625000,77.000000,0.000000,40.000000,1.639792,1.668919
0,0.000000,0.062500,0.062500,6.768399,0.000000,1755.020408,776.000000,78.919704,80.580331,39.459852,40.290166,9690,8600,0.062500,77.000000,0.000000,35.000000,1.592407,1.611607
0,0.000000,0.125000,0.125000,0.713375,0.000000,923.222222,10877.250000,82.229119,83.297607,41.114560,41.648803,7840,4840,0.125000,77.000000,0.000000,40.000000,1.644858,1.665952
0,0.000000,0.400000,0.800000,0.000000,0.000000,118.000000,512.000000,66.959701,71.345497,33.479851,35.672749,1140,10,0.800000,212.000000,0.000000,30.000000,1.339194,1.426910
0,-0.000000,0.600000,0.333333,7.647022,0.000000,118.000000,612.000000,66.810255,69.048689,33.405128,34.524345,1040,10,0.600000,222.000000,0.000000,30.000000,1.877658,1.380974
0,-0.000000,0.100000,0.090909,0.177491,0.000000,206.928719,488.888889,87.681896,89.310738,43.840948,44.655369,6110,1520,0.100000,155.000000,0.000000,40.000000,1.753714,1.786215
0,-0.000000,0.100000,0.090909,0.177491,0.000000,206.928719,488.888889,87.681896,89.310738,43.840948,44.655369,5520,1520,0.100000,155.000000,0.000000,40.000000,1.753714,1.786215
0,-0.000000,0.555556,0.375000,0.000000,0.000000,108.666667,615.111111,60.577163,87.323787,30.288582,43.661893,1280,10,0.555556,638.000000,0.000000,30.000000,1.211543,1.746476
0,-0.000004,0.181818,0.125000,0.147330,0.000000,188.675556,12944.000000,86.971064,81.207665,43.485532,40.603832,6920,4270,0.181818,339.000000,0.000000,40.000000,1.739482,1.624153
0,-0.000000,0.555556,0.375000,0.000000,0.000000,108.666667,615.111111,60.577163,87.323787,30.288582,43.661893,690,10,0.555556,638.000000,0.000000,30.000000,1.211543,1.746476
0,0.000120,0.133333,0.250000,0.211891,0.000000,236.288889,427.000000,97.527351,85.687325,48.763676,42.843662,3710,3330,0.250000,374.000000,0.000000,45.000000,1.950642,1.713746
0,0.000120,0.133333,0.250000,0.211891,0.000000,236.288889,427.000000,97.527351,85.687325,48.763676,42.843662,9900,3920,0.250000,374.000000,0.000000,45.000000,1.950642,1.713746
0,-0.000004,0.181818,0.125000,0.147330,0.000000,188.675556,12944.000000,86.971064,81.207665,43.485532,40.603832,6920,3680,0.181818,339.000000,0.000000,40.000000,1.739482,1.624153
0,-0.000000,0.250000,0.137931,1.085504,0.000000,400.320000,515.976331,80.657381,90.124736,40.328690,45.062368,4620,910,0.285714,616.000000,0.000000,40.000000,1.619731,1.802495
0,-0.000000,0.250000,0.137931,1.085504,0.000000,400.320000,515.976331,80.657381,90.124736,40.328690,45.062368,4620,1500,0.285714,616.000000,0.000000,40.000000,1.619731,1.802495
0,0.000120,0.133333,0.250000,0.211891,0.000000,236.288889,427.000000,97.527351,85.687325,48.763676,42.843662,3920,3710,0.250000,374.000000,0.000000,45.000000,1.950642,1.713746
0,-0.000000,0.125000,0.136364,0.523730,0.000000,743.555556,1966.720000,89.998922,99.500177,44.999461,49.750089,6580,2780,0.200000,488.000000,0.000000,40.000000,1.800166,1.990004
0,0.000120,0.133333,0.250000,0.211891,0.000000,236.288889,427.000000,97.527351,85.687325,48.763676,42.843662,9900,3330,0.250000,374.000000,0.000000,45.000000,1.950642,1.713746
0,-0.000000,0.142857,0.136364,382.514548,0.000000,1579.240000,1966.720000,86.610401,99.500177,43.305201,49.750089,5750,1750,0.142857,132.000000,0.000000,40.000000,55.698971,1.990004
0,-0.000000,0.125000,0.136364,0.523730,0.000000,743.555556,1966.720000,89.998922,99.500177,44.999461,49.750089,6580,2190,0.200000,488.000000,0.000000,40.000000,1.800166,1.990004
0,-0.000000,0.142857,0.136364,382.514548,0.000000,1579.240000,1966.720000,86.610401,99.500177,43.305201,49.750089,6340,1750,0.142857,132.000000,0.000000,40.000000,55.698971,1.990004
0,0.000000,0.500000,0.500000,0.173663,0.000000,281.959184,27.000000,40.385820,35.797886,20.192910,17.898943,3260,10,0.500000,89.000000,0.000000,20.000000,0.807776,0.000000
0,-0.000031,0.400000,0.333333,2.138973,0.000000,401.234739,859.506173,89.018170,48.964036,44.509085,24.482018,9400,3210,0.400000,94.000000,0.000000,40.000000,1.793615,0.000000
0,-0.000031,0.400000,0.333333,2.138973,0.000000,401.234739,859.506173,89.018170,48.964036,44.509085,24.482018,12760,3210,0.400000,94.000000,0.000000,40.000000,1.793615,0.000000
0,-0.000001,0.200000,0.181818,22.537091,0.000000,2524.720000,3179.000000,85.182684,50.000000,42.591342,25.000000,13270,2220,0.200000,193.000000,0.000000,40.000000,2.155163,0.000000
0,-0.000001,0.200000,0.181818,22.537091,0.000000,2524.720000,3179.000000,85.182684,50.000000,42.591342,25.000000,6860,2220,0.200000,193.000000,0.000000,40.000000,2.155163,0.000000
0,0.000000,0.166667,0.166667,0.157665,0.000000,273.204444,1259.506173,58.975279,72.818301,29.487640,36.409150,10140,10,0.166667,20.000000,0.000000,25.000000,1.179558,1.456366
0,0.000000,0.166667,0.166667,0.157665,0.000000,273.204444,1259.506173,58.975279,72.818301,29.487640,36.409150,13500,10,0.166667,20.000000,0.000000,25.000000,1.179558,1.456366
0,0.000000,1.000000,1.000000,0.140735,0.000000,241.350000,400.000000,48.467075,23.854264,24.233538,11.927132,3950,10,1.000000,20.000000,0.000000,20.000000,0.969390,0.000000
0,-0.000001,0.200000,0.181818,22.537091,0.000000,2524.720000,3179.000000,85.182684,50.000000,42.591342,25.000000,7640,2220,0.200000,193.000000,0.000000,40.000000,2.155163,0.000000
0,0.000000,1.000000,1.000000,4.866703,0.000000,932.380000,1300.000000,94.357414,37.118224,47.178707,18.559112,8120,10,1.000000,69.000000,0.000000,45.000000,1.952396,0.000000
0,0.000000,1.000000,1.000000,0.612315,0.000000,835.000000,0.000000,48.821100,0.000000,24.410550,0.000000,6060,10,1.000000,275.000000,0.000000,20.000000,0.976653,0.000000
0,0.000000,1.000000,1.000000,4.866703,0.000000,932.380000,1300.000000,94.357414,37.118224,47.178707,18.559112,2070,10,1.000000,69.000000,0.000000,45.000000,1.952396,0.000000
0,0.000000,0.666667,0.625000,1.921326,0.000000,72.406250,827.000000,77.566256,79.540598,38.783128,39.770299,8770,3920,0.666667,281.000000,0.000000,35.000000,1.661758,1.590812
0,-0.000000,0.500000,0.400000,1.854357,0.000000,2060.000000,851.760000,74.602279,38.890196,37.301140,19.445098,4910,3260,0.500000,294.000000,0.000000,35.000000,1.492881,0.000000
0,0.000000,0.625000,0.625000,0.016261,0.000000,47.222222,27.222222,43.200311,40.908849,21.600155,20.454425,1310,10,0.625000,74.000000,0.000000,20.000000,0.864011,0.000000
0,-0.000001,0.071429,0.058824,0.103977,1.175130,196.345679,1829.764739,53.454722,86.861278,26.727361,43.430639,11830,10,0.071429,305.000000,0.000000,25.000000,1.069127,1.737603
0,-0.000001,0.071429,0.058824,0.103977,1.175130,196.345679,1829.764739,53.454722,86.861278,26.727361,43.430639,8470,10,0.071429,305.000000,0.000000,25.000000,1.069127,1.737603
0,-0.000001,0.062500,0.058824,5.012986,1.175130,2365.672210,1829.764739,80.553717,86.861278,40.276859,43.430639,2410,1050,0.062500,65.000000,0.000000,40.000000,1.616436,1.737603
0,-0.000300,0.571429,0.500000,2.127312,0.513053,632.000000,700.000000,70.281392,37.394882,35.140696,18.697441,1710,1060,0.571429,191.000000,0.000000,35.000000,1.446218,0.000000
0,0.000003,0.400000,0.571429,246.185253,1.521297,1856.000000,2700.000000,69.191979,38.061576,34.595990,19.030788,7110,10,0.600000,296.000000,0.000000,30.000000,18.294325,0.000000
0,0.000000,0.666667,0.666667,0.010399,0.000000,47.250000,64.000000,66.103624,41.962793,33.051812,20.981396,4280,10,0.666667,120.000000,0.000000,30.000000,1.322076,0.000000
0,-0.000004,0.062500,0.031250,1.763013,1.670232,1807.812500,3000.000000,74.219543,75.925121,37.109772,37.962560,9030,5580,0.095238,457.000000,0.000000,35.000000,1.485515,1.518982
0,0.000000,0.200000,0.200000,0.023583,0.415233,50.355556,581.632653,46.118459,72.183711,23.059230,36.091856,1860,10,0.200000,64.000000,0.000000,20.000000,0.922377,1.443823
0,0.000000,0.100000,0.100000,0.100852,0.500103,191.484444,755.102041,48.416616,75.444433,24.208308,37.722217,12280,10,0.100000,64.000000,0.000000,20.000000,0.968361,1.509057
0,-0.000002,0.076923,0.058824,0.070763,0.191711,139.504109,336.734694,46.938415,77.101937,23.469207,38.550969,10430,10,0.076923,249.000000,0.000000,20.000000,0.938790,1.542094
0,-0.000030,0.285714,0.218750,0.870253,0.217595,634.812500,555.102041,77.593535,69.564884,38.796768,34.782442,8350,5580,0.285714,457.000000,0.000000,35.000000,1.552655,1.391346
0,0.000000,1.000000,1.000000,0.464985,0.441116,124.866667,800.000000,47.497921,64.646658,23.748960,32.323329,9510,10,1.000000,64.000000,0.000000,20.000000,0.950923,1.293075
0,-0.000004,0.032258,0.031250,0.169269,0.231325,305.128747,567.857143,81.115160,69.045371,40.557580,34.522686,9800,8180,0.032258,35.000000,0.000000,40.000000,1.622350,1.380961
0,-0.000000,0.250000,0.230769,5.768407,0.136453,138.923077,395.062500,61.464417,68.604935,30.732208,34.302467,8870,2080,0.250000,128.000000,0.000000,30.000000,1.556294,1.372126
0,-0.000004,0.500000,0.031250,0.149277,1.670232,212.530864,3000.000000,80.299325,75.925121,40.149662,37.962560,6450,1510,0.500000,370.000000,0.000000,40.000000,1.606040,1.518982
0,-0.000014,0.538462,0.411765,0.080129,0.132724,147.726125,381.632653,47.118621,66.304162,23.559311,33.152081,7660,10,0.538462,249.000000,0.000000,20.000000,0.942398,1.326111
0,-0.000050,0.142857,0.133333,0.068068,0.115253,122.638951,353.081633,91.116213,72.676794,45.558106,36.338397,15430,9800,0.142857,35.000000,0.000000,45.000000,1.822343,1.453559
0,-0.000050,0.142857,0.133333,0.068068,0.115253,122.638951,353.081633,91.116213,72.676794,45.558106,36.338397,9800,9240,0.142857,35.000000,0.000000,45.000000,1.822343,1.453559
0,-0.000000,0.500000,0.222222,3.890321,0.269860,423.500000,439.750000,77.172958,78.419396,38.586479,39.209698,9750,3110,0.500000,203.000000,0.000000,35.000000,1.572514,1.568472
0,-0.000001,0.250000,0.400000,5.005923,0.341176,2351.345679,544.000000,81.316341,88.993686,40.658171,44.496843,11940,1050,0.500000,98.000000,0.000000,40.000000,1.631687,1.779981
0,-0.000016,1.000000,0.400000,9.031574,0.268867,238.111111,441.795918,60.961852,91.692578,30.480926,45.846289,3810,10,1.000000,1140.000000,0.000000,30.000000,1.652604,1.833934
0,0.000000,0.142857,0.142857,73.243364,0.613404,2924.345679,1000.000000,81.254243,89.992732,40.627122,44.996366,14230,6140,0.142857,98.000000,0.000000,40.000000,2.766272,1.800043
0,0.000000,0.047619,0.047619,1.579604,0.263444,1809.877823,423.668639,70.358029,80.457975,35.179014,40.228988,1820,390,0.047619,21.000000,0.000000,35.000000,1.411556,1.609241
0,-0.000000,0.166667,0.166667,6.486358,1.000885,5503.345679,1854.750000,91.341126,96.751683,45.670563,48.375842,10100,1050,0.181818,98.000000,0.000000,45.000000,1.832530,1.935305
0,-0.000001,0.055556,0.400000,0.316351,0.341176,385.951953,544.000000,86.375029,88.993686,43.187515,44.496843,5020,3950,0.500000,790.000000,0.000000,40.000000,1.727630,1.779981
0,-0.000000,0.090909,0.166667,5.061426,1.000885,743.454444,1854.750000,96.821869,96.751683,48.410934,48.375842,13310,9180,0.181818,190.000000,0.000000,45.000000,1.984924,1.935305
0,0.000001,0.045455,0.058824,0.296833,0.384363,406.320988,655.102041,90.565099,91.202942,45.282549,45.601471,10970,8840,0.058824,424.000000,0.000000,45.000000,1.811410,1.824172
0,-0.000079,0.181818,0.166667,5.083536,0.295801,2474.567901,484.500000,82.343675,91.229301,41.171838,45.614651,9560,1050,0.181818,98.000000,0.000000,40.000000,1.652258,1.824676
0,0.000000,0.133333,0.133333,3.270571,2.229133,5543.209184,4157.000000,89.988060,90.765598,44.994030,45.382799,11380,9330,0.133333,47.000000,0.000000,40.000000,1.800732,1.815911
0,-0.000016,1.000000,0.400000,9.031574,0.268867,238.111111,441.795918,60.961852,91.692578,30.480926,45.846289,450,10,1.000000,1140.000000,0.000000,30.000000,1.652604,1.833934
0,-0.000000,0.090909,0.166667,5.061426,1.000885,743.454444,1854.750000,96.821869,96.751683,48.410934,48.375842,9950,9180,0.181818,190.000000,0.000000,45.000000,1.984924,1.935305
0,0.000000,0.133333,0.133333,3.270571,2.229133,5543.209184,4157.000000,89.988060,90.765598,44.994030,45.382799,9330,1560,0.133333,47.000000,0.000000,40.000000,1.800732,1.815911
0,0.000000,0.047619,0.047619,1.579604,0.263444,1809.877823,423.668639,70.358029,80.457975,35.179014,40.228988,15000,390,0.047619,21.000000,0.000000,35.000000,1.411556,1.609241
0,-0.000000,0.090909,0.166667,5.061426,1.000885,743.454444,1854.750000,96.821869,96.751683,48.410934,48.375842,13310,8400,0.181818,190.000000,0.000000,45.000000,1.984924,1.935305
0,0.000001,0.029412,0.058824,5.092327,0.384363,2503.030123,655.102041,81.380681,91.202942,40.690341,45.601471,12100,1050,0.058824,98.000000,0.000000,40.000000,1.632998,1.824172
0,0.000000,0.142857,0.142857,5.401652,0.613404,2924.345679,1000.000000,81.254243,89.992732,40.627122,44.996366,6140,1050,0.142857,98.000000,0.000000,40.000000,1.630582,1.800043
0,0.000000,0.133333,0.133333,3.270571,2.229133,5543.209184,4157.000000,89.988060,90.765598,44.994030,45.382799,14740,9330,0.133333,47.000000,0.000000,40.000000,1.800732,1.815911
0,-0.000000,0.090909,0.166667,5.061426,1.000885,743.454444,1854.750000,96.821869,96.751683,48.410934,48.375842,14810,13310,0.181818,190.000000,0.000000,45.000000,1.984924,1.935305
0,0.000001,0.045455,0.058824,0.296833,0.384363,406.320988,655.102041,90.565099,91.202942,45.282549,45.601471,8840,7610,0.058824,424.000000,0.000000,45.000000,1.811410,1.824172
0,-0.000079,0.181818,0.166667,8.150723,0.295801,296.497778,484.500000,84.286309,91.229301,42.143155,45.614651,12990,8320,0.181818,222.000000,0.000000,40.000000,1.901735,1.824676
0,-0.000079,0.181818,0.166667,8.150723,0.295801,296.497778,484.500000,84.286309,91.229301,42.143155,45.614651,9630,8320,0.181818,222.000000,0.000000,40.000000,1.901735,1.824676
0,-0.000000,0.166667,0.166667,6.486358,1.000885,5503.345679,1854.750000,91.341126,96.751683,45.670563,48.375842,9320,1050,0.181818,98.000000,0.000000,45.000000,1.832530,1.935305
0,0.000000,0.142857,0.142857,73.243364,0.613404,2924.345679,1000.000000,81.254243,89.992732,40.627122,44.996366,10870,6140,0.142857,98.000000,0.000000,40.000000,2.766272,1.800043
0,-0.000000,0.090909,0.166667,5.061426,1.000885,743.454444,1854.750000,96.821869,96.751683,48.410934,48.375842,14810,9950,0.181818,190.000000,0.000000,45.000000,1.984924,1.935305
0,0.000000,0.047619,0.047619,1.579604,0.263444,1809.877823,423.668639,70.358029,80.457975,35.179014,40.228988,11640,390,0.047619,21.000000,0.000000,35.000000,1.411556,1.609241
0,-0.000016,0.500000,0.400000,5.011504,0.268867,2371.665679,441.795918,84.195990,91.692578,42.097995,45.846289,10430,1050,0.500000,98.000000,0.000000,40.000000,1.689280,1.833934
0,-0.000000,0.166667,0.166667,6.486358,1.000885,5503.345679,1854.750000,91.341126,96.751683,45.670563,48.375842,15730,1050,0.181818,98.000000,0.000000,45.000000,1.832530,1.935305
0,-0.000001,0.055556,0.400000,0.316351,0.341176,385.951953,544.000000,86.375029,88.993686,43.187515,44.496843,7310,5020,0.500000,790.000000,0.000000,40.000000,1.727630,1.779981
0,-0.000000,0.090909,0.166667,5.061426,1.000885,743.454444,1854.750000,96.821869,96.751683,48.410934,48.375842,9950,8400,0.181818,190.000000,0.000000,45.000000,1.984924,1.935305
0,0.000000,0.111111,0.111111,1.709342,1.231030,2751.500000,2160.000000,78.194646,39.885267,39.097323,19.942634,8000,7580,0.111111,31.000000,0.000000,35.000000,1.564429,0.000000
0,0.000000,0.111111,0.111111,0.481083,0.409580,856.888889,800.000000,89.634485,50.000000,44.817243,25.000000,11840,10760,0.111111,85.000000,0.000000,40.000000,1.792825,0.000000
0,0.000000,0.111111,0.111111,0.481083,0.409580,856.888889,800.000000,89.634485,50.000000,44.817243,25.000000,10760,10310,0.111111,85.000000,0.000000,40.000000,1.792825,0.000000
0,-0.000000,0.300000,0.071429,0.082169,0.022080,163.444444,43.555556,43.891038,40.102949,21.945519,20.051474,8030,10,0.300000,358.000000,0.000000,20.000000,0.877846,0.000000
0,-0.000002,0.333333,0.416667,0.146498,0.736100,227.320000,1352.000000,80.984230,40.982820,40.492115,20.491410,8370,7500,0.454545,324.000000,0.000000,40.000000,1.619732,0.000000
0,-0.000006,0.125000,0.111111,0.000000,0.000000,42.222222,39.606667,49.408573,72.246541,24.704286,36.123271,170,10,0.125000,30.000000,0.000000,20.000000,0.988171,1.444931
0,0.000000,0.076923,0.076923,0.000000,0.000000,117.284722,115.229167,68.278305,82.636888,34.139153,41.318444,3430,10,0.076923,30.000000,0.000000,30.000000,1.365566,1.652738
0,0.000000,0.071429,0.071429,0.000000,0.000000,45.890861,43.835306,56.254275,77.484024,28.127137,38.742012,510,10,0.071429,30.000000,0.000000,25.000000,1.125085,1.549680
0,-0.000033,0.250000,0.416667,0.018761,0.023199,47.000000,37.500000,50.320492,41.544110,25.160246,20.772055,13700,10,0.454545,246.000000,0.000000,25.000000,1.006416,0.000000
0,-0.000033,0.250000,0.416667,0.018761,0.023199,47.000000,37.500000,50.320492,41.544110,25.160246,20.772055,7510,10,0.454545,246.000000,0.000000,25.000000,1.006416,0.000000
0,-0.000000,0.133333,0.562500,0.528277,0.145981,655.833333,267.857143,86.157650,40.656466,43.078825,20.328233,10010,2760,0.692308,615.000000,0.000000,40.000000,1.723366,0.000000
0,-0.000000,0.083333,0.062500,0.745001,1.527719,934.926667,2700.000000,89.013368,50.000000,44.506684,25.000000,14870,12690,0.083333,129.000000,0.000000,40.000000,1.781280,0.000000
0,-0.000000,0.083333,0.062500,0.745001,1.527719,934.926667,2700.000000,89.013368,50.000000,44.506684,25.000000,14870,4300,0.083333,129.000000,0.000000,40.000000,1.781280,0.000000
0,-0.000000,0.142857,0.125000,0.241152,0.021681,100.166667,35.555556,68.317130,41.477877,34.158565,20.738939,14870,510,0.142857,129.000000,0.000000,30.000000,1.367204,0.000000
0,0.000000,1.000000,1.000000,0.020601,0.000000,34.394558,0.000000,54.097331,0.000000,27.048665,0.000000,6200,10,1.000000,996.000000,0.000000,25.000000,1.081958,0.000000
0,-0.000000,0.083333,0.062500,0.745001,1.527719,934.926667,2700.000000,89.013368,50.000000,44.506684,25.000000,8680,4300,0.083333,129.000000,0.000000,40.000000,1.781280,0.000000
0,-0.000000,0.133333,0.562500,0.528277,0.145981,655.833333,267.857143,86.157650,40.656466,43.078825,20.328233,3820,2760,0.692308,615.000000,0.000000,40.000000,1.723366,0.000000
0,-0.000000,0.083333,0.062500,0.745001,1.527719,934.926667,2700.000000,89.013368,50.000000,44.506684,25.000000,12690,8680,0.083333,129.000000,0.000000,40.000000,1.781280,0.000000
0,-0.000000,0.142857,0.125000,0.241152,0.021681,100.166667,35.555556,68.317130,41.477877,34.158565,20.738939,8680,510,0.142857,129.000000,0.000000,30.000000,1.367204,0.000000
0,0.000000,0.047619,0.047619,1.423484,1.980002,1704.668639,3451.375000,70.358029,83.415607,35.179014,41.707804,5160,390,0.047619,52.000000,0.000000,35.000000,1.411480,1.668880
0,-0.000343,0.375000,0.300000,0.449501,0.054489,43.668639,82.815000,33.440018,67.392766,16.720009,33.696383,390,50,0.375000,52.000000,0.000000,15.000000,0.672835,1.347873
0,0.000000,0.047619,0.047619,1.423484,1.980002,1704.668639,3451.375000,70.358029,83.415607,35.179014,41.707804,13550,390,0.047619,52.000000,0.000000,35.000000,1.411480,1.668880
0,0.000000,0.142857,0.142857,0.000000,0.013425,619.440000,19.440000,89.990873,43.790244,44.995436,21.895122,7030,10,0.142857,54.000000,0.000000,40.000000,1.799817,0.000000
0,-0.000371,0.222222,0.142857,0.469065,0.058225,831.640625,104.805556,90.287793,77.889302,45.143897,38.944651,10310,2740,0.222222,117.000000,0.000000,45.000000,1.805888,1.557802
0,-0.000371,0.222222,0.142857,0.469065,0.058225,831.640625,104.805556,90.287793,77.889302,45.143897,38.944651,11840,2740,0.222222,117.000000,0.000000,45.000000,1.805888,1.557802
0,-0.000000,0.166667,0.125000,0.041360,0.900669,90.000000,1500.000000,40.869282,70.388793,20.434641,35.194397,680,10,0.166667,222.000000,0.000000,20.000000,0.817401,1.408046
0,-0.000068,1.000000,0.923077,0.113334,0.610386,194.240000,1000.000000,47.498373,28.972103,23.749187,14.486052,6450,10,1.000000,289.000000,0.000000,20.000000,0.950004,0.000000
0,-0.000019,0.107143,0.081081,4.954844,1.870138,1225.522559,3388.000000,87.425883,50.000000,43.712941,25.000000,12300,7230,0.107143,211.000000,0.000000,40.000000,1.759440,0.000000
0,-0.000006,0.090909,0.076923,4.909794,2.480524,1141.812500,4388.000000,80.076851,78.972103,40.038426,39.486052,12300,790,0.090909,211.000000,0.000000,40.000000,1.612448,1.580144
0,0.000000,1.000000,1.000000,0.086699,0.290283,173.710059,500.000000,50.169093,41.416690,25.084546,20.708345,7120,10,1.000000,222.000000,0.000000,25.000000,1.003409,0.000000
0,-0.000006,0.090909,0.076923,4.909794,2.480524,1141.812500,4388.000000,80.076851,78.972103,40.038426,39.486052,3910,790,0.090909,211.000000,0.000000,40.000000,1.612448,1.580144
0,-0.000019,0.107143,0.081081,4.954844,1.870138,1225.522559,3388.000000,87.425883,50.000000,43.712941,25.000000,7230,3910,0.107143,211.000000,0.000000,40.000000,1.759440,0.000000
0,-0.000000,0.100000,0.083333,382.331261,0.000000,1372.615000,3482.111111,80.604145,85.153947,40.302072,42.576974,1750,1750,0.100000,440.000000,0.000000,40.000000,55.578765,1.703079
0,0.000000,0.083333,0.083333,0.196009,0.000000,364.734694,339.591111,80.729286,75.235735,40.364643,37.617867,6060,5720,0.083333,43.000000,0.000000,40.000000,1.614639,1.504715
0,-0.000000,0.100000,0.083333,2.565890,0.000000,3393.375000,3482.111111,79.630039,85.153947,39.815019,42.576974,9910,1520,0.100000,463.000000,0.000000,35.000000,1.593571,1.703079
0,-0.000202,0.166667,0.166667,0.000000,0.414684,1470.750000,862.500000,61.137598,97.130174,30.568799,48.565087,10860,10,0.181818,45.000000,0.000000,30.000000,1.222752,1.942714
0,-0.000202,0.166667,0.166667,0.000000,0.414684,1470.750000,862.500000,61.137598,97.130174,30.568799,48.565087,11640,10,0.181818,45.000000,0.000000,30.000000,1.222752,1.942714
0,-0.000010,0.454545,0.250000,0.000000,0.157878,921.940000,421.500000,100.000000,91.841489,50.000000,45.920745,16620,10,0.454545,110.000000,0.000000,50.000000,2.000000,1.836866
0,-0.000242,0.181818,0.166667,26.601532,0.414684,2511.000000,862.500000,77.383705,97.130174,38.691852,48.565087,11120,10190,0.181818,19.000000,0.000000,35.000000,2.549927,1.942714
0,-0.000242,0.181818,0.166667,26.601532,0.414684,2511.000000,862.500000,77.383705,97.130174,38.691852,48.565087,17530,10780,0.181818,19.000000,0.000000,35.000000,2.549927,1.942714
0,-0.000010,0.454545,0.250000,0.000000,0.157878,921.940000,421.500000,100.000000,91.841489,50.000000,45.920745,10210,10,0.454545,110.000000,0.000000,50.000000,2.000000,1.836866
0,-0.000010,0.454545,0.250000,0.000000,0.157878,921.940000,421.500000,100.000000,91.841489,50.000000,45.920745,10990,10,0.454545,110.000000,0.000000,50.000000,2.000000,1.836866
0,-0.000242,0.181818,0.166667,26.601532,0.414684,2511.000000,862.500000,77.383705,97.130174,38.691852,48.565087,11900,10780,0.181818,19.000000,0.000000,35.000000,2.549927,1.942714
0,-0.000242,0.181818,0.166667,26.601532,0.414684,2511.000000,862.500000,77.383705,97.130174,38.691852,48.565087,11120,10780,0.181818,19.000000,0.000000,35.000000,2.549927,1.942714
0,-0.000242,0.181818,0.166667,26.601532,0.414684,2511.000000,862.500000,77.383705,97.130174,38.691852,48.565087,17530,10190,0.181818,19.000000,0.000000,35.000000,2.549927,1.942714
0,-0.000242,0.181818,0.166667,26.601532,0.414684,2511.000000,862.500000,77.383705,97.130174,38.691852,48.565087,11900,10190,0.181818,19.000000,0.000000,35.000000,2.549927,1.942714
0,-0.000202,0.166667,0.166667,0.000000,0.414684,1470.750000,862.500000,61.137598,97.130174,30.568799,48.565087,17270,10,0.181818,45.000000,0.000000,30.000000,1.222752,1.942714
0,0.000000,0.166667,0.166667,0.444149,0.000000,864.500000,203.527778,79.098075,83.174783,39.549038,41.587391,12920,12380,0.166667,78.000000,0.000000,35.000000,1.582077,1.663496
0,-0.000021,0.045455,0.040000,0.574729,0.000000,1040.964444,260.059028,76.425533,82.671932,38.212767,41.335966,12540,5640,0.045455,116.000000,0.000000,35.000000,1.528670,1.653439
0,0.000000,1.000000,1.000000,0.053629,0.135671,92.743764,220.408163,48.646887,39.756175,24.323444,19.878087,2480,10,1.000000,150.000000,0.000000,20.000000,0.972955,0.000000
0,0.000000,0.166667,0.166667,1.409832,0.072126,119.247934,150.756944,82.325893,72.709618,41.162946,36.354809,4090,3560,0.166667,23.000000,0.000000,40.000000,1.656077,1.454211
0,-0.000001,0.055556,0.034483,0.128892,0.181850,376.837372,354.000000,81.616615,91.039696,40.808307,45.519848,6710,10,0.055556,75.000000,0.000000,40.000000,1.632367,1.820841
0,0.000000,0.166667,0.166667,40.631048,0.088677,574.308642,230.000000,81.040481,92.000000,40.520241,46.000000,13900,13360,0.166667,46.000000,0.000000,40.000000,3.707049,1.840017
0,-0.000001,0.035714,0.034483,40.687348,0.181850,630.839892,354.000000,80.825711,91.039696,40.412855,45.519848,13900,7000,0.035714,46.000000,0.000000,40.000000,3.702773,1.820841
0,0.000000,0.166667,0.166667,0.071241,0.088677,320.306122,230.000000,82.537979,92.000000,41.268990,46.000000,13070,10,0.166667,75.000000,0.000000,40.000000,1.650774,1.840017
0,0.000000,0.062500,0.062500,0.528256,0.575340,65.005000,942.888889,74.846259,74.086539,37.423129,37.043269,6080,3160,0.062500,89.000000,0.000000,35.000000,1.501402,1.481908
0,0.000000,0.857143,0.857143,1.793494,0.201469,157.421875,450.000000,99.831040,50.000000,49.915520,25.000000,14270,10,0.857143,23.000000,0.000000,45.000000,2.028787,0.000000
0,-0.000402,0.437500,0.071429,0.020037,0.331267,176.431122,706.888889,84.271610,93.493575,42.135805,46.746787,6080,10,0.437500,89.000000,0.000000,40.000000,1.685438,1.869949
0,0.000000,0.437500,0.437500,0.018775,0.129798,143.546875,256.888889,93.746921,43.493575,46.873461,21.746787,6740,10,0.437500,23.000000,0.000000,45.000000,1.874943,0.000000
0,-0.000402,0.500000,0.071429,4.370132,0.331267,812.200000,706.888889,78.386383,93.493575,39.193192,46.746787,12540,5010,0.538462,196.000000,0.000000,35.000000,1.677894,1.869949
0,0.000000,0.166667,0.166667,0.066757,0.064898,287.421875,180.000000,92.000000,42.000000,46.000000,21.000000,13730,10,0.166667,23.000000,0.000000,45.000000,1.840012,0.000000
0,0.000000,0.631579,0.631579,2.823305,0.445543,206.421875,686.000000,82.854719,30.592964,41.427360,15.296482,3820,10,0.631579,23.000000,0.000000,40.000000,1.697352,0.000000
0,0.000000,0.052632,0.052632,0.161093,0.156608,411.421875,304.000000,90.767007,41.357704,45.383503,20.678852,7370,10,0.052632,23.000000,0.000000,45.000000,1.815383,0.000000
0,0.000000,0.857143,0.857143,1.793494,0.201469,157.421875,450.000000,99.831040,50.000000,49.915520,25.000000,670,10,0.857143,23.000000,0.000000,45.000000,2.028787,0.000000
0,-0.000001,0.142857,0.125000,5.051639,0.188176,130.000000,450.000000,68.663344,89.471077,34.331672,44.735539,13030,3930,0.142857,142.000000,0.000000,30.000000,1.556167,1.789464
0,0.000000,1.000000,1.000000,8.995689,0.393165,68.000000,800.000000,8.882335,81.556829,4.441167,40.778414,60,10,1.000000,534.000000,0.000000,0.000000,1.301569,1.631239
0,0.000000,0.500000,0.500000,5.014703,0.108744,84.750000,316.000000,33.653514,78.961908,16.826757,39.480954,3930,10,0.500000,142.000000,0.000000,15.000000,0.855959,1.579257
0,-0.000001,0.142857,0.125000,5.051639,0.188176,130.000000,450.000000,68.663344,89.471077,34.331672,44.735539,11500,3930,0.142857,142.000000,0.000000,30.000000,1.556167,1.789464
0,0.000000,0.058824,0.058824,0.253778,0.276053,460.082396,492.812500,76.695540,88.250849,38.347770,44.125425,14950,2630,0.058824,27.000000,0.000000,35.000000,1.533982,1.765094
0,0.000000,0.083333,0.083333,0.065745,0.091879,128.269896,161.000000,67.129903,79.089111,33.564951,39.544555,2840,2630,0.083333,27.000000,0.000000,30.000000,1.342616,1.581808
0,0.000000,0.038462,0.038462,1.831475,1.821374,3660.269896,3693.000000,76.695540,88.250849,38.347770,44.125425,7400,2630,0.038462,27.000000,0.000000,35.000000,1.534370,1.765466
0,0.000000,0.277778,0.277778,0.028667,0.055561,62.759896,95.490000,68.426588,80.225124,34.213294,40.112562,2630,2290,0.277778,27.000000,0.000000,30.000000,1.368539,1.604519
0,0.000000,0.038462,0.038462,1.831475,1.821374,3660.269896,3693.000000,76.695540,88.250849,38.347770,44.125425,15790,2630,0.038462,27.000000,0.000000,35.000000,1.534370,1.765466
0,0.000000,0.058824,0.058824,0.253778,0.276053,460.082396,492.812500,76.695540,88.250849,38.347770,44.125425,2630,2130,0.058824,27.000000,0.000000,35.000000,1.533982,1.765094
0,0.000000,0.058824,0.058824,17.145345,0.000000,462.302500,6943.306122,66.961860,91.812832,33.480930,45.906416,1790,1630,0.058824,89.000000,0.000000,30.000000,1.680403,1.836257
0,-0.000000,0.125000,0.055556,0.000000,0.000000,1701.000000,3696.306122,60.000002,91.812832,30.000001,45.906416,13510,10,0.125000,267.000000,0.000000,30.000000,1.200000,1.836257
0,-0.000000,0.750000,0.388889,0.000000,0.000000,275.102041,366.306122,49.673160,60.579692,24.836580,30.289846,12830,10,0.750000,267.000000,0.000000,20.000000,0.993463,1.211594
0,-0.000000,0.071429,0.066667,17.222440,0.000000,610.437500,7977.000000,67.280216,90.146149,33.640108,45.073074,5050,1630,0.071429,89.000000,0.000000,30.000000,1.686790,1.802923
0,0.000000,0.083333,0.083333,4.328302,0.000000,130.490000,1066.306122,75.241675,75.996094,37.620837,37.998047,2190,1640,0.083333,104.000000,0.000000,35.000000,1.599514,1.519922
0,0.000000,0.083333,0.083333,4.406795,0.000000,278.625000,2100.000000,76.477181,74.329410,38.238591,37.164705,4900,2190,0.083333,104.000000,0.000000,35.000000,1.624245,1.486588
0,0.000000,0.166667,0.166667,17.184644,0.000000,527.812500,7877.000000,64.839012,84.183261,32.419506,42.091631,14450,2340,0.166667,89.000000,0.000000,30.000000,1.637958,1.683665
0,0.000000,0.166667,0.095238,13.424771,0.000000,716.750000,3173.000000,74.370974,59.885624,37.185487,29.942812,5650,2370,0.166667,985.000000,0.000000,35.000000,1.704983,1.197712
0,0.000000,0.500000,0.500000,4.379289,0.000000,252.320988,1300.000000,76.797089,52.950121,38.398544,26.475061,14460,2190,0.500000,104.000000,0.000000,35.000000,1.630633,1.059002
0,0.000000,0.083333,0.083333,0.055408,0.000000,121.668639,1840.500000,52.692087,71.036069,26.346043,35.518034,3020,10,0.083333,21.000000,0.000000,25.000000,1.053857,1.420721
0,-0.000000,0.125000,0.055556,0.000000,0.000000,1701.000000,3696.306122,60.000002,91.812832,30.000001,45.906416,5120,10,0.125000,267.000000,0.000000,30.000000,1.200000,1.836257
0,-0.000002,0.125000,0.050000,14.631059,0.000000,953.920000,3930.000000,77.207755,68.766860,38.603877,34.383430,6550,5870,0.181818,963.000000,0.000000,35.000000,1.692240,1.375337
0,-0.000000,0.083333,0.066667,6.396314,0.000000,1137.812500,4730.000000,67.252450,90.146149,33.626225,45.073074,3930,2080,0.083333,386.000000,0.000000,30.000000,1.672252,1.802923
0,0.000000,0.058824,0.058824,0.240854,0.000000,453.481139,7717.500000,61.959193,86.852807,30.979597,43.426404,2310,10,0.058824,21.000000,0.000000,30.000000,1.239251,1.737056
0,0.000000,0.333333,0.333333,0.177053,0.000000,356.418639,1940.500000,51.885164,76.998956,25.942582,38.499478,5730,10,0.333333,21.000000,0.000000,25.000000,1.037750,1.539979
0,-0.000000,0.375000,0.200000,0.000000,0.000000,115.062500,1166.306122,48.737781,81.958981,24.368890,40.979491,3270,10,0.375000,267.000000,0.000000,20.000000,0.974756,1.639180
0,-0.000000,0.250000,0.400000,0.109740,0.000000,173.983471,1400.000000,42.119761,58.913009,21.059881,29.456504,9570,10,0.500000,593.000000,0.000000,20.000000,0.842432,1.178260
0,-0.000000,0.083333,0.066667,6.396314,0.000000,1137.812500,4730.000000,67.252450,90.146149,33.626225,45.073074,12320,2080,0.083333,386.000000,0.000000,30.000000,1.672252,1.802923
0,-0.000002,0.095238,0.050000,382.429867,0.000000,1516.223471,3930.000000,79.607378,68.766860,39.803689,34.383430,9460,1750,0.095238,604.000000,0.000000,35.000000,55.558864,1.375337
0,0.000000,0.058824,0.058824,17.145345,0.000000,462.302500,6943.306122,66.961860,91.812832,33.480930,45.906416,14450,1790,0.058824,89.000000,0.000000,30.000000,1.680403,1.836257
0,-0.000195,0.444444,0.307692,0.097848,0.000000,203.996944,1140.500000,40.675214,55.619667,20.337607,27.809834,12490,10,0.476190,301.000000,0.000000,20.000000,0.813531,1.112393
0,0.000000,0.357143,0.294118,0.000000,0.000000,277.324263,7177.000000,69.365119,68.766860,34.682560,34.383430,12990,10,0.357143,251.000000,0.000000,30.000000,1.387302,1.375337
0,0.000000,0.058824,0.058824,0.240854,0.000000,453.481139,7717.500000,61.959193,86.852807,30.979597,43.426404,15130,10,0.058824,21.000000,0.000000,30.000000,1.239251,1.737056
0,0.000000,0.043478,0.043478,1.796856,0.000000,3653.668639,4470.500000,61.959193,86.852807,30.979597,43.426404,7580,10,0.043478,21.000000,0.000000,30.000000,1.239629,1.737056
0,-0.000000,0.071429,0.066667,17.222440,0.000000,610.437500,7977.000000,67.280216,90.146149,33.640108,45.073074,14450,5050,0.071429,89.000000,0.000000,30.000000,1.686790,1.802923
0,0.000000,0.166667,0.166667,17.184644,0.000000,527.812500,7877.000000,64.839012,84.183261,32.419506,42.091631,2340,1630,0.166667,89.000000,0.000000,30.000000,1.637958,1.683665
0,0.000000,0.521739,0.521739,0.077996,0.000000,199.638168,1140.500000,54.066511,55.619667,27.033255,27.809834,15290,10,0.521739,21.000000,0.000000,25.000000,1.081348,1.112393
0,0.000000,0.117647,0.294118,0.236091,0.000000,315.648778,7177.000000,77.590649,68.766860,38.795324,34.383430,8840,8680,0.294118,666.000000,0.000000,35.000000,1.551901,1.375337
0,-0.000433,0.111111,0.076923,0.060161,0.000000,120.375000,1940.500000,35.498027,76.998956,17.749014,38.499478,2930,10,0.384615,301.000000,0.000000,15.000000,0.709980,1.539979
0,0.000000,0.043478,0.043478,1.796856,0.000000,3653.668639,4470.500000,61.959193,86.852807,30.979597,43.426404,15970,10,0.043478,21.000000,0.000000,30.000000,1.239629,1.737056
0,-0.000000,0.090909,0.050000,3.327987,0.000000,4909.506173,4430.000000,88.270982,84.795519,44.135491,42.397760,9810,4110,0.090909,370.000000,0.000000,40.000000,1.766550,1.695910
0,0.000000,0.071429,0.071429,0.692342,0.000000,732.000000,3576.000000,67.695756,62.501309,33.847878,31.250654,7960,7620,0.071429,19.000000,0.000000,30.000000,1.354303,1.250026
0,0.000230,0.444444,0.285714,0.000000,0.000000,377.626667,4364.000000,58.728638,68.751081,29.364319,34.375541,5710,10,0.444444,780.000000,0.000000,25.000000,1.174573,1.375022
0,-0.000000,0.062500,0.083333,4.610731,0.000000,795.500000,1800.000000,81.337545,75.724385,40.668772,37.862193,11420,5430,0.090909,209.000000,0.000000,40.000000,1.640626,1.514488
0,-0.000000,0.583333,0.500000,4.617012,0.000000,796.875000,1600.000000,71.090863,73.254344,35.545432,36.627172,11420,740,0.583333,209.000000,0.000000,35.000000,1.435696,1.465087
0,0.000000,0.400000,0.400000,0.553837,0.000000,975.670000,1300.000000,76.454826,73.382659,38.227413,36.691330,13260,4990,0.400000,25.000000,0.000000,35.000000,1.529254,1.467653
0,-0.000000,0.090909,0.076923,0.937745,0.000000,1586.250000,2659.000000,78.279114,74.197479,39.139557,37.098740,12020,11490,0.090909,149.000000,0.000000,35.000000,1.565861,1.483950
0,-0.000000,0.090909,0.050000,3.327987,0.000000,4909.506173,4430.000000,88.270982,84.795519,44.135491,42.397760,12500,9810,0.090909,370.000000,0.000000,40.000000,1.766550,1.695910
0,-0.000065,0.300000,0.225000,4.712972,0.000000,980.109694,812.000000,78.743658,63.341266,39.371829,31.670633,11420,6060,0.300000,209.000000,0.000000,35.000000,1.588776,1.266825
0,0.000000,0.428571,0.428571,0.000000,0.000000,444.361111,712.000000,45.668264,47.965084,22.834132,23.982542,8060,10,0.428571,12.000000,0.000000,20.000000,0.913365,0.959302
0,-0.000000,1.000000,0.583333,2.279859,0.000000,353.418283,1012.000000,72.292489,70.317587,36.146244,35.158793,640,10,1.000000,754.000000,0.000000,35.000000,1.458260,1.406352
0,0.000000,1.000000,1.000000,0.133712,0.000000,243.993056,812.000000,56.106366,67.955065,28.053183,33.977532,5330,10,1.000000,285.000000,0.000000,25.000000,1.122166,1.359101
0,-0.000000,0.090909,0.076923,0.381406,0.000000,687.750000,2659.000000,78.850533,78.017248,39.425266,39.008624,11490,1340,0.090909,152.000000,0.000000,35.000000,1.577117,1.560345
0,-0.000009,0.166667,0.142857,0.220298,0.000000,436.000000,396.000000,80.200474,67.768945,40.100237,33.884472,12380,6020,0.166667,216.000000,0.000000,40.000000,1.604066,1.355379
0,-0.000000,0.142857,0.083333,0.753126,0.000000,1363.888889,1800.000000,58.150788,79.505616,29.075394,39.752808,4700,10,0.142857,285.000000,0.000000,25.000000,1.163226,1.590112
0,-0.000000,0.307692,0.266667,65.629788,0.000000,75506.750000,14415.000000,78.593455,37.681824,39.296727,18.840912,8760,3870,0.307692,86.000000,0.000000,35.000000,1.820454,0.000000
0,0.000000,0.500000,0.500000,0.012362,0.008447,54.222222,24.000000,40.011784,33.821058,20.005892,16.910529,3790,10,0.500000,173.000000,0.000000,20.000000,0.800238,0.000000
0,-0.000000,0.166667,0.125000,0.018839,0.052956,56.158639,104.005625,53.870015,91.164155,26.935008,45.582077,2470,10,0.166667,123.000000,0.000000,25.000000,1.077406,1.823297
0,-0.000000,0.133333,0.125000,17.332199,0.052956,906.806122,104.005625,68.937419,91.164155,34.468709,45.582077,2930,2590,0.133333,111.000000,0.000000,30.000000,1.557455,1.823297
0,-0.000001,1.000000,0.750000,1.855708,0.000000,690.875000,1202.500000,55.122850,89.433144,27.561425,44.716572,10460,10,1.000000,560.000000,0.000000,25.000000,1.105605,1.788663
0,0.000000,0.250000,0.250000,0.532915,0.000000,464.629630,1100.000000,71.424211,72.948952,35.712105,36.474476,5120,620,0.250000,49.000000,0.000000,35.000000,1.430340,1.458979
0,0.000000,0.500000,0.500000,0.258153,0.000000,460.629630,316.000000,52.203678,61.586710,26.101839,30.793355,5460,10,0.500000,15.000000,0.000000,25.000000,1.044149,1.231734
0,0.000000,0.333333,0.333333,0.315253,0.000000,520.000000,425.000000,77.524614,79.523760,38.762307,39.761880,4650,4620,0.333333,96.000000,0.000000,35.000000,1.550589,1.590475
0,-0.000001,0.611111,0.750000,0.508219,0.000000,169.186122,1202.500000,71.650611,89.433144,35.825306,44.716572,3160,10,0.952381,245.000000,0.000000,35.000000,1.437484,1.788663
0,-0.000001,0.153846,0.142857,3.188747,19.076603,5742.000000,33135.000000,75.592266,37.438659,37.796133,18.719330,7810,7410,0.153846,62.000000,0.000000,35.000000,1.512732,0.000000
0,0.000000,0.111111,0.111111,1.660161,0.038320,90.666667,77.777778,73.183275,91.770426,36.591637,45.885213,13070,1580,0.111111,145.000000,0.000000,35.000000,1.518498,1.835418
0,0.000000,0.111111,0.111111,1.660161,0.038320,90.666667,77.777778,73.183275,91.770426,36.591637,45.885213,14600,1580,0.111111,145.000000,0.000000,35.000000,1.518498,1.835418
0,0.000000,0.111111,0.111111,0.033178,0.000000,82.026667,77.777778,69.683592,76.000711,34.841796,38.000355,14430,10,0.111111,27.000000,0.000000,30.000000,1.393680,1.520014
0,0.000000,0.111111,0.111111,0.033178,0.000000,82.026667,77.777778,69.683592,76.000711,34.841796,38.000355,15960,10,0.111111,27.000000,0.000000,30.000000,1.393680,1.520014
0,0.000000,0.142857,0.142857,20.270510,0.000000,523.111111,2899.111111,78.934529,77.458333,39.467265,38.729167,7530,3120,0.142857,15.000000,0.000000,35.000000,1.979739,1.549167
0,0.000000,0.230769,0.230769,116.771363,1.936343,6679.312500,3903.444444,87.382409,49.343153,43.691205,24.671576,13150,10,0.230769,53.000000,0.000000,40.000000,2.778098,0.000000
0,0.000000,0.388889,0.500000,2.576378,0.397889,2905.490000,812.250000,76.943614,40.902118,38.471807,20.451059,11090,1550,0.500000,259.000000,0.000000,35.000000,1.553694,0.000000
0,-0.000000,0.142857,0.142857,1.455640,1.936343,2896.668639,3903.444444,53.037460,49.343153,26.518730,24.671576,12010,10,0.333333,167.000000,0.000000,25.000000,1.061118,0.000000
0,-0.000000,0.222222,0.142857,8.517834,1.936343,15053.312500,3903.444444,39.983821,49.343153,19.991910,24.671576,9210,10,0.333333,447.000000,0.000000,15.000000,0.802090,0.000000
0,-0.000000,0.071429,0.066667,2.317093,1.332919,4026.000000,3032.960000,79.173908,89.426606,39.586954,44.713303,7620,7620,0.083333,200.000000,0.000000,35.000000,1.584267,1.788825
0,0.000000,0.200000,0.200000,0.627852,0.171993,1335.800000,412.800000,78.279144,81.934471,39.139572,40.967236,8760,1540,0.200000,86.000000,0.000000,35.000000,1.565730,1.638725
0,-0.000000,0.071429,0.066667,2.317093,1.332919,4026.000000,3032.960000,79.173908,89.426606,39.586954,44.713303,16010,7620,0.083333,200.000000,0.000000,35.000000,1.584267,1.788825
0,-0.000000,0.071429,0.066667,0.705545,0.271553,1481.396694,608.388430,78.120712,80.600937,39.060356,40.300468,8760,6050,0.071429,86.000000,0.000000,35.000000,1.562583,1.612080
0,0.000000,1.000000,1.000000,74.477953,4.626616,2448.000000,9216.000000,79.404925,40.291638,39.702462,20.145819,8640,2810,1.000000,36.000000,0.000000,35.000000,2.789514,0.000000
0,-0.000000,0.111111,0.100000,0.011056,0.033224,56.571429,68.062500,83.705756,40.254446,41.852878,20.127223,1260,10,0.111111,150.000000,0.000000,40.000000,1.674118,0.000000
0,-0.000000,0.222222,0.200000,0.249383,0.020958,449.812500,45.918367,61.105035,50.000000,30.552518,25.000000,14780,10,0.222222,275.000000,0.000000,30.000000,1.222173,0.000000
0,-0.000000,0.888889,0.800000,0.041928,0.142308,93.923077,279.801653,53.850246,39.378101,26.925123,19.689050,4520,10,0.888889,275.000000,0.000000,25.000000,1.077017,0.000000
0,-0.000000,0.111111,0.100000,5.587373,0.025966,127.555556,60.500000,70.266457,41.100351,35.133229,20.550175,3000,1100,0.111111,166.000000,0.000000,35.000000,1.549876,0.000000
0,-0.000000,0.222222,0.200000,0.249383,0.020958,449.812500,45.918367,61.105035,50.000000,30.552518,25.000000,1960,10,0.222222,275.000000,0.000000,30.000000,1.222173,0.000000
0,-0.000000,0.125000,0.100000,6.345277,0.416322,1479.555556,850.000000,68.256798,71.791175,34.128399,35.895588,8620,3000,0.125000,182.000000,0.000000,30.000000,1.509896,1.435926
0,0.000000,0.111111,0.111111,0.450371,0.000000,1014.666667,283.111111,71.396120,41.274362,35.698060,20.637181,9230,860,0.111111,67.000000,0.000000,35.000000,1.428022,0.000000
0,-0.000000,0.833333,0.555556,0.140590,0.000000,340.000000,902.500000,62.500007,50.000000,31.250003,25.000000,2310,10,0.833333,152.000000,0.000000,30.000000,1.250031,0.000000
0,-0.000000,0.833333,0.555556,0.140590,0.000000,340.000000,902.500000,62.500007,50.000000,31.250003,25.000000,15910,10,0.833333,152.000000,0.000000,30.000000,1.250031,0.000000
0,-0.000000,0.133333,0.125000,5.689052,0.746240,12328.492604,1697.183884,88.721208,49.896602,44.360604,24.948301,17470,9080,0.133333,127.000000,0.000000,40.000000,1.775737,0.000000
0,-0.000000,0.600000,0.333333,428.715651,0.240516,23296.000000,600.000000,75.684278,39.993842,37.842139,19.996921,16060,12610,0.666667,268.000000,0.000000,35.000000,5.468954,0.000000
0,-0.000000,0.133333,0.125000,5.689052,0.746240,12328.492604,1697.183884,88.721208,49.896602,44.360604,24.948301,17470,17470,0.133333,127.000000,0.000000,40.000000,1.775737,0.000000
0,0.000000,0.200000,0.200000,0.481542,0.000000,1034.448980,671.673469,79.254786,39.264950,39.627393,19.632475,11980,9810,0.200000,87.000000,0.000000,35.000000,1.585210,0.000000
0,-0.000000,0.153846,0.200000,0.283773,0.000000,419.527778,279.801653,43.704622,39.818125,21.852311,19.909063,3020,10,0.500000,766.000000,0.000000,20.000000,0.874194,0.000000
0,-0.000000,0.058824,0.055556,17.185880,0.074674,533.060434,165.116250,67.037426,89.559076,33.518713,44.779538,4190,1630,0.071429,359.000000,0.000000,30.000000,1.681926,1.791198
0,-0.000000,0.058824,0.055556,17.185880,0.074674,533.060434,165.116250,67.037426,89.559076,33.518713,44.779538,14450,4190,0.071429,359.000000,0.000000,30.000000,1.681926,1.791198
0,-0.000000,0.300000,0.083333,1.791023,0.322199,880.847934,801.633469,80.472565,79.145688,40.236283,39.572844,9270,4090,0.300000,369.000000,0.000000,40.000000,1.619105,1.582979
0,0.000035,0.500000,0.735294,9.994310,0.859454,2100.921653,1900.000000,89.051773,76.624093,44.525887,38.312047,9940,9210,0.735294,87.000000,0.000000,40.000000,1.812412,1.532692
0,0.000000,0.625000,0.625000,0.000000,0.141565,2646.848889,643.000000,66.993390,75.897789,33.496695,37.948895,17920,10,0.625000,128.000000,0.000000,30.000000,1.339868,1.517972
0,0.000000,0.625000,0.625000,0.000000,0.141565,2646.848889,643.000000,66.993390,75.897789,33.496695,37.948895,9530,10,0.625000,128.000000,0.000000,30.000000,1.339868,1.517972
0,0.000000,0.125000,0.125000,1.396946,0.905808,87.185288,1943.000000,78.528978,74.835402,39.264489,37.417701,9760,970,0.125000,32.000000,0.000000,35.000000,1.583814,1.496927
0,-0.000000,0.333333,0.318182,1.471147,0.255559,2536.320000,732.000000,90.692000,79.502583,45.346000,39.751291,9420,9240,0.333333,139.000000,0.000000,45.000000,1.814691,1.590105
0,-0.000000,0.333333,0.318182,1.471147,0.255559,2536.320000,732.000000,90.692000,79.502583,45.346000,39.751291,17810,9240,0.333333,139.000000,0.000000,45.000000,1.814691,1.590105
0,0.000035,0.500000,0.735294,9.994310,0.859454,2100.921653,1900.000000,89.051773,76.624093,44.525887,38.312047,18330,9210,0.735294,87.000000,0.000000,40.000000,1.812412,1.532692
0,-0.000000,0.200000,0.142857,0.010918,0.000000,34.800000,119.440000,53.088973,81.507002,26.544487,40.753501,560,10,0.200000,214.000000,0.000000,25.000000,1.061783,1.630140
0,-0.000000,0.857143,0.428571,0.816885,0.000000,26.471111,100.000000,59.347989,39.876982,29.673995,19.938491,2940,10,0.857143,214.000000,0.000000,25.000000,1.216988,0.000000
0,-0.000000,0.200000,0.142857,0.007192,0.000000,34.800000,19.440000,46.253211,41.630020,23.126606,20.815010,2390,10,0.200000,269.000000,0.000000,20.000000,0.925066,0.000000
0,0.000000,0.250000,0.250000,0.097938,0.185959,140.940000,339.440000,82.276240,80.845080,41.138120,40.422540,2850,2710,0.250000,17.000000,0.000000,40.000000,1.645559,1.616953
0,-0.000001,0.555556,0.500000,1.025211,0.000000,969.166667,700.000000,79.712967,39.238224,39.856484,19.619112,5120,2470,0.555556,77.000000,0.000000,35.000000,1.596902,0.000000
0,0.000000,0.157895,0.157895,0.103721,0.091078,337.075838,240.285714,79.040546,41.988638,39.520273,20.994319,9940,1760,0.157895,128.000000,0.000000,35.000000,1.580830,0.000000
0,0.000000,0.055556,0.055556,0.070489,0.998836,275.441964,2490.285714,91.086310,91.988638,45.543155,45.994319,17780,9940,0.055556,128.000000,0.000000,45.000000,1.821736,1.839973
0,0.000000,0.052632,0.052632,2.173499,6.493066,4408.790123,13405.250000,87.954236,49.004820,43.977118,24.502410,1760,1520,0.052632,128.000000,0.000000,40.000000,1.759620,0.000000
0,0.000000,0.052632,0.052632,2.173499,6.493066,4408.790123,13405.250000,87.954236,49.004820,43.977118,24.502410,2660,1760,0.052632,128.000000,0.000000,40.000000,1.759620,0.000000
0,0.000000,0.052632,0.052632,2.173499,6.493066,4408.790123,13405.250000,87.954236,49.004820,43.977118,24.502410,5460,1760,0.052632,128.000000,0.000000,40.000000,1.759620,0.000000
0,-0.000000,0.111111,0.100000,0.000000,0.032932,271.790123,77.777778,53.490555,38.375605,26.745278,19.187803,1930,10,0.111111,111.000000,0.000000,25.000000,1.069811,0.000000
0,0.000000,1.000000,0.944444,1.004753,0.907758,78.821429,2250.000000,92.857143,50.000000,46.428571,25.000000,3210,10,1.000000,303.000000,0.000000,45.000000,1.869090,0.000000
0,0.000000,1.000000,0.944444,1.004753,0.907758,78.821429,2250.000000,92.857143,50.000000,46.428571,25.000000,16030,10,1.000000,303.000000,0.000000,45.000000,1.869090,0.000000
0,0.000000,0.055556,0.055556,0.070489,0.998836,275.441964,2490.285714,91.086310,91.988638,45.543155,45.994319,9940,4960,0.055556,128.000000,0.000000,45.000000,1.821736,1.839973
0,-0.000001,0.272727,0.111111,1.353002,0.532128,886.781250,1197.875000,79.857247,39.599962,39.928624,19.799981,11490,6660,0.500000,530.000000,0.000000,35.000000,1.599346,0.000000
0,0.000000,1.000000,1.000000,945.169612,0.000000,3280.500000,0.000000,77.818420,0.000000,38.909210,0.000000,8240,2920,1.000000,372.000000,0.000000,35.000000,230.595811,0.000000
0,-0.000001,0.181818,0.111111,83.260154,0.532128,3499.250000,1197.875000,78.433029,39.599962,39.216515,19.799981,13070,2920,0.181818,372.000000,0.000000,35.000000,3.632138,0.000000
0,0.000000,0.333333,0.333333,0.849641,0.227055,1944.000000,454.777778,86.327229,87.729709,43.163614,43.864854,13360,3940,0.333333,19.000000,0.000000,40.000000,1.726731,1.754651
0,0.000000,0.333333,0.333333,0.849641,0.227055,1944.000000,454.777778,86.327229,87.729709,43.163614,43.864854,3940,460,0.333333,19.000000,0.000000,40.000000,1.726731,1.754651
0,0.000000,0.333333,0.333333,0.849641,0.227055,1944.000000,454.777778,86.327229,87.729709,43.163614,43.864854,3940,1200,0.333333,19.000000,0.000000,40.000000,1.726731,1.754651
0,0.000000,0.333333,0.333333,5.940473,0.730204,6173.527778,1400.000000,72.758211,72.165025,36.379106,36.082513,16270,2390,0.333333,70.000000,0.000000,35.000000,1.472506,1.443496
0,-0.000000,0.250000,0.166667,43.607236,0.249099,796.500000,625.000000,77.293287,78.127005,38.646643,39.063503,11740,1570,0.250000,523.000000,0.000000,35.000000,2.949571,1.562590
0,-0.000000,0.500000,0.400000,36.303945,0.228339,796.000000,500.000000,74.438284,41.559953,37.219142,20.779977,3880,840,0.500000,258.000000,0.000000,35.000000,2.329059,0.000000
0,0.000000,1.000000,1.000000,10.508907,0.232462,217.937500,600.000000,70.784751,35.518957,35.392376,17.759478,11690,10,1.000000,711.000000,0.000000,35.000000,1.799157,0.000000
0,-0.000016,0.125000,0.090909,0.420632,0.018278,817.306122,52.937500,88.768772,38.070708,44.384386,19.035354,16770,4190,0.125000,227.000000,0.000000,40.000000,1.775485,0.000000
0,0.000000,1.000000,1.000000,36.344166,0.232462,928.000000,600.000000,81.815914,35.518957,40.907957,17.759478,16220,3880,1.000000,258.000000,0.000000,40.000000,2.476617,0.000000
0,-0.000000,0.200000,0.166667,0.258010,0.090835,530.456790,225.000000,89.999768,39.269230,44.999884,19.634615,5970,5920,0.200000,115.000000,0.000000,40.000000,1.800058,0.000000
0,0.000020,0.136364,0.210526,36.354710,0.093840,892.000000,220.408163,80.089517,40.692918,40.044758,20.346459,9580,3880,0.210526,258.000000,0.000000,40.000000,2.442097,0.000000
0,-0.000016,0.125000,0.090909,0.420632,0.018278,817.306122,52.937500,88.768772,38.070708,44.384386,19.035354,16770,4850,0.125000,227.000000,0.000000,40.000000,1.775485,0.000000
0,-0.000000,0.500000,0.400000,0.211265,0.228339,397.333333,500.000000,38.802088,41.559953,19.401044,20.779977,3710,10,0.500000,341.000000,0.000000,15.000000,0.776100,0.000000
0,0.000020,0.222222,0.210526,0.200764,0.093840,369.687500,220.408163,71.739349,40.692918,35.869675,20.346459,5050,10,0.272727,711.000000,0.000000,35.000000,1.434855,0.000000
0,0.000000,1.000000,1.000000,45.176227,0.000000,1568.000000,0.000000,78.631885,0.000000,39.315942,0.000000,4540,3880,1.000000,258.000000,0.000000,35.000000,2.463194,0.000000
0,-0.000000,0.200000,0.166667,0.258010,0.090835,530.456790,225.000000,89.999768,39.269230,44.999884,19.634615,5920,5310,0.200000,115.000000,0.000000,40.000000,1.800058,0.000000
0,0.000000,0.571429,0.400000,20.892100,0.000000,523.111111,500.000000,57.422411,39.997558,28.711206,19.998779,7530,190,0.571429,342.000000,0.000000,25.000000,1.567189,0.000000
0,0.000000,1.000000,1.000000,5.148727,0.000000,51.360000,36.000000,59.974577,41.984371,29.987289,20.992185,3060,10,1.000000,30.000000,0.000000,25.000000,1.567678,0.000000
0,0.000000,0.181818,0.181818,0.143632,0.000000,339.360000,90.921875,59.472807,35.782439,29.736404,17.891219,9220,10,0.181818,30.000000,0.000000,25.000000,1.189488,0.000000
0,0.000000,0.466667,0.466667,3.094889,0.007824,61.240363,19.444444,90.005804,50.000000,45.002902,25.000000,11590,6210,0.466667,13.000000,0.000000,45.000000,1.914118,0.000000
0,0.000000,0.466667,0.466667,3.094889,0.007824,61.240363,19.444444,90.005804,50.000000,45.002902,25.000000,11590,5160,0.466667,13.000000,0.000000,45.000000,1.914118,0.000000
0,0.000000,0.466667,0.466667,3.094889,0.007824,61.240363,19.444444,90.005804,50.000000,45.002902,25.000000,15220,11590,0.466667,13.000000,0.000000,45.000000,1.914118,0.000000
0,0.000000,0.466667,0.466667,3.094889,0.007824,61.240363,19.444444,90.005804,50.000000,45.002902,25.000000,11590,7230,0.466667,13.000000,0.000000,45.000000,1.914118,0.000000
0,0.000000,0.466667,0.466667,3.110923,0.023703,100.573696,58.777778,81.775839,41.896852,40.887919,20.948426,11590,4340,0.466667,13.000000,0.000000,40.000000,1.749522,0.000000
0,-0.003413,0.400000,0.222222,8.786937,0.374759,225.000000,900.000000,66.453740,37.155616,33.226870,18.577808,5480,4690,0.555556,624.000000,0.000000,30.000000,1.523821,0.000000
0,0.000000,0.533333,0.533333,6.125400,0.044059,142.678571,100.882653,79.091603,40.441076,39.545801,20.220538,11590,1400,0.533333,13.000000,0.000000,35.000000,1.741588,0.000000
0,0.000000,0.200000,0.200000,0.171734,0.000000,504.000000,1600.000000,77.054210,79.288961,38.527105,39.644480,11220,10,0.200000,172.000000,0.000000,35.000000,1.541125,1.585779
0,0.000000,0.500000,0.384615,4.547757,0.000000,3666.750000,1200.000000,78.895024,39.223930,39.447512,19.611965,9940,8250,0.500000,469.000000,0.000000,35.000000,1.642529,0.000000
0,-0.000000,0.400000,0.400000,8.059425,0.000000,405.333333,400.000000,87.500000,40.065031,43.750000,20.032515,750,10,1.000000,172.000000,0.000000,40.000000,1.874275,0.000000
0,0.000000,0.916667,1.000000,8.059425,0.000000,285.333333,0.000000,100.000000,0.000000,50.000000,0.000000,12910,10,1.000000,172.000000,0.000000,50.000000,2.124275,0.000000
0,-0.000000,0.416667,0.384615,0.171734,0.000000,384.000000,1200.000000,89.554210,39.223930,44.777105,19.611965,11220,10,0.416667,172.000000,0.000000,40.000000,1.791125,0.000000
0,0.000000,0.923077,0.923077,4.867224,0.000000,284.590278,8019.000000,96.153846,40.282032,48.076923,20.141016,560,10,0.923077,117.000000,0.000000,45.000000,2.161033,0.000000
0,-0.000000,0.400000,0.400000,8.059425,0.000000,405.333333,400.000000,87.500000,40.065031,43.750000,20.032515,12910,10,1.000000,172.000000,0.000000,40.000000,1.874275,0.000000
0,0.000000,0.923077,0.923077,4.867224,0.000000,284.590278,8019.000000,96.153846,40.282032,48.076923,20.141016,13460,10,0.923077,117.000000,0.000000,45.000000,2.161033,0.000000
0,0.000000,0.500000,1.000000,0.320819,0.000000,403.320000,0.000000,71.175038,0.000000,35.587519,0.000000,12170,10,1.000000,246.000000,0.000000,35.000000,1.425407,0.000000
0,0.000000,0.400000,0.400000,0.065290,0.000000,378.812500,8419.000000,87.411554,80.347063,43.705777,40.173532,560,10,0.400000,117.000000,0.000000,40.000000,1.748246,1.606941
0,0.000000,0.916667,1.000000,8.059425,0.000000,285.333333,0.000000,100.000000,0.000000,50.000000,0.000000,750,10,1.000000,172.000000,0.000000,50.000000,2.124275,0.000000
0,-0.000000,0.400000,0.400000,0.000000,0.000000,168.000000,400.000000,87.500000,40.065031,43.750000,20.032515,10,10,1.000000,172.000000,0.000000,40.000000,1.750000,0.000000
0,0.000000,0.923077,0.923077,4.867224,0.000000,284.590278,8019.000000,96.153846,40.282032,48.076923,20.141016,1300,10,0.923077,117.000000,0.000000,45.000000,2.161033,0.000000
0,0.000000,0.333333,0.384615,0.094056,0.000000,572.320000,1200.000000,73.905894,39.223930,36.952947,19.611965,10480,10,0.384615,246.000000,0.000000,35.000000,1.478140,0.000000
0,-0.000000,0.307692,0.266667,0.164921,0.000000,594.812500,9219.000000,86.794627,79.505962,43.397314,39.752981,11770,10,0.307692,117.000000,0.000000,40.000000,1.735930,1.590119
0,0.000000,0.200000,0.200000,7.089683,1.221604,4044.185185,2750.717172,85.388805,88.610196,42.694403,44.305098,5260,4410,0.200000,28.000000,0.000000,40.000000,1.815059,1.772476
0,0.000000,0.200000,0.200000,7.089683,1.221604,4044.185185,2750.717172,85.388805,88.610196,42.694403,44.305098,4410,4120,0.200000,28.000000,0.000000,40.000000,1.815059,1.772476
0,0.000000,0.200000,0.200000,7.089683,1.221604,4044.185185,2750.717172,85.388805,88.610196,42.694403,44.305098,8060,4410,0.200000,28.000000,0.000000,40.000000,1.815059,1.772476
0,-0.000011,0.181818,0.173913,2.980104,0.000000,500.000000,414.240000,79.834146,76.732598,39.917073,38.366299,10940,8160,0.190476,292.000000,0.000000,35.000000,1.616873,1.534652
0,-0.000000,0.250000,0.142857,0.782531,0.000000,37.888889,1166.990000,73.095205,79.162560,36.547602,39.581280,5490,3180,0.454545,559.000000,0.000000,35.000000,1.474497,1.583251
0,-0.000000,0.090909,0.193548,1.136303,0.485999,2359.555556,1210.683673,78.698252,82.683394,39.349126,41.341697,10350,10250,0.214286,315.000000,0.000000,35.000000,1.574239,1.653765
0,-0.000010,0.125000,0.100000,4.991335,0.523567,481.500000,1048.000000,73.588356,72.992923,36.794178,36.496462,10980,3450,0.125000,340.000000,0.000000,35.000000,1.536641,1.459990
0,0.000000,0.125000,0.294118,0.087098,0.231822,204.000000,436.000000,82.461149,76.782255,41.230575,38.391127,16770,9890,0.294118,449.000000,0.000000,40.000000,1.649242,1.535707
0,-0.000000,0.062500,0.041667,0.946423,0.449053,1777.777778,961.125000,80.374330,74.577384,40.187165,37.288692,9270,8720,0.090909,511.000000,0.000000,40.000000,1.607739,1.491655
0,-0.000284,0.285714,0.222222,0.043686,0.230793,120.506198,432.666667,82.800960,76.006212,41.400480,38.003106,13640,2820,0.285714,74.000000,0.000000,40.000000,1.656027,1.520186
0,-0.000000,0.166667,0.142857,0.689061,0.376228,1207.888889,784.000000,74.785645,75.715795,37.392822,37.857898,8620,3550,0.166667,576.000000,0.000000,35.000000,1.495909,1.514408
0,0.000000,0.857143,0.800000,0.000000,0.397762,236.408163,792.000000,62.517210,71.549603,31.258605,35.774801,12070,10,0.857143,231.000000,0.000000,30.000000,1.250344,1.431093
0,-0.000000,0.333333,0.250000,0.599931,0.000000,1441.937500,6774.000000,39.950992,62.840374,19.975496,31.420187,18160,10,0.333333,190.000000,0.000000,15.000000,0.799146,1.256807
0,-0.000000,0.500000,0.400000,0.706384,0.000000,1791.000000,6674.000000,40.197229,65.865793,20.098614,32.932897,19380,10,0.500000,68.000000,0.000000,20.000000,0.804086,1.317316
0,-0.000012,0.166667,0.100000,22.236996,0.000000,2864.272727,6022.765625,86.211400,86.103481,43.105700,43.051741,15490,5450,0.166667,213.000000,0.000000,40.000000,1.817862,1.722070
0,-0.000012,0.166667,0.100000,22.236996,0.000000,2864.272727,6022.765625,86.211400,86.103481,43.105700,43.051741,15490,8250,0.166667,213.000000,0.000000,40.000000,1.817862,1.722070
0,-0.000012,0.166667,0.100000,22.236996,0.000000,2864.272727,6022.765625,86.211400,86.103481,43.105700,43.051741,15490,4310,0.166667,213.000000,0.000000,40.000000,1.817862,1.722070
0,0.000000,0.111111,0.111111,0.852034,0.105592,1931.444444,252.000000,80.820277,81.634265,40.410139,40.817133,5610,5310,0.111111,192.000000,0.000000,40.000000,1.616594,1.632707
0,0.000000,0.200000,0.200000,0.351848,0.104114,164.305556,248.861111,71.417616,77.376488,35.708808,38.688244,6960,6820,0.200000,41.000000,0.000000,35.000000,1.429680,1.547552
0,0.000000,1.000000,1.000000,0.027532,0.000000,82.306122,90.000000,51.794214,40.188455,25.897107,20.094227,8910,10,1.000000,412.000000,0.000000,25.000000,1.035890,0.000000
0,0.000000,0.285714,0.285714,19.520778,0.000000,666.250000,162.562500,46.147711,41.110981,23.073856,20.555491,6300,10,0.285714,412.000000,0.000000,20.000000,1.215965,0.000000
0,0.000000,0.285714,0.285714,4.943556,0.000000,279.250000,612.000000,80.852592,39.305546,40.426296,19.652773,12970,1360,0.285714,277.000000,0.000000,40.000000,1.663321,0.000000
0,0.000000,0.250000,0.500000,0.052511,0.000000,151.875000,36.000000,38.808432,42.499999,19.404216,21.249999,6170,10,0.500000,676.000000,0.000000,15.000000,0.776180,0.000000
0,-0.000004,0.285714,0.250000,7.517961,0.000000,466.811429,158.396694,81.364895,41.015222,40.682447,20.507611,11450,2650,0.285714,148.000000,0.000000,40.000000,1.722130,0.000000
0,-0.000002,0.538462,0.466667,0.030922,0.000000,95.367284,43.555556,57.336309,43.490352,28.668155,21.745176,9540,10,0.538462,339.000000,0.000000,25.000000,1.146733,0.000000
0,-0.000106,0.125000,0.157895,4.960518,0.000000,329.556122,468.562500,81.555036,39.889629,40.777518,19.944815,12970,10260,0.166667,301.000000,0.000000,40.000000,1.677372,0.000000
0,0.000000,1.000000,1.000000,0.023770,0.000000,102.361111,56.888889,63.678691,25.763564,31.839345,12.881782,13150,10,1.000000,12.000000,0.000000,30.000000,1.273578,0.000000
0,-0.000381,0.222222,0.333333,0.811857,0.000000,1726.396694,3123.250000,80.405521,38.033518,40.202761,19.016759,9690,5630,0.454545,764.000000,0.000000,40.000000,1.608302,0.000000
0,0.000008,0.285714,0.230769,0.000000,0.000000,126.632653,104.040000,53.421092,41.111041,26.710546,20.555520,2620,10,0.454545,1065.000000,0.000000,25.000000,1.068422,0.000000
0,-0.000000,0.600000,0.500000,233.821391,0.758460,6911.000000,1936.000000,69.855619,37.945363,34.927810,18.972681,9160,10,0.666667,521.000000,0.000000,30.000000,5.373290,0.000000
0,-0.000000,0.333333,0.125000,0.019579,0.008095,110.750000,20.000000,50.026620,41.857425,25.013310,20.928712,3590,10,0.333333,351.000000,0.000000,25.000000,1.000535,0.000000
0,-0.000000,0.222222,0.125000,0.231019,0.145635,527.920000,381.664820,80.261334,40.715748,40.130667,20.357874,11160,2370,0.222222,473.000000,0.000000,40.000000,1.605279,0.000000
0,-0.000092,0.100000,0.352941,70.327692,0.119231,4637.024793,311.007255,84.282904,84.510814,42.141452,42.255407,17780,7740,0.375000,132.000000,0.000000,40.000000,2.258883,1.690239
0,-0.000092,0.100000,0.352941,70.327692,0.119231,4637.024793,311.007255,84.282904,84.510814,42.141452,42.255407,17780,10540,0.375000,132.000000,0.000000,40.000000,2.258883,1.690239
0,-0.000092,0.100000,0.352941,70.327692,0.119231,4637.024793,311.007255,84.282904,84.510814,42.141452,42.255407,17780,6600,0.375000,132.000000,0.000000,40.000000,2.258883,1.690239
0,0.000000,0.700000,0.727273,0.223064,0.000000,598.750000,696.093750,53.929161,39.497819,26.964581,19.748910,14900,10,0.727273,117.000000,0.000000,25.000000,1.078627,0.000000
0,-0.000000,0.400000,0.363636,0.213267,0.000000,479.625000,1822.500000,48.593689,40.532894,24.296844,20.266447,7920,10,0.400000,117.000000,0.000000,20.000000,0.971924,0.000000
0,-0.000000,0.375000,0.214286,5.397293,0.000000,1292.611111,2518.593750,72.401696,80.030713,36.200848,40.015357,10430,3450,0.375000,564.000000,0.000000,35.000000,1.513009,1.600614
0,0.000000,0.058824,0.058824,12.146611,0.844994,2350.972222,2306.040000,89.631312,86.685212,44.815656,43.342606,13810,4000,0.058824,139.000000,0.000000,40.000000,2.127082,1.733859
0,0.000000,0.058824,0.058824,12.146611,0.844994,2350.972222,2306.040000,89.631312,86.685212,44.815656,43.342606,13810,12420,0.058824,139.000000,0.000000,40.000000,2.127082,1.733859
0,0.000000,0.400000,0.400000,0.075739,0.015066,234.859375,64.000000,89.504617,40.000000,44.752309,20.000000,24480,9190,0.400000,36.000000,0.000000,40.000000,1.790105,0.000000
0,-0.000002,0.100000,0.083333,0.544244,1.729688,1403.800702,4786.375000,100.000000,50.000000,50.000000,25.000000,23610,11500,0.100000,123.000000,0.000000,50.000000,2.000106,0.000000
0,-0.000000,0.222222,0.181818,0.000000,0.039539,210.156250,128.000000,63.011473,39.992532,31.505737,19.996266,17950,10,0.222222,689.000000,0.000000,30.000000,1.260229,0.000000
0,-0.000002,0.100000,0.083333,0.544244,1.729688,1403.800702,4786.375000,100.000000,50.000000,50.000000,25.000000,23610,7950,0.100000,123.000000,0.000000,50.000000,2.000106,0.000000
0,-0.000000,0.200000,0.166667,4.071666,0.100958,308.000000,320.000000,88.503745,39.439501,44.251872,19.719751,23010,6630,0.200000,183.000000,0.000000,40.000000,1.849880,0.000000
0,-0.000002,0.100000,0.083333,0.544244,1.729688,1403.800702,4786.375000,100.000000,50.000000,50.000000,25.000000,10790,7950,0.100000,123.000000,0.000000,50.000000,2.000106,0.000000
0,-0.000000,0.222222,0.181818,0.000000,0.039539,210.156250,128.000000,63.011473,39.992532,31.505737,19.996266,5130,10,0.222222,689.000000,0.000000,30.000000,1.260229,0.000000
0,0.000000,1.000000,1.000000,0.000000,0.000000,166.222222,0.000000,64.927079,0.000000,32.463539,0.000000,12830,10,1.000000,1201.000000,0.000000,30.000000,1.298542,0.000000
0,0.000000,0.400000,0.400000,0.075739,0.015066,234.859375,64.000000,89.504617,40.000000,44.752309,20.000000,11660,9190,0.400000,36.000000,0.000000,40.000000,1.790105,0.000000
0,-0.000002,0.100000,0.083333,0.544244,1.729688,1403.800702,4786.375000,100.000000,50.000000,50.000000,25.000000,11500,10790,0.100000,123.000000,0.000000,50.000000,2.000106,0.000000
0,-0.000000,0.200000,0.166667,4.071666,0.100958,308.000000,320.000000,88.503745,39.439501,44.251872,19.719751,10190,6630,0.200000,183.000000,0.000000,40.000000,1.849880,0.000000
0,0.002096,0.833333,0.750000,1.951551,0.000000,353.727811,7050.000000,77.508347,88.751726,38.754173,44.375863,22490,10220,0.833333,278.000000,0.000000,35.000000,1.565905,1.775035
0,-0.000034,0.041667,0.031250,164.306700,0.000000,1887.457294,6470.500000,89.591736,100.000000,44.795868,50.000000,9290,7100,0.041667,235.000000,0.000000,40.000000,10.042720,2.000000
0,0.000355,0.066667,0.200000,6.196363,0.000000,14509.611111,8751.367347,89.589180,100.000000,44.794590,50.000000,12830,6580,0.333333,642.000000,0.000000,40.000000,1.793107,2.000000
0,-0.000034,0.041667,0.031250,164.306700,0.000000,1887.457294,6470.500000,89.591736,100.000000,44.795868,50.000000,19800,7100,0.041667,235.000000,0.000000,40.000000,10.042720,2.000000
0,-0.000034,0.062500,0.031250,0.377528,0.000000,788.011111,6470.500000,91.559238,100.000000,45.779619,50.000000,6510,5150,0.062500,649.000000,0.000000,45.000000,1.831275,2.000000
0,0.000355,0.058824,0.200000,0.349840,0.000000,970.390625,8751.367347,92.067688,100.000000,46.033844,50.000000,20170,5360,0.250000,409.000000,0.000000,45.000000,1.841417,2.000000
0,-0.000034,0.041667,0.031250,164.306700,0.000000,1887.457294,6470.500000,89.591736,100.000000,44.795868,50.000000,19210,7100,0.041667,235.000000,0.000000,40.000000,10.042720,2.000000
0,0.000355,0.058824,0.200000,0.349840,0.000000,970.390625,8751.367347,92.067688,100.000000,46.033844,50.000000,15160,5360,0.250000,409.000000,0.000000,45.000000,1.841417,2.000000
0,0.000303,0.222222,0.375000,1.750043,0.000000,4817.625000,6322.000000,59.826104,84.730434,29.913052,42.365217,12540,10,0.375000,46.000000,0.000000,25.000000,1.196842,1.694609
0,0.000355,0.066667,0.200000,6.196363,0.000000,14509.611111,8751.367347,89.589180,100.000000,44.794590,50.000000,17840,6580,0.333333,642.000000,0.000000,40.000000,1.793107,2.000000
0,0.002096,0.166667,0.750000,0.124408,0.000000,303.777778,7050.000000,79.583426,88.751726,39.791713,44.375863,22490,6670,0.833333,278.000000,0.000000,35.000000,1.591694,1.775035
0,0.000303,0.222222,0.375000,1.750043,0.000000,4817.625000,6322.000000,59.826104,84.730434,29.913052,42.365217,8990,10,0.375000,46.000000,0.000000,25.000000,1.196842,1.694609
0,-0.000034,0.062500,0.031250,0.377528,0.000000,788.011111,6470.500000,91.559238,100.000000,45.779619,50.000000,15660,6510,0.062500,649.000000,0.000000,45.000000,1.831275,2.000000
0,-0.000034,0.062500,0.031250,0.377528,0.000000,788.011111,6470.500000,91.559238,100.000000,45.779619,50.000000,15070,6510,0.062500,649.000000,0.000000,45.000000,1.831275,2.000000
0,0.000840,1.000000,0.631579,0.617351,0.000000,95.000000,1510.000000,92.857143,92.592470,46.428571,46.296235,1880,10,1.000000,940.000000,0.000000,45.000000,1.863098,1.851849
0,0.000000,1.000000,1.000000,21.848839,0.000000,612.640000,1200.000000,95.454545,98.510135,47.727273,49.255068,13830,10,1.000000,646.000000,0.000000,45.000000,2.386463,1.970203
0,0.000000,0.200000,0.200000,0.138624,0.000000,170.446281,1200.000000,84.978072,98.510135,42.489036,49.255068,12090,2520,0.200000,21.000000,0.000000,40.000000,1.699689,1.970203
0,0.000000,0.200000,0.200000,0.138624,0.000000,170.446281,1200.000000,84.978072,98.510135,42.489036,49.255068,20080,2520,0.200000,21.000000,0.000000,40.000000,1.699689,1.970203
0,-0.000008,0.156250,0.151515,4.852154,0.000000,472.063712,1203.211073,83.527102,88.480071,41.763551,44.240036,15430,5040,0.156250,143.000000,0.000000,40.000000,1.704767,1.769601
0,0.000840,0.200000,0.631579,0.074278,0.000000,207.000000,1510.000000,84.730026,92.592470,42.365013,46.296235,830,10,1.000000,940.000000,0.000000,40.000000,1.694620,1.851849
0,0.000000,1.000000,1.000000,21.848839,0.000000,612.640000,1200.000000,95.454545,98.510135,47.727273,49.255068,4820,10,1.000000,646.000000,0.000000,45.000000,2.386463,1.970203
0,0.000840,1.000000,0.631579,0.617351,0.000000,95.000000,1510.000000,92.857143,92.592470,46.428571,46.296235,10890,10,1.000000,940.000000,0.000000,45.000000,1.863098,1.851849
0,0.000000,0.062500,0.062500,0.064297,0.000000,188.081633,553.081633,84.567148,90.679452,42.283574,45.339726,5770,4400,0.062500,70.000000,0.000000,40.000000,1.691354,1.813589
0,0.000840,1.000000,0.631579,0.617351,0.000000,95.000000,1510.000000,92.857143,92.592470,46.428571,46.296235,2900,10,1.000000,940.000000,0.000000,45.000000,1.863098,1.851849
0,0.000000,1.000000,1.000000,21.848839,0.000000,612.640000,1200.000000,95.454545,98.510135,47.727273,49.255068,3770,10,1.000000,646.000000,0.000000,45.000000,2.386463,1.970203
0,0.000000,0.200000,0.200000,0.138624,0.000000,170.446281,1200.000000,84.978072,98.510135,42.489036,49.255068,11070,2520,0.200000,21.000000,0.000000,40.000000,1.699689,1.970203
0,0.000000,1.000000,1.000000,21.848839,0.000000,612.640000,1200.000000,95.454545,98.510135,47.727273,49.255068,5840,10,1.000000,646.000000,0.000000,45.000000,2.386463,1.970203
0,0.000000,0.200000,0.200000,0.022238,0.000000,204.247934,1310.000000,69.206953,91.102605,34.603477,45.551303,6690,10,0.200000,272.000000,0.000000,30.000000,1.384143,1.822052
0,0.000000,0.200000,0.200000,0.138624,0.000000,170.446281,1200.000000,84.978072,98.510135,42.489036,49.255068,10020,2520,0.200000,21.000000,0.000000,40.000000,1.699689,1.970203
0,-0.000000,1.000000,0.875000,0.016829,0.000000,153.140000,1310.000000,87.637973,91.102605,43.818987,45.551303,2950,10,1.000000,646.000000,0.000000,40.000000,1.752763,1.822052
0,-0.000029,0.800000,0.636364,49.716094,0.000000,1290.250000,403.680000,66.745256,41.027478,33.372628,20.513739,3790,10,0.833333,496.000000,0.000000,30.000000,2.373212,0.000000
0,-0.000000,0.529412,0.500000,0.543575,0.000000,1111.840000,1486.000000,80.991196,81.256733,40.495598,40.628366,12480,7480,0.529412,227.000000,0.000000,40.000000,1.620177,1.625135
0,0.000000,0.500000,0.200000,3.460024,0.000000,4976.000000,504.375000,85.190869,89.821490,42.595435,44.910745,13660,4060,0.500000,1069.000000,0.000000,40.000000,1.707560,1.796430
0,-0.000001,0.666667,0.111111,2.978222,0.000000,1228.750000,985.720000,87.998080,89.821490,43.999040,44.910745,19650,5190,0.666667,956.000000,0.000000,40.000000,1.940348,1.796430
0,0.000000,0.500000,0.200000,3.460024,0.000000,4976.000000,504.375000,85.190869,89.821490,42.595435,44.910745,17020,4060,0.500000,1069.000000,0.000000,40.000000,1.707560,1.796430
0,-0.000001,0.666667,0.111111,2.978222,0.000000,1228.750000,985.720000,87.998080,89.821490,43.999040,44.910745,14020,5190,0.666667,956.000000,0.000000,40.000000,1.940348,1.796430
0,-0.000001,0.125000,0.111111,0.466401,0.000000,1310.972222,837.520000,77.413378,78.386218,38.706689,39.193109,13600,11450,0.125000,115.000000,0.000000,35.000000,1.548351,1.567724
0,-0.000001,0.666667,0.111111,2.978222,0.000000,1228.750000,985.720000,87.998080,89.821490,43.999040,44.910745,13240,5190,0.666667,956.000000,0.000000,40.000000,1.940348,1.796430
0,0.000000,0.500000,0.200000,3.460024,0.000000,4976.000000,504.375000,85.190869,89.821490,42.595435,44.910745,4060,3840,0.500000,1069.000000,0.000000,40.000000,1.707560,1.796430
0,-0.000000,0.500000,0.076923,24.063112,0.000000,3346.111111,357.020399,89.738195,91.426453,44.869097,45.713226,3790,3360,0.500000,628.000000,0.000000,40.000000,1.937124,1.828529
0,-0.000000,0.500000,0.076923,24.063112,0.000000,3346.111111,357.020399,89.738195,91.426453,44.869097,45.713226,7300,3790,0.500000,628.000000,0.000000,40.000000,1.937124,1.828529
0,-0.000000,0.111111,0.076923,1.003311,0.000000,1832.861111,1774.305556,71.251831,81.564845,35.625916,40.782423,7120,6960,0.111111,311.000000,0.000000,35.000000,1.426491,1.631297
0,-0.000000,0.500000,0.076923,24.063112,0.000000,3346.111111,357.020399,89.738195,91.426453,44.869097,45.713226,4500,3790,0.500000,628.000000,0.000000,40.000000,1.937124,1.828529
0,-0.000024,0.142857,0.058824,8.450938,0.000000,550.222222,1033.834971,78.468594,82.674051,39.234297,41.337026,16100,10770,0.142857,234.000000,0.000000,35.000000,1.644595,1.653481
0,-0.000000,0.142857,0.062500,0.066514,0.000000,136.888889,1587.783951,70.443224,82.657561,35.221612,41.328780,10770,250,0.142857,234.000000,0.000000,35.000000,1.408881,1.653151
0,-0.000000,0.666667,0.611111,5.055386,0.000000,552.250000,1008.551020,79.192017,40.484616,39.596008,20.242308,12970,7650,0.714286,547.000000,0.000000,35.000000,1.630132,0.000000
0,-0.000000,0.066667,0.055556,0.087590,0.000000,230.646694,148.163265,82.591295,41.507625,41.295647,20.753812,10780,4340,0.066667,234.000000,0.000000,40.000000,1.651843,0.000000
0,-0.000000,0.333333,0.687500,0.054428,0.000000,193.812500,1562.500000,64.388626,40.468125,32.194313,20.234063,10540,10,0.733333,258.000000,0.000000,30.000000,1.287782,0.000000
0,-0.000048,0.285714,0.117647,0.064399,0.000000,152.250000,25.283951,81.733247,42.189435,40.866623,21.094718,10780,10770,0.285714,234.000000,0.000000,40.000000,1.634679,0.000000
0,0.000014,0.038462,0.038462,0.341071,0.182530,934.702222,605.000000,79.335973,39.717310,39.667987,19.858655,15990,15700,0.038462,255.000000,0.000000,35.000000,1.586782,0.000000
0,0.000014,0.076923,0.038462,1.786002,0.100961,4534.555556,283.471074,89.907094,50.000000,44.953547,25.000000,15990,7280,0.076923,255.000000,0.000000,40.000000,1.798494,0.000000
0,0.000014,0.076923,0.038462,1.786002,0.100961,4534.555556,283.471074,89.907094,50.000000,44.953547,25.000000,15990,8420,0.076923,255.000000,0.000000,40.000000,1.798494,0.000000
0,0.000042,0.074074,0.115385,0.190917,0.053330,706.908613,155.520000,87.666281,42.001127,43.833140,21.000564,16540,10,0.115385,200.000000,0.000000,40.000000,1.753364,0.000000
0,0.000014,0.076923,0.038462,1.786002,0.100961,4534.555556,283.471074,89.907094,50.000000,44.953547,25.000000,15990,11220,0.076923,255.000000,0.000000,40.000000,1.798494,0.000000
0,-0.000280,0.333333,0.583333,0.254538,0.452553,643.250000,1200.000000,62.919223,37.665319,31.459611,18.832660,15860,10,0.733333,268.000000,0.000000,30.000000,1.258437,0.000000
0,-0.000000,0.052632,0.047619,20.081224,0.000000,2353.444444,2178.222222,83.409385,89.984307,41.704693,44.992153,15570,5760,0.052632,121.000000,0.000000,40.000000,2.118476,1.799686
0,-0.000000,0.052632,0.047619,20.081224,0.000000,2353.444444,2178.222222,83.409385,89.984307,41.704693,44.992153,15570,14180,0.052632,121.000000,0.000000,40.000000,2.118476,1.799686
0,-0.000032,0.200000,0.142857,0.561081,0.090283,176.000000,236.250000,78.250358,79.192948,39.125179,39.596474,11980,1960,0.200000,166.000000,0.000000,35.000000,1.569240,1.583877
0,-0.000000,0.062500,0.055556,0.537024,0.099526,85.081633,243.750000,77.936848,82.076557,38.968424,41.038278,11980,4820,0.062500,166.000000,0.000000,35.000000,1.562966,1.641552
0,-0.000001,0.153846,0.111111,6.060362,0.086423,104.000000,203.444444,75.367213,83.394290,37.683606,41.697145,12340,9940,0.153846,130.000000,0.000000,35.000000,1.761171,1.667904
0,0.000000,0.846154,1.000000,1.896754,0.000000,163.833900,0.000000,80.219248,0.000000,40.109624,0.000000,13610,10,1.000000,1283.000000,0.000000,40.000000,1.680841,0.000000
0,0.000000,0.500000,0.625000,0.673049,0.182972,1819.000000,500.000000,79.994451,39.447876,39.997226,19.723938,8750,4090,0.625000,76.000000,0.000000,35.000000,1.600014,0.000000
0,0.000000,0.047619,0.047619,1.841899,0.094320,290.925820,287.208189,88.318138,100.000000,44.159069,50.000000,18760,10880,0.047619,11.000000,0.000000,40.000000,1.830647,2.000016
0,0.000000,0.047619,0.047619,1.841899,0.094320,290.925820,287.208189,88.318138,100.000000,44.159069,50.000000,12020,6170,0.047619,11.000000,0.000000,40.000000,1.830647,2.000016
0,0.000000,0.047619,0.047619,1.841899,0.094320,290.925820,287.208189,88.318138,100.000000,44.159069,50.000000,10880,6170,0.047619,11.000000,0.000000,40.000000,1.830647,2.000016
0,0.000000,0.047619,0.047619,1.841899,0.094320,290.925820,287.208189,88.318138,100.000000,44.159069,50.000000,18760,14820,0.047619,11.000000,0.000000,40.000000,1.830647,2.000016
0,0.000000,0.047619,0.047619,1.841899,0.094320,290.925820,287.208189,88.318138,100.000000,44.159069,50.000000,14820,6170,0.047619,11.000000,0.000000,40.000000,1.830647,2.000016
0,0.000000,0.047619,0.047619,1.841899,0.094320,290.925820,287.208189,88.318138,100.000000,44.159069,50.000000,18760,12020,0.047619,11.000000,0.000000,40.000000,1.830647,2.000016
0,0.000000,1.000000,1.000000,1.575458,0.000000,279.000000,0.000000,67.613668,0.000000,33.806834,0.000000,3750,10,1.000000,515.000000,0.000000,30.000000,1.361466,0.000000
0,0.000000,0.200000,0.200000,3.385666,0.088026,312.828125,248.828125,50.979424,38.578868,25.489712,19.289434,12020,260,0.200000,31.000000,0.000000,25.000000,1.104473,0.000000
0,0.000000,0.125000,0.125000,0.509366,0.061554,93.937500,173.937500,64.748325,81.273065,32.374162,40.636533,10190,1350,0.125000,168.000000,0.000000,30.000000,1.300796,1.625472
0,-0.000000,0.312500,0.333333,15.502290,3.314493,749.426379,11011.523438,98.126222,100.000000,49.063111,50.000000,27920,9010,0.352941,353.000000,0.000000,45.000000,2.151934,2.000499
0,-0.000000,0.312500,0.333333,15.502290,3.314493,749.426379,11011.523438,98.126222,100.000000,49.063111,50.000000,21510,7870,0.352941,353.000000,0.000000,45.000000,2.151934,2.000499
0,0.000000,0.277778,0.277778,19.480414,3.316163,647.492096,11010.207612,91.935327,98.400000,45.967663,49.200000,24290,1340,0.277778,153.000000,0.000000,45.000000,3.102094,1.968500
0,-0.000000,0.312500,0.333333,15.502290,3.314493,749.426379,11011.523438,98.126222,100.000000,49.063111,50.000000,27920,11810,0.352941,353.000000,0.000000,45.000000,2.151934,2.000499
0,0.000000,0.277778,0.277778,19.480414,3.316163,647.492096,11010.207612,91.935327,98.400000,45.967663,49.200000,23510,1340,0.277778,153.000000,0.000000,45.000000,3.102094,1.968500
0,-0.000000,0.312500,0.333333,15.502290,3.314493,749.426379,11011.523438,98.126222,100.000000,49.063111,50.000000,22290,7870,0.352941,353.000000,0.000000,45.000000,2.151934,2.000499
0,-0.000000,0.312500,0.333333,15.502290,3.314493,749.426379,11011.523438,98.126222,100.000000,49.063111,50.000000,27920,7870,0.352941,353.000000,0.000000,45.000000,2.151934,2.000499
0,-0.000000,0.312500,0.333333,15.502290,3.314493,749.426379,11011.523438,98.126222,100.000000,49.063111,50.000000,22290,9010,0.352941,353.000000,0.000000,45.000000,2.151934,2.000499
0,-0.000000,0.250000,0.277778,15.540522,3.316163,850.228738,11010.207612,97.499177,98.400000,48.749589,49.200000,21510,50,0.294118,353.000000,0.000000,45.000000,2.139400,1.968500
0,-0.000000,0.250000,0.277778,15.540522,3.316163,850.228738,11010.207612,97.499177,98.400000,48.749589,49.200000,27920,50,0.294118,353.000000,0.000000,45.000000,2.139400,1.968500
0,-0.000000,0.312500,0.333333,15.502290,3.314493,749.426379,11011.523438,98.126222,100.000000,49.063111,50.000000,22290,11810,0.352941,353.000000,0.000000,45.000000,2.151934,2.000499
0,-0.000000,0.312500,0.333333,15.502290,3.314493,749.426379,11011.523438,98.126222,100.000000,49.063111,50.000000,21510,11810,0.352941,353.000000,0.000000,45.000000,2.151934,2.000499
0,-0.000000,0.250000,0.277778,15.540522,3.316163,850.228738,11010.207612,97.499177,98.400000,48.749589,49.200000,22290,50,0.294118,353.000000,0.000000,45.000000,2.139400,1.968500
0,-0.000000,0.312500,0.333333,15.502290,3.314493,749.426379,11011.523438,98.126222,100.000000,49.063111,50.000000,21510,9010,0.352941,353.000000,0.000000,45.000000,2.151934,2.000499
0,0.000000,0.277778,0.277778,19.480414,3.316163,647.492096,11010.207612,91.935327,98.400000,45.967663,49.200000,29920,1340,0.277778,153.000000,0.000000,45.000000,3.102094,1.968500
0,0.000000,1.000000,1.000000,4.389092,0.000000,505.000000,0.000000,60.773466,0.000000,30.386733,0.000000,3560,10,1.000000,1236.000000,0.000000,30.000000,1.242151,0.000000
0,0.000000,0.200000,0.200000,1.790408,0.000000,4850.375000,64.000000,88.999101,42.037645,44.499551,21.018822,9190,8820,0.200000,355.000000,0.000000,40.000000,1.780313,0.000000
0,0.000000,0.200000,0.200000,1.790408,0.000000,4850.375000,64.000000,88.999101,42.037645,44.499551,21.018822,12370,9190,0.200000,355.000000,0.000000,40.000000,1.780313,0.000000
0,0.000000,0.066667,0.066667,1.493781,0.000000,268.193559,542.733418,75.591199,76.137098,37.795599,38.068549,21010,670,0.066667,195.000000,0.000000,35.000000,1.586094,1.522742
0,0.000000,0.066667,0.066667,19.327546,0.000000,161.006471,251.304847,78.014875,86.824833,39.007438,43.412416,1340,710,0.066667,191.000000,0.000000,35.000000,2.823661,1.736497
0,0.000000,0.066667,0.066667,1.455254,0.000000,168.754375,251.304847,77.358342,86.824833,38.679171,43.412416,2010,670,0.066667,195.000000,0.000000,35.000000,1.621429,1.736497
0,-0.000000,0.125000,0.111111,1.958281,0.000000,197.948785,342.367347,73.546669,89.994708,36.773334,44.997354,3380,1170,0.125000,298.000000,0.000000,35.000000,1.537064,1.799894
0,0.000000,0.111111,0.111111,19.327886,0.000000,163.084596,342.367347,81.962404,89.994708,40.981202,44.997354,4260,1340,0.111111,210.000000,0.000000,40.000000,2.902612,1.799894
0,-0.000000,0.125000,0.111111,0.958798,0.000000,55.666667,172.444444,76.689649,82.214773,38.344824,41.107386,10220,3630,0.125000,273.000000,0.000000,35.000000,1.549650,1.644295
0,-0.000000,1.000000,0.714286,9.941098,0.000000,335.660000,517.834711,67.115063,41.112148,33.557532,20.556074,3600,10,1.000000,541.000000,0.000000,30.000000,1.600116,0.000000
0,0.000000,0.142857,0.142857,3.916446,0.000000,209.022096,218.872653,83.695394,48.451613,41.847697,24.225806,3360,1470,0.142857,206.000000,0.000000,40.000000,1.795887,0.000000
0,0.000000,0.142857,0.142857,3.956156,0.000000,316.209184,489.795918,74.419530,40.000049,37.209765,20.000025,21180,3360,0.142857,206.000000,0.000000,35.000000,1.610377,0.000000
0,-0.000000,0.200000,0.142857,6.085611,0.000000,216.000000,28.444444,77.520078,42.220504,38.760039,21.110252,9940,2320,0.200000,310.000000,0.000000,35.000000,1.804231,0.000000
0,0.000000,0.285714,0.285714,3.986563,0.000000,424.250000,266.693878,83.998342,50.000000,41.999171,25.000000,7050,3360,0.285714,206.000000,0.000000,40.000000,1.801958,0.000000
0,0.000000,0.142857,0.142857,3.916446,0.000000,209.022096,218.872653,83.695394,48.451613,41.847697,24.225806,3360,2180,0.142857,206.000000,0.000000,40.000000,1.795887,0.000000
0,0.000000,0.285714,0.285714,3.986563,0.000000,424.250000,266.693878,83.998342,50.000000,41.999171,25.000000,15470,3360,0.285714,206.000000,0.000000,40.000000,1.801958,0.000000
0,0.000000,0.200000,0.500000,0.146738,3.488874,54.375000,10800.000000,91.111098,41.143642,45.555549,20.571821,22080,7480,0.500000,518.000000,0.000000,45.000000,1.822501,0.000000
0,0.000000,0.500000,1.000000,0.500638,0.000000,760.264463,0.000000,85.035530,0.000000,42.517765,0.000000,10730,910,1.000000,1653.000000,0.000000,40.000000,1.700875,0.000000
0,0.000000,1.000000,1.000000,78.922559,0.000000,1600.000000,0.000000,61.674932,0.000000,30.837466,0.000000,3740,380,1.000000,2688.000000,0.000000,30.000000,3.276521,0.000000
0,0.000000,0.500000,1.000000,0.500638,0.000000,760.264463,0.000000,85.035530,0.000000,42.517765,0.000000,14090,910,1.000000,1653.000000,0.000000,40.000000,1.700875,0.000000
0,0.000000,0.200000,0.500000,0.146738,3.488874,54.375000,10800.000000,91.111098,41.143642,45.555549,20.571821,12260,7480,0.500000,518.000000,0.000000,45.000000,1.822501,0.000000
0,0.000000,0.200000,0.500000,0.146738,3.488874,54.375000,10800.000000,91.111098,41.143642,45.555549,20.571821,25440,7480,0.500000,518.000000,0.000000,45.000000,1.822501,0.000000
0,-0.000000,0.062500,0.033333,0.284202,0.000000,749.175383,660.616532,81.696310,90.823352,40.848155,45.411676,16160,4400,0.062500,398.000000,0.000000,40.000000,1.633980,1.816467
0,-0.000000,0.050000,0.033333,1.269308,0.000000,3684.876543,4485.060957,88.892594,98.554012,44.446297,49.277006,25380,6190,0.050000,219.000000,0.000000,40.000000,1.778070,1.971080
0,-0.000000,0.045455,0.033333,1.948675,0.000000,1968.727407,660.616532,78.460347,90.823352,39.230174,45.411676,18710,10320,0.045455,143.000000,0.000000,35.000000,1.570407,1.816467
0,-0.000000,0.050000,0.033333,1.269308,0.000000,3684.876543,4485.060957,88.892594,98.554012,44.446297,49.277006,20370,6190,0.050000,219.000000,0.000000,40.000000,1.778070,1.971080
0,-0.000000,0.045455,0.033333,3.101546,0.000000,5366.381224,4485.060957,87.999843,98.554012,43.999921,49.277006,21130,10320,0.045455,143.000000,0.000000,40.000000,1.761393,1.971080
0,-0.000000,0.045455,0.033333,3.101546,0.000000,5366.381224,4485.060957,87.999843,98.554012,43.999921,49.277006,26140,10320,0.045455,143.000000,0.000000,40.000000,1.761393,1.971080
0,-0.000019,0.153846,0.142857,1.923590,0.000000,2067.320000,1273.679012,79.014563,88.772647,39.507282,44.386324,11260,10320,0.153846,143.000000,0.000000,35.000000,1.581480,1.775453
0,-0.000019,0.125000,0.142857,0.029255,0.000000,90.275510,1273.679012,84.910917,88.772647,42.455459,44.386324,8710,4400,0.153846,398.000000,0.000000,40.000000,1.698223,1.775453
0,-0.000012,0.142857,0.111111,4.356674,0.000000,327.943878,790.432099,91.543279,85.562093,45.771639,42.781046,16760,1710,0.142857,100.000000,0.000000,45.000000,1.979979,1.711242
0,-0.000012,0.142857,0.111111,4.361284,0.000000,328.291522,488.549128,91.543279,86.370168,45.771639,43.185084,12430,1710,0.142857,100.000000,0.000000,45.000000,1.979980,1.727403
0,-0.000012,0.142857,0.111111,4.356674,0.000000,327.943878,790.432099,91.543279,85.562093,45.771639,42.781046,8340,1710,0.142857,100.000000,0.000000,45.000000,1.979979,1.711242
0,-0.000012,0.142857,0.111111,4.361284,0.000000,328.291522,488.549128,91.543279,86.370168,45.771639,43.185084,11290,1710,0.142857,100.000000,0.000000,45.000000,1.979980,1.727403
0,-0.000012,0.142857,0.111111,4.361284,0.000000,328.291522,488.549128,91.543279,86.370168,45.771639,43.185084,15230,1710,0.142857,100.000000,0.000000,45.000000,1.979980,1.727403
0,0.000000,0.041667,0.041667,0.200668,0.324227,748.509604,1025.587463,86.974644,83.199252,43.487322,41.599626,20050,10,0.041667,23.000000,0.000000,40.000000,1.739524,1.664036
0,0.000000,0.800000,1.000000,1.896850,0.000000,80.000000,0.000000,53.207458,0.000000,26.603729,0.000000,3890,10,1.000000,515.000000,0.000000,25.000000,1.176588,0.000000
0,0.000000,0.250000,0.250000,0.834153,0.146069,703.222222,427.222222,77.617526,81.953750,38.808763,40.976875,10340,1390,0.250000,174.000000,0.000000,35.000000,1.558486,1.639100
0,-0.000000,0.105263,0.090909,3.191154,0.298073,571.039159,965.826531,79.354998,80.147359,39.677499,40.073680,14990,6300,0.117647,578.000000,0.000000,35.000000,1.630009,1.602994
0,-0.000000,0.555556,0.500000,5.984897,0.159766,1728.000000,498.000000,80.676492,82.224139,40.338246,41.112069,10740,5550,0.555556,653.000000,0.000000,40.000000,1.705405,1.644509
0,-0.000061,0.117647,0.034483,79.908721,0.000000,6321.765625,439.549128,89.316920,99.157487,44.658460,49.578743,6360,3410,0.470588,605.000000,0.000000,40.000000,6.503829,1.983150
0,-0.000000,0.352941,0.318182,0.061784,0.000000,398.325279,24404.280618,84.968693,87.710043,42.484347,43.855021,19010,10,0.388889,458.000000,0.000000,40.000000,1.699386,1.754201
0,-0.000074,0.105263,0.083333,25.113310,0.000000,1543.582766,4547.250000,87.714215,88.320934,43.857108,44.160467,24740,16330,0.105263,155.000000,0.000000,40.000000,1.999586,1.766419
0,-0.000609,0.470588,0.344828,0.069150,0.000000,427.658613,600.280618,98.000000,96.778597,49.000000,48.389299,4880,10,0.562500,458.000000,0.000000,45.000000,1.960013,1.935572
0,-0.000061,0.500000,0.034483,25.127347,0.000000,2894.272727,439.549128,89.088883,99.157487,44.544441,49.578743,9780,4310,0.571429,810.000000,0.000000,40.000000,1.891563,1.983150
0,-0.000193,0.666667,0.363636,98.408049,0.000000,3379.500000,24196.000000,73.426938,89.580575,36.713469,44.790287,6570,860,0.833333,1702.000000,0.000000,35.000000,2.901973,1.791611
0,-0.000061,0.500000,0.034483,25.127347,0.000000,2894.272727,439.549128,89.088883,99.157487,44.544441,49.578743,9780,8250,0.571429,810.000000,0.000000,40.000000,1.891563,1.983150
0,-0.000609,0.555556,0.344828,19.445397,0.000000,510.772096,600.280618,91.935327,96.778597,45.967663,48.389299,15340,1340,0.555556,254.000000,0.000000,45.000000,3.102090,1.935572
0,0.000000,0.034483,0.034483,29.856388,0.000000,788.981226,439.549128,92.104313,99.157487,46.052156,49.578743,12230,3070,0.034483,18.000000,0.000000,45.000000,2.655025,1.983150
0,0.000000,0.363636,0.363636,29.945521,0.000000,1035.228017,24196.000000,84.217513,89.580575,42.108757,44.790287,23410,3070,0.363636,18.000000,0.000000,40.000000,2.497305,1.791611
0,-0.000000,0.350000,0.318182,19.414685,0.000000,402.731280,24404.280618,82.220862,87.710043,41.110431,43.855021,21050,1340,0.350000,254.000000,0.000000,40.000000,2.907797,1.754201
0,-0.000609,0.555556,0.344828,19.445397,0.000000,510.772096,600.280618,91.935327,96.778597,45.967663,48.389299,6920,1340,0.555556,254.000000,0.000000,45.000000,3.102090,1.935572
0,0.000000,0.344828,0.344828,29.851875,0.000000,765.364896,600.280618,91.957187,96.778597,45.978593,48.389299,3700,3070,0.344828,18.000000,0.000000,45.000000,2.652083,1.935572
0,0.000000,0.083333,0.083333,31.058657,0.000000,4896.682099,4547.250000,82.401276,88.320934,41.200638,44.160467,26110,3070,0.083333,18.000000,0.000000,40.000000,2.461141,1.766419
0,0.000000,0.344828,0.344828,29.851875,0.000000,765.364896,600.280618,91.957187,96.778597,45.978593,48.389299,4410,3070,0.344828,18.000000,0.000000,45.000000,2.652083,1.935572
0,-0.000000,0.047619,0.045455,25.174290,0.000000,1689.460317,28351.250000,77.606332,79.252379,38.803166,39.626190,24740,22040,0.047619,155.000000,0.000000,35.000000,1.797440,1.585048
0,-0.000000,0.043478,0.041667,25.082263,0.000000,1437.225631,4755.530618,87.714215,86.450402,43.857108,43.225201,24740,3040,0.043478,155.000000,0.000000,40.000000,1.999581,1.729008
0,-0.000074,0.105263,0.083333,25.113310,0.000000,1543.582766,4547.250000,87.714215,88.320934,43.857108,44.160467,24740,7910,0.105263,155.000000,0.000000,40.000000,1.999586,1.766419
0,0.000000,0.034483,0.034483,29.856388,0.000000,788.981226,439.549128,92.104313,99.157487,46.052156,49.578743,16170,3070,0.034483,18.000000,0.000000,45.000000,2.655025,1.983150
0,-0.000193,0.200000,0.363636,77.648173,0.000000,975.000000,24196.000000,76.917833,89.580575,38.458916,44.790287,17540,3410,0.777778,605.000000,0.000000,35.000000,6.255370,1.791611
0,-0.000061,0.117647,0.034483,79.908721,0.000000,6321.765625,439.549128,89.316920,99.157487,44.658460,49.578743,7500,3410,0.470588,605.000000,0.000000,40.000000,6.503829,1.983150
0,-0.000061,0.500000,0.034483,25.127347,0.000000,2894.272727,439.549128,89.088883,99.157487,44.544441,49.578743,9780,5450,0.571429,810.000000,0.000000,40.000000,1.891563,1.983150
0,-0.000609,0.470588,0.344828,0.069150,0.000000,427.658613,600.280618,98.000000,96.778597,49.000000,48.389299,13300,10,0.562500,458.000000,0.000000,45.000000,1.960013,1.935572
0,0.000000,0.034483,0.034483,29.856388,0.000000,788.981226,439.549128,92.104313,99.157487,46.052156,49.578743,13370,3070,0.034483,18.000000,0.000000,45.000000,2.655025,1.983150
0,-0.000000,0.043478,0.041667,25.082263,0.000000,1437.225631,4755.530618,87.714215,86.450402,43.857108,43.225201,24740,2330,0.043478,155.000000,0.000000,40.000000,1.999581,1.729008
0,-0.000061,0.117647,0.034483,79.908721,0.000000,6321.765625,439.549128,89.316920,99.157487,44.658460,49.578743,10300,3410,0.470588,605.000000,0.000000,40.000000,6.503829,1.983150
0,-0.000000,1.000000,0.800000,7.946003,0.322126,880.812500,979.031250,76.042011,41.295666,38.021006,20.647833,8780,2350,1.000000,702.000000,0.000000,35.000000,1.560719,0.000000
0,-0.000000,0.800000,0.571429,28.076907,0.187892,359.750000,600.000000,69.736430,41.239959,34.868215,20.619980,9260,10,0.800000,376.000000,0.000000,30.000000,2.727464,0.000000
0,0.000000,0.250000,0.250000,0.007466,0.000000,42.312500,2052.000000,57.673520,87.161242,28.836760,43.580621,1830,10,0.250000,346.000000,0.000000,25.000000,1.153471,1.743225
0,0.000000,0.250000,0.250000,1.849463,0.000000,572.432099,2052.000000,83.984140,87.161242,41.992070,43.580621,9280,4890,0.250000,40.000000,0.000000,40.000000,1.682798,1.743225
0,0.000000,0.250000,0.250000,1.849463,0.000000,572.432099,2052.000000,83.984140,87.161242,41.992070,43.580621,17700,4890,0.250000,40.000000,0.000000,40.000000,1.682798,1.743225
0,-0.000001,0.058824,0.058824,7.553406,0.000000,12425.750000,12268.125000,87.641683,89.915772,43.820842,44.957886,25120,7690,0.062500,121.000000,0.000000,40.000000,1.777241,1.798315
0,-0.000001,0.058824,0.058824,7.553406,0.000000,12425.750000,12268.125000,87.641683,89.915772,43.820842,44.957886,25120,11060,0.062500,121.000000,0.000000,40.000000,1.777241,1.798315
0,0.000000,0.111111,0.111111,4.751201,0.000000,1059.697917,80.666667,82.134939,41.548279,41.067470,20.774140,9290,3250,0.111111,45.000000,0.000000,40.000000,1.654097,0.000000
0,0.000177,0.333333,0.200000,7.461571,0.000000,328.571429,84.375000,83.066746,50.000000,41.533373,25.000000,5290,2650,0.333333,709.000000,0.000000,40.000000,1.756155,0.000000
0,0.000000,0.038462,0.038462,5.015007,0.000000,1845.680139,866.718750,90.838185,48.465000,45.419092,24.232500,27750,9290,0.038462,45.000000,0.000000,45.000000,1.828206,0.000000
0,-0.000000,0.250000,0.250000,0.171031,0.000000,627.851240,110.016529,87.279857,42.127379,43.639928,21.063689,9020,10,0.272727,72.000000,0.000000,40.000000,1.745625,0.000000
0,-0.000000,0.333333,0.222222,0.204096,0.000000,639.812500,47.020408,83.302565,41.995547,41.651283,20.997773,4040,10,0.333333,973.000000,0.000000,40.000000,1.666103,0.000000
0,0.000000,0.192308,0.192308,4.884489,0.000000,1544.857781,656.224852,80.941090,41.013003,40.470545,20.506501,20760,9290,0.192308,45.000000,0.000000,40.000000,1.630238,0.000000
0,0.000177,0.333333,0.200000,7.460101,0.000000,324.571429,84.375000,82.817554,50.000000,41.408777,25.000000,2650,1920,0.357143,709.000000,0.000000,40.000000,1.751171,0.000000
0,0.000000,0.055556,0.055556,0.169778,0.000000,594.270975,703.245260,82.324282,83.008549,41.162141,41.504275,20760,13320,0.055556,45.000000,0.000000,40.000000,1.646510,1.660171
0,0.000000,0.038462,0.038462,5.015007,0.000000,1845.680139,866.718750,90.838185,48.465000,45.419092,24.232500,9290,8810,0.038462,45.000000,0.000000,45.000000,1.828206,0.000000
0,0.000000,0.555556,0.600000,7.020278,0.000000,451.750000,1480.888889,73.899454,40.785574,36.949727,20.392787,11250,11220,0.600000,257.000000,0.000000,35.000000,1.561074,0.000000
0,-0.000000,0.111111,0.100000,0.932727,0.000000,718.000000,866.718750,85.674734,48.650411,42.837367,24.325206,25660,11220,0.111111,257.000000,0.000000,40.000000,1.714878,0.000000
0,-0.000000,0.111111,0.100000,0.932727,0.000000,718.000000,866.718750,85.674734,48.650411,42.837367,24.325206,11220,6720,0.111111,257.000000,0.000000,40.000000,1.714878,0.000000
0,0.000000,0.400000,0.375000,0.814905,0.161756,2235.555556,540.000000,81.324844,71.911709,40.662422,35.955855,22900,1970,0.400000,570.000000,0.000000,40.000000,1.626646,1.438259
0,-0.000000,0.222222,0.357143,0.919432,0.297427,2532.617347,1064.250000,59.351174,80.823018,29.675587,40.411509,18790,10,0.384615,480.000000,0.000000,25.000000,1.187192,1.616502
0,0.000000,0.181818,0.181818,4.430494,0.942734,3260.250000,2812.000000,95.415377,86.253848,47.707689,43.126924,28050,18110,0.181818,55.000000,0.000000,45.000000,1.999852,1.725236
0,-0.000002,0.200000,0.111111,0.570201,0.088250,1606.479592,342.000000,91.095647,76.478896,45.547824,38.239448,18080,8660,0.200000,551.000000,0.000000,45.000000,1.822014,1.529590
0,-0.000000,0.066667,0.025000,6.412412,0.313114,14950.400000,996.908587,97.592940,88.878916,48.796470,44.439458,15140,12830,0.066667,1076.000000,0.000000,45.000000,1.953235,1.777629
0,0.000000,0.181818,0.181818,4.430494,0.942734,3260.250000,2812.000000,95.415377,86.253848,47.707689,43.126924,23040,3480,0.181818,55.000000,0.000000,45.000000,1.999852,1.725236
0,-0.000000,0.066667,0.025000,6.412412,0.313114,14950.400000,996.908587,97.592940,88.878916,48.796470,44.439458,15730,12830,0.066667,1076.000000,0.000000,45.000000,1.953235,1.777629
0,0.000000,0.181818,0.181818,4.430494,0.942734,3260.250000,2812.000000,95.415377,86.253848,47.707689,43.126924,28050,9690,0.181818,55.000000,0.000000,45.000000,1.999852,1.725236
0,0.000000,0.400000,0.375000,0.814905,0.161756,2235.555556,540.000000,81.324844,71.911709,40.662422,35.955855,17890,1970,0.400000,570.000000,0.000000,40.000000,1.626646,1.438259
0,-0.000000,0.222222,0.357143,0.919432,0.297427,2532.617347,1064.250000,59.351174,80.823018,29.675587,40.411509,23800,10,0.384615,480.000000,0.000000,25.000000,1.187192,1.616502
0,-0.000002,0.200000,0.111111,0.570201,0.088250,1606.479592,342.000000,91.095647,76.478896,45.547824,38.239448,23090,8660,0.200000,551.000000,0.000000,45.000000,1.822014,1.529590
0,0.000000,0.250000,0.250000,1.468555,0.064045,1595.979592,279.000000,89.428985,78.878916,44.714493,39.439458,23090,5840,0.250000,551.000000,0.000000,40.000000,1.804038,1.577586
0,0.000000,0.181818,0.181818,0.883213,0.154890,2749.910927,576.000000,90.490695,80.874732,45.245348,40.437366,23140,12530,0.181818,45.000000,0.000000,45.000000,1.809956,1.617516
0,0.000000,0.181818,0.181818,4.430494,0.942734,3260.250000,2812.000000,95.415377,86.253848,47.707689,43.126924,23040,9690,0.181818,55.000000,0.000000,45.000000,1.999852,1.725236
0,0.000000,0.181818,0.181818,4.430494,0.942734,3260.250000,2812.000000,95.415377,86.253848,47.707689,43.126924,23040,18110,0.181818,55.000000,0.000000,45.000000,1.999852,1.725236
0,0.000000,0.181818,0.181818,0.883213,0.154890,2749.910927,576.000000,90.490695,80.874732,45.245348,40.437366,28150,12530,0.181818,45.000000,0.000000,45.000000,1.809956,1.617516
0,0.000000,0.181818,0.181818,4.430494,0.942734,3260.250000,2812.000000,95.415377,86.253848,47.707689,43.126924,28050,3480,0.181818,55.000000,0.000000,45.000000,1.999852,1.725236
0,-0.000000,0.066667,0.025000,6.412412,0.313114,14950.400000,996.908587,97.592940,88.878916,48.796470,44.439458,17840,15140,0.066667,1076.000000,0.000000,45.000000,1.953235,1.777629
0,-0.000000,0.066667,0.025000,6.412412,0.313114,14950.400000,996.908587,97.592940,88.878916,48.796470,44.439458,17840,5220,0.066667,1076.000000,0.000000,45.000000,1.953235,1.777629
0,-0.000000,0.066667,0.025000,6.412412,0.313114,14950.400000,996.908587,97.592940,88.878916,48.796470,44.439458,17840,15730,0.066667,1076.000000,0.000000,45.000000,1.953235,1.777629
0,-0.000000,0.066667,0.025000,6.412412,0.313114,14950.400000,996.908587,97.592940,88.878916,48.796470,44.439458,12830,5220,0.066667,1076.000000,0.000000,45.000000,1.953235,1.777629
0,0.000000,0.250000,0.250000,1.468555,0.064045,1595.979592,279.000000,89.428985,78.878916,44.714493,39.439458,18080,5840,0.250000,551.000000,0.000000,40.000000,1.804038,1.577586
0,0.000000,0.666667,0.666667,1.492348,0.000000,141.000000,31.250000,74.314945,43.592339,37.157472,21.796170,6020,1100,0.666667,408.000000,0.000000,35.000000,1.551882,0.000000
0,0.000000,0.500000,0.500000,4.529405,0.000000,191.000000,175.000000,82.591162,41.483526,41.295581,20.741763,9900,4740,0.500000,20.000000,0.000000,40.000000,1.710328,0.000000
0,0.000000,0.100000,0.100000,4.925272,0.000000,2296.312500,4740.000000,81.606412,71.750355,40.803206,35.875177,28650,9090,0.100000,40.000000,0.000000,40.000000,1.637488,1.435007
0,0.000000,0.086957,0.086957,1.129286,0.000000,3836.449846,3351.187500,79.095496,60.850152,39.547748,30.425076,22980,20900,0.086957,96.000000,0.000000,35.000000,1.582076,1.217003
0,-0.000000,0.277778,0.125000,8.360562,0.000000,1743.763889,3284.800000,76.940047,60.866068,38.470023,30.433034,16480,10580,0.277778,1128.000000,0.000000,35.000000,1.594890,1.217321
0,0.000000,1.000000,1.000000,0.113117,0.000000,286.639053,3740.000000,51.205626,52.131745,25.602813,26.065873,12380,10,1.000000,948.000000,0.000000,25.000000,1.024137,1.042635
0,0.000000,0.315789,0.315789,5.228516,0.000000,3270.843317,2000.000000,79.267568,61.399305,39.633784,30.699653,28650,21460,0.315789,40.000000,0.000000,35.000000,1.590758,1.227986
0,-0.000000,0.260870,0.142857,4.817156,0.000000,380.199807,1751.555556,82.921151,60.876156,41.460575,30.438078,15430,7980,0.461538,643.000000,0.000000,40.000000,1.692642,1.217523
0,-0.000000,0.200000,0.166667,2.903956,0.000000,767.211073,745.000000,70.580773,60.889824,35.290386,30.444912,17310,4130,0.200000,455.000000,0.000000,35.000000,1.466524,1.217796
0,-0.000000,0.100000,0.111111,0.582547,0.000000,1649.320000,268.000000,91.123027,90.639423,45.561514,45.319711,21580,11090,0.125000,797.000000,0.000000,45.000000,1.822563,1.812788
0,-0.000000,0.100000,0.111111,0.582547,0.000000,1649.320000,268.000000,91.123027,90.639423,45.561514,45.319711,16570,11090,0.125000,797.000000,0.000000,45.000000,1.822563,1.812788
0,-0.000000,0.153846,0.111111,1.360223,0.413244,4134.720000,1390.720000,75.202072,79.398487,37.601036,39.699243,23350,4290,0.153846,559.000000,0.000000,35.000000,1.504265,1.588031
0,-0.000000,0.062500,0.058824,1.412106,0.324123,4308.960000,1191.000000,80.059662,81.808788,40.029831,40.904394,23350,12910,0.062500,559.000000,0.000000,40.000000,1.601425,1.636220
0,-0.000000,0.500000,0.400000,0.764840,0.420056,2811.800000,1391.000000,72.451262,77.504643,36.225631,38.752322,27730,670,0.500000,121.000000,0.000000,35.000000,1.449129,1.550157
0,0.000000,0.250000,0.250000,2.745119,0.000000,57.375000,306.000000,80.104690,76.358430,40.052345,38.179215,4150,3120,0.250000,767.000000,0.000000,40.000000,1.684967,1.527169
0,0.000000,0.200000,0.200000,2.751110,0.000000,69.375000,793.720000,81.651992,76.331406,40.825996,38.165703,3120,2230,0.200000,767.000000,0.000000,40.000000,1.715914,1.526628
0,0.000000,0.400000,0.400000,0.000000,0.008532,118.375000,32.666667,47.012327,39.979697,23.506163,19.989849,4090,10,0.400000,292.000000,0.000000,20.000000,0.940247,0.000000
0,-0.000000,0.538462,0.043478,21.851834,0.162934,3402.591111,526.668639,99.740979,77.534106,49.870489,38.767053,17660,4500,0.538462,1203.000000,0.000000,45.000000,2.066681,1.550707
0,-0.000052,0.250000,0.142857,0.031924,0.122648,108.000000,380.000000,50.000019,64.712605,25.000010,32.356302,21450,10,0.555556,977.000000,0.000000,25.000000,1.000007,1.294272
0,-0.000000,0.117647,0.086957,0.090884,0.194451,476.241946,618.340720,98.000000,76.958571,49.000000,38.479285,22130,10,0.117647,756.000000,0.000000,45.000000,1.960017,1.539202
0,-0.000000,0.666667,0.333333,0.035140,0.130153,86.106667,412.666667,58.416504,69.197505,29.208252,34.598752,13880,10,0.666667,1581.000000,0.000000,25.000000,1.168339,1.383971
0,-0.000000,0.071429,0.043478,17.867627,0.251265,695.180556,795.937500,75.010251,67.528120,37.505126,33.764060,21150,7850,0.083333,854.000000,0.000000,35.000000,1.742623,1.350602
0,-0.000000,0.666667,0.333333,0.035140,0.130153,86.106667,412.666667,58.416504,69.197505,29.208252,34.598752,15410,10,0.666667,1581.000000,0.000000,25.000000,1.168339,1.383971
0,-0.000000,0.058824,0.055556,1.031648,0.124848,268.000000,390.000000,88.940364,68.521149,44.470182,34.260575,25070,10220,0.062500,615.000000,0.000000,40.000000,1.794677,1.370443
0,-0.000000,0.538462,0.043478,21.851834,0.162934,3402.591111,526.668639,99.740979,77.534106,49.870489,38.767053,17660,3360,0.538462,1203.000000,0.000000,45.000000,2.066681,1.550707
0,-0.000000,0.538462,0.043478,21.851834,0.162934,3402.591111,526.668639,99.740979,77.534106,49.870489,38.767053,19190,4500,0.538462,1203.000000,0.000000,45.000000,2.066681,1.550707
0,-0.000000,0.538462,0.043478,21.851834,0.162934,3402.591111,526.668639,99.740979,77.534106,49.870489,38.767053,17660,7300,0.538462,1203.000000,0.000000,45.000000,2.066681,1.550707
0,-0.000000,0.071429,0.043478,17.867627,0.251265,695.180556,795.937500,75.010251,67.528120,37.505126,33.764060,22680,7850,0.083333,854.000000,0.000000,35.000000,1.742623,1.350602
0,-0.000052,0.250000,0.142857,0.031924,0.122648,108.000000,380.000000,50.000019,64.712605,25.000010,32.356302,19920,10,0.555556,977.000000,0.000000,25.000000,1.000007,1.294272
0,-0.000000,0.111111,0.086957,19.380367,0.194451,323.772096,618.340720,91.935327,76.958571,45.967663,38.479285,24170,1340,0.111111,552.000000,0.000000,45.000000,3.102079,1.539202
0,-0.000000,0.058824,0.055556,1.031648,0.124848,268.000000,390.000000,88.940364,68.521149,44.470182,34.260575,23540,10220,0.062500,615.000000,0.000000,40.000000,1.794677,1.370443
0,-0.000000,0.538462,0.043478,21.851834,0.162934,3402.591111,526.668639,99.740979,77.534106,49.870489,38.767053,19190,3360,0.538462,1203.000000,0.000000,45.000000,2.066681,1.550707
0,-0.000000,0.500000,0.153846,0.127772,0.288728,207.250000,887.777778,90.634640,66.863408,45.317320,33.431704,16720,2710,0.500000,1297.000000,0.000000,45.000000,1.812734,1.337315
0,-0.000000,0.117647,0.086957,0.090884,0.194451,476.241946,618.340720,98.000000,76.958571,49.000000,38.479285,23660,10,0.117647,756.000000,0.000000,45.000000,1.960017,1.539202
0,-0.000000,0.500000,0.153846,0.127772,0.288728,207.250000,887.777778,90.634640,66.863408,45.317320,33.431704,18250,2710,0.500000,1297.000000,0.000000,45.000000,1.812734,1.337315
0,-0.000021,0.333333,0.187500,2.170401,0.562158,1881.000000,1800.000000,88.849233,66.479079,44.424617,33.239539,20850,5610,0.333333,1037.000000,0.000000,40.000000,1.788958,1.329669
0,-0.000021,0.333333,0.187500,2.170401,0.562158,1881.000000,1800.000000,88.849233,66.479079,44.424617,33.239539,19320,5610,0.333333,1037.000000,0.000000,40.000000,1.788958,1.329669
0,-0.000000,0.111111,0.086957,19.380367,0.194451,323.772096,618.340720,91.935327,76.958571,45.967663,38.479285,25700,1340,0.111111,552.000000,0.000000,45.000000,3.102079,1.539202
0,-0.000000,0.538462,0.043478,21.851834,0.162934,3402.591111,526.668639,99.740979,77.534106,49.870489,38.767053,19190,7300,0.538462,1203.000000,0.000000,45.000000,2.066681,1.550707
0,-0.000000,0.600000,0.500000,0.000000,0.000000,128.000000,245.000000,62.503885,39.604605,31.251942,19.802302,12650,10,0.600000,441.000000,0.000000,30.000000,1.250078,0.000000
0,0.000000,0.125000,0.125000,0.016316,0.003347,72.597222,15.312500,53.276160,44.000000,26.638080,22.000000,4360,10,0.125000,765.000000,0.000000,25.000000,1.065526,0.000000
0,0.000000,0.111111,0.125000,0.016604,0.164137,76.625000,546.750000,53.222907,40.737776,26.611453,20.368888,4100,10,0.125000,791.000000,0.000000,25.000000,1.064461,0.000000
0,0.000000,1.000000,0.875000,8.782806,0.217660,368.000000,744.908587,84.754104,50.000000,42.377052,25.000000,17010,10,1.000000,1200.000000,0.000000,40.000000,1.867264,0.000000
0,-0.000000,0.066667,0.058824,0.195992,0.286338,538.100000,1044.908587,90.712218,91.695911,45.356109,45.847955,10850,10200,0.066667,889.000000,0.000000,45.000000,1.814280,1.833958
0,0.000000,1.000000,0.875000,8.782806,0.217660,368.000000,744.908587,84.754104,50.000000,42.377052,25.000000,17600,10,1.000000,1200.000000,0.000000,40.000000,1.867264,0.000000
0,-0.000000,0.500000,0.250000,2.860555,0.068678,378.125000,300.000000,80.816907,41.695911,40.408454,20.847955,10850,3120,0.500000,889.000000,0.000000,40.000000,1.699232,0.000000
0,-0.000000,0.250000,0.125000,2.752142,0.003753,72.375000,15.312500,55.379041,41.999797,27.689521,20.999899,3120,200,0.444444,889.000000,0.000000,25.000000,1.190455,0.000000
0,-0.000000,0.066667,0.058824,0.195992,0.286338,538.100000,1044.908587,90.712218,91.695911,45.356109,45.847955,20710,10850,0.066667,889.000000,0.000000,45.000000,1.814280,1.833958
0,-0.000000,0.066667,0.058824,0.195992,0.286338,538.100000,1044.908587,90.712218,91.695911,45.356109,45.847955,20120,10850,0.066667,889.000000,0.000000,45.000000,1.814280,1.833958
0,0.000000,1.000000,0.875000,8.782806,0.217660,368.000000,744.908587,84.754104,50.000000,42.377052,25.000000,7090,10,1.000000,1200.000000,0.000000,40.000000,1.867264,0.000000
0,-0.000000,0.111111,0.166667,2.421787,0.000000,78.312500,1488.000000,81.999987,87.868504,40.999994,43.934252,5710,3890,0.444444,328.000000,0.000000,40.000000,1.828498,1.757370
0,-0.000000,0.111111,0.166667,2.421787,0.000000,78.312500,1488.000000,81.999987,87.868504,40.999994,43.934252,10100,5710,0.444444,328.000000,0.000000,40.000000,1.828498,1.757370
0,-0.000000,0.111111,0.166667,2.421787,0.000000,78.312500,1488.000000,81.999987,87.868504,40.999994,43.934252,18520,5710,0.444444,328.000000,0.000000,40.000000,1.828498,1.757370
0,0.000000,0.111111,0.111111,3.562729,0.000000,282.555556,1072.000000,81.454348,72.838478,40.727174,36.419239,9300,4850,0.111111,291.000000,0.000000,40.000000,1.686470,1.456770
0,0.000000,0.071429,0.071429,0.280070,0.540329,319.510566,1832.561728,78.261882,48.980909,39.130941,24.490454,10050,7840,0.071429,89.000000,0.000000,35.000000,1.566299,0.000000
0,0.000000,0.071429,0.071429,0.280070,0.540329,319.510566,1832.561728,78.261882,48.980909,39.130941,24.490454,10050,7130,0.071429,89.000000,0.000000,35.000000,1.566299,0.000000
0,-0.000000,0.166667,0.071429,0.032766,0.009390,120.375000,32.000000,89.999997,50.000000,44.999999,25.000000,11180,9350,0.166667,159.000000,0.000000,40.000000,1.800004,0.000000
0,0.000000,0.071429,0.071429,0.216179,0.042362,107.285714,144.546875,69.255342,39.829796,34.627671,19.914898,16640,10050,0.071429,89.000000,0.000000,30.000000,1.386158,0.000000
0,-0.000000,0.166667,0.071429,0.032766,0.009390,120.375000,32.000000,89.999997,50.000000,44.999999,25.000000,14550,9350,0.166667,159.000000,0.000000,40.000000,1.800004,0.000000
0,-0.000000,0.833333,0.357143,1.278152,0.038653,120.609375,131.484444,81.141190,41.674028,40.570595,20.837014,9350,2900,0.833333,159.000000,0.000000,40.000000,1.632337,0.000000
0,0.000000,0.250000,0.333333,0.014414,0.526430,63.000000,1875.000000,40.000010,27.388441,20.000005,13.694221,6050,10,0.625000,1093.000000,0.000000,20.000000,0.800003,0.000000
0,-0.000000,0.166667,0.071429,0.164369,0.204841,571.760331,714.432000,80.190066,39.279865,40.095033,19.639932,23380,9350,0.166667,159.000000,0.000000,40.000000,1.603825,0.000000
0,0.000000,0.125000,0.125000,0.007485,0.000000,42.534722,335.312500,59.999999,69.130476,29.999999,34.565238,6980,10,0.125000,41.000000,0.000000,25.000000,1.200001,1.382610
0,-0.000000,0.625000,0.285714,0.600752,0.000000,125.222222,336.000000,79.195180,76.127384,39.597590,38.063692,15530,1390,0.625000,600.000000,0.000000,35.000000,1.589993,1.522548
0,-0.000023,0.064516,0.148148,58.340597,0.238080,954.452811,763.614744,88.117210,50.000000,44.058605,25.000000,24800,10530,0.156863,724.000000,0.000000,40.000000,4.073122,0.000000
0,-0.000000,0.200000,0.166667,0.105798,0.682092,299.520000,2432.561728,81.993941,90.639565,40.996970,45.319782,4470,2010,0.200000,680.000000,0.000000,40.000000,1.639898,1.812888
0,0.000011,0.948718,0.925926,2.163492,0.538818,338.326391,1832.561728,98.000000,49.312506,49.000000,24.656253,8970,10,0.950000,880.000000,0.000000,45.000000,1.983026,0.000000
0,-0.000000,0.400000,0.333333,0.153428,0.143274,427.471074,600.000000,89.992813,41.327059,44.996407,20.663529,13770,4470,0.400000,680.000000,0.000000,40.000000,1.799884,0.000000
0,0.000000,0.071429,0.071429,62.193054,0.524958,2172.912558,1875.000000,73.947761,29.853538,36.973881,14.926769,16890,16460,0.071429,17.000000,0.000000,35.000000,2.510415,0.000000
0,0.000000,0.090909,0.090909,2.818676,0.007218,289.088757,24.000000,84.981622,40.911042,42.490811,20.455521,16910,6190,0.090909,86.000000,0.000000,40.000000,1.856410,0.000000
0,0.000000,0.923077,1.000000,0.866681,0.000000,116.240000,0.000000,100.000000,0.000000,50.000000,0.000000,1150,10,1.000000,1662.000000,0.000000,50.000000,2.007054,0.000000
0,0.000011,0.880000,0.925926,19.417929,0.538818,414.813619,1832.561728,91.935327,49.312506,45.967663,24.656253,11010,1340,0.925926,676.000000,0.000000,45.000000,3.102086,0.000000
0,-0.000023,0.064516,0.148148,58.340597,0.238080,954.452811,763.614744,88.117210,50.000000,44.058605,25.000000,24800,13330,0.156863,724.000000,0.000000,40.000000,4.073122,0.000000
0,-0.000000,0.200000,0.166667,19.375383,0.682092,291.772096,2432.561728,81.928832,90.639565,40.964416,45.319782,4510,1340,0.200000,676.000000,0.000000,40.000000,2.901949,1.812888
0,0.000011,0.948718,0.925926,2.163492,0.538818,338.326391,1832.561728,98.000000,49.312506,49.000000,24.656253,11770,10,0.950000,880.000000,0.000000,45.000000,1.983026,0.000000
0,0.000011,0.880000,0.925926,19.417929,0.538818,414.813619,1832.561728,91.935327,49.312506,45.967663,24.656253,9870,1340,0.925926,676.000000,0.000000,45.000000,3.102086,0.000000
0,0.000000,0.071429,0.071429,62.193054,0.524958,2172.912558,1875.000000,73.947761,29.853538,36.973881,14.926769,20400,16890,0.071429,17.000000,0.000000,35.000000,2.510415,0.000000
0,-0.000017,0.263158,0.111111,4.587294,0.204269,4595.111111,714.432000,91.198271,39.595248,45.599136,19.797624,9800,2520,0.269231,1525.000000,0.000000,45.000000,1.835041,0.000000
0,0.000000,0.200000,0.200000,0.075737,0.039735,387.549128,144.000000,80.714338,42.499605,40.357169,21.249803,12560,10,0.200000,407.000000,0.000000,40.000000,1.614299,0.000000
0,0.000000,0.200000,0.200000,0.075737,0.039735,387.549128,144.000000,80.714338,42.499605,40.357169,21.249803,13700,10,0.200000,407.000000,0.000000,40.000000,1.614299,0.000000
0,-0.000000,0.043478,0.037037,3.573099,0.022232,297.597078,79.609467,85.501398,50.000000,42.750699,25.000000,19010,11130,0.043478,550.000000,0.000000,40.000000,1.908749,0.000000
0,0.000000,0.250000,0.250000,0.085986,0.007955,279.168163,27.000000,86.202575,39.998591,43.101287,19.999295,14650,940,0.250000,312.000000,0.000000,40.000000,1.724065,0.000000
0,-0.000023,0.142857,0.148148,0.334967,0.238080,819.899306,763.614744,89.757178,50.000000,44.878589,25.000000,9450,4780,0.156863,832.000000,0.000000,40.000000,1.795212,0.000000
0,-0.000000,0.043478,0.037037,3.573099,0.022232,297.597078,79.609467,85.501398,50.000000,42.750699,25.000000,12270,6420,0.043478,550.000000,0.000000,40.000000,1.908749,0.000000
0,-0.000000,0.043478,0.037037,3.573099,0.022232,297.597078,79.609467,85.501398,50.000000,42.750699,25.000000,11130,6420,0.043478,550.000000,0.000000,40.000000,1.908749,0.000000
0,0.000000,0.090909,0.090909,2.818676,0.007218,289.088757,24.000000,84.981622,40.911042,42.490811,20.455521,15770,6190,0.090909,86.000000,0.000000,40.000000,1.856410,0.000000
0,0.000000,0.923077,1.000000,3.162204,0.000000,86.668639,0.000000,48.300076,0.000000,24.150038,0.000000,2810,10,1.000000,1776.000000,0.000000,20.000000,1.045363,0.000000
0,0.000000,0.250000,0.250000,0.085986,0.007955,279.168163,27.000000,86.202575,39.998591,43.101287,19.999295,13510,940,0.250000,312.000000,0.000000,40.000000,1.724065,0.000000
0,-0.000000,0.400000,0.333333,0.153428,0.143274,427.471074,600.000000,89.992813,41.327059,44.996407,20.663529,10970,4470,0.400000,680.000000,0.000000,40.000000,1.799884,0.000000
0,0.000000,0.071429,0.071429,62.193054,0.524958,2172.912558,1875.000000,73.947761,29.853538,36.973881,14.926769,17600,16890,0.071429,17.000000,0.000000,35.000000,2.510415,0.000000
0,0.000000,0.923077,1.000000,0.866681,0.000000,116.240000,0.000000,100.000000,0.000000,50.000000,0.000000,3950,10,1.000000,1662.000000,0.000000,50.000000,2.007054,0.000000
0,0.000000,0.250000,0.250000,0.085986,0.007955,279.168163,27.000000,86.202575,39.998591,43.101287,19.999295,17450,940,0.250000,312.000000,0.000000,40.000000,1.724065,0.000000
0,0.000011,0.880000,0.925926,19.417929,0.538818,414.813619,1832.561728,91.935327,49.312506,45.967663,24.656253,13810,1340,0.925926,676.000000,0.000000,45.000000,3.102086,0.000000
0,-0.000000,0.400000,0.333333,0.153428,0.143274,427.471074,600.000000,89.992813,41.327059,44.996407,20.663529,9830,4470,0.400000,680.000000,0.000000,40.000000,1.799884,0.000000
0,-0.000017,0.263158,0.111111,4.587294,0.204269,4595.111111,714.432000,91.198271,39.595248,45.599136,19.797624,9800,5320,0.269231,1525.000000,0.000000,45.000000,1.835041,0.000000
0,-0.000023,0.142857,0.148148,0.334967,0.238080,819.899306,763.614744,89.757178,50.000000,44.878589,25.000000,12250,4780,0.156863,832.000000,0.000000,40.000000,1.795212,0.000000
0,-0.000000,0.043478,0.037037,3.573099,0.022232,297.597078,79.609467,85.501398,50.000000,42.750699,25.000000,19010,15070,0.043478,550.000000,0.000000,40.000000,1.908749,0.000000
0,0.000011,0.948718,0.925926,2.163492,0.538818,338.326391,1832.561728,98.000000,49.312506,49.000000,24.656253,7830,10,0.950000,880.000000,0.000000,45.000000,1.983026,0.000000
0,-0.000023,0.142857,0.148148,0.334967,0.238080,819.899306,763.614744,89.757178,50.000000,44.878589,25.000000,8310,4780,0.156863,832.000000,0.000000,40.000000,1.795212,0.000000
0,-0.000000,0.043478,0.037037,3.573099,0.022232,297.597078,79.609467,85.501398,50.000000,42.750699,25.000000,15070,6420,0.043478,550.000000,0.000000,40.000000,1.908749,0.000000
0,0.000000,0.200000,0.200000,0.075737,0.039735,387.549128,144.000000,80.714338,42.499605,40.357169,21.249803,16500,10,0.200000,407.000000,0.000000,40.000000,1.614299,0.000000
0,0.000000,0.090909,0.090909,2.818676,0.007218,289.088757,24.000000,84.981622,40.911042,42.490811,20.455521,19710,6190,0.090909,86.000000,0.000000,40.000000,1.856410,0.000000
0,-0.000017,0.263158,0.111111,4.587294,0.204269,4595.111111,714.432000,91.198271,39.595248,45.599136,19.797624,9800,1380,0.269231,1525.000000,0.000000,45.000000,1.835041,0.000000
0,-0.000023,0.064516,0.148148,58.340597,0.238080,954.452811,763.614744,88.117210,50.000000,44.058605,25.000000,24800,9390,0.156863,724.000000,0.000000,40.000000,4.073122,0.000000
0,-0.000000,0.043478,0.037037,3.573099,0.022232,297.597078,79.609467,85.501398,50.000000,42.750699,25.000000,19010,12270,0.043478,550.000000,0.000000,40.000000,1.908749,0.000000
0,0.000000,0.333333,0.333333,0.000000,0.036851,370.000000,125.000000,48.001043,39.979276,24.000521,19.989638,8590,10,0.333333,290.000000,0.000000,20.000000,0.960021,0.000000
0,0.000000,0.041667,0.041667,42.487525,0.529988,2041.174744,1742.985208,83.684028,87.030406,41.842014,43.515203,32180,23760,0.041667,24.000000,0.000000,40.000000,2.372379,1.740689
0,0.000000,0.041667,0.041667,42.487525,0.529988,2041.174744,1742.985208,83.684028,87.030406,41.842014,43.515203,23760,13240,0.041667,24.000000,0.000000,40.000000,2.372379,1.740689
0,0.000000,0.500000,0.500000,0.125489,0.196496,477.187500,714.432000,40.924228,40.729044,20.462114,20.364522,24010,10,0.500000,169.000000,0.000000,20.000000,0.818502,0.000000
0,0.000000,0.111111,0.111111,0.056798,0.198859,284.000000,1051.555556,91.263450,92.376611,45.631725,46.188306,24450,10,0.111111,336.000000,0.000000,45.000000,1.825275,1.847551
0,0.000000,0.555556,0.555556,0.003706,0.007836,34.670525,43.555556,60.500000,42.376611,30.250000,21.188306,2160,10,0.555556,121.000000,0.000000,30.000000,1.210000,0.000000
0,0.000000,0.555556,0.555556,0.050816,0.191024,267.312500,1008.000000,68.000000,50.000000,34.000000,25.000000,31610,10,0.555556,121.000000,0.000000,30.000000,1.360005,0.000000
0,0.000000,0.555556,0.555556,0.050816,0.191024,267.312500,1008.000000,68.000000,50.000000,34.000000,25.000000,26600,10,0.555556,121.000000,0.000000,30.000000,1.360005,0.000000
0,0.000000,0.142857,0.142857,0.005067,0.004762,31.312500,16.000000,60.492289,42.499640,30.246144,21.249820,21120,10,0.142857,121.000000,0.000000,30.000000,1.209847,0.000000
0,0.000000,0.111111,0.111111,0.056798,0.198859,284.000000,1051.555556,91.263450,92.376611,45.631725,46.188306,29460,10,0.111111,336.000000,0.000000,45.000000,1.825275,1.847551
0,0.000000,1.000000,1.000000,2.752652,0.005684,48.000000,32.000000,79.507409,41.709556,39.753705,20.854778,18970,10,1.000000,354.000000,0.000000,35.000000,1.826932,0.000000
0,-0.000000,0.083333,0.076923,0.962373,0.483318,933.588757,1610.987847,87.881471,83.975741,43.940736,41.987871,30170,15050,0.083333,289.000000,0.000000,40.000000,1.758437,1.679587
0,-0.000000,0.083333,0.076923,0.962373,0.483318,933.588757,1610.987847,87.881471,83.975741,43.940736,41.987871,15050,11230,0.083333,289.000000,0.000000,40.000000,1.758437,1.679587
0,-0.000000,0.083333,0.076923,0.946084,0.409116,935.760331,1438.732510,78.191464,74.869554,39.095732,37.434777,23180,15050,0.083333,289.000000,0.000000,35.000000,1.564631,1.497449
0,-0.000000,0.052632,0.041667,1.312034,0.000000,3153.876736,107.000000,75.652904,76.832221,37.826452,38.416110,12900,10070,0.142857,1343.000000,0.000000,35.000000,1.513331,1.536644
0,0.000021,0.033333,0.040816,0.285685,0.000000,863.673554,1258.689751,90.788802,85.356251,45.394401,42.678126,17130,11500,0.042553,920.000000,0.000000,45.000000,1.815824,1.707125
0,0.000000,0.071429,0.071429,4.823931,0.000000,1658.154729,1314.555556,79.077422,76.357072,39.538711,38.178536,22880,14990,0.071429,345.000000,0.000000,35.000000,1.606737,1.527141
0,-0.000003,0.875000,0.764706,0.164989,0.000000,567.666667,131.877551,50.954344,75.946569,25.477172,37.973284,17520,10,0.909091,881.000000,0.000000,25.000000,1.019112,1.518931
0,-0.000000,0.100000,0.050000,4.546467,0.000000,490.974174,89.888889,89.080691,86.357072,44.540345,43.178536,22880,14050,0.100000,345.000000,0.000000,40.000000,1.806769,1.727141
0,-0.000015,0.133333,0.111111,0.428746,0.000000,1422.187500,1134.875000,81.055616,74.077196,40.527808,37.038598,23950,7150,0.133333,238.000000,0.000000,40.000000,1.621177,1.481544
0,0.000000,0.230769,0.225806,4.574482,0.000000,585.607438,229.902222,78.370582,75.132319,39.185291,37.566160,22880,2400,0.230769,345.000000,0.000000,35.000000,1.592571,1.502646
0,-0.000000,0.127273,0.122807,20.281759,0.000000,3442.106740,1691.662132,88.115102,86.357072,44.057551,43.178536,25240,4250,0.127273,109.000000,0.000000,40.000000,1.836238,1.727141
0,0.000021,0.033333,0.040816,0.285685,0.000000,863.673554,1258.689751,90.788802,85.356251,45.394401,42.678126,22010,17130,0.042553,920.000000,0.000000,45.000000,1.815824,1.707125
0,0.000003,0.225806,0.245614,31.880539,0.000000,1274.864198,901.728516,79.122675,85.665647,39.561337,42.832823,17810,5860,0.261905,852.000000,0.000000,35.000000,2.267440,1.713313
0,-0.000000,0.218750,0.122807,19.505156,0.000000,752.772096,1691.662132,81.776175,86.357072,40.888088,43.178536,18290,1340,0.218750,804.000000,0.000000,40.000000,2.898914,1.727141
0,0.000021,0.033333,0.040816,0.285685,0.000000,863.673554,1258.689751,90.788802,85.356251,45.394401,42.678126,21420,17130,0.042553,920.000000,0.000000,45.000000,1.815824,1.707125
0,0.000003,0.666667,0.245614,0.964505,0.000000,216.125000,901.728516,82.404705,85.665647,41.202353,42.832823,12380,5390,0.666667,2094.000000,0.000000,40.000000,1.659032,1.713313
0,-0.000000,0.241379,0.122807,0.260928,0.000000,1014.926391,1691.662132,86.604033,86.357072,43.302017,43.178536,16250,10,0.241379,1008.000000,0.000000,40.000000,1.732124,1.727141
0,-0.000000,0.100000,0.050000,4.546467,0.000000,490.974174,89.888889,89.080691,86.357072,44.540345,43.178536,22880,10680,0.100000,345.000000,0.000000,40.000000,1.806769,1.727141
0,-0.000000,0.222222,0.200000,109.626502,0.272126,2896.666667,957.120000,77.486968,57.207415,38.743484,28.603707,13670,12140,0.222222,473.000000,0.000000,35.000000,3.682740,1.144187
0,-0.000000,0.777778,0.700000,2.244726,0.360958,133.748299,1402.500000,79.994524,59.563214,39.997262,29.781607,12970,7060,0.777778,543.000000,0.000000,35.000000,1.646375,1.191311
0,-0.000001,0.076923,0.058824,109.619565,0.457823,2869.081633,1759.620000,76.930482,79.236522,38.465241,39.618261,12140,7760,0.076923,473.000000,0.000000,35.000000,3.671609,1.584790
0,-0.000000,0.250000,0.250000,0.002765,0.036103,39.000000,156.000000,40.000000,79.528426,20.000000,39.764213,3960,10,0.500000,1091.000000,0.000000,15.000000,0.800000,1.590573
0,0.000000,0.222222,0.222222,1.167470,0.446929,144.912500,1498.240000,72.667855,80.299708,36.333927,40.149854,6940,4910,0.222222,601.000000,0.000000,35.000000,1.494686,1.606061
0,-0.000000,0.071429,0.114754,0.333511,0.000000,824.333333,2497.389256,84.273716,98.753859,42.136858,49.376930,4780,490,0.125000,985.000000,0.000000,40.000000,1.685542,1.975077
0,-0.000000,0.029412,0.114754,19.658821,0.000000,1070.332096,2497.389256,90.858432,98.753859,45.429216,49.376930,6340,1340,0.125000,829.000000,0.000000,45.000000,3.080593,1.975077
0,-0.000000,0.166667,0.083333,1.094074,0.000000,2600.991111,609.289256,75.748971,90.607516,37.874486,45.303758,19890,10070,0.285714,1368.000000,0.000000,35.000000,1.515210,1.812150
0,-0.000005,0.222222,0.200000,0.000000,0.000000,881.395182,643.067034,75.615515,83.851565,37.807757,41.925783,14290,10,0.222222,34.000000,0.000000,35.000000,1.512310,1.677031
0,0.000000,0.090909,0.090909,1.113769,0.000000,863.797960,590.358701,86.506816,88.934162,43.253408,44.467081,18390,14430,0.090909,20.000000,0.000000,40.000000,1.744897,1.778683
0,0.000000,0.333333,0.333333,0.255163,0.000000,799.614744,626.539256,89.868365,91.521311,44.934183,45.760655,12330,8520,0.333333,230.000000,0.000000,40.000000,1.797408,1.830426
0,-0.000013,0.214286,0.206897,10.920641,0.000000,1325.448516,903.289256,89.589647,90.444747,44.794823,45.222373,33270,33030,0.214286,30.000000,0.000000,40.000000,1.908675,1.808895
0,0.000000,0.200000,0.200000,7.913107,0.000000,212.877551,1455.469388,78.288548,81.282669,39.144274,40.641334,12570,8730,0.200000,34.000000,0.000000,35.000000,2.020326,1.625653
0,0.000000,0.029412,0.029412,7.913107,0.000000,2501.896070,2887.569388,88.290199,88.515756,44.145099,44.257878,8730,5250,0.029412,34.000000,0.000000,40.000000,2.220359,1.770315
0,0.000000,0.166667,0.166667,7.913107,0.000000,104.877551,1016.719388,78.290142,81.283208,39.145071,40.641604,10480,8730,0.166667,34.000000,0.000000,35.000000,2.020358,1.625664
0,0.000000,0.400000,0.400000,0.298144,0.000000,980.212279,1065.289256,89.982962,91.520772,44.991481,45.760386,14030,12310,0.400000,60.000000,0.000000,40.000000,1.799705,1.830415
0,0.000000,0.250000,0.250000,0.253546,0.000000,773.703125,577.289256,50.001125,89.928835,25.000562,44.964418,27910,10,0.250000,566.000000,0.000000,25.000000,1.000065,1.798577
0,0.000000,0.090909,0.090909,1.113769,0.000000,863.797960,590.358701,86.506816,88.934162,43.253408,44.467081,33370,18390,0.090909,20.000000,0.000000,40.000000,1.744897,1.778683
0,0.000003,0.875000,0.794118,31.729297,0.000000,761.641975,1520.758644,64.761008,89.619615,32.380504,44.809808,5860,300,0.909091,877.000000,0.000000,30.000000,1.980185,1.792392
0,-0.000000,0.032258,0.114754,58.321363,0.000000,909.361902,2497.389256,78.907922,98.753859,39.453961,49.376930,24800,1570,0.125000,877.000000,0.000000,35.000000,3.888933,1.975077
0,0.000003,0.875000,0.794118,0.010818,0.000000,63.668503,1520.758644,51.997319,89.619615,25.998659,44.809808,24510,10,0.909091,906.000000,0.000000,25.000000,1.039948,1.792392
0,-0.000000,0.118644,0.114754,20.315226,0.000000,3491.289485,2497.389256,97.983437,98.753859,48.991718,49.376930,13290,4250,0.118644,134.000000,0.000000,45.000000,2.033612,1.975077
0,-0.000000,0.285714,0.083333,31.893253,0.000000,1220.419753,609.289256,78.017493,90.607516,39.008747,45.303758,14980,5860,0.285714,877.000000,0.000000,35.000000,2.245344,1.812150
0,-0.000000,0.118644,0.114754,20.315226,0.000000,3491.289485,2497.389256,97.983437,98.753859,48.991718,49.376930,32230,4250,0.118644,134.000000,0.000000,45.000000,2.033612,1.975077
0,0.000000,0.029412,0.029412,7.913107,0.000000,2501.896070,2887.569388,88.290199,88.515756,44.145099,44.257878,9290,8730,0.029412,34.000000,0.000000,40.000000,2.220359,1.770315
0,-0.000013,0.214286,0.206897,10.920641,0.000000,1325.448516,903.289256,89.589647,90.444747,44.794823,45.222373,33030,14330,0.214286,30.000000,0.000000,40.000000,1.908675,1.808895
0,0.000000,0.250000,0.250000,0.253546,0.000000,773.703125,577.289256,50.001125,89.928835,25.000562,44.964418,8970,10,0.250000,566.000000,0.000000,25.000000,1.000065,1.798577
0,0.000000,0.400000,0.400000,0.298144,0.000000,980.212279,1065.289256,89.982962,91.520772,44.991481,45.760386,32970,12310,0.400000,60.000000,0.000000,40.000000,1.799705,1.830415
0,-0.000000,0.029412,0.114754,19.658821,0.000000,1070.332096,2497.389256,90.858432,98.753859,45.429216,49.376930,25280,1340,0.125000,829.000000,0.000000,45.000000,3.080593,1.975077
0,-0.000005,0.222222,0.200000,0.000000,0.000000,881.395182,643.067034,75.615515,83.851565,37.807757,41.925783,33230,10,0.222222,34.000000,0.000000,35.000000,1.512310,1.677031
0,0.000000,0.029412,0.029412,7.913107,0.000000,2501.896070,2887.569388,88.290199,88.515756,44.145099,44.257878,10000,8730,0.029412,34.000000,0.000000,40.000000,2.220359,1.770315
0,0.000000,0.333333,0.333333,0.255163,0.000000,799.614744,626.539256,89.868365,91.521311,44.934183,45.760655,31270,8520,0.333333,230.000000,0.000000,40.000000,1.797408,1.830426
0,0.000000,0.040000,0.040000,10.221897,0.337765,2151.159138,1215.689751,89.469445,90.592747,44.734723,45.296373,30780,8980,0.040000,42.000000,0.000000,40.000000,1.844067,1.811902
0,0.000000,0.040000,0.040000,10.221897,0.337765,2151.159138,1215.689751,89.469445,90.592747,44.734723,45.296373,31370,8980,0.040000,42.000000,0.000000,40.000000,1.844067,1.811902
0,0.000000,0.040000,0.040000,10.221897,0.337765,2151.159138,1215.689751,89.469445,90.592747,44.734723,45.296373,20860,8980,0.040000,42.000000,0.000000,40.000000,1.844067,1.811902
0,-0.000000,0.250000,0.142857,0.874286,0.235422,642.000000,846.222222,77.848509,79.897486,38.924254,39.948743,15050,5670,0.250000,381.000000,0.000000,35.000000,1.557764,1.597983
0,-0.000000,0.071429,0.043478,5.083973,4.539669,16697.995556,16455.555556,82.104071,80.483318,41.052035,40.241659,30490,7750,0.071429,173.000000,0.000000,40.000000,1.642855,1.610293
0,-0.000001,0.500000,0.034483,0.000000,0.635453,74.320000,2302.140000,63.706770,89.300085,31.853385,44.650042,10,10,0.500000,1005.000000,0.000000,30.000000,1.274135,1.786090
0,-0.000001,0.800000,0.827586,2.267195,0.110519,60.120000,370.040000,97.040103,39.300085,48.520052,19.650042,16420,10,1.000000,1005.000000,0.000000,45.000000,2.141590,0.000000
0,-0.000022,0.142857,0.125000,0.039451,1.350884,109.040000,4046.000000,88.494822,38.038077,44.247411,19.019038,6060,5250,0.200000,782.000000,0.000000,40.000000,1.769904,0.000000
0,-0.000003,0.111111,0.103448,20.101575,0.524934,2807.284208,1932.100000,97.983437,50.000000,48.991718,25.000000,12110,4250,0.111111,177.000000,0.000000,45.000000,2.033579,0.000000
0,-0.000003,0.500000,0.103448,2.267195,0.524934,39.800000,1932.100000,66.666667,50.000000,33.333333,25.000000,3830,10,0.500000,1005.000000,0.000000,30.000000,1.534121,0.000000
0,-0.000000,0.071429,0.062500,23.962070,0.100611,478.784352,432.000000,78.444051,39.793193,39.222026,19.896597,10820,7790,0.071429,609.000000,0.000000,35.000000,2.218921,0.000000
0,-0.000022,0.142857,0.125000,0.039451,1.350884,109.040000,4046.000000,88.494822,38.038077,44.247411,19.019038,18650,5250,0.200000,782.000000,0.000000,40.000000,1.769904,0.000000
0,-0.000000,0.083333,0.076923,0.070547,0.008713,252.076923,46.080000,87.177315,41.249973,43.588658,20.624986,17040,9650,0.083333,423.000000,0.000000,40.000000,1.743556,0.000000
0,0.000000,0.166667,0.333333,1.537082,0.031571,200.166667,180.000000,89.999961,42.000000,44.999980,21.000000,11630,6190,0.333333,769.000000,0.000000,40.000000,1.855036,0.000000
0,-0.000000,0.083333,0.076923,0.070547,0.008713,252.076923,46.080000,87.177315,41.249973,43.588658,20.624986,22240,17040,0.083333,423.000000,0.000000,40.000000,1.743556,0.000000
0,-0.000003,0.100000,0.103448,1.723203,0.524934,160.572096,1932.100000,91.935327,50.000000,45.967663,25.000000,17750,2050,0.142857,872.000000,0.000000,45.000000,1.848722,0.000000
0,-0.000011,0.100000,0.062500,4.837786,1.461403,325.491124,4416.040000,74.873565,77.338162,37.436783,38.669081,7580,4570,0.100000,549.000000,0.000000,35.000000,1.538104,1.547005
0,0.000000,0.166667,0.285714,0.091263,0.014455,357.562130,80.000000,88.959797,40.000000,44.479899,20.000000,20310,12310,0.285714,616.000000,0.000000,40.000000,1.779208,0.000000
0,-0.000003,0.111111,0.103448,20.101575,0.524934,2807.284208,1932.100000,97.983437,50.000000,48.991718,25.000000,24700,4250,0.111111,177.000000,0.000000,45.000000,2.033579,0.000000
0,-0.000001,0.038462,0.034483,20.087287,0.635453,2755.834740,2302.140000,91.619800,89.300085,45.809900,44.650042,8290,4250,0.038462,177.000000,0.000000,45.000000,1.906304,1.786090
0,0.000000,0.166667,0.333333,1.537082,0.031571,200.166667,180.000000,89.999961,42.000000,44.999980,21.000000,18780,11630,0.333333,769.000000,0.000000,40.000000,1.855036,0.000000
0,-0.000003,0.100000,0.103448,1.723203,0.524934,160.572096,1932.100000,91.935327,50.000000,45.967663,25.000000,5160,2050,0.142857,872.000000,0.000000,45.000000,1.848722,0.000000
0,-0.000003,0.500000,0.103448,2.267195,0.524934,39.800000,1932.100000,66.666667,50.000000,33.333333,25.000000,16420,10,0.500000,1005.000000,0.000000,30.000000,1.534121,0.000000
0,0.000000,0.727273,1.000000,1.338330,0.000000,2982.402963,0.000000,44.648862,0.000000,22.324431,0.000000,12600,10,1.000000,1387.000000,0.000000,20.000000,0.893279,0.000000
0,0.000000,0.166667,0.285714,0.091263,0.014455,357.562130,80.000000,88.959797,40.000000,44.479899,20.000000,12310,7720,0.285714,616.000000,0.000000,40.000000,1.779208,0.000000
0,-0.000000,0.071429,0.062500,23.962070,0.100611,478.784352,432.000000,78.444051,39.793193,39.222026,19.896597,20380,10820,0.071429,609.000000,0.000000,35.000000,2.218921,0.000000
0,-0.000001,0.800000,0.827586,2.267195,0.110519,60.120000,370.040000,97.040103,39.300085,48.520052,19.650042,3830,10,1.000000,1005.000000,0.000000,45.000000,2.141590,0.000000
0,-0.000001,0.071429,0.034483,1.771785,0.635453,277.732096,2302.140000,82.719396,89.300085,41.359698,44.650042,2050,1340,0.071429,872.000000,0.000000,40.000000,1.664414,1.786090
0,-0.000006,0.428571,0.300000,7.877838,0.028595,728.000000,115.600000,79.419626,40.281666,39.709813,20.140833,8920,3350,0.428571,962.000000,0.000000,35.000000,1.650889,0.000000
0,-0.000000,0.083333,0.071429,33.893575,0.745746,7916.666667,2763.000000,81.496874,77.121513,40.748437,38.560757,15740,12400,0.083333,413.000000,0.000000,40.000000,1.712067,1.542531
0,-0.000021,0.615385,0.458333,6.537430,0.224889,304.720000,785.848889,89.092811,82.341352,44.546405,41.170676,17060,7690,0.700000,803.000000,0.000000,40.000000,1.884699,1.646859
0,-0.000021,0.615385,0.458333,6.537430,0.224889,304.720000,785.848889,89.092811,82.341352,44.546405,41.170676,17060,11060,0.700000,803.000000,0.000000,40.000000,1.884699,1.646859
0,-0.000005,0.105263,0.080000,8.030794,1.720989,16467.555556,6517.688889,80.148270,89.813654,40.074135,44.906827,29040,11610,0.105263,411.000000,0.000000,40.000000,1.716257,1.796500
0,0.000000,0.080000,0.080000,5.404839,1.720989,6332.800000,6517.688889,81.000702,89.813654,40.500351,44.906827,32850,7140,0.080000,30.000000,0.000000,40.000000,1.637861,1.796500
0,-0.000005,0.105263,0.080000,8.030794,1.720989,16467.555556,6517.688889,80.148270,89.813654,40.074135,44.906827,29040,14980,0.105263,411.000000,0.000000,40.000000,1.716257,1.796500
0,0.000096,0.076923,0.458333,0.019895,0.224889,172.736529,785.848889,87.326990,82.341352,43.663495,41.170676,17660,10,0.458333,743.000000,0.000000,40.000000,1.746543,1.646859
0,-0.000091,0.166667,0.111111,1.154486,0.000000,444.240000,2473.527778,85.769423,85.832203,42.884711,42.916102,9910,8090,0.166667,227.000000,0.000000,40.000000,1.716998,1.716644
0,-0.000091,0.166667,0.111111,1.154486,0.000000,444.240000,2473.527778,85.769423,85.832203,42.884711,42.916102,14300,9910,0.166667,227.000000,0.000000,40.000000,1.716998,1.716644
0,-0.000091,0.166667,0.111111,1.154486,0.000000,444.240000,2473.527778,85.769423,85.832203,42.884711,42.916102,22720,9910,0.166667,227.000000,0.000000,40.000000,1.716998,1.716644
0,-0.000000,0.071429,0.062500,0.159108,0.000000,537.421111,1590.720000,91.078399,81.908633,45.539199,40.954316,28390,15470,0.071429,389.000000,0.000000,45.000000,1.821592,1.638173
0,-0.000000,0.071429,0.062500,0.159108,0.000000,537.421111,1590.720000,91.078399,81.908633,45.539199,40.954316,18470,15470,0.071429,389.000000,0.000000,45.000000,1.821592,1.638173
0,-0.000000,0.142857,0.125000,0.187626,0.000000,617.310000,1471.875000,81.452558,73.955487,40.726279,36.977743,15470,7300,0.142857,389.000000,0.000000,40.000000,1.629080,1.479110
0,-0.000000,0.071429,0.062500,0.159108,0.000000,537.421111,1590.720000,91.078399,81.908633,45.539199,40.954316,28980,15470,0.071429,389.000000,0.000000,45.000000,1.821592,1.638173
0,-0.000000,0.875000,0.777778,0.097673,0.154118,282.950033,686.000000,60.000000,91.530271,30.000000,45.765135,11440,10,0.875000,1102.000000,0.000000,30.000000,1.200019,1.830623
0,-0.000000,0.125000,0.111111,0.009989,1.512913,55.347222,5721.000000,39.207044,82.601635,19.603522,41.300817,270,10,0.125000,1102.000000,0.000000,15.000000,0.784143,1.652234
0,0.000000,0.777778,0.611111,0.138831,1.577827,388.423554,5917.000000,59.767947,86.946964,29.883974,43.473482,11180,10,0.818182,1128.000000,0.000000,25.000000,1.195386,1.739150
0,-0.000000,0.875000,0.777778,0.097673,0.154118,282.950033,686.000000,60.000000,91.530271,30.000000,45.765135,21360,10,0.875000,1102.000000,0.000000,30.000000,1.200019,1.830623
0,0.000000,0.111111,0.111111,0.002893,0.044602,33.687500,245.000000,52.333404,43.592471,26.166702,21.796236,10350,10,0.111111,68.000000,0.000000,25.000000,1.046668,0.000000
0,-0.000000,0.500000,0.400000,1.069228,0.142269,528.340265,553.000000,89.444518,88.928534,44.722259,44.464267,18380,2140,0.500000,408.000000,0.000000,40.000000,1.809876,1.778589
0,0.000000,0.222222,0.285714,2.309988,0.176477,462.609375,735.000000,83.080947,89.296230,41.540474,44.648115,18000,16470,0.285714,1438.000000,0.000000,40.000000,1.678239,1.785946
0,0.000000,0.222222,0.285714,2.309988,0.176477,462.609375,735.000000,83.080947,89.296230,41.540474,44.648115,18590,16470,0.285714,1438.000000,0.000000,40.000000,1.678239,1.785946
0,-0.000000,0.500000,0.400000,1.069228,0.142269,528.340265,553.000000,89.444518,88.928534,44.722259,44.464267,28890,2140,0.500000,408.000000,0.000000,40.000000,1.809876,1.778589
0,0.000000,0.153846,0.153846,2.114355,0.383270,1682.913223,1453.500000,88.431637,88.374945,44.215819,44.187472,20300,18510,0.153846,216.000000,0.000000,40.000000,1.771112,1.767550
0,0.000000,0.153846,0.153846,2.114355,0.383270,1682.913223,1453.500000,88.431637,88.374945,44.215819,44.187472,30810,18510,0.153846,216.000000,0.000000,40.000000,1.771112,1.767550
0,0.000000,0.777778,0.611111,0.138831,1.577827,388.423554,5917.000000,59.767947,86.946964,29.883974,43.473482,21100,10,0.818182,1128.000000,0.000000,25.000000,1.195386,1.739150
0,-0.000000,0.500000,0.400000,1.069228,0.142269,528.340265,553.000000,89.444518,88.928534,44.722259,44.464267,28300,2140,0.500000,408.000000,0.000000,40.000000,1.809876,1.778589
0,0.000000,0.222222,0.285714,2.309988,0.176477,462.609375,735.000000,83.080947,89.296230,41.540474,44.648115,16470,8080,0.285714,1438.000000,0.000000,40.000000,1.678239,1.785946
0,0.000000,0.777778,0.611111,0.138831,1.577827,388.423554,5917.000000,59.767947,86.946964,29.883974,43.473482,21690,10,0.818182,1128.000000,0.000000,25.000000,1.195386,1.739150
0,-0.000000,0.875000,0.777778,0.097673,0.154118,282.950033,686.000000,60.000000,91.530271,30.000000,45.765135,21950,10,0.875000,1102.000000,0.000000,30.000000,1.200019,1.830623
0,0.000000,0.153846,0.153846,2.114355,0.383270,1682.913223,1453.500000,88.431637,88.374945,44.215819,44.187472,30220,18510,0.153846,216.000000,0.000000,40.000000,1.771112,1.767550
0,0.000000,0.600000,0.600000,0.293433,0.108955,1097.485000,441.000000,58.333404,49.535895,29.166702,24.767947,32290,10,0.600000,75.000000,0.000000,25.000000,1.166708,0.000000
0,0.000000,0.600000,0.600000,0.293433,0.108955,1097.485000,441.000000,58.333404,49.535895,29.166702,24.767947,21780,10,0.600000,75.000000,0.000000,25.000000,1.166708,0.000000
0,0.000000,0.100000,0.100000,0.016550,0.015864,96.152778,77.777778,47.808298,41.394184,23.904149,20.697092,1180,10,0.100000,75.000000,0.000000,20.000000,0.956168,0.000000
0,0.000000,0.600000,0.600000,0.293433,0.108955,1097.485000,441.000000,58.333404,49.535895,29.166702,24.767947,31700,10,0.600000,75.000000,0.000000,25.000000,1.166708,0.000000
0,0.000000,0.400000,0.400000,0.000000,0.014594,82.375000,64.000000,47.006557,40.000000,23.503278,20.000000,4620,10,0.400000,736.000000,0.000000,20.000000,0.940131,0.000000
0,-0.000000,0.285714,0.250000,3.521896,0.075486,138.805556,288.000000,83.940767,39.974365,41.970384,19.987182,9300,5090,0.285714,619.000000,0.000000,40.000000,1.736193,0.000000
0,-0.000000,0.100000,0.100000,53.135135,0.105093,3258.375000,407.680000,68.023077,40.698352,34.011538,20.349176,9400,1400,0.111111,597.000000,0.000000,30.000000,1.796163,0.000000
0,0.000000,0.571429,0.500000,4.533905,0.105239,206.250000,401.111111,82.090916,40.740273,41.045458,20.370136,4980,4740,0.571429,630.000000,0.000000,40.000000,1.700324,0.000000
0,-0.000000,0.038462,0.035714,31.992646,0.000000,2131.084688,1888.739645,82.660787,88.240131,41.330393,44.120066,32610,24190,0.038462,259.000000,0.000000,40.000000,2.080504,1.764803
0,-0.000000,0.045455,0.041667,31.077241,0.000000,2886.680556,3797.000000,75.089820,78.926171,37.544910,39.463086,24490,15500,0.045455,229.000000,0.000000,35.000000,1.777705,1.578523
0,-0.000000,0.038462,0.035714,31.992646,0.000000,2131.084688,1888.739645,82.660787,88.240131,41.330393,44.120066,24190,13670,0.038462,259.000000,0.000000,40.000000,2.080504,1.764803
0,-0.000000,0.800000,0.400000,12.072162,0.401673,1895.600000,1562.805293,87.500000,49.255829,43.750000,24.627915,10030,10,0.800000,199.000000,0.000000,40.000000,1.790582,0.000000
0,0.000000,0.200000,0.200000,0.890857,0.010398,125.069444,36.972222,75.746490,40.804698,37.873245,20.402349,18390,120,0.200000,188.000000,0.000000,35.000000,1.529657,0.000000
0,-0.000000,0.800000,0.400000,12.072162,0.401673,1895.600000,1562.805293,87.500000,49.255829,43.750000,24.627915,9320,10,0.800000,199.000000,0.000000,40.000000,1.790582,0.000000
0,-0.000000,0.800000,0.400000,12.072162,0.401673,1895.600000,1562.805293,87.500000,49.255829,43.750000,24.627915,5280,10,0.800000,199.000000,0.000000,40.000000,1.790582,0.000000
0,-0.000000,0.400000,0.250000,0.677882,0.054600,2564.000000,248.326531,80.003517,40.526275,40.001759,20.263138,30940,12440,0.400000,465.000000,0.000000,40.000000,1.600160,0.000000
0,0.000000,0.833333,0.833333,2.204586,0.000000,243.360000,500.000000,78.321375,41.592471,39.160687,20.796236,11630,2370,0.833333,966.000000,0.000000,35.000000,1.603161,0.000000
0,-0.000000,0.166667,0.142857,0.063865,0.000000,228.326531,396.000000,80.813160,40.805668,40.406580,20.402834,17040,5830,0.166667,620.000000,0.000000,40.000000,1.616272,0.000000
0,0.000000,0.500000,0.636364,0.212661,0.000000,618.555556,148.500000,40.590598,60.031034,20.295299,30.015517,10660,10,0.666667,1356.000000,0.000000,20.000000,0.811850,1.200621
0,-0.000013,0.111111,0.095238,1.723996,0.000000,5840.333333,2820.877551,91.667024,68.767180,45.833512,34.383590,21480,10900,0.111111,274.000000,0.000000,45.000000,1.833596,1.375344
0,-0.000013,0.111111,0.095238,1.723996,0.000000,5840.333333,2820.877551,91.667024,68.767180,45.833512,34.383590,33870,21480,0.111111,274.000000,0.000000,45.000000,1.833596,1.375344
0,0.000000,0.181818,0.181818,1.130810,0.000000,959.884444,3883.277778,74.087200,81.761104,37.043600,40.880552,13760,11730,0.181818,184.000000,0.000000,35.000000,1.500681,1.635222
0,-0.000038,0.500000,0.285714,0.080699,0.000000,249.000000,3788.777778,47.036282,59.264431,23.518141,29.632215,8630,10,0.500000,1559.000000,0.000000,20.000000,0.940740,1.185289
0,-0.000013,0.111111,0.095238,1.723996,0.000000,5840.333333,2820.877551,91.667024,68.767180,45.833512,34.383590,32340,21480,0.111111,274.000000,0.000000,45.000000,1.833596,1.375344
0,-0.000250,0.500000,0.285714,0.000000,0.000000,237.000000,58.250000,78.181884,53.406813,39.090942,26.703406,6710,10,0.500000,1751.000000,0.000000,35.000000,1.563638,1.068136
0,0.000000,0.200000,0.200000,0.014323,0.004280,83.755102,19.755102,55.790554,38.910685,27.895277,19.455342,12310,10,0.200000,93.000000,0.000000,25.000000,1.115813,0.000000
0,-0.000000,0.200000,0.434783,2.539456,0.182405,9420.000000,729.687500,75.661009,79.655818,37.830504,39.827909,32630,15130,0.476190,215.000000,0.000000,35.000000,1.513562,1.593139
0,0.000000,0.111111,0.111111,1.703154,0.163679,6324.480000,707.680000,80.271048,80.767017,40.135524,40.383509,32640,14600,0.111111,214.000000,0.000000,40.000000,1.605650,1.615359
0,-0.000043,0.250000,0.185185,8.697048,0.153447,8628.500000,617.520000,71.811673,73.420564,35.905837,36.710282,24560,16500,0.250000,1022.000000,0.000000,35.000000,1.512596,1.468431
0,-0.000000,0.500000,0.428571,1.312973,0.698598,2915.000000,2601.000000,77.718824,40.610298,38.859412,20.305149,7930,1800,0.666667,1347.000000,0.000000,35.000000,1.554672,0.000000
0,0.000013,0.090909,0.133333,0.387759,1.233029,1261.861111,4785.687500,77.256990,85.061401,38.628495,42.530700,16040,7750,0.133333,144.000000,0.000000,35.000000,1.545199,1.701387
0,-0.000000,0.040000,0.038462,0.462474,1.369527,1703.390625,5368.500000,80.365396,85.275369,40.182698,42.637685,21820,8680,0.040000,51.000000,0.000000,40.000000,1.607371,1.705682
0,-0.000000,0.090909,0.052632,0.986295,0.208267,583.111111,776.556100,83.349594,91.914062,41.674797,45.957031,12550,10730,0.090909,159.000000,0.000000,40.000000,1.668188,1.838309
0,-0.000000,0.142857,0.111111,0.033196,0.007299,137.500000,25.862222,48.351394,42.441979,24.175697,21.220989,11510,10,0.142857,263.000000,0.000000,20.000000,0.967032,0.000000
0,-0.000000,0.500000,0.105263,0.528962,0.385840,1409.400000,1561.862222,40.290592,83.262231,20.145296,41.631115,14210,10,0.666667,1413.000000,0.000000,20.000000,0.805913,1.665292
0,-0.000000,0.090909,0.052632,0.986295,0.208267,583.111111,776.556100,83.349594,91.914062,41.674797,45.957031,16940,12550,0.090909,159.000000,0.000000,40.000000,1.668188,1.838309
0,-0.000298,0.444444,0.363636,0.104682,0.225926,356.062500,843.173878,58.215494,88.215887,29.107747,44.107944,20410,10,0.444444,654.000000,0.000000,25.000000,1.164326,1.764348
0,-0.000298,0.444444,0.363636,0.104682,0.225926,356.062500,843.173878,58.215494,88.215887,29.107747,44.107944,11990,10,0.444444,654.000000,0.000000,25.000000,1.164326,1.764348
0,-0.000000,0.571429,0.444444,0.099206,0.200968,371.591837,750.693878,57.245313,49.472083,28.622656,24.736042,9690,10,0.571429,263.000000,0.000000,25.000000,1.144920,0.000000
0,-0.000000,0.571429,0.444444,0.099206,0.200968,371.591837,750.693878,57.245313,49.472083,28.622656,24.736042,15900,10,0.571429,263.000000,0.000000,25.000000,1.144920,0.000000
0,-0.000298,0.444444,0.363636,0.104682,0.225926,356.062500,843.173878,58.215494,88.215887,29.107747,44.107944,5780,10,0.444444,654.000000,0.000000,25.000000,1.164326,1.764348
0,-0.000000,0.571429,0.444444,0.099206,0.200968,371.591837,750.693878,57.245313,49.472083,28.622656,24.736042,24320,10,0.571429,263.000000,0.000000,25.000000,1.144920,0.000000
0,-0.000000,0.090909,0.052632,0.986295,0.208267,583.111111,776.556100,83.349594,91.914062,41.674797,45.957031,25360,12550,0.090909,159.000000,0.000000,40.000000,1.668188,1.838309
0,0.000000,1.000000,1.000000,0.255273,0.378541,987.750000,1536.000000,50.389799,40.820252,25.194899,20.410126,25710,10,1.000000,263.000000,0.000000,25.000000,1.007830,0.000000
0,0.000000,1.000000,1.000000,0.310361,0.403499,1083.163740,1628.480000,47.146794,79.564056,23.573397,39.782028,21800,10,1.000000,654.000000,0.000000,20.000000,0.942981,1.591331
0,-0.000000,0.571429,0.444444,0.007518,0.024958,41.312500,92.480000,51.998393,38.743804,25.999197,19.371902,3920,10,0.571429,263.000000,0.000000,25.000000,1.039969,0.000000
0,0.000000,0.083333,0.090909,8.565815,0.000000,1494.055556,513.625000,74.207937,80.814304,37.103968,40.407152,13770,9320,0.090909,357.000000,0.000000,35.000000,1.523387,1.616286
0,-0.000000,0.200000,0.142857,0.896023,0.000000,169.069444,1481.555556,79.531083,86.277971,39.765542,43.138986,18390,5410,0.200000,366.000000,0.000000,35.000000,1.605349,1.725559
0,-0.000000,0.090909,0.080000,0.959449,0.000000,427.317378,1049.506667,77.520834,87.471418,38.760417,43.735709,33130,18390,0.090909,366.000000,0.000000,35.000000,1.565151,1.749428
0,-0.000000,0.090909,0.076923,0.865858,0.000000,49.069444,809.635556,78.671707,89.064598,39.335853,44.532299,18390,8380,0.090909,366.000000,0.000000,35.000000,1.588157,1.781292
0,-0.000000,0.666667,0.500000,0.510648,0.139641,32.000000,448.000000,58.982458,39.726146,29.491229,19.863073,6090,10,0.666667,745.000000,0.000000,25.000000,1.187798,0.000000
0,-0.000000,0.133333,0.117647,0.235579,0.000000,927.343333,115.638889,79.529812,79.593135,39.764906,39.796568,14240,5690,0.133333,228.000000,0.000000,35.000000,1.590626,1.591863
0,0.000000,0.470588,0.470588,0.281793,0.000000,791.003086,112.090909,77.621703,82.510691,38.810851,41.255346,15270,13420,0.470588,125.000000,0.000000,35.000000,1.552532,1.650214
0,0.000000,0.076923,0.076923,6.581319,0.000000,823.730000,156.480000,77.271422,81.577971,38.635711,40.788986,15900,6460,0.076923,62.000000,0.000000,35.000000,1.779608,1.631559
0,0.000000,0.259259,0.259259,2.739906,0.000000,423.369600,1814.284024,97.916667,97.033097,48.958333,48.516549,17000,16370,0.259259,162.000000,0.000000,45.000000,1.976617,1.940662
0,0.000000,0.259259,0.259259,2.739906,0.000000,423.369600,1814.284024,97.916667,97.033097,48.958333,48.516549,35940,6700,0.259259,162.000000,0.000000,45.000000,1.976617,1.940662
0,0.000000,0.259259,0.259259,2.739906,0.000000,423.369600,1814.284024,97.916667,97.033097,48.958333,48.516549,17000,6700,0.259259,162.000000,0.000000,45.000000,1.976617,1.940662
0,0.000000,0.259259,0.259259,2.739906,0.000000,423.369600,1814.284024,97.916667,97.033097,48.958333,48.516549,35940,16370,0.259259,162.000000,0.000000,45.000000,1.976617,1.940662
0,-0.000000,0.083333,0.048780,7.845965,0.131615,2866.586990,483.284024,85.334314,48.090457,42.667157,24.045228,24100,10510,0.083333,820.000000,0.000000,40.000000,1.732644,0.000000
0,0.000244,0.400000,0.500000,1.499580,0.092316,5132.777778,400.000000,79.214108,40.000000,39.607054,20.000000,22770,12440,0.500000,953.000000,0.000000,35.000000,1.584501,0.000000
0,0.000000,0.428571,0.428571,0.901639,0.256729,2017.534722,1000.000000,77.595746,40.470073,38.797873,20.235037,31720,16740,0.428571,58.000000,0.000000,35.000000,1.552230,0.000000
0,0.000000,0.400000,0.400000,19.942144,0.016141,1405.041322,64.000000,70.905955,39.967299,35.452977,19.983650,30090,460,0.400000,221.000000,0.000000,35.000000,1.566132,0.000000
0,-0.000000,0.083333,0.048780,7.845965,0.131615,2866.586990,483.284024,85.334314,48.090457,42.667157,24.045228,29450,24100,0.083333,820.000000,0.000000,40.000000,1.732644,0.000000
0,-0.000001,0.133333,0.043478,13.736316,0.010591,2391.183673,51.638889,78.280485,39.773124,39.140242,19.886562,27900,3800,0.133333,440.000000,0.000000,35.000000,1.605567,0.000000
0,-0.000000,0.133333,0.117647,0.365612,0.000000,1378.020833,1239.250000,78.213641,70.124800,39.106821,35.062400,17940,16710,0.133333,325.000000,0.000000,35.000000,1.564321,1.402496
0,-0.000000,0.400000,0.285714,0.165007,0.000000,600.333333,900.000000,78.985625,69.100375,39.492813,34.550188,17040,6760,0.400000,415.000000,0.000000,35.000000,1.579735,1.382008
0,-0.000000,0.117647,0.100000,0.096898,0.000000,375.905931,351.638889,79.402307,69.188813,39.701153,34.594407,17860,4930,0.117647,333.000000,0.000000,35.000000,1.588059,1.383776
0,-0.000000,0.133333,0.100000,0.457598,0.000000,1592.888889,3838.888889,80.804641,69.389272,40.402321,34.694636,22650,14680,0.133333,651.000000,0.000000,40.000000,1.616159,1.387785
0,0.000000,0.333333,0.333333,0.058352,0.000000,292.687500,336.000000,50.000027,58.198140,25.000014,29.099070,20880,10,0.333333,31.000000,0.000000,25.000000,1.000007,1.163963
0,-0.000009,0.222222,0.153846,3.698645,0.000000,531.226667,474.240000,79.969444,64.234833,39.984722,32.117416,16040,12170,0.222222,515.000000,0.000000,35.000000,1.678546,1.284697
0,-0.000001,0.166667,0.083333,1.713488,0.000000,1291.875556,1202.500000,75.697737,68.873349,37.848868,34.436675,14340,9410,0.166667,685.000000,0.000000,35.000000,1.536104,1.377467
0,0.000000,0.076923,0.076923,1.042397,0.484299,1614.113664,1824.851111,83.315987,89.038354,41.657993,44.519177,13490,3220,0.076923,102.000000,0.000000,40.000000,1.680090,1.780832
0,0.000000,0.076923,0.076923,1.042397,0.484299,1614.113664,1824.851111,83.315987,89.038354,41.657993,44.519177,8740,3220,0.076923,102.000000,0.000000,40.000000,1.680090,1.780832
0,0.000000,0.076923,0.076923,1.042397,0.484299,1614.113664,1824.851111,83.315987,89.038354,41.657993,44.519177,12780,3220,0.076923,102.000000,0.000000,40.000000,1.680090,1.780832
0,-0.000000,0.157895,0.148148,12.552217,0.000000,2880.613878,5588.280000,74.046802,79.357368,37.023401,39.678684,16580,10720,0.200000,1266.000000,0.000000,35.000000,1.735527,1.587147
0,0.000000,0.444444,0.444444,0.399639,0.000000,854.000000,2679.360000,73.556284,79.811393,36.778142,39.905697,22530,9550,0.444444,85.000000,0.000000,35.000000,1.471530,1.596228
0,-0.000000,0.076923,0.052632,11.878134,0.000000,1076.693878,3433.110000,75.650497,80.528827,37.825248,40.264414,10720,10250,0.076923,1266.000000,0.000000,35.000000,1.767477,1.610577
0,0.000000,0.444444,0.444444,0.579679,0.000000,1590.000000,4108.920000,73.818575,77.917726,36.909288,38.958863,28390,9550,0.444444,85.000000,0.000000,35.000000,1.476798,1.558355
0,-0.000000,0.142857,0.086957,20.599183,0.400722,4602.674740,1643.820000,82.029706,100.000000,41.014853,50.000000,17250,4250,0.409091,567.000000,0.000000,40.000000,1.714573,2.000049
0,-0.000005,0.200000,0.125000,2.784318,0.576920,168.000000,2360.000000,77.496513,78.641346,38.748257,39.320673,6190,3220,0.200000,672.000000,0.000000,35.000000,1.706703,1.572897
0,0.000000,1.000000,1.000000,20.118900,0.353121,2871.674740,1441.500000,90.483193,86.399546,45.241596,43.199773,4270,4250,1.000000,567.000000,0.000000,45.000000,1.883576,1.728034
0,0.000000,0.250000,0.250000,0.357536,0.104597,1459.882653,460.500000,86.919594,89.175220,43.459797,44.587610,9480,1100,0.250000,44.000000,0.000000,40.000000,1.738436,1.783516
0,-0.000000,0.571429,0.461538,4.323681,0.421122,213.259003,1785.500000,91.543279,92.241800,45.771639,46.120900,3470,1710,0.571429,1120.000000,0.000000,45.000000,1.979974,1.844886
0,0.000000,0.105263,0.105263,0.931420,0.668874,3866.660431,2867.277778,90.053636,90.623810,45.026818,45.311905,13670,13520,0.105263,44.000000,0.000000,45.000000,1.801185,1.812554
0,-0.000000,0.166667,0.086957,0.011361,0.400722,269.547502,1643.820000,89.003442,100.000000,44.501721,50.000000,8260,10,0.409091,1466.000000,0.000000,40.000000,1.780071,2.000049
0,0.000000,0.105263,0.105263,0.931420,0.668874,3866.660431,2867.277778,90.053636,90.623810,45.026818,45.311905,13670,9480,0.105263,44.000000,0.000000,45.000000,1.801185,1.812554
0,0.000000,0.250000,0.250000,0.357536,0.104597,1459.882653,460.500000,86.919594,89.175220,43.459797,44.587610,14230,1100,0.250000,44.000000,0.000000,40.000000,1.738436,1.783516
0,0.000000,0.105263,0.105263,0.931420,0.668874,3866.660431,2867.277778,90.053636,90.623810,45.026818,45.311905,14230,13670,0.105263,44.000000,0.000000,45.000000,1.801185,1.812554
0,-0.000000,0.125000,0.086957,19.341461,0.400722,203.327652,1643.820000,83.935327,100.000000,41.967663,50.000000,10300,1340,0.409091,1262.000000,0.000000,40.000000,2.942072,2.000049
0,-0.000000,0.545455,0.461538,20.086715,0.421122,2751.674740,1785.500000,89.183021,92.241800,44.591511,46.120900,7240,4250,0.545455,567.000000,0.000000,40.000000,1.857569,1.844886
0,0.000000,0.076923,0.086957,0.797760,0.400722,2765.785852,1643.820000,91.006056,100.000000,45.503028,50.000000,4400,10,0.086957,552.000000,0.000000,45.000000,1.820238,2.000049
0,-0.000000,0.571429,0.461538,4.323681,0.421122,213.259003,1785.500000,91.543279,92.241800,45.771639,46.120900,2760,1710,0.571429,1120.000000,0.000000,45.000000,1.979974,1.844886
0,0.000000,1.000000,1.000000,1.696124,0.353121,453.121212,1441.500000,79.311177,86.399546,39.655588,43.199773,4740,10,1.000000,993.000000,0.000000,35.000000,1.590877,1.728034
0,0.000000,0.076923,0.086957,0.797760,0.400722,2765.785852,1643.820000,91.006056,100.000000,45.503028,50.000000,8440,10,0.086957,552.000000,0.000000,45.000000,1.820238,2.000049
0,0.000000,1.000000,1.000000,1.696124,0.353121,453.121212,1441.500000,79.311177,86.399546,39.655588,43.199773,4030,10,1.000000,993.000000,0.000000,35.000000,1.590877,1.728034
0,0.000000,0.076923,0.086957,0.797760,0.400722,2765.785852,1643.820000,91.006056,100.000000,45.503028,50.000000,9150,10,0.086957,552.000000,0.000000,45.000000,1.820238,2.000049
0,0.000000,0.250000,0.250000,0.357536,0.104597,1459.882653,460.500000,86.919594,89.175220,43.459797,44.587610,13520,1100,0.250000,44.000000,0.000000,40.000000,1.738436,1.783516
0,-0.000014,0.500000,0.333333,0.099482,0.233075,429.247934,762.000000,47.728740,81.424206,23.864370,40.712103,33270,10,0.692308,452.000000,0.000000,20.000000,0.954587,1.628520
0,0.000000,0.400000,0.400000,0.067894,0.034511,322.355469,161.000000,81.015707,82.000000,40.507854,41.000000,37410,9930,0.400000,38.000000,0.000000,40.000000,1.620321,1.640004
0,-0.000000,0.200000,0.250000,3.177651,0.015726,160.000000,73.500000,60.192627,39.207994,30.096313,19.603997,15110,11160,0.333333,431.000000,0.000000,30.000000,1.512636,0.000000
0,-0.000000,0.200000,0.222222,7.735941,1.688562,5776.000000,6525.000000,89.999997,50.000000,44.999998,25.000000,33870,10830,0.250000,464.000000,0.000000,40.000000,1.927571,0.000000
0,-0.000000,0.200000,0.222222,7.735941,1.688562,5776.000000,6525.000000,89.999997,50.000000,44.999998,25.000000,10900,10830,0.250000,464.000000,0.000000,40.000000,1.927571,0.000000
0,-0.000000,0.200000,0.222222,7.735941,1.688562,5776.000000,6525.000000,89.999997,50.000000,44.999998,25.000000,32340,10830,0.250000,464.000000,0.000000,40.000000,1.927571,0.000000
0,-0.000000,0.045455,0.037037,31.000153,0.913053,2604.013889,3571.720000,87.284969,88.959375,43.642484,44.479688,15500,13970,0.045455,533.000000,0.000000,40.000000,2.021598,1.779304
0,-0.000000,0.045455,0.037037,31.000153,0.913053,2604.013889,3571.720000,87.284969,88.959375,43.642484,44.479688,32910,15500,0.045455,533.000000,0.000000,40.000000,2.021598,1.779304
0,0.000000,0.071429,0.071429,3.593250,0.062037,590.208333,253.176020,79.000379,70.491026,39.500190,35.245513,28050,13740,0.071429,75.000000,0.000000,35.000000,1.597174,1.409828
0,0.000000,0.142857,0.700000,0.177981,0.010015,513.222222,40.351020,49.792206,73.491030,24.896103,36.745515,14690,10,0.700000,1411.000000,0.000000,20.000000,0.995877,1.469822
0,0.000000,0.200000,0.200000,3.551526,0.022030,428.583333,91.551020,77.981899,69.488259,38.990949,34.744129,28050,2890,0.200000,75.000000,0.000000,35.000000,1.576799,1.389768
0,-0.000000,0.076923,0.214286,6.088638,0.055626,388.975723,253.176020,74.786837,70.160759,37.393418,35.080380,27070,3670,0.230769,173.000000,0.000000,35.000000,1.638778,1.403221
0,-0.000000,0.200000,0.166667,0.041443,0.088177,144.000000,347.551020,80.625929,69.490929,40.312964,34.745465,24080,4940,0.200000,472.000000,0.000000,40.000000,1.612525,1.389830
0,0.000000,0.500000,0.500000,0.798220,0.000000,445.687500,568.750000,69.775870,80.887731,34.887935,40.443866,17450,4520,0.500000,204.000000,0.000000,30.000000,1.410063,1.617755
0,0.000000,0.071429,0.071429,4.335261,20.815575,736.945988,1078.187500,90.494086,95.454545,45.247043,47.727273,23030,9890,0.071429,143.000000,0.000000,45.000000,1.836950,2.279305
0,0.000000,0.105263,0.100000,0.535254,0.289324,1804.937500,1154.545455,78.302820,90.860856,39.151410,45.430428,22530,16540,0.304348,792.000000,0.000000,35.000000,1.566136,1.817253
0,-0.000000,0.083333,0.050000,0.292959,0.254144,366.126667,989.190051,81.641447,100.000000,40.820723,50.000000,17490,4460,0.083333,244.000000,0.000000,40.000000,1.633801,2.000033
0,0.000000,0.071429,0.071429,4.335261,20.815575,736.945988,1078.187500,90.494086,95.454545,45.247043,47.727273,25490,23030,0.071429,143.000000,0.000000,45.000000,1.836950,2.279305
0,0.000000,0.071429,0.071429,495.422771,20.815575,8268.625000,1078.187500,88.818801,95.454545,44.409400,47.727273,26200,6180,0.071429,72.000000,0.000000,40.000000,17.236424,2.279305
0,0.000000,0.071429,0.071429,495.422771,20.815575,8268.625000,1078.187500,88.818801,95.454545,44.409400,47.727273,10600,6180,0.071429,72.000000,0.000000,40.000000,17.236424,2.279305
0,-0.000000,0.375000,0.050000,27.588543,0.254144,1329.138889,989.190051,89.000547,100.000000,44.500273,50.000000,11140,6610,0.461538,1332.000000,0.000000,40.000000,2.076637,2.000033
0,-0.000000,0.375000,0.050000,27.588543,0.254144,1329.138889,989.190051,89.000547,100.000000,44.500273,50.000000,25550,11140,0.461538,1332.000000,0.000000,40.000000,2.076637,2.000033
0,0.000000,0.100000,0.100000,495.422771,0.289324,8730.000000,1154.545455,79.429334,90.860856,39.714667,45.430428,29730,6180,0.100000,72.000000,0.000000,35.000000,17.048635,1.817253
0,-0.000000,0.083333,0.050000,0.292959,0.254144,366.126667,989.190051,81.641447,100.000000,40.820723,50.000000,36430,4460,0.083333,244.000000,0.000000,40.000000,1.633801,2.000033
0,-0.000000,0.230769,0.214286,0.004045,0.005089,39.199546,27.591837,45.855084,40.352306,22.927542,20.176153,2040,10,0.230769,178.000000,0.000000,20.000000,0.917102,0.000000
0,-0.000000,0.181818,0.133333,0.074088,0.007325,307.755102,32.490000,55.779437,42.222222,27.889718,21.111111,15820,10,0.181818,381.000000,0.000000,25.000000,1.115598,0.000000
0,-0.000000,0.357143,0.142857,0.058101,0.051906,245.380102,225.625000,56.111583,40.999998,28.055791,20.499999,11370,10,0.357143,381.000000,0.000000,25.000000,1.122239,0.000000
0,-0.000000,0.900000,0.458333,0.170328,0.000000,637.310000,59.801653,60.007170,100.000000,30.003585,50.000000,17080,10,0.900000,306.000000,0.000000,30.000000,1.200167,2.000000
0,-0.000000,0.900000,0.458333,0.170328,0.000000,637.310000,59.801653,60.007170,100.000000,30.003585,50.000000,8800,10,0.900000,306.000000,0.000000,30.000000,1.200167,2.000000
0,-0.000000,0.900000,0.458333,0.170328,0.000000,637.310000,59.801653,60.007170,100.000000,30.003585,50.000000,20450,10,0.900000,306.000000,0.000000,30.000000,1.200167,2.000000
0,-0.000000,0.692308,0.458333,9.660674,0.000000,521.595556,59.801653,90.339047,100.000000,45.169524,50.000000,21670,8230,0.714286,184.000000,0.000000,45.000000,2.532042,2.000000
0,-0.000000,0.100000,0.041667,0.205532,0.000000,820.000000,1907.051653,72.753294,89.591805,36.376647,44.795902,22350,500,0.100000,257.000000,0.000000,35.000000,1.455092,1.791836
0,0.000000,0.030303,0.030303,0.340180,0.000000,1273.691406,2463.750000,80.327504,91.070404,40.163752,45.535202,25490,6570,0.037037,529.000000,0.000000,40.000000,1.606596,1.821408
0,-0.000001,0.296296,0.333333,3.198916,0.000000,1062.812500,1901.250000,89.506185,89.591805,44.753092,44.795902,22350,17570,0.380952,257.000000,0.000000,40.000000,1.807267,1.791836
0,0.000000,0.200000,0.200000,0.083108,0.000000,457.975309,171.000000,87.500000,91.974732,43.750000,45.987366,10970,10,0.200000,89.000000,0.000000,40.000000,1.750011,1.839495
0,0.000000,0.026316,0.030303,22.599099,0.000000,1521.102041,2463.750000,81.031076,91.070404,40.515538,45.535202,26060,18790,0.037037,472.000000,0.000000,40.000000,2.218716,1.821408
0,-0.000001,0.296296,0.333333,3.198916,0.000000,1062.812500,1901.250000,89.506185,89.591805,44.753092,44.795902,22350,9290,0.380952,257.000000,0.000000,40.000000,1.807267,1.791836
0,-0.000000,0.692308,0.458333,9.660674,0.000000,521.595556,59.801653,90.339047,100.000000,45.169524,50.000000,10020,8230,0.714286,184.000000,0.000000,45.000000,2.532042,2.000000
0,-0.000000,0.142857,0.095238,0.340681,0.000000,1361.572084,275.828125,84.379757,90.768875,42.189878,45.384437,12600,10,0.142857,1185.000000,0.000000,40.000000,1.687642,1.815377
0,0.000000,0.200000,0.200000,0.083108,0.000000,457.975309,171.000000,87.500000,91.974732,43.750000,45.987366,22620,10,0.200000,89.000000,0.000000,40.000000,1.750011,1.839495
0,0.000000,0.062500,0.062500,3.350569,0.000000,1650.923611,1415.111111,89.303744,89.999707,44.651872,44.999853,21640,17570,0.062500,257.000000,0.000000,40.000000,1.803238,1.799994
0,-0.000000,0.100000,0.047619,0.272500,0.000000,1373.750000,281.629778,45.471052,90.768875,22.735526,45.384437,21390,10,0.100000,306.000000,0.000000,20.000000,0.909448,1.815377
0,0.000000,0.200000,0.200000,0.083108,0.000000,457.975309,171.000000,87.500000,91.974732,43.750000,45.987366,19250,10,0.200000,89.000000,0.000000,40.000000,1.750011,1.839495
0,0.000000,0.062500,0.062500,3.350569,0.000000,1650.923611,1415.111111,89.303744,89.999707,44.651872,44.999853,21640,9290,0.062500,257.000000,0.000000,40.000000,1.803238,1.799994
0,-0.000000,0.076923,0.041667,9.730124,0.000000,862.720000,1907.051653,80.895587,89.591805,40.447794,44.795902,23080,8230,0.076923,184.000000,0.000000,40.000000,2.343179,1.791836
0,0.000000,0.026316,0.030303,22.599099,0.000000,1521.102041,2463.750000,81.031076,91.070404,40.515538,45.535202,26060,15420,0.037037,472.000000,0.000000,40.000000,2.218716,1.821408
0,-0.000000,0.142857,0.095238,22.540788,0.000000,1667.555556,275.828125,81.000854,90.768875,40.500427,45.384437,19730,18790,0.142857,472.000000,0.000000,40.000000,2.218095,1.815377
0,-0.000000,0.142857,0.095238,22.540788,0.000000,1667.555556,275.828125,81.000854,90.768875,40.500427,45.384437,19730,15420,0.142857,472.000000,0.000000,40.000000,2.218095,1.815377
0,-0.000000,0.076923,0.047619,9.794534,0.000000,1416.470000,281.629778,80.132392,90.768875,40.066196,45.384437,22610,8230,0.076923,184.000000,0.000000,40.000000,2.327916,1.815377
0,-0.000000,0.692308,0.458333,9.660674,0.000000,521.595556,59.801653,90.339047,100.000000,45.169524,50.000000,18300,8230,0.714286,184.000000,0.000000,45.000000,2.532042,2.000000
0,-0.000001,0.296296,0.333333,3.198916,0.000000,1062.812500,1901.250000,89.506185,89.591805,44.753092,44.795902,22350,20940,0.380952,257.000000,0.000000,40.000000,1.807267,1.791836
0,0.000000,0.062500,0.062500,3.350569,0.000000,1650.923611,1415.111111,89.303744,89.999707,44.651872,44.999853,21640,20940,0.062500,257.000000,0.000000,40.000000,1.803238,1.799994
0,0.000000,0.250000,0.250000,0.004437,0.004080,47.000000,20.000000,40.000000,40.000000,20.000000,20.000000,13340,10,0.250000,156.000000,0.000000,15.000000,0.800000,0.000000
0,0.000000,0.500000,0.500000,0.010447,0.006149,78.638889,33.048889,39.899091,39.998056,19.949545,19.999028,8520,10,0.500000,156.000000,0.000000,15.000000,0.797983,0.000000
0,-0.000000,0.285714,0.300000,0.719408,0.000000,2513.018519,14.816327,90.000000,50.000000,45.000000,25.000000,17040,4590,0.375000,701.000000,0.000000,40.000000,1.800103,0.000000
0,-0.000000,0.285714,0.300000,0.719408,0.000000,2513.018519,14.816327,90.000000,50.000000,45.000000,25.000000,17040,8630,0.375000,701.000000,0.000000,40.000000,1.800103,0.000000
0,-0.000000,0.166667,0.100000,24.029483,0.000000,761.222222,865.687500,68.909240,39.751475,34.454620,19.875738,12380,10820,0.166667,1167.000000,0.000000,30.000000,2.028233,0.000000
0,-0.000000,0.285714,0.300000,0.719408,0.000000,2513.018519,14.816327,90.000000,50.000000,45.000000,25.000000,17040,9340,0.375000,701.000000,0.000000,40.000000,1.800103,0.000000
0,0.000000,0.222222,0.600000,0.039601,0.000000,148.000000,100.277778,80.885907,41.758998,40.442954,20.879499,21280,7950,0.600000,277.000000,0.000000,40.000000,1.617724,0.000000
0,0.000000,0.062500,0.062500,3.332074,0.000000,1425.128889,115.094104,86.568165,91.668750,43.284082,45.834375,14500,8870,0.062500,190.000000,0.000000,40.000000,1.776456,1.833375
0,0.000000,0.062500,0.062500,3.332074,0.000000,1425.128889,115.094104,86.568165,91.668750,43.284082,45.834375,9750,8870,0.062500,190.000000,0.000000,40.000000,1.776456,1.833375
0,-0.000002,0.052632,0.048780,0.387602,0.000000,1573.050895,288.384194,99.636760,100.000000,49.818380,50.000000,19590,14270,0.052632,213.000000,0.000000,45.000000,1.992783,2.000000
0,0.000000,0.062500,0.062500,3.332074,0.000000,1425.128889,115.094104,86.568165,91.668750,43.284082,45.834375,13790,8870,0.062500,190.000000,0.000000,40.000000,1.776456,1.833375
0,-0.000002,0.052632,0.048780,0.387602,0.000000,1573.050895,288.384194,99.636760,100.000000,49.818380,50.000000,30620,9520,0.052632,213.000000,0.000000,45.000000,1.992783,2.000000
0,-0.000002,0.052632,0.048780,0.387602,0.000000,1573.050895,288.384194,99.636760,100.000000,49.818380,50.000000,19590,9520,0.052632,213.000000,0.000000,45.000000,1.992783,2.000000
0,0.000000,0.142857,0.142857,0.301039,0.000000,1159.500000,740.816327,89.862072,89.997537,44.931036,44.998769,10060,3290,0.142857,159.000000,0.000000,40.000000,1.797281,1.799951
0,-0.000002,0.052632,0.048780,0.387602,0.000000,1573.050895,288.384194,99.636760,100.000000,49.818380,50.000000,30620,14270,0.052632,213.000000,0.000000,45.000000,1.992783,2.000000
0,-0.000002,0.052632,0.048780,0.387602,0.000000,1573.050895,288.384194,99.636760,100.000000,49.818380,50.000000,19590,13560,0.052632,213.000000,0.000000,45.000000,1.992783,2.000000
0,0.000000,0.142857,0.142857,0.301039,0.000000,1159.500000,740.816327,89.862072,89.997537,44.931036,44.998769,14100,3290,0.142857,159.000000,0.000000,40.000000,1.797281,1.799951
0,-0.000003,0.047619,0.043478,0.341661,0.000000,1387.419837,116.370046,90.990504,92.416909,45.495252,46.208454,13560,8590,0.047619,213.000000,0.000000,45.000000,1.819852,1.848338
0,-0.000002,0.052632,0.048780,0.387602,0.000000,1573.050895,288.384194,99.636760,100.000000,49.818380,50.000000,28870,9520,0.052632,213.000000,0.000000,45.000000,1.992783,2.000000
0,-0.000003,0.047619,0.043478,0.341661,0.000000,1387.419837,116.370046,90.990504,92.416909,45.495252,46.208454,14270,8590,0.047619,213.000000,0.000000,45.000000,1.819852,1.848338
0,-0.000000,0.250000,0.285714,11.122638,0.000000,2115.382132,30.816327,90.470774,90.000000,45.235387,45.000000,33030,10040,0.333333,636.000000,0.000000,45.000000,1.926323,1.800000
0,-0.000002,0.052632,0.048780,0.387602,0.000000,1573.050895,288.384194,99.636760,100.000000,49.818380,50.000000,28870,13560,0.052632,213.000000,0.000000,45.000000,1.992783,2.000000
0,0.000000,0.142857,0.142857,0.301039,0.000000,1159.500000,740.816327,89.862072,89.997537,44.931036,44.998769,14810,3290,0.142857,159.000000,0.000000,40.000000,1.797281,1.799951
0,-0.000000,0.250000,0.285714,11.122638,0.000000,2115.382132,30.816327,90.470774,90.000000,45.235387,45.000000,33030,5290,0.333333,636.000000,0.000000,45.000000,1.926323,1.800000
0,-0.000002,0.052632,0.048780,0.387602,0.000000,1573.050895,288.384194,99.636760,100.000000,49.818380,50.000000,28870,14270,0.052632,213.000000,0.000000,45.000000,1.992783,2.000000
0,-0.000002,0.052632,0.048780,0.387602,0.000000,1573.050895,288.384194,99.636760,100.000000,49.818380,50.000000,30620,13560,0.052632,213.000000,0.000000,45.000000,1.992783,2.000000
0,-0.000000,0.250000,0.285714,11.122638,0.000000,2115.382132,30.816327,90.470774,90.000000,45.235387,45.000000,33030,9330,0.333333,636.000000,0.000000,45.000000,1.926323,1.800000
0,-0.000003,0.047619,0.043478,0.341661,0.000000,1387.419837,116.370046,90.990504,92.416909,45.495252,46.208454,9520,8590,0.047619,213.000000,0.000000,45.000000,1.819852,1.848338
0,-0.000000,0.250000,0.222222,0.135808,0.105801,516.312500,438.924444,89.745599,50.000000,44.872799,25.000000,29660,16330,0.250000,323.000000,0.000000,40.000000,1.794930,0.000000
0,-0.000000,0.125000,0.111111,0.064633,0.027589,248.801653,101.553719,81.967592,42.441706,40.983796,21.220853,16330,7630,0.125000,323.000000,0.000000,40.000000,1.639360,0.000000
0,-0.000000,0.250000,0.222222,0.135808,0.105801,516.312500,438.924444,89.745599,50.000000,44.872799,25.000000,27910,16330,0.250000,323.000000,0.000000,40.000000,1.794930,0.000000
0,-0.000000,0.250000,0.222222,0.135808,0.105801,516.312500,438.924444,89.745599,50.000000,44.872799,25.000000,18630,16330,0.250000,323.000000,0.000000,40.000000,1.794930,0.000000
0,-0.000000,0.285714,0.222222,0.247134,0.029264,949.750000,121.000000,79.118648,41.077108,39.559324,20.538554,15840,15660,0.285714,372.000000,0.000000,35.000000,1.582405,0.000000
0,-0.000000,0.066667,0.050000,0.228165,0.294167,817.000000,1204.053719,80.701493,81.599632,40.350747,40.799816,13270,4160,0.066667,673.000000,0.000000,40.000000,1.614062,1.632029
0,-0.000000,0.333333,0.300000,1.711400,0.372319,939.900826,1541.424444,87.708807,89.153662,43.854404,44.576831,15160,13270,0.375000,673.000000,0.000000,40.000000,1.760748,1.783118
0,-0.000000,0.333333,0.300000,79.340241,0.372319,749.368889,1541.424444,89.266386,89.153662,44.633193,44.576831,27810,16640,0.333333,336.000000,0.000000,40.000000,10.973758,1.783118
0,-0.000004,0.076923,0.047619,0.060406,0.114179,256.728395,482.924444,55.725849,86.453460,27.862925,43.226730,19620,10,0.076923,227.000000,0.000000,25.000000,1.114525,1.729083
0,-0.000000,0.333333,0.300000,1.711400,0.372319,939.900826,1541.424444,87.708807,89.153662,43.854404,44.576831,26190,13270,0.375000,673.000000,0.000000,40.000000,1.760748,1.783118
0,-0.000004,0.076923,0.047619,0.060406,0.114179,256.728395,482.924444,55.725849,86.453460,27.862925,43.226730,28900,10,0.076923,227.000000,0.000000,25.000000,1.114525,1.729083
0,-0.000004,0.076923,0.047619,0.060406,0.114179,256.728395,482.924444,55.725849,86.453460,27.862925,43.226730,30650,10,0.076923,227.000000,0.000000,25.000000,1.114525,1.729083
0,0.000000,0.062500,0.062500,0.463320,0.000000,1885.579553,1651.367347,91.389584,91.428570,45.694792,45.714285,38380,10630,0.062500,56.000000,0.000000,45.000000,1.827849,1.828571
0,0.000000,0.062500,0.062500,0.463320,0.000000,1885.579553,1651.367347,91.389584,91.428570,45.694792,45.714285,39910,10630,0.062500,56.000000,0.000000,45.000000,1.827849,1.828571
0,0.000000,0.062500,0.062500,0.463320,0.000000,1885.579553,1651.367347,91.389584,91.428570,45.694792,45.714285,16940,10630,0.062500,56.000000,0.000000,45.000000,1.827849,1.828571
0,0.000000,0.062500,0.062500,0.026025,0.000000,576.061728,587.783951,89.916812,83.928096,44.958406,41.964048,10680,10,0.062500,51.000000,0.000000,40.000000,1.798340,1.678562
0,-0.000000,0.125000,0.111111,0.241415,0.038877,1066.716049,192.082645,78.266684,81.531787,39.133342,40.765894,36540,6680,0.125000,202.000000,0.000000,35.000000,1.565361,1.630640
0,-0.000000,0.125000,0.111111,0.401702,0.140482,1639.000000,595.000000,77.271767,80.900219,38.635883,40.450110,29650,6680,0.125000,202.000000,0.000000,35.000000,1.545485,1.618021
0,-0.000000,0.142857,0.125000,0.130577,0.000000,540.111111,1629.000000,82.499988,89.009803,41.249994,44.504902,21210,5830,0.142857,335.000000,0.000000,40.000000,1.650016,1.780196
0,0.000000,0.500000,0.615385,0.134454,0.000000,600.440000,1400.000000,40.552049,88.125097,20.276024,44.062549,19120,10,0.615385,389.000000,0.000000,20.000000,0.811057,1.762502
0,0.000000,0.083333,0.083333,1.339488,0.000000,561.861111,1629.000000,72.359245,89.009803,36.179623,44.504902,23170,2510,0.083333,139.000000,0.000000,35.000000,1.469954,1.780196
0,0.000000,0.333333,0.333333,1.276691,0.000000,862.367347,829.000000,80.624132,80.884706,40.312066,40.442353,21210,19660,0.333333,335.000000,0.000000,40.000000,1.614476,1.617694
0,0.000000,1.000000,1.000000,0.062441,0.000000,273.187500,1400.000000,49.994580,88.125097,24.997290,44.062549,13840,10,1.000000,917.000000,0.000000,20.000000,0.999899,1.762502
0,0.000000,0.111111,0.111111,0.000000,0.000000,1260.312500,320.000000,57.538023,64.807146,28.769012,32.403573,22870,10,0.111111,14.000000,0.000000,25.000000,1.150760,1.296143
0,-0.000005,0.259259,0.235294,4.679256,0.678133,1560.974165,2780.639053,87.892148,88.979079,43.946074,44.489540,35760,27340,0.259259,453.000000,0.000000,40.000000,1.783400,1.779664
0,-0.000000,0.272727,0.230769,8.818400,1.912324,14133.640000,7428.375000,89.483902,88.250871,44.741951,44.125436,38460,17530,0.272727,183.000000,0.000000,40.000000,1.811312,1.765264
0,0.000000,0.888889,0.909091,0.000000,0.860678,2432.615385,3412.000000,61.433205,88.159336,30.716603,44.079668,37470,10,0.909091,282.000000,0.000000,30.000000,1.228664,1.763295
0,0.000000,0.047619,0.047619,0.150147,0.734548,1077.761341,3023.111111,96.666667,87.320505,48.333333,43.660253,38780,10,0.047619,151.000000,0.000000,45.000000,1.933353,1.746499
0,0.000000,0.166667,0.166667,0.092548,0.573779,344.859467,2337.000000,89.575989,88.163814,44.787994,44.081907,18120,3650,0.166667,323.000000,0.000000,40.000000,1.791532,1.763347
0,0.000000,0.888889,0.909091,0.000000,0.860678,2432.615385,3412.000000,61.433205,88.159336,30.716603,44.079668,18530,10,0.909091,282.000000,0.000000,30.000000,1.228664,1.763295
0,0.000000,0.363636,0.800000,0.294528,26.833629,1040.871111,3144.000000,84.998964,94.317779,42.499482,47.158889,8620,10,0.800000,1273.000000,0.000000,40.000000,1.700029,2.301013
0,0.000000,0.333333,0.800000,58.333068,26.833629,946.169753,3144.000000,76.834186,94.317779,38.417093,47.158889,24800,12850,0.800000,1549.000000,0.000000,35.000000,3.847460,2.301013
0,-0.000005,0.259259,0.235294,4.679256,0.678133,1560.974165,2780.639053,87.892148,88.979079,43.946074,44.489540,27340,16820,0.259259,453.000000,0.000000,40.000000,1.783400,1.779664
0,0.000000,0.166667,0.166667,0.092548,0.573779,344.859467,2337.000000,89.575989,88.163814,44.787994,44.081907,37060,3650,0.166667,323.000000,0.000000,40.000000,1.791532,1.763347
0,0.000000,0.047619,0.047619,0.150147,0.734548,1077.761341,3023.111111,96.666667,87.320505,48.333333,43.660253,19840,10,0.047619,151.000000,0.000000,45.000000,1.933353,1.746499
0,0.000000,0.142857,0.800000,0.000000,26.833629,400.000000,3144.000000,57.191163,94.317779,28.595582,47.158889,7000,10,0.800000,2134.000000,0.000000,25.000000,1.143823,2.301013
0,0.000000,0.363636,0.800000,0.294528,26.833629,1040.871111,3144.000000,84.998964,94.317779,42.499482,47.158889,27560,10,0.800000,1273.000000,0.000000,40.000000,1.700029,2.301013
0,-0.000000,0.272727,0.230769,8.818400,1.912324,14133.640000,7428.375000,89.483902,88.250871,44.741951,44.125436,19520,17530,0.272727,183.000000,0.000000,40.000000,1.811312,1.765264
0,-0.000014,0.071429,0.058824,0.078141,0.000000,841.041667,1330.875000,96.666667,45.753947,48.333333,22.876973,26830,10,0.071429,169.000000,0.000000,45.000000,1.933343,0.000000
0,-0.000001,0.111111,0.142857,1.311666,0.000000,4455.187500,78380.000000,79.375155,88.335803,39.687578,44.167902,17860,14860,0.300000,820.000000,0.000000,35.000000,1.587696,1.766716
0,-0.000166,0.285714,0.260870,0.646998,0.000000,3172.416667,77372.000000,87.018270,38.888144,43.509135,19.444072,21370,10,0.285714,169.000000,0.000000,40.000000,1.740444,0.000000
0,-0.000001,0.200000,0.142857,30.768830,0.000000,1855.125000,78380.000000,76.471774,88.335803,38.235887,44.167902,15500,940,0.384615,756.000000,0.000000,35.000000,1.805298,1.766716
0,-0.000009,1.000000,0.857143,10.930963,0.000000,1010.416667,1008.000000,96.666667,49.447660,48.333333,24.723830,24370,10,1.000000,169.000000,0.000000,45.000000,2.052819,0.000000
0,-0.000009,1.000000,0.857143,10.930963,0.000000,1010.416667,1008.000000,96.666667,49.447660,48.333333,24.723830,6810,10,1.000000,169.000000,0.000000,45.000000,2.052819,0.000000
0,-0.000014,0.071429,0.058824,0.078141,0.000000,841.041667,1330.875000,96.666667,45.753947,48.333333,22.876973,11230,10,0.071429,169.000000,0.000000,45.000000,1.933343,0.000000
0,-0.000055,0.095238,0.086957,0.164809,0.000000,1164.962121,468.639053,87.515179,40.683163,43.757590,20.341582,30360,10,0.095238,169.000000,0.000000,40.000000,1.750324,0.000000
0,0.000000,0.043478,0.050000,1.377125,0.288856,1502.734694,1040.801653,94.545455,94.110982,47.272727,47.055491,28300,1980,0.050000,241.000000,0.000000,45.000000,1.901932,1.882260
0,-0.000000,0.200000,0.258065,2.149110,1.192628,1566.494599,4996.338843,84.570806,84.819280,42.285403,42.409640,19090,9280,0.416667,1301.000000,0.000000,40.000000,1.694577,1.696529
0,0.000000,0.066667,0.068966,0.137345,0.303974,458.666667,1118.510204,91.468625,83.018341,45.734313,41.509171,8490,3610,0.068966,759.000000,0.000000,45.000000,1.829393,1.660408
0,0.000000,0.043478,0.050000,1.377125,0.288856,1502.734694,1040.801653,94.545455,94.110982,47.272727,47.055491,28300,8980,0.050000,241.000000,0.000000,45.000000,1.901932,1.882260
0,0.000000,0.043478,0.050000,1.377125,0.288856,1502.734694,1040.801653,94.545455,94.110982,47.272727,47.055491,13670,1980,0.050000,241.000000,0.000000,45.000000,1.901932,1.882260
0,0.000000,0.066667,0.068966,0.137345,0.303974,458.666667,1118.510204,91.468625,83.018341,45.734313,41.509171,23120,3610,0.068966,759.000000,0.000000,45.000000,1.829393,1.660408
0,-0.000000,0.200000,0.258065,2.149110,1.192628,1566.494599,4996.338843,84.570806,84.819280,42.285403,42.409640,19090,17700,0.416667,1301.000000,0.000000,40.000000,1.694577,1.696529
0,-0.000000,0.555556,0.258065,0.673462,1.192628,1951.312500,4996.338843,58.041727,84.819280,29.020864,42.409640,16030,10,0.555556,1607.000000,0.000000,25.000000,1.160952,1.696529
0,0.000000,0.066667,0.068966,0.137345,0.303974,458.666667,1118.510204,91.468625,83.018341,45.734313,41.509171,14700,3610,0.068966,759.000000,0.000000,45.000000,1.829393,1.660408
0,0.000000,0.043478,0.050000,1.377125,0.288856,1502.734694,1040.801653,94.545455,94.110982,47.272727,47.055491,19880,1980,0.050000,241.000000,0.000000,45.000000,1.901932,1.882260
0,0.000000,0.043478,0.050000,1.377125,0.288856,1502.734694,1040.801653,94.545455,94.110982,47.272727,47.055491,19880,8980,0.050000,241.000000,0.000000,45.000000,1.901932,1.882260
0,0.000000,0.043478,0.050000,1.377125,0.288856,1502.734694,1040.801653,94.545455,94.110982,47.272727,47.055491,13670,8980,0.050000,241.000000,0.000000,45.000000,1.901932,1.882260
0,0.000002,0.500000,0.333333,0.454066,0.000000,1655.662132,690.173554,66.483766,91.592434,33.241883,45.796217,10190,10,0.500000,724.000000,0.000000,30.000000,1.329739,1.831849
0,0.000002,0.500000,0.333333,0.454066,0.000000,1655.662132,690.173554,66.483766,91.592434,33.241883,45.796217,5440,10,0.500000,724.000000,0.000000,30.000000,1.329739,1.831849
0,0.000000,0.333333,0.333333,0.005777,0.000000,500.783951,690.173554,88.076128,91.592434,44.038064,45.796217,6130,10,0.333333,112.000000,0.000000,40.000000,1.761523,1.831849
0,0.000002,0.500000,0.333333,0.454066,0.000000,1655.662132,690.173554,66.483766,91.592434,33.241883,45.796217,9480,10,0.500000,724.000000,0.000000,30.000000,1.329739,1.831849
0,0.000000,0.125000,0.125000,25.990931,0.000000,1389.980000,101.500000,91.397028,93.333333,45.698514,46.666667,36580,21240,0.125000,16.000000,0.000000,45.000000,2.084257,1.866667
0,0.000000,0.125000,0.125000,25.990931,0.000000,1389.980000,101.500000,91.397028,93.333333,45.698514,46.666667,36580,7030,0.125000,16.000000,0.000000,45.000000,2.084257,1.866667
0,0.000000,0.045455,0.045455,27.294412,0.000000,6432.855000,5144.375000,88.086999,90.015543,44.043500,45.007771,19880,11570,0.045455,16.000000,0.000000,40.000000,2.018224,1.800311
0,0.000000,0.045455,0.045455,27.294412,0.000000,6432.855000,5144.375000,88.086999,90.015543,44.043500,45.007771,21240,19880,0.045455,16.000000,0.000000,40.000000,2.018224,1.800311
0,0.000000,0.045455,0.045455,27.294412,0.000000,6432.855000,5144.375000,88.086999,90.015543,44.043500,45.007771,19880,7030,0.045455,16.000000,0.000000,40.000000,2.018224,1.800311
0,0.000000,0.125000,0.125000,25.990931,0.000000,1389.980000,101.500000,91.397028,93.333333,45.698514,46.666667,36580,11570,0.125000,16.000000,0.000000,45.000000,2.084257,1.866667
0,-0.000008,0.142857,0.125000,0.020309,0.002586,93.888889,13.888889,80.000000,40.000000,40.000000,20.000000,11430,9790,0.142857,58.000000,0.000000,35.000000,1.600002,0.000000
0,-0.000008,0.142857,0.125000,0.104670,0.084899,502.500000,422.500000,90.000000,50.000000,45.000000,25.000000,38510,9790,0.142857,58.000000,0.000000,40.000000,1.800011,0.000000
0,-0.000008,0.142857,0.125000,0.104670,0.084899,502.500000,422.500000,90.000000,50.000000,45.000000,25.000000,37920,9790,0.142857,58.000000,0.000000,40.000000,1.800011,0.000000
0,-0.000016,0.285714,0.250000,0.045592,0.027256,214.750000,134.750000,81.318459,41.703103,40.659230,20.851551,9790,7400,0.285714,58.000000,0.000000,40.000000,1.626374,0.000000
0,-0.000016,0.333333,0.250000,0.134474,0.030294,412.510000,139.254438,75.906524,41.400669,37.953262,20.700334,17880,1480,0.333333,889.000000,0.000000,35.000000,1.518152,0.000000
0,-0.000008,0.142857,0.125000,0.104670,0.084899,502.500000,422.500000,90.000000,50.000000,45.000000,25.000000,28000,9790,0.142857,58.000000,0.000000,40.000000,1.800011,0.000000
0,0.000000,0.166667,0.166667,0.075446,0.121917,270.168889,513.375000,55.710663,50.000000,27.855332,25.000000,17630,10,0.166667,574.000000,0.000000,25.000000,1.114224,0.000000
0,0.000000,0.666667,0.666667,0.099796,0.182370,376.000000,735.000000,46.620381,41.185074,23.310190,20.592537,28550,10,0.666667,574.000000,0.000000,20.000000,0.932421,0.000000
0,0.000000,0.166667,0.166667,79.244094,0.121917,357.688889,513.375000,87.928361,50.000000,43.964181,25.000000,27810,910,0.166667,484.000000,0.000000,40.000000,10.946986,0.000000
0,0.000000,0.166667,0.166667,0.002869,0.008301,52.000000,36.000000,51.384281,42.499606,25.692141,21.249803,1310,10,0.166667,444.000000,0.000000,25.000000,1.027686,0.000000
0,0.000000,0.333333,0.333333,0.093530,0.074382,340.480000,311.142857,48.870698,40.702308,24.435349,20.351154,17860,10,0.333333,574.000000,0.000000,20.000000,0.977427,0.000000
0,0.000000,0.166667,0.166667,0.075446,0.121917,270.168889,513.375000,55.710663,50.000000,27.855332,25.000000,28660,10,0.166667,574.000000,0.000000,25.000000,1.114224,0.000000
0,-0.000000,0.125000,0.100000,3.504816,0.076681,782.777778,356.678819,76.378016,91.199384,38.189008,45.599692,22020,19750,0.125000,452.000000,0.000000,35.000000,1.728477,1.823996
0,-0.000000,0.125000,0.100000,37.056397,0.076681,3178.534722,356.678819,84.159720,91.199384,42.079860,45.599692,21300,340,0.125000,297.000000,0.000000,40.000000,1.901018,1.823996
0,-0.000000,0.125000,0.100000,3.504816,0.076681,782.777778,356.678819,76.378016,91.199384,38.189008,45.599692,19750,4630,0.125000,452.000000,0.000000,35.000000,1.728477,1.823996
0,0.000000,0.900000,0.900000,0.041963,0.041473,200.681657,187.881657,43.953992,38.500749,21.976996,19.250375,11980,10,0.900000,29.000000,0.000000,20.000000,0.879085,0.000000
0,0.000000,0.100000,0.100000,0.012015,0.011875,65.948789,53.148789,49.019457,41.529456,24.509729,20.764728,18680,10,0.100000,29.000000,0.000000,20.000000,0.980390,0.000000
0,-0.000000,0.083333,0.068966,62.306668,0.552637,6523.111111,2465.096939,89.987029,89.999829,44.993515,44.999915,24450,16720,0.083333,246.000000,0.000000,40.000000,2.198363,1.800059
0,0.000000,0.111111,0.111111,2.057537,0.583802,8498.080000,2612.000000,79.019170,79.977759,39.509585,39.988879,25500,19220,0.111111,141.000000,0.000000,35.000000,1.580632,1.599621
0,-0.000000,0.173913,0.153846,61.925268,0.105632,4982.970000,562.314050,81.525489,80.209943,40.762744,40.104971,37740,24450,0.173913,246.000000,0.000000,40.000000,2.029085,1.604209
0,-0.000000,0.312500,0.277778,61.898713,0.064013,4837.000000,344.444444,80.803498,83.043743,40.401749,41.521871,24450,6920,0.312500,246.000000,0.000000,40.000000,2.014643,1.660881
0,-0.000000,0.083333,0.068966,62.306668,0.552637,6523.111111,2465.096939,89.987029,89.999829,44.993515,44.999915,39690,24450,0.083333,246.000000,0.000000,40.000000,2.198363,1.800059
0,-0.000000,0.083333,0.068966,62.306668,0.552637,6523.111111,2465.096939,89.987029,89.999829,44.993515,44.999915,38160,24450,0.083333,246.000000,0.000000,40.000000,2.198363,1.800059
0,0.000000,0.125000,0.125000,65.501310,0.000000,2456.860000,773.500000,86.444119,93.333333,43.222060,46.666667,37030,21690,0.125000,59.000000,0.000000,40.000000,2.628619,1.866667
0,0.000000,0.125000,0.125000,0.012690,0.000000,408.765306,773.500000,88.357813,93.333333,44.178906,46.666667,36650,10,0.125000,97.000000,0.000000,40.000000,1.767157,1.866667
0,0.000000,0.125000,0.125000,65.501310,0.000000,2456.860000,773.500000,86.444119,93.333333,43.222060,46.666667,37030,7480,0.125000,59.000000,0.000000,40.000000,2.628619,1.866667
0,0.000000,0.041667,0.041667,65.862939,0.000000,3804.176327,2120.816327,83.118991,90.001842,41.559495,45.000921,20330,12020,0.041667,59.000000,0.000000,40.000000,2.562165,1.800037
0,0.000000,0.538462,0.538462,0.053472,0.000000,583.327806,1237.777778,86.168078,92.592459,43.084039,46.296230,39880,10,0.538462,97.000000,0.000000,40.000000,1.723367,1.851849
0,0.000000,0.041667,0.041667,65.862939,0.000000,3804.176327,2120.816327,83.118991,90.001842,41.559495,45.000921,21690,20330,0.041667,59.000000,0.000000,40.000000,2.562165,1.800037
0,0.000000,0.041667,0.041667,65.862939,0.000000,3804.176327,2120.816327,83.118991,90.001842,41.559495,45.000921,20330,7480,0.041667,59.000000,0.000000,40.000000,2.562165,1.800037
0,0.000000,0.538462,0.538462,26.031804,0.000000,1564.542500,1237.777778,86.628268,92.592459,43.314134,46.296230,39810,7030,0.538462,104.000000,0.000000,40.000000,1.988886,1.851849
0,0.000000,0.538462,0.538462,26.031804,0.000000,1564.542500,1237.777778,86.628268,92.592459,43.314134,46.296230,39810,11570,0.538462,104.000000,0.000000,40.000000,1.988886,1.851849
0,0.000000,0.125000,0.125000,65.501310,0.000000,2456.860000,773.500000,86.444119,93.333333,43.222060,46.666667,37030,12020,0.125000,59.000000,0.000000,40.000000,2.628619,1.866667
0,0.000000,0.538462,0.538462,26.031804,0.000000,1564.542500,1237.777778,86.628268,92.592459,43.314134,46.296230,39810,21240,0.538462,104.000000,0.000000,40.000000,1.988886,1.851849
0,-0.000000,0.052632,0.041667,1.313257,0.000000,5451.640306,2120.816327,85.044000,90.001842,42.522000,45.000921,19950,10,0.052632,97.000000,0.000000,40.000000,1.701049,1.800037
0,-0.000000,0.285714,0.125000,0.123743,0.005812,467.897959,22.123457,73.565052,42.855664,36.782526,21.427832,28630,9260,0.285714,366.000000,0.000000,35.000000,1.471317,0.000000
0,0.000000,0.125000,0.125000,0.094555,0.081546,436.388889,422.500000,90.000000,50.000000,45.000000,25.000000,36690,10200,0.125000,272.000000,0.000000,40.000000,1.800010,0.000000
0,0.000000,0.250000,0.250000,0.031914,0.019234,158.288889,99.000000,81.810636,41.806689,40.905318,20.903345,10200,6170,0.250000,272.000000,0.000000,40.000000,1.636216,0.000000
0,-0.000000,0.285714,0.250000,0.006567,0.039345,130.895429,165.347500,76.385170,41.049684,38.192585,20.524842,9340,10,0.285714,358.000000,0.000000,35.000000,1.527704,0.000000
0,0.000000,0.125000,0.125000,0.094555,0.081546,436.388889,422.500000,90.000000,50.000000,45.000000,25.000000,37280,10200,0.125000,272.000000,0.000000,40.000000,1.800010,0.000000
0,0.000000,0.125000,0.125000,0.094555,0.081546,436.388889,422.500000,90.000000,50.000000,45.000000,25.000000,26770,10200,0.125000,272.000000,0.000000,40.000000,1.800010,0.000000
0,-0.000000,0.571429,0.285714,2.662953,0.113922,517.250000,453.750000,79.912898,40.621905,39.956449,20.310952,8000,4170,1.000000,1318.000000,0.000000,35.000000,1.699206,0.000000
0,0.000000,0.166667,0.166667,0.042575,0.038872,191.111111,180.000000,78.918411,39.898210,39.459205,19.949105,16360,3020,0.166667,99.000000,0.000000,35.000000,1.578373,0.000000
0,-0.000000,0.357143,0.285714,4.492590,0.675737,1308.402778,3066.666667,87.652771,89.999967,43.826385,44.999983,29020,25490,0.357143,488.000000,0.000000,40.000000,1.780145,1.800075
0,0.000000,0.047619,0.047619,14.654595,1.247397,2630.222222,5494.186667,89.456478,90.753434,44.728239,45.376717,33040,29640,0.047619,73.000000,0.000000,40.000000,1.842655,1.815210
0,-0.000000,0.047619,0.037037,3.034041,0.106141,1430.078125,620.416667,81.082443,81.081105,40.541222,40.540552,33580,26690,0.047619,721.000000,0.000000,40.000000,1.625473,1.621631
0,-0.000000,0.357143,0.285714,4.492590,0.675737,1308.402778,3066.666667,87.652771,89.999967,43.826385,44.999983,29020,9890,0.357143,488.000000,0.000000,40.000000,1.780145,1.800075
0,-0.000013,0.047619,0.043478,0.218248,0.068519,963.562500,424.750000,88.939191,87.109418,44.469596,43.554709,33170,12330,0.047619,73.000000,0.000000,40.000000,1.778809,1.742194
0,-0.000000,0.243243,0.236842,14.706894,0.695926,2899.555556,3227.520000,78.395669,80.753400,39.197835,40.376700,33170,33040,0.243243,73.000000,0.000000,35.000000,1.621444,1.615144
0,0.000000,0.047619,0.047619,14.654595,1.247397,2630.222222,5494.186667,89.456478,90.753434,44.728239,45.376717,33040,14040,0.047619,73.000000,0.000000,40.000000,1.842655,1.815210
0,-0.000013,0.047619,0.043478,0.218248,0.068519,963.562500,424.750000,88.939191,87.109418,44.469596,43.554709,33170,5330,0.047619,73.000000,0.000000,40.000000,1.778809,1.742194
0,0.000000,0.055556,0.055556,0.246649,0.096410,1099.653061,563.653061,80.017716,81.701637,40.008858,40.850819,42600,33170,0.055556,73.000000,0.000000,40.000000,1.600382,1.634041
0,0.000000,0.285714,0.285714,0.205878,0.000000,742.000000,726.000000,79.862072,39.999998,39.931036,19.999999,37800,3290,0.285714,434.000000,0.000000,35.000000,1.597270,0.000000
0,0.000000,0.285714,0.285714,0.002718,0.000000,491.783951,850.413223,88.076923,50.000000,44.038462,25.000000,39300,10,0.285714,284.000000,0.000000,40.000000,1.761539,0.000000
0,0.000000,0.285714,0.285714,53.131745,0.000000,1397.877551,850.413223,81.742362,50.000000,40.871181,25.000000,39980,16990,0.285714,216.000000,0.000000,40.000000,2.656176,0.000000
0,0.000000,0.285714,0.285714,53.131745,0.000000,1397.877551,850.413223,81.742362,50.000000,40.871181,25.000000,39980,12240,0.285714,216.000000,0.000000,40.000000,2.656176,0.000000
0,0.000000,0.285714,0.285714,53.131745,0.000000,1397.877551,850.413223,81.742362,50.000000,40.871181,25.000000,39980,16280,0.285714,216.000000,0.000000,40.000000,2.656176,0.000000
0,0.000000,0.250000,0.500000,0.000000,0.004837,171.000000,19.440000,51.464151,41.666252,25.732075,20.833126,1450,10,0.500000,480.000000,0.000000,25.000000,1.029283,0.000000
0,0.000000,0.500000,0.500000,1.381800,0.284873,5503.000000,1393.920000,40.882253,41.109938,20.441127,20.554969,12580,10,0.500000,624.000000,0.000000,20.000000,0.817819,0.000000
0,0.000000,0.037037,0.037037,0.295542,0.158078,875.163223,752.074458,96.450921,100.000000,48.225461,50.000000,19060,13030,0.037037,45.000000,0.000000,45.000000,1.929308,2.000017
0,0.000000,0.037037,0.037037,0.295542,0.158078,875.163223,752.074458,96.450921,100.000000,48.225461,50.000000,18350,6030,0.037037,45.000000,0.000000,45.000000,1.929308,2.000017
0,0.000000,0.037037,0.037037,0.295542,0.158078,875.163223,752.074458,96.450921,100.000000,48.225461,50.000000,18350,13030,0.037037,45.000000,0.000000,45.000000,1.929308,2.000017
0,0.000000,0.037037,0.037037,0.295542,0.158078,875.163223,752.074458,96.450921,100.000000,48.225461,50.000000,19060,6030,0.037037,45.000000,0.000000,45.000000,1.929308,2.000017
0,0.000000,0.037037,0.037037,0.295542,0.158078,875.163223,752.074458,96.450921,100.000000,48.225461,50.000000,14310,13030,0.037037,45.000000,0.000000,45.000000,1.929308,2.000017
0,0.000000,0.142857,0.142857,0.281773,0.172772,750.750000,763.491124,86.450918,89.999999,43.225459,45.000000,13030,7540,0.142857,45.000000,0.000000,40.000000,1.729308,1.800020
0,0.000000,0.142857,0.142857,0.281773,0.172772,750.750000,763.491124,86.450918,89.999999,43.225459,45.000000,7540,6030,0.142857,45.000000,0.000000,40.000000,1.729308,1.800020
0,0.000000,0.037037,0.037037,0.295542,0.158078,875.163223,752.074458,96.450921,100.000000,48.225461,50.000000,13030,2760,0.037037,45.000000,0.000000,45.000000,1.929308,2.000017
0,0.000000,0.037037,0.037037,0.295542,0.158078,875.163223,752.074458,96.450921,100.000000,48.225461,50.000000,14310,6030,0.037037,45.000000,0.000000,45.000000,1.929308,2.000017
0,0.000000,0.037037,0.037037,0.295542,0.158078,875.163223,752.074458,96.450921,100.000000,48.225461,50.000000,6030,2760,0.037037,45.000000,0.000000,45.000000,1.929308,2.000017
0,0.000000,0.125000,0.125000,10.289500,0.000000,347.710000,373.551020,78.153226,76.650350,39.076613,38.325175,17620,8530,0.125000,109.000000,0.000000,35.000000,1.810360,1.533007
0,0.000000,0.166667,0.166667,10.302448,0.000000,392.960000,388.000000,76.149470,75.567709,38.074735,37.783854,17620,6770,0.166667,109.000000,0.000000,35.000000,1.770287,1.511354
0,-0.000000,0.250000,0.095238,10.702157,0.595238,671.625000,2571.888889,73.912688,77.007932,36.956344,38.503966,7850,7140,0.250000,2076.000000,0.000000,35.000000,1.583928,1.540228
0,0.000000,0.250000,0.250000,0.503238,0.595238,2106.360000,2571.888889,40.625255,77.007932,20.312628,38.503966,23660,10,0.250000,495.000000,0.000000,20.000000,0.812566,1.540228
0,0.000000,0.571429,0.571429,2.917754,0.508227,2108.122449,1983.000000,74.120806,70.212215,37.060403,35.106108,26240,5590,0.571429,237.000000,0.000000,35.000000,1.512879,1.404309
