thread_id,v_rel_smoothed,initial_chi,final_chi,pre_p_mag,post_p_mag,pre_mass,post_mass,pre_s_sum,post_s_sum,pre_s_mean,post_s_mean,pre_age_a,pre_age_b,chi_max,duration,theta,stability_bin,pre_E_total,post_E_total
0,0.000000,0.500000,0.500000,0.000000,0.334499,3287.000000,500.000000,0.000000,31.363516,0.000000,15.681758,10,10,0.500000,1000.000000,0.000000,0.000000,0.000000,0.000000
0,0.000000,0.043478,0.043478,171.048283,0.102575,51143.111111,1826.140625,26.749199,62.692792,13.374600,31.346396,20,20,0.043478,1000.000000,0.000000,10.000000,0.822220,1.253859
0,0.000000,0.115385,0.115385,4.050020,0.391055,23242.305556,400.000000,37.399464,39.141573,18.699732,19.570787,30,30,0.115385,1000.000000,0.000000,15.000000,0.748348,0.000000
0,0.002000,0.700000,0.800000,0.163628,0.004916,512.595556,27.222222,49.186340,22.774260,24.593170,11.387130,30,30,0.800000,1100.000000,0.000000,20.000000,0.983753,0.000000
0,0.000000,0.750000,0.750000,0.153047,0.142093,510.228395,208.333333,50.513660,30.808771,25.256830,15.404386,40,10,0.750000,1000.000000,0.000000,25.000000,1.010303,0.000000
0,0.000000,0.571429,0.571429,0.156396,0.000000,103.271111,0.000000,27.516129,0.000000,13.758065,0.000000,50,10,0.571429,1000.000000,0.000000,10.000000,0.550455,0.000000
0,0.000000,0.052632,0.052632,0.094803,0.242987,403.465278,744.111111,50.772075,77.919615,25.386037,38.959807,40,20,0.052632,1000.000000,0.000000,25.000000,1.015454,1.558433
0,0.000000,0.071429,0.071429,0.234655,0.094045,461.937778,244.111111,44.650094,37.970521,22.325047,18.985260,50,20,0.071429,1000.000000,0.000000,20.000000,0.893143,0.000000
0,0.000000,0.266667,0.266667,0.078259,0.094045,568.465278,244.111111,33.480856,37.970521,16.740428,18.985260,20,10,0.266667,1000.000000,0.000000,15.000000,0.669625,0.000000
0,0.000000,0.200000,0.200000,0.197341,3.881640,263.135000,8748.000000,42.057542,45.833333,21.028771,22.916667,20,20,0.200000,1000.000000,0.000000,20.000000,0.841226,0.000000
0,0.000000,0.125000,0.125000,0.221894,0.706511,465.520000,1300.000000,38.236454,30.483971,19.118227,15.241985,30,20,0.125000,1000.000000,0.000000,15.000000,0.764796,0.000000
0,0.000000,0.285714,0.285714,0.323574,0.000000,324.920000,0.000000,42.954586,0.000000,21.477293,0.000000,50,20,0.285714,1000.000000,0.000000,20.000000,0.859284,0.000000
0,0.000000,0.285714,0.285714,0.078259,0.094045,380.888889,244.111111,20.303801,37.970521,10.151900,18.985260,20,10,0.285714,1000.000000,0.000000,10.000000,0.406084,0.000000
0,0.000000,0.062500,0.062500,0.245437,0.094045,602.537778,244.111111,35.742257,37.970521,17.871129,18.985260,20,20,0.062500,1000.000000,0.000000,15.000000,0.714913,0.000000
0,0.000000,0.857143,0.857143,0.184162,0.004112,248.760000,48.090909,56.038512,45.454545,28.019256,22.727273,30,20,0.857143,1000.000000,0.000000,25.000000,1.120839,0.000000
0,-0.001667,0.333333,0.250000,0.054716,0.283356,477.760000,1600.000000,39.212760,31.885190,19.606380,15.942595,30,10,0.333333,1100.000000,0.000000,15.000000,0.784262,0.000000
0,0.000000,0.071429,0.071429,0.211112,2.882899,324.920000,13851.000000,47.144291,33.140827,23.572145,16.570414,50,30,0.071429,1200.000000,0.000000,20.000000,0.943025,0.000000
0,0.000000,0.200000,0.200000,0.073090,0.097734,160.656805,400.000000,67.266399,39.989942,33.633199,19.994971,70,20,0.200000,1000.000000,0.000000,30.000000,1.345352,0.000000
0,0.008262,0.285714,0.708333,0.047147,1.913777,46.375000,6055.524444,64.049305,92.562556,32.024652,46.281278,30,20,0.708333,1200.000000,0.000000,30.000000,1.281010,1.851554
0,-0.000169,0.100000,0.083333,0.186559,1.905783,122.535000,6000.000000,50.965379,43.333333,25.482689,21.666667,50,20,0.100000,1200.000000,0.000000,25.000000,1.019455,0.000000
0,0.000000,0.206897,0.206897,0.084406,3.035408,190.432600,14031.000000,56.935856,67.136803,28.467928,33.568401,70,50,0.206897,1000.000000,0.000000,25.000000,1.138739,1.343101
0,0.000000,0.076923,0.076923,0.084026,0.585602,707.158163,726.000000,54.511983,50.000000,27.255991,25.000000,70,20,0.076923,1000.000000,0.000000,25.000000,1.090245,0.000000
0,-0.005641,0.666667,0.384615,0.000000,0.000000,3058.000000,0.000000,0.000000,0.000000,0.000000,0.000000,10,10,0.666667,1600.000000,0.000000,0.000000,0.000000,0.000000
0,0.001654,0.285714,0.368421,0.023331,0.585602,156.306122,726.000000,63.025286,50.000000,31.512643,25.000000,60,30,0.368421,1100.000000,0.000000,30.000000,1.260508,0.000000
0,-0.001952,0.714286,0.607143,0.173380,0.007993,108.160000,55.524444,64.946348,49.229222,32.473174,24.614611,50,30,0.714286,1200.000000,0.000000,30.000000,1.299069,0.000000
0,0.000000,0.166667,0.166667,0.020101,0.092268,121.656805,400.000000,31.007017,39.204827,15.503509,19.602414,70,10,0.166667,1000.000000,0.000000,15.000000,0.620142,0.000000
0,0.000000,0.315789,0.315789,0.025835,0.593595,110.525366,781.524444,51.311240,99.229222,25.655620,49.614611,50,20,0.315789,1000.000000,0.000000,25.000000,1.026235,1.984821
0,0.002044,0.700000,0.708333,0.084879,4.788683,263.135000,19851.000000,46.247247,76.474161,23.123624,38.237080,30,20,0.708333,1200.000000,0.000000,20.000000,0.924966,1.530086
0,0.000000,0.055556,0.055556,0.015790,1.998051,54.387755,6400.000000,37.509106,82.538160,18.754553,41.269080,40,10,0.055556,1000.000000,0.000000,15.000000,0.750186,1.651077
0,0.000000,0.080000,0.080000,0.044826,0.530536,172.095486,780.000000,66.878797,67.329041,33.439399,33.664520,70,60,0.080000,1000.000000,0.000000,30.000000,1.337582,1.346765
0,0.002368,0.250000,0.368421,0.017237,0.585602,167.306122,726.000000,47.191318,50.000000,23.595659,25.000000,60,10,0.368421,1100.000000,0.000000,20.000000,0.943827,0.000000
0,0.000000,0.040000,0.040000,0.050348,0.378028,201.017916,600.000000,67.845576,33.333065,33.922788,16.666533,70,60,0.040000,1000.000000,0.000000,30.000000,1.356918,0.000000
0,0.000000,0.193548,0.193548,0.035388,0.160502,89.851577,235.524444,53.869548,83.225198,26.934774,41.612599,70,50,0.193548,1000.000000,0.000000,25.000000,1.077402,1.664569
0,0.000000,0.076923,0.076923,0.099809,0.007993,640.867202,55.524444,53.685900,49.229222,26.842950,24.614611,70,50,0.076923,1000.000000,0.000000,25.000000,1.073733,0.000000
0,0.000000,0.315789,0.315789,0.080988,0.593595,110.525366,781.524444,51.311240,99.229222,25.655620,49.614611,50,40,0.315789,1000.000000,0.000000,25.000000,1.026255,1.984821
0,0.000000,0.040000,0.040000,0.053337,0.007993,106.464310,55.524444,60.992051,49.229222,30.496026,24.614611,50,30,0.040000,1000.000000,0.000000,30.000000,1.219857,0.000000
0,0.000000,0.055556,0.055556,0.069827,2.975167,147.698225,14251.000000,29.722158,72.345654,14.861079,36.172827,50,10,0.055556,1000.000000,0.000000,10.000000,0.594463,1.447224
0,0.000000,0.076923,0.076923,0.139179,0.585602,707.158163,726.000000,54.511983,50.000000,27.255991,25.000000,70,40,0.076923,1000.000000,0.000000,25.000000,1.090265,0.000000
0,0.006708,0.285714,0.586207,0.071700,2.890892,248.760000,13906.524444,60.228217,82.370049,30.114108,41.185025,30,30,0.586207,1200.000000,0.000000,30.000000,1.204580,1.647702
0,-0.000343,0.058824,0.041667,0.022504,1.905783,146.277376,6000.000000,59.968042,43.333333,29.984021,21.666667,30,20,0.058824,1100.000000,0.000000,25.000000,1.199363,0.000000
0,0.000000,0.040000,0.040000,0.102355,2.882899,207.045332,13851.000000,64.058360,33.140827,32.029180,16.570414,50,30,0.040000,1000.000000,0.000000,30.000000,1.281193,0.000000
0,0.001892,0.062500,0.160000,0.071260,3.260927,266.447500,14451.000000,53.266272,66.473892,26.633136,33.236946,40,30,0.160000,1200.000000,0.000000,25.000000,1.065336,1.329897
0,0.000000,0.291667,0.291667,0.030368,2.058292,97.122130,6180.000000,64.722804,77.329309,32.361402,38.664655,70,40,0.291667,1000.000000,0.000000,30.000000,1.294462,1.546953
0,0.000978,0.111111,0.160000,0.041913,0.386021,125.330000,655.524444,65.154993,82.562287,32.577497,41.281144,50,40,0.160000,1100.000000,0.000000,30.000000,1.303108,1.651365
0,0.000000,0.055556,0.055556,0.020809,0.100261,47.117202,455.524444,26.655849,88.434049,13.327924,44.217025,50,10,0.055556,1000.000000,0.000000,10.000000,0.533127,1.768692
0,0.000587,0.100000,0.111111,0.030163,0.261619,86.625000,587.476250,37.983754,73.557810,18.991877,36.778905,20,10,0.111111,1300.000000,0.000000,15.000000,0.759690,1.471221
0,0.004182,0.090909,0.300000,0.030247,0.168600,780.585601,600.000000,74.918495,39.469863,37.459248,19.734932,60,10,0.300000,1100.000000,0.000000,35.000000,1.498374,0.000000
0,-0.000810,0.571429,0.500000,0.004331,0.000000,139.464876,0.000000,40.072534,0.000000,20.036267,0.000000,20,10,0.571429,1200.000000,0.000000,20.000000,0.801451,0.000000
0,0.000000,0.071429,0.071429,0.030335,0.982073,124.228374,600.000000,70.858426,26.624513,35.429213,13.312257,60,20,0.071429,1000.000000,0.000000,35.000000,1.417172,0.000000
0,0.000000,0.571429,0.571429,0.064571,0.168600,129.280000,600.000000,37.205054,39.469863,18.602527,19.734932,70,10,0.571429,1000.000000,0.000000,15.000000,0.744119,0.000000
0,0.003104,0.095238,0.241379,1.330135,0.168600,1018.240000,600.000000,63.193813,39.469863,31.596907,19.734932,50,20,0.241379,1200.000000,0.000000,30.000000,1.264800,0.000000
0,0.000000,0.071429,0.071429,0.030335,0.982073,124.228374,600.000000,70.858426,26.624513,35.429213,13.312257,40,20,0.071429,1000.000000,0.000000,35.000000,1.417172,0.000000
0,0.000000,0.161290,0.161290,0.108017,0.246757,179.666667,486.000000,61.507673,34.469618,30.753837,17.234809,80,40,0.161290,1000.000000,0.000000,30.000000,1.230186,0.000000
0,0.000843,0.941176,0.820513,0.016544,0.325932,89.937500,1037.320000,45.002779,73.027674,22.501389,36.513837,40,10,0.941176,1300.000000,0.000000,20.000000,0.900060,1.460605
0,0.000000,0.206897,0.206897,0.063029,0.246757,130.339485,486.000000,72.147098,34.469618,36.073549,17.234809,80,40,0.206897,1000.000000,0.000000,35.000000,1.442959,0.000000
0,-0.000151,0.857143,0.818182,0.097142,0.022111,139.464876,54.000000,46.854544,41.136244,23.427272,20.568122,60,20,0.857143,1200.000000,0.000000,20.000000,0.937161,0.000000
0,-0.002897,0.800000,0.655172,0.008151,0.000000,692.280045,0.000000,80.416667,0.000000,40.208333,0.000000,30,10,0.800000,1100.000000,0.000000,40.000000,1.608335,0.000000
0,-0.001375,0.266667,0.193548,0.016544,0.168600,232.375000,600.000000,46.815166,39.469863,23.407583,19.734932,40,10,0.272727,1300.000000,0.000000,20.000000,0.936307,0.000000
0,-0.000970,0.181818,0.133333,0.042916,0.157332,777.107143,437.320000,70.592435,33.557810,35.296218,16.778905,30,10,0.181818,1100.000000,0.000000,35.000000,1.411858,0.000000
0,0.001179,0.384615,0.416667,0.452260,1.741526,1149.160000,8303.000000,72.586428,32.592912,36.293214,16.296456,40,40,0.416667,1200.000000,0.000000,35.000000,1.451876,0.000000
0,0.000000,1.000000,1.000000,0.276467,0.000000,305.638889,0.000000,31.165723,0.000000,15.582861,0.000000,30,10,1.000000,1300.000000,0.000000,15.000000,0.623551,0.000000
0,0.000000,1.000000,1.000000,0.032527,0.354728,100.347107,2055.777778,45.744444,28.654376,22.872222,14.327188,30,10,1.000000,1100.000000,0.000000,20.000000,0.914895,0.000000
0,0.000000,0.076923,0.076923,0.042087,0.000000,179.388889,0.000000,63.321371,0.000000,31.660686,0.000000,50,30,0.076923,1000.000000,0.000000,30.000000,1.266434,0.000000
0,0.001871,0.100000,0.193548,0.459739,0.168600,616.361111,600.000000,62.732410,39.469863,31.366205,19.734932,60,30,0.193548,1100.000000,0.000000,30.000000,1.254833,0.000000
0,-0.002068,0.190476,0.068966,1.312188,0.157332,1001.485444,437.320000,65.203811,33.557810,32.601906,16.778905,20,20,0.190476,1200.000000,0.000000,30.000000,1.304997,0.000000
0,0.000000,0.375000,0.375000,0.094236,0.000000,215.055556,0.000000,51.226728,0.000000,25.613364,0.000000,40,30,0.375000,1000.000000,0.000000,25.000000,1.024557,0.000000
0,-0.001250,0.250000,0.187500,0.024349,0.246757,108.054375,486.000000,56.842689,34.469618,28.421344,17.234809,70,20,0.250000,1100.000000,0.000000,25.000000,1.136857,0.000000
0,-0.000962,0.125000,0.076923,0.197099,0.000000,265.847107,0.000000,62.367035,0.000000,31.183517,0.000000,40,30,0.125000,1100.000000,0.000000,30.000000,1.247422,0.000000
0,0.000000,0.062500,0.062500,0.049248,0.000000,165.728374,0.000000,61.866152,0.000000,30.933076,0.000000,60,30,0.062500,1000.000000,0.000000,30.000000,1.237330,0.000000
0,-0.002738,0.285714,0.125000,0.025606,0.168600,155.330000,600.000000,37.744570,39.469863,18.872285,19.734932,50,10,0.285714,1200.000000,0.000000,15.000000,0.754895,0.000000
0,0.000758,0.045455,0.083333,0.069827,1.741526,798.922715,8303.000000,64.975554,32.592912,32.487777,16.296456,50,10,0.083333,1100.000000,0.000000,30.000000,1.299531,0.000000
0,-0.002897,0.800000,0.655172,0.008151,0.000000,692.280045,0.000000,80.416667,0.000000,40.208333,0.000000,50,10,0.800000,1100.000000,0.000000,40.000000,1.608335,0.000000
0,-0.003395,0.294118,0.068966,0.276467,0.157332,217.888889,437.320000,34.120337,33.557810,17.060169,16.778905,30,10,0.294118,1300.000000,0.000000,15.000000,0.682643,0.000000
0,0.000000,0.074074,0.074074,0.578941,0.168600,2175.719909,600.000000,57.749889,39.469863,28.874944,19.734932,70,50,0.074074,1000.000000,0.000000,25.000000,1.155080,0.000000
0,0.001311,0.235294,0.241379,0.293012,0.168600,195.326389,600.000000,53.223943,39.469863,26.611971,19.734932,40,30,0.241379,1300.000000,0.000000,25.000000,1.064719,0.000000
0,0.000000,0.206897,0.206897,0.063029,0.246757,130.339485,486.000000,72.147098,34.469618,36.073549,17.234809,80,60,0.206897,1000.000000,0.000000,35.000000,1.442959,0.000000
0,0.000000,0.142857,0.142857,0.009770,0.354728,56.320000,2055.777778,38.210692,28.654376,19.105346,14.327188,20,10,0.142857,1100.000000,0.000000,15.000000,0.764215,0.000000
0,0.000000,0.090909,0.090909,0.017936,0.157332,180.917551,437.320000,63.517785,33.557810,31.758892,16.778905,80,40,0.090909,1000.000000,0.000000,30.000000,1.270357,0.000000
0,0.000000,0.062500,0.062500,0.049248,0.000000,165.728374,0.000000,61.866152,0.000000,30.933076,0.000000,40,30,0.062500,1000.000000,0.000000,30.000000,1.237330,0.000000
0,0.000581,0.100000,0.129032,0.472408,0.157332,612.882653,437.320000,58.406350,33.557810,29.203175,16.778905,30,30,0.129032,1100.000000,0.000000,25.000000,1.168316,0.000000
0,0.000951,0.142857,0.181818,0.118418,0.190711,155.330000,654.000000,44.526579,80.606107,22.263290,40.303054,60,50,0.181818,1200.000000,0.000000,20.000000,0.890605,1.612150
0,-0.000868,0.142857,0.090909,0.092812,0.022111,122.500000,54.000000,23.945074,41.136244,11.972537,20.568122,60,10,0.142857,1200.000000,0.000000,10.000000,0.478972,0.000000
0,0.000667,0.800000,0.833333,0.073798,0.095208,86.117202,483.410431,62.915231,78.922467,31.457615,39.461234,50,20,0.833333,1100.000000,0.000000,30.000000,1.258336,1.578461
0,0.000000,0.033333,0.033333,0.118249,0.000000,542.555556,0.000000,57.097394,0.000000,28.548697,0.000000,40,20,0.033333,1000.000000,0.000000,25.000000,1.141969,0.000000
0,0.000000,0.090909,0.090909,0.101693,0.022111,204.555556,54.000000,58.113689,41.136244,29.056844,20.568122,80,40,0.090909,1000.000000,0.000000,25.000000,1.162300,0.000000
0,-0.000155,0.040000,0.032258,0.047106,0.246757,152.081482,486.000000,64.376441,34.469618,32.188220,17.234809,70,30,0.040000,1100.000000,0.000000,30.000000,1.287537,0.000000
0,-0.005594,0.461538,0.181818,0.195648,0.168600,451.448395,600.000000,58.160759,39.469863,29.080380,19.734932,40,30,0.461538,1400.000000,0.000000,25.000000,1.163260,0.000000
0,-0.000011,0.066667,0.064516,0.000000,0.157332,254.937500,437.320000,27.711560,33.557810,13.855780,16.778905,10,10,0.080000,1300.000000,0.000000,10.000000,0.554231,0.000000
0,0.000000,0.692308,0.692308,0.058725,0.000000,149.444444,0.000000,58.019009,0.000000,29.009505,0.000000,50,40,0.692308,1000.000000,0.000000,25.000000,1.160397,0.000000
0,0.005751,0.400000,0.666667,0.046708,0.272886,64.062500,750.156250,57.087360,79.469863,28.543680,39.734932,40,20,0.666667,1300.000000,0.000000,25.000000,1.141766,1.589457
0,0.000952,0.166667,0.214286,0.014579,1.228830,92.734375,1086.000000,30.040239,61.094131,15.020119,30.547066,70,10,0.214286,1100.000000,0.000000,15.000000,0.600806,1.222749
0,0.000000,0.333333,0.333333,0.265918,0.104722,732.555556,375.000000,46.248305,34.721424,23.124152,17.360712,40,30,0.333333,1000.000000,0.000000,20.000000,0.925017,0.000000
0,0.001179,0.384615,0.416667,1.538753,1.741526,1149.160000,8303.000000,72.586428,32.592912,36.293214,16.296456,40,20,0.416667,1200.000000,0.000000,35.000000,1.452771,0.000000
0,-0.000714,0.250000,0.214286,0.009770,0.982073,65.320000,600.000000,29.628990,26.624513,14.814495,13.312257,20,10,0.250000,1100.000000,0.000000,10.000000,0.592581,0.000000
0,0.000000,0.142857,0.142857,0.030247,0.523328,120.361111,2655.777778,48.246801,68.124239,24.123400,34.062120,60,10,0.142857,1100.000000,0.000000,20.000000,0.964940,1.362539
0,0.000000,0.032258,0.032258,0.078068,0.000000,152.555556,0.000000,62.489032,0.000000,31.244516,0.000000,40,40,0.032258,1000.000000,0.000000,30.000000,1.249802,0.000000
0,0.000000,0.166667,0.166667,0.023457,0.138915,205.666667,400.000000,42.779338,39.199800,21.389669,19.599900,30,10,0.166667,1000.000000,0.000000,20.000000,0.855590,0.000000
0,0.000000,1.000000,1.000000,0.016272,0.284992,162.988662,1128.960000,38.988318,32.708784,19.494159,16.354392,40,10,1.000000,1100.000000,0.000000,15.000000,0.779767,0.000000
0,-0.004206,1.000000,0.733333,0.187342,0.000000,954.750000,0.000000,54.666780,0.000000,27.333390,0.000000,60,30,1.000000,1300.000000,0.000000,25.000000,1.093354,0.000000
0,0.000000,1.000000,1.000000,0.119650,0.046108,211.734375,54.080000,58.437308,35.818283,29.218654,17.909142,70,30,1.000000,1300.000000,0.000000,25.000000,1.168786,0.000000
0,-0.000907,0.125000,0.083333,0.207488,0.248700,282.382653,784.000000,60.543331,39.995524,30.271666,19.997762,40,30,0.181818,1300.000000,0.000000,30.000000,1.210950,0.000000
0,0.000000,0.666667,0.666667,0.014930,0.113366,45.000000,289.000000,68.500858,35.290484,34.250429,17.645242,20,10,0.666667,1000.000000,0.000000,30.000000,1.370022,0.000000
0,0.000000,0.041667,0.041667,0.378732,0.248700,2309.520000,784.000000,62.242142,39.995524,31.121071,19.997762,100,60,0.041667,1000.000000,0.000000,30.000000,1.244874,0.000000
0,-0.000476,0.166667,0.142857,0.012841,0.000000,141.000000,0.000000,38.978835,0.000000,19.489417,0.000000,50,10,0.166667,1100.000000,0.000000,15.000000,0.779582,0.000000
0,-0.000390,0.090909,0.071429,0.030202,0.002600,352.190000,188.553719,58.610937,38.331719,29.305469,19.165860,40,20,0.090909,1100.000000,0.000000,25.000000,1.172228,0.000000
0,0.000833,0.125000,0.166667,0.830252,0.000000,3620.491111,0.000000,62.223118,0.000000,31.111559,0.000000,60,30,0.166667,1100.000000,0.000000,30.000000,1.244575,0.000000
0,0.000000,0.500000,0.500000,0.212676,0.000000,2649.892795,0.000000,71.102860,0.000000,35.551430,0.000000,70,20,0.500000,1000.000000,0.000000,35.000000,1.422067,0.000000
0,0.000000,0.071429,0.071429,0.160850,0.248700,1129.591429,784.000000,66.218127,39.995524,33.109064,19.997762,60,30,0.071429,1000.000000,0.000000,30.000000,1.324374,0.000000
0,0.000000,0.500000,0.500000,1.350479,0.007611,904.888889,27.000000,62.453948,50.000000,31.226974,25.000000,80,20,0.500000,1000.000000,0.000000,30.000000,1.250093,0.000000
0,-0.000206,0.066667,0.055556,0.115393,0.046108,537.111111,54.080000,72.680701,35.818283,36.340350,17.909142,80,20,0.066667,1200.000000,0.000000,35.000000,1.453634,0.000000
0,0.000000,0.500000,0.500000,1.212339,0.007611,904.888889,27.000000,62.453948,50.000000,31.226974,25.000000,20,20,0.500000,1000.000000,0.000000,30.000000,1.249896,0.000000
0,0.003377,0.500000,0.714286,0.029054,0.000000,153.562500,0.000000,45.137151,0.000000,22.568575,0.000000,80,10,0.727273,1200.000000,0.000000,20.000000,0.902746,0.000000
0,0.006149,0.037037,0.343750,0.530642,0.248700,2209.428571,784.000000,59.533152,39.995524,29.766576,19.997762,50,40,0.343750,1200.000000,0.000000,25.000000,1.190728,0.000000
0,0.003832,0.117647,0.357143,0.093837,0.051439,703.920000,181.500000,75.801877,50.000000,37.900939,25.000000,50,20,0.357143,1200.000000,0.000000,35.000000,1.516044,0.000000
0,0.000000,0.125000,0.125000,0.003734,0.000000,420.000000,0.000000,66.902064,0.000000,33.451032,0.000000,70,10,0.125000,1000.000000,0.000000,30.000000,1.338041,0.000000
0,0.000000,0.428571,0.428571,0.146576,0.046108,398.339485,54.080000,35.269726,35.818283,17.634863,17.909142,100,10,0.428571,1000.000000,0.000000,15.000000,0.705422,0.000000
0,0.003832,0.117647,0.357143,0.093837,0.051439,703.920000,181.500000,75.801877,50.000000,37.900939,25.000000,30,20,0.357143,1200.000000,0.000000,35.000000,1.516044,0.000000
0,-0.002732,0.200000,0.153846,0.069129,0.290896,146.257653,915.444444,67.335402,80.966836,33.667701,40.483418,70,30,0.666667,1300.000000,0.000000,30.000000,1.346725,1.619383
0,0.000000,0.625000,0.625000,0.029633,0.000000,47.222222,0.000000,69.303351,0.000000,34.651676,0.000000,30,10,0.625000,1000.000000,0.000000,30.000000,1.386083,0.000000
0,-0.000014,0.125000,0.111111,0.095285,0.408064,209.908163,628.403061,50.617953,79.261320,25.308976,39.630660,40,20,0.142857,1400.000000,0.000000,25.000000,1.012385,1.585368
0,0.000000,0.031250,0.031250,1.629525,0.000000,15490.815000,0.000000,63.831336,0.000000,31.915668,0.000000,110,80,0.031250,1000.000000,0.000000,30.000000,1.276773,0.000000
0,0.000000,0.200000,0.200000,0.965491,0.000000,13516.440000,0.000000,66.888995,0.000000,33.444498,0.000000,80,70,0.200000,1000.000000,0.000000,30.000000,1.337815,0.000000
0,0.000000,0.142857,0.142857,0.190130,0.126309,1312.000000,400.000000,42.936620,39.994940,21.468310,19.997470,50,10,0.142857,1000.000000,0.000000,20.000000,0.858746,0.000000
0,-0.000060,0.166667,0.176471,0.752412,0.024727,3915.880000,73.937500,61.693263,41.392211,30.846631,20.696106,90,60,0.230769,1200.000000,0.000000,30.000000,1.233939,0.000000
0,-0.000014,0.125000,0.111111,0.040131,0.408064,209.908163,628.403061,50.617953,79.261320,25.308976,39.630660,20,20,0.142857,1400.000000,0.000000,25.000000,1.012364,1.585368
0,0.000000,0.285714,0.285714,0.006797,0.000000,40.000000,0.000000,45.453173,0.000000,22.726587,0.000000,70,10,0.285714,1000.000000,0.000000,20.000000,0.909064,0.000000
0,0.000000,0.400000,0.400000,1.028114,0.011340,13592.440000,1100.000000,61.618529,35.785063,30.809265,17.892531,80,20,0.400000,1000.000000,0.000000,30.000000,1.232429,0.000000
0,0.000000,0.571429,0.571429,0.958694,0.000000,13537.440000,0.000000,49.994678,0.000000,24.997339,0.000000,80,10,0.571429,1000.000000,0.000000,20.000000,0.999928,0.000000
0,0.000000,0.500000,0.500000,0.205198,0.000000,2663.003906,0.000000,34.498279,0.000000,17.249139,0.000000,70,10,0.500000,1100.000000,0.000000,15.000000,0.689974,0.000000
0,-0.001120,0.750000,0.615385,0.179150,0.016606,249.234375,54.080000,55.244531,42.099700,27.622266,21.049850,70,40,0.750000,1400.000000,0.000000,25.000000,1.104967,0.000000
0,0.000000,0.090909,0.090909,1.148824,0.126309,14788.440000,400.000000,64.372442,39.994940,32.186221,19.997470,80,50,0.090909,1000.000000,0.000000,30.000000,1.287497,0.000000
0,-0.001067,0.400000,0.333333,0.139897,0.050612,327.555556,176.400000,63.288396,35.662961,31.644198,17.831480,60,10,0.400000,1200.000000,0.000000,30.000000,1.265811,0.000000
0,-0.008889,0.571429,0.100000,0.179690,0.000000,980.000000,0.000000,34.110744,0.000000,17.055372,0.000000,30,10,0.571429,1500.000000,0.000000,15.000000,0.682232,0.000000
0,-0.001197,0.250000,0.153846,0.190785,0.024727,226.875000,73.937500,60.027195,41.392211,30.013598,20.696106,70,40,0.250000,1400.000000,0.000000,30.000000,1.200626,0.000000
0,0.000000,0.857143,0.857143,0.021215,0.007929,43.562500,27.000000,51.454144,50.000000,25.727072,25.000000,90,10,0.857143,1000.000000,0.000000,25.000000,1.029091,0.000000
0,0.000000,0.142857,0.142857,0.497133,0.000000,1168.000000,0.000000,42.562737,0.000000,21.281369,0.000000,60,10,0.142857,1000.000000,0.000000,20.000000,0.851362,0.000000
0,0.000000,0.857143,0.857143,0.021215,0.007929,43.562500,27.000000,51.454144,50.000000,25.727072,25.000000,30,10,0.857143,1000.000000,0.000000,25.000000,1.029091,0.000000
0,0.000000,0.285714,0.285714,0.958694,0.000000,13508.440000,0.000000,46.562218,0.000000,23.281109,0.000000,80,10,0.285714,1000.000000,0.000000,20.000000,0.931278,0.000000
0,0.004748,0.066667,0.300000,0.841441,0.261051,942.590000,320.000000,58.300422,31.485766,29.150211,15.742883,90,40,0.300000,1300.000000,0.000000,25.000000,1.166573,0.000000
0,0.000000,0.142857,0.142857,0.036918,0.112634,323.078125,400.000000,61.020926,39.999598,30.510463,19.999799,60,20,0.142857,1000.000000,0.000000,30.000000,1.220421,0.000000
0,-0.000833,0.375000,0.333333,0.237728,0.012129,652.222222,81.000000,75.442626,37.749484,37.721313,18.874742,110,40,0.375000,1100.000000,0.000000,35.000000,1.508896,0.000000
0,-0.001093,0.200000,0.166667,0.033810,0.099497,217.140625,513.000000,59.223467,70.797521,29.611734,35.398760,90,10,0.333333,1300.000000,0.000000,25.000000,1.184474,1.415960
0,0.001876,0.105263,0.333333,0.074758,0.047092,156.142538,981.000000,54.695630,82.193928,27.347815,41.096964,70,40,0.428571,1500.000000,0.000000,25.000000,1.093935,1.643880
0,-0.000412,0.093750,0.073171,0.896106,0.012129,2623.375000,81.000000,63.337569,37.749484,31.668784,18.874742,110,110,0.093750,1100.000000,0.000000,30.000000,1.266905,0.000000
0,0.000000,0.285714,0.285714,0.088842,0.112634,1358.078125,400.000000,63.444000,39.999598,31.722000,19.999799,120,60,0.285714,1000.000000,0.000000,30.000000,1.268883,0.000000
0,0.000000,0.043478,0.043478,0.065295,0.756518,1383.750000,384.000000,67.145271,26.666667,33.572636,13.333333,120,70,0.043478,1000.000000,0.000000,30.000000,1.342907,0.000000
0,0.001876,0.105263,0.333333,0.019605,0.047092,156.142538,981.000000,54.695630,82.193928,27.347815,41.096964,70,20,0.428571,1500.000000,0.000000,25.000000,1.093914,1.643880
0,-0.000952,0.333333,0.285714,0.225275,0.012129,650.000000,81.000000,46.074481,37.749484,23.037241,18.874742,110,10,0.333333,1100.000000,0.000000,20.000000,0.921530,0.000000
0,0.000000,0.125000,0.125000,0.478346,0.022047,821.959184,16.000000,66.421957,29.999934,33.210979,14.999967,40,20,0.125000,1000.000000,0.000000,30.000000,1.328588,0.000000
0,-0.002333,0.250000,0.133333,1.529333,0.000000,3573.375000,0.000000,68.917115,0.000000,34.458558,0.000000,110,50,0.250000,1100.000000,0.000000,30.000000,1.378689,0.000000
0,0.000000,0.047619,0.047619,0.029425,0.769155,297.013036,3984.000000,60.612838,71.878894,30.306419,35.939447,60,30,0.047619,1000.000000,0.000000,30.000000,1.212258,1.437654
0,0.001143,0.142857,0.200000,0.026213,0.629934,61.375000,2089.406888,43.404605,80.131283,21.702303,40.065642,70,10,0.200000,1500.000000,0.000000,20.000000,0.868100,1.602721
0,-0.001000,0.250000,0.200000,0.493576,0.620013,806.500000,2096.469388,66.318212,77.770062,33.159106,38.885031,110,50,0.250000,1100.000000,0.000000,30.000000,1.326603,1.555494
0,-0.002231,0.461538,0.350000,0.225275,0.012129,769.000000,81.000000,37.977635,37.749484,18.988818,18.874742,110,10,0.461538,1100.000000,0.000000,15.000000,0.759593,0.000000
0,0.000000,0.100000,0.100000,0.169031,0.373685,670.078125,720.000000,50.766499,71.485363,25.383250,35.742682,70,60,0.100000,1000.000000,0.000000,25.000000,1.015357,1.429830
0,0.004914,0.037037,0.285714,0.057494,0.020797,168.617028,416.265306,62.552737,74.717691,31.276369,37.358845,70,30,0.285714,1500.000000,0.000000,30.000000,1.251065,1.494355
0,0.000000,0.142857,0.142857,0.422316,0.124764,1299.127014,481.000000,69.851690,77.749081,34.925845,38.874541,120,60,0.142857,1000.000000,0.000000,30.000000,1.397112,1.554998
0,0.000000,0.050000,0.050000,0.232127,0.112634,533.037309,400.000000,57.271630,39.999598,28.635815,19.999799,60,20,0.050000,1000.000000,0.000000,25.000000,1.145517,0.000000
0,0.002261,0.250000,0.300000,0.049684,0.273180,189.234375,401.000000,53.176260,69.235249,26.588130,34.617625,70,20,0.300000,1500.000000,0.000000,25.000000,1.063532,1.384812
0,0.000000,0.071429,0.071429,0.752724,0.237144,1667.604444,881.000000,72.141992,67.744261,36.070996,33.872131,120,80,0.071429,1000.000000,0.000000,35.000000,1.443015,1.354918
0,-0.000952,0.333333,0.285714,0.670832,0.000000,2023.375000,0.000000,42.401544,0.000000,21.200772,0.000000,110,10,0.333333,1100.000000,0.000000,20.000000,0.848143,0.000000
0,0.000000,0.100000,0.100000,0.208579,0.756518,558.709184,384.000000,60.972902,26.666667,30.486451,13.333333,70,20,0.100000,1000.000000,0.000000,30.000000,1.219541,0.000000
0,-0.001145,0.100000,0.080000,8.092072,0.034179,2919.040000,154.937500,42.509289,77.860189,21.254644,38.930094,30,30,0.200000,1900.000000,0.000000,20.000000,0.861501,1.557208
0,0.003333,0.166667,0.333333,0.044563,0.097456,52.222222,432.000000,77.621679,39.447199,38.810840,19.723599,30,20,0.333333,1300.000000,0.000000,35.000000,1.552454,0.000000
0,-0.003280,0.636364,0.411765,0.402262,0.089485,1559.250000,384.000000,57.803357,38.939769,28.901678,19.469885,60,50,0.636364,1200.000000,0.000000,25.000000,1.156167,0.000000
0,0.000000,0.285714,0.285714,0.011933,0.006227,47.682540,27.000000,56.824268,50.000000,28.412134,25.000000,50,10,0.285714,1000.000000,0.000000,25.000000,1.136487,0.000000
0,-0.000535,0.100000,0.071429,0.218930,0.089485,287.250000,384.000000,60.319910,38.939769,30.159955,19.469885,70,60,0.100000,1200.000000,0.000000,30.000000,1.206485,0.000000
0,0.000000,0.285714,0.285714,0.011933,0.006227,47.682540,27.000000,56.824268,50.000000,28.412134,25.000000,110,10,0.285714,1000.000000,0.000000,25.000000,1.136487,0.000000
0,0.000000,0.166667,0.166667,0.105678,0.262834,308.000000,927.937500,75.002334,71.869322,37.501167,35.934661,90,50,0.166667,1000.000000,0.000000,35.000000,1.500066,1.437425
0,0.000667,0.375000,0.400000,0.280754,0.191380,208.722222,1863.000000,74.750331,38.662645,37.375166,19.331322,50,40,0.400000,1200.000000,0.000000,35.000000,1.495208,0.000000
0,-0.001000,0.250000,0.200000,0.717547,0.095605,2135.000000,400.000000,61.421265,58.939767,30.710632,29.469883,50,20,0.250000,1300.000000,0.000000,30.000000,1.228679,1.178807
0,0.000000,0.142857,0.142857,0.051099,0.068696,371.111111,249.134948,45.010084,40.243454,22.505042,20.121727,80,10,0.142857,1000.000000,0.000000,20.000000,0.900205,0.000000
0,-0.001429,0.285714,0.214286,0.189960,0.006227,150.813333,27.000000,64.685470,50.000000,32.342735,25.000000,100,30,0.285714,1100.000000,0.000000,30.000000,1.293842,0.000000
0,0.006234,0.142857,0.454545,0.224338,0.165378,438.000000,495.937500,73.296184,32.422123,36.648092,16.211062,80,50,0.454545,1100.000000,0.000000,35.000000,1.465982,0.000000
0,0.014286,0.285714,1.000000,0.180598,0.000000,137.800000,0.000000,35.442616,0.000000,17.721308,0.000000,30,10,1.000000,1100.000000,0.000000,15.000000,0.708983,0.000000
0,-0.001429,0.285714,0.214286,0.189960,0.006227,150.813333,27.000000,64.685470,50.000000,32.342735,25.000000,40,30,0.285714,1100.000000,0.000000,30.000000,1.293842,0.000000
0,-0.001418,0.400000,0.315789,0.512499,0.000000,1770.400000,0.000000,75.615716,0.000000,37.807858,0.000000,90,60,0.400000,1200.000000,0.000000,35.000000,1.512396,0.000000
0,0.000000,0.333333,0.333333,0.009428,0.054290,297.224490,199.445983,45.284699,41.436680,22.642349,20.718340,90,10,0.333333,1000.000000,0.000000,20.000000,0.905694,0.000000
0,0.000000,0.714286,0.714286,0.013002,0.000000,67.224490,0.000000,49.506728,0.000000,24.753364,0.000000,40,10,0.714286,1000.000000,0.000000,20.000000,0.990136,0.000000
0,0.000000,1.000000,1.000000,0.065409,0.517530,1098.934911,2809.000000,62.525033,37.302024,31.262516,18.651012,120,30,1.000000,1200.000000,0.000000,30.000000,1.250503,0.000000
0,-0.007365,0.666667,0.222222,0.384156,0.000000,1516.000000,0.000000,81.076284,0.000000,40.538142,0.000000,90,20,0.666667,1200.000000,0.000000,40.000000,1.621575,0.000000
0,-0.001418,0.400000,0.315789,0.512499,0.000000,1770.400000,0.000000,75.615716,0.000000,37.807858,0.000000,60,30,0.400000,1200.000000,0.000000,35.000000,1.512396,0.000000
0,-0.001016,0.166667,0.111111,0.145862,0.000000,286.400000,0.000000,71.358683,0.000000,35.679342,0.000000,60,20,0.166667,1200.000000,0.000000,35.000000,1.427211,0.000000
0,-0.000427,0.076923,0.055556,0.967212,0.006783,5332.812500,33.880000,80.776175,39.996898,40.388088,19.998449,100,100,0.076923,1100.000000,0.000000,40.000000,1.615611,0.000000
0,-0.007365,0.666667,0.222222,0.384156,0.000000,1516.000000,0.000000,81.076284,0.000000,40.538142,0.000000,30,20,0.666667,1200.000000,0.000000,40.000000,1.621575,0.000000
0,0.000000,0.166667,0.166667,0.013002,0.000000,61.000000,0.000000,42.318876,0.000000,21.159438,0.000000,40,10,0.166667,1000.000000,0.000000,20.000000,0.846379,0.000000
0,-0.000427,0.076923,0.055556,0.967212,0.006783,5332.812500,33.880000,80.776175,39.996898,40.388088,19.998449,100,40,0.076923,1100.000000,0.000000,40.000000,1.615611,0.000000
0,0.000000,0.500000,0.500000,0.009428,0.054290,291.000000,199.445983,38.096847,41.436680,19.048424,20.718340,90,10,0.500000,1000.000000,0.000000,15.000000,0.761937,0.000000
0,0.000000,0.666667,0.666667,0.000000,0.000000,38.224490,0.000000,11.948839,0.000000,5.974420,0.000000,10,10,0.666667,1000.000000,0.000000,5.000000,0.238977,0.000000
0,0.000000,0.142857,0.142857,0.153091,0.054290,437.000000,199.445983,50.255620,41.436680,25.127810,20.718340,70,20,0.142857,1200.000000,0.000000,25.000000,1.005140,0.000000
0,-0.000362,0.058824,0.038462,0.567279,0.002209,1238.312500,125.000000,65.706580,31.999949,32.853290,15.999974,70,30,0.058824,1200.000000,0.000000,30.000000,1.314262,0.000000
0,-0.000400,0.076923,0.052632,0.046510,0.042211,398.784722,177.880000,84.030361,89.999753,42.015180,44.999877,100,100,0.076923,1200.000000,0.000000,40.000000,1.680611,1.800000
0,-0.000405,0.100000,0.071429,0.687263,0.000000,2448.000000,0.000000,60.372961,0.000000,30.186481,0.000000,60,50,0.100000,1400.000000,0.000000,30.000000,1.207580,0.000000
0,-0.000438,0.095238,0.076923,0.184309,0.036202,488.328125,144.000000,68.265903,50.000000,34.132951,25.000000,70,60,0.117647,1300.000000,0.000000,30.000000,1.365379,0.000000
0,-0.000438,0.095238,0.076923,0.184309,0.036202,488.328125,144.000000,68.265903,50.000000,34.132951,25.000000,90,60,0.117647,1300.000000,0.000000,30.000000,1.365379,0.000000
0,-0.001429,0.500000,0.428571,0.179946,0.000000,1266.666667,0.000000,66.051308,0.000000,33.025654,0.000000,80,40,0.500000,1100.000000,0.000000,30.000000,1.321054,0.000000
0,-0.005510,0.833333,0.111111,0.036298,0.000000,96.666667,0.000000,60.493351,0.000000,30.246676,0.000000,50,30,0.833333,1600.000000,0.000000,30.000000,1.209876,0.000000
0,-0.001048,0.142857,0.076923,0.383267,0.045822,924.633681,144.000000,63.822107,35.959669,31.911053,17.979834,80,60,0.142857,1300.000000,0.000000,30.000000,1.276542,0.000000
0,-0.000400,0.076923,0.052632,0.046510,0.042211,398.784722,177.880000,84.030361,89.999753,42.015180,44.999877,100,80,0.076923,1200.000000,0.000000,40.000000,1.680611,1.800000
0,0.000000,0.285714,0.285714,0.208094,0.025642,759.739645,146.944444,72.751518,45.000000,36.375759,22.500000,130,30,0.285714,1000.000000,0.000000,35.000000,1.455074,0.000000
0,-0.001639,0.333333,0.172414,0.049249,0.026141,123.813333,85.421488,63.883152,82.954822,31.941576,41.477411,40,20,0.333333,1400.000000,0.000000,30.000000,1.277673,1.659101
0,-0.000200,0.142857,0.090909,1.225792,0.003931,936.000000,21.421488,58.098435,43.750000,29.049217,21.875000,60,20,0.142857,1600.000000,0.000000,25.000000,1.162788,0.000000
0,-0.001545,0.200000,0.090909,0.006797,0.036420,88.000000,196.064815,61.294601,40.497907,30.647301,20.248954,70,10,0.200000,1500.000000,0.000000,30.000000,1.225893,0.000000
0,-0.005029,0.600000,0.285714,0.183690,0.087850,704.000000,464.000000,46.471661,79.921718,23.235830,39.960859,60,10,0.600000,1200.000000,0.000000,20.000000,0.929460,1.598443
0,-0.006133,0.461538,0.133333,0.048568,0.012910,328.603316,46.080000,76.276653,34.999983,38.138327,17.499991,100,70,0.461538,1300.000000,0.000000,35.000000,1.525537,0.000000
0,-0.001593,0.428571,0.285714,0.514717,0.064634,856.805556,290.944444,70.556204,85.701482,35.278102,42.850741,80,70,0.428571,1400.000000,0.000000,35.000000,1.411282,1.714037
0,-0.000159,0.083333,0.076923,0.350083,0.072831,3513.000000,400.000000,79.799194,39.989944,39.899597,19.994972,60,50,0.090909,1200.000000,0.000000,35.000000,1.596015,0.000000
0,0.006286,0.400000,0.714286,0.119988,0.257995,384.000000,1053.000000,40.151191,40.749641,20.075595,20.374821,50,10,0.714286,1200.000000,0.000000,20.000000,0.803046,0.000000
0,-0.000200,0.142857,0.090909,1.363932,0.003931,936.000000,21.421488,58.098435,43.750000,29.049217,21.875000,80,60,0.142857,1600.000000,0.000000,25.000000,1.162986,0.000000
0,-0.000838,0.166667,0.181818,0.069595,0.058630,343.000000,260.064815,54.312326,79.702729,27.156163,39.851365,20,20,0.333333,1400.000000,0.000000,25.000000,1.086256,1.594062
0,0.000000,0.285714,0.285714,0.208094,0.025642,759.739645,146.944444,72.751518,45.000000,36.375759,22.500000,110,30,0.285714,1000.000000,0.000000,35.000000,1.455074,0.000000
0,-0.000159,0.083333,0.076923,0.350083,0.072831,3513.000000,400.000000,79.799194,39.989944,39.899597,19.994972,110,60,0.090909,1200.000000,0.000000,35.000000,1.596015,0.000000
0,0.000000,0.142857,0.142857,0.604193,0.025642,957.443878,146.944444,80.364399,45.000000,40.182199,22.500000,110,90,0.142857,1200.000000,0.000000,40.000000,1.607499,0.000000
0,0.000000,0.142857,0.142857,0.604193,0.025642,957.443878,146.944444,80.364399,45.000000,40.182199,22.500000,90,90,0.142857,1200.000000,0.000000,40.000000,1.607499,0.000000
0,-0.000325,0.111111,0.095238,0.041692,0.025642,474.263039,146.944444,81.135182,45.000000,40.567591,22.500000,80,70,0.117647,1300.000000,0.000000,40.000000,1.622706,0.000000
0,-0.001593,0.428571,0.285714,0.514717,0.064634,856.805556,290.944444,70.556204,85.701482,35.278102,42.850741,90,80,0.428571,1400.000000,0.000000,35.000000,1.411282,1.714037
0,0.000000,0.142857,0.142857,0.042745,0.038992,301.000000,144.000000,79.871465,40.701482,39.935732,20.350741,110,50,0.142857,1100.000000,0.000000,35.000000,1.597433,0.000000
0,0.003591,0.181818,0.571429,0.304350,0.022210,610.000000,64.000000,62.254742,39.204822,31.127371,19.602411,70,20,0.727273,1400.000000,0.000000,30.000000,1.245171,0.000000
0,-0.003333,0.500000,0.333333,0.011496,0.094047,61.000000,400.000000,79.605248,39.994972,39.802624,19.997486,50,10,0.500000,1100.000000,0.000000,35.000000,1.592106,0.000000
0,-0.000744,0.200000,0.153846,0.548685,0.111823,1359.875000,544.000000,66.646397,80.691427,33.323198,40.345713,90,50,0.200000,1300.000000,0.000000,30.000000,1.333039,1.613840
0,0.000132,0.200000,0.181818,0.503930,0.000000,1176.000000,0.000000,62.889514,0.000000,31.444757,0.000000,70,60,0.200000,1500.000000,0.000000,30.000000,1.257899,0.000000
0,-0.001667,0.250000,0.166667,0.130510,0.022210,567.800000,64.000000,68.433431,39.204822,34.216716,19.602411,100,50,0.250000,1100.000000,0.000000,30.000000,1.368684,0.000000
0,0.000000,0.400000,0.400000,0.180170,0.288813,718.545455,946.000000,75.352043,78.836248,37.676021,39.418124,70,60,0.400000,1000.000000,0.000000,35.000000,1.507072,1.576769
0,-0.000325,0.111111,0.095238,0.041692,0.025642,474.263039,146.944444,81.135182,45.000000,40.567591,22.500000,100,70,0.117647,1300.000000,0.000000,40.000000,1.622706,0.000000
0,-0.001639,0.333333,0.172414,0.049249,0.026141,123.813333,85.421488,63.883152,82.954822,31.941576,41.477411,100,20,0.333333,1400.000000,0.000000,30.000000,1.277673,1.659101
0,0.002460,0.058824,0.181818,0.052626,0.000000,447.888889,0.000000,73.497220,0.000000,36.748610,0.000000,100,80,0.181818,1200.000000,0.000000,35.000000,1.469948,0.000000
0,0.001813,0.181818,0.272727,0.039911,0.022210,141.750000,64.000000,56.851063,39.204822,28.425532,19.602411,80,20,0.272727,1400.000000,0.000000,25.000000,1.137029,0.000000
0,-0.000590,0.166667,0.125000,0.076581,0.022210,114.000000,64.000000,44.829432,39.204822,22.414716,19.602411,90,20,0.166667,1400.000000,0.000000,20.000000,0.896639,0.000000
0,0.000000,0.428571,0.428571,0.060485,0.000000,127.020408,0.000000,59.113206,0.000000,29.556603,0.000000,120,10,0.428571,1000.000000,0.000000,25.000000,1.182287,0.000000
0,0.000000,0.111111,0.111111,0.213264,0.920300,618.142500,8879.893491,81.768753,65.060085,40.884376,32.530042,130,120,0.111111,1000.000000,0.000000,40.000000,1.635412,1.301249
0,0.000000,0.562500,0.562500,0.007993,0.002554,102.544853,32.801653,76.978566,44.444444,38.489283,22.222222,90,10,0.562500,1000.000000,0.000000,35.000000,1.539572,0.000000
0,0.000000,0.142857,0.142857,0.585602,0.027850,773.020408,107.959184,77.749344,50.000000,38.874672,25.000000,120,10,0.142857,1000.000000,0.000000,35.000000,1.555223,0.000000
0,0.000000,0.062500,0.062500,0.012700,0.000000,91.663265,0.000000,62.710694,0.000000,31.355347,0.000000,60,10,0.062500,1000.000000,0.000000,30.000000,1.254216,0.000000
0,0.000000,0.035714,0.035714,0.103915,0.912161,294.586944,8782.801653,90.203417,70.888190,45.101709,35.444095,130,90,0.035714,1000.000000,0.000000,45.000000,1.804088,1.417811
0,0.001101,0.076923,0.250000,1.548198,0.002554,3527.003906,32.801653,58.227270,44.444444,29.113635,22.222222,80,70,0.333333,1700.000000,0.000000,25.000000,1.165566,0.000000
0,0.001186,0.100000,0.176471,0.483891,0.909607,3591.250000,8750.000000,77.054814,26.443746,38.527407,13.221873,110,100,0.176471,1300.000000,0.000000,35.000000,1.541171,0.000000
0,0.000000,0.035714,0.035714,0.103915,0.912161,294.586944,8782.801653,90.203417,70.888190,45.101709,35.444095,150,130,0.035714,1000.000000,0.000000,45.000000,1.804088,1.417811
0,0.001186,0.100000,0.176471,0.483891,0.909607,3591.250000,8750.000000,77.054814,26.443746,38.527407,13.221873,100,50,0.176471,1300.000000,0.000000,35.000000,1.541171,0.000000
0,0.000000,0.111111,0.111111,0.152614,0.023022,214.669421,105.273438,69.416379,39.043936,34.708190,19.521968,70,40,0.111111,1200.000000,0.000000,30.000000,1.388385,0.000000
0,0.000000,0.142857,0.142857,0.585602,0.027850,773.020408,107.959184,77.749344,50.000000,38.874672,25.000000,140,10,0.142857,1000.000000,0.000000,35.000000,1.555223,0.000000
0,-0.000303,0.181818,0.166667,0.005525,0.974505,400.320000,8887.312500,38.647259,67.193388,19.323629,33.596694,120,10,0.181818,1100.000000,0.000000,15.000000,0.772945,1.343930
0,0.000000,0.500000,0.500000,0.012700,0.000000,71.642857,0.000000,34.961390,0.000000,17.480695,0.000000,60,10,0.500000,1000.000000,0.000000,15.000000,0.699230,0.000000
0,0.000000,0.333333,0.333333,0.022797,1.063949,60.642857,1568.000000,77.460583,31.249984,38.730291,15.624992,60,50,0.333333,1000.000000,0.000000,35.000000,1.549217,0.000000
0,-0.000192,0.066667,0.055556,0.011556,0.010694,302.777778,129.893491,69.704611,38.616339,34.852306,19.308169,90,30,0.066667,1300.000000,0.000000,30.000000,1.394092,0.000000
0,0.001101,0.076923,0.250000,1.410058,0.002554,3527.003906,32.801653,58.227270,44.444444,29.113635,22.222222,70,20,0.333333,1700.000000,0.000000,25.000000,1.165368,0.000000
0,0.000000,0.250000,0.250000,0.019773,0.000000,120.520408,0.000000,67.706885,0.000000,33.853443,0.000000,140,10,0.250000,1000.000000,0.000000,30.000000,1.354140,0.000000
0,-0.005231,1.000000,0.392857,0.009362,0.002554,38.613333,32.801653,52.423546,44.444444,26.211773,22.222222,100,10,1.000000,1500.000000,0.000000,25.000000,1.048473,0.000000
0,-0.005231,1.000000,0.392857,0.009362,0.002554,38.613333,32.801653,52.423546,44.444444,26.211773,22.222222,40,10,1.000000,1500.000000,0.000000,25.000000,1.048473,0.000000
0,0.000000,0.062500,0.062500,1.025067,0.000000,1922.020408,0.000000,61.912657,0.000000,30.956329,0.000000,120,10,0.062500,1000.000000,0.000000,30.000000,1.238533,0.000000
0,0.000000,0.562500,0.562500,0.007993,0.002554,102.544853,32.801653,76.978566,44.444444,38.489283,22.222222,150,10,0.562500,1000.000000,0.000000,35.000000,1.539572,0.000000
0,0.006000,0.666667,1.000000,0.031249,1.230219,272.000000,9250.000000,75.485923,58.443426,37.742962,29.221713,110,10,1.000000,1200.000000,0.000000,35.000000,1.509720,1.169019
0,-0.001823,0.400000,0.214286,0.497133,0.011590,1216.000000,173.655329,58.404165,39.965504,29.202083,19.982752,60,10,0.400000,1600.000000,0.000000,25.000000,1.168191,0.000000
0,-0.001448,0.250000,0.142857,0.009617,0.201381,75.090909,600.000000,85.454542,50.000000,42.727271,25.000000,130,100,0.250000,1300.000000,0.000000,40.000000,1.709092,0.000000
0,0.000000,0.037037,0.037037,0.355215,0.226127,2139.188209,1139.000000,67.577643,83.613226,33.788821,41.806613,160,120,0.037037,1000.000000,0.000000,30.000000,1.351583,1.672299
0,0.000000,0.142857,0.142857,0.646087,0.019486,806.000000,116.187500,81.363862,45.454545,40.681931,22.727273,120,120,0.142857,1100.000000,0.000000,40.000000,1.627536,0.000000
0,-0.001448,0.250000,0.142857,0.009617,0.201381,75.090909,600.000000,85.454542,50.000000,42.727271,25.000000,100,70,0.250000,1300.000000,0.000000,40.000000,1.709092,0.000000
0,0.001181,0.285714,0.368421,0.179253,0.062433,761.000000,178.568371,68.842291,33.615044,34.421146,16.807522,90,30,0.538462,1400.000000,0.000000,30.000000,1.376876,0.000000
0,0.002857,0.428571,0.571429,0.018213,0.000000,89.250000,0.000000,66.805950,0.000000,33.402975,0.000000,60,40,0.571429,1100.000000,0.000000,30.000000,1.336122,0.000000
0,0.000000,0.666667,0.666667,0.018090,0.531190,71.524444,2168.000000,91.728454,90.454826,45.864227,45.227413,150,50,0.666667,1100.000000,0.000000,45.000000,1.834573,1.809165
0,0.000444,0.333333,0.333333,0.143693,0.207832,223.090909,763.555556,81.168887,91.024199,40.584444,45.512099,70,70,0.333333,1300.000000,0.000000,40.000000,1.623434,1.820518
0,0.000000,0.333333,0.333333,0.190859,0.073061,176.004938,319.773438,47.414718,40.630340,23.707359,20.315170,70,60,0.333333,1000.000000,0.000000,20.000000,0.948398,0.000000
0,0.000000,0.142857,0.142857,0.646087,0.019486,806.000000,116.187500,81.363862,45.454545,40.681931,22.727273,140,120,0.142857,1100.000000,0.000000,40.000000,1.627536,0.000000
0,0.000000,0.111111,0.111111,0.000487,0.314189,214.077098,1117.734375,45.590181,90.896481,22.795090,45.448240,100,10,0.111111,1000.000000,0.000000,20.000000,0.911804,1.817976
0,0.000000,0.037037,0.037037,0.355215,0.226127,2139.188209,1139.000000,67.577643,83.613226,33.788821,41.806613,120,100,0.037037,1000.000000,0.000000,30.000000,1.351583,1.672299
0,0.000000,0.052632,0.052632,0.029757,0.201381,115.015369,600.000000,62.658091,50.000000,31.329046,25.000000,100,70,0.052632,1000.000000,0.000000,30.000000,1.253175,0.000000
0,0.000444,0.333333,0.333333,0.143693,0.207832,223.090909,763.555556,81.168887,91.024199,40.584444,45.512099,130,70,0.333333,1300.000000,0.000000,40.000000,1.623434,1.820518
0,0.000000,0.666667,0.666667,0.018090,0.531190,71.524444,2168.000000,91.728454,90.454826,45.864227,45.227413,90,50,0.666667,1100.000000,0.000000,45.000000,1.834573,1.809165
0,0.000000,0.052632,0.052632,0.029757,0.201381,115.015369,600.000000,62.658091,50.000000,31.329046,25.000000,160,70,0.052632,1000.000000,0.000000,30.000000,1.253175,0.000000
0,0.000000,0.111111,0.111111,0.000487,0.314189,214.077098,1117.734375,45.590181,90.896481,22.795090,45.448240,160,10,0.111111,1000.000000,0.000000,20.000000,0.911804,1.817976
0,0.000000,0.142857,0.142857,0.235740,0.023935,753.000000,116.187500,67.949802,50.000000,33.974901,25.000000,160,10,0.142857,1000.000000,0.000000,30.000000,1.359034,0.000000
0,0.000000,0.687500,0.687500,0.104286,0.000000,696.906250,0.000000,72.765058,0.000000,36.382529,0.000000,150,10,0.687500,1100.000000,0.000000,35.000000,1.455337,0.000000
0,0.000000,1.000000,1.000000,0.002234,0.000000,236.000000,0.000000,69.509557,0.000000,34.754779,0.000000,70,10,1.000000,1900.000000,0.000000,30.000000,1.390191,0.000000
0,0.000000,0.111111,0.111111,0.468603,0.004052,1527.000000,143.407407,57.492065,39.856733,28.746032,19.928366,90,10,0.111111,1000.000000,0.000000,25.000000,1.149914,0.000000
0,0.000000,0.037037,0.037037,0.682994,0.082013,2082.777778,374.305556,57.502174,41.238034,28.751087,20.619017,130,10,0.037037,1000.000000,0.000000,25.000000,1.150157,0.000000
0,-0.000960,0.666667,0.666667,0.010640,0.043956,61.000000,272.000000,52.163987,44.117647,26.081993,22.058824,60,10,0.800000,1300.000000,0.000000,25.000000,1.043281,0.000000
0,0.000000,0.687500,0.687500,0.104286,0.000000,696.906250,0.000000,72.765058,0.000000,36.382529,0.000000,90,10,0.687500,1100.000000,0.000000,35.000000,1.455337,0.000000
0,0.000000,0.142857,0.142857,0.235740,0.023935,753.000000,116.187500,67.949802,50.000000,33.974901,25.000000,140,10,0.142857,1000.000000,0.000000,30.000000,1.359034,0.000000
0,-0.000952,0.714286,0.666667,0.017334,0.051556,134.750000,211.750000,57.551545,39.891621,28.775773,19.945811,40,10,0.714286,1100.000000,0.000000,25.000000,1.151033,0.000000
0,0.000000,0.500000,0.500000,0.333014,0.173045,419.000000,826.222222,69.945759,50.000000,34.972880,25.000000,90,40,0.500000,1000.000000,0.000000,30.000000,1.399053,0.000000
0,0.000000,0.250000,0.250000,0.025436,0.924627,107.666667,4992.888889,41.142656,87.627561,20.571328,43.813780,50,10,0.250000,1000.000000,0.000000,20.000000,0.822857,1.752637
0,0.000000,0.250000,0.250000,0.047779,0.242437,123.694215,1322.222222,31.538987,88.979311,15.769493,44.489656,90,10,0.250000,1000.000000,0.000000,15.000000,0.630792,1.779609
0,0.000000,0.666667,0.666667,0.285660,0.032286,1190.555556,137.224490,75.781523,40.650923,37.890761,20.325462,120,90,0.666667,1100.000000,0.000000,35.000000,1.515665,0.000000
0,0.000000,0.100000,0.100000,0.068842,0.084793,132.794215,393.305898,51.500837,78.922352,25.750418,39.461176,90,30,0.100000,1100.000000,0.000000,25.000000,1.030035,1.578456
0,0.000000,0.125000,0.125000,0.034515,0.069321,379.750000,400.000000,68.860698,40.000000,34.430349,20.000000,40,30,0.125000,1000.000000,0.000000,30.000000,1.377216,0.000000
0,0.000800,0.100000,0.150000,0.037997,0.092287,174.640000,464.000000,43.569031,78.345625,21.784516,39.172812,140,10,0.150000,1300.000000,0.000000,20.000000,0.871385,1.566922
0,-0.000535,0.100000,0.071429,0.165982,0.081412,225.173469,459.753086,50.658570,80.681918,25.329285,40.340959,70,20,0.100000,1200.000000,0.000000,25.000000,1.013233,1.613646
0,0.000000,0.071429,0.071429,0.429897,0.012091,4416.666667,59.753086,79.298012,40.681918,39.649006,20.340959,90,60,0.071429,1000.000000,0.000000,35.000000,1.586006,0.000000
0,0.000180,0.090909,0.105263,0.388906,0.236583,971.673469,8501.653061,70.123983,77.120787,35.061992,38.560394,160,20,0.117647,1200.000000,0.000000,35.000000,1.402571,1.542423
0,-0.002438,0.200000,0.071429,0.140207,0.207564,229.000000,947.600000,41.212323,81.605895,20.606161,40.802947,20,10,0.200000,1200.000000,0.000000,20.000000,0.824299,1.632141
0,0.000000,0.076923,0.076923,0.036976,0.019971,90.180000,102.265306,61.186856,80.074645,30.593428,40.037323,100,30,0.076923,1100.000000,0.000000,30.000000,1.223746,1.601495
0,0.000000,0.142857,0.142857,0.336518,0.138244,4216.666667,547.600000,86.995218,41.605895,43.497609,20.802947,60,30,0.142857,1000.000000,0.000000,40.000000,1.739930,0.000000
0,-0.002753,0.428571,0.200000,0.125023,0.033510,596.000000,166.358025,62.639090,41.817890,31.319545,20.908945,80,10,0.428571,1800.000000,0.000000,30.000000,1.252795,0.000000
0,0.000000,0.333333,0.333333,0.033822,0.007414,68.937500,44.567901,74.285448,39.974548,37.142724,19.987274,90,90,0.333333,1100.000000,0.000000,35.000000,1.485718,0.000000
0,-0.000105,0.058824,0.055556,0.744511,0.000000,10992.530612,0.000000,81.530251,0.000000,40.765126,0.000000,170,70,0.066667,1300.000000,0.000000,40.000000,1.630638,0.000000
0,-0.000410,0.055556,0.043478,0.473896,0.387472,1523.120000,700.000000,72.554346,70.621532,36.277173,35.310766,90,20,0.100000,1300.000000,0.000000,35.000000,1.451161,1.412565
0,-0.000444,0.222222,0.200000,2.892070,0.000000,9462.000000,0.000000,89.469930,0.000000,44.734965,0.000000,150,80,0.222222,1100.000000,0.000000,40.000000,1.789841,0.000000
0,-0.000165,0.035714,0.025000,0.132068,0.069321,5099.308390,400.000000,42.842274,40.000000,21.421137,20.000000,170,10,0.035714,1300.000000,0.000000,20.000000,0.856847,0.000000
0,-0.000667,0.200000,0.166667,1.221318,0.088305,4593.250000,600.000000,86.819311,50.000000,43.409655,25.000000,80,20,0.200000,1200.000000,0.000000,40.000000,1.736549,0.000000
0,0.000000,0.142857,0.142857,0.336518,0.138244,4216.666667,547.600000,86.995218,41.605895,43.497609,20.802947,100,30,0.142857,1000.000000,0.000000,40.000000,1.739930,0.000000
0,-0.003633,0.571429,0.285714,6.479748,0.088305,5022.000000,600.000000,68.296012,50.000000,34.148006,25.000000,180,20,0.571429,1400.000000,0.000000,30.000000,1.370265,0.000000
0,-0.000105,0.058824,0.055556,0.744511,0.000000,10992.530612,0.000000,81.530251,0.000000,40.765126,0.000000,170,30,0.066667,1300.000000,0.000000,40.000000,1.630638,0.000000
0,0.000000,0.071429,0.071429,0.061718,0.209962,117.266436,876.905898,75.025311,82.118592,37.512656,41.059296,100,30,0.071429,1000.000000,0.000000,35.000000,1.500525,1.642397
0,-0.001667,0.333333,0.250000,0.042700,0.033510,1607.111111,166.358025,48.647079,41.817890,24.323540,20.908945,140,10,0.333333,1200.000000,0.000000,20.000000,0.972942,0.000000
0,-0.000508,0.111111,0.076923,0.468603,0.139517,1606.777778,700.000000,47.520953,79.831387,23.760476,39.915693,90,10,0.111111,1300.000000,0.000000,20.000000,0.950492,1.596642
0,-0.000667,0.200000,0.166667,1.221318,0.088305,4593.250000,600.000000,86.819311,50.000000,43.409655,25.000000,40,20,0.200000,1200.000000,0.000000,40.000000,1.736549,0.000000
0,0.000000,1.000000,1.000000,7.435086,0.000000,9072.000000,0.000000,67.652788,0.000000,33.826394,0.000000,60,20,1.000000,1400.000000,0.000000,30.000000,1.357497,0.000000
0,-0.004615,0.600000,0.285714,0.006651,0.088305,664.000000,600.000000,53.644385,50.000000,26.822192,25.000000,130,10,0.800000,1900.000000,0.000000,25.000000,1.072888,0.000000
0,-0.000444,0.222222,0.200000,2.892070,0.000000,9462.000000,0.000000,89.469930,0.000000,44.734965,0.000000,80,30,0.222222,1100.000000,0.000000,40.000000,1.789841,0.000000
0,-0.001541,0.444444,0.434783,0.005293,0.386597,129.897778,800.000000,40.990772,70.790145,20.495386,35.395072,20,10,0.800000,1300.000000,0.000000,20.000000,0.819816,1.415935
0,0.003333,0.125000,0.333333,0.017978,0.013075,134.300000,64.000000,42.367553,38.409654,21.183777,19.204827,60,10,0.333333,1300.000000,0.000000,20.000000,0.847352,0.000000
0,0.000000,0.071429,0.071429,0.155097,0.083809,317.266436,389.058985,67.328106,81.194616,33.664053,40.597308,100,90,0.071429,1000.000000,0.000000,30.000000,1.346601,1.623901
0,0.000000,0.071429,0.071429,0.429897,0.012091,4416.666667,59.753086,79.298012,40.681918,39.649006,20.340959,100,90,0.071429,1000.000000,0.000000,35.000000,1.586006,0.000000
0,-0.001622,0.333333,0.100000,0.045096,0.076446,200.000000,400.000000,66.005964,22.500000,33.002982,11.250000,60,10,0.333333,1800.000000,0.000000,30.000000,1.320125,0.000000
0,-0.006431,0.600000,0.285714,0.025775,0.150334,78.826531,607.353086,31.613974,82.287813,15.806987,41.143907,70,10,0.636364,1200.000000,0.000000,15.000000,0.632288,1.645775
0,-0.001160,0.250000,0.142857,0.165994,0.110716,5114.030612,600.000000,75.957961,50.000000,37.978981,25.000000,190,170,0.250000,1400.000000,0.000000,35.000000,1.519166,0.000000
0,0.001191,0.200000,0.391304,0.092429,0.082558,466.000000,8533.326389,74.526843,79.023337,37.263421,39.511669,90,70,0.470588,2000.000000,0.000000,35.000000,1.490551,1.580469
0,-0.000324,0.142857,0.111111,0.186807,0.347304,205.650000,1273.684211,63.085359,33.148815,31.542680,16.574408,60,50,0.142857,1500.000000,0.000000,30.000000,1.261803,0.000000
0,-0.000794,0.111111,0.071429,0.066975,0.990159,120.986667,28194.750000,74.680174,87.916895,37.340087,43.958447,100,40,0.111111,1300.000000,0.000000,35.000000,1.493625,1.758357
0,0.000000,0.111111,0.111111,0.314559,0.017309,2069.469388,93.576389,74.965409,41.818159,37.482705,20.909079,150,80,0.111111,1200.000000,0.000000,35.000000,1.499333,0.000000
0,0.000000,0.058824,0.058824,0.259153,0.202149,2195.750000,3488.290675,71.385971,79.737695,35.692985,39.868848,170,90,0.058824,1000.000000,0.000000,35.000000,1.427736,1.594761
0,-0.006000,0.500000,0.166667,0.120202,0.010217,612.000000,100.000000,44.545406,82.497751,22.272703,41.248876,90,50,0.500000,1600.000000,0.000000,20.000000,0.890921,1.649956
0,-0.001824,0.285714,0.181818,0.208006,0.141839,1432.916667,1324.000000,72.071948,77.999818,36.035974,38.999909,60,20,0.285714,1200.000000,0.000000,35.000000,1.441454,1.560004
0,-0.000566,0.083333,0.052632,0.033092,0.357341,113.993469,1305.684211,78.790627,83.148815,39.395314,41.574408,90,70,0.083333,1400.000000,0.000000,35.000000,1.575818,1.663025
0,-0.001115,0.166667,0.062500,0.279765,0.314260,206.500000,593.576389,75.249723,72.704917,37.624862,36.352458,50,30,0.222222,2200.000000,0.000000,35.000000,1.505195,1.454188
0,-0.000220,0.055556,0.041667,0.043290,0.139480,184.960000,800.000000,69.213232,79.262566,34.606616,39.631283,140,20,0.055556,1400.000000,0.000000,30.000000,1.384270,1.585263
0,-0.000778,0.428571,0.333333,0.124235,0.071393,440.330000,400.000000,73.317756,39.999595,36.658878,19.999798,120,40,0.428571,1700.000000,0.000000,35.000000,1.466374,0.000000
0,-0.000833,0.375000,0.333333,0.014458,0.026187,89.555556,3160.125000,47.950495,37.584690,23.975248,18.792345,100,10,0.375000,1100.000000,0.000000,20.000000,0.959012,0.000000
0,0.000000,0.222222,0.222222,0.014273,0.015849,154.277778,56.076923,48.318530,37.697049,24.159265,18.848524,110,10,0.222222,1000.000000,0.000000,20.000000,0.966372,0.000000
0,0.000000,0.111111,0.111111,0.185866,0.000000,238.184911,0.000000,70.939205,0.000000,35.469603,0.000000,220,110,0.111111,1000.000000,0.000000,35.000000,1.418866,0.000000
0,-0.000142,0.125000,0.111111,0.083966,0.004759,373.500000,29.296875,69.246363,43.333323,34.623181,21.666661,80,60,0.125000,1500.000000,0.000000,30.000000,1.384937,0.000000
0,-0.002000,0.500000,0.400000,0.240740,0.009181,738.000000,64.000000,66.136488,40.000000,33.068244,20.000000,100,60,0.500000,1100.000000,0.000000,30.000000,1.322774,0.000000
0,0.000000,0.062500,0.062500,0.508162,0.129664,1316.629356,826.222222,73.246923,50.000000,36.623462,25.000000,220,120,0.062500,1000.000000,0.000000,35.000000,1.465068,0.000000
0,0.000000,0.111111,0.111111,0.045961,0.124682,1926.000000,1014.000000,76.901812,37.771972,38.450906,18.885986,150,110,0.111111,1000.000000,0.000000,35.000000,1.538038,0.000000
0,-0.003750,0.250000,0.062500,0.540334,0.129664,10894.591837,826.222222,36.244760,50.000000,18.122380,25.000000,190,10,0.250000,1300.000000,0.000000,15.000000,0.724909,0.000000
0,0.001298,0.222222,0.529412,1.741526,0.081261,8433.666667,500.000000,39.259825,39.360157,19.629913,19.680079,160,10,0.631579,1700.000000,0.000000,15.000000,0.785379,0.000000
0,-0.001538,0.153846,0.076923,0.181789,0.060371,230.264911,300.000000,70.905296,50.000000,35.452648,25.000000,220,120,0.153846,1100.000000,0.000000,35.000000,1.418187,0.000000
0,0.003676,0.285714,0.437500,3.054658,0.010389,14337.000000,37.830450,65.940651,39.999999,32.970326,20.000000,150,60,0.466667,1800.000000,0.000000,30.000000,1.319143,0.000000
0,-0.000182,0.100000,0.090909,0.202074,0.056030,229.559911,2383.360000,62.148826,38.239102,31.074413,19.119551,220,20,0.100000,1100.000000,0.000000,30.000000,1.243067,0.000000
0,-0.000635,0.142857,0.111111,0.193088,0.339007,229.184911,1872.720000,64.295064,40.552481,32.147532,20.276241,220,40,0.142857,1100.000000,0.000000,30.000000,1.285986,0.000000
0,0.000000,0.066667,0.066667,0.199734,0.000000,202.669286,0.000000,58.082083,0.000000,29.041041,0.000000,220,160,0.066667,1100.000000,0.000000,25.000000,1.161743,0.000000
0,0.005096,0.058824,0.300000,0.157788,0.481892,5066.204082,2689.600000,74.565854,40.796649,37.282927,20.398325,170,70,0.300000,1600.000000,0.000000,35.000000,1.491323,0.000000
0,0.000000,0.066667,0.066667,0.199734,0.000000,202.669286,0.000000,58.082083,0.000000,29.041041,0.000000,220,220,0.066667,1100.000000,0.000000,25.000000,1.161743,0.000000
0,0.000000,0.066667,0.066667,0.097431,0.337264,312.938272,2500.000000,73.203136,76.240869,36.601568,38.120435,150,90,0.066667,1000.000000,0.000000,35.000000,1.464080,1.524840
0,0.000000,0.142857,0.142857,0.102685,0.002887,286.740741,16.666667,47.139321,42.803218,23.569660,21.401609,230,10,0.142857,1000.000000,0.000000,20.000000,0.942808,0.000000
0,0.003616,0.111111,0.333333,0.159537,0.285390,7637.829932,2200.000000,69.164809,36.240954,34.582404,18.120477,180,40,0.357143,1500.000000,0.000000,30.000000,1.383317,0.000000
0,-0.001016,0.076923,0.025000,2.768322,0.051873,9547.722222,300.000000,77.357316,39.999915,38.678658,19.999958,200,120,0.076923,1300.000000,0.000000,35.000000,1.547573,0.000000
0,0.000000,0.142857,0.142857,0.299258,0.007725,670.184911,51.638889,72.563473,41.795044,36.281737,20.897522,220,120,0.142857,1100.000000,0.000000,35.000000,1.451366,0.000000
0,0.000000,1.000000,1.000000,0.171593,0.185688,328.184911,1045.333333,30.939221,40.000140,15.469611,20.000070,220,10,1.000000,1100.000000,0.000000,15.000000,0.618864,0.000000
0,-0.000182,0.100000,0.090909,0.075662,0.881784,279.509948,600.000000,80.194597,26.666645,40.097298,13.333323,180,120,0.100000,1200.000000,0.000000,40.000000,1.603902,0.000000
0,0.004431,0.083333,0.350000,0.170065,0.881784,5154.370612,600.000000,71.064734,26.666645,35.532367,13.333323,170,140,0.358974,1600.000000,0.000000,35.000000,1.421301,0.000000
0,-0.000556,0.250000,0.222222,0.173339,0.000000,520.193878,0.000000,82.761001,0.000000,41.380501,0.000000,180,60,0.250000,1200.000000,0.000000,40.000000,1.655250,0.000000
0,0.000000,0.071429,0.071429,0.092732,0.209881,157.605556,1952.251693,42.688525,76.641934,21.344263,38.320967,130,10,0.071429,1100.000000,0.000000,20.000000,0.853806,1.532851
0,0.000000,0.111111,0.111111,0.294586,0.070185,994.666667,343.187500,79.585654,34.239052,39.792827,17.119526,170,80,0.111111,1000.000000,0.000000,35.000000,1.591757,0.000000
0,-0.000556,0.250000,0.222222,0.111041,0.495434,397.900000,1682.000000,68.073690,38.946543,34.036845,19.473271,60,50,0.250000,1200.000000,0.000000,30.000000,1.361495,0.000000
0,-0.000281,0.066667,0.052632,0.162076,0.197238,227.810431,1919.390582,62.603161,39.535209,31.301581,19.767604,160,60,0.066667,1800.000000,0.000000,30.000000,1.252154,0.000000
0,0.000013,0.025000,0.025641,0.174060,0.254873,332.988272,2219.390582,65.637370,79.535202,32.818685,39.767601,150,130,0.025641,1100.000000,0.000000,30.000000,1.312799,1.590720
0,-0.000556,0.250000,0.222222,0.173339,0.000000,520.193878,0.000000,82.761001,0.000000,41.380501,0.000000,60,60,0.250000,1200.000000,0.000000,40.000000,1.655250,0.000000
0,-0.000281,0.066667,0.052632,0.162076,0.197238,227.810431,1919.390582,62.603161,39.535209,31.301581,19.767604,100,60,0.066667,1800.000000,0.000000,30.000000,1.252154,0.000000
0,0.000000,1.000000,1.000000,1.356935,0.000000,2400.000000,0.000000,70.598186,0.000000,35.299093,0.000000,140,20,1.000000,1700.000000,0.000000,35.000000,1.412466,0.000000
0,0.000000,0.076923,0.076923,0.038337,0.061927,64.564375,300.000000,67.108937,50.000000,33.554468,25.000000,160,120,0.076923,1300.000000,0.000000,30.000000,1.342201,0.000000
0,-0.000404,0.111111,0.090909,0.170249,0.019619,560.875000,108.653061,81.948372,39.421694,40.974186,19.710847,190,100,0.111111,1200.000000,0.000000,40.000000,1.638994,0.000000
0,-0.000157,0.066667,0.058824,0.003931,0.163922,39.905863,600.000000,55.178571,33.329960,27.589286,16.664980,240,10,0.066667,1100.000000,0.000000,25.000000,1.103572,0.000000
0,-0.004237,0.583333,0.105263,0.045368,0.144096,202.160000,726.000000,75.289507,39.915693,37.644754,19.957847,140,90,0.583333,1800.000000,0.000000,35.000000,1.505795,0.000000
0,-0.002185,0.250000,0.052632,0.019631,0.000000,67.320000,0.000000,89.088358,0.000000,44.544179,0.000000,170,90,0.250000,1800.000000,0.000000,40.000000,1.781771,0.000000
0,-0.002185,0.250000,0.052632,0.019631,0.000000,67.320000,0.000000,89.088358,0.000000,44.544179,0.000000,110,90,0.250000,1800.000000,0.000000,40.000000,1.781771,0.000000
0,-0.000356,0.409091,0.391304,0.272084,0.068204,522.000000,252.000000,75.458119,35.714025,37.729060,17.857013,170,70,0.409091,1200.000000,0.000000,35.000000,1.509258,0.000000
0,0.003587,0.153846,0.750000,0.063031,0.144096,396.571429,726.000000,73.905845,39.915693,36.952922,19.957847,110,80,0.750000,2400.000000,0.000000,35.000000,1.478122,0.000000
0,-0.000404,0.111111,0.090909,0.170249,0.019619,560.875000,108.653061,81.948372,39.421694,40.974186,19.710847,100,70,0.111111,1200.000000,0.000000,40.000000,1.638994,0.000000
0,0.000000,0.166667,0.166667,0.612855,0.148871,1793.937500,1033.437500,70.170855,77.042983,35.085427,38.521492,70,40,0.166667,1100.000000,0.000000,35.000000,1.403522,1.540872
0,0.000000,0.052632,0.052632,0.073787,0.000000,108.598528,0.000000,82.335280,0.000000,41.167640,0.000000,250,120,0.052632,1000.000000,0.000000,40.000000,1.646739,0.000000
0,-0.000144,0.125000,0.117647,0.071319,0.011721,366.971655,75.937500,58.318546,40.489432,29.159273,20.244716,60,10,0.133333,1300.000000,0.000000,25.000000,1.166380,0.000000
0,0.000000,0.142857,0.142857,0.342253,0.191778,862.125000,612.000000,73.674298,74.007002,36.837149,37.003501,170,30,0.142857,1200.000000,0.000000,35.000000,1.473587,1.480170
0,-0.000144,0.125000,0.117647,0.071319,0.011721,366.971655,75.937500,58.318546,40.489432,29.159273,20.244716,180,10,0.133333,1300.000000,0.000000,25.000000,1.166380,0.000000
0,-0.000252,0.071429,0.055556,0.042363,0.070932,68.484375,3042.859504,69.245075,37.427532,34.622538,18.713766,160,80,0.071429,1300.000000,0.000000,30.000000,1.384925,0.000000
0,0.003587,0.153846,0.750000,0.063031,0.144096,396.571429,726.000000,73.905845,39.915693,36.952922,19.957847,80,50,0.750000,2400.000000,0.000000,35.000000,1.478122,0.000000
0,0.003752,0.625000,0.600000,0.147009,1.137513,235.555556,20172.000000,53.583031,38.154136,26.791516,19.077068,140,110,0.666667,2300.000000,0.000000,25.000000,1.071710,0.000000
0,0.000000,1.000000,1.000000,0.088694,0.123573,842.720000,360.000000,75.833333,38.292977,37.916667,19.146488,170,10,1.000000,1400.000000,0.000000,35.000000,1.516674,0.000000
0,0.000000,0.076923,0.076923,0.038337,0.061927,64.564375,300.000000,67.108937,50.000000,33.554468,25.000000,220,120,0.076923,1300.000000,0.000000,30.000000,1.342201,0.000000
0,-0.000356,0.409091,0.391304,0.272084,0.068204,522.000000,252.000000,75.458119,35.714025,37.729060,17.857013,190,170,0.409091,1200.000000,0.000000,35.000000,1.509258,0.000000
0,-0.000619,0.083333,0.050000,0.677100,0.198585,9145.000000,792.420118,73.623304,70.036425,36.811652,35.018213,150,110,0.083333,1300.000000,0.000000,35.000000,1.472516,1.400754
0,0.000000,0.153846,0.153846,0.064487,0.206023,245.525983,1026.000000,81.402755,89.915693,40.701377,44.957847,190,120,0.153846,1300.000000,0.000000,40.000000,1.628064,1.798335
0,0.002816,0.200000,0.416667,0.003720,0.000000,422.625000,0.000000,41.760486,0.000000,20.880243,0.000000,170,10,0.416667,1700.000000,0.000000,20.000000,0.835210,0.000000
0,0.000000,0.800000,0.800000,0.022210,0.072108,80.000000,384.000000,59.999995,39.996382,29.999997,19.998191,160,10,0.800000,1100.000000,0.000000,25.000000,1.200004,0.000000
0,-0.000962,0.125000,0.076923,0.357066,1.195249,1202.760000,20464.420118,79.007136,78.180506,39.503568,39.090253,260,170,0.125000,1100.000000,0.000000,35.000000,1.580196,1.563648
0,-0.000157,0.066667,0.058824,0.003931,0.163922,39.905863,600.000000,55.178571,33.329960,27.589286,16.664980,180,10,0.066667,1100.000000,0.000000,25.000000,1.103572,0.000000
0,0.000000,1.000000,1.000000,0.088694,0.123573,842.720000,360.000000,75.833333,38.292977,37.916667,19.146488,50,10,1.000000,1400.000000,0.000000,35.000000,1.516674,0.000000
0,0.000000,0.052632,0.052632,0.073787,0.000000,108.598528,0.000000,82.335280,0.000000,41.167640,0.000000,190,120,0.052632,1000.000000,0.000000,40.000000,1.646739,0.000000
0,0.000000,0.105263,0.105263,0.081927,0.144096,205.690366,726.000000,76.507174,39.915693,38.253587,19.957847,220,120,0.105263,1000.000000,0.000000,35.000000,1.530177,0.000000
0,-0.000252,0.071429,0.055556,0.042363,0.070932,68.484375,3042.859504,69.245075,37.427532,34.622538,18.713766,220,80,0.071429,1300.000000,0.000000,30.000000,1.384925,0.000000
0,-0.000267,0.090909,0.071429,0.078266,0.144096,228.485983,726.000000,81.436413,39.915693,40.718207,19.957847,190,90,0.090909,1300.000000,0.000000,40.000000,1.628746,0.000000
0,-0.003996,0.500000,0.071429,0.034174,0.446856,143.403061,3038.750000,41.768158,89.993296,20.884079,44.996648,160,10,0.500000,1700.000000,0.000000,20.000000,0.835368,1.799899
0,0.002743,0.142857,0.357143,0.043397,0.140998,217.555556,776.000000,54.079112,77.461481,27.039556,38.730741,200,10,0.357143,1300.000000,0.000000,25.000000,1.081587,1.549243
0,-0.001156,0.066667,0.071429,0.370578,0.446856,716.000000,3038.750000,63.343603,89.993296,31.671802,44.996648,170,100,0.266667,1600.000000,0.000000,30.000000,1.266994,1.799899
0,-0.002609,0.285714,0.100000,0.006800,0.124772,378.207612,1885.380000,44.873408,39.755905,22.436704,19.877953,110,10,0.285714,1500.000000,0.000000,20.000000,0.897468,0.000000
0,0.000000,0.071429,0.071429,0.016103,0.781790,137.555556,450.000000,50.254291,76.673112,25.127145,38.336556,90,10,0.071429,1300.000000,0.000000,25.000000,1.005087,1.534198
0,0.000000,0.500000,0.500000,0.153256,0.124772,390.831111,1885.380000,76.494339,39.755905,38.247169,19.877953,150,60,0.500000,1100.000000,0.000000,35.000000,1.529917,0.000000
0,-0.000048,0.050000,0.047619,0.014574,0.198153,579.449047,1226.000000,75.530551,89.993296,37.765275,44.996648,220,140,0.050000,1100.000000,0.000000,35.000000,1.510611,1.799882
0,0.000000,0.250000,0.250000,0.016645,0.125160,156.893491,726.000000,78.616218,39.993296,39.308109,19.996648,220,60,0.250000,1100.000000,0.000000,35.000000,1.572325,0.000000
0,-0.000222,0.111111,0.100000,0.074570,0.125160,341.643491,726.000000,77.252518,39.993296,38.626259,19.996648,220,50,0.111111,1100.000000,0.000000,35.000000,1.545060,0.000000
0,0.000000,0.071429,0.071429,0.011484,0.136590,56.039931,650.000000,50.392817,76.937802,25.196409,38.468901,20,10,0.071429,1200.000000,0.000000,25.000000,1.007858,1.538771
0,-0.000281,0.062500,0.045455,0.175026,0.028704,501.150000,300.000000,61.566455,40.000000,30.783227,20.000000,150,110,0.062500,1200.000000,0.000000,30.000000,1.231380,0.000000
0,-0.000765,0.142857,0.090909,0.180139,0.159057,488.687500,1498.080000,72.413565,77.445969,36.206783,38.722984,90,20,0.142857,1400.000000,0.000000,35.000000,1.448307,1.548928
0,-0.000225,0.090909,0.076923,0.162674,0.125758,399.125000,983.437500,78.388552,80.436753,39.194276,40.218377,90,20,0.090909,1400.000000,0.000000,35.000000,1.567805,1.608743
0,-0.000289,0.066667,0.047619,0.046563,0.010466,50.884375,211.750000,32.428571,39.963832,16.214286,19.981916,150,10,0.066667,1300.000000,0.000000,15.000000,0.648605,0.000000
0,0.000000,0.500000,0.500000,0.010694,0.491731,165.449047,1183.000000,46.616339,34.285257,23.308169,17.142629,220,10,0.500000,1200.000000,0.000000,20.000000,0.932327,0.000000
0,-0.000083,0.066667,0.062500,0.105662,0.050048,407.200000,300.000000,72.970725,50.000000,36.485362,25.000000,160,130,0.066667,1100.000000,0.000000,35.000000,1.459430,0.000000
0,0.000000,0.090909,0.090909,0.019383,0.000000,90.360000,0.000000,81.766165,0.000000,40.883082,0.000000,240,180,0.090909,1000.000000,0.000000,40.000000,1.635325,0.000000
0,-0.000475,0.111111,0.083333,0.002045,0.213554,650.234375,1409.830000,46.646595,80.468806,23.323297,40.234403,40,10,0.111111,1300.000000,0.000000,20.000000,0.932932,1.609394
0,0.000323,0.090909,0.111111,0.053379,0.530796,280.115713,1415.760000,78.611311,74.290837,39.305656,37.145419,220,90,0.111111,1200.000000,0.000000,35.000000,1.572233,1.485922
0,-0.000872,0.222222,0.090909,0.103985,0.491731,413.840000,1183.000000,70.447841,34.285257,35.223920,17.142629,140,80,0.222222,2000.000000,0.000000,35.000000,1.408970,0.000000
0,0.000503,0.466667,0.439024,0.266311,0.591803,519.400000,3718.152344,58.401318,73.690367,29.200659,36.845183,130,60,0.529412,2100.000000,0.000000,25.000000,1.168131,1.473912
0,-0.003127,0.133333,0.150000,0.526556,0.069710,3073.000000,600.000000,69.082957,80.000000,34.541479,40.000000,90,40,0.437500,2000.000000,0.000000,30.000000,1.381733,1.600004
0,-0.000475,0.111111,0.083333,0.048607,0.203088,664.150000,1198.080000,56.218024,40.504974,28.109012,20.252487,150,40,0.111111,1300.000000,0.000000,25.000000,1.124394,0.000000
0,-0.000096,0.037037,0.032258,0.015556,0.043003,429.421875,300.000000,79.628828,40.000000,39.814414,20.000000,180,150,0.037037,1100.000000,0.000000,35.000000,1.592577,0.000000
0,-0.000179,0.071429,0.062500,0.070329,0.645976,242.790593,2083.000000,69.467457,74.280746,34.733729,37.140373,230,90,0.071429,1100.000000,0.000000,30.000000,1.389361,1.485730
0,-0.000103,0.083333,0.076923,0.029295,0.100769,78.984375,895.187500,46.512887,80.612217,23.256443,40.306108,40,10,0.083333,1300.000000,0.000000,20.000000,0.930265,1.612251
0,-0.001045,0.555556,0.380952,0.059554,0.546242,269.220386,1583.000000,71.655813,74.222035,35.827907,37.111018,150,40,0.600000,1900.000000,0.000000,35.000000,1.433136,1.484547
0,-0.005208,0.333333,0.050000,0.128463,0.037173,487.234375,511.750000,51.995026,79.963832,25.997513,39.981916,110,10,0.333333,1300.000000,0.000000,25.000000,1.039918,1.599278
0,0.001174,0.285714,0.454545,0.226404,0.043003,992.170000,300.000000,59.262002,40.000000,29.631001,20.000000,100,90,0.636364,1900.000000,0.000000,25.000000,1.185289,0.000000
0,-0.002849,0.266667,0.047619,0.018575,0.110538,168.484375,2746.902344,44.525479,79.368942,22.262739,39.684471,140,10,0.266667,1300.000000,0.000000,20.000000,0.890511,1.587381
0,-0.000282,0.062500,0.043478,0.085978,0.550629,2071.445983,1435.000000,78.338508,73.791849,39.169254,36.895924,190,150,0.062500,1500.000000,0.000000,35.000000,1.566778,1.475946
0,-0.000899,0.200000,0.142857,0.136094,0.064977,351.234375,611.750000,45.683043,79.900610,22.841521,39.950305,100,10,0.200000,1300.000000,0.000000,20.000000,0.913689,1.598016
0,0.000044,0.038462,0.058824,0.382941,0.534734,1547.222222,1483.000000,69.142232,74.285257,34.571116,37.142629,170,120,0.076923,1700.000000,0.000000,30.000000,1.382957,1.485810
0,-0.002606,1.000000,0.833333,0.182269,0.246091,726.312500,1498.080000,59.813280,80.504974,29.906640,40.252487,130,10,1.000000,1600.000000,0.000000,25.000000,1.196290,1.610120
0,-0.001285,0.363636,0.230769,0.182269,0.133306,725.750000,983.437500,45.533242,80.648385,22.766621,40.324192,130,10,0.363636,1600.000000,0.000000,20.000000,0.910689,1.612977
0,0.000000,0.181818,0.181818,0.007208,0.043003,158.767407,300.000000,81.083660,40.000000,40.541830,20.000000,240,190,0.181818,1000.000000,0.000000,40.000000,1.621674,0.000000
0,-0.000259,0.666667,0.666667,0.036420,0.053469,214.549190,511.750000,51.926479,79.963832,25.963239,39.981916,160,10,0.705882,1300.000000,0.000000,25.000000,1.038533,1.599280
0,-0.001883,0.375000,0.187500,0.068696,0.893266,284.690504,3465.716049,48.194149,74.967925,24.097075,37.483962,180,10,0.375000,1600.000000,0.000000,20.000000,0.963892,1.499496
0,-0.001735,0.400000,0.285714,0.057935,0.502197,262.625000,1394.750000,48.103612,74.249089,24.051806,37.124545,210,10,0.400000,1300.000000,0.000000,20.000000,0.962079,1.485084
0,-0.000390,0.090909,0.071429,0.010847,0.060857,177.924375,475.104167,73.324681,78.032070,36.662340,39.016035,180,170,0.090909,1100.000000,0.000000,35.000000,1.466495,1.560645
0,0.000000,0.055556,0.055556,0.065221,0.604159,421.067232,1298.758034,78.448606,69.522552,39.224303,34.761276,240,60,0.055556,1000.000000,0.000000,35.000000,1.568977,1.390608
0,0.000000,0.050000,0.050000,0.110440,0.574675,459.999630,1583.000000,70.058385,64.275202,35.029193,32.137601,240,200,0.050000,1000.000000,0.000000,35.000000,1.401185,1.285615
0,0.000000,0.125000,0.125000,0.010641,0.043003,178.962963,300.000000,81.220594,40.000000,40.610297,20.000000,190,20,0.125000,1000.000000,0.000000,40.000000,1.624413,0.000000
0,-0.000390,0.090909,0.071429,0.069628,0.509584,198.008371,1358.104167,67.080639,72.317327,33.540320,36.158664,230,170,0.090909,1100.000000,0.000000,30.000000,1.341625,1.446450
0,0.000000,1.000000,1.000000,2.547861,0.000000,1782.000000,0.000000,49.578358,0.000000,24.789179,0.000000,80,20,1.000000,3000.000000,0.000000,20.000000,0.993394,0.000000
0,0.000000,0.111111,0.111111,0.133927,0.455489,800.350000,2497.000000,72.285701,90.000000,36.142851,45.000000,150,70,0.111111,1000.000000,0.000000,35.000000,1.445725,1.800043
0,-0.002406,0.636364,0.400000,0.026236,0.000000,53.182857,0.000000,75.714018,0.000000,37.857009,0.000000,140,90,0.636364,1600.000000,0.000000,35.000000,1.514290,0.000000
0,0.000305,0.833333,0.857143,0.066154,0.075242,173.312500,602.500000,80.748442,90.000000,40.374221,45.000000,120,50,0.857143,1300.000000,0.000000,40.000000,1.614984,1.800005
0,0.002245,0.142857,0.400000,0.033801,0.000000,74.040000,0.000000,81.995711,0.000000,40.997856,0.000000,90,90,0.500000,1600.000000,0.000000,40.000000,1.639925,0.000000
0,0.000191,0.800000,0.821429,0.025568,0.118193,101.491124,977.693762,67.414057,81.693006,33.707029,40.846503,60,30,0.857143,1800.000000,0.000000,30.000000,1.348285,1.633867
0,0.000965,0.300000,0.272727,0.403370,0.080769,1549.273438,762.720000,89.043936,90.852214,44.521968,45.426107,190,90,0.300000,1400.000000,0.000000,40.000000,1.780931,1.817049
0,-0.000043,0.047619,0.045455,0.064122,0.071608,2235.500000,700.000000,86.828566,50.000000,43.414283,25.000000,150,100,0.047619,1300.000000,0.000000,40.000000,1.736572,0.000000
0,-0.001010,0.200000,0.142857,0.039164,0.000000,414.937500,0.000000,82.269647,0.000000,41.134824,0.000000,150,60,0.200000,1300.000000,0.000000,40.000000,1.645396,0.000000
0,-0.000443,0.117647,0.090909,0.043042,0.009043,432.576389,130.786982,80.654689,39.831470,40.327345,19.915735,150,50,0.117647,1300.000000,0.000000,40.000000,1.613097,0.000000
0,0.000965,0.300000,0.272727,0.403370,0.080769,1549.273438,762.720000,89.043936,90.852214,44.521968,45.426107,270,190,0.300000,1400.000000,0.000000,40.000000,1.780931,1.817049
0,0.000219,0.200000,0.352941,0.018491,0.051136,290.944444,500.000000,36.736151,40.000000,18.368076,20.000000,70,10,0.500000,1700.000000,0.000000,15.000000,0.734724,0.000000
0,0.000000,0.200000,0.200000,0.072342,0.039758,346.359862,147.000000,78.534272,29.759087,39.267136,14.879543,170,120,0.200000,1100.000000,0.000000,35.000000,1.570693,0.000000
0,-0.000279,0.050000,0.033333,0.078540,0.129286,614.774235,812.250000,80.538849,40.404099,40.269425,20.202049,190,150,0.050000,1300.000000,0.000000,40.000000,1.610784,0.000000
0,-0.000249,0.090909,0.076923,0.057265,0.047981,470.937500,165.551020,80.224370,37.499979,40.112185,18.749989,150,130,0.090909,1300.000000,0.000000,40.000000,1.604493,0.000000
0,0.005320,0.407407,0.815789,0.018355,0.009162,434.493056,62.720000,80.793941,40.852214,40.396971,20.426107,200,150,0.815789,1300.000000,0.000000,40.000000,1.615879,0.000000
0,0.000869,0.444444,0.538462,0.180384,0.057142,311.125000,228.271020,71.692206,78.352192,35.846103,39.176096,170,100,0.545455,1600.000000,0.000000,35.000000,1.433922,1.567051
0,-0.000556,0.250000,0.222222,0.011858,0.041966,190.777778,290.870000,82.387984,83.500678,41.193992,41.750339,200,60,0.250000,1300.000000,0.000000,40.000000,1.647760,1.670017
0,-0.000977,0.200000,0.111111,0.000000,0.009043,200.277778,130.786982,38.192134,39.831470,19.096067,19.915735,10,10,0.200000,1700.000000,0.000000,15.000000,0.763843,0.000000
0,0.000000,0.058824,0.058824,0.120289,0.067057,472.976805,477.693762,66.751702,41.693006,33.375851,20.846503,110,80,0.058824,1000.000000,0.000000,30.000000,1.335050,0.000000
0,-0.000121,0.133333,0.133333,0.501716,0.076169,3065.734375,800.000000,72.459324,90.000000,36.229662,45.000000,120,100,0.153846,1400.000000,0.000000,35.000000,1.449234,1.800004
0,-0.000517,0.142857,0.076923,0.171839,0.051136,616.666667,500.000000,46.094375,40.000000,23.047188,20.000000,70,10,0.222222,2300.000000,0.000000,20.000000,0.921918,0.000000
0,-0.000552,0.100000,0.071429,0.098387,0.060648,341.258112,462.720000,70.097863,80.788920,35.048931,40.394460,210,200,0.100000,1200.000000,0.000000,35.000000,1.401974,1.615782
0,0.000000,1.000000,1.000000,0.020481,0.009162,251.755102,62.720000,66.235242,40.852214,33.117621,20.426107,160,10,1.000000,1700.000000,0.000000,30.000000,1.324706,0.000000
0,-0.002141,0.352941,0.200000,0.406459,0.138447,1189.125000,874.970000,72.354618,81.256312,36.177309,40.628156,170,160,0.352941,1600.000000,0.000000,35.000000,1.447199,1.625137
0,-0.000121,0.133333,0.133333,1.504796,0.076169,3065.734375,800.000000,72.459324,90.000000,36.229662,45.000000,100,30,0.153846,1400.000000,0.000000,35.000000,1.449566,1.800004
0,-0.005048,1.000000,0.714286,0.056938,0.009162,249.273438,62.720000,79.042337,40.852214,39.521169,20.426107,190,50,1.000000,1400.000000,0.000000,35.000000,1.580853,0.000000
0,0.000000,0.142857,0.142857,0.389959,0.339714,477.000000,2499.500000,72.117398,100.000000,36.058699,50.000000,90,80,0.142857,1000.000000,0.000000,35.000000,1.442509,2.000023
0,0.000000,1.000000,1.000000,0.164430,0.048920,499.555556,209.720000,75.632113,70.611300,37.816056,35.305650,220,120,1.000000,1100.000000,0.000000,35.000000,1.512671,1.412232
0,-0.000043,0.047619,0.045455,0.064122,0.071608,2235.500000,700.000000,86.828566,50.000000,43.414283,25.000000,280,150,0.047619,1300.000000,0.000000,40.000000,1.736572,0.000000
0,-0.003009,0.428571,0.100000,0.205978,0.077309,25199.250000,245.000000,75.775045,36.206034,37.887522,18.103017,120,100,0.444444,1800.000000,0.000000,35.000000,1.515505,0.000000
0,-0.000563,0.142857,0.111111,0.159381,0.000000,870.937500,0.000000,80.863871,0.000000,40.431935,0.000000,150,50,0.142857,1300.000000,0.000000,40.000000,1.617296,0.000000
0,-0.000273,0.066667,0.045455,0.299008,0.138329,1197.400000,943.036982,78.234418,80.235568,39.117209,40.117784,160,20,0.066667,1600.000000,0.000000,35.000000,1.564726,1.604722
0,0.000000,0.400000,0.400000,0.049983,0.000000,309.152778,0.000000,42.386902,0.000000,21.193451,0.000000,60,10,0.400000,1000.000000,0.000000,20.000000,0.847744,0.000000
0,-0.000069,0.031250,0.027778,0.360168,0.467540,1709.629630,2848.346939,78.754152,71.768793,39.377076,35.884397,310,190,0.031250,1100.000000,0.000000,35.000000,1.575123,1.435466
0,0.000000,0.142857,0.142857,0.094294,0.088062,143.312500,64.000000,74.307692,37.500000,37.153846,18.750000,250,80,0.142857,1200.000000,0.000000,35.000000,1.486193,0.000000
0,-0.000364,0.200000,0.181818,0.120847,0.130721,333.135000,792.250000,36.083008,82.004238,18.041504,41.002119,110,10,0.200000,1200.000000,0.000000,15.000000,0.721684,1.640100
0,0.001756,0.625000,0.800000,0.051439,0.195358,222.826531,820.250000,61.083864,78.748949,30.541932,39.374475,150,10,1.000000,2200.000000,0.000000,30.000000,1.221685,1.575047
0,0.000000,0.166667,0.166667,0.015264,0.128061,60.567901,800.000000,69.973349,91.080568,34.986674,45.540284,200,50,0.166667,1000.000000,0.000000,30.000000,1.399470,1.821622
0,-0.001273,0.700000,0.636364,0.041701,0.111487,128.687500,100.000000,50.641026,78.255289,25.320513,39.127644,270,10,0.700000,1200.000000,0.000000,25.000000,1.012829,1.565174
0,0.000000,0.111111,0.111111,0.003413,0.000000,99.687500,0.000000,48.510826,0.000000,24.255413,0.000000,30,10,0.111111,1000.000000,0.000000,20.000000,0.970217,0.000000
0,-0.002347,0.500000,0.333333,0.027850,0.119642,134.959184,358.000000,50.006704,72.500000,25.003352,36.250000,220,10,0.500000,1500.000000,0.000000,25.000000,1.000138,1.450062
0,0.000000,0.142857,0.142857,0.094294,0.088062,143.312500,64.000000,74.307692,37.500000,37.153846,18.750000,270,80,0.142857,1200.000000,0.000000,35.000000,1.486193,0.000000
0,0.001756,0.625000,0.800000,0.051439,0.195358,222.826531,820.250000,61.083864,78.748949,30.541932,39.374475,170,10,1.000000,2200.000000,0.000000,30.000000,1.221685,1.575047
0,-0.002347,0.500000,0.333333,0.027850,0.119642,134.959184,358.000000,50.006704,72.500000,25.003352,36.250000,240,10,0.500000,1500.000000,0.000000,25.000000,1.000138,1.450062
0,-0.000362,0.090909,0.066667,0.046266,0.107711,265.822222,596.875000,56.031474,87.129336,28.015737,43.564668,160,10,0.090909,1400.000000,0.000000,25.000000,1.120639,1.742597
0,-0.001273,0.700000,0.636364,0.041701,0.111487,128.687500,100.000000,50.641026,78.255289,25.320513,39.127644,250,10,0.700000,1200.000000,0.000000,25.000000,1.012829,1.565174
0,0.000000,0.428571,0.428571,0.002383,0.044074,621.875000,1848.346939,34.174946,39.768793,17.087473,19.884397,180,10,0.428571,1200.000000,0.000000,15.000000,0.683499,0.000000
0,0.000000,1.000000,1.000000,0.071718,0.044074,413.680898,1848.346939,47.221517,39.768793,23.610759,19.884397,200,10,1.000000,1000.000000,0.000000,20.000000,0.944438,0.000000
0,0.000000,0.142857,0.142857,0.095756,0.199972,912.000000,2095.250000,36.710010,37.495175,18.355005,18.747588,80,10,0.142857,1200.000000,0.000000,15.000000,0.734206,0.000000
0,0.000000,0.100000,0.100000,0.165542,0.423465,1325.498967,1000.000000,43.969402,32.000000,21.984701,16.000000,320,10,0.100000,1000.000000,0.000000,20.000000,0.879399,0.000000
0,-0.009200,0.500000,0.071429,0.117218,0.010322,520.000000,61.123967,59.375000,42.910399,29.687500,21.455200,200,10,0.600000,1300.000000,0.000000,25.000000,1.187514,0.000000
0,0.001588,0.666667,1.000000,0.050117,0.000000,211.604938,0.000000,72.323194,0.000000,36.161597,0.000000,130,80,1.000000,2000.000000,0.000000,35.000000,1.446470,0.000000
0,0.004225,0.400000,0.666667,0.040855,0.038596,80.375000,400.000000,76.167010,39.999997,38.083505,19.999999,120,70,0.666667,2000.000000,0.000000,35.000000,1.523352,0.000000
0,0.000959,0.100000,0.461538,0.042196,0.259804,373.444444,1100.000000,45.731801,35.785340,22.865900,17.892670,200,10,0.500000,2300.000000,0.000000,20.000000,0.914643,0.000000
0,0.000000,0.083333,0.083333,0.199895,0.289904,11375.111111,665.551020,75.812890,79.984192,37.906445,39.992096,180,100,0.083333,1000.000000,0.000000,35.000000,1.516266,1.599759
0,-0.000884,0.076923,0.071429,0.079875,0.271453,121.876875,500.000000,77.890818,40.000000,38.945409,20.000000,150,120,0.200000,1600.000000,0.000000,35.000000,1.557851,0.000000
0,-0.001445,0.400000,0.285714,0.887871,0.002892,8681.375000,29.040000,76.275560,41.666667,38.137780,20.833333,240,50,0.400000,1500.000000,0.000000,35.000000,1.525557,0.000000
0,-0.002013,0.444444,0.047619,0.067954,0.348272,116.766667,2680.332410,74.220902,77.563233,37.110451,38.781616,80,40,0.500000,2300.000000,0.000000,35.000000,1.484440,1.551288
0,-0.000357,0.142857,0.125000,0.028903,0.271453,124.567901,500.000000,79.287749,40.000000,39.643875,20.000000,200,60,0.142857,1100.000000,0.000000,35.000000,1.585758,0.000000
0,0.000000,0.055556,0.055556,0.002960,0.300726,260.000000,633.280000,86.426323,81.764604,43.213161,40.882302,210,10,0.055556,1000.000000,0.000000,40.000000,1.728527,1.635369
0,-0.000067,0.066667,0.062500,1.029285,1.186724,6738.320153,500.000000,88.371113,30.000000,44.185557,15.000000,270,70,0.066667,1200.000000,0.000000,40.000000,1.767503,0.000000
0,0.000000,0.133333,0.133333,0.240995,30.654367,8731.350000,118098.000000,77.205510,35.570505,38.602755,17.785252,290,110,0.133333,1000.000000,0.000000,35.000000,1.544163,0.000000
0,-0.000549,0.181818,0.125000,0.165378,0.001163,531.375000,27.000000,38.141717,38.048152,19.070859,19.024076,190,10,0.181818,2000.000000,0.000000,15.000000,0.762862,0.000000
0,-0.009200,0.500000,0.071429,0.117218,0.010322,520.000000,61.123967,59.375000,42.910399,29.687500,21.455200,150,10,0.600000,1300.000000,0.000000,25.000000,1.187514,0.000000
0,0.000000,0.166667,0.166667,0.002960,0.271453,56.166667,500.000000,53.331063,40.000000,26.665532,20.000000,210,10,0.166667,1000.000000,0.000000,25.000000,1.066621,0.000000
0,0.000000,0.714286,0.714286,0.010038,0.029273,256.000000,133.280000,96.428571,41.764604,48.214286,20.882302,230,10,0.714286,1000.000000,0.000000,45.000000,1.928573,0.000000
0,-0.000508,0.111111,0.071429,0.116549,0.449892,3030.560000,1500.000000,70.393325,85.000000,35.196663,42.500000,170,60,0.111111,1400.000000,0.000000,35.000000,1.407870,1.700090
0,-0.000067,0.066667,0.062500,1.029285,1.186724,6738.320153,500.000000,88.371113,30.000000,44.185557,15.000000,270,160,0.066667,1200.000000,0.000000,40.000000,1.767503,0.000000
0,0.002368,0.181818,0.333333,0.096630,0.309676,139.490000,2280.332410,71.850520,37.563235,35.925260,18.781618,140,130,0.333333,1800.000000,0.000000,35.000000,1.437047,0.000000
0,-0.000884,0.076923,0.071429,0.012457,0.271453,70.222857,500.000000,75.680359,40.000000,37.840180,20.000000,140,120,0.200000,1900.000000,0.000000,35.000000,1.513608,0.000000
0,0.000023,0.111111,0.111111,0.229167,0.274252,1224.202168,527.000000,68.737311,90.000000,34.368655,45.000000,190,120,0.111111,1200.000000,0.000000,30.000000,1.374768,1.800074
0,0.005846,0.400000,0.692308,1.713565,0.004185,9748.000000,27.222222,73.958999,41.362902,36.979499,20.681451,250,30,0.692308,1400.000000,0.000000,35.000000,1.479331,0.000000
0,0.000000,0.714286,0.714286,0.010038,0.029273,256.000000,133.280000,96.428571,41.764604,48.214286,20.882302,180,10,0.714286,1000.000000,0.000000,45.000000,1.928573,0.000000
0,0.000000,0.040000,0.040000,0.354088,0.259804,9884.750000,1100.000000,67.541361,35.785340,33.770680,17.892670,330,290,0.040000,1000.000000,0.000000,30.000000,1.350856,0.000000
0,0.000000,0.100000,0.100000,0.235126,0.053560,982.816327,300.000000,74.230252,39.831426,37.115126,19.915713,80,20,0.100000,1000.000000,0.000000,35.000000,1.484633,0.000000
0,0.000000,0.142857,0.142857,3.284661,0.347961,8764.000000,600.000000,43.111787,33.333067,21.555893,16.666533,100,10,0.142857,1100.000000,0.000000,20.000000,0.862852,0.000000
0,0.000000,0.111111,0.111111,0.031206,0.000000,138.666667,0.000000,35.562193,0.000000,17.781097,0.000000,40,10,0.111111,1400.000000,0.000000,15.000000,0.711249,0.000000
0,0.000000,0.090909,0.090909,0.263234,0.161307,1343.320000,1000.000000,83.968076,39.974548,41.984038,19.987274,140,10,0.090909,1100.000000,0.000000,40.000000,1.679388,0.000000
0,-0.000571,0.285714,0.250000,0.048721,0.003209,1341.500000,27.000000,75.182252,50.000000,37.591126,25.000000,130,60,0.285714,1200.000000,0.000000,35.000000,1.503648,0.000000
0,0.000000,0.166667,0.166667,0.178617,1.471396,307.600000,150499.000000,82.495303,37.561053,41.247651,18.780527,110,40,0.166667,1100.000000,0.000000,40.000000,1.649959,0.000000
0,0.000000,0.428571,0.428571,0.130879,0.309463,1075.250000,720.750000,77.135809,34.166533,38.567904,17.083267,250,100,0.428571,1000.000000,0.000000,35.000000,1.542724,0.000000
0,0.000000,0.500000,0.500000,0.331065,0.009976,751.840000,162.000000,51.296519,39.444437,25.648260,19.722218,20,10,0.500000,1000.000000,0.000000,25.000000,1.026004,0.000000
0,-0.000222,0.111111,0.100000,3.284661,0.005128,8768.000000,43.750000,41.111787,41.428571,20.555893,20.714286,100,10,0.111111,1100.000000,0.000000,20.000000,0.822852,0.000000
0,0.000436,0.700000,0.727273,1.245433,0.114445,5355.500000,735.875000,77.342541,50.000000,38.671271,25.000000,130,30,0.727273,1200.000000,0.000000,35.000000,1.547006,0.000000
0,0.000000,0.285714,0.285714,0.029647,0.347961,153.224490,600.000000,51.202363,33.333067,25.601182,16.666533,240,10,0.285714,1100.000000,0.000000,25.000000,1.024050,0.000000
0,-0.001181,0.333333,0.250000,0.079025,0.000000,335.312500,0.000000,70.872955,0.000000,35.436478,0.000000,50,20,0.333333,1300.000000,0.000000,35.000000,1.417469,0.000000
0,0.000436,0.700000,0.727273,1.237507,0.114445,5355.500000,735.875000,77.342541,50.000000,38.671271,25.000000,130,90,0.727273,1200.000000,0.000000,35.000000,1.547002,0.000000
0,-0.000721,0.200000,0.090909,0.062169,0.805619,1917.375000,1395.918367,68.111433,34.187231,34.055717,17.093615,150,20,0.200000,2000.000000,0.000000,30.000000,1.362239,0.000000
0,-0.000620,0.200000,0.125000,0.291608,0.000000,1153.000000,0.000000,81.448416,0.000000,40.724208,0.000000,160,20,0.200000,1900.000000,0.000000,40.000000,1.629005,0.000000
0,0.000040,0.166667,0.294118,0.289351,0.000000,704.836735,0.000000,67.080128,0.000000,33.540064,0.000000,190,190,0.400000,1600.000000,0.000000,30.000000,1.341678,0.000000
0,-0.002000,1.000000,0.900000,0.023713,0.005128,834.152778,43.750000,46.469462,41.428571,23.234731,20.714286,240,10,1.000000,1100.000000,0.000000,20.000000,0.929390,0.000000
0,0.000000,0.142857,0.142857,0.124682,0.004418,1038.142857,26.851240,43.486486,42.222207,21.743243,21.111103,250,10,0.142857,1000.000000,0.000000,20.000000,0.869737,0.000000
0,-0.000590,0.166667,0.125000,0.140504,0.392249,816.000000,2702.812500,70.342214,37.783812,35.171107,18.891906,190,50,0.166667,1300.000000,0.000000,35.000000,1.406857,0.000000
0,-0.000503,0.058824,0.027778,0.276569,0.392249,1203.000000,2702.812500,73.846548,37.783812,36.923274,18.891906,170,140,0.058824,1800.000000,0.000000,35.000000,1.476964,0.000000
0,0.000000,0.833333,0.833333,0.018331,0.001334,328.888889,27.000000,62.726741,39.844794,31.363371,19.922397,80,10,0.833333,1400.000000,0.000000,30.000000,1.254535,0.000000
0,0.000000,0.428571,0.428571,0.000000,0.353089,36.000000,643.750000,18.000000,74.761638,9.000000,37.380819,10,10,0.428571,1100.000000,0.000000,5.000000,0.360000,1.495334
0,0.000000,1.000000,1.000000,0.147305,0.392249,399.386667,2702.812500,44.494459,37.783812,22.247230,18.891906,150,10,1.000000,1700.000000,0.000000,20.000000,0.889919,0.000000
0,0.000000,0.066667,0.066667,0.124682,0.003979,1041.591837,31.640625,38.138144,41.118137,19.069072,20.559068,250,10,0.066667,1000.000000,0.000000,15.000000,0.762771,0.000000
0,-0.000444,0.222222,0.200000,0.029647,0.005128,157.224490,43.750000,49.202363,41.428571,24.601182,20.714286,240,10,0.222222,1100.000000,0.000000,20.000000,0.984050,0.000000
0,0.000000,1.000000,1.000000,0.023713,0.347961,830.152778,600.000000,48.469462,33.333067,24.234731,16.666533,240,10,1.000000,1100.000000,0.000000,20.000000,0.969390,0.000000
0,-0.004659,0.571429,0.285714,0.015981,0.049664,87.272727,345.375000,50.617951,81.109739,25.308975,40.554870,140,10,0.571429,1200.000000,0.000000,25.000000,1.012361,1.622198
0,0.000629,0.571429,0.480000,0.020773,0.006983,129.950617,45.375000,77.674358,41.123144,38.837179,20.561572,170,90,0.571429,1700.000000,0.000000,35.000000,1.553489,0.000000
0,0.003295,0.111111,0.347826,0.337705,0.030788,1632.222222,303.269737,76.307239,79.722390,38.153620,39.861195,160,90,0.347826,1700.000000,0.000000,35.000000,1.526180,1.594449
0,-0.003363,0.571429,0.133333,0.081927,0.112799,394.507937,945.375000,76.321326,91.123144,38.160663,45.561572,150,90,0.571429,1700.000000,0.000000,35.000000,1.526435,1.822470
0,0.000000,0.066667,0.066667,0.010980,0.010154,189.431837,77.015625,32.490839,81.212055,16.245419,40.606027,150,10,0.066667,1100.000000,0.000000,15.000000,0.649817,1.624242
0,0.000000,0.071429,0.071429,0.010980,0.010504,185.982857,72.226240,37.839182,83.345365,18.919591,41.672682,150,10,0.071429,1100.000000,0.000000,15.000000,0.756784,1.666908
0,-0.000152,0.142857,0.133333,1.508039,0.112799,1946.272727,945.375000,80.596873,91.123144,40.298437,45.561572,140,80,0.142857,1200.000000,0.000000,40.000000,1.612533,1.822470
0,0.000000,0.500000,0.500000,0.485898,0.003726,2716.600000,42.666667,80.796649,40.000000,40.398325,20.000000,230,90,0.500000,1100.000000,0.000000,40.000000,1.615976,0.000000
0,0.000869,0.200000,0.375000,0.355683,0.038408,549.000000,99.000000,73.999999,36.434084,37.000000,18.217042,120,80,0.500000,1600.000000,0.000000,35.000000,1.480134,0.000000
0,-0.001500,0.375000,0.300000,0.129862,0.027217,120.055556,231.753086,71.968061,50.000000,35.984031,25.000000,70,50,0.375000,1400.000000,0.000000,35.000000,1.439452,0.000000
0,0.000000,0.153846,0.153846,0.096784,0.177212,335.360000,1732.320000,91.249999,90.527425,45.624999,45.263713,230,140,0.153846,1000.000000,0.000000,45.000000,1.825019,1.810558
0,-0.001027,0.142857,0.066667,0.854707,0.131496,1891.000000,1200.000000,49.978922,89.998934,24.989461,44.999467,200,10,0.142857,1300.000000,0.000000,20.000000,0.999773,1.799986
0,-0.000488,0.181818,0.125000,0.074031,0.105098,480.507937,1026.000000,60.500347,89.999885,30.250174,44.999943,150,10,0.181818,1800.000000,0.000000,30.000000,1.210015,1.800003
0,-0.000500,0.125000,0.100000,0.015866,0.054368,71.655556,324.000000,74.000308,37.608253,37.000154,18.804127,220,60,0.125000,1300.000000,0.000000,35.000000,1.480008,0.000000
0,0.000953,0.083333,0.125000,0.854707,0.093701,1895.166667,900.000000,53.312234,50.000000,26.656117,25.000000,200,10,0.125000,1300.000000,0.000000,25.000000,1.066439,0.000000
0,-0.000157,0.066667,0.058824,0.235514,0.025407,1106.787879,232.750000,77.271900,40.857545,38.635950,20.428773,210,100,0.066667,1300.000000,0.000000,35.000000,1.545464,0.000000
0,0.003232,0.400000,0.461538,0.026640,0.054368,128.000000,324.000000,79.994910,37.608253,39.997455,18.804127,140,80,0.461538,2700.000000,0.000000,35.000000,1.599901,0.000000
0,-0.002047,0.142857,0.125000,0.111691,0.093701,2499.888889,900.000000,78.149551,50.000000,39.074776,25.000000,150,130,0.526316,2000.000000,0.000000,35.000000,1.562997,0.000000
0,-0.000144,0.071429,0.062500,1.496827,0.119108,1936.454545,1132.750000,77.228655,90.857545,38.614328,45.428773,210,80,0.071429,1300.000000,0.000000,35.000000,1.545167,1.817157
0,-0.003000,0.750000,0.600000,0.042020,0.000000,78.222222,0.000000,66.469881,0.000000,33.234941,0.000000,230,10,0.750000,1800.000000,0.000000,30.000000,1.329418,0.000000
0,0.000000,0.200000,0.200000,0.066641,0.122270,175.972222,1089.000000,82.824069,39.997765,41.412035,19.998883,310,80,0.200000,1000.000000,0.000000,40.000000,1.656495,0.000000
0,-0.000453,0.142857,0.111111,0.090872,0.084610,263.660000,804.989388,72.637331,100.000000,36.318665,50.000000,90,10,0.142857,1400.000000,0.000000,35.000000,1.452771,2.000004
0,-0.001027,0.142857,0.066667,1.492058,0.131496,1891.000000,1200.000000,49.978922,89.998934,24.989461,44.999467,80,10,0.142857,1300.000000,0.000000,20.000000,1.000172,1.799986
0,-0.000491,0.111111,0.062500,1.067829,0.119108,2017.555556,1132.750000,68.164196,90.857545,34.082098,45.428773,150,140,0.111111,1900.000000,0.000000,30.000000,1.363645,1.817157
0,-0.000453,0.142857,0.111111,0.098798,0.084610,263.660000,804.989388,72.637331,100.000000,36.318665,50.000000,30,10,0.142857,1400.000000,0.000000,35.000000,1.452775,2.000004
0,-0.000328,0.416667,0.384615,0.134750,0.027217,108.027778,231.753086,65.682477,50.000000,32.841239,25.000000,270,70,0.416667,1400.000000,0.000000,30.000000,1.313743,0.000000
0,0.000953,0.083333,0.125000,1.492058,0.093701,1895.166667,900.000000,53.312234,50.000000,26.656117,25.000000,80,10,0.125000,1300.000000,0.000000,25.000000,1.066838,0.000000
0,0.000000,0.153846,0.153846,0.096784,0.177212,335.360000,1732.320000,91.249999,90.527425,45.624999,45.263713,140,110,0.153846,1000.000000,0.000000,45.000000,1.825019,1.810558
0,-0.000289,0.142857,0.125000,1.517392,0.105098,1975.277778,1026.000000,75.976860,89.999885,37.988430,44.999943,80,60,0.142857,1300.000000,0.000000,35.000000,1.520134,1.800003
0,-0.000289,0.142857,0.125000,1.498391,0.093701,1913.265306,900.000000,81.645456,50.000000,40.822728,25.000000,220,80,0.142857,1300.000000,0.000000,40.000000,1.633503,0.000000
0,-0.009104,1.000000,0.500000,0.012422,0.198012,76.024142,1624.000000,88.311688,86.816624,44.155844,43.408312,40,10,1.000000,1400.000000,0.000000,40.000000,1.766236,1.736345
0,-0.000537,0.095238,0.055556,0.348934,0.076847,1961.757355,770.877551,73.903793,90.598894,36.951897,45.299447,150,20,0.095238,1300.000000,0.000000,35.000000,1.478150,1.811982
0,0.000000,0.090909,0.090909,0.992557,0.171163,3192.611111,1743.209877,68.638120,80.337938,34.319060,40.168969,140,70,0.090909,1100.000000,0.000000,30.000000,1.372921,1.606767
0,-0.009104,1.000000,0.500000,0.012422,0.198012,76.024142,1624.000000,88.311688,86.816624,44.155844,43.408312,100,10,1.000000,1400.000000,0.000000,40.000000,1.766236,1.736345
0,-0.000230,0.400000,0.375000,0.152636,0.027951,440.320000,300.000000,64.653266,39.998934,32.326633,19.999467,80,50,0.428571,1600.000000,0.000000,30.000000,1.293097,0.000000
0,-0.000044,0.034483,0.032258,2.852738,0.097757,1781.183673,999.000000,76.717662,90.613824,38.358831,45.306912,130,60,0.034483,1100.000000,0.000000,35.000000,1.536743,1.812281
0,0.000000,0.416667,0.416667,0.170534,0.061991,1077.755102,516.000000,80.210170,86.892084,40.105085,43.446042,110,80,0.416667,1000.000000,0.000000,40.000000,1.604217,1.737845
0,-0.005556,0.500000,0.222222,0.065446,0.015083,418.567500,155.555556,75.271820,39.753305,37.635910,19.876653,190,170,0.500000,1200.000000,0.000000,35.000000,1.505446,0.000000
0,-0.000553,0.285714,0.258065,1.946686,0.136102,5932.051111,1443.209877,69.568989,80.337938,34.784495,40.168969,200,140,0.285714,1100.000000,0.000000,30.000000,1.391702,1.606765
0,-0.000033,0.029412,0.027778,1.025062,0.103590,3014.924444,1143.877551,73.870116,80.598894,36.935058,40.299447,200,40,0.029412,1100.000000,0.000000,35.000000,1.477584,1.611983
0,0.000000,0.416667,0.416667,0.170534,0.061991,1077.755102,516.000000,80.210170,86.892084,40.105085,43.446042,140,110,0.416667,1000.000000,0.000000,40.000000,1.604217,1.737845
0,-0.000280,0.090909,0.076923,2.863256,0.028959,1745.000000,329.500000,73.232233,87.000000,36.616117,43.500000,70,60,0.090909,1100.000000,0.000000,35.000000,1.467040,1.740001
0,0.001071,0.571429,0.625000,2.843789,0.088666,1732.000000,867.875000,80.194013,89.981819,40.097007,44.990910,140,60,0.625000,1100.000000,0.000000,40.000000,1.606270,1.799641
0,-0.000155,0.045455,0.035714,0.056360,0.046240,1396.695133,427.000000,70.919273,90.000000,35.459636,45.000000,150,50,0.045455,1300.000000,0.000000,35.000000,1.418390,1.800003
0,-0.000179,0.071429,0.062500,0.341142,0.161330,789.840000,1584.752551,77.487305,80.580713,38.743653,40.290357,120,20,0.071429,1300.000000,0.000000,35.000000,1.549821,1.611622
0,-0.000175,0.045455,0.032258,0.115138,0.097757,1105.120000,999.000000,78.982579,90.613824,39.491290,45.306912,140,100,0.045455,1400.000000,0.000000,35.000000,1.579658,1.812281
0,0.000000,0.083333,0.083333,0.102811,0.027112,542.920000,296.132231,81.319472,80.017075,40.659736,40.008537,110,100,0.083333,1000.000000,0.000000,40.000000,1.626399,1.600343
0,0.001071,0.571429,0.625000,0.138857,0.088666,1074.000000,867.875000,73.053025,89.981819,36.526513,44.990910,140,110,0.625000,1400.000000,0.000000,35.000000,1.461079,1.799641
0,0.000000,0.545455,0.545455,1.083370,0.092730,2963.440000,1100.000000,68.521254,80.000000,34.260627,40.000000,200,70,0.545455,1100.000000,0.000000,30.000000,1.370626,1.600004
0,-0.000020,0.032258,0.031250,2.904794,0.002091,2025.187500,27.000000,73.185595,50.000000,36.592798,25.000000,270,60,0.032258,1100.000000,0.000000,35.000000,1.466108,0.000000
0,-0.000437,0.333333,0.222222,0.064011,0.002091,298.666667,27.000000,39.795935,50.000000,19.897968,25.000000,110,10,0.333333,1700.000000,0.000000,15.000000,0.795927,0.000000
0,-0.000055,0.038462,0.035714,2.889606,0.046240,1794.388889,427.000000,78.190483,90.000000,39.095241,45.000000,70,60,0.038462,1100.000000,0.000000,35.000000,1.566212,1.800003
0,0.000000,0.058824,0.058824,0.004366,0.043577,160.051358,324.000000,88.802111,46.875000,44.401056,23.437500,120,30,0.058824,1200.000000,0.000000,40.000000,1.776042,0.000000
0,0.000000,0.083333,0.083333,0.101795,0.172850,526.125000,1492.000000,82.123000,79.958708,41.061500,39.979354,110,50,0.083333,1000.000000,0.000000,40.000000,1.642470,1.599184
0,-0.000333,0.333333,0.312500,0.012201,0.163134,100.103673,1404.132231,78.880522,79.941615,39.440261,39.970807,80,30,0.333333,1200.000000,0.000000,35.000000,1.577611,1.598842
0,0.000001,0.029412,0.031250,0.019216,0.002091,1317.522294,27.000000,76.013854,50.000000,38.006927,25.000000,250,150,0.037037,1300.000000,0.000000,35.000000,1.520277,0.000000
0,-0.003115,0.600000,0.333333,0.102133,0.003686,664.000000,45.000000,79.893470,50.000000,39.946735,25.000000,160,50,0.600000,1500.000000,0.000000,35.000000,1.597877,0.000000
0,-0.000594,0.200000,0.111111,0.027402,0.000000,288.400000,0.000000,36.681918,0.000000,18.340959,0.000000,130,10,0.200000,2300.000000,0.000000,15.000000,0.733641,0.000000
0,0.000000,0.272727,0.272727,0.007321,0.052275,196.280000,428.132231,87.809093,86.874991,43.904547,43.437495,120,80,0.272727,1200.000000,0.000000,40.000000,1.756182,1.737503
0,0.000000,0.272727,0.272727,0.007321,0.052275,196.280000,428.132231,87.809093,86.874991,43.904547,43.437495,80,60,0.272727,1200.000000,0.000000,40.000000,1.756182,1.737503
0,0.000000,0.222222,0.222222,2.837410,0.002091,1697.312500,27.000000,80.946535,50.000000,40.473268,25.000000,70,60,0.222222,1100.000000,0.000000,40.000000,1.621319,0.000000
0,-0.000065,0.058824,0.055556,2.840921,0.076847,1845.484444,770.877551,78.090598,90.598894,39.045299,45.299447,60,40,0.058824,1100.000000,0.000000,35.000000,1.564201,1.811982
0,-0.000280,0.090909,0.076923,0.524081,0.028959,1745.000000,329.500000,73.232233,87.000000,36.616117,43.500000,170,70,0.090909,1100.000000,0.000000,35.000000,1.464724,1.740001
0,0.000000,0.058824,0.058824,0.004366,0.043577,160.051358,324.000000,88.802111,46.875000,44.401056,23.437500,60,30,0.058824,1200.000000,0.000000,40.000000,1.776042,0.000000
0,-0.003296,1.000000,0.611111,0.006333,0.000000,54.265306,0.000000,51.666533,0.000000,25.833267,0.000000,220,10,1.000000,1500.000000,0.000000,25.000000,1.033331,0.000000
0,-0.000439,0.111111,0.083333,0.638955,1.298137,3427.000000,4722.222222,89.570797,44.117647,44.785399,22.058824,210,40,0.111111,1300.000000,0.000000,40.000000,1.791476,0.000000
0,-0.000357,0.142857,0.125000,0.808701,0.028235,1131.148760,400.000000,74.072610,40.000000,37.036305,20.000000,160,140,0.142857,1200.000000,0.000000,35.000000,1.481749,0.000000
0,-0.000053,0.066667,0.062500,0.001346,0.023448,123.196775,56.406250,39.113640,37.000040,19.556820,18.500020,250,10,0.066667,1400.000000,0.000000,15.000000,0.782273,0.000000
0,-0.000334,0.090909,0.071429,0.098833,0.037524,406.187500,302.500000,68.524743,40.681931,34.262371,20.340965,270,70,0.090909,1200.000000,0.000000,30.000000,1.370509,0.000000
0,0.000000,0.047619,0.047619,0.084507,0.134113,398.204082,1000.000000,90.749491,90.000000,45.374745,45.000000,140,90,0.047619,1000.000000,0.000000,45.000000,1.815002,1.800009
0,-0.000157,0.028571,0.020408,0.999769,0.166906,3005.539342,512.500000,71.607820,70.000000,35.803910,35.000000,240,160,0.028571,1200.000000,0.000000,35.000000,1.432463,1.400086
0,0.000952,0.117647,0.212121,0.294702,0.117181,1043.638889,972.000000,76.722043,40.730649,38.361021,20.365324,170,30,0.212121,2200.000000,0.000000,35.000000,1.534484,0.000000
0,-0.000096,0.037037,0.030303,0.183245,0.025270,3430.000000,300.000000,79.107771,39.999467,39.553885,19.999733,260,210,0.037037,1300.000000,0.000000,35.000000,1.582163,0.000000
0,-0.000397,0.125000,0.029412,0.026219,0.059110,127.715556,899.702479,44.617183,38.559155,22.308592,19.279578,120,10,0.125000,2500.000000,0.000000,20.000000,0.892347,0.000000
0,-0.000451,0.111111,0.029412,0.091709,0.138671,325.673469,112.500000,73.948961,30.000000,36.974480,15.000000,80,70,0.111111,2900.000000,0.000000,35.000000,1.478992,0.000000
0,-0.000439,0.111111,0.083333,0.638955,1.298137,3427.000000,4722.222222,89.570797,44.117647,44.785399,22.058824,210,140,0.111111,1300.000000,0.000000,40.000000,1.791476,0.000000
0,0.001071,0.571429,0.625000,0.173440,0.031446,347.760000,245.000000,59.749674,39.949496,29.874837,19.974748,110,80,0.625000,1800.000000,0.000000,25.000000,1.195048,0.000000
0,0.003429,0.500000,0.714286,0.093072,0.061470,189.944444,484.000000,74.958122,39.999986,37.479061,19.999993,90,80,0.714286,1200.000000,0.000000,35.000000,1.499188,0.000000
0,-0.000323,0.076923,0.055556,0.023396,0.045424,125.927438,375.000000,73.413966,40.665113,36.706983,20.332556,190,20,0.076923,1400.000000,0.000000,35.000000,1.468282,0.000000
0,0.000000,0.200000,0.200000,0.043241,0.000000,268.337755,0.000000,50.486561,0.000000,25.243281,0.000000,290,10,0.200000,1000.000000,0.000000,25.000000,1.009735,0.000000
0,0.000000,0.071429,0.071429,0.010064,0.037524,75.263889,302.500000,54.154132,40.681931,27.077066,20.340965,90,10,0.071429,1000.000000,0.000000,25.000000,1.083084,0.000000
0,0.000314,0.500000,0.600000,0.095976,0.008236,311.777778,84.500000,65.085266,40.000000,32.542633,20.000000,220,50,0.666667,1700.000000,0.000000,30.000000,1.301730,0.000000
0,0.000000,0.642857,0.642857,0.043241,0.000000,270.512755,0.000000,53.819895,0.000000,26.909947,0.000000,290,10,0.642857,1000.000000,0.000000,25.000000,1.076402,0.000000
0,0.000000,0.214286,0.214286,0.124772,0.138671,1903.755000,112.500000,53.089239,30.000000,26.544619,15.000000,260,10,0.214286,1000.000000,0.000000,25.000000,1.061789,0.000000
0,-0.000478,0.083333,0.060606,0.317125,0.059110,825.750000,899.702479,62.071337,38.559155,31.035668,19.279578,190,60,0.125000,2000.000000,0.000000,30.000000,1.241505,0.000000
0,-0.000607,0.142857,0.095238,0.004759,0.005269,53.439732,40.111111,49.047837,41.118137,24.523918,20.559068,230,10,0.142857,1400.000000,0.000000,20.000000,0.980957,0.000000
0,0.000062,0.833333,0.724138,0.173586,0.129659,299.080000,329.086957,71.758733,35.651224,35.879366,17.825612,90,80,0.833333,2800.000000,0.000000,35.000000,1.435226,0.000000
0,0.000000,0.785714,0.785714,0.006516,0.117181,66.975000,972.000000,53.985907,40.730649,26.992953,20.365324,150,10,0.785714,1000.000000,0.000000,25.000000,1.079719,0.000000
0,0.000000,0.100000,0.100000,0.000000,0.000000,34.575000,0.000000,23.333333,0.000000,11.666667,0.000000,10,10,0.100000,1000.000000,0.000000,10.000000,0.466667,0.000000
0,-0.000607,0.142857,0.095238,0.001346,0.005269,119.747795,40.111111,44.461982,41.118137,22.230991,20.559068,250,10,0.142857,1400.000000,0.000000,20.000000,0.889240,0.000000
0,-0.000107,0.133333,0.125000,0.004759,0.023448,56.888712,56.406250,43.699494,37.000040,21.849747,18.500020,230,10,0.133333,1400.000000,0.000000,20.000000,0.873990,0.000000
0,-0.000762,0.333333,0.285714,0.158119,0.014998,742.000000,131.444444,78.875838,40.000000,39.437919,20.000000,310,50,0.333333,1200.000000,0.000000,35.000000,1.577534,0.000000
0,0.000000,0.047619,0.047619,0.084507,0.134113,398.204082,1000.000000,90.749491,90.000000,45.374745,45.000000,230,90,0.047619,1000.000000,0.000000,45.000000,1.815002,1.800009
0,0.000000,0.153846,0.153846,0.043241,0.124935,324.137755,900.000000,77.986561,39.997765,38.993281,19.998883,290,10,0.153846,1000.000000,0.000000,35.000000,1.559735,0.000000
0,-0.000512,0.250000,0.166667,0.123758,0.184095,936.617284,487.500000,68.321840,70.665113,34.160920,35.332556,120,90,0.250000,2400.000000,0.000000,30.000000,1.366445,1.413390
0,-0.001937,0.461538,0.333333,0.037827,0.138671,1387.061224,112.500000,71.602337,30.000000,35.801169,15.000000,220,20,0.461538,1400.000000,0.000000,35.000000,1.432047,0.000000
0,0.000043,0.200000,0.205882,0.808630,0.028235,1123.979210,400.000000,74.904866,40.000000,37.452433,20.000000,250,160,0.218750,1200.000000,0.000000,35.000000,1.498394,0.000000
0,0.000047,0.050000,0.060606,0.103062,0.138671,530.476427,112.500000,70.410664,30.000000,35.205332,15.000000,200,170,0.074074,1900.000000,0.000000,35.000000,1.408229,0.000000
0,0.003059,0.058824,0.250000,0.747085,0.002327,2911.460589,27.000000,83.524841,50.000000,41.762421,25.000000,70,50,0.250000,1200.000000,0.000000,40.000000,1.670593,0.000000
0,0.001656,0.047619,0.130435,0.058511,0.408448,378.885714,1672.000000,90.652573,83.597081,45.326287,41.798541,150,140,0.130435,1100.000000,0.000000,45.000000,1.813056,1.672013
0,0.000000,0.166667,0.166667,0.071320,0.352541,346.285714,1200.000000,89.994972,82.853201,44.997486,41.426600,140,120,0.166667,1100.000000,0.000000,40.000000,1.799915,1.657132
0,-0.000192,0.200000,0.304348,1.365603,0.327648,2625.777778,1100.000000,77.972999,82.857143,38.986500,41.428571,70,30,0.368421,2200.000000,0.000000,35.000000,1.559818,1.657209
0,-0.000155,0.052632,0.043478,0.078461,0.330566,616.817901,945.000000,91.294167,82.853127,45.647083,41.426563,170,120,0.052632,1300.000000,0.000000,45.000000,1.825890,1.657129
0,-0.000427,0.100000,0.071429,0.339007,0.025649,1891.095000,400.000000,49.415930,40.000000,24.707965,20.000000,150,10,0.100000,1400.000000,0.000000,20.000000,0.988349,0.000000
0,0.001013,0.500000,0.571429,0.139060,0.301999,799.187500,700.000000,55.017295,42.857143,27.508647,21.428571,200,10,0.571429,1400.000000,0.000000,25.000000,1.100358,0.000000
0,0.003059,0.058824,0.250000,0.747085,0.002327,2911.460589,27.000000,83.524841,50.000000,41.762421,25.000000,180,50,0.250000,1200.000000,0.000000,40.000000,1.670593,0.000000
0,0.001013,0.500000,0.571429,0.139060,0.301999,799.187500,700.000000,55.017295,42.857143,27.508647,21.428571,110,10,0.571429,1400.000000,0.000000,25.000000,1.100358,0.000000
0,-0.001124,0.583333,0.411765,0.025334,1.888558,120.444444,7490.666667,49.331250,36.023103,24.665625,18.011551,60,10,0.583333,1600.000000,0.000000,20.000000,0.986628,0.000000
0,-0.000251,0.100000,0.083333,0.507975,0.013021,6091.946137,112.500000,76.948090,39.204827,38.474045,19.602414,240,130,0.100000,1300.000000,0.000000,35.000000,1.538984,0.000000
0,-0.001426,0.545455,0.428571,0.052167,0.017179,244.246914,12.000000,79.659455,39.999915,39.829727,19.999958,120,20,0.545455,1500.000000,0.000000,35.000000,1.593199,0.000000
0,-0.000155,0.052632,0.043478,0.078461,0.330566,616.817901,945.000000,91.294167,82.853127,45.647083,41.426563,210,170,0.052632,1300.000000,0.000000,45.000000,1.825890,1.657129
0,0.000000,0.166667,0.166667,0.071320,0.352541,346.285714,1200.000000,89.994972,82.853201,44.997486,41.426600,230,120,0.166667,1100.000000,0.000000,40.000000,1.799915,1.657132
0,0.001656,0.047619,0.130435,0.058511,0.408448,378.885714,1672.000000,90.652573,83.597081,45.326287,41.798541,230,150,0.130435,1100.000000,0.000000,45.000000,1.813056,1.672013
0,-0.000192,0.200000,0.304348,0.362523,0.327648,2625.777778,1100.000000,77.972999,82.857143,38.986500,41.428571,120,70,0.368421,2200.000000,0.000000,35.000000,1.559486,1.657209
0,0.000000,0.200000,0.200000,0.152027,0.025144,2894.640000,188.222222,72.288516,40.696210,36.144258,20.348105,150,50,0.200000,1100.000000,0.000000,35.000000,1.445775,0.000000
0,-0.001008,0.166667,0.083333,0.104207,0.045734,406.625000,400.000000,70.678081,50.000000,35.339040,25.000000,90,50,0.166667,1800.000000,0.000000,35.000000,1.413575,0.000000
0,-0.000667,0.200000,0.166667,0.031579,0.009671,82.062500,29.435000,64.294311,35.714314,32.147155,17.857157,50,20,0.200000,1200.000000,0.000000,30.000000,1.285893,0.000000
0,0.000000,0.090909,0.090909,0.000000,0.464989,558.440000,972.000000,60.454546,40.791178,30.227273,20.395589,10,10,0.090909,1200.000000,0.000000,30.000000,1.209091,0.000000
0,-0.000909,0.545455,0.500000,1.334962,1.376313,4958.530612,11774.000000,75.893976,39.981925,37.946988,19.990963,170,20,0.545455,1100.000000,0.000000,35.000000,1.518061,0.000000
0,-0.004166,0.777778,0.578947,1.025067,1.269302,3582.880000,6377.820000,73.027897,77.505218,36.513948,38.752609,210,90,1.000000,2300.000000,0.000000,35.000000,1.460709,1.550231
0,-0.000127,0.071429,0.066667,0.284459,0.045734,1216.847222,400.000000,85.966662,50.000000,42.983331,25.000000,110,80,0.076923,1900.000000,0.000000,40.000000,1.719367,0.000000
0,0.000961,0.133333,0.176471,0.055581,0.262070,277.591837,1534.000000,41.364143,86.500013,20.682072,43.250006,110,10,0.176471,1600.000000,0.000000,20.000000,0.827289,1.730024
0,0.000000,0.666667,0.666667,0.077464,0.108630,545.000000,1100.000000,49.990503,40.907263,24.995251,20.453631,230,10,0.666667,1000.000000,0.000000,20.000000,0.999816,0.000000
0,0.000000,0.029412,0.029412,0.499210,0.112424,2132.344811,1012.320000,75.490730,81.711763,37.745365,40.855881,210,160,0.029412,1100.000000,0.000000,35.000000,1.509906,1.634242
0,-0.000667,0.200000,0.166667,0.144168,0.089082,2346.716049,756.000000,66.141448,40.464069,33.070724,20.232035,160,20,0.200000,1200.000000,0.000000,30.000000,1.322836,0.000000
0,-0.000286,0.142857,0.125000,0.250789,0.013194,3100.049383,103.040000,73.331871,80.968572,36.665936,40.484286,190,120,0.142857,1300.000000,0.000000,35.000000,1.466650,1.619372
0,0.003920,0.250000,0.500000,0.323527,0.008311,1744.250000,72.000000,40.654417,39.936770,20.327209,19.968385,250,10,0.500000,1300.000000,0.000000,20.000000,0.813119,0.000000
0,-0.001772,0.833333,0.533333,0.120443,0.814982,426.625000,42720.000000,75.967912,87.815593,37.983956,43.907797,80,70,0.833333,1900.000000,0.000000,35.000000,1.519375,1.756321
0,-0.000127,0.071429,0.066667,0.284459,0.045734,1216.847222,400.000000,85.966662,50.000000,42.983331,25.000000,190,80,0.076923,1900.000000,0.000000,40.000000,1.719367,0.000000
0,0.000000,0.777778,0.777778,0.002247,0.464989,34.752500,972.000000,57.000000,40.791178,28.500000,20.395589,90,10,0.777778,1200.000000,0.000000,25.000000,1.140000,0.000000
0,0.000000,0.111111,0.111111,0.002247,0.000000,554.312500,0.000000,87.454545,0.000000,43.727273,0.000000,90,10,0.111111,1200.000000,0.000000,40.000000,1.749091,0.000000
0,0.000000,0.555556,0.555556,0.002383,0.008311,584.541667,72.000000,34.696262,39.936770,17.348131,19.968385,180,10,0.555556,2000.000000,0.000000,15.000000,0.693925,0.000000
0,0.000321,0.466667,0.500000,0.809178,0.022827,1114.148760,400.000000,74.430619,40.000000,37.215310,20.000000,160,40,0.529412,1500.000000,0.000000,35.000000,1.488910,0.000000
0,0.000000,0.055556,0.055556,0.040374,0.043720,181.824617,400.000000,75.429372,40.000000,37.714686,20.000000,90,60,0.055556,1300.000000,0.000000,35.000000,1.508596,0.000000
0,0.000000,0.111111,0.111111,0.039535,0.418664,337.121200,624.000000,47.198592,70.942498,23.599296,35.471249,360,10,0.111111,1000.000000,0.000000,20.000000,0.943974,1.418992
0,-0.000238,0.100000,0.083333,0.049044,0.005541,217.173611,29.783058,71.485346,39.575910,35.742673,19.787955,110,50,0.100000,1300.000000,0.000000,35.000000,1.429714,0.000000
0,0.000000,0.222222,0.222222,0.119382,0.198640,586.688776,324.000000,79.996107,31.111111,39.998053,15.555556,350,80,0.222222,1100.000000,0.000000,35.000000,1.599934,0.000000
0,-0.000053,0.052632,0.050000,0.101369,0.013372,712.734375,58.250000,82.045744,80.012621,41.022872,40.006311,180,110,0.052632,1100.000000,0.000000,40.000000,1.640922,1.600255
0,0.000000,0.058824,0.058824,0.057072,0.024035,331.389388,300.000000,75.034672,39.998934,37.517336,19.999467,360,30,0.058824,1100.000000,0.000000,35.000000,1.500698,0.000000
0,-0.000052,0.058824,0.055556,0.294093,0.069443,511.758034,1060.355030,70.379546,39.285709,35.189773,19.642855,160,70,0.058824,1200.000000,0.000000,35.000000,1.407687,0.000000
0,-0.000224,0.100000,0.076923,0.130635,0.269720,423.625000,1035.600000,73.461394,75.333333,36.730697,37.666666,130,110,0.100000,1600.000000,0.000000,35.000000,1.469248,1.506702
0,0.000000,0.190476,0.190476,0.067057,0.242851,519.064962,700.000000,48.927732,79.831387,24.463866,39.915693,210,10,0.190476,1000.000000,0.000000,20.000000,0.978559,1.596709
0,0.000000,0.722222,0.722222,0.045999,0.220024,332.309976,300.000000,48.107353,39.831387,24.053677,19.915693,90,10,0.722222,1000.000000,0.000000,20.000000,0.962151,0.000000
0,-0.000153,0.076923,0.058824,0.002250,0.265175,42.408163,1500.000000,33.775826,37.740244,16.887913,18.870122,20,10,0.076923,1700.000000,0.000000,15.000000,0.675517,0.000000
0,-0.000222,0.111111,0.100000,0.107693,0.000861,764.104167,27.000000,82.331880,40.000000,41.165940,20.000000,180,170,0.111111,1100.000000,0.000000,40.000000,1.646645,0.000000
0,-0.000218,0.076923,0.055556,0.002250,0.005541,38.959184,29.783058,39.124168,39.575910,19.562084,19.787955,20,10,0.076923,1700.000000,0.000000,15.000000,0.782484,0.000000
0,0.000000,0.083333,0.083333,1.117476,0.000000,9268.920000,0.000000,73.993413,0.000000,36.996706,0.000000,100,30,0.083333,1100.000000,0.000000,35.000000,1.479936,0.000000
0,-0.000805,0.400000,0.350000,0.217940,0.037527,562.350000,427.000000,80.809236,78.409654,40.404618,39.204827,110,110,0.411765,1800.000000,0.000000,40.000000,1.616241,1.568195
0,-0.001434,0.571429,0.222222,0.004769,0.093843,77.454545,822.858726,47.249733,41.085628,23.624866,20.542814,210,10,0.571429,1800.000000,0.000000,20.000000,0.944995,0.000000
0,0.000000,0.090909,0.090909,0.122632,0.004638,437.000000,70.555556,69.781574,81.249984,34.890787,40.624992,130,30,0.090909,1600.000000,0.000000,30.000000,1.395649,1.625000
0,-0.000141,0.043478,0.031250,0.811114,0.116670,1137.787649,1222.858726,73.888954,81.085628,36.944477,40.542814,240,160,0.043478,1500.000000,0.000000,35.000000,1.478076,1.621719
0,-0.000284,0.222222,0.200000,0.852063,0.077843,4760.000000,1189.111111,81.220125,89.997989,40.610062,44.998994,140,110,0.222222,1300.000000,0.000000,40.000000,1.624479,1.799964
0,0.000000,0.166667,0.166667,0.025858,0.397742,88.379630,1500.000000,79.187703,82.000000,39.593851,41.000000,140,120,0.166667,1100.000000,0.000000,35.000000,1.583758,1.640085
0,-0.000485,0.454545,0.416667,1.284809,0.054008,6041.666667,444.444444,73.191358,50.000000,36.595679,25.000000,170,90,0.454545,1300.000000,0.000000,35.000000,1.463971,0.000000
0,-0.000161,0.058824,0.048780,0.129977,0.177108,2331.316049,1820.105159,79.179540,79.691525,39.589770,39.845763,160,150,0.058824,1400.000000,0.000000,35.000000,1.583595,1.593839
0,-0.000102,0.111111,0.081633,0.057843,0.106143,491.544029,964.285714,78.800885,81.850289,39.400442,40.925145,170,60,0.111111,2300.000000,0.000000,35.000000,1.576021,1.637012
0,-0.000359,0.200000,0.153846,0.069114,0.207429,2413.735000,1914.419444,73.239100,79.333410,36.619550,39.666705,130,110,0.200000,1700.000000,0.000000,35.000000,1.464785,1.586680
0,0.000000,0.018519,0.018519,1.277019,0.320654,3243.015000,900.000000,74.835944,71.936770,37.417972,35.968385,280,130,0.018519,1000.000000,0.000000,35.000000,1.496971,1.438815
0,-0.001846,0.400000,0.307692,0.389884,0.119216,842.625000,1000.000000,51.568558,50.000000,25.784279,25.000000,310,10,0.400000,1200.000000,0.000000,25.000000,1.031465,0.000000
0,0.000053,0.080000,0.083333,0.061515,0.572674,473.518367,986.000000,79.869439,65.333332,39.934720,32.666666,190,90,0.083333,1400.000000,0.000000,35.000000,1.597398,1.306833
0,-0.004615,0.538462,0.250000,0.173559,0.164059,2345.436049,1805.819444,73.526934,79.179188,36.763467,39.589594,160,130,0.538462,1400.000000,0.000000,35.000000,1.470562,1.583591
0,-0.002667,0.375000,0.166667,0.073413,0.119216,272.000000,1000.000000,79.502575,50.000000,39.751288,25.000000,300,120,0.375000,1300.000000,0.000000,35.000000,1.590064,0.000000
0,-0.006377,0.800000,0.181818,0.010064,0.244676,73.088889,2247.200000,50.820798,50.000000,25.410399,25.000000,90,10,0.800000,1500.000000,0.000000,25.000000,1.016417,0.000000
0,-0.000286,0.142857,0.125000,0.096983,2.336520,237.250000,52500.000000,81.886482,38.094192,40.943241,19.047096,230,170,0.142857,1200.000000,0.000000,40.000000,1.637780,0.000000
0,0.000000,0.076923,0.076923,1.268779,0.139223,3234.334444,1400.000000,71.669996,89.994972,35.834998,44.997486,280,30,0.076923,1100.000000,0.000000,35.000000,1.433649,1.799906
0,-0.007677,0.814815,0.315789,0.036200,0.069269,390.387176,900.000000,80.316236,79.363862,40.158118,39.681931,180,90,0.814815,1500.000000,0.000000,40.000000,1.606333,1.587280
0,0.000489,0.500000,0.550000,8.783789,2.336520,17377.555556,52500.000000,52.504629,38.094192,26.252315,19.047096,50,10,0.928571,2800.000000,0.000000,25.000000,1.052317,0.000000
0,-0.000444,0.125000,0.100000,0.016717,0.000000,67.782222,0.000000,76.489621,0.000000,38.244810,0.000000,80,30,0.125000,1300.000000,0.000000,35.000000,1.529795,0.000000
0,0.000000,0.083333,0.083333,0.156653,0.265704,872.008034,1687.915556,74.397594,68.904037,37.198797,34.452018,200,160,0.083333,1400.000000,0.000000,35.000000,1.488008,1.378110
0,0.000000,0.125000,0.125000,0.069727,0.169135,686.726644,1582.600000,78.933755,90.298327,39.466878,45.149163,210,70,0.125000,1400.000000,0.000000,35.000000,1.578679,1.805976
0,-0.000346,0.181818,0.125000,0.662302,0.025633,2945.565000,445.375000,80.675752,81.666400,40.337876,40.833200,130,90,0.181818,2000.000000,0.000000,40.000000,1.613590,1.633329
0,0.002082,0.210526,0.312500,0.009933,0.137664,511.468809,1478.000000,78.925164,80.298327,39.462582,40.149163,180,60,0.312500,1500.000000,0.000000,35.000000,1.578503,1.605973
0,-0.002934,0.800000,0.285714,0.057797,9.034985,126.500000,18375.000000,88.999040,23.999895,44.499520,11.999947,190,150,0.800000,2600.000000,0.000000,40.000000,1.779999,0.000000
0,0.001143,0.428571,0.500000,0.136767,0.000000,616.130000,0.000000,93.995658,0.000000,46.997829,0.000000,230,210,0.500000,1200.000000,0.000000,45.000000,1.879965,0.000000
0,0.000000,0.125000,0.125000,0.080455,0.074575,782.540800,904.600000,80.212675,90.000000,40.106337,45.000000,210,190,0.125000,1400.000000,0.000000,40.000000,1.604258,1.800003
0,0.000000,1.000000,1.000000,0.230913,0.000000,792.000000,0.000000,63.715675,0.000000,31.857838,0.000000,100,20,1.000000,3100.000000,0.000000,30.000000,1.274347,0.000000
0,-0.000496,0.700000,0.666667,0.000000,0.593175,88.200000,1200.000000,47.500000,36.399933,23.750000,18.199967,10,10,0.727273,1500.000000,0.000000,20.000000,0.950000,0.000000
0,-0.000099,0.058824,0.052632,0.062285,0.003029,575.676875,29.783058,93.611542,44.647124,46.805771,22.323562,210,80,0.058824,1200.000000,0.000000,45.000000,1.872234,0.000000
0,-0.002934,0.800000,0.285714,0.057797,9.034985,126.500000,18375.000000,88.999040,23.999895,44.499520,11.999947,190,70,0.800000,2600.000000,0.000000,40.000000,1.779999,0.000000
0,0.002758,0.250000,0.428571,0.033231,0.124423,354.540800,1400.000000,80.244827,90.000000,40.122413,45.000000,190,120,0.428571,1400.000000,0.000000,40.000000,1.604902,1.800006
0,0.000489,0.500000,0.550000,8.783789,2.336520,17377.555556,52500.000000,52.504629,38.094192,26.252315,19.047096,130,10,0.928571,2800.000000,0.000000,25.000000,1.052317,0.000000
0,-0.000419,0.200000,0.142857,0.022770,11.371505,101.555556,70875.000000,83.591140,62.094087,41.795570,31.047043,190,30,0.200000,2600.000000,0.000000,40.000000,1.671826,1.244155
0,-0.000099,0.058824,0.052632,0.062285,0.003029,575.676875,29.783058,93.611542,44.647124,46.805771,22.323562,290,80,0.058824,1200.000000,0.000000,45.000000,1.872234,0.000000
0,-0.000808,0.222222,0.181818,0.049670,0.318401,643.000000,5945.000000,86.159776,87.449096,43.079888,43.724548,140,90,0.222222,1300.000000,0.000000,40.000000,1.723198,1.748992
0,0.000000,0.250000,0.250000,0.019108,0.047717,55.125000,500.000000,80.183839,39.363862,40.091920,19.681931,130,40,0.250000,1100.000000,0.000000,40.000000,1.603681,0.000000
0,0.000158,0.384615,0.400000,0.006516,0.650308,120.600000,2087.915556,78.152573,75.701556,39.076287,37.850778,150,10,0.400000,1500.000000,0.000000,35.000000,1.563052,1.514180
0,-0.000390,0.416667,0.357143,0.938186,0.076716,2350.461538,842.361111,69.962478,89.994972,34.981239,44.997486,230,60,0.416667,1600.000000,0.000000,30.000000,1.399537,1.799903
0,-0.000369,0.100000,0.076923,0.037472,0.124423,552.482438,1400.000000,61.107790,90.000000,30.553895,45.000000,200,10,0.100000,1300.000000,0.000000,30.000000,1.222157,1.800006
0,0.001198,0.090909,0.244898,0.671559,0.078686,3007.245000,1287.915556,80.967238,79.301623,40.483619,39.650812,130,100,0.255814,2000.000000,0.000000,40.000000,1.619420,1.586035
0,-0.001010,0.500000,0.571429,0.508730,0.237902,1760.437500,1200.000000,40.229654,59.602413,20.114827,29.801207,80,10,0.666667,2600.000000,0.000000,20.000000,0.804668,1.192077
0,0.000854,0.500000,0.357143,0.067773,0.076716,359.972222,842.361111,48.719384,89.994972,24.359692,44.997486,90,10,0.555556,3000.000000,0.000000,20.000000,0.974395,1.799903
0,-0.003031,0.384615,0.090909,0.010064,0.837851,128.888889,3447.200000,78.320798,86.399933,39.160399,43.199967,90,10,0.384615,1500.000000,0.000000,35.000000,1.566417,1.728159
0,0.000212,0.400000,0.400000,0.149279,0.036352,3238.000000,400.000000,77.198360,39.994972,38.599180,19.997486,210,30,0.444444,1800.000000,0.000000,35.000000,1.543971,0.000000
0,0.001143,0.428571,0.500000,0.136767,0.000000,616.130000,0.000000,93.995658,0.000000,46.997829,0.000000,290,230,0.500000,1200.000000,0.000000,45.000000,1.879965,0.000000
0,-0.000556,0.250000,0.222222,2.844921,0.019580,6375.222222,300.000000,68.514922,36.670252,34.257461,18.335126,230,30,0.250000,1100.000000,0.000000,30.000000,1.370933,0.000000
0,0.000709,0.200000,0.250000,0.157561,0.120979,3286.000000,1392.750000,79.025206,79.989487,39.512603,39.994744,210,90,0.272727,1800.000000,0.000000,35.000000,1.580509,1.599795
0,0.000401,0.500000,0.382353,0.232442,0.077332,3065.002530,512.000000,78.205836,75.709315,39.102918,37.854657,220,70,0.500000,1700.000000,0.000000,35.000000,1.564127,1.514195
0,-0.000049,0.041667,0.039216,1.360756,0.057904,4294.890000,800.000000,73.958945,79.994972,36.979472,39.997486,280,220,0.041667,1100.000000,0.000000,35.000000,1.479431,1.599902
0,-0.000808,0.222222,0.181818,0.049670,0.318401,643.000000,5945.000000,86.159776,87.449096,43.079888,43.724548,190,140,0.222222,1300.000000,0.000000,40.000000,1.723198,1.748992
0,-0.001283,0.037037,0.026316,0.039027,0.104851,116.518367,1387.915556,81.402064,78.665485,40.701032,39.332743,150,90,0.212121,1500.000000,0.000000,40.000000,1.628050,1.573314
0,-0.000444,0.125000,0.100000,0.024611,0.593175,117.472222,1200.000000,76.630132,36.399933,38.315066,18.199967,80,30,0.125000,1300.000000,0.000000,35.000000,1.532605,0.000000
0,-0.000833,0.500000,0.416667,0.005519,0.354183,54.591837,3375.000000,40.366161,40.648163,20.183081,20.324081,70,10,0.555556,1900.000000,0.000000,20.000000,0.807324,0.000000
0,0.000101,0.318182,0.333333,0.816600,0.230123,1355.938884,1200.000000,73.366778,69.602413,36.683389,34.801207,170,160,0.333333,1700.000000,0.000000,35.000000,1.467632,1.392076
0,-0.000687,0.800000,0.750000,0.006516,0.057134,64.800000,887.915556,50.652573,39.301623,25.326287,19.650812,150,10,0.818182,1500.000000,0.000000,25.000000,1.013052,0.000000
0,-0.000590,0.166667,0.125000,0.008047,0.098382,358.468809,1122.000000,79.681226,80.849900,39.840613,40.424950,180,20,0.166667,1500.000000,0.000000,35.000000,1.593625,1.617003
0,-0.000933,0.285714,0.181818,0.123185,0.000000,744.375000,0.000000,48.860076,0.000000,24.430038,0.000000,120,10,0.285714,1900.000000,0.000000,20.000000,0.977212,0.000000
0,0.010000,0.333333,0.833333,0.018557,0.000000,56.320000,0.000000,45.704771,0.000000,22.852386,0.000000,40,10,0.833333,1300.000000,0.000000,20.000000,0.914100,0.000000
0,0.000000,0.111111,0.111111,0.026902,0.058467,438.152500,513.632653,81.987920,50.000000,40.993960,25.000000,160,40,0.111111,1100.000000,0.000000,40.000000,1.639759,0.000000
0,-0.002644,0.307692,0.071429,0.024887,0.127596,165.750000,819.250000,74.034963,77.290502,37.017481,38.645251,150,140,0.500000,2800.000000,0.000000,35.000000,1.480702,1.545823
0,0.000533,0.800000,0.833333,0.006684,0.041598,120.406250,300.000000,68.063569,39.999993,34.031785,19.999997,240,10,0.833333,1200.000000,0.000000,30.000000,1.361272,0.000000
0,0.000000,0.666667,0.666667,0.032478,0.044854,62.080000,500.000000,76.200987,40.000000,38.100494,20.000000,120,40,0.666667,1600.000000,0.000000,35.000000,1.524033,0.000000
0,-0.001714,0.363636,0.263158,0.124772,0.036282,1904.820000,90.250000,54.755905,36.666664,27.377953,18.333332,260,10,0.363636,1600.000000,0.000000,25.000000,1.095122,0.000000
0,-0.000607,0.272727,0.105263,0.100171,0.038504,270.272222,113.290000,69.388754,76.666487,34.694377,38.333243,130,70,0.363636,2900.000000,0.000000,30.000000,1.387811,1.533337
0,-0.000096,0.111111,0.083333,0.124772,0.036282,1916.630000,90.250000,47.852706,36.666664,23.926353,18.333332,260,10,0.111111,1600.000000,0.000000,20.000000,0.957058,0.000000
0,0.000340,0.076923,0.153846,0.028384,0.000644,75.914711,500.000000,73.205697,23.363868,36.602848,11.681934,90,40,0.181818,1600.000000,0.000000,35.000000,1.464120,0.000000
0,-0.000756,0.166667,0.111111,0.000000,0.003495,2019.750000,36.000000,39.299398,50.000000,19.649699,25.000000,10,10,0.166667,1400.000000,0.000000,15.000000,0.785988,0.000000
0,-0.002756,1.000000,0.777778,0.121308,0.036282,1885.600000,90.250000,49.414120,36.666664,24.707060,18.333332,280,10,1.000000,1400.000000,0.000000,20.000000,0.988286,0.000000
0,0.000000,0.333333,0.333333,0.031426,0.030773,142.750000,300.000000,78.227539,39.915827,39.113769,19.957913,100,20,0.333333,1100.000000,0.000000,35.000000,1.564554,0.000000
0,0.004023,0.250000,0.818182,0.042669,0.000644,211.334711,500.000000,76.999680,23.363868,38.499840,11.681934,150,90,0.818182,1600.000000,0.000000,35.000000,1.540000,0.000000
0,0.000000,0.111111,0.111111,0.008780,0.003673,78.312500,36.000000,81.998812,41.111110,40.999406,20.555555,310,50,0.111111,1000.000000,0.000000,40.000000,1.639977,0.000000
0,0.000000,0.166667,0.166667,0.226922,0.036282,1865.600000,90.250000,50.684793,36.666664,25.342396,18.333332,290,10,0.166667,1300.000000,0.000000,25.000000,1.013710,0.000000
0,0.000000,0.285714,0.285714,0.003316,0.017065,40.151111,175.000000,41.729897,41.422825,20.864948,20.711413,210,10,0.285714,1000.000000,0.000000,20.000000,0.834598,0.000000
0,0.000000,0.076923,0.076923,0.392249,0.036282,3147.256944,90.250000,73.783812,36.666664,36.891906,18.333332,320,10,0.076923,1000.000000,0.000000,35.000000,1.475705,0.000000
0,-0.001786,0.375000,0.285714,0.334495,0.094749,2703.172410,603.882653,77.563223,86.666664,38.781611,43.333332,310,160,0.375000,1100.000000,0.000000,35.000000,1.551286,1.733344
0,0.000000,0.333333,0.333333,0.002389,0.000000,459.756944,0.000000,77.999040,0.000000,38.999520,0.000000,50,10,0.333333,1000.000000,0.000000,35.000000,1.559981,0.000000
0,-0.000690,0.315789,0.272727,0.121308,0.039777,3833.350000,126.250000,68.713517,86.666664,34.356759,43.333332,280,10,0.315789,1400.000000,0.000000,30.000000,1.374274,1.733341
0,0.000000,0.285714,0.285714,0.492287,0.094749,2996.125000,603.882653,75.476120,86.666664,37.738060,43.333332,320,190,0.285714,1000.000000,0.000000,35.000000,1.509568,1.733344
0,-0.001609,0.166667,0.111111,0.579456,0.091314,810.562500,729.000000,43.297787,40.623837,21.648894,20.311919,290,10,0.500000,1400.000000,0.000000,20.000000,0.866172,0.000000
0,0.000000,0.111111,0.111111,0.102427,0.058467,308.625000,513.632653,79.691348,50.000000,39.845674,25.000000,190,50,0.111111,1000.000000,0.000000,35.000000,1.593844,0.000000
0,0.000000,0.142857,0.142857,0.299931,0.017065,2015.861111,175.000000,37.334153,41.422825,18.667076,20.711413,100,10,0.142857,1000.000000,0.000000,15.000000,0.746705,0.000000
0,-0.002000,0.500000,0.375000,0.174496,0.046615,768.333333,524.142857,81.630474,89.995978,40.815237,44.997989,210,100,0.500000,1600.000000,0.000000,40.000000,1.632634,1.799922
0,0.000000,0.500000,0.500000,0.004521,0.012395,63.000000,121.500000,46.829301,38.939769,23.414650,19.469885,20,10,0.500000,1100.000000,0.000000,20.000000,0.936586,0.000000
0,-0.001946,0.500000,0.521739,0.111380,0.044327,323.000000,500.000000,73.032622,39.995978,36.516311,19.997989,40,10,0.937500,2200.000000,0.000000,35.000000,1.460715,0.000000
0,-0.000321,0.076923,0.058824,0.043555,0.267569,321.944444,1981.777778,87.037336,96.875000,43.518668,48.437500,200,30,0.076923,1300.000000,0.000000,40.000000,1.740750,1.937520
0,0.000000,0.500000,0.500000,0.015353,0.048982,98.839506,421.500000,37.248218,78.939769,18.624109,39.469884,250,10,0.500000,1200.000000,0.000000,15.000000,0.744966,1.578798
0,0.000000,1.000000,1.000000,0.009165,0.036588,94.190000,300.000000,50.627981,39.999999,25.313990,20.000000,260,10,1.000000,1100.000000,0.000000,25.000000,1.012560,0.000000
0,-0.006831,1.000000,0.375000,0.016948,0.322215,118.571429,1500.000000,54.412343,76.675885,27.206172,38.337942,80,10,1.000000,1800.000000,0.000000,25.000000,1.088249,1.533558
0,0.000255,0.090909,0.125000,0.398153,0.039853,2079.586777,300.000000,81.645873,39.915651,40.822937,19.957825,310,210,0.142857,1600.000000,0.000000,40.000000,1.632956,0.000000
0,0.005373,0.192308,0.750000,0.398813,0.013056,2040.248999,86.062500,79.032140,40.494577,39.516070,20.247288,210,60,0.750000,1600.000000,0.000000,35.000000,1.580683,0.000000
0,-0.000321,0.076923,0.058824,0.043555,0.267569,321.944444,1981.777778,87.037336,96.875000,43.518668,48.437500,110,30,0.076923,1300.000000,0.000000,40.000000,1.740750,1.937520
0,-0.000667,0.200000,0.166667,0.008256,0.102420,172.346939,1079.881657,52.451589,91.999492,26.225795,45.999746,50,10,0.200000,1100.000000,0.000000,25.000000,1.049033,1.839995
0,-0.000585,0.571429,0.500000,0.073923,0.324370,374.719388,3540.000000,77.949344,79.997828,38.974672,39.998914,360,60,0.571429,1600.000000,0.000000,35.000000,1.558995,1.599972
0,0.000000,0.250000,0.250000,0.006160,0.009766,91.000000,115.312500,79.985416,91.949416,39.992708,45.974708,220,40,0.250000,1500.000000,0.000000,35.000000,1.599709,1.838989
0,-0.001470,0.666667,0.320000,1.458970,0.048897,2576.000000,359.510204,69.563839,90.000000,34.781920,45.000000,200,20,0.666667,3200.000000,0.000000,30.000000,1.391690,1.800008
0,0.000000,0.250000,0.250000,0.006160,0.009766,91.000000,115.312500,79.985416,91.949416,39.992708,45.974708,110,40,0.250000,1500.000000,0.000000,35.000000,1.599709,1.838989
0,0.000000,0.250000,0.250000,0.055848,0.048897,427.000000,359.510204,81.051107,90.000000,40.525553,45.000000,400,110,0.250000,1200.000000,0.000000,40.000000,1.621026,1.800008
0,-0.000146,0.142857,0.125000,0.067625,0.334838,289.400000,3299.510204,81.720428,89.997828,40.860214,44.998914,180,60,0.142857,1600.000000,0.000000,40.000000,1.634417,1.799978
0,-0.008889,0.666667,0.111111,0.177029,3.368859,1280.000000,18144.000000,69.091008,37.611885,34.545504,18.805942,210,130,0.666667,1800.000000,0.000000,30.000000,1.381833,0.000000
0,0.000000,0.454545,0.454545,0.006391,0.026343,507.444444,87.480000,75.999771,37.457847,37.999886,18.728923,310,10,0.454545,1300.000000,0.000000,35.000000,1.519996,0.000000
0,-0.001318,0.333333,0.250000,0.170990,0.033803,1073.875000,391.936240,89.315421,97.500000,44.657710,48.750000,220,150,0.333333,1300.000000,0.000000,40.000000,1.786322,1.950001
0,0.000167,0.214286,0.222222,0.041942,0.678351,2022.000000,4056.888889,66.973372,69.657698,33.486686,34.828849,230,190,0.222222,1600.000000,0.000000,30.000000,1.339473,1.393262
0,-0.001600,0.600000,0.500000,0.065871,0.000000,489.819444,0.000000,69.164720,0.000000,34.582360,0.000000,250,10,0.600000,1300.000000,0.000000,30.000000,1.383342,0.000000
0,-0.000679,0.285714,0.222222,0.020672,0.195009,118.059172,1047.339844,77.216966,38.081307,38.608483,19.040654,170,140,0.285714,1700.000000,0.000000,35.000000,1.544349,0.000000
0,-0.000356,0.208333,0.200000,0.140807,0.060943,456.770833,635.510204,75.592243,90.000314,37.796121,45.000157,280,170,0.260870,1800.000000,0.000000,35.000000,1.511873,1.800009
0,0.000000,0.083333,0.083333,0.121120,0.028109,773.375000,332.426036,93.333062,47.500000,46.666531,23.750000,150,70,0.083333,1300.000000,0.000000,45.000000,1.866671,0.000000
0,-0.000498,0.600000,0.583333,0.127108,0.005694,301.666667,59.510204,77.023319,50.000000,38.511659,25.000000,170,20,0.764706,1800.000000,0.000000,35.000000,1.540494,0.000000
0,0.000000,0.083333,0.083333,0.121120,0.028109,773.375000,332.426036,93.333062,47.500000,46.666531,23.750000,210,70,0.083333,1300.000000,0.000000,45.000000,1.866671,0.000000
0,-0.000068,0.100000,0.095238,0.044608,0.307864,198.589506,800.000000,73.897390,69.936738,36.948695,34.968369,250,100,0.100000,1400.000000,0.000000,35.000000,1.477953,1.398822
0,-0.001318,0.333333,0.250000,0.170990,0.033803,1073.875000,391.936240,89.315421,97.500000,44.657710,48.750000,220,210,0.333333,1300.000000,0.000000,40.000000,1.786322,1.950001
0,-0.000064,0.043478,0.038462,0.418611,0.005694,10279.150000,59.510204,80.420999,50.000000,40.210499,25.000000,360,200,0.043478,1500.000000,0.000000,40.000000,1.608430,0.000000
0,-0.000965,0.250000,0.111111,0.129083,0.553674,660.500000,2577.777778,91.625351,80.000000,45.812676,40.000000,170,40,0.363636,2200.000000,0.000000,45.000000,1.832520,1.600104
0,0.000000,0.083333,0.083333,0.076636,0.015895,337.500000,141.061224,72.803342,40.568276,36.401671,20.284138,200,90,0.083333,1100.000000,0.000000,35.000000,1.456076,0.000000
0,-0.000145,0.100000,0.090909,0.072263,0.026343,108.375000,87.480000,73.164492,37.457847,36.582246,18.728923,310,250,0.100000,1300.000000,0.000000,35.000000,1.463338,0.000000
0,-0.000597,1.000000,0.888889,0.017647,0.020724,80.000000,56.712963,74.281193,41.114583,37.140597,20.557292,140,10,1.000000,1700.000000,0.000000,35.000000,1.485634,0.000000
0,-0.000965,0.250000,0.111111,0.129083,0.553674,660.500000,2577.777778,91.625351,80.000000,45.812676,40.000000,170,140,0.363636,2200.000000,0.000000,45.000000,1.832520,1.600104
0,0.000509,1.000000,0.916667,0.104937,0.055250,150.347222,576.000000,40.260420,40.000314,20.130210,20.000157,270,10,1.000000,1900.000000,0.000000,20.000000,0.805255,0.000000
0,-0.000183,0.076923,0.066667,0.053008,0.068238,593.404444,648.000000,83.885340,41.242758,41.942670,20.621379,20,10,0.076923,1200.000000,0.000000,40.000000,1.677710,0.000000
0,0.000000,0.416667,0.416667,0.005320,0.068238,186.460000,648.000000,84.536721,41.242758,42.268360,20.621379,80,10,0.416667,1200.000000,0.000000,40.000000,1.690735,0.000000
0,0.000000,0.033333,0.033333,0.042859,0.073931,486.960000,707.510204,82.683111,91.242758,41.341556,45.621379,230,10,0.033333,1200.000000,0.000000,40.000000,1.653665,1.824859
0,0.000000,0.500000,0.500000,0.007988,0.000000,265.726644,0.000000,40.295211,0.000000,20.147605,0.000000,70,10,0.500000,1800.000000,0.000000,20.000000,0.805904,0.000000
0,0.000000,0.166667,0.166667,0.393239,0.000000,10088.500000,0.000000,81.046162,0.000000,40.523081,0.000000,360,50,0.166667,1500.000000,0.000000,40.000000,1.620932,0.000000
0,0.000000,0.250000,0.250000,0.073815,0.021611,135.000000,180.000000,33.339799,41.999975,16.669900,20.999987,110,10,0.250000,1000.000000,0.000000,15.000000,0.666821,0.000000
0,0.000000,0.642857,0.642857,0.002808,0.160579,48.926339,1454.562500,45.721356,40.989277,22.860678,20.494638,130,10,0.642857,1200.000000,0.000000,20.000000,0.914427,0.000000
0,-0.000055,0.038462,0.035714,0.156604,0.070509,1069.531250,45.000000,76.545511,31.999973,38.272756,15.999986,190,160,0.038462,1100.000000,0.000000,35.000000,1.530922,0.000000
0,0.000000,0.500000,0.500000,0.015855,0.449162,135.653061,825.000000,39.996343,74.968385,19.998172,37.484192,240,10,0.500000,2000.000000,0.000000,15.000000,0.799928,1.499492
0,0.007556,0.250000,0.666667,0.008882,0.054515,108.000000,500.000000,40.164143,39.999975,20.082072,19.999987,100,10,0.666667,1200.000000,0.000000,20.000000,0.803283,0.000000
0,0.000000,0.090909,0.090909,0.016617,0.018730,80.894545,332.049383,78.720699,38.173402,39.360349,19.086701,170,100,0.090909,1000.000000,0.000000,35.000000,1.574416,0.000000
0,0.000000,0.500000,0.500000,0.008915,0.008404,47.796875,76.235294,80.143521,42.941079,40.071760,21.470539,70,20,0.500000,1900.000000,0.000000,40.000000,1.602871,0.000000
0,-0.000233,0.200000,0.181818,0.336534,0.018721,2437.861111,49.382716,78.286769,37.999840,39.143384,18.999920,200,130,0.200000,1400.000000,0.000000,35.000000,1.565759,0.000000
0,-0.000167,0.181818,0.136364,0.182176,0.625598,1209.000000,5641.000000,81.304884,80.254658,40.652442,40.127329,200,170,0.200000,2700.000000,0.000000,40.000000,1.626114,1.605128
0,0.000212,0.200000,0.222222,2.826218,0.125867,41693.777778,1030.524444,78.526510,41.071266,39.263255,20.535633,210,150,0.222222,1600.000000,0.000000,35.000000,1.570626,0.000000
0,-0.000148,0.062500,0.043478,0.045370,0.758875,225.000000,6116.000000,75.846996,72.254339,37.923498,36.127169,280,70,0.062500,1900.000000,0.000000,35.000000,1.516945,1.445140
0,-0.001434,0.400000,0.333333,0.108811,0.072914,128.000000,601.120000,67.599395,39.998329,33.799698,19.999165,40,20,0.625000,2700.000000,0.000000,30.000000,1.352063,0.000000
0,-0.000284,0.250000,0.222222,0.038084,0.042298,111.312500,332.750000,66.669991,40.619925,33.334996,20.309962,170,100,0.250000,1400.000000,0.000000,30.000000,1.333407,0.000000
0,0.000000,0.727273,0.727273,0.012824,0.107219,213.480000,777.306122,72.726234,39.690764,36.363117,19.845382,160,10,0.727273,1100.000000,0.000000,35.000000,1.454529,0.000000
0,-0.000093,0.800000,0.363636,0.021146,0.138534,175.111111,525.000000,61.594258,71.999680,30.797129,35.999840,190,10,0.800000,2500.000000,0.000000,30.000000,1.231887,1.440012
0,0.000000,0.250000,0.250000,0.023892,0.051029,265.435556,500.000000,46.299839,39.359839,23.149920,19.679920,30,10,0.250000,1700.000000,0.000000,20.000000,0.925998,0.000000
0,0.000000,0.384615,0.384615,0.064733,0.703874,363.623724,6928.760000,80.852341,80.469287,40.426171,40.234643,370,240,0.384615,1100.000000,0.000000,40.000000,1.617053,1.609422
0,-0.000030,0.050000,0.047619,0.205729,0.679288,611.500000,3319.760204,79.942419,77.429289,39.971209,38.714644,230,30,0.050000,1300.000000,0.000000,35.000000,1.598888,1.548696
0,-0.000422,0.125000,0.076923,0.057216,0.005032,262.594711,45.000000,77.069851,39.363859,38.534925,19.681930,200,90,0.125000,2200.000000,0.000000,35.000000,1.541405,0.000000
0,0.000000,0.142857,0.142857,0.153025,0.054723,549.305556,600.000000,75.411180,71.200548,37.705590,35.600274,120,90,0.142857,1100.000000,0.000000,35.000000,1.508245,1.424014
0,0.000030,0.074074,0.058824,0.002850,0.065154,62.168075,588.888889,50.846268,79.404008,25.423134,39.702004,80,10,0.074074,1900.000000,0.000000,25.000000,1.016926,1.588084
0,-0.000047,0.026316,0.030303,0.000389,0.215765,2097.834010,1268.253968,46.375495,77.207226,23.187748,38.603613,190,10,0.043478,1900.000000,0.000000,20.000000,0.927510,1.544165
0,0.000000,0.461538,0.461538,0.186354,0.092669,664.756944,1039.000000,75.474410,79.336834,37.737205,39.668417,240,90,0.461538,1100.000000,0.000000,35.000000,1.509514,1.586741
0,-0.000008,0.117647,0.117647,0.003721,0.133731,73.011825,1430.920000,49.456934,80.535126,24.728467,40.267563,80,10,0.125000,1900.000000,0.000000,20.000000,0.989139,1.610709
0,0.000499,0.142857,0.181818,0.059382,0.008176,430.888889,88.750000,78.539219,80.792431,39.269609,40.396215,300,180,0.181818,1300.000000,0.000000,35.000000,1.570790,1.615849
0,-0.000782,0.750000,0.673077,0.014550,0.713262,160.955975,6889.760000,47.224741,79.852132,23.612371,39.926066,290,10,0.757576,1900.000000,0.000000,20.000000,0.944496,1.597080
0,-0.000190,0.083333,0.071429,1.106540,0.110499,7205.750000,794.000000,80.558005,59.359841,40.279002,29.679921,110,80,0.083333,1200.000000,0.000000,40.000000,1.611245,1.187205
0,-0.001757,0.176471,0.066667,0.209662,0.248239,668.388889,2436.004031,77.853288,80.522698,38.926644,40.261349,230,210,0.176471,1300.000000,0.000000,35.000000,1.557105,1.610467
0,0.000000,0.142857,0.142857,0.031426,0.193130,279.297521,1442.172840,100.000000,100.000000,50.000000,50.000000,280,240,0.142857,1000.000000,0.000000,50.000000,2.000002,2.000013
0,0.000000,0.181818,0.181818,5.155007,0.000000,11948.583333,0.000000,71.973744,0.000000,35.986872,0.000000,420,320,0.181818,1300.000000,0.000000,35.000000,1.441166,0.000000
0,0.000000,0.033333,0.033333,0.659779,0.099437,10405.000000,375.902222,88.840873,78.433465,44.420436,39.216733,120,10,0.033333,1000.000000,0.000000,40.000000,1.776839,1.568693
0,0.000000,0.285714,0.285714,0.009687,0.002526,80.555556,16.000000,91.363786,50.000000,45.681893,25.000000,280,60,0.285714,1000.000000,0.000000,45.000000,1.827276,0.000000
0,0.000000,0.033333,0.033333,0.659779,0.099437,10405.000000,375.902222,88.840873,78.433465,44.420436,39.216733,100,10,0.033333,1000.000000,0.000000,40.000000,1.776839,1.568693
0,0.000153,0.086957,0.093750,0.533008,0.000000,10877.888889,0.000000,78.091094,0.000000,39.045547,0.000000,360,310,0.100000,1900.000000,0.000000,35.000000,1.561843,0.000000
0,0.000000,0.100000,0.100000,0.079498,0.044926,1161.000000,697.084291,81.792290,81.403013,40.896145,40.701507,290,10,0.100000,1000.000000,0.000000,40.000000,1.635850,1.628062
0,0.000000,0.071429,0.071429,0.005150,0.081054,455.000000,527.181406,82.085845,78.606071,41.042922,39.303036,390,10,0.071429,1000.000000,0.000000,40.000000,1.641717,1.572128
0,-0.000079,0.066667,0.055556,0.011212,0.402719,89.046382,7056.545000,41.893371,80.444664,20.946685,40.222332,220,10,0.066667,2700.000000,0.000000,20.000000,0.837868,1.608907
0,-0.000889,0.250000,0.200000,0.025144,0.067183,215.222222,521.437500,42.816671,82.806555,21.408336,41.403278,160,10,0.250000,1200.000000,0.000000,20.000000,0.856335,1.656135
0,0.000000,0.090909,0.090909,4.425832,0.000000,6591.670000,0.000000,70.412981,0.000000,35.206491,0.000000,370,320,0.090909,1300.000000,0.000000,35.000000,1.409901,0.000000
0,0.000000,0.233333,0.233333,0.005541,0.044719,434.783058,385.753086,80.416783,80.769388,40.208391,40.384694,180,10,0.233333,1000.000000,0.000000,40.000000,1.608336,1.615390
0,0.000000,0.142857,0.142857,0.031426,0.193130,279.297521,1442.172840,100.000000,100.000000,50.000000,50.000000,390,240,0.142857,1000.000000,0.000000,50.000000,2.000002,2.000013
0,0.000000,0.062500,0.062500,1.011249,0.019255,5250.750000,303.240000,79.552201,38.559378,39.776100,19.279689,240,140,0.062500,1000.000000,0.000000,35.000000,1.591143,0.000000
0,0.000000,0.388889,0.388889,0.265175,0.139064,1905.000000,1203.142222,78.581117,82.109842,39.290559,41.054921,180,10,0.388889,1000.000000,0.000000,35.000000,1.571646,1.642205
0,0.000000,0.250000,0.250000,0.454984,0.000000,5810.343750,0.000000,78.181744,0.000000,39.090872,0.000000,430,230,0.250000,1200.000000,0.000000,35.000000,1.563655,0.000000
0,-0.002500,1.000000,0.875000,0.027217,0.190604,256.753086,1426.172840,62.616404,50.000000,31.308202,25.000000,210,10,1.000000,1500.000000,0.000000,30.000000,1.252330,0.000000
0,0.000000,0.285714,0.285714,0.009687,0.002526,80.555556,16.000000,91.363786,50.000000,45.681893,25.000000,390,60,0.285714,1000.000000,0.000000,45.000000,1.827276,0.000000
0,-0.000738,0.166667,0.125000,0.015680,0.504052,160.111111,1562.500000,54.733636,36.681931,27.366818,18.340965,20,10,0.166667,1500.000000,0.000000,25.000000,1.094674,0.000000
0,0.001074,0.100000,0.500000,1.941116,0.038519,31904.816327,500.000000,78.924505,40.000000,39.462252,20.000000,350,190,0.500000,2000.000000,0.000000,35.000000,1.578552,0.000000
0,0.000000,0.433333,0.433333,0.093843,0.327129,1227.858726,6397.847222,81.926501,80.201753,40.963250,40.100876,390,10,0.433333,1000.000000,0.000000,40.000000,1.638535,1.604044
0,-0.000105,0.040000,0.031250,0.563390,0.504052,14073.272500,1562.500000,79.285583,36.681931,39.642791,18.340965,390,10,0.040000,1600.000000,0.000000,35.000000,1.585723,0.000000
0,-0.002500,1.000000,0.875000,0.027217,0.190604,256.753086,1426.172840,62.616404,50.000000,31.308202,25.000000,190,10,1.000000,1500.000000,0.000000,30.000000,1.252330,0.000000
0,0.000000,0.142857,0.142857,0.031426,0.193130,279.297521,1442.172840,100.000000,100.000000,50.000000,50.000000,280,260,0.142857,1000.000000,0.000000,50.000000,2.000002,2.000013
0,0.000000,0.142857,0.142857,0.031426,0.193130,279.297521,1442.172840,100.000000,100.000000,50.000000,50.000000,390,260,0.142857,1000.000000,0.000000,50.000000,2.000002,2.000013
0,0.000000,0.083333,0.083333,0.001763,0.031737,421.666667,272.222222,82.053745,40.933465,41.026873,20.466733,20,10,0.083333,1000.000000,0.000000,40.000000,1.641075,0.000000
0,-0.000822,0.285714,0.230769,5.602567,0.000000,15744.000000,0.000000,77.554087,0.000000,38.777044,0.000000,310,120,0.333333,2400.000000,0.000000,35.000000,1.552084,0.000000
0,-0.000056,0.035714,0.032258,0.291065,0.010374,7956.150000,103.680000,73.655588,50.000000,36.827794,25.000000,370,70,0.035714,1400.000000,0.000000,35.000000,1.473119,0.000000
0,0.000963,0.227273,0.263158,0.239537,0.137017,7356.233086,1681.013333,85.217315,97.619048,42.608657,48.809524,210,70,0.263158,1400.000000,0.000000,40.000000,1.704351,1.952387
0,0.000000,0.250000,0.250000,0.001899,0.158263,425.000000,275.455621,82.840873,35.443078,41.420436,17.721539,90,10,0.250000,1100.000000,0.000000,40.000000,1.656818,0.000000
0,0.000906,0.238095,0.263158,0.470112,0.137017,2823.592500,1681.013333,75.740125,97.619048,37.870062,48.809524,190,50,0.263158,1800.000000,0.000000,35.000000,1.514847,1.952387
0,-0.000103,0.083333,0.076923,0.549119,0.032723,1033.070000,400.000000,70.061995,39.204827,35.030997,19.602414,320,240,0.083333,1200.000000,0.000000,35.000000,1.401389,0.000000
0,-0.000154,0.052632,0.032258,0.305125,0.010374,2228.750000,103.680000,76.021818,50.000000,38.010909,25.000000,300,20,0.052632,2100.000000,0.000000,35.000000,1.520462,0.000000
0,0.002500,0.500000,0.625000,0.003241,0.004262,54.222222,44.000000,47.999859,40.909078,23.999929,20.454539,60,10,0.625000,1100.000000,0.000000,20.000000,0.959997,0.000000
0,0.000963,0.227273,0.263158,0.239537,0.137017,7356.233086,1681.013333,85.217315,97.619048,42.608657,48.809524,230,70,0.263158,1400.000000,0.000000,40.000000,1.704351,1.952387
0,0.000000,0.125000,0.125000,0.046268,0.007190,427.222222,28.444444,47.971674,30.813905,23.985837,15.406953,430,10,0.125000,1100.000000,0.000000,20.000000,0.959436,0.000000
0,0.001208,0.133333,0.222222,0.052585,0.004502,1005.500000,45.000000,77.573168,39.995978,38.786584,19.997989,170,90,0.285714,1600.000000,0.000000,35.000000,1.551465,0.000000
0,0.000000,0.625000,0.625000,0.075063,0.007089,714.444444,115.320000,48.133361,40.833333,24.066681,20.416667,260,10,0.625000,1900.000000,0.000000,20.000000,0.962671,0.000000
0,0.000656,0.312500,0.263158,0.397487,0.137017,2289.080000,1681.013333,78.119944,97.619048,39.059972,48.809524,160,40,0.312500,1900.000000,0.000000,35.000000,1.562437,1.952387
0,0.001500,0.454545,0.466667,0.939479,0.059461,6705.111111,1252.811224,79.435767,48.387097,39.717884,24.193548,210,180,0.500000,1900.000000,0.000000,35.000000,1.588783,0.000000
0,0.000000,0.125000,0.125000,0.198640,0.068114,351.222222,235.346939,39.111094,37.499989,19.555547,18.749995,460,10,0.125000,1100.000000,0.000000,15.000000,0.782283,0.000000
0,-0.000334,0.214286,0.193548,0.226487,0.301485,7259.591111,1131.568889,77.322654,86.960581,38.661327,43.480290,70,40,0.214286,1400.000000,0.000000,35.000000,1.546457,1.739253
0,-0.000445,0.400000,0.461538,4.588653,0.000000,33913.000000,0.000000,69.524277,0.000000,34.762139,0.000000,460,280,0.600000,1600.000000,0.000000,30.000000,1.390815,0.000000
0,0.004872,0.153846,0.466667,2.053047,0.059461,13130.500000,1252.811224,73.499989,48.387097,36.749995,24.193548,240,10,0.500000,1300.000000,0.000000,35.000000,1.470161,0.000000
0,0.000000,0.062500,0.062500,0.069736,0.003445,578.750000,43.402778,76.685480,41.999840,38.342740,20.999920,150,10,0.062500,1000.000000,0.000000,35.000000,1.533714,0.000000
0,0.000651,0.250000,0.300000,0.106187,0.030352,212.640000,324.480000,65.963063,41.645457,32.981531,20.822728,100,80,0.300000,1700.000000,0.000000,30.000000,1.319289,0.000000
0,0.004872,0.153846,0.466667,1.732915,0.059461,13086.484375,1252.811224,47.787414,48.387097,23.893707,24.193548,250,10,0.500000,1200.000000,0.000000,20.000000,0.955863,0.000000
0,-0.001055,0.142857,0.076923,0.074951,2.201637,119.111111,4449.250000,73.331459,35.363603,36.665730,17.681802,110,50,0.142857,1400.000000,0.000000,35.000000,1.466654,0.000000
0,-0.000746,0.272727,0.193548,0.276590,0.301485,2679.240000,1131.568889,81.589637,86.960581,40.794819,43.480290,60,10,0.272727,1700.000000,0.000000,40.000000,1.631808,1.739253
0,-0.000317,0.071429,0.055556,0.235606,0.023132,1850.747615,300.000000,81.704171,37.879539,40.852085,18.939769,390,320,0.071429,1200.000000,0.000000,40.000000,1.634099,0.000000
0,0.000000,0.222222,0.222222,0.368774,0.035098,3446.000000,1442.612245,86.670252,48.437500,43.335126,24.218750,340,310,0.222222,1000.000000,0.000000,40.000000,1.733425,0.000000
0,-0.002148,0.307692,0.166667,9.657660,0.000000,5840.750000,0.000000,62.157127,0.000000,31.078563,0.000000,310,200,0.307692,1300.000000,0.000000,30.000000,1.255112,0.000000
0,0.000000,0.222222,0.222222,0.368774,0.035098,3446.000000,1442.612245,86.670252,48.437500,43.335126,24.218750,340,50,0.222222,1000.000000,0.000000,40.000000,1.733425,0.000000
0,-0.000091,0.125000,0.111111,0.407043,0.347957,1723.960000,1527.687500,75.483094,74.484917,37.741547,37.242459,60,10,0.125000,1800.000000,0.000000,35.000000,1.509714,1.489739
0,-0.000058,0.111111,0.100000,0.003521,0.097548,42.163740,343.894737,50.222221,78.469622,25.111111,39.234811,120,10,0.111111,1800.000000,0.000000,25.000000,1.004445,1.569409
0,0.001431,0.444444,0.500000,0.000000,0.008827,49.333333,78.222222,6.670019,50.000000,3.335009,25.000000,10,10,0.500000,1300.000000,0.000000,0.000000,0.133400,0.000000
0,-0.000476,0.166667,0.142857,0.089082,0.083311,772.666667,648.596667,47.130736,38.896917,23.565368,19.448458,280,10,0.166667,1300.000000,0.000000,20.000000,0.942620,0.000000
0,0.000000,0.500000,0.500000,0.009282,0.238527,38.776860,1000.000000,75.879541,75.259901,37.939771,37.629951,380,20,0.500000,1700.000000,0.000000,35.000000,1.517592,1.505230
0,-0.000833,0.400000,0.285714,0.148536,0.096777,229.816327,1067.000000,71.912304,90.000000,35.956152,45.000000,390,180,0.400000,2100.000000,0.000000,35.000000,1.438318,1.800004
0,-0.000791,0.333333,0.259259,0.018634,0.051774,134.229985,469.753086,78.613464,79.078491,39.306732,39.539246,380,30,0.333333,1700.000000,0.000000,35.000000,1.572271,1.581573
0,-0.000011,0.055556,0.062500,0.133687,1.589020,989.835000,1267.000000,78.328105,77.212190,39.164053,38.606095,230,10,0.066667,1800.000000,0.000000,35.000000,1.566573,1.546772
0,0.000000,0.029412,0.029412,0.083703,0.119033,1015.963489,948.596667,75.944472,78.896917,37.972236,39.448458,440,300,0.029412,1100.000000,0.000000,35.000000,1.518893,1.577946
0,0.000000,0.222222,0.222222,0.368774,0.035098,3446.000000,1442.612245,86.670252,48.437500,43.335126,24.218750,340,40,0.222222,1000.000000,0.000000,40.000000,1.733425,0.000000
0,-0.000926,0.437500,0.051282,0.020481,0.038823,252.032880,327.777778,44.680200,81.997988,22.340100,40.998994,160,10,0.533333,3900.000000,0.000000,20.000000,0.893605,1.639962
0,0.004743,0.285714,0.700000,0.232485,0.239656,811.111111,2022.444444,33.665179,81.047134,16.832589,40.523567,150,10,0.777778,1900.000000,0.000000,15.000000,0.673337,1.620957
0,0.003355,0.032258,0.200000,0.536764,0.048175,12694.144044,403.680000,84.930559,90.000000,42.465280,45.000000,440,110,0.200000,1100.000000,0.000000,40.000000,1.698623,1.800003
0,0.000021,0.071429,0.050000,0.164014,0.359791,286.100000,1515.580000,64.362184,45.454545,32.181092,22.727273,220,80,0.071429,3000.000000,0.000000,30.000000,1.287292,0.000000
0,-0.002148,0.307692,0.166667,1.730276,0.000000,5840.750000,0.000000,62.157127,0.000000,31.078563,0.000000,310,210,0.307692,1300.000000,0.000000,30.000000,1.243413,0.000000
0,0.000410,0.743590,0.763158,0.029808,0.171736,372.851200,867.000000,76.283452,37.212190,38.141726,18.606095,340,10,0.763158,1800.000000,0.000000,35.000000,1.525671,0.000000
0,0.000000,0.375000,0.375000,0.068080,0.077718,323.104044,679.080000,73.194256,80.749652,36.597128,40.374826,440,200,0.375000,1100.000000,0.000000,35.000000,1.463894,1.614998
0,0.003355,0.032258,0.200000,0.536764,0.048175,12694.144044,403.680000,84.930559,90.000000,42.465280,45.000000,440,130,0.200000,1100.000000,0.000000,40.000000,1.698623,1.800003
0,-0.000833,0.400000,0.285714,0.148536,0.096777,229.816327,1067.000000,71.912304,90.000000,35.956152,45.000000,370,180,0.400000,2100.000000,0.000000,35.000000,1.438318,1.800004
0,-0.000055,0.058824,0.052632,0.057415,0.109020,518.296860,1014.583333,87.999999,90.000000,43.999999,45.000000,380,150,0.058824,1700.000000,0.000000,40.000000,1.760004,1.800006
0,0.000000,0.153846,0.153846,2.015724,0.095001,7460.750000,707.680000,70.437318,77.108761,35.218659,38.554381,410,180,0.153846,1000.000000,0.000000,35.000000,1.409079,1.542182
0,-0.000476,0.166667,0.142857,0.009671,0.010297,46.101667,101.894737,42.380981,42.617209,21.190490,21.308604,170,10,0.166667,1300.000000,0.000000,20.000000,0.847621,0.000000
0,0.000000,0.090909,0.090909,0.001763,0.003812,36.106667,36.000000,54.016623,42.500000,27.008312,21.250000,20,10,0.090909,1200.000000,0.000000,25.000000,1.080333,0.000000
0,-0.000272,0.058824,0.037037,0.015892,0.026349,158.218750,271.647823,82.835687,81.695700,41.417843,40.847850,130,30,0.058824,1700.000000,0.000000,40.000000,1.656715,1.633915
0,-0.000313,0.090909,0.066667,0.069946,0.178948,276.960000,939.628099,76.203409,79.519882,38.101705,39.759941,190,10,0.125000,1800.000000,0.000000,35.000000,1.524087,1.590415
0,-0.000055,0.058824,0.052632,0.057415,0.109020,518.296860,1014.583333,87.999999,90.000000,43.999999,45.000000,380,240,0.058824,1700.000000,0.000000,40.000000,1.760004,1.800006
0,0.000000,0.333333,0.333333,0.035320,0.212669,303.107438,1191.000000,81.465026,77.184073,40.732513,38.592037,70,60,0.333333,1200.000000,0.000000,40.000000,1.629303,1.543701
0,-0.002000,0.500000,0.400000,0.086498,0.007493,527.000000,63.375000,35.993252,84.999680,17.996626,42.499840,190,10,0.500000,1500.000000,0.000000,15.000000,0.719873,1.699994
0,0.001884,0.500000,0.459459,0.110422,0.046020,166.875000,401.894737,66.452082,82.617209,33.226041,41.308604,280,30,0.555556,2700.000000,0.000000,30.000000,1.329091,1.652347
0,0.000092,0.047619,0.050000,0.068708,0.359791,517.203700,1515.580000,85.080043,45.454545,42.540021,22.727273,340,180,0.052632,1800.000000,0.000000,40.000000,1.701605,0.000000
0,0.000000,0.058824,0.058824,0.417561,0.113683,3485.144044,1050.693878,77.287602,80.233357,38.643801,40.116678,440,190,0.058824,1100.000000,0.000000,35.000000,1.545777,1.604673
0,-0.000238,0.083333,0.071429,0.216336,0.077960,1150.666667,750.693878,43.166680,40.233357,21.583340,20.116678,170,10,0.083333,1300.000000,0.000000,20.000000,0.863354,0.000000
0,-0.000606,0.250000,0.200000,0.080358,0.037232,346.448960,320.166667,80.979974,81.666667,40.489987,40.833333,230,70,0.285714,3200.000000,0.000000,40.000000,1.619609,1.633336
0,-0.002143,0.750000,0.642857,0.008311,0.020974,88.666667,195.203125,46.603437,40.749651,23.301718,20.374825,380,10,0.750000,1300.000000,0.000000,20.000000,0.932069,0.000000
0,0.000000,0.545455,0.545455,0.007102,0.084275,125.504044,683.102041,43.646763,80.710732,21.823381,40.355366,440,10,0.545455,1100.000000,0.000000,20.000000,0.872935,1.614220
0,0.000000,0.166667,0.166667,0.182338,0.040933,296.609977,324.000000,78.359528,39.971883,39.179764,19.985942,400,60,0.166667,1200.000000,0.000000,35.000000,1.567302,0.000000
0,0.000058,0.888889,0.900000,0.007807,0.122973,78.032500,542.000000,49.249984,75.852414,24.624992,37.926207,370,10,0.900000,1800.000000,0.000000,20.000000,0.985000,1.517066
0,0.000000,0.166667,0.166667,0.097095,0.059329,653.000000,608.875740,87.614484,50.000000,43.807242,25.000000,280,20,0.166667,1400.000000,0.000000,40.000000,1.752318,0.000000
0,0.000000,0.166667,0.166667,0.097095,0.059329,653.000000,608.875740,87.614484,50.000000,43.807242,25.000000,190,20,0.166667,1400.000000,0.000000,40.000000,1.752318,0.000000
0,0.000000,1.000000,1.000000,0.004312,0.000000,208.578125,0.000000,51.816065,0.000000,25.908032,0.000000,50,10,1.000000,2700.000000,0.000000,25.000000,1.036321,0.000000
0,0.000000,0.666667,0.666667,0.035685,0.017003,44.444444,169.753086,74.281144,40.763527,37.140572,20.381763,70,20,0.666667,1400.000000,0.000000,35.000000,1.485649,0.000000
0,-0.003117,0.727273,0.571429,1.170329,0.047676,1937.361111,450.000000,77.333009,50.000000,38.666504,25.000000,390,230,0.727273,1200.000000,0.000000,35.000000,1.547178,0.000000
0,-0.003117,0.727273,0.571429,1.170329,0.047676,1937.361111,450.000000,77.333009,50.000000,38.666504,25.000000,270,230,0.727273,1200.000000,0.000000,35.000000,1.547178,0.000000
0,0.000000,0.074074,0.074074,0.348893,0.155698,5135.187500,2134.840000,76.647123,38.946225,38.323562,19.473113,250,150,0.074074,1100.000000,0.000000,35.000000,1.532955,0.000000
0,-0.001156,0.333333,0.148148,0.064979,0.003052,301.076923,32.490000,77.691749,41.111097,38.845875,20.555548,110,50,0.571429,3100.000000,0.000000,35.000000,1.553842,0.000000
0,-0.000431,0.285714,0.200000,0.005128,0.111200,54.861111,1112.312500,41.491801,41.535357,20.745901,20.767678,120,10,0.285714,2100.000000,0.000000,20.000000,0.829836,0.000000
0,0.000000,0.090909,0.090909,0.023751,0.002173,98.500000,14.816327,75.563217,41.666667,37.781609,20.833333,210,80,0.090909,1200.000000,0.000000,35.000000,1.511268,0.000000
0,0.000000,1.000000,1.000000,0.096327,0.000000,198.080000,0.000000,72.637594,0.000000,36.318797,0.000000,200,20,1.000000,4500.000000,0.000000,35.000000,1.452780,0.000000
0,0.000000,0.074074,0.074074,0.348893,0.155698,5135.187500,2134.840000,76.647123,38.946225,38.323562,19.473113,240,150,0.074074,1100.000000,0.000000,35.000000,1.532955,0.000000
0,-0.000197,0.571429,0.550000,0.008891,0.080176,74.050000,1837.080000,78.819283,47.857143,39.409641,23.928571,100,20,0.600000,3100.000000,0.000000,35.000000,1.576386,0.000000
0,-0.000637,0.142857,0.050000,0.126933,0.164246,933.360000,1005.930000,78.385549,78.412510,39.192775,39.206255,300,200,0.142857,2200.000000,0.000000,35.000000,1.567721,1.568264
0,-0.000476,0.166667,0.142857,0.254595,0.187397,2372.200000,450.000000,89.999975,34.999983,44.999987,17.499991,380,240,0.166667,1200.000000,0.000000,40.000000,1.800013,0.000000
0,-0.000476,0.166667,0.142857,0.254595,0.187397,2372.200000,450.000000,89.999975,34.999983,44.999987,17.499991,380,230,0.166667,1200.000000,0.000000,40.000000,1.800013,0.000000
0,-0.000470,0.190476,0.148148,9.276423,0.003052,4500.000000,32.490000,70.186239,41.111097,35.093119,20.555548,270,200,0.190476,1500.000000,0.000000,35.000000,1.415649,0.000000
0,-0.000111,0.055556,0.050000,0.060573,0.032434,199.187500,347.027778,74.432554,40.505107,37.216277,20.252553,290,220,0.055556,1100.000000,0.000000,35.000000,1.488661,0.000000
0,0.000038,0.500000,0.857143,0.001567,0.173049,76.640625,1586.207778,46.666664,90.400671,23.333332,45.200336,70,10,1.000000,2000.000000,0.000000,20.000000,0.933333,1.808023
0,-0.000914,0.500000,0.428571,0.025173,0.020907,140.040000,228.680000,45.615626,100.000000,22.807813,50.000000,280,10,0.500000,2000.000000,0.000000,20.000000,0.912316,2.000001
0,-0.001253,0.666667,0.428571,0.018879,0.170902,244.000000,1607.527778,78.666651,90.400671,39.333325,45.200336,220,10,0.750000,2600.000000,0.000000,35.000000,1.573334,1.808023
0,0.000000,0.700000,0.700000,0.288370,0.194790,785.000000,1837.080000,74.497992,50.000000,37.248996,25.000000,290,40,0.700000,1100.000000,0.000000,35.000000,1.490013,0.000000
0,0.000000,0.500000,0.500000,0.035446,0.173049,158.472222,1586.207778,71.428420,90.400671,35.714210,45.200336,150,140,0.500000,1200.000000,0.000000,35.000000,1.428574,1.808023
0,-0.001766,0.125000,0.100000,0.199389,0.000000,1673.000000,0.000000,79.968384,0.000000,39.984192,0.000000,240,230,0.300000,1700.000000,0.000000,35.000000,1.599380,0.000000
0,0.000000,0.125000,0.125000,0.025284,0.020907,134.644097,228.680000,80.909090,100.000000,40.454545,50.000000,360,140,0.125000,1200.000000,0.000000,40.000000,1.618186,2.000001
0,0.004889,0.222222,0.466667,0.006686,0.005843,1824.142857,72.000000,100.000000,50.000000,50.000000,25.000000,220,10,0.466667,1300.000000,0.000000,50.000000,2.000001,0.000000
0,-0.000033,0.026316,0.024390,0.262041,0.147668,3408.384463,2328.444444,83.196432,39.355163,41.598216,19.677581,330,330,0.026316,1200.000000,0.000000,40.000000,1.663940,0.000000
0,-0.000563,0.142857,0.111111,0.038428,0.102026,661.665512,947.250000,70.590502,82.754897,35.295251,41.377448,310,100,0.142857,1300.000000,0.000000,35.000000,1.411811,1.655104
0,0.004889,0.222222,0.466667,0.006686,0.005843,1824.142857,72.000000,100.000000,50.000000,50.000000,25.000000,360,10,0.466667,1300.000000,0.000000,50.000000,2.000001,0.000000
0,-0.000302,0.066667,0.050000,0.152385,0.052500,1028.750000,557.465278,86.170807,50.000000,43.085404,25.000000,400,40,0.066667,1200.000000,0.000000,40.000000,1.723427,0.000000
0,0.002885,0.285714,0.529412,0.041522,0.084579,374.719388,631.331597,90.000000,89.826087,45.000000,44.913043,170,150,0.529412,2100.000000,0.000000,40.000000,1.800002,1.796527
0,-0.000033,0.041667,0.040000,0.265361,0.017545,925.520000,220.500000,73.530897,41.109980,36.765448,20.554990,450,60,0.041667,1100.000000,0.000000,35.000000,1.470729,0.000000
0,0.002039,0.076923,0.250000,0.020953,0.138127,175.987778,1482.527778,47.296320,40.516325,23.648160,20.258162,130,10,0.250000,1500.000000,0.000000,20.000000,0.945928,0.000000
0,0.000495,0.230769,0.277778,0.006764,0.000000,86.247778,0.000000,45.903960,0.000000,22.951980,0.000000,270,10,0.285714,1500.000000,0.000000,20.000000,0.918080,0.000000
0,-0.000323,0.083333,0.074074,0.028876,0.175883,161.100000,1893.330000,81.470858,91.868812,40.735429,45.934406,150,140,0.142857,2900.000000,0.000000,40.000000,1.629420,1.837385
0,0.000000,0.375000,0.375000,0.030836,0.166576,3996.222222,1837.080000,50.270352,50.000000,25.135176,25.000000,60,10,0.375000,1000.000000,0.000000,25.000000,1.005407,0.000000
0,-0.000225,0.125000,0.111111,0.077054,0.119604,734.859957,356.250000,76.222618,55.202145,38.111309,27.601073,490,310,0.125000,1300.000000,0.000000,35.000000,1.524462,1.104064
0,0.003161,0.133333,0.363636,0.003025,0.147433,166.059172,1538.777778,76.269078,82.385137,38.134539,41.192568,170,10,0.363636,2700.000000,0.000000,35.000000,1.525382,1.647710
0,0.002885,0.285714,0.529412,0.041522,0.084579,374.719388,631.331597,90.000000,89.826087,45.000000,44.913043,230,150,0.529412,2100.000000,0.000000,40.000000,1.800002,1.796527
0,0.000333,0.083333,0.100000,0.066707,0.166576,144.000000,1837.080000,76.164658,50.000000,38.082329,25.000000,300,40,0.100000,1200.000000,0.000000,35.000000,1.523309,0.000000
0,-0.000302,0.066667,0.050000,0.152385,0.052500,1028.750000,557.465278,86.170807,50.000000,43.085404,25.000000,310,40,0.066667,1200.000000,0.000000,40.000000,1.723427,0.000000
0,-0.000338,0.083333,0.055556,0.117303,0.009307,1070.000000,56.250000,80.708323,41.868812,40.354162,20.934406,260,240,0.083333,1800.000000,0.000000,40.000000,1.614173,0.000000
0,0.005470,0.111111,0.384615,0.002938,0.007238,1828.000000,81.250000,90.585220,41.519006,45.292610,20.759503,20,10,0.384615,1300.000000,0.000000,45.000000,1.811705,0.000000
0,0.000000,0.090909,0.090909,0.023868,0.204200,160.290000,1882.527778,73.095066,80.516325,36.547533,40.258162,300,150,0.090909,1300.000000,0.000000,35.000000,1.461903,1.610338
0,0.000169,0.166667,0.117647,0.076618,0.011024,452.360000,83.472222,78.388877,83.868812,39.194439,41.934406,200,120,0.166667,2400.000000,0.000000,35.000000,1.567785,1.677377
0,0.004000,0.200000,0.400000,0.005850,0.029052,1864.000000,384.000000,89.999200,41.136530,44.999600,20.568265,320,10,0.400000,1300.000000,0.000000,40.000000,1.799984,0.000000
0,-0.000485,0.090909,0.066667,0.337077,0.021552,3264.142857,241.000000,89.972684,91.049949,44.986342,45.524975,230,210,0.090909,1200.000000,0.000000,40.000000,1.799471,1.821000
0,0.000169,0.166667,0.117647,0.032594,0.139844,280.679012,1509.750000,81.997962,82.516325,40.998981,41.258162,120,40,0.166667,2400.000000,0.000000,40.000000,1.639961,1.650333
0,0.002229,0.117647,0.250000,0.022021,0.017545,228.000000,220.500000,81.507442,41.109980,40.753721,20.554990,50,40,0.250000,1200.000000,0.000000,40.000000,1.630150,0.000000
0,-0.000485,0.090909,0.066667,0.337077,0.021552,3264.142857,241.000000,89.972684,91.049949,44.986342,45.524975,370,210,0.090909,1200.000000,0.000000,40.000000,1.799471,1.821000
0,-0.001699,0.615385,0.500000,0.057661,0.056650,402.607778,633.937500,45.419256,40.440274,22.709628,20.220137,50,10,0.615385,1500.000000,0.000000,20.000000,0.908390,0.000000
0,-0.000033,0.026316,0.024390,0.262041,0.147668,3408.384463,2328.444444,83.196432,39.355163,41.598216,19.677581,330,60,0.026316,1200.000000,0.000000,40.000000,1.663940,0.000000
0,-0.000033,0.026316,0.024390,0.262041,0.147668,3408.384463,2328.444444,83.196432,39.355163,41.598216,19.677581,330,70,0.026316,1200.000000,0.000000,40.000000,1.663940,0.000000
0,0.000000,0.250000,0.250000,0.023263,0.044719,1052.722222,446.875000,74.248718,81.843199,37.124359,40.921600,330,10,0.250000,1100.000000,0.000000,35.000000,1.484975,1.636866
0,0.000000,0.285714,0.285714,0.036507,0.000000,554.458050,0.000000,69.107600,0.000000,34.553800,0.000000,360,100,0.285714,1000.000000,0.000000,30.000000,1.382155,0.000000
0,0.000000,0.166667,0.166667,0.029180,0.003602,358.250000,64.000000,77.866648,39.994972,38.933324,19.997486,220,90,0.166667,1100.000000,0.000000,35.000000,1.557336,0.000000
0,0.000000,0.166667,0.166667,0.055237,0.003602,807.015625,64.000000,79.130871,39.994972,39.565436,19.997486,350,90,0.166667,1100.000000,0.000000,35.000000,1.582621,0.000000
0,0.000000,0.363636,0.363636,0.308054,0.016938,1834.440000,24.500000,79.142211,43.750000,39.571106,21.875000,490,320,0.363636,1900.000000,0.000000,35.000000,1.582884,0.000000
0,0.000000,0.250000,0.250000,0.285313,0.016938,1842.000000,24.500000,80.648251,43.750000,40.324125,21.875000,490,120,0.250000,1900.000000,0.000000,40.000000,1.612987,0.000000
0,0.000000,0.500000,0.500000,1.062469,0.492976,9182.520000,1183.000000,79.843162,35.257028,39.921581,17.628514,560,90,0.500000,1200.000000,0.000000,35.000000,1.596925,0.000000
0,-0.000404,0.125000,0.100000,0.772987,0.006481,10398.000000,87.500000,77.123677,40.712854,38.561839,20.356427,470,210,0.133333,2100.000000,0.000000,35.000000,1.542502,0.000000
0,-0.000480,0.062500,0.041667,0.149888,0.016739,11897.250000,220.500000,74.105040,41.111021,37.052520,20.555511,540,40,0.074074,1400.000000,0.000000,35.000000,1.482115,0.000000
0,-0.000291,0.090909,0.052632,0.021240,0.191666,368.262222,900.000000,72.328669,37.200032,36.164334,18.600016,230,10,0.090909,2100.000000,0.000000,35.000000,1.446575,0.000000
0,-0.000763,0.266667,0.222222,0.100389,0.013152,1187.437500,144.000000,79.735595,41.248735,39.867798,20.624368,270,230,0.266667,1200.000000,0.000000,35.000000,1.594717,0.000000
0,0.000000,0.266667,0.266667,0.041966,0.000000,2169.842975,0.000000,84.681610,0.000000,42.340805,0.000000,130,100,0.266667,1000.000000,0.000000,40.000000,1.693634,0.000000
0,-0.002073,0.333333,0.125000,0.040892,0.008772,360.000000,98.000000,90.000000,100.000000,45.000000,50.000000,330,280,0.333333,2400.000000,0.000000,40.000000,1.800002,2.000000
0,-0.002073,0.333333,0.125000,0.040892,0.008772,360.000000,98.000000,90.000000,100.000000,45.000000,50.000000,280,220,0.333333,2400.000000,0.000000,40.000000,1.800002,2.000000
0,0.002030,0.166667,0.526316,0.025206,0.151452,159.454545,1620.000000,77.022419,40.340979,38.511209,20.170490,240,100,0.571429,2000.000000,0.000000,35.000000,1.540451,0.000000
0,0.000117,0.333333,0.263158,1.197194,0.025270,7204.086957,412.000000,75.605093,82.857142,37.802547,41.428571,360,110,0.333333,2100.000000,0.000000,35.000000,1.512210,1.657144
0,0.000000,0.888889,0.888889,0.055250,0.109802,591.312500,1100.000000,48.000365,39.710823,24.000182,19.855412,460,10,0.888889,1200.000000,0.000000,20.000000,0.960010,0.000000
0,-0.000552,0.285714,0.181818,0.332571,0.000796,1552.888889,12.000000,66.345405,38.939769,33.172703,19.469885,310,30,0.285714,2700.000000,0.000000,30.000000,1.326945,0.000000
0,-0.000734,0.142857,0.083333,3.709137,0.030391,12504.111111,355.000000,74.549051,83.688800,37.274525,41.844400,120,120,0.142857,2000.000000,0.000000,35.000000,1.491531,1.673777
0,0.000000,0.266667,0.266667,0.041966,0.000000,2169.842975,0.000000,84.681610,0.000000,42.340805,0.000000,370,130,0.266667,1000.000000,0.000000,40.000000,1.693634,0.000000
0,-0.000050,0.100000,0.181818,0.597397,0.006674,852.340278,87.500000,73.306574,41.428457,36.653287,20.714229,290,140,0.437500,2900.000000,0.000000,35.000000,1.466350,0.000000
0,0.000000,0.071429,0.071429,0.223654,0.032027,347.238095,371.555556,71.333569,81.248735,35.666784,40.624368,250,90,0.071429,1000.000000,0.000000,35.000000,1.426745,1.624976
0,0.000000,0.250000,0.250000,25.367183,0.037095,192647.000000,567.000000,89.813662,50.000000,44.906831,25.000000,540,270,0.250000,1000.000000,0.000000,40.000000,1.797944,0.000000
0,0.000000,0.250000,0.250000,25.367183,0.037095,192647.000000,567.000000,89.813662,50.000000,44.906831,25.000000,560,270,0.250000,1000.000000,0.000000,40.000000,1.797944,0.000000
0,-0.001075,0.125000,0.066667,0.155420,0.045555,537.222222,484.000000,63.653579,41.676190,31.826789,20.838095,150,100,0.200000,2400.000000,0.000000,30.000000,1.273095,0.000000
0,-0.001667,0.750000,0.666667,0.003730,0.000000,63.222222,0.000000,59.133593,0.000000,29.566796,0.000000,320,10,0.750000,1200.000000,0.000000,25.000000,1.182672,0.000000
0,-0.000556,0.250000,0.222222,0.020724,0.151452,83.935185,1620.000000,59.165167,40.340979,29.582584,20.170490,180,10,0.250000,1200.000000,0.000000,25.000000,1.183307,0.000000
0,0.000000,0.428571,0.428571,0.077597,0.018875,621.691429,227.555556,79.543945,40.000000,39.771972,20.000000,290,90,0.428571,1000.000000,0.000000,35.000000,1.590884,0.000000
0,-0.000450,0.150000,0.037037,0.198562,0.094968,859.774489,64.000000,77.571306,50.000000,38.785653,25.000000,360,230,0.150000,2200.000000,0.000000,35.000000,1.551465,0.000000
0,0.000000,0.266667,0.266667,0.041966,0.000000,2169.842975,0.000000,84.681610,0.000000,42.340805,0.000000,130,110,0.266667,1000.000000,0.000000,40.000000,1.693634,0.000000
0,0.000000,0.500000,0.500000,0.003524,0.002506,54.777778,27.000000,37.046936,40.000000,18.523468,20.000000,20,10,0.500000,1100.000000,0.000000,15.000000,0.740939,0.000000
0,-0.000373,0.160000,0.137931,2.630105,0.048585,6748.780247,477.320988,83.840965,50.000000,41.920482,25.000000,400,350,0.160000,1200.000000,0.000000,40.000000,1.677361,0.000000
0,-0.000071,0.040000,0.034483,0.111938,0.005373,1218.066358,64.000000,77.841763,50.000000,38.920882,25.000000,330,310,0.040000,1500.000000,0.000000,35.000000,1.556841,0.000000
0,0.000000,0.083333,0.083333,0.502293,0.026065,4731.933673,266.272189,82.364931,42.220921,41.182465,21.110461,420,70,0.083333,1000.000000,0.000000,40.000000,1.647325,0.000000
0,-0.000373,0.160000,0.137931,2.630105,0.048585,6748.780247,477.320988,83.840965,50.000000,41.920482,25.000000,400,290,0.160000,1200.000000,0.000000,40.000000,1.677361,0.000000
0,0.000000,1.000000,1.000000,10.413148,0.000000,7056.000000,0.000000,58.891124,0.000000,29.445562,0.000000,210,200,1.000000,2000.000000,0.000000,25.000000,1.189959,0.000000
0,-0.000559,0.240000,0.206897,2.553051,0.378421,6891.985124,3499.200000,83.314649,50.000000,41.657325,25.000000,400,310,0.240000,1200.000000,0.000000,40.000000,1.666831,0.000000
0,-0.000559,0.240000,0.206897,2.553051,0.378421,6891.985124,3499.200000,83.314649,50.000000,41.657325,25.000000,400,330,0.240000,1200.000000,0.000000,40.000000,1.666831,0.000000
0,0.000000,0.500000,0.500000,0.417216,0.066814,6756.597633,800.000000,78.334031,79.204827,39.167016,39.602414,450,50,0.500000,1400.000000,0.000000,35.000000,1.566694,1.584099
0,-0.000662,0.187500,0.103448,0.072544,0.026143,498.185000,315.295918,73.212628,40.933751,36.606314,20.466875,170,150,0.187500,2100.000000,0.000000,35.000000,1.464258,0.000000
0,-0.000083,0.047619,0.068966,0.178070,0.110643,1197.438715,175.000000,78.024511,35.678154,39.012255,17.839077,320,190,0.090909,1700.000000,0.000000,35.000000,1.560504,0.000000
0,-0.000134,0.040000,0.026316,0.127325,0.036002,957.858726,938.903061,69.774777,76.435902,34.887389,38.217951,390,80,0.040000,2000.000000,0.000000,30.000000,1.395505,1.528719
0,0.000000,0.200000,0.200000,0.032572,0.008539,172.000000,94.111111,79.611224,41.469905,39.805612,20.734952,100,30,0.200000,1300.000000,0.000000,35.000000,1.592229,0.000000
0,-0.000138,0.071429,0.027027,0.011212,0.058599,85.597403,715.295918,47.241714,80.138578,23.620857,40.069289,220,10,0.071429,3700.000000,0.000000,20.000000,0.944835,1.602774
0,-0.000123,0.054054,0.043478,1.275375,0.143098,9513.445858,575.000000,77.252261,74.882981,38.626130,37.441491,420,320,0.054054,1700.000000,0.000000,35.000000,1.545131,1.497696
0,-0.000476,0.111111,0.083333,0.007127,0.110961,417.000000,1065.333333,76.093977,82.568275,38.046989,41.284137,140,10,0.111111,1300.000000,0.000000,35.000000,1.521880,1.651371
0,-0.000102,0.025000,0.017857,0.127110,0.032455,7013.625000,400.000000,80.111814,39.204827,40.055907,19.602414,440,340,0.025000,1500.000000,0.000000,40.000000,1.602240,0.000000
0,-0.000118,0.125000,0.117647,0.016909,0.482680,514.755102,420.000000,75.847155,71.999200,37.923578,35.999600,530,10,0.125000,1300.000000,0.000000,35.000000,1.516944,1.440273
0,-0.000118,0.125000,0.117647,0.305771,0.006424,2827.583333,84.000000,76.775879,92.000000,38.387940,46.000000,340,10,0.125000,1300.000000,0.000000,35.000000,1.535537,1.840000
0,-0.001228,0.714286,0.666667,0.031404,0.083287,248.172336,654.959184,80.789111,76.897125,40.394556,38.448563,370,120,0.777778,2200.000000,0.000000,40.000000,1.615784,1.537949
0,0.000000,0.068966,0.068966,0.082807,0.023301,327.812500,266.272189,78.399252,41.710739,39.199626,20.855370,260,80,0.068966,1000.000000,0.000000,35.000000,1.567996,0.000000
0,0.000000,0.037037,0.037037,0.059037,0.165192,538.299569,1800.000000,78.257386,39.985941,39.128693,19.992971,480,390,0.037037,1000.000000,0.000000,35.000000,1.565157,0.000000
0,-0.000312,0.111111,0.111111,1.428180,0.197647,6504.000000,2200.000000,77.912201,79.190768,38.956100,39.595384,410,400,0.142857,1800.000000,0.000000,35.000000,1.558401,1.583824
0,0.000000,0.333333,0.333333,0.045684,0.000000,418.218750,0.000000,80.469017,0.000000,40.234508,0.000000,200,100,0.333333,1600.000000,0.000000,40.000000,1.609383,0.000000
0,0.000000,0.250000,0.250000,0.671404,0.043395,5737.500000,525.000000,80.254637,79.200805,40.127319,39.600402,470,180,0.250000,1200.000000,0.000000,40.000000,1.605137,1.584018
0,-0.000487,0.400000,0.379310,0.428087,0.000000,3437.387755,0.000000,64.454440,0.000000,32.227220,0.000000,150,20,0.500000,3400.000000,0.000000,30.000000,1.289189,0.000000
0,0.000000,1.000000,1.000000,0.010288,0.007795,244.500000,144.000000,87.500000,50.000000,43.750000,25.000000,160,10,1.000000,2200.000000,0.000000,40.000000,1.750000,0.000000
0,0.000000,1.000000,1.000000,0.010288,0.007795,244.500000,144.000000,87.500000,50.000000,43.750000,25.000000,270,10,1.000000,2200.000000,0.000000,40.000000,1.750000,0.000000
0,0.000000,0.148148,0.148148,0.114589,0.165192,401.437500,1800.000000,73.898853,39.985941,36.949426,19.992971,480,260,0.148148,1000.000000,0.000000,35.000000,1.477995,0.000000
0,0.000000,0.111111,0.111111,0.074870,0.020593,307.321799,433.000000,89.891606,90.227192,44.945803,45.113596,490,250,0.111111,1000.000000,0.000000,40.000000,1.797848,1.804544
0,-0.000157,0.066667,0.058824,0.157119,0.285762,1516.548611,3249.312500,75.950526,90.522891,37.975263,45.261446,240,130,0.066667,1100.000000,0.000000,35.000000,1.519019,1.810470
0,-0.000280,0.166667,0.125000,0.031728,0.065135,243.555556,929.812500,52.497486,81.543991,26.248743,40.771996,110,10,0.166667,2200.000000,0.000000,25.000000,1.049952,1.630882
0,0.000000,0.230769,0.230769,0.017370,0.050314,223.321799,837.000000,61.428571,90.367806,30.714286,45.183903,490,10,0.230769,1000.000000,0.000000,30.000000,1.228572,1.807358
0,0.000000,0.105263,0.105263,0.306114,0.038731,2778.548611,724.500000,73.759963,100.000000,36.879981,50.000000,430,240,0.105263,1100.000000,0.000000,35.000000,1.475216,2.000001
0,0.000000,0.230769,0.230769,0.017370,0.050314,223.321799,837.000000,61.428571,90.367806,30.714286,45.183903,370,10,0.230769,1000.000000,0.000000,30.000000,1.228572,1.807358
0,-0.000928,0.142857,0.076923,0.218849,0.044920,1677.312500,588.000000,65.721291,40.812257,32.860646,20.406128,460,100,0.142857,1800.000000,0.000000,30.000000,1.314440,0.000000
0,-0.000101,0.052632,0.043478,4.163643,0.202080,10405.777778,3039.390625,81.168026,90.000000,40.584013,45.000000,350,340,0.052632,1600.000000,0.000000,40.000000,1.624218,1.800007
0,0.000000,0.050000,0.050000,4.863937,0.009820,8586.222222,400.000000,74.906825,40.000000,37.453413,20.000000,380,150,0.050000,1200.000000,0.000000,35.000000,1.499519,0.000000
0,-0.000757,0.250000,0.181818,0.306196,0.022073,3039.500000,602.500000,46.666668,80.999883,23.333334,40.499942,320,10,0.500000,1800.000000,0.000000,20.000000,0.933349,1.619998
0,-0.000091,0.071429,0.062500,0.291606,0.121302,2960.785714,638.775510,82.821002,77.426629,41.410501,38.713315,310,100,0.071429,1900.000000,0.000000,40.000000,1.656434,1.548559
0,0.000000,0.157895,0.157895,0.161873,0.001523,1535.111111,24.500000,70.916341,50.000000,35.458171,25.000000,240,30,0.157895,1100.000000,0.000000,35.000000,1.418336,0.000000
0,0.000000,0.157895,0.157895,1.911317,0.001523,1535.111111,24.500000,70.916341,50.000000,35.458171,25.000000,440,30,0.157895,1100.000000,0.000000,35.000000,1.419539,0.000000
0,0.000000,0.181818,0.181818,0.155921,0.001523,1510.471111,24.500000,77.169873,50.000000,38.584937,25.000000,240,20,0.181818,1100.000000,0.000000,35.000000,1.543406,0.000000
0,-0.001225,0.181818,0.105263,0.043232,0.038731,1327.187500,724.500000,80.489430,100.000000,40.244715,50.000000,410,400,0.181818,1400.000000,0.000000,40.000000,1.609789,2.000001
0,0.000000,0.111111,0.111111,0.074870,0.020593,307.321799,433.000000,89.891606,90.227192,44.945803,45.113596,370,250,0.111111,1000.000000,0.000000,40.000000,1.797848,1.804544
0,-0.000058,0.062500,0.055556,0.257475,0.027178,1750.506944,400.000000,71.353407,39.204764,35.676704,19.602382,490,460,0.062500,1800.000000,0.000000,35.000000,1.427090,0.000000
0,-0.000101,0.052632,0.043478,4.163643,0.202080,10405.777778,3039.390625,81.168026,90.000000,40.584013,45.000000,340,250,0.052632,1600.000000,0.000000,40.000000,1.624218,1.800007
0,0.002274,0.166667,0.277778,2.844213,0.000000,3256.000000,0.000000,33.571371,0.000000,16.785685,0.000000,380,10,0.363636,2600.000000,0.000000,15.000000,0.672676,0.000000
0,-0.000203,0.076923,0.043478,0.344508,0.043510,3433.500000,884.000000,80.363839,80.609406,40.181919,40.304703,310,280,0.076923,1900.000000,0.000000,40.000000,1.607294,1.612189
0,0.001632,0.066667,0.235294,9.076636,0.142628,18507.250000,365.272189,63.971777,33.032179,31.985889,16.516090,450,290,0.266667,1900.000000,0.000000,30.000000,1.281663,0.000000
0,0.000000,0.035714,0.035714,0.743695,0.007795,2778.566732,141.777778,74.532147,91.428571,37.266074,45.714286,380,120,0.035714,1000.000000,0.000000,35.000000,1.490757,1.828572
0,0.000000,0.181818,0.181818,0.003144,0.001523,59.110000,24.500000,73.158468,50.000000,36.579234,25.000000,430,10,0.181818,1200.000000,0.000000,35.000000,1.463169,0.000000
0,-0.000157,0.066667,0.058824,1.906563,0.285762,1516.548611,3249.312500,75.950526,90.522891,37.975263,45.261446,440,130,0.066667,1100.000000,0.000000,35.000000,1.520222,1.810470
0,-0.000125,0.066667,0.058824,0.007545,0.034631,143.402778,495.203125,73.815404,80.749775,36.907702,40.374888,230,90,0.066667,1300.000000,0.000000,35.000000,1.476308,1.614997
0,0.000000,0.454545,0.454545,0.117198,0.042766,1298.797500,700.000000,71.732991,50.000000,35.866496,25.000000,420,10,0.454545,1300.000000,0.000000,35.000000,1.434665,0.000000
0,0.000000,0.454545,0.454545,0.584341,0.042766,657.137778,700.000000,85.420367,50.000000,42.710183,25.000000,40,20,0.454545,1000.000000,0.000000,40.000000,1.708672,0.000000
0,0.000282,0.777778,0.782609,0.106325,0.058251,268.173554,700.000000,71.143413,79.999992,35.571706,39.999996,250,10,0.782609,2100.000000,0.000000,35.000000,1.422892,1.600002
0,-0.000761,0.157895,0.043478,0.185020,0.018512,1535.680000,300.000000,85.990369,40.000000,42.995185,20.000000,60,40,0.157895,1800.000000,0.000000,40.000000,1.719821,0.000000
0,-0.002610,0.375000,0.142857,0.040734,0.048697,1356.937500,773.500000,90.489430,100.000000,45.244715,50.000000,400,350,0.375000,1500.000000,0.000000,45.000000,1.809789,2.000002
0,-0.002809,0.714286,0.285714,0.096634,0.032924,1425.668639,400.000000,89.655172,39.999600,44.827586,19.999800,180,80,0.714286,1700.000000,0.000000,40.000000,1.793107,0.000000
0,-0.000761,0.157895,0.043478,0.185020,0.018512,1535.680000,300.000000,85.990369,40.000000,42.995185,20.000000,70,40,0.157895,1800.000000,0.000000,40.000000,1.719821,0.000000
0,-0.000078,0.058824,0.050000,0.043749,0.039739,472.318611,400.000000,71.585156,39.999992,35.792578,19.999996,290,110,0.058824,1700.000000,0.000000,35.000000,1.431705,0.000000
0,-0.000152,0.045455,0.032258,0.270798,0.080879,772.520000,981.589002,74.148165,81.788711,37.074083,40.894356,90,60,0.045455,1700.000000,0.000000,35.000000,1.483075,1.635778
0,-0.002809,0.714286,0.285714,0.096634,0.032924,1425.668639,400.000000,89.655172,39.999600,44.827586,19.999800,180,70,0.714286,1700.000000,0.000000,40.000000,1.793107,0.000000
0,-0.002610,0.375000,0.142857,0.040734,0.048697,1356.937500,773.500000,90.489430,100.000000,45.244715,50.000000,460,400,0.375000,1500.000000,0.000000,45.000000,1.809789,2.000002
0,-0.000235,0.176471,0.150000,0.016404,0.018512,191.520000,300.000000,75.200297,40.000000,37.600148,20.000000,110,50,0.176471,1700.000000,0.000000,35.000000,1.504007,0.000000
0,0.000000,0.142857,0.142857,0.615019,0.048697,673.027778,773.500000,80.426206,100.000000,40.213103,50.000000,400,20,0.142857,1000.000000,0.000000,40.000000,1.608805,2.000002
0,0.000000,0.066667,0.066667,0.758987,0.043462,1302.465278,712.000000,77.698934,89.999958,38.849467,44.999979,240,20,0.066667,1000.000000,0.000000,35.000000,1.554267,1.800000
0,-0.000273,0.200000,0.166667,0.011304,0.022140,132.000000,352.937500,85.852414,90.000000,42.926207,45.000000,330,10,0.200000,2100.000000,0.000000,40.000000,1.717049,1.800001
0,0.000000,0.117647,0.117647,0.582766,0.053605,715.451247,861.333333,85.426206,90.833333,42.713103,45.416667,20,10,0.117647,1000.000000,0.000000,40.000000,1.708789,1.816668
0,0.000000,0.117647,0.117647,0.178025,0.053605,715.451247,861.333333,85.426206,90.833333,42.713103,45.416667,450,10,0.117647,1000.000000,0.000000,40.000000,1.708549,1.816668
0,-0.002809,0.714286,0.285714,0.096634,0.032924,1425.668639,400.000000,89.655172,39.999600,44.827586,19.999800,340,180,0.714286,1700.000000,0.000000,40.000000,1.793107,0.000000
0,0.000000,0.076923,0.076923,0.004262,0.036027,72.000000,432.000000,52.337649,40.796316,26.168824,20.398158,170,10,0.076923,1100.000000,0.000000,25.000000,1.046753,0.000000
0,-0.000520,0.304348,0.189189,0.266906,0.052552,1363.948558,575.000000,79.997776,81.392204,39.998888,40.696102,250,200,0.304348,2600.000000,0.000000,35.000000,1.599982,1.627847
0,-0.000843,0.500000,0.391304,0.596030,0.031326,2384.000000,475.000000,71.649620,81.392212,35.824810,40.696106,300,10,0.500000,2100.000000,0.000000,35.000000,1.433068,1.627845
0,0.000000,0.142857,0.142857,0.615019,0.048697,673.027778,773.500000,80.426206,100.000000,40.213103,50.000000,510,20,0.142857,1000.000000,0.000000,40.000000,1.608805,2.000002
0,0.000000,0.090909,0.090909,0.598818,0.101218,811.530864,1448.920000,79.504698,88.752533,39.752349,44.376266,200,20,0.090909,1000.000000,0.000000,35.000000,1.590359,1.775054
0,-0.000761,0.157895,0.043478,0.185020,0.018512,1535.680000,300.000000,85.990369,40.000000,42.995185,20.000000,330,40,0.157895,1800.000000,0.000000,40.000000,1.719821,0.000000
0,0.000000,0.076923,0.076923,0.003445,0.054540,71.402778,732.000000,53.428411,80.796316,26.714206,40.398158,110,10,0.076923,1100.000000,0.000000,25.000000,1.068568,1.615928
0,-0.000095,0.071429,0.066667,0.212316,0.043462,1674.062500,712.000000,81.003082,89.999958,40.501541,44.999979,420,210,0.071429,1300.000000,0.000000,40.000000,1.620079,1.800000
0,-0.000309,0.105263,0.090909,0.019030,0.101218,201.171875,1448.920000,82.828794,88.752533,41.414397,44.376266,350,100,0.133333,2000.000000,0.000000,40.000000,1.656577,1.775054
0,-0.000273,0.200000,0.166667,0.011304,0.022140,132.000000,352.937500,85.852414,90.000000,42.926207,45.000000,220,10,0.200000,2100.000000,0.000000,40.000000,1.717049,1.800001
0,-0.000122,0.045455,0.034483,0.101676,0.102524,707.250000,1189.565398,71.454525,80.789247,35.727263,40.394624,150,70,0.045455,2000.000000,0.000000,35.000000,1.429098,1.615789
0,0.000207,0.076923,0.095238,0.563770,0.218240,1358.029478,569.531250,76.149155,49.444444,38.074578,24.722222,380,110,0.100000,1400.000000,0.000000,35.000000,1.523136,0.000000
0,0.000000,0.222222,0.222222,0.002911,0.048865,60.578936,677.680473,53.075376,76.190475,26.537688,38.095238,90,10,0.222222,1200.000000,0.000000,25.000000,1.061508,1.523811
0,0.000000,1.000000,1.000000,0.152974,0.081870,1608.194444,252.000000,62.500000,35.259673,31.250000,17.629836,380,10,1.000000,1400.000000,0.000000,30.000000,1.250007,0.000000
0,-0.000071,0.062500,0.055556,0.137579,0.130802,1118.779444,1104.500000,75.431456,38.155783,37.715728,19.077891,300,200,0.062500,2200.000000,0.000000,35.000000,1.508641,0.000000
0,0.000000,0.166667,0.166667,0.010367,0.025928,1919.842975,295.750000,88.387097,39.545614,44.193548,19.772807,440,100,0.166667,1500.000000,0.000000,40.000000,1.767742,0.000000
0,-0.000370,0.166667,0.133333,0.270577,0.012507,4546.489796,300.000000,88.148147,39.999999,44.074074,20.000000,270,60,0.166667,2000.000000,0.000000,40.000000,1.762974,0.000000
0,-0.000370,0.166667,0.133333,0.270577,0.012507,4546.489796,300.000000,88.148147,39.999999,44.074074,20.000000,270,50,0.166667,2000.000000,0.000000,40.000000,1.762974,0.000000
0,-0.000040,0.045455,0.043478,0.017839,0.000000,456.749824,0.000000,79.933039,0.000000,39.966520,0.000000,390,20,0.045455,1300.000000,0.000000,35.000000,1.598661,0.000000
0,-0.000414,0.125000,0.090909,0.055696,0.001440,720.597222,19.440000,79.033300,43.333333,39.516650,21.666667,330,110,0.125000,1900.000000,0.000000,35.000000,1.580668,0.000000
0,-0.000269,0.090909,0.050000,0.076601,0.021897,921.179444,252.150000,45.883963,41.316472,22.941981,20.658236,300,10,0.090909,2200.000000,0.000000,20.000000,0.917682,0.000000
0,-0.000666,0.050000,0.071429,0.356400,0.003699,3364.850000,50.000000,78.094182,50.000000,39.047091,25.000000,200,30,0.200000,3200.000000,0.000000,35.000000,1.561903,0.000000
0,0.000000,0.166667,0.166667,2.475407,0.025928,4512.900826,295.750000,86.121458,39.545614,43.060729,19.772807,490,30,0.166667,1000.000000,0.000000,40.000000,1.723111,0.000000
0,-0.000435,0.500000,0.478261,0.066600,0.052986,687.684630,612.965398,46.978931,40.369557,23.489466,20.184778,130,10,0.500000,1400.000000,0.000000,20.000000,0.939582,0.000000
0,-0.000073,0.111111,0.095238,0.062414,0.218240,583.458050,569.531250,49.526068,49.444444,24.763034,24.722222,370,10,0.111111,1500.000000,0.000000,20.000000,0.990525,0.000000
0,0.000115,0.200000,0.205882,0.147864,0.052986,1237.899106,612.965398,76.982838,40.369557,38.491419,20.184778,390,140,0.205882,1300.000000,0.000000,35.000000,1.539668,0.000000
0,-0.001858,0.136364,0.043478,0.095178,0.002851,376.419005,43.750000,47.984545,41.428571,23.992273,20.714286,100,10,0.136364,1400.000000,0.000000,20.000000,0.959704,0.000000
0,0.000553,0.363636,0.391304,0.045712,0.049538,452.137755,576.600000,49.537545,40.419690,24.768773,20.209845,210,10,0.391304,1400.000000,0.000000,20.000000,0.990753,0.000000
0,-0.000298,0.103448,0.032258,0.195388,0.040877,1780.120000,400.000000,86.546101,39.999999,43.273051,20.000000,280,70,0.103448,1900.000000,0.000000,40.000000,1.730933,0.000000
0,0.000554,0.200000,0.192308,0.026187,0.017642,3187.716837,289.190083,37.950862,39.819287,18.975431,19.909643,120,10,0.200000,4000.000000,0.000000,15.000000,0.759017,0.000000
0,-0.000370,0.166667,0.133333,0.270577,0.012507,4546.489796,300.000000,88.148147,39.999999,44.074074,20.000000,320,270,0.166667,2000.000000,0.000000,40.000000,1.762974,0.000000
0,0.000000,0.032258,0.032258,2.548890,0.040877,5465.678604,400.000000,84.756902,39.999999,42.378451,20.000000,370,30,0.032258,1000.000000,0.000000,40.000000,1.695822,0.000000
0,-0.000160,0.571429,0.268293,0.026187,0.025008,3184.267857,222.617284,43.299205,41.293346,21.649602,20.646673,120,10,0.571429,4000.000000,0.000000,20.000000,0.865984,0.000000
0,0.000000,0.333333,0.333333,0.008578,0.050098,127.207237,510.617284,52.450863,81.293345,26.225431,40.646672,290,10,0.333333,1200.000000,0.000000,25.000000,1.049018,1.625869
0,0.000000,0.166667,0.166667,0.010367,0.025928,1919.842975,295.750000,88.387097,39.545614,44.193548,19.772807,440,110,0.166667,1500.000000,0.000000,40.000000,1.767742,0.000000
0,0.000079,0.206897,0.212121,0.027254,0.023775,464.674569,389.680473,82.757785,36.190476,41.378893,18.095238,390,80,0.218750,1300.000000,0.000000,40.000000,1.655158,0.000000
0,-0.000298,0.103448,0.032258,0.195388,0.040877,1780.120000,400.000000,86.546101,39.999999,43.273051,20.000000,330,280,0.103448,1900.000000,0.000000,40.000000,1.730933,0.000000
0,0.000454,0.250000,0.142857,0.006800,0.004724,119.763168,62.207031,45.630654,42.306144,22.815327,21.153072,110,10,0.250000,5100.000000,0.000000,20.000000,0.912613,0.000000
0,0.000096,0.027027,0.047619,0.203943,0.013180,1590.504747,175.000000,79.514112,41.425680,39.757056,20.712840,320,320,0.051282,2000.000000,0.000000,35.000000,1.590297,0.000000
0,-0.002226,0.222222,0.111111,0.075597,0.003480,795.346939,54.000000,89.107600,50.000000,44.553800,25.000000,360,170,0.300000,1600.000000,0.000000,40.000000,1.782157,0.000000
0,-0.000298,0.103448,0.032258,0.195388,0.040877,1780.120000,400.000000,86.546101,39.999999,43.273051,20.000000,280,60,0.103448,1900.000000,0.000000,40.000000,1.730933,0.000000
0,-0.000242,0.181818,0.166667,0.002911,0.091280,59.266436,1089.680473,49.742043,76.154345,24.871021,38.077172,90,10,0.181818,1200.000000,0.000000,20.000000,0.994841,1.523091
0,0.017143,0.142857,1.000000,0.001606,0.081870,31.843750,252.000000,50.682445,35.259673,25.341222,17.629836,30,10,1.000000,1200.000000,0.000000,25.000000,1.013649,0.000000
0,0.000000,0.300000,0.300000,0.009149,0.003306,89.375000,45.375000,78.180638,40.000000,39.090319,20.000000,240,50,0.300000,1000.000000,0.000000,35.000000,1.563614,0.000000
0,-0.000348,0.083333,0.055556,0.030318,0.024285,641.346939,267.407407,76.607600,41.333316,38.303800,20.666658,360,10,0.083333,1600.000000,0.000000,35.000000,1.532153,0.000000
0,0.000000,0.166667,0.166667,0.010367,0.025928,1919.842975,295.750000,88.387097,39.545614,44.193548,19.772807,440,370,0.166667,1500.000000,0.000000,40.000000,1.767742,0.000000
0,0.000000,0.133333,0.133333,2.532648,0.012507,5148.588326,300.000000,86.119630,39.999999,43.059815,20.000000,370,30,0.133333,1000.000000,0.000000,40.000000,1.723077,0.000000
0,0.000000,1.000000,1.000000,0.091731,0.067505,545.986920,700.000000,45.359971,39.963869,22.679985,19.981934,400,10,1.000000,1200.000000,0.000000,20.000000,0.907207,0.000000
0,-0.000121,0.090909,0.083333,0.041755,0.120491,1068.049383,1312.965398,45.456780,80.333425,22.728390,40.166713,150,10,0.090909,1200.000000,0.000000,20.000000,0.909136,1.606674
0,0.000000,1.000000,1.000000,0.152974,0.081870,1608.194444,252.000000,62.500000,35.259673,31.250000,17.629836,110,10,1.000000,1400.000000,0.000000,30.000000,1.250007,0.000000
0,-0.000661,0.035714,0.071429,0.267860,0.003699,8024.182479,50.000000,73.776470,50.000000,36.888235,25.000000,260,70,0.200000,2600.000000,0.000000,35.000000,1.475534,0.000000
0,-0.000364,0.272727,0.250000,0.008578,0.092513,125.894737,922.617284,49.117529,81.257214,24.558765,40.628607,290,10,0.272727,1200.000000,0.000000,20.000000,0.982351,1.625149
0,0.000000,1.000000,1.000000,0.152974,0.081870,1608.194444,252.000000,62.500000,35.259673,31.250000,17.629836,120,10,1.000000,1400.000000,0.000000,30.000000,1.250007,0.000000
0,0.000000,1.000000,1.000000,0.091731,0.025090,547.299420,288.000000,48.693304,39.999999,24.346652,19.999999,400,10,1.000000,1200.000000,0.000000,20.000000,0.973874,0.000000
0,0.000000,0.333333,0.333333,0.000000,0.092596,49.312500,988.000000,16.666667,79.963868,8.333333,39.981934,10,10,0.333333,1200.000000,0.000000,5.000000,0.333333,1.599282
0,-0.002226,0.222222,0.111111,0.075597,0.003480,795.346939,54.000000,89.107600,50.000000,44.553800,25.000000,360,180,0.300000,1600.000000,0.000000,40.000000,1.782157,0.000000
0,-0.000661,0.125000,0.076923,0.076321,0.027907,92.000000,396.000000,69.795150,40.908934,34.897575,20.454467,50,30,0.125000,2700.000000,0.000000,30.000000,1.395942,0.000000
0,0.000000,0.076923,0.076923,2.087858,0.027907,1734.722500,396.000000,80.876496,40.908934,40.438248,20.454467,200,80,0.076923,1000.000000,0.000000,40.000000,1.618872,0.000000
0,-0.000065,0.058824,0.055556,0.003021,0.011232,97.541238,161.333333,87.102414,40.833333,43.551207,20.416667,150,10,0.058824,1200.000000,0.000000,40.000000,1.742048,0.000000
0,0.000000,0.166667,0.166667,0.031461,1.321587,265.571429,1568.000000,82.803631,31.247486,41.401816,15.623743,140,60,0.166667,1200.000000,0.000000,40.000000,1.656074,0.000000
0,0.001143,0.928571,1.000000,0.059461,0.000000,1268.654974,0.000000,56.759232,0.000000,28.379616,0.000000,140,10,1.000000,1300.000000,0.000000,25.000000,1.135186,0.000000
0,0.003930,0.076923,0.285714,0.152974,0.059885,1684.674444,625.000000,84.999984,41.110933,42.499992,20.555467,380,10,0.285714,1500.000000,0.000000,40.000000,1.700007,0.000000
0,0.000117,0.866667,1.000000,0.010683,0.000000,79.938920,0.000000,44.060691,0.000000,22.030345,0.000000,20,10,1.000000,2500.000000,0.000000,20.000000,0.881215,0.000000
0,0.003930,0.076923,0.285714,0.152974,0.059885,1684.674444,625.000000,84.999984,41.110933,42.499992,20.555467,120,10,0.285714,1500.000000,0.000000,40.000000,1.700007,0.000000
0,-0.000657,0.571429,0.400000,0.679279,0.022593,2118.250000,405.000000,62.117647,50.000000,31.058824,25.000000,450,10,0.571429,1700.000000,0.000000,30.000000,1.242465,0.000000
0,0.003930,0.076923,0.285714,0.152974,0.059885,1684.674444,625.000000,84.999984,41.110933,42.499992,20.555467,110,10,0.285714,1500.000000,0.000000,40.000000,1.700007,0.000000
0,-0.000524,0.181818,0.133333,0.013674,0.000000,167.116944,0.000000,80.600760,0.000000,40.300380,0.000000,310,20,0.181818,1600.000000,0.000000,40.000000,1.612016,0.000000
0,-0.003464,0.333333,0.125000,0.023081,0.000000,197.734694,0.000000,80.573276,0.000000,40.286638,0.000000,290,130,0.333333,1700.000000,0.000000,40.000000,1.611467,0.000000
0,-0.000262,0.090909,0.066667,0.345903,1.312720,1117.860000,4050.000000,78.050869,36.114622,39.025434,18.057311,160,20,0.090909,1600.000000,0.000000,35.000000,1.561071,0.000000
0,0.001143,0.928571,1.000000,0.059461,0.000000,1268.654974,0.000000,56.759232,0.000000,28.379616,0.000000,400,10,1.000000,1300.000000,0.000000,25.000000,1.135186,0.000000
0,-0.000172,0.076923,0.040000,0.193464,0.024616,1424.750000,343.750000,73.297223,82.857143,36.648612,41.428571,360,30,0.076923,2200.000000,0.000000,35.000000,1.465959,1.657144
0,0.000440,0.500000,1.000000,0.000917,0.000000,30.484375,0.000000,47.986202,0.000000,23.993101,0.000000,280,10,1.000000,2500.000000,0.000000,20.000000,0.959724,0.000000
0,-0.002194,0.714286,0.500000,0.006191,0.031737,60.360000,300.000000,82.076319,39.831387,41.038159,19.915693,120,20,0.714286,1600.000000,0.000000,40.000000,1.641527,0.000000
0,0.000440,0.500000,1.000000,0.017179,0.000000,74.500000,0.000000,75.999915,0.000000,37.999958,0.000000,270,10,1.000000,2600.000000,0.000000,35.000000,1.520011,0.000000
0,-0.000147,0.076923,0.066667,0.033009,0.201153,352.480000,2161.777778,84.465783,41.029330,42.232891,20.514665,270,50,0.076923,1300.000000,0.000000,40.000000,1.689317,0.000000
0,0.001143,0.928571,1.000000,0.059461,0.000000,1268.654974,0.000000,56.759232,0.000000,28.379616,0.000000,130,10,1.000000,1300.000000,0.000000,25.000000,1.135186,0.000000
0,0.002716,0.153846,0.285714,0.009022,0.059885,108.323750,625.000000,49.590520,41.110933,24.795260,20.555467,30,10,0.285714,1300.000000,0.000000,20.000000,0.991811,0.000000
0,-0.000196,0.176471,0.166667,0.007545,0.011232,117.673469,161.333333,83.157808,40.833333,41.578904,20.416667,50,10,0.176471,1200.000000,0.000000,40.000000,1.663157,0.000000
0,-0.000738,0.200000,0.111111,0.013424,0.010428,161.250000,111.111111,60.468385,42.000003,30.234193,21.000002,30,10,0.200000,1700.000000,0.000000,30.000000,1.209369,0.000000
0,-0.000133,0.050000,0.041667,0.161520,0.002872,307.855621,43.750000,77.110931,42.857143,38.555466,21.428571,120,40,0.050000,1300.000000,0.000000,35.000000,1.542264,0.000000
0,-0.000152,0.142857,0.133333,0.057781,0.034657,470.571429,400.416667,83.774483,40.647028,41.887242,20.323514,240,60,0.142857,1200.000000,0.000000,40.000000,1.675493,0.000000
0,-0.001017,1.000000,0.904762,0.003979,0.000000,55.562500,0.000000,48.888661,0.000000,24.444330,0.000000,110,10,1.000000,1600.000000,0.000000,20.000000,0.977773,0.000000
0,-0.000657,0.571429,0.400000,0.679279,0.022593,2118.250000,405.000000,62.117647,50.000000,31.058824,25.000000,330,10,0.571429,1700.000000,0.000000,30.000000,1.242465,0.000000
0,-0.002921,0.466667,0.230769,0.005116,0.001310,108.000000,333.367347,53.891248,37.771093,26.945624,18.885546,180,10,0.466667,1300.000000,0.000000,25.000000,1.077825,0.000000
0,-0.000074,0.062500,0.058824,0.192901,0.134931,1012.187500,1344.444444,79.269144,89.995952,39.634572,44.997976,590,40,0.062500,1200.000000,0.000000,35.000000,1.585402,1.799926
0,-0.000336,0.181818,0.153846,0.002758,0.271174,73.040000,1011.857143,83.172681,78.041879,41.586340,39.020939,300,10,0.181818,2200.000000,0.000000,40.000000,1.663454,1.560899
0,-0.000311,0.222222,0.166667,0.048860,0.066236,1030.937500,615.734694,47.272414,81.708167,23.636207,40.854083,220,10,0.222222,3100.000000,0.000000,20.000000,0.945449,1.634167
0,-0.000558,0.062500,0.066667,0.590641,3.965213,12796.960000,39852.250000,84.417543,84.473447,42.208771,42.236723,200,130,0.200000,2400.000000,0.000000,40.000000,1.688371,1.689672
0,0.000000,0.111111,0.111111,0.002173,0.000000,30.128827,0.000000,59.666667,0.000000,29.833333,0.000000,200,10,0.111111,1100.000000,0.000000,25.000000,1.193333,0.000000
0,-0.007043,0.545455,0.214286,0.017660,0.061938,279.096939,522.750000,51.438195,79.994515,25.719098,39.997258,390,10,0.583333,2000.000000,0.000000,25.000000,1.028765,1.599894
0,-0.002365,0.076923,0.222222,0.103345,0.049644,418.562500,452.937500,74.663658,90.000000,37.331829,45.000000,110,30,0.500000,4600.000000,0.000000,35.000000,1.493286,1.800003
0,-0.000293,0.153846,0.133333,0.068114,0.078884,263.346939,1073.440000,48.928561,77.625888,24.464280,38.812944,570,10,0.153846,1400.000000,0.000000,20.000000,0.978581,1.552521
0,-0.000685,0.235294,0.153846,0.181606,0.014668,1765.714444,175.000000,73.261357,41.428553,36.630679,20.714277,340,110,0.235294,2000.000000,0.000000,35.000000,1.465237,0.000000
0,0.000000,0.600000,0.600000,0.043262,0.012408,120.406250,161.333333,81.026016,40.833333,40.513008,20.416667,40,30,0.600000,1100.000000,0.000000,40.000000,1.620532,0.000000
0,-0.000014,0.400000,0.166667,0.017406,0.060071,190.953125,554.234568,69.802302,81.538452,34.901151,40.769226,140,40,0.400000,3500.000000,0.000000,30.000000,1.396047,1.630772
0,-0.001116,0.428571,0.214286,0.056903,0.086523,195.694444,800.000000,68.359839,78.935718,34.179920,39.467859,490,100,0.428571,2200.000000,0.000000,30.000000,1.367206,1.578719
0,-0.000558,0.062500,0.066667,0.590641,3.965213,12796.960000,39852.250000,84.417543,84.473447,42.208771,42.236723,200,110,0.200000,2400.000000,0.000000,40.000000,1.688371,1.689672
0,-0.000535,0.100000,0.071429,0.324729,0.040980,3077.638889,454.234568,79.977329,81.538452,39.988664,40.769226,270,230,0.100000,1200.000000,0.000000,35.000000,1.599564,1.630771
0,-0.000164,0.142857,0.050000,0.088868,0.162184,176.444444,1469.387755,56.000411,78.082195,28.000206,39.041098,380,180,0.142857,3300.000000,0.000000,25.000000,1.120068,1.561653
0,-0.000580,0.090909,0.066667,0.529663,0.077994,12599.360000,484.234375,54.870050,85.164016,27.435025,42.582008,110,10,0.200000,2400.000000,0.000000,25.000000,1.097412,1.703291
0,-0.002365,0.045455,0.222222,2.844312,0.049644,1734.920000,452.937500,80.590456,90.000000,40.295228,45.000000,90,60,0.500000,4000.000000,0.000000,40.000000,1.614199,1.800003
0,-0.000076,0.333333,0.352941,0.018790,0.068372,167.444444,682.812500,40.000014,80.765049,20.000007,40.382525,390,10,0.416667,3200.000000,0.000000,20.000000,0.800002,1.615304
0,-0.000006,0.062500,0.045455,0.119230,0.474106,1234.382653,4747.603306,90.569951,90.000000,45.284975,45.000000,360,280,0.062500,2300.000000,0.000000,45.000000,1.811405,1.800024
0,-0.000061,0.071429,0.066667,0.125575,0.033028,1108.622284,387.960000,82.102694,82.314651,41.051347,41.157326,410,100,0.071429,1300.000000,0.000000,40.000000,1.642061,1.646294
0,0.000151,0.250000,0.176471,0.581730,0.054704,3964.000000,711.952663,79.599311,80.840661,39.799655,40.420330,200,170,0.250000,3200.000000,0.000000,35.000000,1.592029,1.616816
0,-0.002076,0.105263,0.600000,0.176167,0.058412,1302.090000,261.750000,82.818817,84.249847,41.409408,42.124923,90,30,1.000000,3400.000000,0.000000,40.000000,1.656392,1.685007
0,0.000000,0.111111,0.111111,0.015637,0.050774,195.500000,500.000000,58.831657,39.995952,29.415829,19.997976,600,10,0.111111,1100.000000,0.000000,25.000000,1.176634,0.000000
0,-0.002078,0.111111,0.600000,0.214018,0.058412,7164.591111,261.750000,76.335452,84.249847,38.167726,42.124923,150,70,1.000000,2800.000000,0.000000,35.000000,1.526712,1.685007
0,0.000000,0.076923,0.076923,0.019161,0.031057,158.562500,396.000000,83.206809,41.818181,41.603405,20.909090,200,190,0.076923,1200.000000,0.000000,40.000000,1.664138,0.000000
0,0.000377,0.050000,0.076923,0.395238,0.282510,3553.000000,2817.750000,90.906972,50.000000,45.453486,25.000000,390,150,0.076923,1600.000000,0.000000,45.000000,1.818161,0.000000
0,-0.002344,0.363636,0.076923,0.061189,0.040785,185.187500,411.952663,74.777399,40.840661,37.388699,20.420330,290,80,0.363636,2300.000000,0.000000,35.000000,1.495558,0.000000
0,-0.000061,0.071429,0.066667,0.015106,0.019669,134.560000,546.327347,54.093269,78.657191,27.046634,39.328595,100,10,0.071429,1300.000000,0.000000,25.000000,1.081867,1.573145
0,0.000377,0.050000,0.076923,0.395238,0.282510,3553.000000,2817.750000,90.906972,50.000000,45.453486,25.000000,290,150,0.076923,1600.000000,0.000000,45.000000,1.818161,0.000000
0,-0.000544,0.058824,0.066667,0.160421,0.061930,1301.240625,312.845041,82.821228,85.550208,41.410614,42.775104,90,30,0.200000,3400.000000,0.000000,40.000000,1.656434,1.711014
0,-0.000580,0.090909,0.066667,0.529663,0.077994,12599.360000,484.234375,54.870050,85.164016,27.435025,42.582008,130,10,0.200000,2400.000000,0.000000,25.000000,1.097412,1.703291
0,-0.000324,0.062500,0.055556,0.075159,0.116813,833.385161,1353.000000,82.675214,80.769231,41.337607,40.384615,360,90,0.100000,2300.000000,0.000000,40.000000,1.653508,1.615390
0,0.000000,0.200000,0.200000,0.024201,0.052084,299.346939,833.367347,53.550433,77.767045,26.775216,38.883522,580,10,0.200000,1300.000000,0.000000,25.000000,1.071010,1.555343
0,-0.000565,0.090909,0.074074,0.029289,0.269221,644.415512,811.857143,80.732675,78.019165,40.366338,39.009582,310,10,0.133333,2200.000000,0.000000,40.000000,1.614654,1.560446
0,0.000000,0.333333,0.333333,0.011008,0.048602,57.000000,94.111111,83.750000,34.249583,41.875000,17.124792,190,150,0.333333,1200.000000,0.000000,40.000000,1.675001,0.000000
0,-0.000256,0.166667,0.153846,0.033741,0.020992,485.560000,374.880000,49.999823,81.818355,24.999912,40.909178,380,10,0.166667,1100.000000,0.000000,20.000000,0.999998,1.636368
0,-0.000170,0.142857,0.100000,0.020254,0.132644,210.390000,1491.875000,82.974622,78.880820,41.487311,39.440410,480,100,0.142857,2300.000000,0.000000,40.000000,1.659493,1.577622
0,-0.000336,0.250000,0.166667,0.003488,0.068188,50.868056,815.734694,49.999975,81.730881,24.999987,40.865441,210,10,0.250000,3100.000000,0.000000,20.000000,1.000000,1.634620
0,-0.000006,0.062500,0.045455,0.119230,0.474106,1234.382653,4747.603306,90.569951,90.000000,45.284975,45.000000,360,260,0.062500,2300.000000,0.000000,45.000000,1.811405,1.800024
0,-0.000194,0.076923,0.058824,0.108204,0.134931,295.755102,1344.444444,75.502040,89.995952,37.751020,44.997976,540,200,0.076923,1700.000000,0.000000,35.000000,1.510070,1.799926
0,0.000352,0.500000,0.846154,0.022221,0.096377,108.120000,1000.000000,80.568254,79.894655,40.284127,39.947328,80,70,1.000000,4500.000000,0.000000,40.000000,1.611367,1.597898
0,0.002494,0.181818,0.384615,0.010323,0.018359,107.000000,212.960000,82.335536,40.886098,41.167768,20.443049,150,70,0.384615,1600.000000,0.000000,40.000000,1.646711,0.000000
0,-0.000543,0.055556,0.066667,0.232198,0.061930,7180.886250,312.845041,72.217355,85.550208,36.108678,42.775104,150,70,0.200000,2800.000000,0.000000,35.000000,1.444355,1.711014
0,0.000000,0.142857,0.142857,0.053933,0.144970,70.000000,1419.000000,69.166659,80.329400,34.583330,40.164700,510,70,0.142857,1100.000000,0.000000,30.000000,1.383359,1.606595
0,-0.000071,0.058824,0.052632,0.098698,0.022451,1089.504036,301.000000,52.748705,83.326169,26.374353,41.663085,380,10,0.058824,1700.000000,0.000000,25.000000,1.054979,1.666524
0,0.000000,0.111111,0.111111,0.370499,0.249305,3482.375000,2817.750000,68.000000,50.000000,34.000000,25.000000,340,10,0.111111,1200.000000,0.000000,30.000000,1.360020,0.000000
0,0.000000,0.125000,0.125000,0.047612,0.149849,203.460000,787.000000,74.416326,71.111110,37.208163,35.555555,130,60,0.125000,1200.000000,0.000000,35.000000,1.488335,1.422251
0,-0.000519,0.437500,0.365854,0.108676,0.115180,461.106939,1483.703704,61.588937,90.218155,30.794469,45.109078,220,10,0.437500,3300.000000,0.000000,30.000000,1.231797,1.804368
0,0.003156,0.222222,0.500000,0.103891,0.012944,1197.187500,175.000000,50.560811,41.428570,25.280406,20.714285,400,10,0.555556,1500.000000,0.000000,25.000000,1.011221,0.000000
0,-0.001352,0.428571,0.333333,0.039034,0.071181,205.515571,849.826153,62.882905,80.899926,31.441452,40.449963,180,40,0.428571,1600.000000,0.000000,30.000000,1.257666,1.618002
0,0.001031,0.133333,0.176471,0.212889,0.091208,689.795918,1100.000000,88.074636,89.994909,44.037318,44.997454,360,350,0.176471,1900.000000,0.000000,40.000000,1.761528,1.799902
0,0.000000,0.111111,0.111111,0.370499,0.249305,3482.375000,2817.750000,68.000000,50.000000,34.000000,25.000000,440,10,0.111111,1200.000000,0.000000,30.000000,1.360020,0.000000
0,0.000000,0.333333,0.333333,0.004149,0.083674,64.312500,276.480000,60.222222,37.498324,30.111111,18.749162,120,10,0.333333,1200.000000,0.000000,30.000000,1.204445,0.000000
0,-0.000276,0.090909,0.055556,0.347683,0.050248,1944.000000,712.000000,87.219988,90.000000,43.609994,45.000000,270,190,0.090909,1900.000000,0.000000,40.000000,1.744437,1.800002
0,-0.000730,0.222222,0.142857,0.131654,0.050373,1084.524444,566.680000,81.067914,81.239090,40.533957,40.619545,370,40,0.222222,1800.000000,0.000000,40.000000,1.621366,1.624784
0,0.000000,0.333333,0.333333,0.065948,0.055469,613.127551,773.500000,55.727273,91.666667,27.863636,45.833333,340,10,0.333333,1200.000000,0.000000,25.000000,1.114549,1.833335
0,0.000000,0.111111,0.111111,0.080176,0.004073,1852.392500,64.000000,65.857143,50.000000,32.928571,25.000000,410,10,0.111111,1200.000000,0.000000,30.000000,1.317145,0.000000
0,-0.000842,0.318182,0.200000,0.007797,0.095449,123.881657,1142.477037,83.499651,81.819036,41.749826,40.909518,110,10,0.318182,2300.000000,0.000000,40.000000,1.669993,1.636385
0,0.000000,0.045455,0.045455,0.280114,0.173703,1957.202656,2260.555556,83.796841,89.681931,41.898421,44.840965,540,450,0.045455,1000.000000,0.000000,40.000000,1.675963,1.793645
0,-0.001839,0.666667,0.400000,0.178314,0.016226,1388.000000,239.000000,80.622097,81.428570,40.311049,40.714285,350,90,0.666667,2000.000000,0.000000,40.000000,1.612455,1.628572
0,0.001031,0.133333,0.176471,0.212889,0.091208,689.795918,1100.000000,88.074636,89.994909,44.037318,44.997454,350,270,0.176471,1900.000000,0.000000,40.000000,1.761528,1.799902
0,-0.000519,0.437500,0.365854,0.108676,0.115180,461.106939,1483.703704,61.588937,90.218155,30.794469,45.109078,130,10,0.437500,3300.000000,0.000000,30.000000,1.231797,1.804368
0,0.000000,0.111111,0.111111,0.017778,0.035738,94.831315,432.273333,47.787953,83.267548,23.893977,41.633774,120,10,0.111111,1200.000000,0.000000,20.000000,0.955762,1.665352
0,-0.000552,0.181818,0.111111,0.182715,0.066339,1458.954082,795.703704,78.443184,80.218155,39.221592,40.109078,190,150,0.181818,1900.000000,0.000000,35.000000,1.568875,1.604366
0,0.000000,0.777778,0.777778,0.032434,0.083414,362.340278,969.387755,58.505107,40.332288,29.252553,20.166144,400,10,0.777778,1200.000000,0.000000,25.000000,1.170104,0.000000
0,0.000000,0.777778,0.777778,0.001724,0.015529,37.534722,182.812500,60.499999,40.769220,30.249999,20.384610,220,10,0.777778,1200.000000,0.000000,30.000000,1.210000,0.000000
0,0.000027,0.111111,0.090909,0.012010,0.078488,122.765625,948.875579,80.068911,82.032680,40.034456,41.016340,30,20,0.111111,3100.000000,0.000000,40.000000,1.601379,1.640657
0,0.000000,0.045455,0.045455,0.280114,0.173703,1957.202656,2260.555556,83.796841,89.681931,41.898421,44.840965,540,360,0.045455,1000.000000,0.000000,40.000000,1.675963,1.793645
0,0.000000,1.000000,1.000000,0.028067,0.058377,128.480000,625.000000,74.984900,41.111110,37.492450,20.555555,140,10,1.000000,1700.000000,0.000000,35.000000,1.499709,0.000000
0,-0.000276,0.090909,0.055556,0.347683,0.050248,1944.000000,712.000000,87.219988,90.000000,43.609994,45.000000,360,190,0.090909,1900.000000,0.000000,40.000000,1.744437,1.800002
0,-0.000123,0.047619,0.028571,0.434657,0.079358,814.416667,1058.773333,84.839369,91.600881,42.419684,45.800441,320,10,0.047619,2300.000000,0.000000,40.000000,1.696910,1.832021
0,0.000000,0.333333,0.333333,0.065948,0.055469,613.127551,773.500000,55.727273,91.666667,27.863636,45.833333,430,10,0.333333,1200.000000,0.000000,25.000000,1.114549,1.833335
0,-0.000123,0.047619,0.028571,0.434657,0.079358,814.416667,1058.773333,84.839369,91.600881,42.419684,45.800441,230,10,0.047619,2300.000000,0.000000,40.000000,1.696910,1.832021
0,0.000000,0.111111,0.111111,0.080176,0.004073,1852.392500,64.000000,65.857143,50.000000,32.928571,25.000000,140,10,0.111111,1200.000000,0.000000,30.000000,1.317145,0.000000
0,0.002124,0.117647,0.363636,7.061272,0.052161,5164.680000,650.419753,76.572702,90.510887,38.286351,45.255444,380,120,0.421053,1500.000000,0.000000,35.000000,1.536557,1.810220
0,0.001480,0.083333,0.153846,6.969576,0.066877,4833.628099,964.375000,81.380394,100.000000,40.690197,50.000000,370,120,0.153846,1500.000000,0.000000,40.000000,1.632699,2.000002
0,0.000106,0.058824,0.066667,0.081900,0.018750,1859.302222,246.812500,90.357142,90.769230,45.178571,45.384615,220,140,0.071429,1300.000000,0.000000,45.000000,1.807145,1.815385
0,-0.000268,0.100000,0.083333,6.964453,0.046832,4779.375000,464.000000,84.072702,89.204764,42.036351,44.602382,160,120,0.100000,1500.000000,0.000000,40.000000,1.686545,1.784098
0,0.000106,0.058824,0.066667,0.081900,0.018750,1859.302222,246.812500,90.357142,90.769230,45.178571,45.384615,410,220,0.071429,1300.000000,0.000000,45.000000,1.807145,1.815385
0,-0.000714,0.285714,0.250000,0.129433,0.238460,2830.785124,2817.750000,88.277768,50.000000,44.138884,25.000000,400,50,0.285714,1700.000000,0.000000,40.000000,1.765559,0.000000
0,0.000438,0.285714,0.352941,0.309463,0.353071,731.861111,5575.240000,34.229763,88.406009,17.114882,44.203005,200,10,0.400000,3400.000000,0.000000,15.000000,0.684662,1.768131
0,-0.000039,0.026316,0.024390,0.450676,0.242356,5304.142500,2881.750000,97.857143,100.000000,48.928571,50.000000,440,410,0.026316,1300.000000,0.000000,45.000000,1.957164,2.000010
0,-0.000914,0.333333,0.250000,0.066979,0.022833,600.250000,272.250000,79.731268,41.234183,39.865634,20.617092,210,40,0.333333,1800.000000,0.000000,35.000000,1.594629,0.000000
0,-0.000039,0.026316,0.024390,0.450676,0.242356,5304.142500,2881.750000,97.857143,100.000000,48.928571,50.000000,340,140,0.026316,1300.000000,0.000000,45.000000,1.957164,2.000010
0,0.000331,0.312500,0.352941,7.196616,0.353071,6738.444444,5575.240000,80.120156,88.406009,40.060078,44.203005,200,120,0.352941,1500.000000,0.000000,40.000000,1.607508,1.768131
0,-0.000714,0.285714,0.250000,0.129433,0.238460,2830.785124,2817.750000,88.277768,50.000000,44.138884,25.000000,300,50,0.285714,1700.000000,0.000000,40.000000,1.765559,0.000000
0,-0.000039,0.026316,0.024390,0.450676,0.242356,5304.142500,2881.750000,97.857143,100.000000,48.928571,50.000000,410,340,0.026316,1300.000000,0.000000,45.000000,1.957164,2.000010
0,-0.000556,0.166667,0.083333,0.021440,0.046832,1662.527778,464.000000,80.774869,89.204764,40.387435,44.602382,320,90,0.166667,2200.000000,0.000000,40.000000,1.615498,1.784098
0,-0.000039,0.026316,0.024390,0.450676,0.242356,5304.142500,2881.750000,97.857143,100.000000,48.928571,50.000000,440,140,0.026316,1300.000000,0.000000,45.000000,1.957164,2.000010
0,0.000934,0.166667,0.153846,0.591441,0.066877,2575.739210,964.375000,79.856783,100.000000,39.928391,50.000000,380,360,0.166667,1600.000000,0.000000,35.000000,1.597204,2.000002
0,-0.001359,0.142857,0.058824,0.238207,0.066877,2354.399093,964.375000,55.762626,100.000000,27.881313,50.000000,360,10,0.142857,1800.000000,0.000000,25.000000,1.115265,2.000002
0,0.000384,0.350000,0.363636,0.098646,0.052161,642.937500,650.419753,77.881539,90.510887,38.940769,45.255444,300,290,0.421053,2400.000000,0.000000,35.000000,1.557639,1.810220
0,0.000000,0.058824,0.058824,0.210735,0.066877,2009.802665,964.375000,89.000001,100.000000,44.500000,50.000000,170,90,0.058824,1000.000000,0.000000,40.000000,1.780011,2.000002
0,-0.001333,0.400000,0.333333,0.060287,0.064084,773.920000,851.760000,50.767550,40.696220,25.383775,20.348110,230,10,0.400000,1200.000000,0.000000,25.000000,1.015354,0.000000
0,-0.000183,0.142857,0.125000,0.010751,0.004286,125.666667,175.000000,89.995976,40.974187,44.997988,20.487093,120,100,0.142857,1400.000000,0.000000,40.000000,1.799920,0.000000
0,-0.000211,0.066667,0.045455,0.055227,0.072587,142.212500,807.996094,78.968659,81.109955,39.484330,40.554977,80,40,0.066667,1800.000000,0.000000,35.000000,1.579384,1.622202
0,-0.000231,0.166667,0.111111,0.161314,0.005234,471.756944,62.500000,74.522428,43.000000,37.261214,21.500000,310,40,0.166667,2000.000000,0.000000,35.000000,1.490483,0.000000
0,0.000000,0.750000,0.750000,0.037962,0.045598,464.970522,518.225207,48.309001,40.261815,24.154501,20.130907,260,10,0.750000,1000.000000,0.000000,20.000000,0.966182,0.000000
0,-0.001876,0.720000,0.333333,0.062734,0.020161,439.756944,405.000000,89.968884,50.000000,44.984442,25.000000,460,310,0.720000,2000.000000,0.000000,40.000000,1.799383,0.000000
0,0.000000,1.000000,1.000000,0.131774,0.000000,161.333333,0.000000,83.249027,0.000000,41.624513,0.000000,330,100,1.000000,1600.000000,0.000000,40.000000,1.665063,0.000000
0,0.000000,1.000000,1.000000,0.304514,0.000000,1800.000000,0.000000,79.288623,0.000000,39.644312,0.000000,120,60,1.000000,2000.000000,0.000000,35.000000,1.585805,0.000000
0,0.000018,0.071429,0.076923,0.140497,0.411816,985.537190,1425.937500,88.142490,87.998659,44.071245,43.999329,500,240,0.083333,1600.000000,0.000000,40.000000,1.762860,1.760049
0,-0.000288,0.111111,0.090909,0.857145,0.033907,7867.546667,500.000000,89.988992,38.727723,44.994496,19.363862,290,130,0.111111,1300.000000,0.000000,40.000000,1.799827,0.000000
0,-0.001333,0.400000,0.333333,0.016179,0.245592,1964.669421,2997.000000,56.000080,50.000000,28.000040,25.000000,420,10,0.400000,1200.000000,0.000000,25.000000,1.120002,0.000000
0,-0.001666,0.500000,0.222222,0.000367,0.036347,2050.000000,484.000000,92.857143,41.111097,46.428571,20.555548,90,10,0.500000,1700.000000,0.000000,45.000000,1.857143,0.000000
0,0.000018,0.071429,0.076923,0.140497,0.411816,985.537190,1425.937500,88.142490,87.998659,44.071245,43.999329,380,240,0.083333,1600.000000,0.000000,40.000000,1.762860,1.760049
0,-0.000288,0.111111,0.090909,0.857145,0.033907,7867.546667,500.000000,89.988992,38.727723,44.994496,19.363862,290,190,0.111111,1300.000000,0.000000,40.000000,1.799827,0.000000
0,-0.001876,0.720000,0.333333,0.062734,0.020161,439.756944,405.000000,89.968884,50.000000,44.984442,25.000000,340,310,0.720000,2000.000000,0.000000,40.000000,1.799383,0.000000
0,0.000000,0.166667,0.166667,0.114176,0.691391,780.537190,1989.000000,87.171638,83.346919,43.585819,41.673460,380,140,0.166667,1600.000000,0.000000,40.000000,1.743441,1.667081
0,0.000000,1.000000,1.000000,0.131774,0.000000,161.333333,0.000000,83.249027,0.000000,41.624513,0.000000,330,160,1.000000,1600.000000,0.000000,40.000000,1.665063,0.000000
0,-0.001333,0.400000,0.333333,0.016179,0.245592,1964.669421,2997.000000,56.000080,50.000000,28.000040,25.000000,400,10,0.400000,1200.000000,0.000000,25.000000,1.120002,0.000000
0,-0.000356,0.250000,0.222222,0.270571,0.036347,2103.666667,484.000000,81.851706,41.111097,40.925853,20.555548,330,20,0.250000,1600.000000,0.000000,40.000000,1.637052,0.000000
0,-0.000183,0.142857,0.125000,0.010751,0.004286,125.666667,175.000000,89.995976,40.974187,44.997988,20.487093,180,100,0.142857,1400.000000,0.000000,40.000000,1.799920,0.000000
0,-0.002053,0.833333,0.625000,0.020201,0.002438,31.360000,32.666667,81.729897,50.000000,40.864948,25.000000,480,10,0.833333,1900.000000,0.000000,40.000000,1.634611,0.000000
0,0.002182,0.363636,0.500000,0.095117,0.000644,405.985000,12.000000,72.729884,40.000000,36.364942,20.000000,210,10,0.500000,1900.000000,0.000000,35.000000,1.454609,0.000000
0,-0.000990,0.300000,0.111111,0.028035,0.044382,151.812500,481.746094,92.288237,89.859955,46.144118,44.929977,210,80,0.300000,1800.000000,0.000000,45.000000,1.845768,1.797201
0,0.000000,0.166667,0.166667,0.114176,0.691391,780.537190,1989.000000,87.171638,83.346919,43.585819,41.673460,500,140,0.166667,1600.000000,0.000000,40.000000,1.743441,1.667081
0,-0.001666,0.500000,0.222222,0.000367,0.036347,2050.000000,484.000000,92.857143,41.111097,46.428571,20.555548,150,10,0.500000,1700.000000,0.000000,45.000000,1.857143,0.000000
0,-0.000110,0.076923,0.071429,0.015260,0.086639,175.562500,1359.480000,84.179031,82.478913,42.089516,41.239456,200,110,0.076923,1500.000000,0.000000,40.000000,1.683581,1.649581
0,-0.002053,0.833333,0.625000,0.020201,0.002438,31.360000,32.666667,81.729897,50.000000,40.864948,25.000000,370,10,0.833333,1900.000000,0.000000,40.000000,1.634611,0.000000
0,0.000000,0.166667,0.166667,0.034790,0.011517,387.306667,19.146814,65.121509,34.166533,32.560754,17.083267,360,20,0.166667,1000.000000,0.000000,30.000000,1.302432,0.000000
0,-0.000990,0.300000,0.111111,0.028035,0.044382,151.812500,481.746094,92.288237,89.859955,46.144118,44.929977,200,80,0.300000,1800.000000,0.000000,45.000000,1.845768,1.797201
0,0.000000,0.181818,0.181818,0.001575,0.007364,89.033469,118.530612,89.994161,40.833333,44.997080,20.416667,40,10,0.181818,1600.000000,0.000000,40.000000,1.799883,0.000000
0,-0.000183,0.142857,0.125000,0.010751,0.004286,125.666667,175.000000,89.995976,40.974187,44.997988,20.487093,350,100,0.142857,1400.000000,0.000000,40.000000,1.799920,0.000000
0,-0.000288,0.111111,0.090909,0.857145,0.033907,7867.546667,500.000000,89.988992,38.727723,44.994496,19.363862,360,290,0.111111,1300.000000,0.000000,40.000000,1.799827,0.000000
0,0.000000,0.250000,0.250000,0.002517,0.005423,45.138889,73.500000,49.998721,41.666667,24.999360,20.833333,50,10,0.250000,1000.000000,0.000000,20.000000,0.999975,0.000000
0,0.000000,1.000000,1.000000,0.105119,0.044443,246.673203,587.777778,80.750346,39.999839,40.375173,19.999920,420,230,1.000000,1000.000000,0.000000,40.000000,1.615090,0.000000
0,0.000025,0.058824,0.066667,0.041940,0.250976,281.098765,3243.877551,84.375000,50.000000,42.187500,25.000000,380,140,0.083333,1800.000000,0.000000,40.000000,1.687504,0.000000
0,0.000062,0.692308,0.722222,0.009496,0.412876,139.494898,1034.280000,52.966910,35.867374,26.483455,17.933687,340,10,0.733333,1800.000000,0.000000,25.000000,1.059339,0.000000
0,-0.000088,0.071429,0.037037,0.136450,0.264003,834.040000,3431.759208,84.999977,100.000000,42.499988,50.000000,300,280,0.071429,2600.000000,0.000000,40.000000,1.700011,2.000010
0,-0.000265,0.428571,0.303030,0.207115,0.253963,940.000000,3289.957551,81.136551,92.102414,40.568276,46.051207,300,40,0.470588,2600.000000,0.000000,40.000000,1.622756,1.842058
0,-0.000395,0.071429,0.052632,0.095178,0.016014,371.420139,233.961657,53.877056,92.102414,26.938528,46.051207,100,10,0.312500,2000.000000,0.000000,25.000000,1.077554,1.842049
0,-0.000179,0.071429,0.062500,0.054889,0.250976,521.069444,3243.877551,89.681771,50.000000,44.840885,25.000000,500,200,0.071429,1500.000000,0.000000,40.000000,1.793638,0.000000
0,-0.001311,0.500000,0.250000,0.093652,0.002987,332.619835,46.080000,40.765227,42.102414,20.382613,21.051207,130,10,0.500000,1700.000000,0.000000,20.000000,0.815319,0.000000
0,-0.000330,0.083333,0.052632,0.023922,0.021323,325.133223,274.635556,50.932140,83.274161,25.466070,41.637080,150,10,0.083333,1500.000000,0.000000,25.000000,1.018644,1.665484
0,0.001095,0.040000,0.125000,0.138895,0.011346,1182.281389,175.000000,81.595705,41.428571,40.797853,20.714286,370,310,0.142857,2100.000000,0.000000,40.000000,1.631922,0.000000
0,0.000000,0.111111,0.111111,0.057501,0.412876,140.000000,1034.280000,51.320177,35.867374,25.660089,17.933687,250,10,0.111111,1800.000000,0.000000,25.000000,1.026418,0.000000
0,-0.000161,0.090909,0.066667,0.050715,0.253005,484.972222,3270.877551,61.437909,89.999999,30.718954,45.000000,320,10,0.090909,2400.000000,0.000000,30.000000,1.228761,1.800010
0,0.000963,0.117647,0.266667,0.168634,0.002987,311.109942,46.080000,72.943078,42.102414,36.471539,21.051207,140,120,0.307692,1800.000000,0.000000,35.000000,1.458909,0.000000
0,0.000000,0.666667,0.666667,0.011194,0.000000,128.000000,0.000000,51.427486,0.000000,25.713743,0.000000,270,10,0.666667,1600.000000,0.000000,25.000000,1.028550,0.000000
0,-0.000088,0.071429,0.037037,0.136450,0.264003,834.040000,3431.759208,84.999977,100.000000,42.499988,50.000000,390,280,0.071429,2600.000000,0.000000,40.000000,1.700011,2.000010
0,-0.000161,0.090909,0.066667,0.050715,0.253005,484.972222,3270.877551,61.437909,89.999999,30.718954,45.000000,410,10,0.090909,2400.000000,0.000000,30.000000,1.228761,1.800010
0,0.000000,0.166667,0.166667,0.012368,0.000000,136.804688,0.000000,51.972062,0.000000,25.986031,0.000000,360,10,0.166667,1600.000000,0.000000,25.000000,1.039442,0.000000
0,0.000893,0.142857,0.187500,0.054626,0.002987,538.038223,46.080000,80.613942,42.102414,40.306971,21.051207,200,150,0.187500,1500.000000,0.000000,40.000000,1.612282,0.000000
0,-0.000486,0.125000,0.111111,0.113991,0.016014,494.040000,233.961657,76.136528,92.102414,38.068264,46.051207,280,40,0.421053,2600.000000,0.000000,35.000000,1.522746,1.842049
0,0.000025,0.058824,0.066667,0.041940,0.250976,281.098765,3243.877551,84.375000,50.000000,42.187500,25.000000,470,140,0.083333,1800.000000,0.000000,40.000000,1.687504,0.000000
0,-0.000179,0.071429,0.062500,0.054889,0.250976,521.069444,3243.877551,89.681771,50.000000,44.840885,25.000000,410,200,0.071429,1500.000000,0.000000,40.000000,1.793638,0.000000
0,0.000000,0.300000,0.300000,0.030357,0.018564,362.895000,262.080000,78.860765,83.726927,39.430383,41.863463,240,140,0.300000,1600.000000,0.000000,35.000000,1.577217,1.674539
0,0.000000,0.125000,0.125000,0.581360,5.589057,1306.076923,20745.250000,70.641644,74.287656,35.320822,37.143828,440,210,0.125000,1200.000000,0.000000,35.000000,1.412967,1.486654
0,0.000000,0.333333,0.333333,0.066997,0.000000,223.494898,0.000000,81.429944,0.000000,40.714972,0.000000,340,250,0.333333,1800.000000,0.000000,40.000000,1.628614,0.000000
0,-0.000265,0.428571,0.303030,0.207115,0.253963,940.000000,3289.957551,81.136551,92.102414,40.568276,46.051207,390,40,0.470588,2600.000000,0.000000,40.000000,1.622756,1.842058
0,0.000000,0.100000,0.100000,0.027830,0.266553,290.819444,3459.877551,89.999979,91.624513,44.999990,45.812257,490,240,0.100000,1600.000000,0.000000,40.000000,1.800001,1.832501
0,0.000000,0.125000,0.125000,0.108599,0.457319,169.461806,1622.057778,81.041756,75.867213,40.520878,37.933606,230,90,0.125000,1000.000000,0.000000,40.000000,1.620919,1.517428
0,0.000000,0.100000,0.100000,0.027830,0.266553,290.819444,3459.877551,89.999979,91.624513,44.999990,45.812257,400,240,0.100000,1600.000000,0.000000,40.000000,1.800001,1.832501
0,0.000000,0.166667,0.166667,0.022321,0.050357,256.000000,600.000000,60.000003,50.000000,30.000001,25.000000,190,10,0.166667,1300.000000,0.000000,30.000000,1.200001,0.000000
0,0.000000,0.050000,0.050000,0.006975,0.077009,115.107031,900.000000,81.141910,79.954410,40.570955,39.977205,590,480,0.050000,1000.000000,0.000000,40.000000,1.622838,1.599092
0,0.000280,0.133333,0.142857,0.797954,0.129826,6944.937500,900.000000,76.755364,35.202131,38.377682,17.601066,230,170,0.142857,1400.000000,0.000000,35.000000,1.535154,0.000000
0,-0.000064,0.066667,0.058824,0.003100,0.057249,91.777778,627.000000,54.980146,79.954495,27.490073,39.977247,400,10,0.066667,1800.000000,0.000000,25.000000,1.099603,1.599093
0,-0.001234,0.250000,0.166667,0.125940,0.021109,1309.000000,300.000000,80.710863,39.999915,40.355431,19.999958,550,160,0.250000,1400.000000,0.000000,40.000000,1.614223,0.000000
0,0.000000,0.166667,0.166667,0.022321,0.050357,256.000000,600.000000,60.000003,50.000000,30.000001,25.000000,100,10,0.166667,1300.000000,0.000000,30.000000,1.200001,0.000000
0,0.000439,0.142857,0.176471,5.884258,0.031494,30677.000000,400.000000,71.244636,39.994972,35.622318,19.997486,400,220,0.187500,1500.000000,0.000000,35.000000,1.425477,0.000000
0,0.000000,0.333333,0.333333,0.019907,0.011236,283.857143,144.000000,51.453677,40.623541,25.726839,20.311771,350,10,0.333333,1300.000000,0.000000,25.000000,1.029074,0.000000
0,-0.000391,0.400000,0.375000,0.009688,1.384484,96.490000,15628.000000,81.110933,79.465033,40.555467,39.732516,410,170,0.500000,1700.000000,0.000000,40.000000,1.622219,1.589362
0,0.000000,0.083333,0.083333,0.180415,0.393840,1420.596886,5717.250000,77.930392,40.035232,38.965196,20.017616,470,200,0.083333,1000.000000,0.000000,35.000000,1.558621,0.000000
0,0.000339,0.125000,0.500000,0.029820,1.141888,589.851852,2678.400000,77.452357,66.681732,38.726179,33.340866,190,10,0.571429,2300.000000,0.000000,35.000000,1.549049,1.333931
0,0.000000,0.166667,0.166667,0.002442,0.021109,99.769231,300.000000,48.442086,39.999915,24.221043,19.999958,560,10,0.166667,1300.000000,0.000000,20.000000,0.968842,0.000000
0,0.000000,0.166667,0.166667,0.166441,0.028558,1474.359504,378.201183,80.466262,41.052546,40.233131,20.526273,200,190,0.166667,1000.000000,0.000000,40.000000,1.609335,0.000000
0,-0.002217,0.411765,0.450000,0.059648,0.449740,489.057778,6317.250000,80.681371,79.989726,40.340686,39.994863,380,370,0.800000,2000.000000,0.000000,40.000000,1.613631,1.599811
0,-0.000110,0.100000,0.083333,0.012869,0.075189,77.354592,835.000000,85.156061,81.087000,42.578030,40.543500,150,30,0.100000,2000.000000,0.000000,40.000000,1.703123,1.621743
0,-0.000699,0.166667,0.090909,0.114641,0.000000,397.000000,0.000000,47.777778,0.000000,23.888889,0.000000,180,10,0.500000,2500.000000,0.000000,20.000000,0.955574,0.000000
0,-0.000114,0.066667,0.050000,2.231989,1.655855,4773.730000,6325.447216,77.009060,76.330389,38.504530,38.165194,270,190,0.066667,2000.000000,0.000000,35.000000,1.540727,1.526869
0,0.000569,0.111111,0.166667,0.010054,0.137365,33.687500,1600.000000,93.333067,89.088341,46.666533,44.544171,150,90,0.166667,2000.000000,0.000000,45.000000,1.866663,1.781773
0,0.000000,0.625000,0.625000,0.002063,0.000000,38.375000,0.000000,46.436895,0.000000,23.218448,0.000000,30,10,0.625000,1300.000000,0.000000,20.000000,0.928738,0.000000
0,0.000000,0.071429,0.071429,0.124953,0.095506,325.625000,1046.944444,89.681770,89.618486,44.840885,44.809243,300,210,0.071429,1100.000000,0.000000,40.000000,1.793662,1.792374
0,-0.002128,1.000000,0.818182,0.730905,0.891330,685.479339,9396.444444,96.428571,38.636290,48.214286,19.318145,90,10,1.000000,1700.000000,0.000000,45.000000,1.929043,0.000000
0,-0.000630,0.250000,0.250000,0.001137,1.585805,38.111111,5208.163265,40.005146,74.687467,20.002573,37.343734,50,10,0.500000,3400.000000,0.000000,20.000000,0.800103,1.494008
0,0.000000,0.500000,0.500000,0.046540,0.948745,235.472222,10196.444444,83.176276,78.238504,41.588138,39.119252,470,70,0.500000,1100.000000,0.000000,40.000000,1.663539,1.564814
0,0.000000,1.000000,1.000000,0.028268,0.000000,201.551020,0.000000,47.234942,0.000000,23.617471,0.000000,150,10,1.000000,2500.000000,0.000000,20.000000,0.944701,0.000000
0,-0.002128,1.000000,0.818182,0.730905,0.891330,685.479339,9396.444444,96.428571,38.636290,48.214286,19.318145,230,10,1.000000,1700.000000,0.000000,45.000000,1.929043,0.000000
0,0.000000,0.142857,0.142857,0.131820,0.088589,307.767857,944.492500,73.931346,81.926169,36.965673,40.963084,210,70,0.142857,1100.000000,0.000000,35.000000,1.478655,1.638528
0,0.000569,0.111111,0.166667,0.010054,0.137365,33.687500,1600.000000,93.333067,89.088341,46.666533,44.544171,150,100,0.166667,2000.000000,0.000000,45.000000,1.866663,1.781773
0,-0.005189,0.625000,0.230769,0.026732,0.085458,148.722222,900.000000,78.298649,39.618486,39.149325,19.809243,130,50,0.625000,2700.000000,0.000000,35.000000,1.565977,0.000000
0,0.000000,0.625000,0.625000,0.059304,0.057415,348.111111,800.000000,92.000000,39.602214,46.000000,19.801107,470,150,0.625000,1100.000000,0.000000,45.000000,1.840014,0.000000
0,0.000000,0.125000,0.125000,0.005818,0.132864,182.000000,1672.222222,92.100528,79.348004,46.050264,39.674002,220,10,0.125000,1300.000000,0.000000,45.000000,1.842011,1.586966
0,-0.004800,0.500000,0.200000,0.024919,0.155532,259.760000,1908.000000,80.618096,79.164101,40.309048,39.582050,180,80,0.500000,1400.000000,0.000000,40.000000,1.612363,1.583289
0,0.000658,0.400000,0.500000,0.039098,0.203335,342.855000,2517.283951,84.978524,79.819604,42.489262,39.909802,270,150,0.500000,2000.000000,0.000000,40.000000,1.699574,1.596400
0,0.000000,0.625000,0.625000,0.059304,0.057415,348.111111,800.000000,92.000000,39.602214,46.000000,19.801107,470,290,0.625000,1100.000000,0.000000,45.000000,1.840014,0.000000
0,0.000000,0.071429,0.071429,0.124953,0.095506,325.625000,1046.944444,89.681770,89.618486,44.840885,44.809243,320,210,0.071429,1100.000000,0.000000,40.000000,1.793662,1.792374
0,-0.001900,0.545455,0.090909,0.091528,0.000000,299.555556,0.000000,59.965870,0.000000,29.982935,0.000000,80,50,0.545455,3500.000000,0.000000,25.000000,1.199357,0.000000
0,0.000000,0.076923,0.076923,0.016451,0.003131,94.862857,44.492500,75.499576,42.307682,37.749788,21.153841,290,70,0.076923,1100.000000,0.000000,35.000000,1.509994,0.000000
0,-0.000231,0.117647,0.083333,4.227283,0.028995,31730.438017,320.000000,78.803105,41.999975,39.401553,20.999987,390,180,0.117647,1800.000000,0.000000,35.000000,1.576344,0.000000
0,-0.000090,0.058824,0.047619,0.022821,0.068993,365.264739,900.000000,85.977541,79.204507,42.988771,39.602253,500,10,0.058824,2100.000000,0.000000,40.000000,1.719552,1.584093
0,-0.000582,0.142857,0.100000,0.492688,0.049933,4742.625000,565.000000,77.137838,81.949365,38.568919,40.974683,400,110,0.142857,1700.000000,0.000000,35.000000,1.542782,1.638990
0,0.000412,0.272727,0.333333,0.009647,0.175299,502.305556,2339.020408,85.570010,89.999680,42.785005,44.999840,40,10,0.352941,1800.000000,0.000000,40.000000,1.711401,1.800000
0,-0.000203,0.529412,0.476190,0.011563,0.220817,188.527778,1300.000000,95.454545,83.749680,47.727273,41.874840,130,10,0.529412,2100.000000,0.000000,45.000000,1.909092,1.675016
0,0.000000,0.125000,0.125000,0.071671,0.001919,186.472222,27.000000,55.538461,40.000000,27.769230,20.000000,180,110,0.125000,1000.000000,0.000000,25.000000,1.110792,0.000000
0,-0.000381,0.166667,0.142857,0.045555,0.159287,509.000000,2090.666667,54.176190,39.156127,27.088095,19.578064,340,10,0.166667,1400.000000,0.000000,25.000000,1.083526,0.000000
0,-0.000332,0.400000,0.333333,0.009923,0.175299,220.555556,2339.020408,87.674400,89.999680,43.837200,44.999840,270,10,0.400000,2100.000000,0.000000,40.000000,1.753488,1.800000
0,0.000073,0.047619,0.055556,0.354128,0.327153,1536.000000,2639.020408,92.500628,93.750000,46.250314,46.875000,190,40,0.058824,1500.000000,0.000000,45.000000,1.850056,1.875027
0,0.000000,0.187500,0.187500,0.027444,0.175299,541.310000,2339.020408,79.242424,89.999680,39.621212,44.999840,90,10,0.187500,1300.000000,0.000000,35.000000,1.584853,1.800000
0,-0.000600,0.500000,0.333333,0.003175,0.175299,146.305556,2339.020408,87.954545,89.999680,43.977273,44.999840,120,10,0.500000,2100.000000,0.000000,40.000000,1.759091,1.800000
0,0.002500,0.250000,0.375000,0.003686,0.015127,72.375000,199.111111,76.825991,41.392422,38.412996,20.696211,240,20,0.375000,1900.000000,0.000000,35.000000,1.536520,0.000000
0,-0.001166,0.500000,0.055556,0.047447,0.327153,82.440000,2639.020408,46.246343,93.750000,23.123171,46.875000,20,10,0.500000,3200.000000,0.000000,20.000000,0.924945,1.875027
0,0.000000,1.000000,1.000000,0.194760,0.045975,3269.812500,500.000000,52.902066,40.000000,26.451033,20.000000,230,10,1.000000,1200.000000,0.000000,25.000000,1.058047,0.000000
0,-0.000591,0.428571,0.055556,0.013863,0.327153,133.916667,2639.020408,40.003352,93.750000,20.001676,46.875000,150,10,0.428571,3300.000000,0.000000,20.000000,0.800068,1.875027
0,0.000073,0.047619,0.055556,0.354128,0.327153,1536.000000,2639.020408,92.500628,93.750000,46.250314,46.875000,100,40,0.058824,1500.000000,0.000000,45.000000,1.850056,1.875027
0,-0.000222,0.071429,0.055556,0.048910,0.327153,198.871111,2639.020408,46.401686,93.750000,23.200843,46.875000,240,10,0.357143,2400.000000,0.000000,20.000000,0.928041,1.875027
0,-0.001200,0.500000,0.055556,0.047648,0.327153,625.775510,2639.020408,80.801768,93.750000,40.400884,46.875000,100,20,0.500000,2300.000000,0.000000,40.000000,1.616037,1.875027
0,-0.000203,0.529412,0.476190,0.011563,0.220817,188.527778,1300.000000,95.454545,83.749680,47.727273,41.874840,40,10,0.529412,2100.000000,0.000000,45.000000,1.909092,1.675016
0,-0.000914,0.714286,0.625000,0.000000,0.001237,96.687500,16.000000,13.714286,42.500000,6.857143,21.250000,10,10,0.714286,1600.000000,0.000000,5.000000,0.274286,0.000000
0,0.000000,0.666667,0.666667,0.037690,0.001158,310.000000,24.000000,80.010780,40.000000,40.005390,20.000000,520,440,0.666667,1100.000000,0.000000,40.000000,1.600237,0.000000
0,-0.000762,0.333333,0.285714,0.013152,0.026696,169.000000,335.135734,53.748735,41.238624,26.874368,20.619312,350,10,0.333333,1400.000000,0.000000,25.000000,1.074975,0.000000
0,0.000000,0.333333,0.333333,0.015305,0.074128,61.000000,900.000000,62.500000,50.000000,31.250000,25.000000,160,10,0.333333,1400.000000,0.000000,30.000000,1.250003,0.000000
0,0.000000,0.333333,0.333333,0.015305,0.074128,61.000000,900.000000,62.500000,50.000000,31.250000,25.000000,170,10,0.333333,1400.000000,0.000000,30.000000,1.250003,0.000000
0,0.000000,0.125000,0.125000,0.035099,0.018343,71.222222,233.280000,65.818181,40.446442,32.909090,20.223221,110,90,0.125000,1000.000000,0.000000,30.000000,1.316382,0.000000
0,0.000000,0.200000,0.200000,0.000000,0.040238,179.437500,443.024119,39.946616,93.312256,19.973308,46.656128,10,10,0.200000,1000.000000,0.000000,15.000000,0.798932,1.866247
0,-0.000321,0.230769,0.187500,0.073714,0.054746,601.777778,527.000000,53.613345,79.999655,26.806672,39.999827,190,10,0.230769,2100.000000,0.000000,25.000000,1.072272,1.599996
0,0.000110,0.071429,0.076923,0.052807,0.581337,370.096886,7158.000000,85.627379,89.988521,42.813690,44.994260,470,130,0.076923,1300.000000,0.000000,40.000000,1.712553,1.799794
0,0.000296,0.071429,0.105263,0.047006,0.098569,306.000000,918.652344,81.477194,88.665326,40.738597,44.332663,200,70,0.117647,1500.000000,0.000000,40.000000,1.629549,1.773312
0,0.000000,0.181818,0.181818,2.452981,0.033036,10171.387755,376.163265,73.690297,47.222222,36.845148,23.611111,390,270,0.181818,1200.000000,0.000000,35.000000,1.474159,0.000000
0,-0.000058,0.150000,0.115385,0.219412,0.082045,832.660239,800.000000,90.708396,50.000000,45.354198,25.000000,160,140,0.150000,2100.000000,0.000000,45.000000,1.814198,0.000000
0,0.000000,0.500000,0.500000,0.219992,0.135014,596.531250,1400.000000,89.444444,89.469883,44.722222,44.734942,160,150,0.500000,1000.000000,0.000000,40.000000,1.788931,1.789404
0,-0.000094,0.111111,0.090909,0.238287,3.541831,761.111111,6348.000000,77.602515,29.733263,38.801258,14.866632,100,40,0.111111,1900.000000,0.000000,35.000000,1.552098,0.000000
0,0.000000,0.272727,0.272727,0.017642,0.004681,324.627583,58.667755,51.356248,85.812235,25.678124,42.906117,410,10,0.272727,1000.000000,0.000000,25.000000,1.027125,1.716245
0,-0.000067,0.055556,0.038462,0.105467,0.083254,971.031111,817.280000,50.050551,92.499979,25.025275,46.249989,260,10,0.055556,2500.000000,0.000000,25.000000,1.001017,1.850004
0,-0.000518,0.200000,0.291667,0.867806,0.058833,2945.435000,701.636364,71.265223,89.993296,35.632611,44.996648,180,170,0.437500,3400.000000,0.000000,35.000000,1.425432,1.799868
0,-0.000154,0.142857,0.071429,0.035577,0.073288,1396.387755,801.636364,43.907197,89.936770,21.953599,44.968385,220,10,0.153846,5000.000000,0.000000,20.000000,0.878144,1.798739
0,-0.000180,0.090909,0.040000,0.410460,0.046530,3390.360000,572.835556,47.227092,83.257591,23.613546,41.628795,190,10,0.090909,3200.000000,0.000000,20.000000,0.944567,1.665154
0,-0.000138,0.066667,0.035714,0.035577,0.037731,1399.836735,417.280000,38.558854,82.436749,19.279427,41.218374,220,10,0.111111,5000.000000,0.000000,15.000000,0.771178,1.648737
0,0.000296,0.071429,0.105263,0.047006,0.098569,306.000000,918.652344,81.477194,88.665326,40.738597,44.332663,110,70,0.117647,1500.000000,0.000000,40.000000,1.629549,1.773312
0,0.000000,0.090909,0.090909,0.066493,0.133801,117.440000,1818.000000,78.333332,82.428562,39.166666,41.214281,270,260,0.090909,1400.000000,0.000000,35.000000,1.566688,1.648576
0,0.000000,0.181818,0.181818,0.218240,0.085518,604.968750,841.387755,60.981406,93.312256,30.490703,46.656128,250,10,0.181818,1000.000000,0.000000,30.000000,1.219670,1.866249
0,0.000000,0.200000,0.200000,0.073717,0.011206,130.666667,180.000000,71.653259,39.949416,35.826629,19.974708,170,40,0.200000,1900.000000,0.000000,35.000000,1.433092,0.000000
0,-0.000475,0.545455,0.250000,0.060978,0.067389,228.320000,855.555556,43.133746,80.750908,21.566873,40.375454,200,10,0.545455,3200.000000,0.000000,20.000000,0.862684,1.615021
0,0.000000,0.500000,0.500000,0.032503,0.001074,304.000000,16.000000,40.037009,42.500000,20.018504,21.250000,90,10,0.500000,1400.000000,0.000000,20.000000,0.800742,0.000000
0,-0.000013,0.032258,0.031250,0.057824,0.499292,1001.908110,6358.000000,77.320906,39.988521,38.660453,19.994260,470,240,0.032258,1300.000000,0.000000,35.000000,1.546423,0.000000
0,0.000000,0.200000,0.200000,0.021897,0.082087,396.150000,957.191919,69.726126,90.757612,34.863063,45.378806,230,10,0.200000,1000.000000,0.000000,30.000000,1.394523,1.815156
0,-0.000436,0.222222,0.312500,0.050332,0.057362,148.111111,557.123967,73.715849,89.999655,36.857925,44.999827,180,130,0.416667,2700.000000,0.000000,35.000000,1.474327,1.799996
0,0.000000,0.181818,0.181818,2.452981,0.033036,10171.387755,376.163265,73.690297,47.222222,36.845148,23.611111,490,270,0.181818,1200.000000,0.000000,35.000000,1.474159,0.000000
0,-0.000228,0.068966,0.029412,0.027047,0.141441,153.343364,954.596364,82.124159,91.249156,41.062080,45.624578,280,80,0.068966,2300.000000,0.000000,40.000000,1.642486,1.824995
0,0.000110,0.071429,0.076923,0.052807,0.581337,370.096886,7158.000000,85.627379,89.988521,42.813690,44.994260,470,220,0.076923,1300.000000,0.000000,40.000000,1.712553,1.799794
0,0.000000,0.090909,0.090909,0.001440,0.076497,54.877500,1049.387755,54.870295,84.740827,27.435147,42.370414,300,10,0.090909,1000.000000,0.000000,25.000000,1.097406,1.694819
0,0.000000,0.437500,0.437500,0.426938,0.086293,1149.387755,876.163265,78.504564,87.221877,39.252282,43.610938,490,280,0.437500,1200.000000,0.000000,35.000000,1.570223,1.744442
0,-0.000060,0.029412,0.024390,0.220882,0.036765,856.332753,401.636364,83.325605,50.000000,41.662802,25.000000,300,160,0.030303,2100.000000,0.000000,40.000000,1.666542,0.000000
0,-0.000089,0.058824,0.052632,0.046691,0.053046,160.982541,518.652344,71.432687,78.602096,35.716344,39.301048,590,90,0.058824,1300.000000,0.000000,35.000000,1.428664,1.572045
0,-0.000337,0.636364,0.320000,0.003510,0.082087,45.143058,957.191919,49.214025,90.757612,24.607012,45.378806,190,10,0.636364,3200.000000,0.000000,20.000000,0.984281,1.815156
0,-0.000027,0.058824,0.055556,0.030437,0.152910,292.000000,1077.806122,86.874822,87.221955,43.437411,43.610978,540,200,0.058824,1500.000000,0.000000,40.000000,1.737498,1.744452
0,-0.000036,0.111111,0.076923,0.008404,0.118811,116.346405,1201.636364,51.830044,100.000000,25.915022,50.000000,260,10,0.111111,2500.000000,0.000000,25.000000,1.036601,2.000006
0,-0.000253,0.190476,0.142857,0.231558,0.036522,949.641142,400.000000,81.458047,39.936770,40.729023,19.968385,510,160,0.190476,2100.000000,0.000000,40.000000,1.629191,0.000000
0,0.000910,0.111111,0.538462,0.008311,0.118568,104.666667,1200.000000,39.940122,89.936770,19.970061,44.968385,380,10,0.578947,3400.000000,0.000000,15.000000,0.798803,1.798741
0,0.000000,0.090909,0.090909,0.021897,0.048794,287.587500,596.943311,52.853433,84.069868,26.426717,42.034934,230,10,0.090909,1000.000000,0.000000,25.000000,1.057070,1.681399
0,0.000000,0.200000,0.200000,0.017642,0.037974,433.190083,418.916364,68.228941,92.499979,34.114470,46.249989,410,10,0.200000,1000.000000,0.000000,30.000000,1.364579,1.850001
0,0.000000,0.090909,0.090909,0.017841,0.177700,219.440000,1560.960000,84.794245,82.677728,42.397122,41.338864,240,150,0.090909,1600.000000,0.000000,40.000000,1.695886,1.653567
0,-0.000236,0.083333,0.062500,0.093872,0.097542,413.295918,1211.636364,76.219210,90.999990,38.109605,45.499995,370,270,0.083333,1400.000000,0.000000,35.000000,1.524407,1.820004
0,-0.000177,0.062500,0.041667,0.471438,0.023276,3587.960000,317.280000,76.774585,82.493275,38.387293,41.246637,200,190,0.062500,3200.000000,0.000000,35.000000,1.535525,1.649866
0,-0.000146,0.066667,0.047619,0.341921,0.619736,2995.895833,5790.960000,77.655810,80.989937,38.827905,40.494969,320,250,0.066667,2600.000000,0.000000,35.000000,1.553136,1.619832
0,0.000000,0.250000,0.250000,0.166319,0.101651,1610.437500,1100.000000,45.678154,39.977006,22.839077,19.988503,490,10,0.250000,1700.000000,0.000000,20.000000,0.913572,0.000000
0,0.000442,0.611111,0.538462,0.022190,0.118568,246.070295,1200.000000,45.513471,89.936770,22.756735,44.968385,470,10,0.611111,2500.000000,0.000000,20.000000,0.910271,1.798741
0,0.000000,0.200000,0.200000,0.130802,0.058833,1248.500000,701.636364,66.565437,89.993296,33.282718,44.996648,420,10,0.200000,1000.000000,0.000000,30.000000,1.331316,1.799868
0,0.000082,0.500000,0.454545,0.015043,0.109790,113.284722,1409.636364,80.494577,91.428571,40.247288,45.714286,220,110,0.500000,2900.000000,0.000000,40.000000,1.609893,1.828576
0,-0.000535,0.384615,0.312500,0.245324,0.057362,1369.777778,557.123967,79.427560,89.999655,39.713780,44.999827,200,40,0.384615,2000.000000,0.000000,35.000000,1.588574,1.799996
0,0.000000,0.090909,0.090909,0.130802,0.025540,1139.937500,341.387755,49.692744,83.305552,24.846372,41.652776,420,10,0.090909,1000.000000,0.000000,20.000000,0.993863,1.666112
0,-0.000660,0.357143,0.170732,0.000000,0.037974,51.734694,418.916364,6.080686,92.499979,3.040343,46.249989,10,10,0.388889,5000.000000,0.000000,0.000000,0.121614,1.850001
0,0.000000,0.500000,0.500000,0.219992,0.135014,596.531250,1400.000000,89.444444,89.469883,44.722222,44.734942,250,150,0.500000,1000.000000,0.000000,40.000000,1.788931,1.789404
0,0.000000,0.437500,0.437500,0.426938,0.086293,1149.387755,876.163265,78.504564,87.221877,39.252282,43.610938,390,280,0.437500,1200.000000,0.000000,35.000000,1.570223,1.744442
0,0.000000,0.090909,0.090909,0.052986,0.003473,648.402898,41.387755,51.906518,43.312256,25.953259,21.656128,270,10,0.090909,1000.000000,0.000000,25.000000,1.038133,0.000000
0,0.001252,0.625000,0.636364,0.119770,0.074233,1183.222222,1025.280000,80.426097,83.928550,40.213049,41.964275,220,110,0.636364,2900.000000,0.000000,40.000000,1.608528,1.678574
0,0.000000,0.454545,0.454545,0.025008,0.040238,258.054784,443.024119,52.830307,93.312256,26.415154,46.656128,410,10,0.454545,1000.000000,0.000000,25.000000,1.056608,1.866247
0,-0.000027,0.058824,0.055556,0.030437,0.152910,292.000000,1077.806122,86.874822,87.221955,43.437411,43.610978,540,110,0.058824,1500.000000,0.000000,40.000000,1.737498,1.744452
0,-0.000050,0.045455,0.038462,0.481735,0.083254,1520.695510,817.280000,79.477055,92.499979,39.738528,46.249989,270,110,0.050000,2400.000000,0.000000,35.000000,1.589680,1.850004
0,0.000000,0.181818,0.181818,0.218240,0.085518,604.968750,841.387755,60.981406,93.312256,30.490703,46.656128,160,10,0.181818,1000.000000,0.000000,30.000000,1.219670,1.866249
0,-0.000006,0.076923,0.076923,0.413159,0.118811,678.664399,1201.636364,78.345937,100.000000,39.172969,50.000000,270,110,0.100000,2400.000000,0.000000,35.000000,1.567055,2.000006
0,0.000000,0.250000,0.250000,0.006477,0.089491,89.207031,1000.000000,82.306144,79.406653,41.153072,39.703327,620,150,0.250000,1000.000000,0.000000,40.000000,1.646123,1.588137
0,-0.000058,0.150000,0.115385,0.219412,0.082045,832.660239,800.000000,90.708396,50.000000,45.354198,25.000000,160,50,0.150000,2100.000000,0.000000,45.000000,1.814198,0.000000
0,0.000000,0.090909,0.090909,0.060346,0.039789,489.585459,62.720000,88.438910,43.750000,44.219455,21.875000,560,280,0.090909,1000.000000,0.000000,40.000000,1.768782,0.000000
0,0.000000,0.250000,0.250000,0.140493,0.029051,1159.038462,325.000000,83.333332,92.500000,41.666666,46.250000,360,130,0.250000,2000.000000,0.000000,40.000000,1.666680,1.850001
0,0.000000,0.090909,0.090909,0.547462,0.039789,489.585459,62.720000,88.438910,43.750000,44.219455,21.875000,560,20,0.090909,1000.000000,0.000000,40.000000,1.769117,0.000000
0,-0.000055,0.037037,0.030303,0.254733,0.082653,1394.416667,1015.881657,84.152488,90.866394,42.076244,45.433197,350,300,0.037037,2100.000000,0.000000,40.000000,1.683073,1.817331
0,0.000000,0.500000,0.500000,0.038982,0.446188,455.398892,700.000000,50.000000,80.000000,25.000000,40.000000,420,10,0.500000,1400.000000,0.000000,25.000000,1.000002,1.600220
0,-0.000055,0.037037,0.030303,0.254733,0.082653,1394.416667,1015.881657,84.152488,90.866394,42.076244,45.433197,410,300,0.037037,2100.000000,0.000000,40.000000,1.683073,1.817331
0,-0.000347,0.888889,0.818182,0.065431,0.027584,581.800000,300.000000,60.000000,50.000000,30.000000,25.000000,300,10,0.888889,2600.000000,0.000000,30.000000,1.200004,0.000000
0,-0.000182,0.100000,0.090909,0.203483,0.057497,311.694444,721.444444,81.463796,90.000000,40.731898,45.000000,360,190,0.100000,1100.000000,0.000000,40.000000,1.629398,1.800002
0,0.000000,0.035714,0.035714,0.067788,0.015158,500.027589,64.715000,76.353155,39.285714,38.176577,19.642857,280,110,0.035714,1000.000000,0.000000,35.000000,1.527068,0.000000
0,0.000000,0.071429,0.071429,0.056586,0.002606,468.647959,36.000000,52.978093,43.333156,26.489047,21.666578,280,10,0.071429,1000.000000,0.000000,25.000000,1.059566,0.000000
0,0.001386,0.500000,0.615385,0.108687,0.066510,1112.538462,900.000000,50.000000,90.000000,25.000000,45.000000,370,10,0.615385,1900.000000,0.000000,25.000000,1.000005,1.800003
0,0.000000,0.090909,0.090909,0.547462,0.039789,489.585459,62.720000,88.438910,43.750000,44.219455,21.875000,450,20,0.090909,1000.000000,0.000000,40.000000,1.769117,0.000000
0,0.000000,0.090909,0.090909,0.060346,0.039789,489.585459,62.720000,88.438910,43.750000,44.219455,21.875000,450,280,0.090909,1000.000000,0.000000,40.000000,1.768782,0.000000
0,0.001386,0.500000,0.615385,0.108687,0.066510,1112.538462,900.000000,50.000000,90.000000,25.000000,45.000000,430,10,0.615385,1900.000000,0.000000,25.000000,1.000005,1.800003
0,0.000000,0.500000,0.500000,0.038982,0.446188,455.398892,700.000000,50.000000,80.000000,25.000000,40.000000,480,10,0.500000,1400.000000,0.000000,25.000000,1.000002,1.600220
0,0.000808,0.181818,0.222222,0.004724,0.036496,97.644531,441.387755,53.843106,82.559560,26.921553,41.279780,620,10,0.222222,1100.000000,0.000000,25.000000,1.076862,1.651193
0,0.000000,0.090909,0.090909,0.022973,0.038926,57.040000,600.000000,71.170143,40.000000,35.585071,20.000000,140,70,0.090909,1300.000000,0.000000,35.000000,1.423411,0.000000
0,0.000000,0.071429,0.071429,0.543703,0.002606,468.647959,36.000000,52.978093,43.333156,26.489047,21.666578,20,10,0.071429,1000.000000,0.000000,25.000000,1.059900,0.000000
0,0.000000,0.035714,0.035714,0.554905,0.015158,500.027589,64.715000,76.353155,39.285714,38.176577,19.642857,110,20,0.035714,1000.000000,0.000000,35.000000,1.527403,0.000000
0,-0.000118,0.040000,0.028571,0.106763,0.164119,1246.311701,1916.782222,90.555822,90.680879,45.277911,45.340440,460,50,0.040000,1600.000000,0.000000,45.000000,1.811121,1.813625
0,-0.000347,0.888889,0.818182,0.065431,0.027584,581.800000,300.000000,60.000000,50.000000,30.000000,25.000000,360,10,0.888889,2600.000000,0.000000,30.000000,1.200004,0.000000
0,0.000000,0.250000,0.250000,0.140493,0.029051,1159.038462,325.000000,83.333332,92.500000,41.666666,46.250000,420,130,0.250000,2000.000000,0.000000,40.000000,1.666680,1.850001
0,-0.000182,0.100000,0.090909,0.203483,0.057497,311.694444,721.444444,81.463796,90.000000,40.731898,45.000000,460,190,0.100000,1100.000000,0.000000,40.000000,1.629398,1.800002
0,-0.000118,0.040000,0.028571,0.106763,0.164119,1246.311701,1916.782222,90.555822,90.680879,45.277911,45.340440,400,50,0.040000,1600.000000,0.000000,45.000000,1.811121,1.813625
0,0.000000,0.090909,0.090909,0.016763,0.004914,205.083333,118.530612,76.093006,40.833333,38.046503,20.416667,220,140,0.090909,1000.000000,0.000000,35.000000,1.521861,0.000000
0,-0.000437,0.400000,0.333333,0.055545,0.001094,210.510204,21.333333,79.558143,42.234942,39.779071,21.117471,370,40,0.400000,1600.000000,0.000000,35.000000,1.591172,0.000000
0,-0.003708,0.666667,0.200000,0.002003,0.048124,36.000000,1100.000000,51.999924,39.977044,25.999962,19.988522,60,10,1.000000,3600.000000,0.000000,25.000000,1.039999,0.000000
0,-0.000140,0.052632,0.066667,0.116147,0.001413,1063.061224,27.000000,71.898600,40.000000,35.949300,20.000000,260,180,0.157895,1300.000000,0.000000,35.000000,1.437980,0.000000
0,-0.000545,0.300000,0.272727,0.043409,0.012554,204.625000,226.111111,71.538461,81.428553,35.769230,40.714277,330,180,0.300000,1300.000000,0.000000,35.000000,1.430774,1.628571
0,0.000000,0.090909,0.090909,0.082194,0.023832,890.117347,422.946746,75.637228,41.817267,37.818614,20.908634,510,220,0.090909,1000.000000,0.000000,35.000000,1.512748,0.000000
0,0.000538,0.500000,0.454545,0.019183,0.005595,51.500000,122.222222,83.750000,50.000000,41.875000,25.000000,510,140,0.500000,1800.000000,0.000000,40.000000,1.675006,0.000000
0,0.000538,0.500000,0.454545,0.019183,0.005595,51.500000,122.222222,83.750000,50.000000,41.875000,25.000000,310,140,0.500000,1800.000000,0.000000,40.000000,1.675006,0.000000
0,0.000083,0.062500,0.066667,0.161698,0.007557,582.090000,138.076923,68.811177,81.538461,34.405588,40.769231,300,180,0.066667,1300.000000,0.000000,30.000000,1.376246,1.630769
0,-0.000441,0.071429,0.066667,0.010610,0.001413,175.093750,27.000000,46.701892,40.000000,23.350946,20.000000,190,10,0.157895,1200.000000,0.000000,20.000000,0.934038,0.000000
0,-0.000485,0.333333,0.300000,0.007107,0.008299,74.000000,121.500000,84.722222,39.957843,42.361111,19.978922,150,110,0.375000,2200.000000,0.000000,40.000000,1.694445,0.000000
0,-0.003428,0.454545,0.272727,0.206207,0.004256,240.270000,83.250000,44.964861,82.194120,22.482431,41.097060,60,10,0.555556,3000.000000,0.000000,20.000000,0.899405,1.643883
0,0.000842,0.157895,0.200000,0.043817,0.014923,203.250000,260.280000,73.356642,81.110777,36.678321,40.555388,180,90,0.200000,1300.000000,0.000000,35.000000,1.467138,1.622216
0,0.000000,0.071429,0.071429,0.037918,0.006251,238.593750,98.680000,89.994515,79.997127,44.997258,39.998563,210,10,0.071429,1000.000000,0.000000,40.000000,1.799894,1.599943
0,-0.001785,0.214286,0.136364,0.122517,0.032066,777.937500,132.544379,80.440274,38.571429,40.220137,19.285714,240,200,0.437500,2000.000000,0.000000,40.000000,1.608823,0.000000
0,0.000000,0.071429,0.071429,0.034362,0.964998,326.444444,1088.000000,82.430378,38.823529,41.215189,19.411765,300,10,0.071429,1000.000000,0.000000,40.000000,1.648610,0.000000
0,-0.000153,0.125000,0.111111,0.255359,0.256245,1994.500000,3452.062500,77.653273,40.401135,38.826636,20.200568,540,250,0.125000,1700.000000,0.000000,35.000000,1.553082,0.000000
0,0.000570,0.200000,0.222222,0.061234,0.080570,723.983673,3048.888889,82.555822,39.259855,41.277911,19.629928,110,50,0.222222,1800.000000,0.000000,40.000000,1.651119,0.000000
0,0.001422,0.111111,0.250000,0.306071,0.144832,7356.120370,2000.000000,77.331278,80.767617,38.665639,40.383808,360,120,0.250000,1400.000000,0.000000,35.000000,1.546632,1.615358
0,0.000000,0.272727,0.272727,0.002078,0.978276,110.040000,1287.111111,77.222045,80.252099,38.611022,40.126050,370,10,0.272727,1000.000000,0.000000,35.000000,1.544441,1.605470
0,-0.000785,0.100000,0.090909,0.087551,0.013279,799.813017,199.111111,81.291511,41.428570,40.645756,20.714285,240,170,0.300000,2300.000000,0.000000,40.000000,1.625835,0.000000
0,-0.000048,0.125000,0.117647,0.025802,0.010745,233.611111,157.687500,80.999825,40.833200,40.499913,20.416600,250,240,0.125000,1700.000000,0.000000,40.000000,1.619998,0.000000
0,-0.000785,0.100000,0.090909,0.003306,0.013279,61.218750,199.111111,46.666667,41.428570,23.333333,20.714285,340,10,0.300000,1300.000000,0.000000,20.000000,0.933333,0.000000
0,0.000000,0.083333,0.083333,0.448968,0.049934,4853.192531,769.000000,81.121107,82.496648,40.560553,41.248324,370,170,0.083333,1300.000000,0.000000,40.000000,1.622443,1.649935
0,0.000000,0.500000,0.500000,0.029346,0.191199,327.328125,815.360000,42.590353,37.692501,21.295176,18.846250,430,10,0.500000,1000.000000,0.000000,20.000000,0.851808,0.000000
0,0.000000,0.071429,0.071429,0.001640,0.970763,96.843750,1159.680000,77.884689,78.823301,38.942344,39.411650,20,10,0.071429,1000.000000,0.000000,35.000000,1.557694,1.576894
0,-0.000390,0.090909,0.071429,0.223319,0.043604,745.224490,652.000000,75.854287,81.621690,37.927143,40.810845,230,140,0.090909,1100.000000,0.000000,35.000000,1.517146,1.632435
0,0.003303,0.176471,0.333333,0.398843,0.032493,815.307755,436.566327,78.525620,90.000000,39.262810,45.000000,390,100,0.333333,1500.000000,0.000000,35.000000,1.570643,1.800001
0,-0.001958,0.400000,0.133333,5.222331,0.139677,48812.000000,1524.160000,79.861564,81.045333,39.930782,40.522666,280,90,0.692308,2200.000000,0.000000,35.000000,1.597511,1.620913
0,0.002071,0.066667,0.160000,0.007470,0.017796,128.000000,284.142857,55.204201,90.000000,27.602101,45.000000,240,10,0.160000,2400.000000,0.000000,25.000000,1.104084,1.800001
0,0.000000,0.090909,0.090909,0.002355,0.019044,44.883750,270.791111,90.000000,81.428342,45.000000,40.714171,360,10,0.090909,1100.000000,0.000000,40.000000,1.800000,1.628568
0,-0.001183,0.714286,0.416667,0.009365,0.620787,173.250000,4657.000000,79.545613,75.525209,39.772807,37.762604,190,120,0.714286,3300.000000,0.000000,35.000000,1.590913,1.510589
0,-0.000145,0.100000,0.090909,0.051147,0.016561,872.444444,257.142857,87.386592,50.000000,43.693296,25.000000,360,130,0.100000,1400.000000,0.000000,40.000000,1.747733,0.000000
0,0.001024,0.125000,0.250000,0.854447,0.045354,7860.380000,710.250000,73.322059,89.996648,36.661029,44.998324,290,110,0.250000,2100.000000,0.000000,35.000000,1.466488,1.799934
0,-0.000145,0.100000,0.090909,0.051147,0.016561,872.444444,257.142857,87.386592,50.000000,43.693296,25.000000,360,340,0.100000,1400.000000,0.000000,40.000000,1.747733,0.000000
0,-0.000291,0.200000,0.181818,0.090504,1.106622,431.680000,8125.000000,82.836065,46.153846,41.418033,23.076923,340,160,0.200000,1600.000000,0.000000,40.000000,1.656731,0.000000
0,-0.001989,0.214286,0.130435,0.003727,0.016101,59.843750,233.280000,48.484848,41.111085,24.242424,20.555542,100,10,0.409091,1300.000000,0.000000,20.000000,0.969697,0.000000
0,0.000000,1.000000,1.000000,0.015416,0.005765,217.510417,71.680000,100.000000,39.999772,50.000000,19.999886,290,10,1.000000,1100.000000,0.000000,50.000000,2.000001,0.000000
0,0.003303,0.176471,0.333333,0.398843,0.032493,815.307755,436.566327,78.525620,90.000000,39.262810,45.000000,490,100,0.333333,1500.000000,0.000000,35.000000,1.570643,1.800001
0,0.000000,1.000000,1.000000,0.003321,0.035382,56.320000,600.000000,53.928096,40.000000,26.964048,20.000000,110,10,1.000000,1100.000000,0.000000,25.000000,1.078562,0.000000
0,0.000000,0.100000,0.100000,0.025967,2.561294,290.922068,3610.000000,81.250780,27.999815,40.625390,13.999907,370,290,0.100000,1300.000000,0.000000,40.000000,1.625017,0.000000
0,-0.001987,0.214286,0.136364,0.036189,0.032066,438.683750,132.544379,47.286603,38.571429,23.643301,19.285714,310,10,0.437500,1300.000000,0.000000,20.000000,0.945734,0.000000
0,0.000102,0.125000,0.181818,0.106143,0.333960,167.555556,958.222222,82.216982,36.363636,41.108491,18.181818,330,230,0.200000,1700.000000,0.000000,40.000000,1.644423,0.000000
0,0.000212,0.058824,0.071429,0.024756,0.031529,316.127031,427.000000,79.293058,79.999968,39.646529,39.999984,590,90,0.071429,1600.000000,0.000000,35.000000,1.585862,1.600001
0,0.002071,0.066667,0.160000,0.182277,0.017796,896.000000,284.142857,78.530724,90.000000,39.265362,45.000000,40,20,0.160000,2300.000000,0.000000,35.000000,1.570633,1.800001
0,0.000000,0.500000,0.500000,0.002610,0.029929,43.000000,400.000000,52.499873,39.936770,26.249936,19.968385,60,10,0.500000,1100.000000,0.000000,25.000000,1.049998,0.000000
0,0.000000,0.700000,0.700000,0.065635,0.003833,802.078704,72.000000,46.884822,42.500000,23.442411,21.250000,340,10,0.700000,1000.000000,0.000000,20.000000,0.937699,0.000000
0,0.000000,0.071429,0.071429,0.034362,0.964998,326.444444,1088.000000,82.430378,38.823529,41.215189,19.411765,40,10,0.071429,1000.000000,0.000000,40.000000,1.648610,0.000000
0,0.000000,0.071429,0.071429,0.010568,0.997064,203.880000,1220.544379,77.221911,77.394958,38.610956,38.697479,340,10,0.071429,1000.000000,0.000000,35.000000,1.544439,1.548331
0,-0.002075,0.333333,0.178571,0.046678,0.053477,525.280000,427.000000,53.815489,79.999968,26.907744,39.999984,390,10,0.333333,2400.000000,0.000000,25.000000,1.076312,1.600003
0,0.000000,0.200000,0.200000,0.005925,0.091177,91.875000,1300.000000,48.333334,50.000000,24.166667,25.000000,130,10,0.200000,1000.000000,0.000000,20.000000,0.966667,0.000000
0,0.000000,1.000000,1.000000,0.052986,0.000000,628.809148,0.000000,47.036224,0.000000,23.518112,0.000000,270,10,1.000000,1300.000000,0.000000,20.000000,0.940727,0.000000
0,0.000000,0.222222,0.222222,0.037288,0.000000,412.125000,0.000000,46.325879,0.000000,23.162939,0.000000,190,10,0.222222,1000.000000,0.000000,20.000000,0.926519,0.000000
0,-0.001380,0.250000,0.130435,0.077241,0.016101,817.158017,233.280000,51.303297,41.111085,25.651649,20.555542,180,10,0.409091,2200.000000,0.000000,25.000000,1.026070,0.000000
0,0.000000,0.200000,0.200000,0.001913,0.091177,38.946429,1300.000000,45.368931,50.000000,22.684466,25.000000,20,10,0.200000,1000.000000,0.000000,20.000000,0.907379,0.000000
0,0.000000,1.000000,1.000000,0.015416,0.005765,217.510417,71.680000,100.000000,39.999772,50.000000,19.999886,30,10,1.000000,1100.000000,0.000000,50.000000,2.000001,0.000000
0,0.000000,0.500000,0.500000,5.210001,0.042131,48695.000000,661.250000,79.859965,79.996328,39.929982,39.998164,280,50,0.500000,2200.000000,0.000000,35.000000,1.597478,1.599928
0,-0.002938,0.500000,0.333333,0.009689,0.149885,125.000000,2312.000000,81.249998,39.997486,40.624999,19.998743,260,80,0.666667,2000.000000,0.000000,40.000000,1.625000,0.000000
0,-0.000168,0.058824,0.047619,0.250693,0.477843,2684.812500,6174.000000,81.485491,39.980374,40.742746,19.990187,580,320,0.058824,1700.000000,0.000000,40.000000,1.629722,0.000000
0,-0.000178,0.125000,0.111111,0.051882,0.118872,603.822222,1869.000000,82.415668,81.667002,41.207834,40.833501,350,80,0.125000,1400.000000,0.000000,40.000000,1.648316,1.633344
0,-0.000156,0.083333,0.058824,0.090693,0.083644,364.272189,912.795139,77.220920,80.332587,38.610460,40.166294,270,170,0.083333,1800.000000,0.000000,35.000000,1.544441,1.606656
0,0.002184,0.500000,0.642857,0.108695,0.017091,957.920000,174.395776,77.980894,79.998453,38.990447,39.999226,260,20,0.666667,2900.000000,0.000000,35.000000,1.559624,1.599971
0,-0.000475,0.111111,0.071429,0.084276,0.019762,113.312500,311.861111,66.999999,80.330929,33.499999,40.165464,270,130,0.111111,1800.000000,0.000000,30.000000,1.340034,1.606619
0,-0.000894,0.375000,0.142857,0.109233,0.477843,1497.980000,6174.000000,73.313497,39.980374,36.656748,19.990187,550,60,0.375000,2000.000000,0.000000,35.000000,1.466274,0.000000
0,-0.000739,0.500000,0.411765,0.109285,0.017439,208.510204,185.812443,74.573225,80.329382,37.286612,40.164691,370,270,0.500000,1800.000000,0.000000,35.000000,1.491495,1.606589
0,0.002044,0.200000,0.333333,0.108461,0.487597,1380.480000,6349.000000,89.983845,79.980374,44.991923,39.990187,550,10,0.333333,2000.000000,0.000000,40.000000,1.799681,1.599626
0,0.002060,0.250000,0.571429,0.014239,0.123087,82.720000,2025.000000,83.249998,40.000000,41.624999,20.000000,270,120,0.571429,1900.000000,0.000000,40.000000,1.665002,0.000000
0,0.000000,0.058824,0.058824,0.035224,0.122088,1237.020227,1902.503155,80.830593,79.916181,40.415296,39.958091,340,130,0.058824,1100.000000,0.000000,40.000000,1.616612,1.598328
0,0.000000,0.166667,0.166667,0.017326,0.010519,215.041667,80.423554,84.106231,81.116412,42.053115,40.558206,450,280,0.166667,1000.000000,0.000000,40.000000,1.682125,1.622329
0,0.000000,0.166667,0.166667,0.099025,0.008867,180.400000,125.000000,46.005924,40.000000,23.002962,20.000000,310,10,0.166667,1500.000000,0.000000,20.000000,0.920152,0.000000
0,0.000000,0.500000,0.500000,0.022012,0.027486,234.595041,424.173554,41.105763,79.998453,20.552882,39.999226,430,10,0.500000,1200.000000,0.000000,20.000000,0.822116,1.599971
0,0.000000,0.500000,0.500000,0.056629,0.045954,296.340000,624.173554,77.315634,79.956300,38.657817,39.978150,420,140,0.500000,1300.000000,0.000000,35.000000,1.546318,1.599128
0,-0.000098,0.071429,0.058824,0.017691,0.017263,98.685000,271.916667,83.610911,80.458815,41.805456,40.229407,200,100,0.076923,2600.000000,0.000000,40.000000,1.672220,1.609177
0,-0.000361,0.166667,0.100000,0.001868,0.367523,1418.920000,5709.864266,87.223619,80.803823,43.611809,40.401911,500,10,0.333333,2400.000000,0.000000,40.000000,1.744472,1.616088
0,-0.000569,0.444444,0.400000,0.120960,0.020478,866.312500,302.760000,44.282919,41.111111,22.141459,20.555556,170,10,0.444444,1300.000000,0.000000,20.000000,0.885667,0.000000
0,-0.000098,0.071429,0.058824,0.039618,0.044068,174.243056,689.926667,73.643256,80.395435,36.821628,40.197718,300,20,0.076923,3400.000000,0.000000,35.000000,1.472874,1.607910
0,0.000000,0.500000,0.500000,0.009800,0.008807,127.000000,150.416667,80.846053,40.458836,40.423027,20.229418,250,130,0.500000,2100.000000,0.000000,40.000000,1.616921,0.000000
0,-0.000217,0.083333,0.062500,0.021391,0.008457,242.820000,121.500000,82.390953,39.999979,41.195477,19.999989,180,150,0.083333,1800.000000,0.000000,40.000000,1.647820,0.000000
0,-0.000095,0.071429,0.066667,0.039727,0.124072,1274.937778,1772.114266,79.560204,80.803747,39.780102,40.401873,130,110,0.071429,1200.000000,0.000000,35.000000,1.591205,1.616079
0,-0.000670,0.600000,0.352941,0.606720,0.008457,2289.777778,121.500000,84.837731,39.999979,42.418865,19.999989,250,30,0.600000,3300.000000,0.000000,40.000000,1.696835,0.000000
0,-0.001138,0.888889,0.800000,0.358634,0.122788,1116.470663,1740.864266,42.435012,40.803823,21.217506,20.401911,120,10,0.888889,1300.000000,0.000000,20.000000,0.848759,0.000000
0,0.000000,0.727273,0.727273,0.122488,0.035611,651.603265,568.426667,46.618520,40.395457,23.309260,20.197728,450,10,0.727273,1900.000000,0.000000,20.000000,0.932382,0.000000
0,0.000000,0.200000,0.200000,0.011901,0.001283,120.240000,31.250000,80.185044,39.999924,40.092522,19.999962,110,20,0.200000,1200.000000,0.000000,40.000000,1.603701,0.000000
0,0.000000,0.500000,0.500000,0.087762,0.035611,492.612245,568.426667,78.649690,40.395457,39.324845,20.197728,430,130,0.500000,2100.000000,0.000000,35.000000,1.573002,0.000000
0,-0.000670,0.600000,0.352941,0.606720,0.008457,2289.777778,121.500000,84.837731,39.999979,42.418865,19.999989,350,30,0.600000,3300.000000,0.000000,40.000000,1.696835,0.000000
0,0.000000,0.500000,0.500000,0.003085,0.000000,46.440000,0.000000,48.459730,0.000000,24.229865,0.000000,150,10,0.500000,1900.000000,0.000000,20.000000,0.969195,0.000000
0,0.000000,0.727273,0.727273,0.052255,0.008807,195.440000,150.416667,45.441932,40.458836,22.720966,20.229418,270,10,0.727273,1900.000000,0.000000,20.000000,0.908846,0.000000
0,-0.002000,0.200000,0.100000,0.007397,0.063291,82.322449,208.333333,81.455433,37.457857,40.727716,18.728929,340,20,0.200000,1200.000000,0.000000,40.000000,1.629109,0.000000
0,0.000000,0.181818,0.181818,0.018766,0.008457,221.940000,121.500000,49.441264,39.999979,24.720632,19.999989,170,10,0.181818,1900.000000,0.000000,20.000000,0.988826,0.000000
0,0.003164,0.357143,0.692308,0.030710,0.058942,160.303917,900.000000,77.028547,79.363861,38.514273,39.681931,590,470,0.714286,1800.000000,0.000000,35.000000,1.540575,1.587279
0,0.000000,0.600000,0.600000,0.087051,0.000163,350.027778,300.000000,72.894267,40.000000,36.447133,20.000000,380,20,0.600000,1200.000000,0.000000,35.000000,1.457912,0.000000
0,-0.000284,0.222222,0.200000,0.217190,0.244735,603.312500,3969.000000,42.997486,40.000000,21.498743,20.000000,610,10,0.222222,1300.000000,0.000000,20.000000,0.859991,0.000000
0,-0.000278,0.125000,0.111111,0.181888,0.110496,557.500000,1703.187500,71.111333,90.714314,35.555667,45.357157,190,130,0.125000,1600.000000,0.000000,35.000000,1.422259,1.814290
0,-0.000125,0.100000,0.080000,0.098515,0.146167,1406.000000,1121.877551,86.914028,96.666667,43.457014,48.333333,180,130,0.100000,1700.000000,0.000000,40.000000,1.738284,1.933347
0,-0.000125,0.100000,0.080000,0.098515,0.146167,1406.000000,1121.877551,86.914028,96.666667,43.457014,48.333333,340,180,0.100000,1700.000000,0.000000,40.000000,1.738284,1.933347
0,0.000000,0.050000,0.050000,0.037429,0.056621,425.291111,768.000000,84.810520,50.000000,42.405260,25.000000,220,10,0.050000,1300.000000,0.000000,40.000000,1.696212,0.000000
0,-0.000296,0.100000,0.058824,0.056496,0.020045,659.306667,126.489796,68.359241,65.050415,34.179620,32.525207,360,120,0.100000,2100.000000,0.000000,30.000000,1.367187,1.301010
0,-0.000444,0.222222,0.200000,0.327058,0.034599,2482.111111,600.000000,96.153846,50.000000,48.076923,25.000000,320,110,0.222222,1800.000000,0.000000,45.000000,1.923099,0.000000
0,0.000000,0.250000,0.250000,0.047451,0.401898,245.295000,1430.491349,81.339729,71.170656,40.669864,35.585328,440,80,0.250000,1200.000000,0.000000,40.000000,1.626799,1.423529
0,0.000000,0.333333,0.333333,0.048051,0.104407,258.615000,1630.491349,82.768298,78.716297,41.384149,39.358149,440,130,0.333333,1200.000000,0.000000,40.000000,1.655371,1.574329
0,0.000539,0.666667,0.800000,0.045279,0.166473,350.000000,486.000000,87.500000,33.333333,43.750000,16.666667,180,10,0.800000,3200.000000,0.000000,40.000000,1.750004,0.000000
0,0.005000,0.250000,0.500000,0.174112,0.091137,497.888889,1400.000000,71.999299,40.714314,35.999650,20.357157,170,10,0.500000,1200.000000,0.000000,35.000000,1.440017,0.000000
0,0.000000,0.142857,0.142857,0.011114,0.028635,32.666667,400.000000,77.484916,40.000000,38.742458,20.000000,100,40,0.142857,1000.000000,0.000000,35.000000,1.549701,0.000000
0,0.000000,0.500000,0.500000,0.592355,0.071459,5666.000000,1100.000000,74.082352,79.936770,37.041176,39.968385,460,400,0.500000,1200.000000,0.000000,35.000000,1.481709,1.598738
0,0.000000,0.166667,0.166667,0.021521,0.025129,261.666667,600.000000,77.000000,40.000000,38.500000,20.000000,330,100,0.166667,1000.000000,0.000000,35.000000,1.540003,0.000000
0,-0.000285,0.100000,0.058824,0.338721,0.032035,718.222222,375.000000,77.497469,64.166635,38.748734,32.083317,240,110,0.100000,2200.000000,0.000000,35.000000,1.550110,1.283335
0,-0.000468,0.444444,0.421053,0.080578,0.107340,464.414694,1670.777778,76.149335,90.769108,38.074668,45.384554,550,220,0.444444,1300.000000,0.000000,35.000000,1.523001,1.815386
0,-0.000444,0.222222,0.200000,0.327058,0.034599,2482.111111,600.000000,96.153846,50.000000,48.076923,25.000000,330,320,0.222222,1800.000000,0.000000,45.000000,1.923099,0.000000
0,0.000539,0.666667,0.800000,0.045279,0.166473,350.000000,486.000000,87.500000,33.333333,43.750000,16.666667,170,10,0.800000,3200.000000,0.000000,40.000000,1.750004,0.000000
0,0.000839,0.250000,0.500000,0.167688,0.378160,171.000000,1200.000000,29.999905,71.545590,14.999952,35.772795,60,10,0.500000,1900.000000,0.000000,10.000000,0.600096,1.431027
0,-0.000444,0.222222,0.200000,0.327058,0.034599,2482.111111,600.000000,96.153846,50.000000,48.076923,25.000000,330,310,0.222222,1800.000000,0.000000,45.000000,1.923099,0.000000
0,0.000000,0.500000,0.500000,0.091745,0.012332,449.500000,222.750000,77.000000,40.909090,38.500000,20.454545,200,130,0.500000,1100.000000,0.000000,35.000000,1.540010,0.000000
0,-0.000556,0.250000,0.222222,0.069792,0.056621,741.306122,768.000000,55.599874,50.000000,27.799937,25.000000,200,10,0.250000,1500.000000,0.000000,25.000000,1.112001,0.000000
0,-0.000444,0.222222,0.200000,0.327058,0.034599,2482.111111,600.000000,96.153846,50.000000,48.076923,25.000000,310,110,0.222222,1800.000000,0.000000,45.000000,1.923099,0.000000
0,0.000000,0.500000,0.500000,0.559306,0.019359,981.888889,303.187500,61.999655,50.000000,30.999827,25.000000,230,10,0.500000,1200.000000,0.000000,30.000000,1.240155,0.000000
0,-0.000051,0.625000,0.375000,0.043479,0.067707,290.472222,1247.000000,80.769107,79.936770,40.384553,39.968385,340,330,0.666667,2500.000000,0.000000,40.000000,1.615390,1.598737
0,0.000000,0.125000,0.125000,0.121566,0.087913,202.222222,1547.000000,74.249583,80.000000,37.124791,40.000000,470,400,0.125000,1200.000000,0.000000,35.000000,1.485033,1.600003
0,-0.000035,0.250000,0.200000,0.025505,0.064564,81.000000,948.000000,79.996648,90.000000,39.998324,45.000000,110,40,0.250000,3100.000000,0.000000,35.000000,1.599940,1.800002
0,0.000000,1.000000,1.000000,0.470691,0.030132,1363.500000,600.000000,87.500000,50.000000,43.750000,25.000000,430,10,1.000000,3500.000000,0.000000,40.000000,1.750088,0.000000
0,0.000000,0.111111,0.111111,0.101268,0.011593,1186.500000,175.000000,69.998563,40.000000,34.999282,20.000000,370,90,0.111111,1500.000000,0.000000,30.000000,1.399976,0.000000
0,-0.000187,0.166667,0.090909,0.005585,0.302674,125.000000,3647.562130,81.840709,84.166187,40.920354,42.083094,410,230,0.250000,3100.000000,0.000000,40.000000,1.636814,1.683338
0,-0.000703,0.461538,0.333333,0.198785,0.273488,706.257117,11388.194444,84.428571,38.607069,42.214286,19.303535,260,10,0.500000,2600.000000,0.000000,40.000000,1.688605,0.000000
0,0.000000,1.000000,1.000000,0.005718,0.032952,78.500000,400.000000,52.000000,40.000000,26.000000,20.000000,220,10,1.000000,1400.000000,0.000000,25.000000,1.040000,0.000000
0,0.000000,0.100000,0.100000,0.049211,0.041978,446.121094,618.506173,79.859955,81.537697,39.929977,40.768848,270,260,0.100000,1200.000000,0.000000,35.000000,1.597203,1.630755
0,0.000000,0.100000,0.100000,0.189363,0.324533,2213.857143,12110.194444,78.523326,78.607069,39.261663,39.303535,270,140,0.100000,1300.000000,0.000000,35.000000,1.570475,1.572146
0,0.000000,0.111111,0.111111,0.066335,0.007803,860.666667,112.000000,54.437759,40.974191,27.218880,20.487096,400,10,0.111111,1200.000000,0.000000,25.000000,1.088758,0.000000
0,0.000357,0.312500,0.277778,0.043563,0.058490,259.000000,700.000000,80.181312,39.999998,40.090656,19.999999,160,150,0.312500,2000.000000,0.000000,40.000000,1.603630,0.000000
0,-0.000187,0.166667,0.090909,0.005585,0.302674,125.000000,3647.562130,81.840709,84.166187,40.920354,42.083094,300,230,0.250000,3100.000000,0.000000,40.000000,1.636814,1.683338
0,0.000000,1.000000,1.000000,0.470691,0.030132,1363.500000,600.000000,87.500000,50.000000,43.750000,25.000000,310,10,1.000000,3500.000000,0.000000,40.000000,1.750088,0.000000
0,-0.001298,0.714286,0.384615,0.022250,0.312261,288.000000,3885.625000,55.734945,80.681451,27.867472,40.340726,300,10,0.714286,2400.000000,0.000000,25.000000,1.114700,1.613642
0,0.000485,0.545455,0.583333,0.016119,0.293889,214.643125,3666.406250,55.753965,80.999508,27.876983,40.499754,360,10,0.583333,1800.000000,0.000000,25.000000,1.115080,1.620002
0,0.000000,0.200000,0.200000,0.142020,0.051045,1528.666667,722.000000,78.420476,40.000000,39.210238,20.000000,390,270,0.200000,1300.000000,0.000000,35.000000,1.568416,0.000000
0,0.001714,0.571429,0.571429,0.007508,0.091442,94.370370,1100.000000,52.500000,79.999998,26.250000,39.999999,210,10,0.571429,1400.000000,0.000000,25.000000,1.050000,1.600004
0,0.000429,0.470588,0.166667,1.019695,0.507734,4320.562500,6174.000000,85.847820,39.999990,42.923910,19.999995,390,210,0.470588,3900.000000,0.000000,40.000000,1.717077,0.000000
0,0.000000,0.166667,0.166667,0.057548,0.088622,552.888889,1300.000000,89.419864,89.999998,44.709932,44.999999,580,150,0.166667,2000.000000,0.000000,40.000000,1.788401,1.800003
0,0.000000,0.166667,0.166667,0.022024,0.063085,421.000000,1000.000000,60.000000,90.000000,30.000000,45.000000,640,10,0.166667,1400.000000,0.000000,25.000000,1.200001,1.800002
0,-0.000533,0.200000,0.166667,0.011987,0.000000,255.111111,0.000000,70.761448,0.000000,35.380724,0.000000,160,10,0.200000,2000.000000,0.000000,35.000000,1.415230,0.000000
0,-0.000141,0.500000,0.285714,0.018817,0.610131,247.555556,1452.000000,69.766049,36.666667,34.883024,18.333333,80,30,0.500000,4400.000000,0.000000,30.000000,1.395322,0.000000
0,0.000000,0.166667,0.166667,0.022024,0.063085,421.000000,1000.000000,60.000000,90.000000,30.000000,45.000000,520,10,0.166667,1400.000000,0.000000,25.000000,1.200001,1.800002
0,-0.000019,0.076923,0.071429,0.009407,0.883618,245.041839,12840.194444,88.629689,75.273736,44.314844,37.636868,210,10,0.083333,2600.000000,0.000000,40.000000,1.772594,1.505606
0,0.000429,0.470588,0.166667,1.019695,0.507734,4320.562500,6174.000000,85.847820,39.999990,42.923910,19.999995,390,310,0.470588,3900.000000,0.000000,40.000000,1.717077,0.000000
0,0.000000,0.166667,0.166667,0.057548,0.088622,552.888889,1300.000000,89.419864,89.999998,44.709932,44.999999,460,150,0.166667,2000.000000,0.000000,40.000000,1.788401,1.800003
0,-0.008000,0.833333,0.333333,0.021505,0.195376,323.370370,1400.000000,81.666533,74.285714,40.833266,37.142857,270,180,0.833333,1800.000000,0.000000,40.000000,1.633331,1.485730
0,0.000000,1.000000,1.000000,0.078744,0.069466,3314.040816,900.000000,58.333333,90.000000,29.166667,45.000000,500,10,1.000000,1500.000000,0.000000,25.000000,1.166668,1.800003
0,-0.001037,0.250000,0.062500,0.002659,0.005399,27.312500,88.734694,77.334989,85.227273,38.667495,42.613636,20,20,0.250000,4600.000000,0.000000,35.000000,1.546700,1.704546
0,0.000000,0.400000,0.400000,0.350607,0.062043,2788.982699,900.000000,87.435866,90.000000,43.717933,45.000000,560,170,0.400000,1100.000000,0.000000,40.000000,1.748740,1.800002
0,-0.000152,0.071429,0.045455,0.508437,0.197818,5432.880000,2816.000000,91.111111,92.500000,45.555556,46.250000,490,290,0.071429,1900.000000,0.000000,45.000000,1.822251,1.850007
0,-0.000613,0.272727,0.136364,0.070738,0.015129,801.528889,64.800781,68.757026,80.192602,34.378513,40.096301,360,250,0.272727,2300.000000,0.000000,30.000000,1.375144,1.603854
0,-0.000027,0.027027,0.023810,0.468494,0.089820,4762.931431,1229.975309,88.896139,91.061668,44.448070,45.530834,510,420,0.027027,1600.000000,0.000000,40.000000,1.777946,1.821237
0,0.000000,0.153846,0.153846,0.111467,0.389804,910.179138,1449.250000,74.545455,79.178399,37.272727,39.589199,340,300,0.153846,1800.000000,0.000000,35.000000,1.490918,1.583621
0,-0.000972,0.363636,0.263158,0.064827,0.023687,234.190000,316.444444,82.539681,83.750000,41.269841,41.875000,470,290,0.363636,1900.000000,0.000000,40.000000,1.650804,1.675001
0,-0.001258,0.285714,0.476190,0.038900,0.801872,442.272500,10931.687500,91.203409,98.148148,45.601705,49.074074,180,10,0.700000,4700.000000,0.000000,45.000000,1.824071,1.962992
0,-0.000152,0.071429,0.045455,0.508437,0.197818,5432.880000,2816.000000,91.111111,92.500000,45.555556,46.250000,580,290,0.071429,1900.000000,0.000000,45.000000,1.822251,1.850007
0,-0.000033,0.041667,0.040000,0.242340,0.037953,2795.922031,528.165680,87.857143,90.666562,43.928571,45.333281,530,370,0.041667,1200.000000,0.000000,40.000000,1.757155,1.813333
0,-0.000794,0.900000,0.590909,0.005799,0.035958,89.375000,548.675900,83.172702,84.038400,41.586351,42.019200,100,10,0.916667,3800.000000,0.000000,40.000000,1.663454,1.680769
0,-0.001258,0.285714,0.476190,0.038900,0.801872,442.272500,10931.687500,91.203409,98.148148,45.601705,49.074074,200,10,0.700000,4700.000000,0.000000,45.000000,1.824071,1.962992
0,-0.000033,0.041667,0.040000,0.242340,0.037953,2795.922031,528.165680,87.857143,90.666562,43.928571,45.333281,550,370,0.041667,1200.000000,0.000000,40.000000,1.757155,1.813333
0,0.000000,1.000000,1.000000,0.078744,0.069466,3314.040816,900.000000,58.333333,90.000000,29.166667,45.000000,520,10,1.000000,1500.000000,0.000000,25.000000,1.166668,1.800003
0,0.000000,1.000000,1.000000,0.040280,0.050002,1409.347107,800.000000,60.326087,90.000000,30.163043,45.000000,370,10,1.000000,2800.000000,0.000000,30.000000,1.206522,1.800002
0,-0.000205,0.166667,0.153846,0.001751,0.117257,43.251429,1800.000000,49.330480,89.999989,24.665240,44.999994,40,10,0.166667,1300.000000,0.000000,20.000000,0.986610,1.800004
0,-0.000027,0.027027,0.023810,0.468494,0.089820,4762.931431,1229.975309,88.896139,91.061668,44.448070,45.530834,490,420,0.027027,1600.000000,0.000000,40.000000,1.777946,1.821237
0,0.000000,1.000000,1.000000,0.040280,0.050002,1409.347107,800.000000,60.326087,90.000000,30.163043,45.000000,390,10,1.000000,2800.000000,0.000000,30.000000,1.206522,1.800002
0,0.000000,0.100000,0.100000,0.032476,0.004017,455.768750,59.750000,66.972750,85.357143,33.486375,42.678571,370,10,0.100000,1100.000000,0.000000,30.000000,1.339456,1.707143
0,-0.000306,0.090909,0.052632,0.022418,0.057848,310.022189,833.120345,83.650792,82.788400,41.825396,41.394200,470,200,0.090909,1900.000000,0.000000,40.000000,1.673017,1.655770
0,-0.000083,0.083333,0.076923,0.483742,0.029663,4573.603306,400.000000,89.058522,50.000000,44.529261,25.000000,490,170,0.083333,1600.000000,0.000000,40.000000,1.781198,0.000000
0,0.000000,0.400000,0.400000,0.350607,0.062043,2788.982699,900.000000,87.435866,90.000000,43.717933,45.000000,540,170,0.400000,1100.000000,0.000000,40.000000,1.748740,1.800002
0,-0.000083,0.083333,0.076923,0.483742,0.029663,4573.603306,400.000000,89.058522,50.000000,44.529261,25.000000,510,170,0.083333,1600.000000,0.000000,40.000000,1.781198,0.000000
0,0.000000,0.333333,0.333333,0.002662,0.060142,52.000000,900.000000,55.000000,80.000000,27.500000,40.000000,140,10,0.333333,1500.000000,0.000000,25.000000,1.100000,1.600002
0,0.001067,1.000000,1.000000,0.031576,0.056183,291.888889,700.000000,69.419864,40.000000,34.709932,20.000000,150,10,1.000000,2100.000000,0.000000,30.000000,1.388401,0.000000
0,0.000000,0.142857,0.142857,0.013706,0.246499,131.161706,3836.000000,81.914214,90.048441,40.957107,45.024221,210,70,0.142857,1000.000000,0.000000,40.000000,1.638285,1.800977
0,0.000000,0.111111,0.111111,0.001671,0.001158,50.006378,16.200000,65.000016,44.000000,32.500008,22.000000,60,10,0.111111,1000.000000,0.000000,30.000000,1.300000,0.000000
0,0.000000,0.111111,0.111111,0.019457,0.001426,64.104167,42.666667,77.380952,41.666667,38.690476,20.833333,310,150,0.111111,1100.000000,0.000000,35.000000,1.547626,0.000000
0,-0.000099,0.058824,0.047619,0.126448,0.544697,1179.000000,10531.687500,79.827753,50.000000,39.913876,25.000000,320,170,0.058824,1700.000000,0.000000,35.000000,1.596564,0.000000
0,-0.000268,0.066667,0.043478,0.290756,0.003910,2114.020408,96.000000,80.907117,39.469885,40.453559,19.734942,150,130,0.066667,1400.000000,0.000000,40.000000,1.618166,0.000000
0,-0.000268,0.066667,0.043478,0.290756,0.003910,2114.020408,96.000000,80.907117,39.469885,40.453559,19.734942,440,130,0.066667,1400.000000,0.000000,40.000000,1.618166,0.000000
0,0.000000,0.555556,0.555556,0.003632,0.005355,97.041667,112.000000,81.649640,40.110723,40.824820,20.055362,120,40,0.555556,1100.000000,0.000000,40.000000,1.632993,0.000000
0,0.004622,0.111111,0.400000,0.034239,0.042980,449.879758,829.975309,81.450793,41.070652,40.725397,20.535326,470,300,0.400000,1200.000000,0.000000,40.000000,1.629017,0.000000
0,-0.000314,0.111111,0.090909,0.001462,0.065592,74.292092,449.555556,62.006033,48.553363,31.003017,24.276681,80,10,0.166667,3300.000000,0.000000,30.000000,1.240121,0.000000
0,-0.000711,0.352941,0.285714,0.025330,0.042980,298.979592,829.975309,51.353034,41.070652,25.676517,20.535326,260,10,0.352941,3300.000000,0.000000,25.000000,1.027062,0.000000
0,-0.000278,0.125000,0.111111,0.033655,0.016321,153.222222,72.000000,47.058522,50.000000,23.529261,25.000000,170,10,0.125000,1700.000000,0.000000,20.000000,0.941175,0.000000
0,-0.000119,0.052632,0.035714,0.061599,0.281046,162.355517,5280.666667,75.874043,40.151609,37.937022,20.075805,130,60,0.052632,2800.000000,0.000000,35.000000,1.517493,0.000000
0,-0.000268,0.066667,0.043478,0.290756,0.003910,2114.020408,96.000000,80.907117,39.469885,40.453559,19.734942,130,100,0.066667,1400.000000,0.000000,40.000000,1.618166,0.000000
0,-0.000092,0.071429,0.030303,0.031574,0.084517,498.187500,854.975309,80.997672,81.070652,40.498836,40.535326,230,220,0.071429,3600.000000,0.000000,40.000000,1.619955,1.621449
0,-0.000055,0.038462,0.035714,0.027464,0.109221,360.000000,1846.863905,83.260385,40.333936,41.630192,20.166968,660,220,0.038462,1200.000000,0.000000,40.000000,1.665209,0.000000
0,0.000000,0.086957,0.086957,0.002844,0.018469,168.687500,332.748264,80.837782,81.208054,40.418891,40.604027,290,150,0.086957,1200.000000,0.000000,40.000000,1.616756,1.624162
0,0.000000,0.111111,0.111111,0.036530,0.044406,358.471400,872.641975,74.379434,82.737319,37.189717,41.368660,400,70,0.111111,1900.000000,0.000000,35.000000,1.487591,1.654748
0,0.003911,0.222222,0.466667,0.010438,0.000000,166.250000,0.000000,83.983130,0.000000,41.991565,0.000000,300,220,0.466667,1200.000000,0.000000,40.000000,1.679663,0.000000
0,0.000000,0.076923,0.076923,0.254853,0.094997,4417.562500,2236.216066,82.774398,89.735876,41.387199,44.867938,390,260,0.076923,1000.000000,0.000000,40.000000,1.655496,1.794720
0,0.000000,0.111111,0.111111,0.015547,0.000000,242.650138,0.000000,81.197761,0.000000,40.598880,0.000000,200,120,0.111111,1100.000000,0.000000,40.000000,1.623956,0.000000
0,0.000000,0.066667,0.066667,0.153853,0.041537,1838.721451,25.000000,76.445548,40.000000,38.222774,20.000000,470,310,0.066667,1100.000000,0.000000,35.000000,1.528923,0.000000
0,-0.000048,0.437500,0.464286,0.104937,0.041537,565.979592,25.000000,49.484956,40.000000,24.742478,20.000000,250,10,0.500000,3300.000000,0.000000,20.000000,0.989710,0.000000
0,-0.000314,0.111111,0.090909,0.001462,0.065592,74.292092,449.555556,62.006033,48.553363,31.003017,24.276681,70,10,0.166667,3300.000000,0.000000,30.000000,1.240121,0.000000
0,-0.000268,0.066667,0.043478,0.290756,0.003910,2114.020408,96.000000,80.907117,39.469885,40.453559,19.734942,290,130,0.066667,1400.000000,0.000000,40.000000,1.618166,0.000000
0,0.000088,0.071429,0.076923,0.087538,0.094997,1145.500000,2236.216066,81.641375,89.735876,40.820687,44.867938,370,300,0.076923,1200.000000,0.000000,40.000000,1.632836,1.794720
0,0.000000,0.500000,0.500000,0.045230,0.019746,189.562500,496.000000,76.060322,79.469885,38.030161,39.734942,100,30,0.500000,1700.000000,0.000000,35.000000,1.521212,1.589398
0,0.000280,0.500000,0.555556,0.004060,0.001426,74.046875,42.666667,55.149687,41.666667,27.574843,20.833333,90,10,0.555556,2500.000000,0.000000,25.000000,1.102994,0.000000
0,0.000098,0.111111,0.100000,0.314100,0.000000,1084.250000,0.000000,81.999999,0.000000,41.000000,0.000000,300,240,0.111111,1300.000000,0.000000,40.000000,1.640046,0.000000
0,-0.000416,0.428571,0.400000,0.012952,0.497523,338.920992,5780.666667,83.193088,80.395590,41.596544,40.197795,210,10,0.466667,2100.000000,0.000000,40.000000,1.663862,1.607949
0,0.000000,0.400000,0.400000,0.016261,0.006949,185.500000,96.000000,79.806958,39.996382,39.903479,19.998191,750,30,0.400000,1400.000000,0.000000,35.000000,1.596140,0.000000
0,-0.000451,0.142857,0.111111,0.976654,0.383024,3576.000000,5923.555556,85.833333,50.000000,42.916666,25.000000,430,240,0.142857,1300.000000,0.000000,40.000000,1.716800,0.000000
0,0.000000,0.055556,0.055556,0.331126,0.054180,1278.000000,2139.550296,81.277255,39.032304,40.638627,19.516152,660,240,0.055556,1300.000000,0.000000,40.000000,1.625592,0.000000
0,-0.000293,0.285714,0.250000,0.281505,0.036277,1656.897778,2134.440000,72.163672,39.715152,36.081836,19.857576,720,130,0.285714,1700.000000,0.000000,35.000000,1.443339,0.000000
0,-0.000451,0.142857,0.111111,0.976654,0.383024,3576.000000,5923.555556,85.833333,50.000000,42.916666,25.000000,420,240,0.142857,1300.000000,0.000000,40.000000,1.716800,0.000000
0,0.000000,0.090909,0.090909,0.425085,0.028234,919.146814,499.720000,69.722073,40.749777,34.861037,20.374889,470,460,0.090909,1500.000000,0.000000,30.000000,1.394540,0.000000
0,0.000000,0.777778,0.777778,0.313619,0.001381,1073.000000,23.510204,79.999999,42.436770,40.000000,21.218385,240,220,0.777778,1300.000000,0.000000,35.000000,1.600046,0.000000
0,-0.000851,1.000000,0.400000,0.053023,0.497523,532.600000,5780.666667,64.285714,80.395590,32.142857,40.197795,350,10,1.000000,4100.000000,0.000000,30.000000,1.285717,1.607949
0,0.000000,0.857143,1.000000,0.018785,0.000000,108.160000,0.000000,75.489113,0.000000,37.744557,0.000000,100,10,1.000000,6200.000000,0.000000,35.000000,1.509793,0.000000
0,-0.000851,1.000000,0.400000,0.053023,0.497523,532.600000,5780.666667,64.285714,80.395590,32.142857,40.197795,210,10,1.000000,4100.000000,0.000000,30.000000,1.285717,1.607949
0,-0.000449,0.200000,0.400000,0.008788,0.497523,92.000000,5780.666667,80.584421,80.395590,40.292210,40.197795,320,20,0.529412,4000.000000,0.000000,40.000000,1.611689,1.607949
0,0.000000,1.000000,1.000000,0.035534,0.016694,469.750000,300.000000,50.011539,40.000000,25.005769,20.000000,440,10,1.000000,1100.000000,0.000000,25.000000,1.000232,0.000000
0,0.000000,1.000000,1.000000,0.029682,0.011101,203.510204,400.000000,87.500000,50.000000,43.750000,25.000000,230,10,1.000000,3900.000000,0.000000,40.000000,1.750007,0.000000
0,0.000256,0.444444,0.444444,0.015488,0.003706,228.777778,63.000000,54.102440,40.000700,27.051220,20.000350,170,10,0.444444,1600.000000,0.000000,25.000000,1.082049,0.000000
0,0.000000,1.000000,1.000000,0.425887,0.000000,2200.000000,0.000000,79.939388,0.000000,39.969694,0.000000,140,40,1.000000,5300.000000,0.000000,35.000000,1.598837,0.000000
0,-0.000074,0.062500,0.058824,0.051066,0.016797,598.502984,320.844444,82.353803,83.574336,41.176901,41.787168,390,380,0.062500,1300.000000,0.000000,40.000000,1.647079,1.671487
0,-0.000179,0.100000,0.076923,0.233563,0.017879,224.444444,259.776860,78.928571,40.989371,39.464286,20.494686,480,360,0.100000,2100.000000,0.000000,35.000000,1.578705,0.000000
0,0.000000,1.000000,1.000000,0.029682,0.011101,203.510204,400.000000,87.500000,50.000000,43.750000,25.000000,340,10,1.000000,3900.000000,0.000000,40.000000,1.750007,0.000000
0,-0.000076,0.071429,0.066667,0.034448,0.001683,335.562500,29.250000,83.849508,50.000000,41.924754,25.000000,280,260,0.071429,1200.000000,0.000000,40.000000,1.676992,0.000000
0,-0.000233,0.200000,0.181818,0.016881,0.088457,184.090278,1596.000000,82.152318,90.714286,41.076159,45.357143,210,180,0.200000,1300.000000,0.000000,40.000000,1.643047,1.814288
0,0.000000,0.200000,0.200000,0.110477,0.011101,696.960000,400.000000,91.249156,50.000000,45.624578,25.000000,510,310,0.200000,1100.000000,0.000000,45.000000,1.824993,0.000000
0,-0.000141,0.153846,0.142857,0.015199,0.127983,149.310278,1996.000000,81.323901,80.714286,40.661951,40.357143,210,40,0.153846,1300.000000,0.000000,40.000000,1.626479,1.614290
0,-0.000076,0.071429,0.066667,0.118093,0.001683,312.500000,29.250000,77.974708,50.000000,38.987354,25.000000,300,260,0.071429,1400.000000,0.000000,35.000000,1.559517,0.000000
0,-0.000233,0.200000,0.181818,0.005423,0.103081,96.180000,1800.000000,49.585814,90.000000,24.792907,45.000000,150,10,0.200000,1600.000000,0.000000,20.000000,0.991716,1.800003
0,-0.000896,0.500000,0.384615,0.195723,0.006473,196.194444,108.653061,82.857143,40.618109,41.428571,20.309054,460,240,0.500000,2100.000000,0.000000,40.000000,1.657265,0.000000
0,-0.003657,0.714286,0.428571,0.081870,0.041084,1012.446429,876.400000,46.027725,91.974707,23.013862,45.987354,330,10,0.714286,1900.000000,0.000000,20.000000,0.920558,1.839495
0,-0.000896,0.500000,0.384615,0.195723,0.006473,196.194444,108.653061,82.857143,40.618109,41.428571,20.309054,360,240,0.500000,2100.000000,0.000000,40.000000,1.657265,0.000000
0,-0.000727,0.461538,0.400000,0.039498,0.004826,288.400000,78.769231,82.083805,42.063024,41.041902,21.031512,250,70,0.461538,1500.000000,0.000000,40.000000,1.641679,0.000000
0,0.000667,0.066667,0.100000,0.017729,0.059502,132.027778,936.111111,80.031038,82.936508,40.015519,41.468254,210,150,0.100000,1300.000000,0.000000,40.000000,1.600622,1.658732
0,-0.000160,0.090909,0.076923,0.050663,0.009520,344.416667,208.000000,83.036157,50.000000,41.518078,25.000000,490,20,0.090909,1800.000000,0.000000,40.000000,1.660735,0.000000
0,-0.000738,0.666667,0.300000,0.098854,0.001431,501.500000,23.510204,79.996306,42.494972,39.998153,21.247486,160,80,0.666667,2800.000000,0.000000,35.000000,1.599940,0.000000
0,0.000762,0.428571,0.400000,0.021658,0.136074,86.000000,1844.816327,74.602016,40.219981,37.301008,20.109991,540,70,0.428571,2600.000000,0.000000,35.000000,1.492044,0.000000
0,0.000000,0.200000,0.200000,0.034579,0.015927,288.400000,478.769231,90.972695,92.063024,45.486347,46.031512,470,70,0.200000,1500.000000,0.000000,45.000000,1.819457,1.841261
0,-0.000160,0.090909,0.076923,0.050663,0.009520,344.416667,208.000000,83.036157,50.000000,41.518078,25.000000,390,20,0.090909,1800.000000,0.000000,40.000000,1.660735,0.000000
0,0.000000,0.200000,0.200000,0.034579,0.015927,288.400000,478.769231,90.972695,92.063024,45.486347,46.031512,580,70,0.200000,1500.000000,0.000000,45.000000,1.819457,1.841261
0,0.000000,0.038462,0.038462,0.108148,0.004826,594.347755,78.769231,84.561412,42.063024,42.280706,21.031512,310,110,0.038462,1100.000000,0.000000,40.000000,1.691238,0.000000
0,-0.000179,0.100000,0.076923,0.233563,0.017879,224.444444,259.776860,78.928571,40.989371,39.464286,20.494686,480,460,0.100000,2100.000000,0.000000,35.000000,1.578705,0.000000
0,0.000000,0.062500,0.062500,0.019379,0.000000,154.652344,0.000000,81.996425,0.000000,40.998212,0.000000,220,100,0.062500,1100.000000,0.000000,40.000000,1.639930,0.000000
0,-0.000928,0.111111,0.062500,0.027944,0.082095,164.590278,1220.000000,75.472244,81.825219,37.736122,40.912610,210,40,0.111111,1300.000000,0.000000,35.000000,1.509448,1.636507
0,0.000000,0.250000,0.250000,0.000633,0.000483,34.680000,12.000000,51.421788,40.000000,25.710894,20.000000,40,10,0.250000,1300.000000,0.000000,25.000000,1.028436,0.000000
0,0.000000,0.111111,0.111111,0.035110,0.650305,526.294379,2718.500000,81.160710,77.714285,40.580355,38.857142,480,230,0.111111,1100.000000,0.000000,40.000000,1.623215,1.554384
0,0.000000,0.066667,0.066667,0.014005,0.029259,177.280000,499.720000,84.497968,40.059620,42.248984,20.029810,510,290,0.066667,1100.000000,0.000000,40.000000,1.689960,0.000000
0,-0.000467,0.440000,0.407407,0.047266,0.065986,628.815484,1072.400000,81.864906,82.688993,40.932453,41.344496,390,210,0.440000,1300.000000,0.000000,40.000000,1.637300,1.653782
0,0.000000,0.200000,0.200000,0.110477,0.011101,696.960000,400.000000,91.249156,50.000000,45.624578,25.000000,620,310,0.200000,1100.000000,0.000000,45.000000,1.824993,0.000000
0,-0.000132,0.071429,0.045455,0.043899,0.000000,338.918367,0.000000,77.668544,0.000000,38.834272,0.000000,140,130,0.071429,2000.000000,0.000000,35.000000,1.553374,0.000000
0,-0.000153,0.142857,0.100000,0.085844,0.000000,175.000000,0.000000,74.602168,0.000000,37.301084,0.000000,180,70,0.142857,2600.000000,0.000000,35.000000,1.492065,0.000000
0,-0.001106,0.750000,0.642857,0.045598,0.080610,540.905207,1276.400000,48.180962,81.974707,24.090481,40.987354,360,10,0.750000,1600.000000,0.000000,20.000000,0.963621,1.639497
0,0.000932,1.000000,0.900000,0.069275,0.136074,161.000000,1844.816327,79.999797,40.219981,39.999898,20.109991,540,180,1.000000,2600.000000,0.000000,35.000000,1.600014,0.000000
0,0.000000,0.111111,0.111111,0.037223,0.004158,463.918367,202.500000,69.094301,28.002011,34.547150,14.001006,140,90,0.111111,1900.000000,0.000000,30.000000,1.381888,0.000000
0,-0.000341,0.111111,0.086957,0.142061,0.268100,1776.444444,3724.000000,80.752246,50.000000,40.376123,25.000000,600,170,0.111111,1600.000000,0.000000,40.000000,1.615051,0.000000
0,0.000000,1.000000,1.000000,0.045598,0.032750,662.225207,676.400000,70.261815,81.974707,35.130907,40.987354,360,10,1.000000,1600.000000,0.000000,35.000000,1.405238,1.639495
0,0.000000,1.000000,1.000000,0.018918,0.041084,231.050554,876.400000,47.119363,91.974707,23.559682,45.987354,220,10,1.000000,3000.000000,0.000000,20.000000,0.942388,1.839495
0,-0.000153,0.142857,0.100000,0.011168,0.000000,175.000000,0.000000,81.997486,0.000000,40.998743,0.000000,240,140,0.142857,2000.000000,0.000000,40.000000,1.639950,0.000000
0,-0.000934,0.500000,0.200000,0.015400,0.012129,478.081633,216.511111,52.186306,84.196929,26.093153,42.098465,250,10,0.500000,2700.000000,0.000000,25.000000,1.043726,1.683939
0,0.000000,0.200000,0.200000,0.021984,0.080123,254.590278,1396.000000,82.980624,80.714286,41.490312,40.357143,210,40,0.200000,1300.000000,0.000000,40.000000,1.659613,1.614288
0,0.000000,0.200000,0.200000,0.117472,0.000000,712.960000,0.000000,83.247145,0.000000,41.623573,0.000000,310,290,0.200000,1100.000000,0.000000,40.000000,1.664953,0.000000
0,-0.000040,0.045455,0.043478,0.021003,0.000000,2681.866667,0.000000,85.984848,0.000000,42.992424,0.000000,640,240,0.045455,1100.000000,0.000000,40.000000,1.719698,0.000000
0,0.000000,1.000000,1.000000,0.102401,0.024141,4211.179012,297.562500,56.547619,41.111111,28.273810,20.555556,620,10,1.000000,1300.000000,0.000000,25.000000,1.130954,0.000000
0,0.000000,0.153846,0.153846,0.043409,0.016910,107.845000,275.625000,86.349397,50.000000,43.174698,25.000000,550,90,0.153846,1100.000000,0.000000,40.000000,1.727001,0.000000
0,-0.000083,0.066667,0.062500,0.027731,0.016337,128.285714,270.480324,86.798211,91.079517,43.399106,45.539759,250,130,0.066667,1100.000000,0.000000,40.000000,1.735968,1.821591
0,0.000000,0.062500,0.062500,0.021334,0.000903,278.405000,14.816327,83.706305,43.333333,41.853153,21.666667,210,90,0.062500,1100.000000,0.000000,40.000000,1.674127,0.000000
0,-0.003097,0.250000,0.035714,0.107016,0.075573,363.117489,489.634074,84.122953,86.441923,42.061476,43.220962,250,170,0.250000,1900.000000,0.000000,40.000000,1.682475,1.728846
0,0.000015,0.571429,0.565217,0.005023,0.142858,90.000000,1844.816327,81.997473,40.314422,40.998737,20.157211,600,140,0.600000,2100.000000,0.000000,40.000000,1.639950,0.000000
0,0.000000,0.400000,0.400000,0.806358,0.040398,2903.183673,500.000000,72.639330,40.000000,36.319665,20.000000,630,20,0.400000,1200.000000,0.000000,35.000000,1.452905,0.000000
0,-0.003097,0.250000,0.035714,0.107016,0.075573,363.117489,489.634074,84.122953,86.441923,42.061476,43.220962,380,250,0.250000,1900.000000,0.000000,40.000000,1.682475,1.728846
0,0.000000,1.000000,1.000000,0.102401,0.024141,4211.179012,297.562500,56.547619,41.111111,28.273810,20.555556,520,10,1.000000,1300.000000,0.000000,25.000000,1.130954,0.000000
0,-0.000291,0.142857,0.086957,0.180661,0.056803,896.367347,800.000000,78.314534,50.000000,39.157267,25.000000,500,140,0.142857,2100.000000,0.000000,35.000000,1.566310,0.000000
0,0.000000,0.060606,0.060606,0.028620,0.142858,2836.386667,1844.816327,89.798084,40.314422,44.899042,20.157211,700,640,0.060606,1100.000000,0.000000,40.000000,1.795963,0.000000
0,0.000025,0.111111,0.133333,0.079899,0.249269,141.640944,426.666667,69.338803,36.000000,34.669401,18.000000,550,160,0.142857,1900.000000,0.000000,30.000000,1.386799,0.000000
0,-0.000266,0.285714,0.285714,0.003297,0.005050,62.326553,96.000000,83.716858,39.999733,41.858429,19.999867,150,50,0.400000,1500.000000,0.000000,40.000000,1.674337,0.000000
0,-0.000150,0.125000,0.100000,0.350112,0.070907,2766.548611,726.562500,87.484498,85.499545,43.742249,42.749773,330,150,0.125000,2400.000000,0.000000,40.000000,1.749713,1.709997
0,-0.000607,0.086957,0.027027,0.131155,0.030070,2858.082645,447.785000,90.000000,40.768452,45.000000,20.384226,400,360,0.117647,3500.000000,0.000000,40.000000,1.800003,0.000000
0,-0.002673,0.500000,0.095238,0.267855,0.000000,2679.710625,0.000000,91.392422,0.000000,45.696211,0.000000,500,150,0.500000,2500.000000,0.000000,45.000000,1.827862,0.000000
0,0.000000,0.076923,0.076923,0.062643,0.029619,127.005714,489.699074,89.464645,100.000000,44.732322,50.000000,550,460,0.076923,1100.000000,0.000000,40.000000,1.789310,2.000001
0,0.002123,0.083333,0.280000,0.532289,0.061852,4959.191563,194.326531,85.476190,33.888889,42.738095,16.944444,490,370,0.280000,1600.000000,0.000000,40.000000,1.709553,0.000000
0,0.000000,0.153846,0.153846,0.043409,0.016910,107.845000,275.625000,86.349397,50.000000,43.174698,25.000000,660,90,0.153846,1100.000000,0.000000,40.000000,1.727001,0.000000
0,-0.000152,0.090909,0.083333,0.006046,0.056803,77.248889,800.000000,48.909166,50.000000,24.454583,25.000000,230,10,0.090909,1200.000000,0.000000,20.000000,0.978184,0.000000
0,0.000000,1.000000,1.000000,0.882657,0.000000,1012.500000,0.000000,77.823360,0.000000,38.911680,0.000000,120,20,1.000000,6300.000000,0.000000,35.000000,1.557114,0.000000
0,-0.003330,0.400000,0.200000,0.447325,0.031337,5781.250000,504.040000,70.442975,79.971884,35.221487,39.985942,560,60,0.400000,1600.000000,0.000000,35.000000,1.408877,1.599439
0,-0.000929,0.333333,0.125000,0.111126,0.016779,1149.000000,287.574074,70.000000,91.666667,35.000000,45.833333,100,10,0.333333,2600.000000,0.000000,35.000000,1.400006,1.833334
0,0.000000,0.400000,0.400000,0.061691,0.023553,2666.070312,320.000000,88.529012,41.999680,44.264506,20.999840,550,90,0.400000,1000.000000,0.000000,40.000000,1.770581,0.000000
0,0.000000,0.400000,0.400000,0.806358,0.040398,2903.183673,500.000000,72.639330,40.000000,36.319665,20.000000,530,20,0.400000,1200.000000,0.000000,35.000000,1.452905,0.000000
0,0.000000,0.060606,0.060606,0.028620,0.142858,2836.386667,1844.816327,89.798084,40.314422,44.899042,20.157211,700,540,0.060606,1100.000000,0.000000,40.000000,1.795963,0.000000
0,-0.000040,0.045455,0.043478,0.021003,0.000000,2681.866667,0.000000,85.984848,0.000000,42.992424,0.000000,540,240,0.045455,1100.000000,0.000000,40.000000,1.719698,0.000000
0,0.000000,0.076923,0.076923,0.062643,0.029619,127.005714,489.699074,89.464645,100.000000,44.732322,50.000000,660,250,0.076923,1100.000000,0.000000,40.000000,1.789310,2.000001
0,0.000000,0.076923,0.076923,1.210923,0.000861,3052.007778,17.285714,55.180657,42.857143,27.590329,21.428571,510,10,0.076923,1400.000000,0.000000,25.000000,1.103855,0.000000
0,-0.000929,0.333333,0.125000,0.111126,0.016779,1149.000000,287.574074,70.000000,91.666667,35.000000,45.833333,310,10,0.333333,2600.000000,0.000000,35.000000,1.400006,1.833334
0,0.002123,0.083333,0.280000,0.532289,0.061852,4959.191563,194.326531,85.476190,33.888889,42.738095,16.944444,590,370,0.280000,1600.000000,0.000000,40.000000,1.709553,0.000000
0,0.000000,0.076923,0.076923,0.062643,0.029619,127.005714,489.699074,89.464645,100.000000,44.732322,50.000000,660,460,0.076923,1100.000000,0.000000,40.000000,1.789310,2.000001
0,-0.000414,0.173913,0.142857,0.005088,0.017760,90.111111,310.074074,89.716618,89.999733,44.858309,44.999867,420,150,0.181818,1500.000000,0.000000,40.000000,1.794333,1.799995
0,0.000000,0.076923,0.076923,0.062643,0.029619,127.005714,489.699074,89.464645,100.000000,44.732322,50.000000,550,250,0.076923,1100.000000,0.000000,40.000000,1.789310,2.000001
0,-0.000167,0.133333,0.125000,0.008497,0.003627,109.125000,56.406250,83.682963,41.079517,41.841482,20.539759,130,90,0.133333,1100.000000,0.000000,40.000000,1.673660,0.000000
0,0.000000,0.400000,0.400000,0.061691,0.023553,2666.070312,320.000000,88.529012,41.999680,44.264506,20.999840,650,90,0.400000,1000.000000,0.000000,40.000000,1.770581,0.000000
0,-0.002818,0.900000,0.625000,0.023442,0.012710,90.034722,214.074074,95.000000,50.000000,47.500000,25.000000,170,10,0.900000,1900.000000,0.000000,45.000000,1.900005,0.000000
0,-0.000414,0.173913,0.142857,0.005088,0.017760,90.111111,310.074074,89.716618,89.999733,44.858309,44.999867,210,150,0.181818,1500.000000,0.000000,40.000000,1.794333,1.799995
0,-0.000620,0.285714,0.125000,0.274557,0.042930,2700.640625,847.000000,82.000000,40.000000,41.000000,20.000000,500,400,0.285714,2500.000000,0.000000,40.000000,1.640014,0.000000
0,-0.002673,0.500000,0.095238,0.267855,0.000000,2679.710625,0.000000,91.392422,0.000000,45.696211,0.000000,400,150,0.500000,2500.000000,0.000000,45.000000,1.827862,0.000000
0,-0.000083,0.066667,0.062500,0.027731,0.016337,128.285714,270.480324,86.798211,91.079517,43.399106,45.539759,460,130,0.066667,1100.000000,0.000000,40.000000,1.735968,1.821591
0,-0.000964,0.333333,0.250000,0.009441,0.004069,158.611111,73.500000,85.000000,41.666667,42.500000,20.833333,80,10,0.333333,1900.000000,0.000000,40.000000,1.700000,0.000000
0,-0.004158,0.300000,0.125000,0.083574,0.062864,340.304989,275.560000,79.122953,36.441923,39.561476,18.220962,250,10,0.533333,1900.000000,0.000000,35.000000,1.582470,0.000000
0,-0.000620,0.285714,0.125000,0.274557,0.042930,2700.640625,847.000000,82.000000,40.000000,41.000000,20.000000,400,400,0.285714,2500.000000,0.000000,40.000000,1.640014,0.000000
0,0.000000,0.076923,0.076923,1.210923,0.000861,3052.007778,17.285714,55.180657,42.857143,27.590329,21.428571,610,10,0.076923,1400.000000,0.000000,25.000000,1.103855,0.000000
0,-0.000607,0.086957,0.027027,0.131155,0.030070,2858.082645,447.785000,90.000000,40.768452,45.000000,20.384226,360,300,0.117647,3500.000000,0.000000,40.000000,1.800003,0.000000
0,-0.002818,0.900000,0.625000,0.023442,0.012710,90.034722,214.074074,95.000000,50.000000,47.500000,25.000000,380,10,0.900000,1900.000000,0.000000,45.000000,1.900005,0.000000
0,-0.000150,0.125000,0.100000,0.350112,0.070907,2766.548611,726.562500,87.484498,85.499545,43.742249,42.749773,150,110,0.125000,2400.000000,0.000000,40.000000,1.749713,1.709997
0,0.000000,0.666667,0.666667,0.001255,0.056370,36.000000,800.000000,55.999848,39.997285,27.999924,19.998642,60,10,0.666667,2200.000000,0.000000,25.000000,1.119997,0.000000
0,0.000000,1.000000,1.000000,0.369043,0.000000,1400.000000,0.000000,79.999543,0.000000,39.999772,0.000000,100,90,1.000000,4700.000000,0.000000,35.000000,1.600056,0.000000
0,0.000000,0.062500,0.062500,0.034630,0.076183,447.446746,1124.000000,78.054160,91.111110,39.027080,45.555555,600,70,0.062500,1200.000000,0.000000,35.000000,1.561085,1.822225
0,0.000000,0.125000,0.125000,0.015244,0.005672,145.027778,121.500000,81.213003,41.666667,40.606502,20.833333,530,160,0.125000,1100.000000,0.000000,40.000000,1.624262,0.000000
0,0.000000,0.111111,0.111111,0.007433,0.039695,78.500000,576.000000,77.914148,80.656726,38.957074,40.328363,190,70,0.111111,1200.000000,0.000000,35.000000,1.558283,1.613136
0,0.000000,0.666667,0.666667,0.012882,0.028031,35.146814,499.720000,74.166501,40.000377,37.083251,20.000188,460,130,0.666667,1800.000000,0.000000,35.000000,1.483334,0.000000
0,0.001439,0.250000,0.300000,0.044583,0.025103,92.734694,426.666667,78.187063,40.909241,39.093532,20.454621,550,30,0.300000,2000.000000,0.000000,35.000000,1.563754,0.000000
0,0.000000,0.272727,0.272727,0.010195,0.078700,37.416667,300.000000,81.546337,45.833333,40.773168,22.916667,160,110,0.272727,1100.000000,0.000000,40.000000,1.630929,0.000000
0,0.000000,0.062500,0.062500,0.265003,0.076183,2202.722222,1124.000000,80.976551,91.111110,40.488275,45.555555,90,40,0.062500,1000.000000,0.000000,40.000000,1.619547,1.822225
0,-0.000437,0.400000,0.333333,0.003367,0.001849,84.000000,45.000000,55.999975,42.000000,27.999988,21.000000,270,10,0.400000,2200.000000,0.000000,25.000000,1.120000,0.000000
0,-0.000180,0.214286,0.250000,0.007072,0.000000,90.723750,0.000000,91.818355,0.000000,45.909178,0.000000,120,10,0.300000,2100.000000,0.000000,45.000000,1.836367,0.000000
0,0.000000,0.166667,0.166667,0.035493,0.000887,167.040111,96.000000,75.908917,33.416358,37.954458,16.708179,310,80,0.166667,1400.000000,0.000000,35.000000,1.518184,0.000000
0,0.000000,0.538462,0.538462,0.052887,0.026542,743.527778,433.210938,80.226256,41.219054,40.113128,20.609527,350,160,0.538462,1100.000000,0.000000,40.000000,1.604528,0.000000
0,0.000000,0.166667,0.166667,0.023803,0.000000,45.834711,0.000000,79.472697,0.000000,39.736348,0.000000,210,170,0.166667,1000.000000,0.000000,35.000000,1.589463,0.000000
0,-0.000180,0.214286,0.250000,0.006786,0.069315,167.547454,379.900826,90.831657,38.823529,45.415829,19.411764,330,10,0.300000,2100.000000,0.000000,45.000000,1.816633,0.000000
0,0.000000,0.166667,0.166667,0.031381,0.567468,344.500000,7084.000000,78.247481,80.767589,39.123740,40.383794,590,70,0.166667,1200.000000,0.000000,35.000000,1.564951,1.615375
0,0.000483,0.086957,0.100000,0.272127,0.038590,3648.523125,800.000000,81.019613,79.999993,40.509807,39.999997,540,160,0.100000,1800.000000,0.000000,40.000000,1.620402,1.600001
0,0.001664,0.125000,0.200000,0.051722,0.015693,693.900000,328.171598,90.036142,83.333333,45.018071,41.666667,420,360,0.200000,1700.000000,0.000000,45.000000,1.800725,1.666667
0,-0.001235,0.250000,0.111111,0.067442,0.378819,164.460000,5013.187500,48.459338,77.559927,24.229669,38.779964,110,10,0.571429,4800.000000,0.000000,20.000000,0.969202,1.551213
0,0.000000,0.250000,0.250000,0.140079,0.020492,468.000000,444.444444,81.110966,50.000000,40.555483,25.000000,550,260,0.250000,1600.000000,0.000000,40.000000,1.622249,0.000000
0,-0.000025,0.035714,0.034483,0.042278,0.104145,580.851211,1733.602500,83.107550,81.405360,41.553775,40.702680,720,300,0.035714,1100.000000,0.000000,40.000000,1.662153,1.628110
0,-0.001579,0.250000,0.200000,0.076985,0.004978,83.000000,96.200000,66.183199,92.351664,33.091600,46.175832,160,90,0.555556,2500.000000,0.000000,30.000000,1.323714,1.847033
0,0.000000,0.461538,0.461538,0.033937,0.011073,305.720000,203.062500,77.518934,41.111110,38.759467,20.555555,260,140,0.461538,1600.000000,0.000000,35.000000,1.550381,0.000000
0,0.003150,0.333333,0.461538,0.003547,0.005301,563.903061,122.500000,37.231075,41.999987,18.615538,20.999994,280,10,0.461538,2700.000000,0.000000,15.000000,0.744622,0.000000
0,0.000000,0.125000,0.125000,0.011500,0.001069,232.506944,22.651200,91.874800,50.000000,45.937400,25.000000,420,320,0.125000,1500.000000,0.000000,45.000000,1.837496,0.000000
0,0.000120,0.555556,0.625000,0.183121,0.063209,1556.645833,1508.000000,78.666533,80.000000,39.333266,40.000000,320,140,0.833333,4000.000000,0.000000,35.000000,1.573341,1.600001
0,0.000568,0.062500,0.090909,0.024953,0.020848,54.334711,324.000000,79.441066,41.111111,39.720533,20.555556,170,90,0.090909,1100.000000,0.000000,35.000000,1.588830,0.000000
0,-0.000055,0.100000,0.055556,0.071435,0.036917,828.750000,733.210938,81.736162,81.352140,40.868081,40.676070,350,230,0.100000,2400.000000,0.000000,40.000000,1.634726,1.627044
0,-0.001139,0.166667,0.809524,0.009501,0.024001,121.266667,499.720000,41.299397,40.000030,20.649699,20.000015,380,10,1.000000,2700.000000,0.000000,20.000000,0.825988,0.000000
0,0.000000,0.250000,0.250000,0.140079,0.020492,468.000000,444.444444,81.110966,50.000000,40.555483,25.000000,390,260,0.250000,1600.000000,0.000000,40.000000,1.622249,0.000000
0,-0.000214,0.214286,0.200000,0.004249,0.004978,130.055000,96.200000,84.182492,92.351664,42.091246,46.175832,320,190,0.214286,1500.000000,0.000000,40.000000,1.683650,1.847033
0,-0.002033,0.178571,0.076923,0.037037,0.051293,591.946746,926.562500,82.014750,91.082831,41.007375,45.541416,590,270,0.178571,1400.000000,0.000000,40.000000,1.640296,1.821658
0,-0.000606,0.090909,0.076923,0.002792,0.051293,182.888889,926.562500,49.250390,91.082831,24.625195,45.541416,270,10,0.178571,1400.000000,0.000000,20.000000,0.985008,1.821658
0,0.000000,0.047619,0.047619,0.065086,0.000000,654.834711,0.000000,78.594387,0.000000,39.297193,0.000000,340,170,0.047619,1100.000000,0.000000,35.000000,1.571898,0.000000
0,0.000000,0.250000,0.250000,0.140079,0.020492,468.000000,444.444444,81.110966,50.000000,40.555483,25.000000,430,260,0.250000,1600.000000,0.000000,40.000000,1.622249,0.000000
0,0.001664,0.125000,0.200000,0.051722,0.015693,693.900000,328.171598,90.036142,83.333333,45.018071,41.666667,420,410,0.200000,1700.000000,0.000000,45.000000,1.800725,1.666667
0,0.001263,0.050000,0.153846,0.124640,0.029302,1235.881657,622.220000,82.425589,82.000017,41.212795,41.000009,220,120,0.153846,4300.000000,0.000000,40.000000,1.648518,1.640001
0,0.000000,0.172414,0.172414,0.040038,0.051293,974.265615,926.562500,88.000000,91.082831,44.000000,45.541416,310,10,0.172414,1000.000000,0.000000,40.000000,1.760004,1.821658
0,-0.000884,0.166667,0.090909,0.156988,0.008919,423.000000,180.000000,60.666522,40.000000,30.333261,20.000000,450,260,0.166667,1600.000000,0.000000,30.000000,1.213378,0.000000
0,0.000020,0.055556,0.055556,0.065230,0.038566,869.134694,744.629630,81.852495,81.386345,40.926248,40.693172,420,170,0.055556,1700.000000,0.000000,40.000000,1.637052,1.627728
0,0.000000,0.125000,0.125000,0.011500,0.001069,232.506944,22.651200,91.874800,50.000000,45.937400,25.000000,440,320,0.125000,1500.000000,0.000000,45.000000,1.837496,0.000000
0,-0.000481,0.222222,0.125000,0.015485,0.001069,65.312500,22.651200,74.000000,50.000000,37.000000,25.000000,350,170,0.222222,2400.000000,0.000000,35.000000,1.480005,0.000000
0,0.000000,0.100000,0.100000,0.412890,0.044885,829.834711,810.000000,73.222680,40.997989,36.611340,20.498994,510,170,0.100000,1100.000000,0.000000,35.000000,1.464557,0.000000
0,0.000000,0.100000,0.100000,0.023734,0.013470,53.834711,300.000000,76.972697,39.999993,38.486348,19.999997,670,170,0.100000,1100.000000,0.000000,35.000000,1.539463,0.000000
0,-0.000481,0.222222,0.125000,0.015485,0.001069,65.312500,22.651200,74.000000,50.000000,37.000000,25.000000,330,170,0.222222,2400.000000,0.000000,35.000000,1.480005,0.000000
0,0.000080,0.214286,0.095238,0.187087,0.005784,458.816327,111.111111,67.337103,50.000000,33.668552,25.000000,130,10,0.214286,2200.000000,0.000000,30.000000,1.346788,0.000000
0,0.000000,0.250000,0.250000,0.120489,0.160355,571.500000,1494.500000,79.311916,79.971858,39.655958,39.985929,320,220,0.250000,1000.000000,0.000000,35.000000,1.586255,1.599449
0,-0.002407,0.250000,0.181818,0.031334,0.107644,400.250000,716.000000,49.250000,81.108581,24.625000,40.554291,220,10,0.437500,2000.000000,0.000000,20.000000,0.985001,1.622181
0,-0.000171,0.071429,0.055556,0.021586,0.000000,260.555556,0.000000,83.616052,0.000000,41.808026,0.000000,150,50,0.071429,2000.000000,0.000000,40.000000,1.672322,0.000000
0,-0.000230,1.000000,0.555556,0.020637,0.098198,337.408163,644.000000,70.640974,79.994597,35.320487,39.997299,100,10,1.000000,3200.000000,0.000000,35.000000,1.412821,1.599901
0,0.000762,0.047619,0.095238,0.249690,0.005784,1321.280000,111.111111,79.934614,50.000000,39.967307,25.000000,230,120,0.095238,1200.000000,0.000000,35.000000,1.598718,0.000000
0,0.001232,0.300000,0.200000,0.004279,0.006235,108.095000,112.000000,49.999967,42.857143,24.999983,21.428571,250,10,0.300000,3400.000000,0.000000,20.000000,1.000000,0.000000
0,-0.000112,0.037037,0.030303,0.041383,0.007432,362.969751,96.000000,80.003481,41.614500,40.001740,20.807250,350,230,0.037037,1200.000000,0.000000,40.000000,1.600073,0.000000
0,0.000000,0.222222,0.222222,0.056951,0.000000,457.025455,0.000000,45.217147,0.000000,22.608573,0.000000,250,10,0.222222,1000.000000,0.000000,20.000000,0.904347,0.000000
0,-0.000093,0.040000,0.032258,0.022772,0.004791,273.048056,73.548800,83.405181,42.352840,41.702591,21.176420,150,150,0.040000,2000.000000,0.000000,40.000000,1.668105,0.000000
0,0.000762,0.047619,0.095238,0.278199,0.005784,1321.280000,111.111111,79.934614,50.000000,39.967307,25.000000,320,230,0.095238,1200.000000,0.000000,35.000000,1.598724,0.000000
0,-0.000992,0.166667,0.071429,0.125507,0.132672,553.280000,1645.312500,72.752307,39.980545,36.376154,19.990272,180,180,0.166667,1700.000000,0.000000,35.000000,1.455068,0.000000
0,-0.002952,0.666667,0.500000,0.253138,0.651997,587.407407,7152.000000,70.052692,79.995298,35.026346,39.997649,560,250,0.666667,1700.000000,0.000000,35.000000,1.401119,1.599939
0,-0.000015,0.800000,0.400000,0.049071,0.046872,275.000000,864.000000,80.000000,39.999998,40.000000,19.999999,250,150,0.800000,4200.000000,0.000000,35.000000,1.600005,0.000000
0,0.000000,0.062500,0.062500,0.054930,0.070254,1648.487837,1327.693878,88.749775,90.802083,44.374888,45.401042,660,10,0.062500,1200.000000,0.000000,40.000000,1.774997,1.816044
0,0.000000,0.030303,0.030303,0.293890,0.043548,4489.105263,800.000000,86.593183,50.000000,43.296592,25.000000,260,30,0.030303,1000.000000,0.000000,40.000000,1.731873,0.000000
0,-0.000048,0.363636,0.173913,0.008119,0.004871,42.484375,86.260204,57.814989,91.529028,28.907495,45.764514,90,80,0.363636,1900.000000,0.000000,25.000000,1.156301,1.830581
0,-0.000793,0.166667,0.071429,0.030198,0.106224,364.444444,1645.312500,82.979921,39.998453,41.489960,19.999226,180,80,0.166667,1800.000000,0.000000,40.000000,1.659600,0.000000
0,-0.000372,0.500000,0.454545,0.036765,0.003302,417.836364,60.493197,60.046562,93.333333,30.023281,46.666667,110,10,0.500000,1600.000000,0.000000,30.000000,1.200933,1.866667
0,0.000000,0.235294,0.235294,0.062334,0.000000,196.480000,0.000000,51.704545,0.000000,25.852273,0.000000,480,10,0.235294,1100.000000,0.000000,25.000000,1.034102,0.000000
0,-0.000349,0.250000,0.200000,0.489103,0.062858,1484.000000,1177.600000,75.679402,80.649805,37.839701,40.324903,410,170,0.250000,2200.000000,0.000000,35.000000,1.513669,1.612998
0,0.000000,0.055556,0.055556,0.001406,0.007477,240.680473,134.256198,78.188776,41.999993,39.094388,20.999996,160,10,0.055556,1000.000000,0.000000,35.000000,1.563776,0.000000
0,-0.000086,0.055556,0.047619,0.389704,0.044470,5061.333333,829.160000,81.202615,92.194120,40.601308,46.097060,420,50,0.055556,3300.000000,0.000000,40.000000,1.624067,1.843884
0,0.000000,0.071429,0.071429,0.110359,0.113701,1628.569362,1779.568698,75.586783,81.998446,37.793392,40.999223,260,10,0.071429,1000.000000,0.000000,35.000000,1.511740,1.639973
0,0.000000,0.030303,0.030303,0.293890,0.043548,4489.105263,800.000000,86.593183,50.000000,43.296592,25.000000,260,70,0.030303,1000.000000,0.000000,40.000000,1.731873,0.000000
0,0.005239,0.090909,0.444444,0.008040,0.045369,136.111111,836.571429,58.000076,100.000000,29.000038,50.000000,470,10,0.470588,1600.000000,0.000000,25.000000,1.160002,2.000001
0,0.000000,0.055556,0.055556,0.306539,0.506581,359.367347,2934.027778,79.704346,46.000000,39.852173,23.000000,150,20,0.055556,1100.000000,0.000000,35.000000,1.594226,0.000000
0,-0.000038,0.050000,0.047619,0.004150,0.044470,836.460059,829.160000,88.833333,92.194120,44.416667,46.097060,260,10,0.050000,1200.000000,0.000000,40.000000,1.776667,1.843884
0,-0.000202,0.090909,0.071429,0.161120,0.016452,505.420000,63.967156,45.081885,87.777778,22.540943,43.888889,490,10,0.090909,1800.000000,0.000000,20.000000,0.901664,1.755559
0,0.000000,0.166667,0.166667,0.032601,0.114485,447.851211,2112.437500,83.107549,90.322580,41.553775,45.161290,720,190,0.166667,1300.000000,0.000000,40.000000,1.662152,1.806455
0,0.000873,0.090909,0.272727,0.070865,0.127401,291.695011,2212.437500,45.222031,90.322580,22.611015,45.161290,690,10,0.615385,1600.000000,0.000000,20.000000,0.904450,1.806455
0,-0.000047,0.055556,0.062500,0.161216,0.070254,2522.174694,1327.693878,71.112676,90.802083,35.556338,45.401042,550,520,0.071429,2300.000000,0.000000,35.000000,1.422269,1.816044
0,0.000000,0.250000,0.250000,0.002662,0.001005,59.000000,27.000000,42.339411,40.000000,21.169706,20.000000,30,10,0.250000,2300.000000,0.000000,20.000000,0.846788,0.000000
0,0.000000,0.722222,0.722222,0.003120,0.003836,73.963471,73.548800,48.392743,42.352933,24.196371,21.176467,250,10,0.722222,1100.000000,0.000000,20.000000,0.967855,0.000000
0,0.002735,0.307692,0.444444,0.200303,0.045369,2045.693878,836.571429,83.616543,100.000000,41.808271,50.000000,640,20,0.444444,1100.000000,0.000000,40.000000,1.672341,2.000001
0,0.000460,0.357143,0.444444,0.432502,0.045369,4981.000000,836.571429,88.689795,100.000000,44.344898,50.000000,420,300,0.470588,3300.000000,0.000000,40.000000,1.773829,2.000001
0,0.000000,0.722222,0.722222,0.001406,0.000000,45.480000,0.000000,49.583333,0.000000,24.791667,0.000000,150,10,0.722222,1100.000000,0.000000,20.000000,0.991667,0.000000
0,-0.000091,0.125000,0.111111,0.626613,0.204250,1032.000000,4032.326531,69.243547,89.656639,34.621774,44.828319,210,80,0.125000,1900.000000,0.000000,30.000000,1.385062,1.793138
0,0.011200,0.166667,1.000000,0.002506,0.074180,49.888889,1500.000000,50.500076,100.000000,25.250038,50.000000,160,10,1.000000,1600.000000,0.000000,25.000000,1.010002,2.000002
0,0.000000,0.222222,0.222222,0.001286,0.007477,236.160473,134.256198,74.345096,41.999993,37.172548,20.999996,20,10,0.222222,1000.000000,0.000000,35.000000,1.486902,0.000000
0,-0.000112,0.200000,0.166667,0.018838,0.032453,266.222222,736.571429,90.000000,100.000000,45.000000,50.000000,620,110,0.200000,2100.000000,0.000000,40.000000,1.800001,2.000001
0,-0.000111,0.062500,0.055556,0.534257,0.506581,1016.583333,2934.027778,74.437175,46.000000,37.218587,23.000000,680,130,0.062500,1300.000000,0.000000,35.000000,1.488888,0.000000
0,0.000693,0.142857,0.173913,0.236415,0.004871,610.980000,86.260204,78.309195,91.529028,39.154598,45.764514,490,100,0.173913,1800.000000,0.000000,35.000000,1.566233,1.830581
0,-0.000364,0.625000,0.555556,0.322254,0.029925,2002.111111,484.000000,77.638982,41.110933,38.819491,20.555467,160,150,0.625000,1700.000000,0.000000,35.000000,1.552821,0.000000
0,0.002735,0.307692,0.444444,0.200303,0.045369,2045.693878,836.571429,83.616543,100.000000,41.808271,50.000000,60,20,0.444444,1100.000000,0.000000,40.000000,1.672341,2.000001
0,-0.000374,0.285714,0.235294,0.003727,0.000000,82.000000,0.000000,64.539184,0.000000,32.269592,0.000000,360,10,0.285714,2500.000000,0.000000,30.000000,1.290784,0.000000
0,0.000460,0.357143,0.444444,0.432502,0.045369,4981.000000,836.571429,88.689795,100.000000,44.344898,50.000000,500,420,0.470588,3300.000000,0.000000,40.000000,1.773829,2.000001
0,-0.000372,0.500000,0.454545,0.036765,0.003302,417.836364,60.493197,60.046562,93.333333,30.023281,46.666667,510,10,0.500000,1600.000000,0.000000,30.000000,1.200933,1.866667
0,-0.000091,0.125000,0.111111,0.231195,0.204250,1493.980000,4032.326531,78.490948,89.656639,39.245474,44.828319,490,220,0.125000,1800.000000,0.000000,35.000000,1.569848,1.793138
0,0.000000,0.055556,0.055556,2.600025,0.506581,1152.000000,2934.027778,87.530715,46.000000,43.765358,23.000000,160,30,0.055556,1000.000000,0.000000,40.000000,1.753610,0.000000
0,0.000000,1.000000,1.000000,0.001923,0.074180,781.710059,1500.000000,90.500000,100.000000,45.250000,50.000000,200,10,1.000000,1200.000000,0.000000,45.000000,1.810000,2.000002
0,0.000000,0.032258,0.032258,0.003118,0.011312,269.163944,207.804998,78.021050,84.352926,39.010525,42.176463,260,10,0.032258,1000.000000,0.000000,35.000000,1.560421,1.687059
0,0.000000,0.030303,0.030303,0.293890,0.043548,4489.105263,800.000000,86.593183,50.000000,43.296592,25.000000,650,260,0.030303,1000.000000,0.000000,40.000000,1.731873,0.000000
0,0.000000,0.166667,0.166667,0.017145,0.032453,98.500000,736.571429,77.563230,100.000000,38.781615,50.000000,220,30,0.166667,1000.000000,0.000000,35.000000,1.551267,2.000001
0,0.002667,1.000000,1.000000,0.085232,0.074180,590.942149,1500.000000,78.499919,100.000000,39.249960,50.000000,540,110,1.000000,2100.000000,0.000000,35.000000,1.570005,2.000002
0,-0.000202,0.090909,0.071429,0.161619,0.016452,505.420000,63.967156,45.081885,87.777778,22.540943,43.888889,90,10,0.090909,1800.000000,0.000000,20.000000,0.901665,1.755559
0,0.000000,0.250000,0.250000,0.001285,0.001005,47.480000,27.000000,46.250000,40.000000,23.125000,20.000000,130,10,0.250000,1100.000000,0.000000,20.000000,0.925000,0.000000
0,-0.000112,0.200000,0.166667,0.018838,0.032453,266.222222,736.571429,90.000000,100.000000,45.000000,50.000000,420,110,0.200000,2100.000000,0.000000,40.000000,1.800001,2.000001
0,-0.006487,0.400000,0.055556,0.036784,0.000899,176.000000,19.419753,53.744011,50.000000,26.872005,25.000000,180,10,0.636364,2500.000000,0.000000,25.000000,1.074885,0.000000
0,0.000000,0.235294,0.235294,0.062334,0.000000,196.480000,0.000000,51.704545,0.000000,25.852273,0.000000,500,10,0.235294,1100.000000,0.000000,25.000000,1.034102,0.000000
0,0.003889,0.250000,0.444444,0.027045,0.045369,772.710059,836.571429,98.000000,100.000000,49.000000,50.000000,710,10,0.444444,1200.000000,0.000000,45.000000,1.960014,2.000001
0,0.000000,0.071429,0.071429,0.219443,0.106224,1433.368889,1645.312500,42.585158,39.998453,21.292579,19.999226,250,10,0.071429,1100.000000,0.000000,20.000000,0.851720,0.000000
0,0.003889,0.250000,0.444444,0.027045,0.045369,772.710059,836.571429,98.000000,100.000000,49.000000,50.000000,510,10,0.444444,1200.000000,0.000000,45.000000,1.960014,2.000001
0,0.002735,0.307692,0.444444,0.000000,0.045369,766.403937,836.571429,89.666667,100.000000,44.833333,50.000000,10,10,0.444444,1200.000000,0.000000,40.000000,1.793333,2.000001
0,0.000000,0.062500,0.062500,0.322122,0.070254,3081.000000,1327.693878,78.263513,90.802083,39.131757,45.401042,650,40,0.062500,1300.000000,0.000000,35.000000,1.565288,1.816044
0,0.000574,0.236842,0.272727,0.006740,0.127401,1156.898331,2212.437500,87.216504,90.322580,43.608252,45.161290,730,10,0.272727,1200.000000,0.000000,40.000000,1.744330,1.806455
0,0.001069,0.100000,0.272727,0.182425,0.127401,886.367347,2212.437500,80.317035,90.322580,40.158517,45.161290,600,500,0.615385,2500.000000,0.000000,40.000000,1.606360,1.806455
0,-0.000080,0.052632,0.047619,0.268624,0.044470,2296.752834,829.160000,79.341515,92.194120,39.670757,46.097060,250,40,0.052632,1300.000000,0.000000,35.000000,1.586846,1.843884
0,0.000000,0.055556,0.055556,0.130742,0.008982,273.828125,171.500000,81.006186,41.427135,40.503093,20.713567,420,150,0.055556,1100.000000,0.000000,40.000000,1.620157,0.000000
0,0.000000,0.055556,0.055556,0.010203,0.022199,184.592426,406.125000,47.354426,40.933289,23.677213,20.466644,460,10,0.055556,1100.000000,0.000000,20.000000,0.947089,0.000000
0,0.000116,0.785714,0.722222,0.011202,0.003836,95.379630,73.548800,52.453429,42.352933,26.226714,21.176467,110,10,0.785714,2500.000000,0.000000,25.000000,1.049070,0.000000
0,-0.000374,0.285714,0.235294,0.003727,0.000000,82.000000,0.000000,64.539184,0.000000,32.269592,0.000000,340,10,0.285714,2500.000000,0.000000,30.000000,1.290784,0.000000
0,0.005239,0.090909,0.444444,0.008040,0.045369,136.111111,836.571429,58.000076,100.000000,29.000038,50.000000,670,10,0.470588,1600.000000,0.000000,25.000000,1.160002,2.000001
0,-0.006182,0.466667,0.055556,0.004298,0.000899,130.006944,19.419753,85.180031,50.000000,42.590016,25.000000,320,90,0.466667,1700.000000,0.000000,40.000000,1.703601,0.000000
0,0.000000,0.166667,0.166667,0.000772,0.046554,27.111111,45.000000,52.658067,34.000000,26.329034,17.000000,70,10,0.166667,1300.000000,0.000000,25.000000,1.053161,0.000000
0,0.000000,0.142857,0.142857,0.333798,0.166579,3624.827160,3014.285714,87.027260,100.000000,43.513630,50.000000,760,70,0.142857,1000.000000,0.000000,40.000000,1.740567,2.000005
0,0.000000,0.071429,0.071429,0.025387,0.010663,63.843750,177.255022,91.666669,91.999778,45.833335,45.999889,740,180,0.071429,1000.000000,0.000000,45.000000,1.833339,1.839996
0,-0.002000,0.555556,0.444444,0.044801,0.000000,394.462585,0.000000,81.249725,0.000000,40.624863,0.000000,200,150,0.555556,1300.000000,0.000000,40.000000,1.624999,0.000000
0,0.000000,0.500000,0.500000,0.007218,0.001107,117.250000,27.000000,50.000000,40.000000,25.000000,20.000000,380,10,0.500000,2400.000000,0.000000,25.000000,1.000000,0.000000
0,0.001330,0.181818,0.285714,0.241443,0.420086,2959.222222,6402.666667,80.609241,40.283295,40.304621,20.141647,670,260,0.285714,1800.000000,0.000000,40.000000,1.612195,0.000000
0,-0.001235,0.222222,0.200000,0.135482,0.041976,265.750000,733.752066,82.326985,100.000000,41.163493,50.000000,470,90,0.357143,3500.000000,0.000000,40.000000,1.646580,2.000001
0,0.000000,0.142857,0.142857,0.048615,0.034769,121.361111,540.000000,89.998801,50.000000,44.999400,25.000000,310,50,0.142857,1500.000000,0.000000,40.000000,1.799986,0.000000
0,-0.003143,0.357143,0.200000,0.165067,0.041976,179.040000,733.752066,74.166635,100.000000,37.083317,50.000000,600,60,0.357143,1100.000000,0.000000,35.000000,1.483502,2.000001
0,0.006167,0.250000,0.500000,0.029556,0.066803,63.734694,1073.062500,79.999857,91.111110,39.999928,45.555555,240,60,0.500000,2000.000000,0.000000,35.000000,1.600008,1.822224
0,-0.004369,1.000000,0.333333,0.012130,0.000000,47.680000,0.000000,51.428573,0.000000,25.714287,0.000000,300,10,1.000000,1900.000000,0.000000,25.000000,1.028574,0.000000
0,0.000000,0.047619,0.047619,0.002672,0.034736,83.216066,719.419753,100.000000,100.000000,50.000000,50.000000,400,10,0.047619,1000.000000,0.000000,50.000000,2.000000,2.000001
0,0.002538,0.117647,0.240000,0.071041,0.056478,429.705000,943.187500,79.195697,90.871915,39.597848,45.435958,540,230,0.240000,2100.000000,0.000000,35.000000,1.583920,1.817440
0,0.000000,0.047619,0.047619,0.002672,0.034736,83.216066,719.419753,100.000000,100.000000,50.000000,50.000000,340,10,0.047619,1000.000000,0.000000,50.000000,2.000000,2.000001
0,-0.005265,0.750000,0.111111,1.699786,0.015518,2722.500000,300.000000,83.750000,39.986596,41.875000,19.993298,260,10,0.750000,3200.000000,0.000000,40.000000,1.675555,0.000000
0,-0.000234,0.285714,0.250000,0.096726,0.417268,1834.693878,1400.000000,46.515516,69.999840,23.257758,34.999920,120,10,0.285714,2500.000000,0.000000,20.000000,0.930314,1.400166
0,0.000665,0.090909,0.142857,0.054327,0.005063,307.909722,100.920000,77.499915,40.833333,38.749958,20.416667,370,260,0.142857,1800.000000,0.000000,35.000000,1.550004,0.000000
0,0.003864,0.181818,0.375000,1.138665,0.378667,5129.728889,608.333333,78.658762,80.000000,39.329381,40.000000,200,90,0.375000,1700.000000,0.000000,35.000000,1.573302,1.600168
0,-0.000063,0.037037,0.031250,1.182647,0.429564,5671.395556,905.371094,77.416375,69.565212,38.708187,34.782606,330,200,0.037037,1700.000000,0.000000,35.000000,1.548456,1.391476
0,0.000000,0.142857,0.142857,0.048615,0.034769,121.361111,540.000000,89.998801,50.000000,44.999400,25.000000,80,50,0.142857,1500.000000,0.000000,40.000000,1.799986,0.000000
0,-0.000361,0.100000,0.647059,0.020391,0.000000,203.240000,0.000000,50.000318,0.000000,25.000159,0.000000,260,10,0.714286,3600.000000,0.000000,25.000000,1.000007,0.000000
0,0.000000,0.500000,0.500000,0.007218,0.001107,117.250000,27.000000,50.000000,40.000000,25.000000,20.000000,360,10,0.500000,2400.000000,0.000000,25.000000,1.000000,0.000000
0,0.000000,0.642857,0.642857,0.001978,0.035752,59.843750,736.571429,100.000000,100.000000,50.000000,50.000000,540,10,0.642857,1000.000000,0.000000,50.000000,2.000000,2.000001
0,-0.000361,0.100000,0.647059,0.020391,0.000000,203.240000,0.000000,50.000318,0.000000,25.000159,0.000000,240,10,0.714286,3600.000000,0.000000,25.000000,1.000007,0.000000
0,0.001090,0.052632,0.107143,0.198926,0.034227,740.384083,600.000000,65.695379,50.000000,32.847690,25.000000,370,60,0.107143,1100.000000,0.000000,30.000000,1.314078,0.000000
0,-0.001235,0.222222,0.200000,0.135482,0.041976,265.750000,733.752066,82.326985,100.000000,41.163493,50.000000,360,90,0.357143,3500.000000,0.000000,40.000000,1.646580,2.000001
0,-0.000671,0.500000,0.250000,0.007958,0.000000,30.375000,0.000000,66.504754,0.000000,33.252377,0.000000,270,10,0.500000,2200.000000,0.000000,30.000000,1.330097,0.000000
0,0.000000,0.142857,0.142857,0.333798,0.166579,3624.827160,3014.285714,87.027260,100.000000,43.513630,50.000000,670,70,0.142857,1000.000000,0.000000,40.000000,1.740567,2.000005
0,0.000000,0.071429,0.071429,0.025387,0.010663,63.843750,177.255022,91.666669,91.999778,45.833335,45.999889,180,40,0.071429,1000.000000,0.000000,45.000000,1.833339,1.839996
0,0.001238,0.071429,0.133333,0.020686,0.040448,125.000000,694.080000,63.737433,90.833189,31.868716,45.416595,330,80,0.133333,1100.000000,0.000000,30.000000,1.274751,1.816665
0,0.008000,0.100000,0.500000,0.162372,0.066803,120.375000,1073.062500,65.833279,91.111110,32.916639,45.555555,150,60,0.500000,1100.000000,0.000000,30.000000,1.316835,1.822224
0,-0.000065,0.058824,0.055556,0.021778,0.036187,148.673469,636.100000,65.166475,92.000000,32.583237,46.000000,330,180,0.058824,1100.000000,0.000000,30.000000,1.303332,1.840001
0,0.000000,0.238095,0.238095,0.166981,0.033746,2061.102041,700.000000,90.718822,50.000000,45.359411,25.000000,270,10,0.238095,1000.000000,0.000000,45.000000,1.814383,0.000000
0,0.000872,0.700000,0.615385,0.027711,0.063551,49.534694,681.000000,65.999984,87.777764,32.999992,43.888882,240,10,0.700000,2000.000000,0.000000,30.000000,1.320010,1.755562
0,0.000000,0.125000,0.125000,0.132625,0.361870,1619.000000,2704.750000,89.996898,86.336987,44.998449,43.168494,530,10,0.125000,1000.000000,0.000000,40.000000,1.799944,1.726767
0,0.000000,0.095238,0.095238,0.023410,0.042402,92.000000,840.683594,91.666669,91.999778,45.833335,45.999889,180,10,0.095238,1000.000000,0.000000,45.000000,1.833339,1.839997
0,0.001575,0.058824,0.142857,0.254698,0.166579,3294.502551,3014.285714,90.999840,100.000000,45.499920,50.000000,560,230,0.142857,2100.000000,0.000000,45.000000,1.820007,2.000005
0,0.001575,0.058824,0.142857,0.254698,0.166579,3294.502551,3014.285714,90.999840,100.000000,45.499920,50.000000,650,230,0.142857,2100.000000,0.000000,45.000000,1.820007,2.000005
0,0.000000,0.642857,0.642857,0.001978,0.035752,59.843750,736.571429,100.000000,100.000000,50.000000,50.000000,740,10,0.642857,1000.000000,0.000000,50.000000,2.000000,2.000001
0,0.003747,0.052632,0.240000,0.179922,0.056478,375.444444,943.187500,65.416634,90.871915,32.708317,45.435958,640,60,0.240000,1100.000000,0.000000,30.000000,1.308503,1.817440
0,0.000000,0.888889,0.888889,0.002740,0.005723,90.312500,108.493827,79.166667,40.774358,39.583333,20.387179,230,10,0.888889,1000.000000,0.000000,35.000000,1.583334,0.000000
0,0.000000,0.238095,0.238095,0.003484,0.034761,115.703704,729.160000,90.833333,92.219988,45.416667,46.109994,290,10,0.238095,1000.000000,0.000000,45.000000,1.816667,1.844401
0,0.003974,0.416667,0.615385,0.163369,0.063551,138.000000,681.000000,67.023776,87.777764,33.511888,43.888882,100,60,0.615385,1100.000000,0.000000,30.000000,1.340645,1.755562
0,0.000000,0.642857,0.642857,0.001978,0.035752,59.843750,736.571429,100.000000,100.000000,50.000000,50.000000,40,10,0.642857,1000.000000,0.000000,50.000000,2.000000,2.000001
0,-0.001445,0.428571,0.107143,0.039657,0.034227,84.812500,600.000000,66.276170,50.000000,33.138085,25.000000,80,40,0.428571,4000.000000,0.000000,30.000000,1.325533,0.000000
0,0.001238,0.071429,0.133333,0.162859,0.040448,125.000000,694.080000,63.737433,90.833189,31.868716,45.416595,80,60,0.133333,1100.000000,0.000000,30.000000,1.274918,1.816665
0,-0.000156,0.166667,0.142857,0.026159,0.000000,386.735402,0.000000,52.961806,0.000000,26.480903,0.000000,290,10,0.166667,1900.000000,0.000000,25.000000,1.059237,0.000000
0,-0.003143,0.357143,0.200000,0.165067,0.041976,179.040000,733.752066,74.166635,100.000000,37.083317,50.000000,710,60,0.357143,1100.000000,0.000000,35.000000,1.483502,2.000001
0,0.000000,0.071429,0.071429,0.025387,0.010663,63.843750,177.255022,91.666669,91.999778,45.833335,45.999889,540,180,0.071429,1000.000000,0.000000,45.000000,1.833339,1.839996
0,-0.000065,0.058824,0.055556,0.163951,0.036187,148.673469,636.100000,65.166475,92.000000,32.583237,46.000000,180,60,0.058824,1100.000000,0.000000,30.000000,1.303499,1.840001
0,0.000194,0.562500,1.000000,0.009771,0.000000,482.560000,0.000000,90.909091,0.000000,45.454545,0.000000,350,10,1.000000,3200.000000,0.000000,45.000000,1.818183,0.000000
0,0.000000,0.111111,0.111111,0.172894,0.003136,666.520000,54.000000,85.378949,41.666667,42.689474,20.833333,440,210,0.111111,1200.000000,0.000000,40.000000,1.707606,0.000000
0,0.000000,0.111111,0.111111,0.172894,0.003136,666.520000,54.000000,85.378949,41.666667,42.689474,20.833333,440,400,0.111111,1200.000000,0.000000,40.000000,1.707606,0.000000
0,0.000194,0.562500,1.000000,0.009771,0.000000,482.560000,0.000000,90.909091,0.000000,45.454545,0.000000,200,10,1.000000,3200.000000,0.000000,45.000000,1.818183,0.000000
0,0.000000,0.111111,0.111111,0.172894,0.003136,666.520000,54.000000,85.378949,41.666667,42.689474,20.833333,440,260,0.111111,1200.000000,0.000000,40.000000,1.707606,0.000000
0,-0.000410,0.500000,0.437500,0.282492,0.303673,2649.020408,700.000000,84.272727,34.213451,42.136364,17.106726,360,290,0.500000,2300.000000,0.000000,40.000000,1.685470,0.000000
0,-0.000410,0.500000,0.437500,0.282492,0.303673,2649.020408,700.000000,84.272727,34.213451,42.136364,17.106726,360,100,0.500000,2300.000000,0.000000,40.000000,1.685470,0.000000
0,0.000026,0.727273,1.000000,0.001309,0.000000,410.484375,0.000000,93.750000,0.000000,46.875000,0.000000,300,10,1.000000,3700.000000,0.000000,45.000000,1.875000,0.000000
0,-0.000304,0.736842,0.714286,0.065772,0.267539,1034.525503,4446.625000,49.306722,91.000000,24.653361,45.500000,530,10,0.736842,1400.000000,0.000000,20.000000,0.986137,1.820008
0,0.000194,0.562500,1.000000,0.009771,0.000000,482.560000,0.000000,90.909091,0.000000,45.454545,0.000000,60,10,1.000000,3200.000000,0.000000,45.000000,1.818183,0.000000
0,-0.000410,0.500000,0.437500,0.282492,0.303673,2649.020408,700.000000,84.272727,34.213451,42.136364,17.106726,440,360,0.500000,2300.000000,0.000000,40.000000,1.685470,0.000000
0,0.000000,0.222222,0.222222,0.084363,0.269891,1144.392500,4188.000000,81.115557,87.468385,40.557779,43.734192,570,20,0.222222,1000.000000,0.000000,40.000000,1.622314,1.749378
0,-0.000184,0.076923,0.062500,0.131056,0.267539,1891.490000,4446.625000,58.890044,91.000000,29.445022,45.500000,350,10,0.076923,1400.000000,0.000000,25.000000,1.177805,1.820008
0,-0.000410,0.500000,0.437500,0.282492,0.303673,2649.020408,700.000000,84.272727,34.213451,42.136364,17.106726,360,150,0.500000,2300.000000,0.000000,40.000000,1.685470,0.000000
0,-0.000184,0.076923,0.062500,0.131056,0.267539,1891.490000,4446.625000,58.890044,91.000000,29.445022,45.500000,360,10,0.076923,1400.000000,0.000000,25.000000,1.177805,1.820008
0,0.000000,0.111111,0.111111,0.295604,0.388798,3155.626667,4327.750000,74.089566,85.714286,37.044783,42.857143,390,70,0.111111,2800.000000,0.000000,35.000000,1.481805,1.714338
0,0.000026,0.727273,1.000000,0.001309,0.000000,410.484375,0.000000,93.750000,0.000000,46.875000,0.000000,150,10,1.000000,3700.000000,0.000000,45.000000,1.875000,0.000000
0,0.000001,0.857143,1.000000,0.012371,0.000000,120.690000,0.000000,52.803751,0.000000,26.401876,0.000000,160,10,1.000000,5100.000000,0.000000,25.000000,1.056076,0.000000
0,0.000000,0.200000,0.200000,0.014604,0.017784,187.480000,125.107438,81.401473,39.444444,40.700737,19.722222,180,60,0.200000,1900.000000,0.000000,40.000000,1.628030,0.000000
0,0.000000,0.055556,0.055556,0.103294,0.343910,1454.080000,4612.125000,80.562113,88.886653,40.281057,44.443327,700,570,0.055556,1000.000000,0.000000,40.000000,1.611246,1.777749
0,0.000000,0.400000,0.400000,0.008288,0.001020,111.111111,16.666667,80.114482,43.333333,40.057241,21.666667,180,20,0.400000,1900.000000,0.000000,40.000000,1.602290,0.000000
0,0.000000,0.111111,0.111111,0.172894,0.003136,666.520000,54.000000,85.378949,41.666667,42.689474,20.833333,550,440,0.111111,1200.000000,0.000000,40.000000,1.707606,0.000000
0,-0.000132,0.058824,0.047619,0.166644,0.252279,1972.195556,4139.485207,81.149622,90.759921,40.574811,45.379961,590,490,0.058824,1800.000000,0.000000,40.000000,1.622999,1.815206
0,-0.000122,0.100000,0.076923,0.001213,0.126635,31.946814,1854.555556,68.457846,89.999200,34.228923,44.999600,480,10,0.100000,2200.000000,0.000000,30.000000,1.369157,1.799988
0,0.000000,0.187500,0.187500,0.035060,0.110707,598.982023,1560.555556,91.538400,50.000000,45.769200,25.000000,390,10,0.187500,1100.000000,0.000000,45.000000,1.830769,0.000000
0,-0.000271,0.166667,0.080000,0.163816,0.447624,1718.209343,6402.666667,79.760990,40.415823,39.880495,20.207912,510,140,0.166667,3600.000000,0.000000,35.000000,1.595228,0.000000
0,0.000000,1.000000,1.000000,0.104675,0.047563,568.960000,600.000000,51.249156,39.999733,25.624578,19.999867,310,10,1.000000,1900.000000,0.000000,25.000000,1.024993,0.000000
0,0.000000,0.076923,0.076923,0.065904,0.114551,405.472222,5174.871111,97.500000,98.214286,48.750000,49.107143,150,30,0.076923,1000.000000,0.000000,45.000000,1.950006,1.964288
0,0.000000,0.076923,0.076923,0.065904,0.114551,405.472222,5174.871111,97.500000,98.214286,48.750000,49.107143,150,30,0.076923,1000.000000,0.000000,45.000000,1.950006,1.964288
0,-0.000254,0.111111,0.060606,0.043536,0.006207,462.997778,84.360969,80.020556,41.411543,40.010278,20.705771,250,10,0.111111,2500.000000,0.000000,40.000000,1.600413,0.000000
0,-0.000497,0.600000,0.615385,0.034785,0.110707,376.855402,1560.555556,65.988613,50.000000,32.994307,25.000000,280,10,0.666667,2200.000000,0.000000,30.000000,1.319774,0.000000
0,0.000000,0.125000,0.125000,0.232023,0.116386,375.194444,5192.111111,79.319928,88.182671,39.659964,44.091335,150,20,0.125000,1100.000000,0.000000,35.000000,1.586489,1.763655
0,-0.000073,0.066667,0.055556,0.031695,0.006700,385.492902,99.000000,81.078619,40.905891,40.539310,20.452946,290,150,0.066667,2100.000000,0.000000,40.000000,1.621574,0.000000
0,-0.000123,0.142857,0.055556,0.068451,0.017894,857.306667,341.320000,69.173694,82.856343,34.586847,41.428172,360,250,0.142857,3400.000000,0.000000,30.000000,1.383477,1.657127
0,-0.000368,0.600000,0.166667,0.114648,0.001966,108.000000,47.320000,71.506035,42.857143,35.753018,21.428571,100,10,0.600000,4900.000000,0.000000,35.000000,1.430223,0.000000
0,0.000000,0.076923,0.076923,0.065904,0.114551,405.472222,5174.871111,97.500000,98.214286,48.750000,49.107143,180,30,0.076923,1000.000000,0.000000,45.000000,1.950006,1.964288
0,-0.000315,0.333333,0.222222,0.026159,0.001108,389.055402,16.666667,51.533235,43.333333,25.766617,21.666667,290,10,0.333333,2100.000000,0.000000,25.000000,1.030666,0.000000
0,0.000000,0.076923,0.076923,0.065904,0.114551,405.472222,5174.871111,97.500000,98.214286,48.750000,49.107143,180,30,0.076923,1000.000000,0.000000,45.000000,1.950006,1.964288
0,0.000000,0.142857,0.142857,0.027969,0.158270,79.000000,2160.555556,46.682726,89.999733,23.341363,44.999867,40,10,0.142857,1900.000000,0.000000,20.000000,0.933661,1.800000
0,0.000000,0.125000,0.125000,0.038284,0.116386,375.194444,5192.111111,79.319928,88.182671,39.659964,44.091335,150,20,0.125000,1100.000000,0.000000,35.000000,1.586401,1.763655
0,0.000000,0.285714,0.285714,0.001209,0.063491,33.280000,894.000000,52.499979,79.998934,26.249989,39.999467,510,10,0.285714,1900.000000,0.000000,25.000000,1.050000,1.599981
0,0.000000,1.000000,1.000000,0.107239,0.000000,586.625000,0.000000,75.384615,0.000000,37.692308,0.000000,190,170,1.000000,5900.000000,0.000000,35.000000,1.507709,0.000000
0,0.000946,0.086957,0.482759,0.061561,0.015928,324.930000,294.000000,80.971595,39.999200,40.485797,19.999600,350,150,0.500000,3500.000000,0.000000,40.000000,1.619441,0.000000
0,0.000000,0.500000,1.000000,0.405051,0.000000,1538.265306,0.000000,78.217632,0.000000,39.108816,0.000000,70,50,1.000000,5800.000000,0.000000,35.000000,1.564406,0.000000
0,0.000005,0.533333,1.000000,0.011735,0.000000,142.511111,0.000000,49.886944,0.000000,24.943472,0.000000,100,10,1.000000,4500.000000,0.000000,20.000000,0.997740,0.000000
0,-0.000732,0.200000,0.153846,0.055554,0.031280,293.340000,594.000000,79.038509,79.999936,39.519254,39.999968,550,420,0.200000,2900.000000,0.000000,35.000000,1.580776,1.600000
0,-0.000732,0.200000,0.153846,1.314152,0.031883,4074.000000,600.000000,75.717036,79.999993,37.858518,39.999997,550,320,0.200000,2900.000000,0.000000,35.000000,1.514554,1.600001
0,0.000000,0.058824,0.058824,0.690383,0.042991,3639.142500,816.071429,87.315131,90.714286,43.657566,45.357143,500,370,0.058824,1000.000000,0.000000,40.000000,1.746368,1.814287
0,0.000000,0.058824,0.058824,0.690383,0.042991,3639.142500,816.071429,87.315131,90.714286,43.657566,45.357143,500,430,0.058824,1000.000000,0.000000,40.000000,1.746368,1.814287
0,-0.002051,0.333333,0.230769,0.015623,0.000000,107.415289,0.000000,47.948159,0.000000,23.974080,0.000000,300,10,0.333333,1100.000000,0.000000,20.000000,0.958965,0.000000
0,0.000000,0.384615,0.384615,0.002460,0.001487,44.066327,28.571429,89.542854,50.000000,44.771427,25.000000,440,20,0.384615,1000.000000,0.000000,40.000000,1.790857,0.000000
0,0.000000,0.384615,0.384615,0.002460,0.001487,44.066327,28.571429,89.542854,50.000000,44.771427,25.000000,380,20,0.384615,1000.000000,0.000000,40.000000,1.790857,0.000000
0,0.000000,0.076923,0.076923,0.005604,0.007321,93.585557,124.619377,81.605877,42.000000,40.802939,21.000000,220,20,0.076923,1000.000000,0.000000,40.000000,1.632118,0.000000
0,0.000000,0.500000,0.500000,0.018690,0.000956,411.000000,27.000000,83.333333,50.000000,41.666667,25.000000,120,10,0.500000,1400.000000,0.000000,40.000000,1.666673,0.000000
0,-0.000684,0.111111,0.076923,0.019752,0.021874,156.350592,224.609375,46.105352,39.978007,23.052676,19.989003,50,10,0.111111,1100.000000,0.000000,20.000000,0.922109,0.000000
0,0.000000,0.714286,0.714286,0.004503,0.001402,76.066327,27.222222,81.542854,44.000000,40.771427,22.000000,360,20,0.714286,1000.000000,0.000000,40.000000,1.630857,0.000000
0,-0.001368,0.222222,0.153846,0.152713,0.000000,2059.250000,0.000000,47.928329,0.000000,23.964164,0.000000,300,10,0.222222,1100.000000,0.000000,20.000000,0.958572,0.000000
0,0.000000,0.500000,0.500000,0.018690,0.000956,411.000000,27.000000,83.333333,50.000000,41.666667,25.000000,870,10,0.500000,1400.000000,0.000000,40.000000,1.666673,0.000000
0,-0.002051,0.333333,0.230769,0.004356,0.007305,59.027778,150.938776,49.761161,41.250100,24.880581,20.625050,30,10,0.333333,1100.000000,0.000000,20.000000,0.995224,0.000000
0,0.000000,0.230769,0.230769,0.000777,0.002346,33.929963,37.939236,59.541175,43.826698,29.770587,21.913349,20,10,0.230769,1000.000000,0.000000,25.000000,1.190824,0.000000
0,0.000000,0.166667,0.166667,0.010561,0.005650,211.250000,96.000000,47.898832,41.624513,23.949416,20.812257,140,10,0.166667,1100.000000,0.000000,20.000000,0.957977,0.000000
0,0.000000,0.846154,0.846154,0.002665,0.012533,230.496800,224.609375,77.544868,41.599091,38.772434,20.799545,260,10,0.846154,1600.000000,0.000000,35.000000,1.550898,0.000000
0,0.000000,0.333333,0.333333,0.408439,1.145276,5657.775510,20778.666667,90.139824,89.950064,45.069912,44.975032,440,240,0.333333,1000.000000,0.000000,45.000000,1.802811,1.799033
0,0.000000,0.200000,0.200000,0.004092,0.022891,279.680473,404.609375,78.314972,80.962632,39.157486,40.481316,30,10,0.200000,1600.000000,0.000000,35.000000,1.566300,1.619253
0,-0.000180,0.083333,0.052632,0.032556,0.000000,263.054694,0.000000,78.923079,0.000000,39.461540,0.000000,170,170,0.083333,2500.000000,0.000000,35.000000,1.578465,0.000000
0,-0.001082,0.437500,0.090909,0.004156,0.064663,175.500000,1130.400000,91.121164,89.616812,45.560582,44.808406,360,290,0.437500,2500.000000,0.000000,45.000000,1.822423,1.792338
0,-0.000859,0.333333,0.153846,0.027344,0.005460,155.187500,112.388889,85.618610,50.000000,42.809305,25.000000,370,30,0.363636,3900.000000,0.000000,40.000000,1.712377,0.000000
0,-0.000231,0.050000,0.038462,2.642294,1.290994,3751.777778,3033.938776,86.549910,87.083341,43.274955,43.541671,70,30,0.050000,1200.000000,0.000000,40.000000,1.731933,1.741953
0,-0.001082,0.437500,0.090909,0.004156,0.064663,175.500000,1130.400000,91.121164,89.616812,45.560582,44.808406,410,290,0.437500,2500.000000,0.000000,45.000000,1.822423,1.792338
0,-0.000670,0.272727,0.076923,0.003623,0.001644,63.440000,36.100000,56.822371,42.000000,28.411185,21.000000,90,10,0.272727,3300.000000,0.000000,25.000000,1.136448,0.000000
0,-0.000510,0.375000,0.214286,0.030170,1.242700,315.222222,21258.720000,48.756583,85.783397,24.378292,42.891698,240,10,0.375000,3000.000000,0.000000,20.000000,0.975133,1.715709
0,0.000228,0.083333,0.071429,0.091472,0.725332,216.000000,712.388889,88.750000,90.000000,44.375000,45.000000,370,240,0.090909,3900.000000,0.000000,40.000000,1.775020,1.800432
0,-0.000231,0.050000,0.038462,2.780751,1.290994,3751.777778,3033.938776,86.549910,87.083341,43.274955,43.541671,40,30,0.050000,1200.000000,0.000000,40.000000,1.732034,1.741953
0,0.000733,0.500000,0.461538,0.067607,0.719872,227.187500,600.000000,76.868610,40.000000,38.434305,20.000000,240,30,0.500000,3900.000000,0.000000,35.000000,1.537387,0.000000
0,0.000000,0.020408,0.020408,0.038508,0.012533,4334.278569,224.609375,79.087435,41.599091,39.543718,20.799545,520,60,0.020408,1100.000000,0.000000,35.000000,1.581749,0.000000
0,-0.000683,0.625000,0.578947,0.079789,0.054547,81.222222,900.000000,36.666451,39.616812,18.333225,19.808406,130,10,0.666667,4100.000000,0.000000,15.000000,0.733388,0.000000
0,-0.000293,0.125000,0.076923,0.123042,0.059054,621.000000,1026.562500,76.666400,89.616812,38.333200,44.808406,620,130,0.125000,4100.000000,0.000000,35.000000,1.533389,1.792338
0,0.000000,0.333333,0.333333,0.408439,1.145276,5657.775510,20778.666667,90.139824,89.950064,45.069912,44.975032,780,440,0.333333,1000.000000,0.000000,45.000000,1.802811,1.799033
0,-0.000859,0.333333,0.153846,0.027344,0.005460,155.187500,112.388889,85.618610,50.000000,42.809305,25.000000,480,30,0.363636,3900.000000,0.000000,40.000000,1.712377,0.000000
0,0.000000,0.461538,0.461538,0.000903,0.004574,42.941327,81.000000,53.333213,42.222208,26.666606,21.111104,320,10,0.461538,1000.000000,0.000000,25.000000,1.066664,0.000000
0,-0.000506,0.076923,0.142857,0.071849,0.060007,220.760816,1012.388889,84.999049,89.616812,42.499525,44.808406,550,330,0.217391,2100.000000,0.000000,40.000000,1.699997,1.792338
0,-0.000231,0.050000,0.038462,2.642294,1.290994,3751.777778,3033.938776,86.549910,87.083341,43.274955,43.541671,750,30,0.050000,1200.000000,0.000000,40.000000,1.731933,1.741953
0,-0.000301,0.444444,0.333333,0.017664,0.054547,350.734694,900.000000,82.937517,39.616812,41.468759,19.808406,290,170,0.444444,2500.000000,0.000000,40.000000,1.658751,0.000000
0,0.000000,0.333333,0.333333,0.408439,1.145276,5657.775510,20778.666667,90.139824,89.950064,45.069912,44.975032,640,440,0.333333,1000.000000,0.000000,45.000000,1.802811,1.799033
0,-0.000089,0.238095,0.227273,0.073254,0.450616,2005.557500,7380.000000,78.925401,79.497535,39.462700,39.748768,430,380,0.238095,1600.000000,0.000000,35.000000,1.578509,1.589964
0,0.000539,0.142857,0.142857,0.005760,0.017993,319.720473,336.998264,85.878202,91.599091,42.939101,45.799545,600,10,0.142857,1600.000000,0.000000,40.000000,1.717564,1.831982
0,-0.000293,0.125000,0.076923,0.123042,0.059054,621.000000,1026.562500,76.666400,89.616812,38.333200,44.808406,600,130,0.125000,4100.000000,0.000000,35.000000,1.533389,1.792338
0,0.000000,0.076923,0.076923,0.026130,0.000000,4191.769452,0.000000,82.699319,0.000000,41.349660,0.000000,520,310,0.076923,1100.000000,0.000000,40.000000,1.653986,0.000000
0,0.000539,0.142857,0.142857,0.005760,0.017993,319.720473,336.998264,85.878202,91.599091,42.939101,45.799545,710,10,0.142857,1600.000000,0.000000,40.000000,1.717564,1.831982
0,0.000000,1.000000,1.000000,0.004424,0.000852,119.555556,29.160000,70.619937,41.111156,35.309969,20.555578,330,10,1.000000,1100.000000,0.000000,35.000000,1.412399,0.000000
0,-0.000231,0.050000,0.038462,2.780751,1.290994,3751.777778,3033.938776,86.549910,87.083341,43.274955,43.541671,40,30,0.050000,1200.000000,0.000000,40.000000,1.732034,1.741953
0,0.000000,0.600000,0.600000,0.020679,0.010358,431.239669,180.000000,63.333332,39.363542,31.666666,19.681771,240,10,0.600000,1800.000000,0.000000,30.000000,1.266667,0.000000
0,0.000000,0.071429,0.071429,0.016910,0.010034,303.750000,193.388889,59.999879,92.222208,29.999940,46.111104,770,10,0.071429,1000.000000,0.000000,25.000000,1.199998,1.844444
0,-0.000021,0.058824,0.055556,0.004644,0.014177,289.353943,260.709375,76.878042,83.599091,38.439021,41.799545,180,10,0.058824,1600.000000,0.000000,35.000000,1.537561,1.671982
0,-0.000381,0.181818,0.181818,0.336583,1.182343,3259.444444,21476.444444,82.649170,80.523962,41.324585,40.261981,210,30,0.272727,5100.000000,0.000000,40.000000,1.653001,1.610512
0,0.000000,0.384615,0.384615,0.253037,1.144228,3455.132653,20760.609375,47.121212,81.378617,23.560606,40.689308,390,10,0.384615,1500.000000,0.000000,20.000000,0.942434,1.627604
0,-0.000231,0.050000,0.038462,2.642294,1.290994,3751.777778,3033.938776,86.549910,87.083341,43.274955,43.541671,70,30,0.050000,1200.000000,0.000000,40.000000,1.731933,1.741953
0,0.000228,0.083333,0.071429,0.091472,0.725332,216.000000,712.388889,88.750000,90.000000,44.375000,45.000000,480,240,0.090909,3900.000000,0.000000,40.000000,1.775020,1.800432
0,0.000561,0.285714,0.333333,0.112758,0.066260,1323.222222,1094.040000,81.152368,80.236749,40.576184,40.118374,680,390,0.333333,1500.000000,0.000000,40.000000,1.623052,1.604737
0,-0.000506,0.076923,0.142857,0.071849,0.060007,220.760816,1012.388889,84.999049,89.616812,42.499525,44.808406,660,330,0.217391,2100.000000,0.000000,40.000000,1.699997,1.792338
0,0.000091,0.066667,0.111111,0.036936,0.056191,222.040816,936.100000,82.332616,81.616812,41.166308,40.808406,330,130,0.125000,2100.000000,0.000000,40.000000,1.646656,1.632338
0,-0.000015,0.200000,0.214286,0.429980,1.242700,3501.500000,21258.720000,81.535325,85.783397,40.767662,42.891698,370,110,0.230769,1700.000000,0.000000,40.000000,1.631058,1.715709
0,0.000000,0.071429,0.071429,0.016910,0.010034,303.750000,193.388889,59.999879,92.222208,29.999940,46.111104,660,10,0.071429,1000.000000,0.000000,25.000000,1.199998,1.844444
0,0.000000,0.333333,0.333333,0.408439,1.145276,5657.775510,20778.666667,90.139824,89.950064,45.069912,44.975032,740,440,0.333333,1000.000000,0.000000,45.000000,1.802811,1.799033
0,-0.001280,0.250000,0.125000,0.299605,0.553261,3592.102041,7593.750000,80.715720,39.786595,40.357860,19.893298,530,270,0.250000,1600.000000,0.000000,40.000000,1.614327,0.000000
0,-0.000042,0.083333,0.076923,0.197837,0.001576,2417.102041,27.000000,80.690528,39.831387,40.345264,19.915693,460,270,0.083333,1600.000000,0.000000,40.000000,1.613819,0.000000
0,-0.000014,0.083333,0.080000,0.187106,0.000000,2089.730140,0.000000,90.718822,0.000000,45.359411,0.000000,270,180,0.083333,1600.000000,0.000000,45.000000,1.814386,0.000000
0,-0.000048,0.086957,0.090909,0.009247,0.378896,845.983471,5283.493827,82.113472,81.203944,41.056736,40.601972,320,30,0.100000,1400.000000,0.000000,40.000000,1.642270,1.624092
0,-0.000561,0.125000,0.083333,0.063214,0.098906,1615.000000,563.197531,79.305005,37.892620,39.652503,18.946310,480,170,0.125000,2600.000000,0.000000,35.000000,1.586102,0.000000
0,-0.001138,0.222222,0.111111,0.121310,0.025540,2172.708678,506.250000,80.942028,39.646590,40.471014,19.823295,290,80,0.222222,1400.000000,0.000000,40.000000,1.618844,0.000000
0,0.000000,0.045455,0.045455,0.166981,0.003501,2050.713152,60.750000,90.718822,41.666667,45.359411,20.833333,270,10,0.045455,1600.000000,0.000000,45.000000,1.814383,0.000000
0,-0.000902,0.428571,0.352941,1.046329,0.300710,4214.118056,5164.000000,92.499800,100.000000,46.249900,50.000000,650,410,0.428571,1600.000000,0.000000,45.000000,1.850126,2.000009
0,0.000010,0.024390,0.025000,0.385958,0.019743,7694.546713,323.485207,89.063629,91.111110,44.531814,45.555555,650,120,0.025641,1700.000000,0.000000,40.000000,1.781282,1.822223
0,-0.001118,0.142857,0.086957,0.027234,0.004249,4452.578125,82.571429,89.365986,50.000000,44.682993,25.000000,650,520,0.142857,1200.000000,0.000000,40.000000,1.787320,0.000000
0,-0.002220,0.153846,0.153846,0.112033,0.000000,1761.558143,0.000000,81.251919,0.000000,40.625960,0.000000,240,10,0.636364,1900.000000,0.000000,40.000000,1.625042,0.000000
0,-0.000200,0.105263,0.058824,0.529634,0.227031,4960.871111,4074.074074,79.175451,50.000000,39.587725,25.000000,360,350,0.105263,2800.000000,0.000000,35.000000,1.583538,0.000000
0,-0.000902,0.428571,0.352941,1.046329,0.300710,4214.118056,5164.000000,92.499800,100.000000,46.249900,50.000000,410,320,0.428571,1600.000000,0.000000,45.000000,1.850126,2.000009
0,-0.000017,0.025641,0.023810,0.313871,0.001187,6959.632691,27.000000,87.474141,50.000000,43.737070,25.000000,630,230,0.025641,2000.000000,0.000000,40.000000,1.749491,0.000000
0,-0.000991,1.000000,0.888889,0.001627,0.223396,1409.920000,3332.000000,89.723523,40.384981,44.861762,20.192490,60,10,1.000000,4200.000000,0.000000,40.000000,1.794471,0.000000
0,-0.000193,0.125000,0.100000,0.289866,0.018679,5556.656250,262.888889,78.024698,40.469010,39.012349,20.234505,400,160,0.125000,2400.000000,0.000000,35.000000,1.560504,0.000000
0,0.000000,0.200000,0.200000,0.080102,0.243900,905.000000,3832.000000,71.110918,80.384981,35.555459,40.192490,210,10,0.200000,2700.000000,0.000000,35.000000,1.422222,1.607708
0,0.000000,0.040000,0.040000,0.127746,0.116226,1914.353125,720.000000,90.724299,47.500000,45.362150,23.750000,660,330,0.040000,1000.000000,0.000000,45.000000,1.814490,0.000000
0,-0.000437,0.500000,0.333333,0.029564,0.052369,1197.897778,1008.000000,40.155895,39.999982,20.077947,19.999991,130,10,0.500000,3000.000000,0.000000,20.000000,0.803118,0.000000
0,-0.000017,0.025641,0.023810,0.313871,0.001187,6959.632691,27.000000,87.474141,50.000000,43.737070,25.000000,720,230,0.025641,2000.000000,0.000000,40.000000,1.749491,0.000000
0,0.000000,0.500000,0.500000,0.113083,0.000000,1635.953125,0.000000,80.724289,0.000000,40.362145,0.000000,330,70,0.500000,1000.000000,0.000000,40.000000,1.614490,0.000000
0,-0.000083,0.066667,0.058824,10.856581,0.227031,16433.907407,4074.074074,73.963199,50.000000,36.981599,25.000000,480,80,0.066667,1600.000000,0.000000,35.000000,1.484259,0.000000
0,0.000000,0.055556,0.055556,0.028725,0.022475,4233.359375,58.190000,81.365986,38.181818,40.682993,19.090909,520,230,0.055556,1200.000000,0.000000,40.000000,1.627320,0.000000
0,-0.000014,0.083333,0.080000,0.187106,0.000000,2089.730140,0.000000,90.718822,0.000000,45.359411,0.000000,580,270,0.083333,1600.000000,0.000000,45.000000,1.814386,0.000000
0,-0.000902,0.428571,0.352941,1.046329,0.300710,4214.118056,5164.000000,92.499800,100.000000,46.249900,50.000000,410,130,0.428571,1600.000000,0.000000,45.000000,1.850126,2.000009
0,-0.001118,0.142857,0.086957,0.027234,0.004249,4452.578125,82.571429,89.365986,50.000000,44.682993,25.000000,760,520,0.142857,1200.000000,0.000000,40.000000,1.787320,0.000000
0,-0.000297,0.363636,0.363636,1.586784,0.005084,7610.407407,108.493827,75.832675,40.769231,37.916338,20.384615,480,10,0.400000,1600.000000,0.000000,35.000000,1.516821,0.000000
0,-0.002973,0.333333,0.153846,0.275232,0.000000,2526.605263,0.000000,71.656413,0.000000,35.828207,0.000000,730,260,0.636364,1700.000000,0.000000,35.000000,1.433219,0.000000
0,-0.000182,0.100000,0.090909,0.035926,0.005639,255.945822,182.250000,79.120651,41.111115,39.560325,20.555557,320,210,0.100000,1300.000000,0.000000,35.000000,1.582418,0.000000
0,0.000000,0.040000,0.040000,0.127746,0.116226,1914.353125,720.000000,90.724299,47.500000,45.362150,23.750000,360,330,0.040000,1000.000000,0.000000,45.000000,1.814490,0.000000
0,0.000000,0.142857,0.142857,0.113138,0.000701,1639.953125,16.000000,83.221785,42.500000,41.610893,21.250000,330,40,0.142857,1000.000000,0.000000,40.000000,1.664440,0.000000
0,-0.000289,0.304348,0.285714,0.159344,0.373812,6775.076389,5175.000000,78.598582,40.434713,39.299291,20.217357,500,320,0.307692,1400.000000,0.000000,35.000000,1.571974,0.000000
0,-0.001111,0.500000,0.444444,1.022784,0.016719,3327.964286,300.000000,74.856563,39.212191,37.428281,19.606096,220,170,0.500000,2100.000000,0.000000,35.000000,1.497291,0.000000
0,0.000010,0.024390,0.025000,0.385958,0.019743,7694.546713,323.485207,89.063629,91.111110,44.531814,45.555555,650,640,0.025641,1700.000000,0.000000,40.000000,1.781282,1.822223
0,-0.001262,0.050000,0.038462,0.116182,0.005639,1831.614266,182.250000,80.418586,41.111115,40.209293,20.555557,260,240,0.238095,1900.000000,0.000000,40.000000,1.608375,0.000000
0,0.003408,0.111111,0.272727,0.173709,0.000000,5684.000000,0.000000,78.892981,0.000000,39.446491,0.000000,450,150,0.272727,1900.000000,0.000000,35.000000,1.577866,0.000000
0,-0.002973,0.333333,0.153846,0.275232,0.000000,2526.605263,0.000000,71.656413,0.000000,35.828207,0.000000,530,260,0.636364,1700.000000,0.000000,35.000000,1.433219,0.000000
0,0.000010,0.024390,0.025000,0.385958,0.019743,7694.546713,323.485207,89.063629,91.111110,44.531814,45.555555,650,310,0.025641,1700.000000,0.000000,40.000000,1.781282,1.822223
0,0.000000,0.800000,0.800000,0.316331,0.020504,1414.137755,500.000000,70.621955,40.000000,35.310978,20.000000,160,10,0.800000,2700.000000,0.000000,35.000000,1.412476,0.000000
0,0.000000,1.000000,1.000000,0.041079,0.000000,343.111111,0.000000,69.873565,0.000000,34.936782,0.000000,120,10,1.000000,6000.000000,0.000000,30.000000,1.397476,0.000000
0,0.000000,0.357143,0.357143,0.807009,0.063660,1537.456327,922.720000,90.038869,100.000000,45.019434,50.000000,190,20,0.357143,1100.000000,0.000000,45.000000,1.801002,2.000002
0,0.000000,0.222222,0.222222,0.811860,0.049891,1595.816327,425.000000,79.584483,90.000000,39.792241,45.000000,200,20,0.222222,1100.000000,0.000000,35.000000,1.591915,1.800011
0,0.000000,0.125000,0.125000,0.141305,0.098645,1361.877551,2031.224490,86.780263,90.000050,43.390131,45.000025,510,460,0.125000,1800.000000,0.000000,40.000000,1.735618,1.800003
0,-0.000356,0.250000,0.222222,0.465849,0.049891,2256.000000,425.000000,77.427730,90.000000,38.713865,45.000000,660,150,0.250000,1600.000000,0.000000,35.000000,1.548603,1.800011
0,0.000000,0.125000,0.125000,0.141305,0.098645,1361.877551,2031.224490,86.780263,90.000050,43.390131,45.000025,460,300,0.125000,1800.000000,0.000000,40.000000,1.735618,1.800003
0,-0.000744,0.166667,0.076923,0.405436,0.433733,6194.166667,6283.500000,80.678154,96.428571,40.339077,48.214286,620,10,0.437500,2000.000000,0.000000,40.000000,1.613576,1.928586
0,-0.000940,0.100000,0.076923,0.191466,0.433733,2756.800000,6283.500000,90.714268,96.428571,45.357134,48.214286,650,10,0.368421,1700.000000,0.000000,45.000000,1.814292,1.928586
0,-0.002574,0.411765,0.076923,0.191466,0.433733,2810.992188,6283.500000,87.142839,96.428571,43.571419,48.214286,650,10,0.411765,1700.000000,0.000000,40.000000,1.742863,1.928586
0,0.000000,0.076923,0.076923,1.439217,0.433733,10017.705215,6283.500000,90.038869,96.428571,45.019434,48.214286,70,20,0.076923,1100.000000,0.000000,45.000000,1.801026,1.928586
0,-0.001152,0.357143,0.076923,0.349233,0.433733,4222.367347,6283.500000,79.999865,96.428571,39.999933,48.214286,650,580,0.437500,2400.000000,0.000000,35.000000,1.600013,1.928586
0,0.000000,0.357143,0.357143,0.807009,0.063660,1537.456327,922.720000,90.038869,100.000000,45.019434,50.000000,220,20,0.357143,1100.000000,0.000000,45.000000,1.801002,2.000002
0,-0.000476,0.166667,0.142857,0.039440,0.046210,268.750000,600.000000,47.918838,38.939769,23.959419,19.469885,540,10,0.166667,1100.000000,0.000000,20.000000,0.958380,0.000000
0,0.000000,0.148148,0.148148,0.836665,0.060289,2032.033269,961.689906,81.072658,90.588145,40.536329,45.294072,630,20,0.148148,1100.000000,0.000000,40.000000,1.621679,1.811765
0,0.000000,0.266667,0.266667,0.022416,0.008900,199.755102,133.752066,82.929281,41.914257,41.464641,20.957128,320,250,0.266667,1000.000000,0.000000,40.000000,1.658587,0.000000
0,-0.000352,0.384615,0.357143,0.350866,0.063660,1160.000000,922.720000,88.636430,100.000000,44.318215,50.000000,670,180,0.384615,1500.000000,0.000000,40.000000,1.772782,2.000002
0,0.000000,0.076923,0.076923,1.439217,0.433733,10017.705215,6283.500000,90.038869,96.428571,45.019434,48.214286,70,20,0.076923,1100.000000,0.000000,45.000000,1.801026,1.928586
0,0.000000,0.076923,0.076923,1.439217,0.433733,10017.705215,6283.500000,90.038869,96.428571,45.019434,48.214286,100,20,0.076923,1100.000000,0.000000,45.000000,1.801026,1.928586
0,0.010476,0.333333,0.857143,0.019928,0.003768,72.000000,59.753086,50.000008,41.974547,25.000004,20.987274,560,10,0.857143,1100.000000,0.000000,25.000000,1.000006,0.000000
0,-0.000296,0.166667,0.148148,0.377524,0.060289,1917.975309,961.689906,79.707082,90.588145,39.853541,45.294072,670,590,0.166667,1500.000000,0.000000,35.000000,1.594194,1.811765
0,0.000000,0.076923,0.076923,0.335466,0.028408,1105.632653,424.609375,80.092330,91.428571,40.046165,45.714286,670,30,0.076923,1500.000000,0.000000,40.000000,1.601898,1.828572
0,0.000000,0.076923,0.076923,1.439217,0.433733,10017.705215,6283.500000,90.038869,96.428571,45.019434,48.214286,100,20,0.076923,1100.000000,0.000000,45.000000,1.801026,1.928586
0,-0.000605,0.125000,0.076923,0.405436,0.433733,6207.057851,6283.500000,80.678154,96.428571,40.339077,48.214286,620,10,0.437500,2000.000000,0.000000,40.000000,1.613576,1.928586
0,-0.000352,0.384615,0.357143,0.350866,0.063660,1160.000000,922.720000,88.636430,100.000000,44.318215,50.000000,670,150,0.384615,1500.000000,0.000000,40.000000,1.772782,2.000002
0,-0.003152,0.500000,0.333333,0.015931,0.068996,274.111111,100.000000,80.140853,35.625000,40.070427,17.812500,180,10,0.500000,1700.000000,0.000000,40.000000,1.602818,0.000000
0,0.000000,0.066667,0.066667,0.021095,0.012900,180.000000,212.960000,91.111111,50.000000,45.555556,25.000000,860,250,0.066667,1000.000000,0.000000,45.000000,1.822224,0.000000
0,0.000000,0.066667,0.066667,0.021095,0.012900,180.000000,212.960000,91.111111,50.000000,45.555556,25.000000,750,250,0.066667,1000.000000,0.000000,45.000000,1.822224,0.000000
0,0.000000,0.285714,0.285714,0.018597,0.001573,354.589792,23.485207,78.383707,41.111111,39.191854,20.555556,730,20,0.285714,1000.000000,0.000000,35.000000,1.567675,0.000000
0,0.000000,0.076923,0.076923,1.439217,0.433733,10017.705215,6283.500000,90.038869,96.428571,45.019434,48.214286,780,20,0.076923,1100.000000,0.000000,45.000000,1.801026,1.928586
0,0.000000,0.076923,0.076923,0.799645,0.028408,1438.448980,424.609375,81.705527,91.428571,40.852764,45.714286,70,20,0.076923,1100.000000,0.000000,40.000000,1.634335,1.828572
0,-0.001212,0.080000,0.055556,0.058517,0.048395,968.607710,979.224490,87.976487,100.000000,43.988243,50.000000,470,340,0.142857,3600.000000,0.000000,40.000000,1.759532,2.000001
0,0.000000,0.333333,0.333333,0.000851,0.000933,227.680000,20.000000,45.834000,40.000000,22.917000,20.000000,90,10,0.333333,1300.000000,0.000000,20.000000,0.916680,0.000000
0,0.000000,0.250000,0.250000,0.000508,0.000000,223.680000,0.000000,43.334000,0.000000,21.667000,0.000000,180,10,0.250000,1300.000000,0.000000,20.000000,0.866680,0.000000
0,-0.000345,0.111111,0.058824,0.610907,0.051922,6004.222222,273.551020,83.329981,89.166667,41.664991,44.583333,470,200,0.111111,2400.000000,0.000000,40.000000,1.666668,1.783341
0,0.000281,0.117647,0.111111,0.032992,0.006661,679.680000,126.750000,53.334000,50.000000,26.667000,25.000000,180,10,0.117647,1300.000000,0.000000,25.000000,1.066681,0.000000
0,-0.001212,0.080000,0.055556,0.453145,0.048395,1744.819444,979.224490,83.617465,100.000000,41.808733,50.000000,370,170,0.142857,3300.000000,0.000000,40.000000,1.672429,2.000001
0,-0.001239,0.130435,0.055556,3.156340,0.048395,5960.763967,979.224490,88.064476,100.000000,44.032238,50.000000,450,60,0.142857,2500.000000,0.000000,40.000000,1.762131,2.000001
0,0.000281,0.117647,0.111111,0.032992,0.006661,679.680000,126.750000,53.334000,50.000000,26.667000,25.000000,410,10,0.117647,1300.000000,0.000000,25.000000,1.066681,0.000000
0,0.000724,0.545455,0.400000,0.116110,0.198772,1229.440000,732.000000,91.666667,87.499867,45.833333,43.749933,380,170,0.545455,3300.000000,0.000000,45.000000,1.833339,1.750028
0,-0.001239,0.130435,0.055556,3.156340,0.048395,5960.763967,979.224490,88.064476,100.000000,44.032238,50.000000,240,60,0.142857,2500.000000,0.000000,40.000000,1.762131,2.000001
0,0.000724,0.545455,0.400000,0.116110,0.198772,1229.440000,732.000000,91.666667,87.499867,45.833333,43.749933,370,170,0.545455,3300.000000,0.000000,45.000000,1.833339,1.750028
0,0.000000,0.700000,0.700000,0.193789,0.074423,419.111111,1500.000000,58.297349,90.833333,29.148674,45.416667,210,10,0.700000,1000.000000,0.000000,25.000000,1.166005,1.816669
0,-0.001212,0.080000,0.055556,0.058517,0.048395,968.607710,979.224490,87.976487,100.000000,43.988243,50.000000,470,130,0.142857,3600.000000,0.000000,40.000000,1.759532,2.000001
0,0.000000,0.700000,0.700000,0.193789,0.074423,419.111111,1500.000000,58.297349,90.833333,29.148674,45.416667,730,10,0.700000,1000.000000,0.000000,25.000000,1.166005,1.816669
0,-0.003692,0.384615,0.200000,0.035609,0.063096,338.242500,1212.750000,38.833545,39.709018,19.416773,19.854509,390,10,0.384615,1300.000000,0.000000,15.000000,0.776676,0.000000
0,-0.000028,0.062500,0.052632,0.025333,0.045637,210.638889,700.000000,82.511463,39.963869,41.255731,19.981934,390,380,0.062500,2700.000000,0.000000,40.000000,1.650231,0.000000
0,-0.001212,0.080000,0.055556,0.453145,0.048395,1744.819444,979.224490,83.617465,100.000000,41.808733,50.000000,170,160,0.142857,3300.000000,0.000000,40.000000,1.672429,2.000001
0,0.000000,0.700000,0.700000,0.193789,0.074423,419.111111,1500.000000,58.297349,90.833333,29.148674,45.416667,400,10,0.700000,1000.000000,0.000000,25.000000,1.166005,1.816669
0,-0.000345,0.111111,0.058824,0.610907,0.051922,6004.222222,273.551020,83.329981,89.166667,41.664991,44.583333,460,200,0.111111,2400.000000,0.000000,40.000000,1.666668,1.783341
0,-0.000264,0.444444,0.125000,0.073705,0.643639,342.000000,1224.000000,76.201971,81.111111,38.100986,40.555556,290,60,0.444444,3800.000000,0.000000,35.000000,1.524065,1.622441
0,-0.000753,0.333333,0.256410,0.002575,0.062982,56.000000,726.989796,38.091668,76.539869,19.045834,38.269935,190,10,0.545455,6600.000000,0.000000,15.000000,0.761834,1.530801
0,0.000000,0.500000,0.500000,0.031737,0.007861,512.160665,42.989796,40.759473,77.000000,20.379737,38.500000,700,10,0.500000,1500.000000,0.000000,20.000000,0.815190,1.540001
0,0.000666,0.966667,0.969697,0.004253,0.008367,126.039514,166.902222,52.033007,41.175288,26.016503,20.587644,280,10,0.969697,1800.000000,0.000000,25.000000,1.040660,0.000000
0,0.000410,0.133333,0.153846,0.088096,0.061310,1210.590000,915.040000,80.885662,80.624400,40.442831,40.312200,830,430,0.153846,1400.000000,0.000000,40.000000,1.617716,1.612490
0,0.000000,0.058824,0.058824,0.043003,0.029960,500.228681,169.593963,81.750610,76.331984,40.875305,38.165992,750,340,0.058824,1000.000000,0.000000,40.000000,1.635015,1.526642
0,-0.000117,0.142857,0.125000,0.089903,0.627614,1702.444444,900.000000,82.307569,31.111111,41.153784,15.555556,500,310,0.142857,1700.000000,0.000000,40.000000,1.646154,0.000000
0,0.000000,0.071429,0.071429,0.044532,0.070741,376.145348,1378.989796,80.371644,77.000000,40.185822,38.500000,740,550,0.071429,1100.000000,0.000000,40.000000,1.607440,1.540002
0,-0.000170,0.040000,0.040000,0.065968,0.007053,801.530864,26.989796,78.234529,37.000000,39.117265,18.500000,530,450,0.083333,3200.000000,0.000000,35.000000,1.564693,0.000000
0,0.000000,0.500000,0.500000,0.010567,0.007583,76.299169,144.000000,39.211303,39.999600,19.605652,19.999800,130,10,0.500000,3300.000000,0.000000,15.000000,0.784227,0.000000
0,0.000000,0.500000,0.500000,0.015347,0.005674,279.000000,100.000000,39.545616,39.994972,19.772808,19.997486,310,10,0.500000,1300.000000,0.000000,15.000000,0.790913,0.000000
0,-0.000836,0.333333,0.222222,0.157261,0.630752,643.750000,960.500000,79.847158,71.111099,39.923579,35.555550,470,440,0.333333,2000.000000,0.000000,35.000000,1.596966,1.422441
0,-0.000316,0.692308,0.625000,0.183945,0.012064,394.652038,116.989796,39.861452,77.974707,19.930726,38.987354,570,10,0.692308,2800.000000,0.000000,15.000000,0.797275,1.559495
0,0.000000,0.026316,0.026316,0.040492,0.020371,771.800730,271.555013,82.121365,78.304348,41.060683,39.152174,730,470,0.026316,1200.000000,0.000000,40.000000,1.642428,1.566088
0,-0.000455,0.625000,0.555556,0.032949,1.144636,523.382887,5316.989796,80.245418,69.999840,40.122709,34.999920,690,40,0.625000,1600.000000,0.000000,40.000000,1.604909,1.400120
0,-0.000078,0.250000,0.242424,0.016600,0.011986,114.088843,183.750000,58.728207,42.087821,29.364103,21.043910,310,10,0.250000,1500.000000,0.000000,25.000000,1.174566,0.000000
0,0.000000,0.142857,0.142857,0.028162,0.024270,458.896111,326.989796,80.769169,87.000000,40.384584,43.500000,720,250,0.142857,1300.000000,0.000000,40.000000,1.615384,1.740001
0,-0.002977,0.100000,0.076923,0.631468,0.047696,2518.827160,642.029796,66.939429,77.624400,33.469714,38.812200,670,390,0.285714,1800.000000,0.000000,30.000000,1.338878,1.552490
0,0.001025,0.444444,0.500000,0.055237,0.089811,1029.805556,1452.000000,80.074702,40.000000,40.037351,20.000000,480,410,0.500000,2600.000000,0.000000,40.000000,1.601496,0.000000
0,0.000000,0.333333,0.333333,0.044197,0.061924,529.827160,1034.989796,78.799871,77.000000,39.399936,38.500000,660,150,0.333333,1900.000000,0.000000,35.000000,1.575999,1.540002
0,-0.000146,0.142857,0.125000,0.053616,0.007741,503.796713,42.302296,80.410958,81.000000,40.205479,40.500000,650,380,0.142857,2000.000000,0.000000,40.000000,1.608226,1.620001
0,0.000179,0.187500,0.214286,0.006461,0.014312,123.100207,206.555556,50.981804,41.239874,25.490902,20.619937,320,10,0.230769,1400.000000,0.000000,25.000000,1.019636,0.000000
0,0.000000,0.333333,0.333333,0.030070,0.008589,472.785000,51.989796,50.768457,79.500000,25.384229,39.750000,710,10,0.333333,1400.000000,0.000000,25.000000,1.015370,1.590001
0,0.000000,0.111111,0.111111,0.029486,0.009764,546.923125,70.708804,90.769226,87.000000,45.384613,43.500000,730,230,0.111111,1200.000000,0.000000,45.000000,1.815385,1.740001
0,0.000000,0.500000,0.500000,0.006873,0.251333,139.000000,144.500000,82.604223,50.000000,41.302111,25.000000,580,30,0.500000,1200.000000,0.000000,40.000000,1.652085,0.000000
0,-0.001759,0.333333,0.166667,0.032664,0.007668,512.160665,38.100907,83.258242,79.500000,41.629121,39.750000,700,50,0.333333,1500.000000,0.000000,40.000000,1.665166,1.590001
0,0.000000,0.111111,0.111111,0.029486,0.009764,546.923125,70.708804,90.769226,87.000000,45.384613,43.500000,730,90,0.111111,1200.000000,0.000000,45.000000,1.815385,1.740001
0,-0.000167,0.031250,0.040000,0.345564,0.007053,857.104260,26.989796,71.483271,37.000000,35.741636,18.500000,570,90,0.083333,2800.000000,0.000000,35.000000,1.429738,0.000000
0,-0.000089,0.625000,0.500000,0.045598,0.011798,538.225207,182.250000,48.261815,40.000000,24.130907,20.000000,360,10,0.625000,3100.000000,0.000000,20.000000,0.965238,0.000000
0,0.000000,0.250000,0.250000,0.010149,0.018770,174.346939,195.193416,81.745913,39.583345,40.872957,19.791672,90,30,0.250000,1200.000000,0.000000,40.000000,1.634919,0.000000
0,-0.000172,0.285714,0.222222,0.032520,0.013318,324.138889,244.565217,75.428248,41.304348,37.714124,20.652174,200,50,0.285714,3900.000000,0.000000,35.000000,1.508567,0.000000
0,-0.000186,0.200000,0.181818,0.031811,0.769395,573.250000,1951.555556,40.778979,60.396825,20.389489,30.198412,520,10,0.200000,1500.000000,0.000000,20.000000,0.815580,1.208165
0,-0.000173,0.166667,0.058824,0.030151,0.000000,364.492500,0.000000,82.307680,0.000000,41.153840,0.000000,180,180,0.166667,2800.000000,0.000000,40.000000,1.646155,0.000000
0,0.000000,0.250000,0.250000,0.180644,0.297105,2390.500000,4232.000000,81.924704,39.968385,40.962352,19.984193,540,150,0.250000,1300.000000,0.000000,40.000000,1.638501,0.000000
0,0.000000,0.142857,0.142857,0.002274,0.001218,55.055804,20.000000,61.964023,42.000000,30.982012,21.000000,820,10,0.142857,1200.000000,0.000000,30.000000,1.239281,0.000000
0,0.000000,0.142857,0.142857,0.002274,0.001218,55.055804,20.000000,61.964023,42.000000,30.982012,21.000000,120,10,0.142857,1200.000000,0.000000,30.000000,1.239281,0.000000
0,0.000000,0.500000,0.500000,1.051774,0.039047,16243.875000,641.777778,50.000000,50.000000,25.000000,25.000000,530,10,0.500000,1400.000000,0.000000,25.000000,1.000034,0.000000
0,0.000000,0.142857,0.142857,0.002274,0.001218,55.055804,20.000000,61.964023,42.000000,30.982012,21.000000,620,10,0.142857,1200.000000,0.000000,30.000000,1.239281,0.000000
0,0.000000,0.500000,0.500000,1.051774,0.039047,16243.875000,641.777778,50.000000,50.000000,25.000000,25.000000,140,10,0.500000,1400.000000,0.000000,25.000000,1.000034,0.000000
0,0.003455,0.181818,0.875000,0.229378,0.252692,293.339869,1600.000000,89.985114,86.363491,44.992557,43.181745,300,200,0.875000,3000.000000,0.000000,40.000000,1.799821,1.727295
0,-0.002070,0.100000,0.066667,0.604691,0.027604,2153.165680,427.111111,67.333229,40.624996,33.666614,20.312498,490,390,0.285714,2000.000000,0.000000,30.000000,1.346753,0.000000
0,0.003455,0.181818,0.875000,0.229378,0.252692,293.339869,1600.000000,89.985114,86.363491,44.992557,43.181745,680,300,0.875000,3000.000000,0.000000,40.000000,1.799821,1.727295
0,0.000000,0.153846,0.153846,0.045765,0.011673,709.593750,182.250000,80.910170,40.000000,40.455085,20.000000,590,240,0.153846,1100.000000,0.000000,40.000000,1.618205,0.000000
0,0.002365,0.200000,0.500000,0.012576,0.004537,177.611111,72.229592,89.999997,40.749776,44.999999,20.374888,140,10,0.545455,2200.000000,0.000000,40.000000,1.800000,0.000000
0,-0.000224,0.058824,0.047619,0.022604,0.333030,102.494453,1100.000000,78.457203,36.375169,39.228602,18.187585,510,370,0.058824,1200.000000,0.000000,35.000000,1.569147,0.000000
0,0.000000,1.000000,1.000000,0.002601,0.022523,48.111111,600.000000,51.111111,40.010538,25.555556,20.005269,250,10,1.000000,3800.000000,0.000000,25.000000,1.022222,0.000000
0,0.000000,1.000000,1.000000,0.036646,0.142493,296.000000,2304.000000,70.000000,40.000000,35.000000,20.000000,230,10,1.000000,1200.000000,0.000000,30.000000,1.400003,0.000000
0,-0.000078,0.090909,0.083333,0.013931,0.001634,222.640000,27.000000,75.000000,40.000000,37.500000,20.000000,540,220,0.090909,1400.000000,0.000000,35.000000,1.500000,0.000000
0,0.000000,0.166667,0.166667,0.003956,0.014101,75.888889,239.960000,60.000000,90.000000,30.000000,45.000000,910,10,0.166667,1000.000000,0.000000,25.000000,1.200000,1.800000
0,0.000000,0.500000,0.500000,0.005474,0.003681,112.266667,61.250000,40.666698,39.363862,20.333349,19.681931,520,10,0.500000,1800.000000,0.000000,20.000000,0.813334,0.000000
0,0.000279,0.692308,0.647059,0.009450,0.005027,157.279844,84.876543,48.019734,40.619926,24.009867,20.309963,390,10,0.692308,3100.000000,0.000000,20.000000,0.960395,0.000000
0,-0.000095,0.071429,0.066667,0.037835,0.068041,62.055556,1436.876543,71.349397,80.619926,35.674698,40.309963,550,180,0.071429,1400.000000,0.000000,35.000000,1.426999,1.612400
0,0.001357,0.500000,0.583333,0.017703,0.000000,242.111111,0.000000,38.777169,0.000000,19.388584,0.000000,450,10,0.636364,3500.000000,0.000000,15.000000,0.775544,0.000000
0,0.000000,0.333333,0.333333,0.012180,0.276501,90.681953,504.600000,82.574664,31.805150,41.287332,15.902575,510,320,0.333333,1200.000000,0.000000,40.000000,1.651494,0.000000
0,-0.000072,0.600000,0.388889,0.111616,0.012622,853.081633,248.828125,79.940283,40.000000,39.970141,20.000000,200,110,0.636364,4300.000000,0.000000,35.000000,1.598814,0.000000
0,-0.000078,0.090909,0.083333,0.025944,0.085401,405.732042,1267.500000,85.000000,50.000000,42.500000,25.000000,660,220,0.090909,1400.000000,0.000000,40.000000,1.700001,0.000000
0,0.001357,0.500000,0.583333,0.163980,0.000000,512.980000,0.000000,78.943777,0.000000,39.471888,0.000000,90,50,0.636364,3100.000000,0.000000,35.000000,1.578903,0.000000
0,-0.000667,0.500000,0.466667,0.064817,0.063013,510.231111,1352.000000,77.869573,40.000000,38.934787,20.000000,560,550,0.500000,1400.000000,0.000000,35.000000,1.557400,0.000000
0,-0.000078,0.090909,0.083333,0.025944,0.085401,405.732042,1267.500000,85.000000,50.000000,42.500000,25.000000,760,220,0.090909,1400.000000,0.000000,40.000000,1.700001,0.000000
0,-0.000844,0.142857,0.076923,0.040162,0.017035,243.861111,300.000000,77.918838,50.000000,38.959419,25.000000,540,250,0.142857,1600.000000,0.000000,35.000000,1.558380,0.000000
0,-0.000027,0.058824,0.055556,0.127422,0.189713,1675.020000,2859.888889,81.850722,80.978833,40.925361,40.489416,540,390,0.058824,1500.000000,0.000000,40.000000,1.637020,1.619583
0,-0.000488,0.125000,0.071429,0.159148,0.110380,1874.086128,1715.000000,56.432687,40.277913,28.216344,20.138957,760,10,0.125000,2200.000000,0.000000,25.000000,1.128661,0.000000
0,-0.000345,0.500000,0.111111,0.002383,0.000000,62.555556,0.000000,61.879539,0.000000,30.939769,0.000000,360,10,0.500000,6200.000000,0.000000,30.000000,1.237591,0.000000
0,-0.000147,0.285714,0.076923,0.017669,0.003712,214.062500,59.753086,80.503411,42.000000,40.251705,21.000000,320,300,0.285714,4000.000000,0.000000,40.000000,1.610069,0.000000
0,0.000000,0.166667,0.166667,0.006921,0.013316,124.000000,224.071111,89.999600,92.500000,44.999800,46.250000,770,100,0.166667,1300.000000,0.000000,40.000000,1.799992,1.850000
0,0.000000,0.166667,0.166667,0.003956,0.014101,75.888889,239.960000,60.000000,90.000000,30.000000,45.000000,800,10,0.166667,1000.000000,0.000000,25.000000,1.200000,1.800000
0,0.000000,0.166667,0.166667,0.006921,0.013316,124.000000,224.071111,89.999600,92.500000,44.999800,46.250000,880,100,0.166667,1300.000000,0.000000,40.000000,1.799992,1.850000
0,-0.000619,0.111111,0.192308,0.059331,0.208518,145.032215,3215.000000,75.240424,80.244191,37.620212,40.122095,620,550,0.312500,3600.000000,0.000000,35.000000,1.504823,1.604891
0,-0.001527,0.100000,0.071429,0.073827,0.736616,1889.417778,9218.880000,89.967119,83.901609,44.983560,41.950805,500,430,0.272727,2400.000000,0.000000,40.000000,1.799344,1.678085
0,0.000000,0.027778,0.027778,1.920363,1.116278,7318.122449,8683.750000,95.775862,100.000000,47.887931,50.000000,240,170,0.027778,1000.000000,0.000000,45.000000,1.916043,2.000371
0,-0.000599,0.333333,0.105263,0.174838,0.001452,730.980000,27.000000,78.945334,40.000000,39.472667,20.000000,370,90,0.333333,3200.000000,0.000000,35.000000,1.578934,0.000000
0,-0.000049,0.125000,0.133333,0.093457,0.040693,1168.875000,52.754325,49.999746,41.427117,24.999873,20.713558,320,10,0.153846,1800.000000,0.000000,20.000000,0.999999,0.000000
0,-0.000131,0.043478,0.027778,0.513977,1.116278,3620.478458,8683.750000,86.371013,100.000000,43.185506,50.000000,700,650,0.045455,2500.000000,0.000000,40.000000,1.727566,2.000371
0,0.001484,0.222222,0.416667,0.003268,0.104587,56.666667,655.360000,83.333333,36.889095,41.666667,18.444547,280,160,0.454545,1700.000000,0.000000,40.000000,1.666667,0.000000
0,0.000305,0.833333,0.857143,0.008205,0.051403,150.444444,753.000000,50.000000,80.000000,25.000000,40.000000,560,10,0.857143,1300.000000,0.000000,25.000000,1.000000,1.600002
0,0.000000,0.027778,0.027778,1.920363,1.116278,7318.122449,8683.750000,95.775862,100.000000,47.887931,50.000000,240,140,0.027778,1000.000000,0.000000,45.000000,1.916043,2.000371
0,-0.000112,0.033333,0.027778,0.240596,1.116278,3353.103299,8683.750000,96.428571,100.000000,48.214286,50.000000,670,10,0.045455,2300.000000,0.000000,45.000000,1.928580,2.000371
0,-0.000113,0.033333,0.027778,2.807696,1.116278,4413.111111,8683.750000,95.220140,100.000000,47.610070,50.000000,660,30,0.045455,2400.000000,0.000000,45.000000,1.907405,2.000371
0,-0.000627,0.250000,0.181818,0.051467,0.100184,141.500000,181.500000,56.000000,50.000000,28.000000,25.000000,220,10,0.500000,2500.000000,0.000000,25.000000,1.120011,0.000000
0,-0.000136,0.047619,0.027778,0.226432,1.116278,3319.168962,8683.750000,90.000000,100.000000,45.000000,50.000000,730,10,0.047619,2600.000000,0.000000,40.000000,1.800008,2.000371
0,-0.000401,0.133333,0.105263,0.028086,0.045941,512.822222,727.000000,80.989370,80.000000,40.494685,40.000000,550,530,0.133333,1600.000000,0.000000,40.000000,1.619788,1.600001
0,-0.000111,0.062500,0.055556,0.076173,0.028965,245.408163,600.000000,74.997989,50.000000,37.498994,25.000000,360,260,0.062500,1600.000000,0.000000,35.000000,1.499973,0.000000
0,0.000000,0.027778,0.027778,1.920363,1.116278,7318.122449,8683.750000,95.775862,100.000000,47.887931,50.000000,240,140,0.027778,1000.000000,0.000000,45.000000,1.916043,2.000371
0,-0.000083,0.133333,0.111111,0.248615,0.013593,2091.281250,266.020761,48.137341,40.522896,24.068670,20.261448,280,10,0.133333,2200.000000,0.000000,20.000000,0.962762,0.000000
0,-0.000129,1.000000,0.833333,0.019888,0.008843,112.480000,151.250000,47.498295,41.999999,23.749147,21.000000,50,10,1.000000,3200.000000,0.000000,20.000000,0.949968,0.000000
0,-0.000118,0.062500,0.055556,0.077634,0.225899,273.611111,424.653061,73.997669,32.222222,36.998835,16.111111,360,170,0.066667,1600.000000,0.000000,35.000000,1.479967,0.000000
0,-0.000113,0.033333,0.027778,2.807696,1.116278,4413.111111,8683.750000,95.220140,100.000000,47.610070,50.000000,750,30,0.045455,2400.000000,0.000000,45.000000,1.907405,2.000371
0,-0.000112,0.033333,0.027778,0.240596,1.116278,3353.103299,8683.750000,96.428571,100.000000,48.214286,50.000000,760,10,0.045455,2300.000000,0.000000,45.000000,1.928580,2.000371
0,0.000000,0.065217,0.065217,1.978553,0.532744,4137.109286,468.750000,85.820813,90.909104,42.910407,45.454552,700,240,0.065217,1000.000000,0.000000,40.000000,1.716949,1.818533
0,-0.001527,0.100000,0.071429,0.073827,0.736616,1889.417778,9218.880000,89.967119,83.901609,44.983560,41.950805,450,430,0.272727,2400.000000,0.000000,40.000000,1.799344,1.678085
0,-0.000305,0.166667,0.142857,0.001856,0.049951,48.326531,726.000000,60.000000,40.000000,30.000000,20.000000,280,10,0.166667,1300.000000,0.000000,30.000000,1.200000,0.000000
0,0.000000,0.111111,0.111111,0.035582,0.323086,464.666667,5290.000000,82.887982,40.999680,41.443991,20.499840,220,130,0.111111,1100.000000,0.000000,40.000000,1.657761,0.000000
0,0.000000,0.027778,0.027778,1.920363,1.116278,7318.122449,8683.750000,95.775862,100.000000,47.887931,50.000000,850,240,0.027778,1000.000000,0.000000,45.000000,1.916043,2.000371
0,-0.000131,0.043478,0.027778,0.513977,1.116278,3620.478458,8683.750000,86.371013,100.000000,43.185506,50.000000,740,700,0.045455,2500.000000,0.000000,40.000000,1.727566,2.000371
0,0.000395,0.625000,0.636364,0.002894,0.100184,74.000000,181.500000,56.000843,50.000000,28.000422,25.000000,110,10,0.636364,2500.000000,0.000000,25.000000,1.120017,0.000000
0,-0.000136,0.047619,0.027778,0.226432,1.116278,3319.168962,8683.750000,90.000000,100.000000,45.000000,50.000000,640,10,0.047619,2600.000000,0.000000,40.000000,1.800008,2.000371
0,0.000000,0.027778,0.027778,1.920363,1.116278,7318.122449,8683.750000,95.775862,100.000000,47.887931,50.000000,240,170,0.027778,1000.000000,0.000000,45.000000,1.916043,2.000371
0,0.000824,0.714286,0.888889,0.038128,0.003573,764.720000,70.560000,81.250000,39.646590,40.625000,19.823295,470,310,0.888889,2100.000000,0.000000,40.000000,1.625001,0.000000
0,-0.002289,1.000000,0.642857,0.057255,0.200444,167.902222,554.880000,87.500000,45.833333,43.750000,22.916667,200,10,1.000000,4900.000000,0.000000,40.000000,1.750016,0.000000
0,-0.000599,0.333333,0.105263,0.028226,0.001452,389.000000,27.000000,80.394292,40.000000,40.197146,20.000000,460,340,0.333333,3500.000000,0.000000,40.000000,1.607887,0.000000
0,-0.000032,0.051282,0.065217,0.424500,0.532744,4726.103802,468.750000,85.906786,90.909104,42.953393,45.454552,720,530,0.071429,2700.000000,0.000000,40.000000,1.718165,1.818533
0,-0.002289,1.000000,0.642857,0.057255,0.200444,167.902222,554.880000,87.500000,45.833333,43.750000,22.916667,250,10,1.000000,4900.000000,0.000000,40.000000,1.750016,0.000000
0,-0.000032,0.051282,0.065217,0.424500,0.532744,4726.103802,468.750000,85.906786,90.909104,42.953393,45.454552,630,530,0.071429,2700.000000,0.000000,40.000000,1.718165,1.818533
0,-0.000110,0.032258,0.027778,0.420750,1.116278,3079.194444,8683.750000,89.892196,100.000000,44.946098,50.000000,680,20,0.045455,2200.000000,0.000000,40.000000,1.797941,2.000371
0,-0.000392,0.352941,0.333333,0.054836,0.012037,811.805556,80.222222,83.258274,41.250000,41.629137,20.625000,520,390,0.352941,1100.000000,0.000000,40.000000,1.665167,0.000000
0,-0.000962,0.333333,0.250000,0.307863,0.011670,2208.000000,196.000000,68.664978,40.050881,34.332489,20.025440,280,120,0.333333,2200.000000,0.000000,30.000000,1.373325,0.000000
0,-0.000305,0.166667,0.142857,0.001856,0.049951,48.326531,726.000000,60.000000,40.000000,30.000000,20.000000,680,10,0.166667,1300.000000,0.000000,30.000000,1.200000,0.000000
0,-0.000110,0.032258,0.027778,0.420750,1.116278,3079.194444,8683.750000,89.892196,100.000000,44.946098,50.000000,770,20,0.045455,2200.000000,0.000000,40.000000,1.797941,2.000371
0,-0.000114,0.111111,0.100000,0.001359,0.000461,48.000000,11.111111,49.922618,41.704827,24.961309,20.852414,190,10,0.111111,1400.000000,0.000000,20.000000,0.998452,0.000000
0,-0.000526,0.333333,0.269231,0.092701,0.536172,2109.269630,8664.000000,81.286465,38.068276,40.643233,19.034138,430,260,0.333333,2400.000000,0.000000,40.000000,1.625732,0.000000
0,-0.000263,0.083333,0.052632,0.030857,0.005485,433.611111,99.229592,89.971706,80.767684,44.985853,40.383842,460,10,0.083333,2300.000000,0.000000,40.000000,1.799435,1.615354
0,0.000000,0.055556,0.055556,0.155180,0.295196,5079.444444,3847.217687,97.380819,100.000000,48.690410,50.000000,840,760,0.055556,1200.000000,0.000000,45.000000,1.947627,2.000011
0,0.000169,0.153846,0.333333,0.193557,0.000000,930.424444,0.000000,79.945161,0.000000,39.972580,0.000000,450,90,0.333333,3300.000000,0.000000,35.000000,1.598931,0.000000
0,0.000000,0.026316,0.026316,0.055263,0.304016,6162.304688,4081.666667,96.666667,100.000000,48.333333,50.000000,860,10,0.026316,1000.000000,0.000000,45.000000,1.933334,2.000012
0,0.000000,0.055556,0.055556,0.155180,0.295196,5079.444444,3847.217687,97.380819,100.000000,48.690410,50.000000,600,160,0.055556,1200.000000,0.000000,45.000000,1.947627,2.000011
0,0.000000,0.045455,0.045455,0.151045,0.319797,3562.374096,4182.854167,84.771514,90.908789,42.385757,45.454394,760,140,0.045455,1400.000000,0.000000,40.000000,1.695457,1.818188
0,-0.000659,0.388889,0.333333,0.242010,0.323351,3126.991111,4178.319728,94.444444,91.051106,47.222222,45.525553,120,10,0.388889,1600.000000,0.000000,45.000000,1.888898,1.821035
0,0.004249,0.083333,0.400000,0.051255,0.270419,664.053719,1300.000000,91.666656,85.000000,45.833328,42.500000,640,350,0.400000,3700.000000,0.000000,45.000000,1.833335,1.700040
0,0.000000,0.026316,0.026316,0.055263,0.304016,6162.304688,4081.666667,96.666667,100.000000,48.333333,50.000000,180,10,0.026316,1000.000000,0.000000,45.000000,1.933334,2.000012
0,0.000000,0.026316,0.026316,0.055263,0.304016,6162.304688,4081.666667,96.666667,100.000000,48.333333,50.000000,180,10,0.026316,1000.000000,0.000000,45.000000,1.933334,2.000012
0,-0.000207,0.111111,0.090909,0.014138,0.083393,98.777778,1296.653061,85.580996,80.653520,42.790498,40.326760,290,10,0.111111,1600.000000,0.000000,40.000000,1.711621,1.613073
0,-0.000058,0.040000,0.034483,0.240081,0.662932,4214.925000,6208.000000,76.690511,75.311821,38.345256,37.655911,560,500,0.040000,1600.000000,0.000000,35.000000,1.533819,1.506292
0,0.000000,0.090909,0.090909,0.146036,0.008608,928.571429,34.679012,88.124991,46.875000,44.062496,23.437500,470,400,0.090909,1100.000000,0.000000,40.000000,1.762511,0.000000
0,-0.000659,0.388889,0.333333,0.242010,0.323351,3126.991111,4178.319728,94.444444,91.051106,47.222222,45.525553,90,10,0.388889,1600.000000,0.000000,45.000000,1.888898,1.821035
0,0.000000,0.055556,0.055556,0.155180,0.295196,5079.444444,3847.217687,97.380819,100.000000,48.690410,50.000000,640,130,0.055556,1200.000000,0.000000,45.000000,1.947627,2.000011
0,0.001737,0.080000,0.173913,0.711657,0.901800,5303.222222,12345.666667,84.253648,89.846395,42.126824,44.923197,530,130,0.173913,1500.000000,0.000000,40.000000,1.685126,1.796961
0,0.004249,0.083333,0.400000,0.051255,0.270419,664.053719,1300.000000,91.666656,85.000000,45.833328,42.500000,350,160,0.400000,3700.000000,0.000000,45.000000,1.833335,1.700040
0,0.001737,0.080000,0.173913,0.711657,0.901800,5303.222222,12345.666667,84.253648,89.846395,42.126824,44.923197,810,530,0.173913,1500.000000,0.000000,40.000000,1.685126,1.796961
0,0.000000,0.055556,0.055556,0.155180,0.295196,5079.444444,3847.217687,97.380819,100.000000,48.690410,50.000000,840,600,0.055556,1200.000000,0.000000,45.000000,1.947627,2.000011
0,-0.000257,0.076923,0.058824,0.479932,0.747702,2124.875000,3822.222222,75.215336,72.645876,37.607668,36.322938,560,470,0.076923,1600.000000,0.000000,35.000000,1.504362,1.452998
0,0.000169,0.153846,0.333333,0.477449,0.410798,1923.555556,5408.000000,74.808386,40.311821,37.404193,20.155911,440,320,0.333333,3400.000000,0.000000,35.000000,1.496236,0.000000
0,0.000000,0.055556,0.055556,0.155180,0.295196,5079.444444,3847.217687,97.380819,100.000000,48.690410,50.000000,760,160,0.055556,1200.000000,0.000000,45.000000,1.947627,2.000011
0,0.001737,0.080000,0.173913,0.711657,0.901800,5303.222222,12345.666667,84.253648,89.846395,42.126824,44.923197,530,100,0.173913,1500.000000,0.000000,40.000000,1.685126,1.796961
0,0.000000,0.055556,0.055556,0.155180,0.295196,5079.444444,3847.217687,97.380819,100.000000,48.690410,50.000000,760,160,0.055556,1200.000000,0.000000,45.000000,1.947627,2.000011
0,0.000000,0.055556,0.055556,0.155180,0.295196,5079.444444,3847.217687,97.380819,100.000000,48.690410,50.000000,640,160,0.055556,1200.000000,0.000000,45.000000,1.947627,2.000011
0,-0.000687,0.375000,0.200000,0.011909,0.290874,208.451531,893.065744,51.249872,70.674597,25.624936,35.337299,530,10,0.375000,1900.000000,0.000000,25.000000,1.024998,1.413540
0,0.000000,0.055556,0.055556,0.155180,0.295196,5079.444444,3847.217687,97.380819,100.000000,48.690410,50.000000,600,130,0.055556,1200.000000,0.000000,45.000000,1.947627,2.000011
0,-0.000103,0.555556,0.545455,0.256148,0.333255,3161.546667,4481.666667,91.136551,89.602414,45.568276,44.801207,290,90,0.555556,1600.000000,0.000000,45.000000,1.822742,1.792061
0,0.000000,0.055556,0.055556,0.155180,0.295196,5079.444444,3847.217687,97.380819,100.000000,48.690410,50.000000,760,130,0.055556,1200.000000,0.000000,45.000000,1.947627,2.000011
0,0.000168,0.166667,0.333333,0.332694,0.000000,1215.111111,0.000000,73.403400,0.000000,36.701700,0.000000,450,410,0.333333,3700.000000,0.000000,35.000000,1.468118,0.000000
0,0.000000,0.045455,0.045455,0.151045,0.319797,3562.374096,4182.854167,84.771514,90.908789,42.385757,45.454394,820,760,0.045455,1400.000000,0.000000,40.000000,1.695457,1.818188
0,-0.000659,0.388889,0.333333,0.242010,0.323351,3126.991111,4178.319728,94.444444,91.051106,47.222222,45.525553,800,10,0.388889,1600.000000,0.000000,45.000000,1.888898,1.821035
0,-0.000659,0.388889,0.333333,0.242010,0.323351,3126.991111,4178.319728,94.444444,91.051106,47.222222,45.525553,120,10,0.388889,1600.000000,0.000000,45.000000,1.888898,1.821035
0,-0.000050,0.344828,0.375000,0.008793,0.255416,357.185575,925.000000,77.193333,75.727723,38.596666,37.863862,470,10,0.466667,2500.000000,0.000000,35.000000,1.543867,1.514594
0,-0.000103,0.555556,0.545455,0.256148,0.333255,3161.546667,4481.666667,91.136551,89.602414,45.568276,44.801207,800,290,0.555556,1600.000000,0.000000,45.000000,1.822742,1.792061
0,-0.000103,0.555556,0.545455,0.256148,0.333255,3161.546667,4481.666667,91.136551,89.602414,45.568276,44.801207,290,120,0.555556,1600.000000,0.000000,45.000000,1.822742,1.792061
0,0.000000,0.400000,0.400000,0.022089,0.262703,370.047337,1011.600000,47.787826,85.000000,23.893913,42.500000,610,10,0.400000,1100.000000,0.000000,20.000000,0.955757,1.700040
0,0.000000,0.026316,0.026316,0.055263,0.304016,6162.304688,4081.666667,96.666667,100.000000,48.333333,50.000000,150,10,0.026316,1000.000000,0.000000,45.000000,1.933334,2.000012
0,0.000000,0.055556,0.055556,0.155180,0.295196,5079.444444,3847.217687,97.380819,100.000000,48.690410,50.000000,760,130,0.055556,1200.000000,0.000000,45.000000,1.947627,2.000011
0,0.000000,0.055556,0.055556,0.155180,0.295196,5079.444444,3847.217687,97.380819,100.000000,48.690410,50.000000,640,130,0.055556,1200.000000,0.000000,45.000000,1.947627,2.000011
0,0.000000,0.111111,0.111111,0.024638,0.255955,390.491782,880.222222,83.333326,76.250000,41.666663,38.125000,610,530,0.111111,1100.000000,0.000000,40.000000,1.666667,1.525040
0,0.000216,0.400000,1.000000,0.015371,0.002872,212.666667,36.000000,81.649507,50.000000,40.824754,25.000000,90,40,1.000000,2900.000000,0.000000,40.000000,1.632991,0.000000
0,0.000000,0.045455,0.045455,0.151045,0.319797,3562.374096,4182.854167,84.771514,90.908789,42.385757,45.454394,760,110,0.045455,1400.000000,0.000000,40.000000,1.695457,1.818188
0,0.000000,0.026316,0.026316,0.055263,0.304016,6162.304688,4081.666667,96.666667,100.000000,48.333333,50.000000,150,10,0.026316,1000.000000,0.000000,45.000000,1.933334,2.000012
0,-0.000659,0.388889,0.333333,0.242010,0.323351,3126.991111,4178.319728,94.444444,91.051106,47.222222,45.525553,90,10,0.388889,1600.000000,0.000000,45.000000,1.888898,1.821035
0,-0.000470,0.500000,0.357143,0.043253,0.000958,594.222222,24.500000,60.000051,50.000000,30.000025,25.000000,600,10,0.555556,5000.000000,0.000000,30.000000,1.200003,0.000000
0,0.000000,0.055556,0.055556,0.155180,0.295196,5079.444444,3847.217687,97.380819,100.000000,48.690410,50.000000,640,160,0.055556,1200.000000,0.000000,45.000000,1.947627,2.000011
0,-0.000103,0.555556,0.545455,0.256148,0.333255,3161.546667,4481.666667,91.136551,89.602414,45.568276,44.801207,290,120,0.555556,1600.000000,0.000000,45.000000,1.822742,1.792061
0,-0.000548,0.250000,0.181818,0.024664,0.001528,331.346939,25.000000,78.310181,40.000000,39.155090,20.000000,300,170,0.250000,2100.000000,0.000000,35.000000,1.566205,0.000000
0,0.000000,0.045455,0.045455,0.151045,0.319797,3562.374096,4182.854167,84.771514,90.908789,42.385757,45.454394,760,110,0.045455,1400.000000,0.000000,40.000000,1.695457,1.818188
0,0.000000,0.055556,0.055556,0.155180,0.295196,5079.444444,3847.217687,97.380819,100.000000,48.690410,50.000000,840,640,0.055556,1200.000000,0.000000,45.000000,1.947627,2.000011
0,0.000000,0.500000,0.500000,0.145941,0.001321,927.222222,27.222222,80.124991,42.000000,40.062496,21.000000,450,400,0.500000,1100.000000,0.000000,40.000000,1.602511,0.000000
0,-0.000103,0.555556,0.545455,0.256148,0.333255,3161.546667,4481.666667,91.136551,89.602414,45.568276,44.801207,290,90,0.555556,1600.000000,0.000000,45.000000,1.822742,1.792061
0,-0.000077,0.250000,0.105263,0.099621,0.270323,383.861111,1088.918367,74.848988,75.769229,37.424494,37.884615,380,140,0.250000,3400.000000,0.000000,35.000000,1.496996,1.515425
0,-0.000470,0.500000,0.357143,0.043253,0.000958,594.222222,24.500000,60.000051,50.000000,30.000025,25.000000,620,10,0.555556,5000.000000,0.000000,30.000000,1.200003,0.000000
0,0.001737,0.080000,0.173913,0.711657,0.901800,5303.222222,12345.666667,84.253648,89.846395,42.126824,44.923197,530,130,0.173913,1500.000000,0.000000,40.000000,1.685126,1.796961
0,0.000000,0.055556,0.055556,0.155180,0.295196,5079.444444,3847.217687,97.380819,100.000000,48.690410,50.000000,600,160,0.055556,1200.000000,0.000000,45.000000,1.947627,2.000011
0,0.000000,0.055556,0.055556,0.155180,0.295196,5079.444444,3847.217687,97.380819,100.000000,48.690410,50.000000,600,130,0.055556,1200.000000,0.000000,45.000000,1.947627,2.000011
0,-0.001367,0.100000,0.500000,0.069602,0.262703,189.375000,1011.600000,80.000000,85.000000,40.000000,42.500000,270,240,0.750000,4800.000000,0.000000,35.000000,1.600015,1.700040
0,0.000000,0.333333,0.333333,0.012458,0.002872,226.440000,36.000000,41.237571,50.000000,20.618786,25.000000,230,10,0.333333,1000.000000,0.000000,20.000000,0.824752,0.000000
0,0.000000,0.045455,0.045455,0.151045,0.319797,3562.374096,4182.854167,84.771514,90.908789,42.385757,45.454394,760,140,0.045455,1400.000000,0.000000,40.000000,1.695457,1.818188
0,0.001737,0.080000,0.173913,0.711657,0.901800,5303.222222,12345.666667,84.253648,89.846395,42.126824,44.923197,530,100,0.173913,1500.000000,0.000000,40.000000,1.685126,1.796961
0,0.000000,0.090909,0.090909,0.146036,0.008608,928.571429,34.679012,88.124991,46.875000,44.062496,23.437500,530,400,0.090909,1100.000000,0.000000,40.000000,1.762511,0.000000
0,-0.002578,0.888889,0.650000,0.019888,0.024301,112.792500,189.000000,57.498292,40.000000,28.749146,20.000000,50,10,0.916667,3400.000000,0.000000,25.000000,1.149968,0.000000
0,-0.000637,0.142857,0.066667,0.001507,0.026321,28.396825,603.061728,82.857143,90.428274,41.428571,45.214137,250,160,0.142857,1900.000000,0.000000,40.000000,1.657143,1.808566
0,-0.000059,0.095238,0.090909,1.756028,0.150141,4509.250000,2736.000000,84.893094,39.832590,42.446547,19.916295,470,400,0.100000,1700.000000,0.000000,40.000000,1.698224,0.000000
0,0.000000,0.142857,0.142857,0.013046,0.002817,109.160000,116.640000,44.667626,40.000000,22.333813,20.000000,360,10,0.142857,1800.000000,0.000000,20.000000,0.893355,0.000000
0,0.000162,0.250000,0.200000,0.052806,0.032889,1024.200000,810.000000,84.113596,39.949416,42.056798,19.974708,460,90,0.250000,2600.000000,0.000000,40.000000,1.682273,0.000000
0,-0.000256,0.166667,0.153846,0.052806,0.002502,126.160000,52.000000,89.602414,41.519006,44.801207,20.759503,450,320,0.166667,1100.000000,0.000000,40.000000,1.792062,0.000000
0,0.000000,0.285714,0.285714,0.001856,0.000000,116.571429,0.000000,58.000959,0.000000,29.000480,0.000000,810,10,0.285714,1800.000000,0.000000,25.000000,1.160019,0.000000
0,-0.000498,0.250000,0.142857,0.134603,0.628165,1590.843750,10816.000000,89.996898,39.999900,44.998449,19.999950,740,530,0.250000,2500.000000,0.000000,40.000000,1.799944,0.000000
0,0.002163,0.555556,0.357143,0.001956,0.037116,75.156667,770.960000,48.890111,91.409060,24.445055,45.704530,210,10,0.555556,2800.000000,0.000000,20.000000,0.977802,1.828182
0,-0.000829,0.222222,0.040000,0.004496,0.040871,118.923611,489.000000,90.043621,90.000000,45.021811,45.000000,390,10,0.250000,3800.000000,0.000000,45.000000,1.800873,1.800002
0,-0.000246,0.058824,0.043478,0.027256,0.012343,193.965420,228.555556,90.981379,41.175193,45.490690,20.587597,340,270,0.058824,1600.000000,0.000000,45.000000,1.819630,0.000000
0,0.000000,0.142857,0.142857,2.488629,0.628165,3680.000000,10816.000000,39.112071,39.999900,19.556035,19.999950,600,10,0.142857,1800.000000,0.000000,15.000000,0.783102,0.000000
0,0.000000,0.071429,0.071429,0.046525,0.026363,821.444444,525.280988,77.240387,83.227242,38.620194,41.613621,720,390,0.071429,1000.000000,0.000000,35.000000,1.544809,1.664546
0,-0.000027,0.615385,0.642857,0.004150,0.002817,111.443878,116.640000,82.500000,40.000000,41.250000,20.000000,260,10,0.727273,2800.000000,0.000000,40.000000,1.650000,0.000000
0,0.000000,0.285714,0.285714,0.008694,0.019936,291.750000,506.250000,48.000959,40.000000,24.000480,20.000000,130,10,0.285714,1800.000000,0.000000,20.000000,0.960019,0.000000
0,-0.000122,0.250000,0.192308,0.223881,0.076010,2794.857143,1184.661157,91.453675,48.387097,45.726837,24.193548,450,350,0.259259,4800.000000,0.000000,45.000000,1.829082,0.000000
0,0.000731,0.142857,0.200000,0.062178,0.014900,941.841942,354.320988,81.103770,91.818182,40.551885,45.909091,620,90,0.200000,2000.000000,0.000000,40.000000,1.622077,1.836364
0,0.000120,0.700000,0.642857,0.146434,0.002817,465.673469,116.640000,95.000000,40.000000,47.500000,20.000000,460,10,0.727273,5300.000000,0.000000,45.000000,1.900027,0.000000
0,-0.000117,0.090909,0.192308,0.065042,0.076010,564.066116,1184.661157,81.428435,48.387097,40.714217,24.193548,580,80,0.250000,3500.000000,0.000000,40.000000,1.628573,0.000000
0,-0.000823,0.200000,0.040000,0.583983,0.092580,2272.512755,1484.661157,84.914530,98.387097,42.457265,49.193548,390,330,0.250000,4400.000000,0.000000,40.000000,1.698432,1.967745
0,0.000281,0.500000,1.000000,0.027045,0.000000,47.693878,0.000000,91.666667,0.000000,45.833333,0.000000,710,10,1.000000,2800.000000,0.000000,45.000000,1.833347,0.000000
0,0.000284,0.058824,0.142857,0.037191,0.267407,534.073433,5242.420118,90.607549,40.022334,45.303775,20.011167,720,700,0.142857,2900.000000,0.000000,45.000000,1.812152,0.000000
0,0.000281,0.500000,1.000000,0.027045,0.000000,47.693878,0.000000,91.666667,0.000000,45.833333,0.000000,510,10,1.000000,2800.000000,0.000000,45.000000,1.833347,0.000000
0,-0.000829,0.222222,0.040000,0.004496,0.040871,118.923611,489.000000,90.043621,90.000000,45.021811,45.000000,180,10,0.250000,3800.000000,0.000000,45.000000,1.800873,1.800002
0,-0.000171,0.545455,0.500000,0.020125,0.024457,106.239210,103.142857,100.000000,38.571419,50.000000,19.285710,580,10,0.545455,2500.000000,0.000000,50.000000,2.000003,0.000000
0,0.000284,0.058824,0.142857,0.037191,0.267407,534.073433,5242.420118,90.607549,40.022334,45.303775,20.011167,720,500,0.142857,2900.000000,0.000000,45.000000,1.812152,0.000000
0,0.000306,0.250000,0.200000,0.075026,0.108898,1364.777778,1994.661157,90.113596,88.336513,45.056798,44.168256,670,460,0.250000,2600.000000,0.000000,45.000000,1.802274,1.766733
0,-0.000302,0.166667,0.125000,0.022641,0.036995,108.628099,84.500000,90.000000,40.000000,45.000000,20.000000,580,150,0.166667,2500.000000,0.000000,40.000000,1.800003,0.000000
0,0.000000,0.166667,0.166667,0.001660,0.015598,27.111111,361.250000,79.747080,91.999680,39.873540,45.999840,250,30,0.166667,1900.000000,0.000000,35.000000,1.594942,1.839994
0,-0.000823,0.200000,0.040000,0.583983,0.092580,2272.512755,1484.661157,84.914530,98.387097,42.457265,49.193548,390,120,0.250000,4400.000000,0.000000,40.000000,1.698432,1.967745
0,0.000306,0.250000,0.200000,0.054996,0.057189,1057.950617,999.000000,81.540731,79.949416,40.770366,39.974708,460,130,0.250000,2600.000000,0.000000,40.000000,1.630816,1.598991
0,-0.000461,0.333333,0.166667,0.005628,0.000458,48.326531,11.111111,92.498801,42.500000,46.249400,21.250000,220,50,0.333333,2100.000000,0.000000,45.000000,1.849976,0.000000
0,0.000501,0.222222,0.400000,0.011180,0.016571,94.432500,300.000000,70.000000,50.000000,35.000000,25.000000,430,10,0.666667,3400.000000,0.000000,35.000000,1.400001,0.000000
0,-0.000024,0.388889,0.282609,0.104292,0.100310,955.153061,1373.661157,86.710288,88.387097,43.355144,44.193548,450,10,0.388889,3800.000000,0.000000,40.000000,1.734212,1.767746
0,-0.000117,0.090909,0.192308,0.065042,0.076010,564.066116,1184.661157,81.428435,48.387097,40.714217,24.193548,480,80,0.250000,3500.000000,0.000000,40.000000,1.628573,0.000000
0,0.000306,0.250000,0.200000,0.075026,0.108898,1364.777778,1994.661157,90.113596,88.336513,45.056798,44.168256,570,460,0.250000,2600.000000,0.000000,45.000000,1.802274,1.766733
0,-0.000161,0.080000,0.041667,0.173812,0.105249,596.570278,1059.846154,79.430985,37.569199,39.715493,18.784600,210,90,0.166667,3400.000000,0.000000,35.000000,1.588647,0.000000
0,-0.000461,0.333333,0.166667,0.005628,0.000458,48.326531,11.111111,92.498801,42.500000,46.249400,21.250000,620,50,0.333333,2100.000000,0.000000,45.000000,1.849976,0.000000
0,0.000000,0.052632,0.052632,0.110281,0.270224,1636.200000,5359.060118,76.989196,80.022334,38.494598,40.011167,830,360,0.052632,1800.000000,0.000000,35.000000,1.539790,1.600454
0,0.000501,0.222222,0.400000,0.011180,0.016571,94.432500,300.000000,70.000000,50.000000,35.000000,25.000000,220,10,0.666667,3400.000000,0.000000,35.000000,1.400001,0.000000
0,-0.000024,0.388889,0.282609,0.104292,0.100310,955.153061,1373.661157,86.710288,88.387097,43.355144,44.193548,550,10,0.388889,3800.000000,0.000000,40.000000,1.734212,1.767746
0,-0.000205,0.076923,0.066667,0.064904,0.014900,665.342400,354.320988,59.354203,91.818182,29.677101,45.909091,670,290,0.076923,1500.000000,0.000000,25.000000,1.187093,1.836364
0,-0.000415,0.125000,0.058824,0.136109,0.630982,1646.703704,10932.640000,80.830232,79.999900,40.415116,39.999950,530,290,0.125000,2500.000000,0.000000,40.000000,1.616610,1.600016
0,-0.000169,0.222222,0.041667,0.074932,0.105249,870.333333,1059.846154,81.744276,37.569199,40.872138,18.784600,340,60,0.222222,4900.000000,0.000000,40.000000,1.634889,0.000000
0,0.000001,0.250000,1.000000,0.029921,0.000000,46.440000,0.000000,78.493961,0.000000,39.246980,0.000000,320,120,1.000000,6700.000000,0.000000,35.000000,1.569897,0.000000
0,0.000000,0.071429,0.071429,0.074574,0.000710,1239.690000,16.000000,78.613042,42.500000,39.306521,21.250000,220,50,0.071429,1300.000000,0.000000,35.000000,1.572263,0.000000
0,-0.000823,0.200000,0.040000,0.583983,0.092580,2272.512755,1484.661157,84.914530,98.387097,42.457265,49.193548,490,120,0.250000,4400.000000,0.000000,40.000000,1.698432,1.967745
0,-0.002578,0.888889,0.650000,0.037044,0.076010,479.118056,1184.661157,70.000000,48.387097,35.000000,24.193548,490,10,0.916667,3400.000000,0.000000,35.000000,1.400002,0.000000
0,-0.000823,0.200000,0.040000,0.583983,0.092580,2272.512755,1484.661157,84.914530,98.387097,42.457265,49.193548,490,330,0.250000,4400.000000,0.000000,40.000000,1.698432,1.967745
0,-0.000498,0.250000,0.142857,0.134603,0.628165,1590.843750,10816.000000,89.996898,39.999900,44.998449,19.999950,530,40,0.250000,2500.000000,0.000000,40.000000,1.799944,0.000000
0,-0.000059,0.095238,0.090909,4.018192,0.150141,4509.250000,2736.000000,84.893094,39.832590,42.446547,19.916295,640,400,0.100000,1700.000000,0.000000,40.000000,1.699794,0.000000
0,-0.000506,0.100000,0.071429,0.030424,0.008145,279.388889,211.600000,81.948507,50.000000,40.974253,25.000000,420,380,0.100000,3400.000000,0.000000,40.000000,1.638972,0.000000
0,-0.000498,0.250000,0.142857,0.134603,0.628165,1590.843750,10816.000000,89.996898,39.999900,44.998449,19.999950,540,530,0.250000,2500.000000,0.000000,40.000000,1.799944,0.000000
0,-0.000256,0.166667,0.153846,0.052806,0.002502,126.160000,52.000000,89.602414,41.519006,44.801207,20.759503,720,450,0.166667,1100.000000,0.000000,40.000000,1.792062,0.000000
0,-0.000171,0.545455,0.500000,0.020125,0.024457,106.239210,103.142857,100.000000,38.571419,50.000000,19.285710,180,10,0.545455,2500.000000,0.000000,50.000000,2.000003,0.000000
0,0.000000,0.285714,0.285714,0.001856,0.000000,116.571429,0.000000,58.000959,0.000000,29.000480,0.000000,610,10,0.285714,1800.000000,0.000000,25.000000,1.160019,0.000000
0,-0.000059,0.095238,0.090909,1.756028,0.150141,4509.250000,2736.000000,84.893094,39.832590,42.446547,19.916295,460,400,0.100000,1700.000000,0.000000,40.000000,1.698224,0.000000
0,-0.000246,0.058824,0.043478,0.027256,0.012343,193.965420,228.555556,90.981379,41.175193,45.490690,20.587597,670,340,0.058824,1600.000000,0.000000,45.000000,1.819630,0.000000
0,-0.002578,0.888889,0.650000,0.037044,0.076010,479.118056,1184.661157,70.000000,48.387097,35.000000,24.193548,590,10,0.916667,3400.000000,0.000000,35.000000,1.400002,0.000000
0,0.000000,0.285714,0.285714,0.001856,0.000000,116.571429,0.000000,58.000959,0.000000,29.000480,0.000000,110,10,0.285714,1800.000000,0.000000,25.000000,1.160019,0.000000
0,0.000293,0.055556,0.142857,0.115323,0.267407,927.098338,5242.420118,72.736817,40.022334,36.368409,20.011167,750,30,0.142857,2600.000000,0.000000,35.000000,1.454744,0.000000
0,-0.000122,0.250000,0.192308,0.223881,0.076010,2794.857143,1184.661157,91.453675,48.387097,45.726837,24.193548,350,350,0.259259,4800.000000,0.000000,45.000000,1.829082,0.000000
0,0.003487,0.125000,0.285714,0.027677,0.037116,153.500000,770.960000,61.666665,91.409060,30.833332,45.704530,340,290,0.285714,1500.000000,0.000000,30.000000,1.233341,1.828182
0,-0.000302,0.166667,0.125000,0.022641,0.036995,108.628099,84.500000,90.000000,40.000000,45.000000,20.000000,180,150,0.166667,2500.000000,0.000000,40.000000,1.800003,0.000000
0,0.000007,1.000000,1.000000,0.025008,0.000000,366.617284,0.000000,69.703000,0.000000,34.851500,0.000000,410,10,1.000000,4200.000000,0.000000,30.000000,1.394061,0.000000
0,0.000120,0.700000,0.642857,0.146434,0.002817,465.673469,116.640000,95.000000,40.000000,47.500000,20.000000,260,10,0.727273,5300.000000,0.000000,45.000000,1.900027,0.000000
0,-0.000044,0.058824,0.052632,0.098517,0.026723,1758.518519,681.888889,89.771257,41.176463,44.885628,20.588232,510,340,0.058824,2200.000000,0.000000,40.000000,1.795428,0.000000
0,0.000057,0.800000,0.833333,0.074251,0.025429,245.500000,716.000000,77.283538,90.000000,38.641769,45.000000,330,20,0.833333,3400.000000,0.000000,35.000000,1.545684,1.800000
0,-0.000575,0.230769,0.150000,1.972291,0.342998,4222.138889,2801.530612,83.399467,38.406683,41.699734,19.203341,640,290,0.230769,2700.000000,0.000000,40.000000,1.668485,0.000000
0,-0.000575,0.230769,0.150000,1.972291,0.342998,4222.138889,2801.530612,83.399467,38.406683,41.699734,19.203341,640,590,0.230769,2700.000000,0.000000,40.000000,1.668485,0.000000
0,0.000000,0.250000,0.250000,9.276808,0.786738,9020.000000,616.049383,78.963857,63.333333,39.481929,31.666667,580,80,0.250000,2600.000000,0.000000,35.000000,1.584106,1.267655
0,-0.000178,1.000000,0.857143,0.104141,0.000000,502.518519,0.000000,87.500000,0.000000,43.750000,0.000000,330,10,1.000000,2300.000000,0.000000,40.000000,1.750015,0.000000
0,-0.000050,1.000000,0.888889,0.686192,0.008507,1920.000000,161.333333,86.250000,41.401608,43.125000,20.700804,430,260,1.000000,3000.000000,0.000000,40.000000,1.725137,0.000000
0,0.000000,0.833333,0.833333,3.344459,0.025429,1645.000000,716.000000,82.539851,90.000000,41.269925,45.000000,180,80,0.833333,1800.000000,0.000000,40.000000,1.654758,1.800000
0,0.000000,0.047619,0.047619,0.144120,0.123592,906.445319,2099.562500,87.644231,88.649805,43.822115,44.324903,820,220,0.047619,1300.000000,0.000000,40.000000,1.752896,1.773001
0,-0.000178,1.000000,0.857143,0.104141,0.000000,502.518519,0.000000,87.500000,0.000000,43.750000,0.000000,630,10,1.000000,2300.000000,0.000000,40.000000,1.750015,0.000000
0,-0.000081,0.068966,0.062500,0.054781,0.302636,965.499071,300.000000,91.166056,43.333333,45.583028,21.666667,710,510,0.068966,1500.000000,0.000000,45.000000,1.823323,0.000000
0,-0.001506,0.111111,0.090909,0.265821,0.117560,686.400000,2094.750000,83.636364,39.986688,41.818182,19.993344,380,360,0.352941,2000.000000,0.000000,40.000000,1.672807,0.000000
0,0.000000,0.250000,0.250000,0.063246,0.786738,928.166667,616.049383,82.079027,63.333333,41.039514,31.666667,480,370,0.250000,3600.000000,0.000000,40.000000,1.641583,1.267655
0,-0.000044,0.058824,0.052632,0.098517,0.026723,1758.518519,681.888889,89.771257,41.176463,44.885628,20.588232,640,510,0.058824,2200.000000,0.000000,40.000000,1.795428,0.000000
0,-0.001506,0.111111,0.090909,0.265821,0.117560,686.400000,2094.750000,83.636364,39.986688,41.818182,19.993344,660,380,0.352941,2000.000000,0.000000,40.000000,1.672807,0.000000
0,-0.000050,1.000000,0.888889,0.686192,0.008507,1920.000000,161.333333,86.250000,41.401608,43.125000,20.700804,560,430,1.000000,3000.000000,0.000000,40.000000,1.725137,0.000000
0,-0.000081,0.068966,0.062500,0.054781,0.302636,965.499071,300.000000,91.166056,43.333333,45.583028,21.666667,510,410,0.068966,1500.000000,0.000000,45.000000,1.823323,0.000000
0,0.000000,0.047619,0.047619,0.144120,0.123592,906.445319,2099.562500,87.644231,88.649805,43.822115,44.324903,420,220,0.047619,1300.000000,0.000000,40.000000,1.752896,1.773001
0,0.000000,1.000000,1.000000,1.834754,0.000000,2600.000000,0.000000,79.996906,0.000000,39.998453,0.000000,510,210,1.000000,3500.000000,0.000000,35.000000,1.600715,0.000000
