thread_id,v_rel_smoothed,initial_chi,final_chi,pre_p_mag,post_p_mag,pre_mass,post_mass,pre_s_sum,post_s_sum,pre_s_mean,post_s_mean,pre_age_a,pre_age_b,chi_max,duration,theta,stability_bin,pre_E_total,post_E_total
0,0.000000,0.062500,0.062500,1.950971,0.893774,4537.260000,1045.777778,44.278118,71.040963,22.139059,35.520481,100,80,0.062500,100.000000,0.000000,20.000000,0.886157,1.421203
0,-0.004242,1.000000,0.307692,0.819478,0.631425,468.000000,128.000000,31.404860,73.847570,15.702430,36.923785,100,10,1.000000,180.000000,0.000000,15.000000,0.630429,1.479273
0,0.000000,0.071429,0.071429,15.709017,0.000000,7997.493827,0.000000,47.330547,0.000000,23.665274,0.000000,130,30,0.071429,110.000000,0.000000,20.000000,0.962039,0.000000
0,0.000000,1.000000,1.000000,0.539185,4.581195,256.600000,400.000000,35.916336,25.889975,17.958168,12.944987,150,10,1.000000,130.000000,0.000000,15.000000,0.719014,0.000000
0,0.002094,0.350000,0.360000,15.875188,0.586374,8100.176857,400.000000,54.223625,33.398141,27.111813,16.699070,170,130,0.360000,140.000000,0.000000,25.000000,1.100035,0.000000
0,-0.001809,0.454545,0.400000,1.526583,3.858343,921.155556,1300.000000,58.407818,70.926233,29.203909,35.463117,200,130,0.500000,180.000000,0.000000,25.000000,1.169424,1.424902
0,-0.000510,0.400000,0.285714,0.427186,0.586374,223.266667,400.000000,47.636402,33.398141,23.818201,16.699070,180,70,0.400000,130.000000,0.000000,20.000000,0.953293,0.000000
0,-0.004000,0.600000,0.400000,16.880674,15.934558,8044.555556,3001.250000,57.352357,39.240856,28.676179,19.620428,150,130,0.600000,140.000000,0.000000,25.000000,1.173734,0.000000
0,-0.001615,0.400000,0.285714,3.554055,0.000000,4261.760000,0.000000,45.975313,0.000000,22.987656,0.000000,140,70,0.400000,130.000000,0.000000,20.000000,0.921282,0.000000
0,-0.000291,0.250000,0.240000,122.992800,1.209118,17723.555556,1143.048655,61.386300,85.446954,30.693150,42.723477,240,110,0.272727,120.000000,0.000000,30.000000,2.344209,1.709875
0,-0.001315,0.285714,0.160000,1.643436,0.758960,3484.000000,3090.254650,66.764803,79.605773,33.382401,39.802886,170,70,0.285714,190.000000,0.000000,30.000000,1.335698,1.592213
0,-0.002257,0.666667,0.240000,53.523792,1.209118,5835.000000,1143.048655,54.490750,85.446954,27.245375,42.723477,150,10,0.666667,210.000000,0.000000,25.000000,1.335974,1.709875
0,0.000000,0.052632,0.052632,13.891930,0.528104,5567.027778,789.660900,67.966704,85.446954,33.983352,42.723477,260,210,0.052632,100.000000,0.000000,30.000000,1.376698,1.709227
0,-0.001315,0.285714,0.160000,1.643436,0.758960,3484.000000,3090.254650,66.764803,79.605773,33.382401,39.802886,270,170,0.285714,190.000000,0.000000,30.000000,1.335698,1.592213
0,0.000000,0.052632,0.052632,13.891930,0.528104,5567.027778,789.660900,67.966704,85.446954,33.983352,42.723477,260,170,0.052632,100.000000,0.000000,30.000000,1.376698,1.709227
0,0.000000,0.142857,0.142857,5.900519,1.681045,1089.333333,383.375000,74.772841,75.626716,37.386420,37.813358,190,150,0.142857,130.000000,0.000000,35.000000,1.525995,1.516455
0,0.000000,0.142857,0.142857,5.900519,1.681045,1089.333333,383.375000,74.772841,75.626716,37.386420,37.813358,470,190,0.142857,130.000000,0.000000,35.000000,1.525995,1.516455
0,-0.000111,0.062500,0.055556,0.894213,4.056885,567.578125,2742.708333,83.640848,85.228713,41.820424,42.614356,480,230,0.062500,120.000000,0.000000,40.000000,1.673524,1.707575
0,-0.000111,0.062500,0.055556,0.894213,4.056885,567.578125,2742.708333,83.640848,85.228713,41.820424,42.614356,230,160,0.062500,120.000000,0.000000,40.000000,1.673524,1.707575
0,-0.004396,0.454545,0.111111,0.670767,0.028219,425.790000,45.375000,78.718313,50.000000,39.359156,25.000000,160,40,0.454545,150.000000,0.000000,35.000000,1.574905,0.000000
0,-0.004396,0.454545,0.111111,0.670767,0.028219,425.790000,45.375000,78.718313,50.000000,39.359156,25.000000,480,40,0.454545,150.000000,0.000000,35.000000,1.574905,0.000000
0,-0.006677,0.800000,0.166667,0.628988,0.034395,701.875000,45.375000,79.336793,50.000000,39.668397,25.000000,180,10,0.800000,140.000000,0.000000,35.000000,1.587046,0.000000
0,-0.006677,0.800000,0.166667,0.628988,0.034395,701.875000,45.375000,79.336793,50.000000,39.668397,25.000000,500,10,0.800000,140.000000,0.000000,35.000000,1.587046,0.000000
0,0.000533,0.800000,0.833333,0.068411,0.072924,204.306122,94.367347,84.075137,38.919118,42.037569,19.459559,20,10,0.833333,130.000000,0.000000,40.000000,1.681539,0.000000
0,0.000000,0.100000,0.100000,3.207510,0.018898,1120.530612,25.000000,70.580072,40.004581,35.290036,20.002291,350,110,0.100000,130.000000,0.000000,35.000000,1.416569,0.000000
0,0.000000,0.125000,0.125000,0.474647,0.531530,306.568047,252.000000,75.569908,39.031378,37.784954,19.515689,350,240,0.125000,120.000000,0.000000,35.000000,1.511767,0.000000
0,-0.000264,0.333333,0.214286,1.150251,4.728396,762.000000,1539.000000,54.863604,34.396636,27.431802,17.198318,160,10,0.333333,220.000000,0.000000,25.000000,1.098183,0.000000
0,-0.000121,0.913043,0.862069,0.435418,0.292061,219.206807,245.000000,75.462894,49.883874,37.731447,24.941937,300,10,0.916667,170.000000,0.000000,35.000000,1.509770,0.000000
0,0.001015,0.466667,0.529412,2.397349,0.018898,691.968112,25.000000,67.990625,40.004581,33.995313,20.002291,350,100,0.529412,130.000000,0.000000,30.000000,1.364018,0.000000
0,-0.000717,0.500000,0.400000,3.952616,0.000000,1791.583333,0.000000,51.718555,0.000000,25.859278,0.000000,120,20,0.571429,220.000000,0.000000,25.000000,1.038737,0.000000
0,-0.000265,0.083333,0.052632,0.131557,5.245958,105.937500,645.000000,76.868426,87.383874,38.434213,43.691937,190,30,0.294118,240.000000,0.000000,35.000000,1.537453,1.778528
0,0.000000,1.000000,1.000000,139.334522,0.000000,11111.111111,0.000000,57.750266,0.000000,28.875133,0.000000,110,100,1.000000,240.000000,0.000000,25.000000,2.337471,0.000000
0,-0.000049,0.055556,0.052632,0.825260,5.245958,384.082840,645.000000,79.959777,87.383874,39.979888,43.691937,220,10,0.058824,170.000000,0.000000,35.000000,1.600168,1.778528
0,-0.000461,0.166667,0.058824,0.338148,0.000000,963.479339,0.000000,61.377431,0.000000,30.688716,0.000000,160,10,0.166667,220.000000,0.000000,30.000000,1.227610,0.000000
0,-0.000461,0.166667,0.058824,0.338148,0.000000,963.479339,0.000000,61.377431,0.000000,30.688716,0.000000,360,10,0.166667,220.000000,0.000000,30.000000,1.227610,0.000000
0,0.001262,1.000000,0.862069,0.302051,0.292061,266.500000,245.000000,62.312711,49.883874,31.156356,24.941937,210,10,1.000000,260.000000,0.000000,30.000000,1.246627,0.000000
0,-0.000454,0.125000,0.210526,2.147568,4.953897,1179.222222,400.000000,78.807996,37.500000,39.403998,18.750000,130,90,0.428571,340.000000,0.000000,35.000000,1.578325,0.000000
0,-0.000533,0.166667,0.125000,1.653393,0.531530,966.387755,252.000000,90.059653,39.031378,45.029827,19.515689,230,220,0.166667,130.000000,0.000000,45.000000,1.802660,0.000000
0,-0.000265,0.083333,0.052632,0.131557,5.245958,105.937500,645.000000,76.868426,87.383874,38.434213,43.691937,150,30,0.294118,240.000000,0.000000,35.000000,1.537453,1.778528
0,-0.000667,0.200000,0.166667,0.103392,0.018490,235.000000,20.000000,78.302727,42.380389,39.151364,21.190194,360,10,0.200000,110.000000,0.000000,35.000000,1.566094,0.000000
0,-0.000178,0.125000,0.111111,0.173452,0.385847,147.638889,352.555556,57.497953,85.278012,28.748976,42.639006,140,10,0.125000,130.000000,0.000000,25.000000,1.150084,1.705775
0,-0.000533,0.375000,0.333333,0.249227,0.093785,210.972222,107.555556,47.666232,35.394138,23.833116,17.697069,340,10,0.375000,130.000000,0.000000,20.000000,0.953494,0.000000
0,-0.000717,0.500000,0.400000,3.952616,0.000000,1791.583333,0.000000,51.718555,0.000000,25.859278,0.000000,130,20,0.571429,220.000000,0.000000,25.000000,1.038737,0.000000
0,-0.000533,0.166667,0.125000,1.653393,0.531530,966.387755,252.000000,90.059653,39.031378,45.029827,19.515689,230,210,0.166667,130.000000,0.000000,45.000000,1.802660,0.000000
0,0.001812,0.826087,0.862069,1.303914,0.292061,235.521322,245.000000,73.072895,49.883874,36.536448,24.941937,290,90,0.862069,180.000000,0.000000,35.000000,1.469807,0.000000
0,-0.000176,0.071429,0.058824,8.531339,0.000000,6087.444444,0.000000,83.123952,0.000000,41.561976,0.000000,200,80,0.071429,150.000000,0.000000,40.000000,1.668489,0.000000
0,-0.000046,0.068966,0.066667,0.494279,1.112468,709.579882,1209.876543,74.218153,37.526350,37.109076,18.763175,360,310,0.068966,110.000000,0.000000,35.000000,1.484536,0.000000
0,-0.000071,0.058824,0.052632,1.415799,5.245958,228.374656,645.000000,79.406690,87.383874,39.703345,43.691937,210,90,0.058824,180.000000,0.000000,35.000000,1.596710,1.778528
0,-0.003019,0.454545,0.117647,0.054108,0.093062,169.346122,94.367347,83.108650,40.491989,41.554325,20.245995,70,10,0.454545,160.000000,0.000000,40.000000,1.662223,0.000000
0,0.000000,0.583333,0.583333,1.356286,0.000000,705.887755,0.000000,83.868520,0.000000,41.934260,0.000000,470,210,0.583333,130.000000,0.000000,40.000000,1.678680,0.000000
0,-0.000023,0.250000,0.200000,2.185548,0.466210,1466.750000,600.000000,62.182071,40.770700,31.091035,20.385350,170,60,0.250000,300.000000,0.000000,30.000000,1.245270,0.000000
0,-0.000454,0.125000,0.210526,2.147568,4.953897,1179.222222,400.000000,78.807996,37.500000,39.403998,18.750000,130,50,0.428571,340.000000,0.000000,35.000000,1.578325,0.000000
0,-0.000176,0.071429,0.058824,8.531339,0.000000,6087.444444,0.000000,83.123952,0.000000,41.561976,0.000000,190,80,0.071429,150.000000,0.000000,40.000000,1.668489,0.000000
0,0.000000,0.166667,0.166667,0.556487,0.018898,492.286922,25.000000,75.786267,40.004581,37.893133,20.002291,380,370,0.166667,100.000000,0.000000,35.000000,1.516179,0.000000
0,0.000000,0.166667,0.166667,0.184250,0.018490,99.390625,20.000000,72.051483,42.380389,36.025741,21.190194,130,20,0.166667,100.000000,0.000000,35.000000,1.441213,0.000000
0,-0.000071,0.058824,0.052632,1.415799,5.245958,228.374656,645.000000,79.406690,87.383874,39.703345,43.691937,250,90,0.058824,180.000000,0.000000,35.000000,1.596710,1.778528
0,-0.000410,1.000000,0.588235,0.311897,1.112468,154.755102,1209.876543,50.879788,37.526350,25.439894,18.763175,200,10,1.000000,220.000000,0.000000,25.000000,1.018005,0.000000
0,0.000000,0.200000,0.200000,0.188724,0.093062,246.190083,94.367347,80.265675,40.491989,40.132837,20.245995,360,60,0.200000,110.000000,0.000000,40.000000,1.605386,0.000000
0,0.000000,0.600000,0.600000,0.737373,0.000000,462.444444,0.000000,63.258932,0.000000,31.629466,0.000000,90,80,0.600000,150.000000,0.000000,30.000000,1.265794,0.000000
0,-0.000178,0.125000,0.111111,0.173452,0.385847,147.638889,352.555556,57.497953,85.278012,28.748976,42.639006,50,10,0.125000,130.000000,0.000000,25.000000,1.150084,1.705775
0,-0.000049,0.055556,0.052632,0.825260,5.245958,384.082840,645.000000,79.959777,87.383874,39.979888,43.691937,260,10,0.058824,170.000000,0.000000,35.000000,1.600168,1.778528
0,-0.000373,0.142857,0.125000,0.668052,0.526441,413.040000,506.250000,60.492284,36.672916,30.246142,18.336458,200,40,0.250000,190.000000,0.000000,30.000000,1.210395,0.000000
0,0.000000,0.100000,0.100000,2.254933,1.112468,1005.555556,1209.876543,59.100902,37.526350,29.550451,18.763175,270,90,0.100000,150.000000,0.000000,25.000000,1.184749,0.000000
0,0.000000,0.583333,0.583333,1.356286,0.000000,705.887755,0.000000,83.868520,0.000000,41.934260,0.000000,470,220,0.583333,130.000000,0.000000,40.000000,1.678680,0.000000
0,-0.000178,0.125000,0.111111,0.173452,0.385847,147.638889,352.555556,57.497953,85.278012,28.748976,42.639006,140,10,0.125000,130.000000,0.000000,25.000000,1.150084,1.705775
0,0.000146,0.111111,0.160000,0.879088,0.000000,2716.593750,0.000000,94.158819,0.000000,47.079410,0.000000,310,260,0.210526,150.000000,0.000000,45.000000,1.883490,0.000000
0,0.000000,0.166667,0.166667,5.804001,0.012211,8489.000000,20.000000,85.212418,44.306441,42.606209,22.153220,480,20,0.166667,130.000000,0.000000,40.000000,1.706234,0.000000
0,-0.000035,0.042553,0.040816,3.929481,0.052097,6732.963269,80.000000,85.867031,33.791078,42.933515,16.895539,400,300,0.042553,110.000000,0.000000,40.000000,1.718530,0.000000
0,0.000998,0.241379,0.333333,0.634083,0.276323,405.949550,356.955679,83.545330,82.688242,41.772665,41.344121,380,80,0.368421,130.000000,0.000000,40.000000,1.672187,1.653873
0,0.000998,0.241379,0.333333,0.634083,0.276323,405.949550,356.955679,83.545330,82.688242,41.772665,41.344121,380,170,0.368421,130.000000,0.000000,40.000000,1.672187,1.653873
0,-0.000027,0.041667,0.040000,0.771047,0.052097,925.123457,80.000000,80.733025,33.791078,40.366513,16.895539,390,300,0.041667,120.000000,0.000000,40.000000,1.614983,0.000000
0,0.000146,0.111111,0.160000,0.879088,0.000000,2716.593750,0.000000,94.158819,0.000000,47.079410,0.000000,460,270,0.210526,150.000000,0.000000,45.000000,1.883490,0.000000
0,-0.001365,0.833333,0.625000,2.705880,0.136932,580.000000,252.000000,67.074722,39.546797,33.537361,19.773398,440,200,0.833333,190.000000,0.000000,30.000000,1.354400,0.000000
0,0.000000,0.166667,0.166667,5.804001,0.012211,8489.000000,20.000000,85.212418,44.306441,42.606209,22.153220,280,20,0.166667,130.000000,0.000000,40.000000,1.706234,0.000000
0,0.000473,0.052632,0.111111,2.634074,0.113559,849.061224,174.367347,76.039173,75.578165,38.019586,37.789082,350,40,0.160000,160.000000,0.000000,35.000000,1.525167,1.511600
0,-0.000027,0.041667,0.040000,0.771047,0.052097,925.123457,80.000000,80.733025,33.791078,40.366513,16.895539,390,340,0.041667,120.000000,0.000000,40.000000,1.614983,0.000000
0,0.000146,0.111111,0.160000,0.879088,0.000000,2716.593750,0.000000,94.158819,0.000000,47.079410,0.000000,460,310,0.210526,150.000000,0.000000,45.000000,1.883490,0.000000
0,-0.000035,0.042553,0.040816,3.929481,0.052097,6732.963269,80.000000,85.867031,33.791078,42.933515,16.895539,500,400,0.042553,110.000000,0.000000,40.000000,1.718530,0.000000
0,-0.000455,0.625000,0.555556,2.369727,0.114036,697.752834,187.555556,42.610014,71.636067,21.305007,35.818034,350,10,0.625000,160.000000,0.000000,20.000000,0.856388,1.432756
0,0.000998,0.241379,0.333333,0.634083,0.276323,405.949550,356.955679,83.545330,82.688242,41.772665,41.344121,380,170,0.368421,130.000000,0.000000,40.000000,1.672187,1.653873
0,0.000146,0.111111,0.160000,0.879088,0.000000,2716.593750,0.000000,94.158819,0.000000,47.079410,0.000000,270,260,0.210526,150.000000,0.000000,45.000000,1.883490,0.000000
0,0.000000,0.250000,0.250000,0.000000,0.193397,478.714286,300.000000,64.345101,35.809539,32.172551,17.904769,10,10,0.250000,100.000000,0.000000,30.000000,1.286902,0.000000
0,-0.000152,0.200000,0.190476,3.488038,0.178938,6186.152505,226.714286,97.525367,49.889404,48.762684,24.944702,500,190,0.200000,120.000000,0.000000,45.000000,1.951523,0.000000
0,-0.000152,0.200000,0.190476,3.488038,0.178938,6186.152505,226.714286,97.525367,49.889404,48.762684,24.944702,300,190,0.200000,120.000000,0.000000,45.000000,1.951523,0.000000
0,-0.000152,0.200000,0.190476,3.488038,0.178938,6186.152505,226.714286,97.525367,49.889404,48.762684,24.944702,300,190,0.200000,120.000000,0.000000,45.000000,1.951523,0.000000
0,0.000000,0.250000,0.250000,0.512415,0.239477,248.030000,289.000000,73.892357,32.011471,36.946179,16.005735,320,10,0.250000,100.000000,0.000000,35.000000,1.478441,0.000000
0,0.000000,1.000000,1.000000,27.151515,0.000000,2800.000000,0.000000,49.845200,0.000000,24.922600,0.000000,250,50,1.000000,370.000000,0.000000,20.000000,1.218088,0.000000
0,-0.000148,0.076923,0.068966,3.292936,0.059917,6001.504936,94.367347,90.270592,41.989199,45.135296,20.994600,500,90,0.076923,120.000000,0.000000,45.000000,1.806324,0.000000
0,-0.000148,0.076923,0.068966,3.292936,0.059917,6001.504936,94.367347,90.270592,41.989199,45.135296,20.994600,300,90,0.076923,120.000000,0.000000,45.000000,1.806324,0.000000
0,-0.000152,0.200000,0.190476,3.488038,0.178938,6186.152505,226.714286,97.525367,49.889404,48.762684,24.944702,500,190,0.200000,120.000000,0.000000,45.000000,1.951523,0.000000
0,0.000000,0.250000,0.250000,0.512415,0.239477,248.030000,289.000000,73.892357,32.011471,36.946179,16.005735,520,10,0.250000,100.000000,0.000000,35.000000,1.478441,0.000000
0,0.000000,0.500000,0.500000,0.512415,0.000000,233.030000,0.000000,64.552141,0.000000,32.276070,0.000000,520,10,0.500000,100.000000,0.000000,30.000000,1.291637,0.000000
0,-0.000152,0.200000,0.190476,3.488038,0.178938,6186.152505,226.714286,97.525367,49.889404,48.762684,24.944702,500,100,0.200000,120.000000,0.000000,45.000000,1.951523,0.000000
0,-0.000152,0.200000,0.190476,3.488038,0.178938,6186.152505,226.714286,97.525367,49.889404,48.762684,24.944702,300,100,0.200000,120.000000,0.000000,45.000000,1.951523,0.000000
0,0.000000,0.809524,0.809524,0.512415,0.193397,687.744286,300.000000,95.445135,35.809539,47.722567,17.904769,320,10,0.809524,100.000000,0.000000,45.000000,1.909497,0.000000
0,0.000000,0.166667,0.166667,0.017991,0.637939,491.714286,354.000000,90.504137,73.047239,45.252068,36.523619,60,10,0.166667,100.000000,0.000000,45.000000,1.810089,1.462837
0,0.000000,0.500000,0.500000,0.512415,0.000000,233.030000,0.000000,64.552141,0.000000,32.276070,0.000000,320,10,0.500000,100.000000,0.000000,30.000000,1.291637,0.000000
0,-0.006188,0.615385,0.074074,4.659945,0.714258,4631.198980,980.000000,76.025320,39.738258,38.012660,19.869129,330,170,0.625000,290.000000,0.000000,35.000000,1.523371,0.000000
0,-0.006188,0.615385,0.074074,4.659945,0.714258,4631.198980,980.000000,76.025320,39.738258,38.012660,19.869129,170,130,0.625000,290.000000,0.000000,35.000000,1.523371,0.000000
0,0.000000,0.809524,0.809524,0.512415,0.193397,687.744286,300.000000,95.445135,35.809539,47.722567,17.904769,520,10,0.809524,100.000000,0.000000,45.000000,1.909497,0.000000
0,-0.000087,0.095238,0.090909,1.165904,0.185163,1142.938776,242.227273,92.741744,48.947293,46.370872,24.473646,120,10,0.095238,120.000000,0.000000,45.000000,1.855840,0.000000
0,-0.000087,0.095238,0.090909,1.165904,0.185163,1142.938776,242.227273,92.741744,48.947293,46.370872,24.473646,210,10,0.095238,120.000000,0.000000,45.000000,1.855840,0.000000
0,-0.002933,0.500000,0.333333,0.000000,0.225580,493.714286,289.000000,73.685318,35.185412,36.842659,17.592706,10,10,0.500000,120.000000,0.000000,35.000000,1.473706,0.000000
0,-0.003365,0.296296,0.086957,2.875690,0.467229,3164.047619,680.555556,86.484785,40.239563,43.242392,20.119782,360,10,0.296296,120.000000,0.000000,40.000000,1.731229,0.000000
0,-0.000087,0.095238,0.090909,1.165904,0.185163,1142.938776,242.227273,92.741744,48.947293,46.370872,24.473646,210,10,0.095238,120.000000,0.000000,45.000000,1.855840,0.000000
0,0.001231,0.375000,0.500000,1.021388,0.192631,326.742222,284.444444,57.652787,34.281912,28.826394,17.140956,260,10,0.555556,210.000000,0.000000,25.000000,1.154797,0.000000
0,0.001231,0.375000,0.500000,1.021388,0.192631,326.742222,284.444444,57.652787,34.281912,28.826394,17.140956,300,10,0.555556,210.000000,0.000000,25.000000,1.154797,0.000000
0,-0.000175,0.200000,0.166667,0.069054,0.266088,91.222222,378.555556,47.641688,70.298174,23.820844,35.149087,230,10,0.200000,210.000000,0.000000,20.000000,0.952871,1.406057
0,0.001234,0.125000,0.222222,0.572918,2.434520,358.000000,3240.000000,85.112130,34.013684,42.556065,17.006842,310,240,0.250000,200.000000,0.000000,40.000000,1.702701,0.000000
0,0.001234,0.125000,0.222222,0.572918,2.434520,358.000000,3240.000000,85.112130,34.013684,42.556065,17.006842,270,240,0.250000,200.000000,0.000000,40.000000,1.702701,0.000000
0,-0.001561,0.500000,0.333333,0.071331,0.073457,44.666667,94.111111,74.952822,36.016262,37.476411,18.008131,90,60,0.666667,380.000000,0.000000,35.000000,1.499114,0.000000
0,-0.001561,0.500000,0.333333,0.071331,0.073457,44.666667,94.111111,74.952822,36.016262,37.476411,18.008131,130,60,0.666667,380.000000,0.000000,35.000000,1.499114,0.000000
0,0.000000,1.000000,1.000000,24.305556,0.000000,1400.000000,0.000000,57.646084,0.000000,28.823042,0.000000,70,30,1.000000,460.000000,0.000000,25.000000,1.367095,0.000000
0,-0.000103,0.083333,0.076923,0.972980,1.415472,1075.514908,997.626039,83.444328,83.933836,41.722164,41.966918,360,160,0.083333,130.000000,0.000000,40.000000,1.669333,1.680224
0,-0.000103,0.083333,0.076923,0.972980,1.415472,1075.514908,997.626039,83.444328,83.933836,41.722164,41.966918,360,250,0.083333,130.000000,0.000000,40.000000,1.669333,1.680224
0,-0.000103,0.083333,0.076923,0.972980,1.415472,1075.514908,997.626039,83.444328,83.933836,41.722164,41.966918,360,250,0.083333,130.000000,0.000000,40.000000,1.669333,1.680224
0,-0.002801,0.625000,0.166667,2.865002,0.375471,3341.625000,680.000000,73.340855,77.563450,36.670427,38.781725,270,170,0.642857,320.000000,0.000000,35.000000,1.468050,1.551373
0,-0.000708,0.285714,0.076923,0.973143,0.656269,886.000000,1226.396450,74.140880,79.353602,37.070440,39.676801,180,140,0.285714,350.000000,0.000000,35.000000,1.483365,1.587248
0,-0.000433,0.111111,0.066667,0.085502,0.535100,78.094507,609.750000,98.345746,99.755524,49.172873,49.877762,560,160,0.111111,240.000000,0.000000,45.000000,1.966962,1.995346
0,-0.000095,0.071429,0.066667,3.003135,0.518657,433.625000,580.591837,64.652069,87.884783,32.326035,43.942391,410,370,0.071429,110.000000,0.000000,30.000000,1.303841,1.757928
0,-0.000095,0.071429,0.066667,3.003135,0.518657,433.625000,580.591837,64.652069,87.884783,32.326035,43.942391,690,410,0.071429,110.000000,0.000000,30.000000,1.303841,1.757928
0,-0.000433,0.111111,0.066667,0.085502,0.535100,78.094507,609.750000,98.345746,99.755524,49.172873,49.877762,560,70,0.111111,240.000000,0.000000,45.000000,1.966962,1.995346
0,-0.000433,0.111111,0.066667,0.085502,0.535100,78.094507,609.750000,98.345746,99.755524,49.172873,49.877762,240,160,0.111111,240.000000,0.000000,45.000000,1.966962,1.995346
0,-0.000433,0.111111,0.066667,0.085502,0.535100,78.094507,609.750000,98.345746,99.755524,49.172873,49.877762,240,70,0.111111,240.000000,0.000000,45.000000,1.966962,1.995346
0,-0.000433,0.111111,0.066667,0.085502,0.535100,78.094507,609.750000,98.345746,99.755524,49.172873,49.877762,240,160,0.111111,240.000000,0.000000,45.000000,1.966962,1.995346
0,-0.000433,0.111111,0.066667,0.085502,0.535100,78.094507,609.750000,98.345746,99.755524,49.172873,49.877762,560,160,0.111111,240.000000,0.000000,45.000000,1.966962,1.995346
0,0.000000,0.400000,0.400000,1.029723,0.182137,826.000000,289.000000,69.963708,39.506855,34.981854,19.753428,110,70,0.400000,150.000000,0.000000,30.000000,1.399918,0.000000
0,0.000000,0.090909,0.090909,0.450024,0.594610,157.888889,600.000000,52.583466,50.000000,26.291733,25.000000,30,20,0.090909,110.000000,0.000000,25.000000,1.052340,0.000000
0,0.000000,0.200000,0.200000,0.455970,2.246208,824.555556,1393.470914,59.049657,84.884278,29.524829,42.442139,490,10,0.200000,100.000000,0.000000,25.000000,1.181146,1.699699
0,-0.000145,0.100000,0.090909,0.444542,0.594610,74.000000,600.000000,47.237703,50.000000,23.618852,25.000000,160,10,0.100000,130.000000,0.000000,20.000000,0.946584,0.000000
0,-0.001099,0.769231,0.714286,0.622959,0.941511,386.227273,929.480969,78.816762,98.842022,39.408381,49.421011,330,20,0.769231,110.000000,0.000000,35.000000,1.577072,1.977318
0,0.000000,0.200000,0.200000,0.180701,0.941511,386.227273,929.480969,68.534438,98.842022,34.267219,49.421011,340,10,0.200000,100.000000,0.000000,30.000000,1.370756,1.977318
0,-0.002962,0.666667,0.500000,0.744119,2.246208,559.397959,1393.470914,74.396788,84.884278,37.198394,42.442139,320,20,0.700000,270.000000,0.000000,35.000000,1.488432,1.699699
0,-0.000964,0.200000,0.142857,0.085331,1.000524,211.190083,936.000000,76.962947,96.751666,38.481474,48.375833,60,10,0.222222,280.000000,0.000000,35.000000,1.539292,1.935573
0,-0.000769,0.538462,0.500000,0.905025,2.246208,824.555556,1393.470914,70.109033,84.884278,35.054516,42.442139,480,20,0.538462,110.000000,0.000000,35.000000,1.403007,1.699699
0,-0.000220,0.153846,0.142857,1.126519,1.000524,237.750000,936.000000,65.341349,96.751666,32.670674,48.375833,230,20,0.153846,110.000000,0.000000,30.000000,1.310022,1.935573
0,-0.004452,1.000000,0.714286,0.072321,0.941511,162.782007,929.480969,85.845746,98.842022,42.922873,49.421011,160,10,1.000000,280.000000,0.000000,40.000000,1.716957,1.977318
0,-0.004452,1.000000,0.714286,0.072321,0.941511,162.782007,929.480969,85.845746,98.842022,42.922873,49.421011,160,10,1.000000,280.000000,0.000000,40.000000,1.716957,1.977318
0,0.000000,0.200000,0.200000,0.180701,0.941511,386.227273,929.480969,68.534438,98.842022,34.267219,49.421011,250,10,0.200000,100.000000,0.000000,30.000000,1.370756,1.977318
0,0.000000,0.200000,0.200000,0.180701,0.941511,386.227273,929.480969,68.534438,98.842022,34.267219,49.421011,340,10,0.200000,100.000000,0.000000,30.000000,1.370756,1.977318
0,-0.001099,0.769231,0.714286,0.622959,0.941511,386.227273,929.480969,78.816762,98.842022,39.408381,49.421011,240,20,0.769231,110.000000,0.000000,35.000000,1.577072,1.977318
0,-0.001099,0.769231,0.714286,0.622959,0.941511,386.227273,929.480969,78.816762,98.842022,39.408381,49.421011,330,20,0.769231,110.000000,0.000000,35.000000,1.577072,1.977318
0,-0.004452,1.000000,0.714286,0.072321,0.941511,162.782007,929.480969,85.845746,98.842022,42.922873,49.421011,70,10,1.000000,280.000000,0.000000,40.000000,1.716957,1.977318
0,-0.000278,0.100000,0.071429,0.714258,0.309935,1000.000000,650.016529,49.738261,38.159284,24.869131,19.079642,460,10,0.100000,170.000000,0.000000,20.000000,0.995026,0.000000
0,-0.000914,1.000000,0.928571,0.178938,0.220530,246.714286,445.500000,59.889407,49.788862,29.944704,24.894431,310,10,1.000000,170.000000,0.000000,25.000000,1.197859,0.000000
0,0.000000,0.066667,0.066667,3.524505,0.220530,5518.548476,445.500000,86.381620,49.788862,43.190810,24.894431,370,280,0.066667,110.000000,0.000000,40.000000,1.728758,0.000000
0,0.000000,0.214286,0.214286,1.492053,0.608106,188.847222,657.120000,73.730453,41.992979,36.865227,20.996490,230,80,0.214286,100.000000,0.000000,35.000000,1.481036,0.000000
0,0.000000,0.133333,0.133333,3.659050,0.309935,5826.396450,650.016529,78.460769,38.159284,39.230384,19.079642,520,280,0.133333,110.000000,0.000000,35.000000,1.570369,0.000000
0,0.000000,0.066667,0.066667,3.524505,0.220530,5518.548476,445.500000,86.381620,49.788862,43.190810,24.894431,370,280,0.066667,110.000000,0.000000,40.000000,1.728758,0.000000
0,-0.000914,1.000000,0.928571,0.178938,0.220530,246.714286,445.500000,59.889407,49.788862,29.944704,24.894431,220,10,1.000000,170.000000,0.000000,25.000000,1.197859,0.000000
0,0.000000,0.066667,0.066667,3.524505,0.220530,5518.548476,445.500000,86.381620,49.788862,43.190810,24.894431,280,280,0.066667,110.000000,0.000000,40.000000,1.728758,0.000000
0,-0.000914,1.000000,0.928571,0.178938,0.220530,246.714286,445.500000,59.889407,49.788862,29.944704,24.894431,310,10,1.000000,170.000000,0.000000,25.000000,1.197859,0.000000
0,-0.000833,0.300000,0.214286,0.059917,0.608106,114.367347,657.120000,51.989203,41.992979,25.994601,20.996490,210,10,0.300000,170.000000,0.000000,25.000000,1.039803,0.000000
0,0.000000,0.100000,0.100000,0.697211,0.578981,798.111111,817.330000,64.088859,75.035955,32.044429,37.517978,440,70,0.100000,190.000000,0.000000,30.000000,1.282082,1.500926
0,0.000000,0.142857,0.142857,0.504308,0.046267,425.000000,96.000000,61.325438,35.354564,30.662719,17.677282,660,540,0.142857,120.000000,0.000000,30.000000,1.228138,0.000000
0,0.001594,0.090909,0.454545,0.951352,0.332527,1394.791635,562.613944,72.424396,37.280508,36.212198,18.640254,300,240,0.500000,480.000000,0.000000,35.000000,1.448904,0.000000
0,-0.001474,0.571429,0.444444,4.688379,0.047354,481.250000,54.080000,59.636097,39.910367,29.818048,19.955184,110,100,0.571429,180.000000,0.000000,25.000000,1.216883,0.000000
0,-0.000343,0.200000,0.166667,5.224526,0.538500,1201.905325,562.613944,65.547129,38.092115,32.773565,19.046057,550,110,0.200000,180.000000,0.000000,30.000000,1.335303,0.000000
0,0.000198,0.153846,0.125000,0.834646,0.425938,967.767313,1078.765000,78.072597,86.717088,39.036298,43.358544,260,70,0.153846,280.000000,0.000000,35.000000,1.561813,1.734426
0,0.000198,0.153846,0.125000,0.834646,0.425938,967.767313,1078.765000,78.072597,86.717088,39.036298,43.358544,350,70,0.153846,280.000000,0.000000,35.000000,1.561813,1.734426
0,0.000198,0.153846,0.125000,0.834646,0.425938,967.767313,1078.765000,78.072597,86.717088,39.036298,43.358544,350,70,0.153846,280.000000,0.000000,35.000000,1.561813,1.734426
0,-0.000188,0.150000,0.107143,0.426840,0.338832,373.580969,643.274563,97.841081,100.000000,48.920541,50.000000,840,440,0.150000,250.000000,0.000000,45.000000,1.957077,2.000089
0,-0.000250,0.055556,0.050000,1.192939,0.115580,488.750567,217.475530,77.564776,50.000000,38.782388,25.000000,260,10,0.103448,580.000000,0.000000,35.000000,1.553338,0.000000
0,0.000118,0.052632,0.120000,1.537053,0.305658,1347.146825,538.160000,71.555483,39.532463,35.777742,19.766231,620,190,0.136364,220.000000,0.000000,35.000000,1.431988,0.000000
0,-0.000074,0.062500,0.058824,0.685090,0.000000,685.611111,0.000000,68.521692,0.000000,34.260846,0.000000,710,270,0.062500,130.000000,0.000000,30.000000,1.370896,0.000000
0,-0.000083,0.066667,0.062500,3.148916,0.410477,2630.150826,853.142857,69.031309,77.650238,34.515655,38.825119,700,210,0.066667,110.000000,0.000000,30.000000,1.382603,1.553107
0,-0.000188,0.150000,0.107143,0.426840,0.338832,373.580969,643.274563,97.841081,100.000000,48.920541,50.000000,840,440,0.150000,250.000000,0.000000,45.000000,1.957077,2.000089
0,-0.000208,0.033333,0.295455,0.463207,0.279770,637.361889,538.504155,81.761171,50.000000,40.880586,25.000000,310,70,0.500000,530.000000,0.000000,40.000000,1.635398,0.000000
0,0.000000,0.066667,0.066667,0.450584,0.139308,393.437500,354.080000,73.754376,76.571064,36.877188,38.285532,670,210,0.066667,110.000000,0.000000,35.000000,1.475470,1.531449
0,-0.000063,0.050000,0.035714,0.770222,0.359841,661.610204,657.913265,85.605389,87.665781,42.802694,43.832891,560,520,0.050000,250.000000,0.000000,40.000000,1.712566,1.753414
0,-0.000063,0.050000,0.035714,0.770222,0.359841,661.610204,657.913265,85.605389,87.665781,42.802694,43.832891,840,560,0.050000,250.000000,0.000000,40.000000,1.712566,1.753414
0,-0.000188,0.150000,0.107143,0.426840,0.338832,373.580969,643.274563,97.841081,100.000000,48.920541,50.000000,840,350,0.150000,250.000000,0.000000,45.000000,1.957077,2.000089
0,-0.000208,0.033333,0.295455,0.463207,0.279770,637.361889,538.504155,81.761171,50.000000,40.880586,25.000000,310,160,0.500000,530.000000,0.000000,40.000000,1.635398,0.000000
0,-0.000333,0.266667,0.250000,0.623671,0.389468,485.005102,838.504155,80.911944,89.984457,40.455972,44.992228,580,210,0.266667,110.000000,0.000000,40.000000,1.618736,1.799782
0,-0.000125,0.166667,0.133333,0.813401,0.029609,1421.188272,54.080000,76.985194,36.586607,38.492597,18.293304,580,520,0.166667,260.000000,0.000000,35.000000,1.539939,0.000000
0,-0.000263,0.400000,0.230769,0.714258,0.000000,1016.000000,0.000000,47.280006,0.000000,23.640003,0.000000,460,10,0.400000,380.000000,0.000000,20.000000,0.945860,0.000000
0,-0.000333,0.266667,0.250000,0.623671,0.389468,485.005102,838.504155,80.911944,89.984457,40.455972,44.992228,490,210,0.266667,110.000000,0.000000,40.000000,1.618736,1.799782
0,-0.000208,0.033333,0.295455,0.463207,0.279770,637.361889,538.504155,81.761171,50.000000,40.880586,25.000000,310,160,0.500000,530.000000,0.000000,40.000000,1.635398,0.000000
0,-0.000433,0.400000,0.321429,1.731538,0.059062,837.570914,104.770408,83.883337,50.000000,41.941668,25.000000,840,590,0.400000,250.000000,0.000000,40.000000,1.679458,0.000000
0,0.000000,0.428571,0.428571,0.335654,0.550699,528.000000,900.000000,49.838097,37.720814,24.919048,18.860407,710,10,0.428571,130.000000,0.000000,20.000000,0.996872,0.000000
0,-0.000188,0.150000,0.107143,0.426840,0.338832,373.580969,643.274563,97.841081,100.000000,48.920541,50.000000,520,440,0.150000,250.000000,0.000000,45.000000,1.957077,2.000089
0,-0.000333,0.266667,0.250000,0.623671,0.389468,485.005102,838.504155,80.911944,89.984457,40.455972,44.992228,580,210,0.266667,110.000000,0.000000,40.000000,1.618736,1.799782
0,-0.000250,0.200000,0.187500,0.317518,0.168760,172.821429,404.770408,83.085857,89.984457,41.542929,44.992228,660,210,0.200000,110.000000,0.000000,40.000000,1.662064,1.799726
0,-0.000433,0.400000,0.321429,1.731538,0.059062,837.570914,104.770408,83.883337,50.000000,41.941668,25.000000,590,520,0.400000,250.000000,0.000000,40.000000,1.679458,0.000000
0,-0.000250,0.200000,0.187500,0.317518,0.168760,172.821429,404.770408,83.085857,89.984457,41.542929,44.992228,980,210,0.200000,110.000000,0.000000,40.000000,1.662064,1.799726
0,-0.000254,0.103448,0.050000,1.794464,0.115580,796.868672,217.475530,80.685995,50.000000,40.342997,25.000000,530,230,0.103448,310.000000,0.000000,40.000000,1.620221,0.000000
0,-0.000131,0.125000,0.250000,0.967117,0.202652,1305.876543,392.000000,73.954414,37.660314,36.977207,18.830157,450,390,0.285714,390.000000,0.000000,35.000000,1.479447,0.000000
0,-0.000188,0.150000,0.107143,0.426840,0.338832,373.580969,643.274563,97.841081,100.000000,48.920541,50.000000,520,350,0.150000,250.000000,0.000000,45.000000,1.957077,2.000089
0,-0.000570,0.200000,0.111111,0.887733,0.067686,813.396825,131.444444,68.132086,40.519987,34.066043,20.259993,620,130,0.200000,220.000000,0.000000,30.000000,1.363126,0.000000
0,0.003522,0.333333,0.500000,2.347124,0.109698,953.535156,300.000000,57.293271,39.984457,28.646635,19.992228,570,50,0.533333,270.000000,0.000000,25.000000,1.149132,0.000000
0,-0.000188,0.150000,0.107143,0.426840,0.338832,373.580969,643.274563,97.841081,100.000000,48.920541,50.000000,520,440,0.150000,250.000000,0.000000,45.000000,1.957077,2.000089
0,0.000854,0.076923,0.111111,0.304976,0.016730,670.710406,30.269896,55.739595,40.734398,27.869797,20.367199,640,10,0.111111,200.000000,0.000000,25.000000,1.114863,0.000000
0,0.000000,1.000000,1.000000,0.033163,0.450839,70.080000,900.000000,50.100217,38.230601,25.050108,19.115300,260,10,1.000000,140.000000,0.000000,25.000000,1.002015,0.000000
0,0.005121,0.238095,0.500000,1.042864,0.246238,1068.027155,553.142857,76.788729,38.187877,38.394364,19.093938,500,470,0.500000,350.000000,0.000000,35.000000,1.536284,0.000000
0,-0.000036,0.250000,0.066667,0.275449,0.023406,165.312500,54.080000,51.789393,39.068072,25.894697,19.534036,240,20,0.250000,570.000000,0.000000,25.000000,1.036017,0.000000
0,-0.002909,1.000000,0.818182,0.302283,1.185056,323.062500,2133.600000,48.769025,88.234330,24.384513,44.117165,300,10,1.000000,150.000000,0.000000,20.000000,0.975529,1.765020
0,0.000000,0.818182,0.818182,1.227052,1.185056,348.430000,2133.600000,64.825489,88.234330,32.412745,44.117165,340,50,0.818182,110.000000,0.000000,30.000000,1.313387,1.765020
0,0.000000,0.066667,0.066667,0.478637,0.366855,683.077500,818.600000,75.080654,76.947668,37.540327,38.473834,420,340,0.066667,110.000000,0.000000,35.000000,1.501782,1.539036
0,-0.000069,0.083333,0.066667,0.307111,0.128738,383.367347,396.518698,71.496961,88.449156,35.748481,44.224578,200,100,0.083333,440.000000,0.000000,35.000000,1.430064,1.769004
0,-0.000070,0.166667,0.066667,0.366437,0.067136,433.400000,216.266667,70.317584,89.001127,35.158792,44.500563,700,100,0.166667,440.000000,0.000000,35.000000,1.406507,1.780033
0,0.000404,0.090909,0.111111,0.293674,0.716537,392.727500,1565.000000,66.180932,89.001127,33.090466,44.500563,420,50,0.111111,120.000000,0.000000,30.000000,1.323749,1.780189
0,-0.000134,0.153846,0.133333,0.230695,0.045824,510.693878,155.269896,54.547276,81.601591,27.273638,40.800796,290,10,0.153846,250.000000,0.000000,25.000000,1.091000,1.632039
0,0.000000,0.250000,0.250000,0.197653,0.908395,375.687500,266.750000,52.273272,72.924540,26.136636,36.462270,440,10,0.250000,100.000000,0.000000,25.000000,1.045519,1.461183
0,-0.000069,0.083333,0.066667,1.639601,0.128738,459.472222,396.518698,78.357378,88.449156,39.178689,44.224578,230,180,0.083333,360.000000,0.000000,35.000000,1.573614,1.769004
0,-0.000070,0.166667,0.066667,0.366437,0.067136,433.400000,216.266667,70.317584,89.001127,35.158792,44.500563,380,100,0.166667,440.000000,0.000000,35.000000,1.406507,1.780033
0,-0.004832,0.500000,0.111111,0.418695,0.716537,517.000000,1565.000000,40.049391,89.001127,20.024696,44.500563,380,10,0.500000,160.000000,0.000000,20.000000,0.801167,1.780189
0,-0.000500,0.750000,0.700000,0.426661,0.071483,360.000000,131.444444,63.405051,40.113833,31.702525,20.056917,260,210,0.875000,200.000000,0.000000,30.000000,1.268409,0.000000
0,0.000000,0.250000,0.250000,0.190223,0.033690,305.638889,64.000000,49.260909,34.887626,24.630454,17.443813,310,10,0.250000,150.000000,0.000000,20.000000,0.985280,0.000000
0,0.000000,0.166667,0.166667,1.901733,0.331164,2109.155556,580.142857,47.605015,77.482378,23.802507,38.741189,780,10,0.166667,100.000000,0.000000,20.000000,0.952964,1.549743
0,0.000000,1.000000,1.000000,1.850658,1.705467,2154.222222,879.937500,47.088757,78.342699,23.544378,39.171350,710,10,1.000000,180.000000,0.000000,20.000000,0.942578,1.568825
0,-0.000259,0.076923,0.034483,0.678099,1.529100,1234.323507,645.492188,51.800800,76.302108,25.900400,38.151054,610,10,0.076923,280.000000,0.000000,25.000000,1.036205,1.527947
0,-0.000093,0.222222,0.200000,0.436751,1.566738,2635.900826,717.381944,72.596687,77.114499,36.298343,38.557249,690,230,0.222222,200.000000,0.000000,35.000000,1.451984,1.544204
0,0.000000,0.058824,0.058824,0.311929,0.401311,544.640625,693.600000,81.280093,39.613467,40.640047,19.806734,540,390,0.058824,120.000000,0.000000,40.000000,1.625692,0.000000
0,-0.001149,1.000000,0.470588,0.331601,0.109087,215.111111,95.604938,61.075680,40.816735,30.537840,20.408368,310,10,1.000000,350.000000,0.000000,30.000000,1.222287,0.000000
0,-0.000334,0.055556,0.058824,0.374010,0.269756,647.946755,473.319459,87.775181,48.165350,43.887591,24.082675,390,370,0.318182,270.000000,0.000000,40.000000,1.755612,0.000000
0,-0.000049,0.071429,0.066667,0.015101,0.025201,151.081633,55.125000,72.927175,42.324409,36.463588,21.162205,500,10,0.071429,160.000000,0.000000,35.000000,1.458546,0.000000
0,0.000000,0.500000,0.500000,0.011638,0.016368,49.500000,27.000000,45.195580,39.768804,22.597790,19.884402,460,10,0.500000,200.000000,0.000000,20.000000,0.903915,0.000000
0,-0.000330,0.500000,0.466667,1.699349,0.511704,499.708333,274.571429,45.865516,37.656223,22.932758,18.828112,280,10,0.545455,380.000000,0.000000,20.000000,0.920310,0.000000
0,-0.000334,0.055556,0.058824,0.374010,0.269756,647.946755,473.319459,87.775181,48.165350,43.887591,24.082675,420,390,0.318182,270.000000,0.000000,40.000000,1.755612,0.000000
0,0.000000,0.125000,0.125000,0.743477,0.236305,265.500000,531.000000,61.310552,77.781060,30.655276,38.890530,420,40,0.125000,160.000000,0.000000,30.000000,1.228531,1.555674
0,0.000304,0.333333,0.187500,0.462092,0.332189,655.160000,678.000000,85.617514,88.923729,42.808757,44.461864,410,160,0.333333,430.000000,0.000000,40.000000,1.712513,1.778556
0,-0.000092,0.076923,0.068966,0.217002,0.254822,466.193878,543.037500,66.928950,91.511710,33.464475,45.755855,400,10,0.133333,350.000000,0.000000,30.000000,1.338632,1.830294
0,0.000000,1.000000,1.000000,0.439520,0.544191,616.000000,986.000000,62.512016,89.813903,31.256008,44.906951,660,10,1.000000,180.000000,0.000000,30.000000,1.250401,1.796432
0,-0.000187,0.285714,0.250000,0.154501,0.537106,222.180055,969.307755,62.512016,88.855218,31.256008,44.427609,510,10,0.285714,180.000000,0.000000,30.000000,1.250298,1.777256
0,-0.000043,0.066667,0.062500,0.521616,0.603643,638.504155,1054.968750,83.277846,84.797682,41.638923,42.398841,600,190,0.066667,150.000000,0.000000,40.000000,1.665922,1.696131
0,-0.000092,0.076923,0.068966,0.217002,0.254822,466.193878,543.037500,66.928950,91.511710,33.464475,45.755855,490,10,0.133333,350.000000,0.000000,30.000000,1.338632,1.830294
0,0.000000,0.500000,0.500000,0.214094,0.348602,346.274376,886.000000,89.618340,90.255829,44.809170,45.127915,560,190,0.500000,280.000000,0.000000,40.000000,1.792433,1.805188
0,0.000000,0.500000,0.500000,0.214094,0.348602,346.274376,886.000000,89.618340,90.255829,44.809170,45.127915,560,190,0.500000,280.000000,0.000000,40.000000,1.792433,1.805188
0,-0.000092,0.076923,0.068966,0.217002,0.254822,466.193878,543.037500,66.928950,91.511710,33.464475,45.755855,490,10,0.133333,350.000000,0.000000,30.000000,1.338632,1.830294
0,0.000221,0.047619,0.095238,0.385146,0.363769,456.910170,795.917355,86.689812,90.869812,43.344906,45.434906,470,260,0.095238,490.000000,0.000000,40.000000,1.733959,1.817479
0,-0.000043,0.066667,0.062500,0.521616,0.603643,638.504155,1054.968750,83.277846,84.797682,41.638923,42.398841,690,190,0.066667,150.000000,0.000000,40.000000,1.665922,1.696131
0,0.000000,1.000000,1.000000,0.439520,0.544191,616.000000,986.000000,62.512016,89.813903,31.256008,44.906951,660,10,1.000000,180.000000,0.000000,30.000000,1.250401,1.796432
0,-0.000187,0.285714,0.250000,0.154501,0.537106,222.180055,969.307755,62.512016,88.855218,31.256008,44.427609,560,10,0.285714,180.000000,0.000000,30.000000,1.250298,1.777256
0,-0.000043,0.066667,0.062500,0.521616,0.603643,638.504155,1054.968750,83.277846,84.797682,41.638923,42.398841,690,190,0.066667,150.000000,0.000000,40.000000,1.665922,1.696131
0,0.000221,0.047619,0.095238,0.385146,0.363769,456.910170,795.917355,86.689812,90.869812,43.344906,45.434906,470,350,0.095238,490.000000,0.000000,40.000000,1.733959,1.817479
0,0.000000,1.000000,1.000000,0.439520,0.544191,616.000000,986.000000,62.512016,89.813903,31.256008,44.906951,570,10,1.000000,180.000000,0.000000,30.000000,1.250401,1.796432
0,0.000221,0.047619,0.095238,0.385146,0.363769,456.910170,795.917355,86.689812,90.869812,43.344906,45.434906,470,350,0.095238,490.000000,0.000000,40.000000,1.733959,1.817479
0,0.000000,0.500000,0.500000,0.214094,0.348602,346.274376,886.000000,89.618340,90.255829,44.809170,45.127915,470,190,0.500000,280.000000,0.000000,40.000000,1.792433,1.805188
0,0.000304,0.333333,0.187500,0.462092,0.332189,655.160000,678.000000,85.617514,88.923729,42.808757,44.461864,410,160,0.333333,430.000000,0.000000,40.000000,1.712513,1.778556
0,0.000304,0.333333,0.187500,0.462092,0.332189,655.160000,678.000000,85.617514,88.923729,42.808757,44.461864,320,160,0.333333,430.000000,0.000000,40.000000,1.712513,1.778556
0,0.000000,0.062500,0.062500,1.501214,1.052723,774.731111,934.697145,72.799714,71.517204,36.399857,35.758602,510,260,0.062500,100.000000,0.000000,35.000000,1.457591,1.431110
0,0.000000,1.000000,1.000000,0.183519,0.505463,386.111111,411.328125,48.303087,40.652169,24.151544,20.326084,900,10,1.000000,120.000000,0.000000,20.000000,0.966107,0.000000
0,-0.000039,0.052632,0.045455,0.895545,0.041726,686.990000,114.366730,79.692823,50.000000,39.846411,25.000000,550,190,0.055556,480.000000,0.000000,35.000000,1.594497,0.000000
0,0.000000,0.500000,0.500000,0.289365,0.042973,635.444444,125.000000,38.990408,37.462968,19.495204,18.731484,560,10,0.500000,110.000000,0.000000,15.000000,0.779877,0.000000
0,-0.000039,0.052632,0.045455,0.895545,0.041726,686.990000,114.366730,79.692823,50.000000,39.846411,25.000000,870,190,0.055556,480.000000,0.000000,35.000000,1.594497,0.000000
0,-0.000116,0.250000,0.166667,0.029296,0.177384,66.000000,587.777778,54.200327,36.578516,27.100163,18.289258,260,10,0.250000,360.000000,0.000000,25.000000,1.084014,0.000000
0,-0.000072,0.500000,0.250000,0.005618,0.008435,28.000000,27.000000,44.352425,39.986589,22.176213,19.993295,70,10,0.500000,300.000000,0.000000,20.000000,0.887050,0.000000
0,-0.000116,0.250000,0.166667,1.153178,0.000000,1587.000000,0.000000,71.845379,0.000000,35.922690,0.000000,280,80,0.250000,290.000000,0.000000,35.000000,1.437327,0.000000
0,-0.000185,0.533333,0.454545,0.357426,0.462574,317.475530,700.604938,83.277846,87.652944,41.638923,43.826472,540,190,0.533333,290.000000,0.000000,40.000000,1.665880,1.753212
0,0.000000,0.333333,0.333333,0.300985,0.020512,502.198573,36.111111,59.475048,50.000000,29.737524,25.000000,670,10,0.333333,210.000000,0.000000,25.000000,1.189598,0.000000
0,0.000008,0.100000,0.125000,0.074477,0.675625,46.855469,1104.024931,44.600634,74.254259,22.300317,37.127130,110,10,0.125000,390.000000,0.000000,20.000000,0.892116,1.485293
0,0.000000,0.333333,0.333333,0.300985,0.020512,502.198573,36.111111,59.475048,50.000000,29.737524,25.000000,620,10,0.333333,210.000000,0.000000,25.000000,1.189598,0.000000
0,0.000000,1.000000,1.000000,0.292707,0.646776,432.542092,1036.111111,58.499309,83.956411,29.249655,41.978206,490,10,1.000000,390.000000,0.000000,25.000000,1.170090,1.679330
0,0.000000,0.400000,0.400000,0.509350,1.972208,397.257143,216.111111,58.090472,81.998410,29.045236,40.999205,450,10,0.400000,380.000000,0.000000,25.000000,1.162199,1.650555
0,0.000000,1.000000,1.000000,0.292707,0.646776,432.542092,1036.111111,58.499309,83.956411,29.249655,41.978206,440,10,1.000000,390.000000,0.000000,25.000000,1.170090,1.679330
0,0.000000,0.400000,0.400000,0.509350,1.972208,397.257143,216.111111,58.090472,81.998410,29.045236,40.999205,500,10,0.400000,380.000000,0.000000,25.000000,1.162199,1.650555
0,-0.000185,0.533333,0.454545,0.357426,0.462574,317.475530,700.604938,83.277846,87.652944,41.638923,43.826472,590,190,0.533333,290.000000,0.000000,40.000000,1.665880,1.753212
0,-0.000264,0.333333,0.130435,0.356983,0.313722,527.875740,536.540863,82.969020,89.599669,41.484510,44.799834,310,160,0.333333,570.000000,0.000000,40.000000,1.659502,1.792085
0,-0.000264,0.333333,0.130435,0.356983,0.313722,527.875740,536.540863,82.969020,89.599669,41.484510,44.799834,260,160,0.333333,570.000000,0.000000,40.000000,1.659502,1.792085
0,0.000259,0.888889,0.909091,0.140145,0.719642,329.917355,1353.750000,59.882122,39.055657,29.941061,19.527828,940,10,0.909091,170.000000,0.000000,25.000000,1.197674,0.000000
0,0.001047,0.250000,0.571429,1.691558,0.173915,264.000000,486.000000,53.334118,50.000000,26.667059,25.000000,70,10,0.571429,360.000000,0.000000,25.000000,1.072360,0.000000
0,0.001047,0.250000,0.571429,1.691558,0.173915,264.000000,486.000000,53.334118,50.000000,26.667059,25.000000,70,10,0.571429,360.000000,0.000000,25.000000,1.072360,0.000000
0,0.000000,0.250000,0.250000,1.313947,0.755725,1602.000000,64.000000,55.519939,29.996347,27.759969,14.998173,280,20,0.250000,330.000000,0.000000,25.000000,1.111321,0.000000
0,-0.000107,0.250000,0.200000,0.021132,0.296199,56.160000,1005.620000,41.978587,78.235232,20.989293,39.117616,160,10,0.250000,410.000000,0.000000,20.000000,0.839579,1.564748
0,-0.000045,0.125000,0.100000,1.218996,0.165957,1706.444444,587.777778,77.089321,38.757206,38.544660,19.378603,330,280,0.125000,330.000000,0.000000,35.000000,1.542224,0.000000
0,0.000000,0.200000,0.200000,0.200988,0.144599,212.500000,500.000000,67.625696,39.133339,33.812848,19.566670,420,240,0.200000,180.000000,0.000000,30.000000,1.352622,0.000000
0,-0.000067,0.066667,0.055556,0.072559,0.298659,175.359375,595.840000,78.370091,38.869159,39.185046,19.434579,280,90,0.066667,340.000000,0.000000,35.000000,1.567417,0.000000
0,0.000000,0.133333,0.133333,0.275605,0.504083,714.777778,924.160000,79.510154,36.612178,39.755077,18.306089,380,310,0.133333,120.000000,0.000000,35.000000,1.590256,0.000000
0,-0.000408,0.461538,0.333333,0.045234,0.000000,208.250000,0.000000,69.887578,0.000000,34.943789,0.000000,230,10,0.461538,420.000000,0.000000,30.000000,1.397761,0.000000
0,0.000101,0.727273,0.687500,0.125338,0.063519,117.440000,162.562500,71.154672,40.109644,35.577336,20.054822,720,10,0.727273,420.000000,0.000000,35.000000,1.423498,0.000000
0,0.000000,0.066667,0.066667,0.272191,0.567603,698.414966,1086.722500,80.396150,76.721822,40.198075,38.360911,1020,380,0.066667,120.000000,0.000000,40.000000,1.607976,1.534586
0,-0.000105,0.500000,0.187500,1.762183,0.063519,3258.375000,162.562500,52.243780,40.109644,26.121890,20.054822,500,10,0.500000,640.000000,0.000000,25.000000,1.045355,0.000000
0,0.000545,0.090909,0.125000,0.331270,0.000000,782.993056,0.000000,41.786112,0.000000,20.893056,0.000000,690,10,0.125000,120.000000,0.000000,20.000000,0.835796,0.000000
0,-0.000031,0.142857,0.125000,0.378322,0.013755,598.500000,121.500000,83.733703,50.000000,41.866851,25.000000,820,420,0.142857,240.000000,0.000000,40.000000,1.674822,0.000000
0,0.000192,0.111111,0.296296,2.117476,0.007477,609.639557,49.950617,79.582239,47.706688,39.791120,23.853344,550,300,0.320000,360.000000,0.000000,35.000000,1.596466,0.000000
0,-0.000909,0.181818,0.125000,0.115293,0.075571,359.437500,587.777778,43.279288,39.727933,21.639644,19.863966,600,10,0.181818,120.000000,0.000000,20.000000,0.865606,0.000000
0,-0.000499,0.833333,0.714286,1.488577,0.161381,621.937500,1353.750000,46.520941,39.839508,23.260471,19.919754,890,10,0.833333,290.000000,0.000000,20.000000,0.932310,0.000000
0,0.000545,0.090909,0.125000,0.042278,2.004839,149.804230,451.250000,53.862169,50.000000,26.931084,25.000000,1020,10,0.125000,120.000000,0.000000,25.000000,1.077251,0.000000
0,0.000106,0.030303,0.037037,0.210872,2.004839,245.888889,451.250000,81.896119,50.000000,40.948060,25.000000,900,420,0.037037,240.000000,0.000000,40.000000,1.638031,0.000000
0,-0.000031,0.142857,0.125000,0.378322,0.013755,598.500000,121.500000,83.733703,50.000000,41.866851,25.000000,820,420,0.142857,240.000000,0.000000,40.000000,1.674822,0.000000
0,-0.000408,0.083333,0.333333,0.086392,0.084409,101.160000,595.840000,73.875145,39.239816,36.937573,19.619908,180,150,0.472222,480.000000,0.000000,35.000000,1.477541,0.000000
0,0.000545,0.090909,0.125000,0.042278,2.004839,149.804230,451.250000,53.862169,50.000000,26.931084,25.000000,1340,10,0.125000,120.000000,0.000000,25.000000,1.077251,0.000000
0,-0.004000,0.500000,0.250000,0.010810,0.006823,62.437500,64.000000,43.839917,37.810043,21.919959,18.905022,290,10,0.500000,120.000000,0.000000,20.000000,0.876801,0.000000
0,0.000192,0.111111,0.296296,2.117476,0.007477,609.639557,49.950617,79.582239,47.706688,39.791120,23.853344,600,300,0.320000,360.000000,0.000000,35.000000,1.596466,0.000000
0,0.000000,0.125000,0.125000,0.933332,0.375103,2180.000000,2506.320000,63.142965,50.000000,31.571482,25.000000,620,20,0.125000,110.000000,0.000000,30.000000,1.263123,0.000000
0,-0.000031,0.142857,0.125000,0.378322,0.013755,598.500000,121.500000,83.733703,50.000000,41.866851,25.000000,730,420,0.142857,240.000000,0.000000,40.000000,1.674822,0.000000
0,0.000000,0.125000,0.125000,0.933332,0.375103,2180.000000,2506.320000,63.142965,50.000000,31.571482,25.000000,640,20,0.125000,110.000000,0.000000,30.000000,1.263123,0.000000
0,0.000106,0.030303,0.037037,0.210872,2.004839,245.888889,451.250000,81.896119,50.000000,40.948060,25.000000,1220,420,0.037037,240.000000,0.000000,40.000000,1.638031,0.000000
0,0.000000,0.125000,0.125000,0.933332,0.375103,2180.000000,2506.320000,63.142965,50.000000,31.571482,25.000000,800,20,0.125000,110.000000,0.000000,30.000000,1.263123,0.000000
0,-0.000040,0.043478,0.040000,0.399179,1.508108,1195.696181,1427.111111,72.783647,37.534802,36.391824,18.767401,640,390,0.043478,200.000000,0.000000,35.000000,1.455768,0.000000
0,0.000000,0.090909,0.090909,5.532658,1.774996,3347.360000,3987.305556,62.464823,47.388778,31.232412,23.694389,650,10,0.090909,120.000000,0.000000,30.000000,1.253890,0.000000
0,-0.001000,0.250000,0.200000,0.014293,0.019566,42.360000,64.000000,55.397917,39.204537,27.698959,19.602268,330,10,0.250000,120.000000,0.000000,25.000000,1.107962,0.000000
0,0.000000,0.090909,0.090909,0.300562,0.216706,603.137778,587.777778,53.343913,39.901176,26.671957,19.950588,640,10,0.090909,120.000000,0.000000,25.000000,1.066955,0.000000
0,0.000000,0.090909,0.090909,5.532658,1.774996,3347.360000,3987.305556,62.464823,47.388778,31.232412,23.694389,830,10,0.090909,120.000000,0.000000,30.000000,1.253890,0.000000
0,0.000000,0.090909,0.090909,0.293211,0.000000,515.789752,0.000000,55.005668,0.000000,27.502834,0.000000,730,10,0.090909,120.000000,0.000000,25.000000,1.100199,0.000000
0,0.000000,0.090909,0.090909,0.200730,0.185138,152.860000,451.250000,62.305317,50.000000,31.152659,25.000000,1060,10,0.090909,120.000000,0.000000,30.000000,1.246253,0.000000
0,0.000000,0.090909,0.090909,5.532658,1.774996,3347.360000,3987.305556,62.464823,47.388778,31.232412,23.694389,670,10,0.090909,120.000000,0.000000,30.000000,1.253890,0.000000
0,0.000000,0.090909,0.090909,0.200730,0.185138,152.860000,451.250000,62.305317,50.000000,31.152659,25.000000,1380,10,0.090909,120.000000,0.000000,30.000000,1.246253,0.000000
0,-0.000137,0.133333,0.130435,23.000328,5.349524,27347.000000,3707.265306,80.358649,47.916667,40.179324,23.958333,620,520,0.157895,360.000000,0.000000,40.000000,1.617172,0.000000
0,0.001043,0.250000,0.250000,0.974944,0.109427,1918.000000,873.138889,71.333844,38.525467,35.666922,19.262733,230,220,0.666667,650.000000,0.000000,35.000000,1.426925,0.000000
0,0.000000,0.285714,0.285714,0.746549,0.007977,639.231405,56.250000,37.753171,37.608590,18.876585,18.804295,740,10,0.285714,140.000000,0.000000,15.000000,0.755511,0.000000
0,-0.000137,0.133333,0.130435,23.000328,5.349524,27347.000000,3707.265306,80.358649,47.916667,40.179324,23.958333,520,460,0.157895,360.000000,0.000000,40.000000,1.617172,0.000000
0,-0.000120,0.100000,0.133333,0.112197,0.050543,238.266667,384.497041,89.068442,50.000000,44.534221,25.000000,1130,480,0.148148,400.000000,0.000000,40.000000,1.781395,0.000000
0,0.000071,0.400000,0.375000,0.275446,0.003363,811.555556,24.000000,45.049438,35.427625,22.524719,17.713812,660,10,0.428571,220.000000,0.000000,20.000000,0.901039,0.000000
0,-0.000247,0.500000,0.333333,0.612333,0.000000,270.000000,0.000000,73.665106,0.000000,36.832553,0.000000,520,400,0.500000,360.000000,0.000000,35.000000,1.474048,0.000000
0,-0.000137,0.133333,0.130435,23.000328,5.349524,27347.000000,3707.265306,80.358649,47.916667,40.179324,23.958333,520,440,0.157895,360.000000,0.000000,40.000000,1.617172,0.000000
0,-0.000120,0.100000,0.133333,0.112197,0.050543,238.266667,384.497041,89.068442,50.000000,44.534221,25.000000,810,480,0.148148,400.000000,0.000000,40.000000,1.781395,0.000000
0,-0.000047,0.050000,0.033333,0.085180,0.026519,177.269896,300.000000,81.457757,39.893192,40.728879,19.946596,480,250,0.111111,400.000000,0.000000,40.000000,1.629176,0.000000
0,-0.000496,0.160000,0.100000,0.122235,0.028364,806.890625,275.000000,74.570889,40.885896,37.285444,20.442948,640,10,0.160000,240.000000,0.000000,35.000000,1.491428,0.000000
0,-0.000047,0.035714,0.028571,0.073147,0.270232,214.223684,659.497041,90.833115,90.895112,45.416558,45.447556,970,10,0.035714,260.000000,0.000000,45.000000,1.816680,1.817958
0,-0.000258,0.769231,0.156250,0.649032,0.140591,595.129864,401.400000,60.837131,89.935628,30.418566,44.967814,390,10,0.800000,660.000000,0.000000,30.000000,1.217109,1.798739
0,-0.000146,0.142857,0.125000,0.339577,0.331184,615.941176,700.000000,86.487903,89.935628,43.243952,44.967814,460,370,0.142857,210.000000,0.000000,40.000000,1.729856,1.798799
0,0.002667,0.166667,0.333333,0.178355,0.027318,336.000000,56.250000,36.990020,39.000185,18.495010,19.500092,620,10,0.333333,160.000000,0.000000,15.000000,0.739850,0.000000
0,-0.000258,0.769231,0.156250,0.649032,0.140591,595.129864,401.400000,60.837131,89.935628,30.418566,44.967814,340,10,0.800000,660.000000,0.000000,30.000000,1.217109,1.798739
0,-0.000146,0.142857,0.125000,0.339577,0.331184,615.941176,700.000000,86.487903,89.935628,43.243952,44.967814,460,370,0.142857,210.000000,0.000000,40.000000,1.729856,1.798799
0,-0.000103,0.615385,0.897436,0.021000,0.263914,64.693878,684.497041,65.274879,89.935628,32.637440,44.967814,890,10,0.939394,660.000000,0.000000,30.000000,1.305503,1.798765
0,-0.000072,0.200000,0.166667,0.025292,0.011516,164.000000,24.000000,48.798954,37.244286,24.399477,18.622143,540,10,0.200000,240.000000,0.000000,20.000000,0.975982,0.000000
0,-0.000089,0.133333,0.037037,0.258576,1.243563,130.269896,2307.703704,74.012244,79.404282,37.006122,39.702141,210,190,0.133333,460.000000,0.000000,35.000000,1.480542,1.588430
0,0.000000,0.200000,0.200000,0.117019,0.131024,254.327500,400.000000,78.795294,79.933802,39.397647,39.966901,660,570,0.200000,100.000000,0.000000,35.000000,1.575933,1.598698
0,-0.000047,0.035714,0.028571,0.073147,0.270232,214.223684,659.497041,90.833115,90.895112,45.416558,45.447556,1290,10,0.035714,260.000000,0.000000,45.000000,1.816680,1.817958
0,-0.000079,0.250000,0.166667,2.910513,0.374752,4437.000000,873.138889,78.919052,39.345030,39.459526,19.672515,510,400,0.250000,380.000000,0.000000,35.000000,1.579336,0.000000
0,-0.000103,0.615385,0.897436,0.021000,0.263914,64.693878,684.497041,65.274879,89.935628,32.637440,44.967814,570,10,0.939394,660.000000,0.000000,30.000000,1.305503,1.798765
0,0.000125,0.071429,0.085714,0.039180,0.187956,149.871094,575.000000,83.174098,80.830740,41.587049,40.415370,410,10,0.090909,260.000000,0.000000,40.000000,1.663491,1.616646
0,0.000000,1.000000,1.000000,0.034228,0.389748,548.888889,1300.000000,69.288591,39.149300,34.644295,19.574650,280,10,1.000000,300.000000,0.000000,30.000000,1.385825,0.000000
0,0.000000,0.125000,0.125000,5.960679,0.163556,12285.555556,600.000000,74.404366,50.000000,37.202183,25.000000,460,450,0.125000,130.000000,0.000000,35.000000,1.489533,0.000000
0,-0.000147,0.200000,0.125000,3.044138,0.224218,10156.000000,922.916667,49.260848,73.979229,24.630424,36.989614,650,10,0.200000,260.000000,0.000000,20.000000,0.985676,1.479612
0,-0.000141,0.500000,0.357143,0.035695,0.022961,203.555556,145.977324,47.955912,78.542055,23.977956,39.271027,690,10,0.500000,580.000000,0.000000,20.000000,0.959125,1.570843
0,0.000103,0.142857,0.190476,0.577321,0.230468,524.306122,470.416667,81.026261,81.924764,40.513131,40.962382,230,10,0.315789,1080.000000,0.000000,40.000000,1.620959,1.638552
0,0.000000,0.142857,0.142857,0.279536,0.288087,669.000000,694.000000,73.982823,71.924630,36.991412,35.962315,900,580,0.142857,410.000000,0.000000,35.000000,1.479717,1.438555
0,0.000103,0.130435,0.190476,1.694422,0.230468,526.064059,470.416667,75.793373,81.924764,37.896686,40.962382,500,230,0.291667,810.000000,0.000000,35.000000,1.522355,1.638552
0,0.000006,0.035714,0.047619,0.162942,0.406601,353.066331,857.333333,81.985906,72.844879,40.992953,36.422439,980,430,0.050000,330.000000,0.000000,40.000000,1.639756,1.456994
0,-0.000632,0.285714,0.222222,0.263865,0.221060,545.693878,470.416667,98.189947,100.000000,49.094974,50.000000,790,370,0.285714,270.000000,0.000000,45.000000,1.963863,2.000052
0,-0.000632,0.285714,0.222222,0.280498,0.313275,600.366730,731.530612,98.761543,100.000000,49.380771,50.000000,1340,370,0.285714,270.000000,0.000000,45.000000,1.975297,2.000068
0,0.000000,0.111111,0.111111,0.933891,0.939337,2424.320000,1268.480000,77.220087,77.650274,38.610044,38.825137,550,240,0.111111,110.000000,0.000000,35.000000,1.544583,1.553859
0,-0.000632,0.285714,0.222222,0.280498,0.313275,600.366730,731.530612,98.761543,100.000000,49.380771,50.000000,1340,370,0.285714,270.000000,0.000000,45.000000,1.975297,2.000068
0,-0.001294,0.636364,0.444444,6.116335,0.744461,12321.839506,768.480000,79.236560,89.020674,39.618280,44.510337,460,180,0.636364,170.000000,0.000000,35.000000,1.586382,1.781229
0,-0.000632,0.285714,0.222222,0.280498,0.313275,600.366730,731.530612,98.761543,100.000000,49.380771,50.000000,1020,370,0.285714,270.000000,0.000000,45.000000,1.975297,2.000068
0,-0.000632,0.285714,0.222222,0.280498,0.313275,600.366730,731.530612,98.761543,100.000000,49.380771,50.000000,1020,370,0.285714,270.000000,0.000000,45.000000,1.975297,2.000068
0,0.000000,0.666667,0.666667,0.932398,0.665183,2162.083333,1700.000000,80.381765,88.629600,40.190882,44.314800,550,520,0.666667,110.000000,0.000000,40.000000,1.607910,1.772722
0,-0.000632,0.285714,0.222222,0.263865,0.221060,545.693878,470.416667,98.189947,100.000000,49.094974,50.000000,790,370,0.285714,270.000000,0.000000,45.000000,1.963863,2.000052
0,-0.000632,0.285714,0.222222,0.263865,0.221060,545.693878,470.416667,98.189947,100.000000,49.094974,50.000000,840,370,0.285714,270.000000,0.000000,45.000000,1.963863,2.000052
0,-0.000632,0.285714,0.222222,0.263865,0.221060,545.693878,470.416667,98.189947,100.000000,49.094974,50.000000,840,370,0.285714,270.000000,0.000000,45.000000,1.963863,2.000052
0,0.000000,0.166667,0.166667,0.605448,0.744461,624.592593,768.480000,77.337986,89.020674,38.668993,44.510337,310,190,0.166667,160.000000,0.000000,35.000000,1.547235,1.781229
0,-0.000663,0.240000,0.333333,0.157652,0.299030,173.972090,763.199446,87.808693,100.000000,43.904347,50.000000,160,60,0.400000,1060.000000,0.000000,40.000000,1.756248,2.000059
0,-0.000663,0.125000,0.333333,0.072321,0.299030,82.782007,763.199446,75.655159,100.000000,37.827579,50.000000,160,10,0.400000,1060.000000,0.000000,35.000000,1.513145,2.000059
0,-0.000663,0.240000,0.333333,0.157652,0.299030,173.972090,763.199446,87.808693,100.000000,43.904347,50.000000,160,60,0.400000,1060.000000,0.000000,40.000000,1.756248,2.000059
0,-0.000663,0.240000,0.333333,0.157652,0.299030,173.972090,763.199446,87.808693,100.000000,43.904347,50.000000,70,60,0.400000,1060.000000,0.000000,40.000000,1.756248,2.000059
0,-0.000663,0.125000,0.333333,0.072321,0.299030,82.782007,763.199446,75.655159,100.000000,37.827579,50.000000,160,10,0.400000,1060.000000,0.000000,35.000000,1.513145,2.000059
0,-0.000663,0.125000,0.333333,0.072321,0.299030,82.782007,763.199446,75.655159,100.000000,37.827579,50.000000,70,10,0.400000,1060.000000,0.000000,35.000000,1.513145,2.000059
0,0.000000,0.333333,0.333333,2.883084,2.880030,1932.666667,1200.000000,100.000000,91.871161,50.000000,45.935580,920,420,0.333333,170.000000,0.000000,50.000000,2.002172,1.841803
0,0.000000,0.333333,0.333333,2.883084,2.880030,1932.666667,1200.000000,100.000000,91.871161,50.000000,45.935580,740,280,0.333333,170.000000,0.000000,50.000000,2.002172,1.841803
0,-0.000336,0.300000,0.281250,1.424497,6.118300,3417.027105,4878.375000,89.186044,78.394214,44.593022,39.197107,780,610,0.300000,130.000000,0.000000,40.000000,1.784023,1.573634
0,-0.000336,0.300000,0.281250,1.424497,6.118300,3417.027105,4878.375000,89.186044,78.394214,44.593022,39.197107,800,610,0.300000,130.000000,0.000000,40.000000,1.784023,1.573634
0,0.000547,0.045455,0.130435,4.440933,3.204866,3210.666667,2052.000000,83.845963,81.819973,41.922982,40.909987,820,770,0.136364,160.000000,0.000000,40.000000,1.680538,1.640839
0,0.000000,0.333333,0.333333,2.883084,2.880030,1932.666667,1200.000000,100.000000,91.871161,50.000000,45.935580,760,420,0.333333,170.000000,0.000000,50.000000,2.002172,1.841803
0,0.000810,0.052632,0.166667,0.903399,2.955397,2254.640000,1462.500000,89.312865,82.869444,44.656432,41.434722,800,70,0.166667,290.000000,0.000000,40.000000,1.786439,1.661779
0,0.000810,0.052632,0.166667,0.903399,2.955397,2254.640000,1462.500000,89.312865,82.869444,44.656432,41.434722,640,70,0.166667,290.000000,0.000000,40.000000,1.786439,1.661779
0,0.000000,0.111111,0.111111,0.149957,3.388899,520.244792,4278.375000,89.287199,86.523054,44.643599,43.261527,610,320,0.111111,130.000000,0.000000,40.000000,1.785766,1.731850
0,0.000547,0.045455,0.130435,4.440933,3.204866,3210.666667,2052.000000,83.845963,81.819973,41.922982,40.909987,930,820,0.136364,160.000000,0.000000,40.000000,1.680538,1.640839
0,0.000000,0.333333,0.333333,2.883084,2.880030,1932.666667,1200.000000,100.000000,91.871161,50.000000,45.935580,760,280,0.333333,170.000000,0.000000,50.000000,2.002172,1.841803
0,0.000547,0.045455,0.130435,4.440933,3.204866,3210.666667,2052.000000,83.845963,81.819973,41.922982,40.909987,820,750,0.136364,160.000000,0.000000,40.000000,1.680538,1.640839
0,0.000000,0.111111,0.111111,0.149957,3.388899,520.244792,4278.375000,89.287199,86.523054,44.643599,43.261527,610,460,0.111111,130.000000,0.000000,40.000000,1.785766,1.731850
0,0.000000,0.333333,0.333333,2.883084,2.880030,1932.666667,1200.000000,100.000000,91.871161,50.000000,45.935580,740,420,0.333333,170.000000,0.000000,50.000000,2.002172,1.841803
0,0.000000,0.333333,0.333333,2.883084,2.880030,1932.666667,1200.000000,100.000000,91.871161,50.000000,45.935580,920,280,0.333333,170.000000,0.000000,50.000000,2.002172,1.841803
0,-0.000336,0.300000,0.281250,1.424497,6.118300,3417.027105,4878.375000,89.186044,78.394214,44.593022,39.197107,960,610,0.300000,130.000000,0.000000,40.000000,1.784023,1.573634
0,0.000810,0.052632,0.166667,0.903399,2.955397,2254.640000,1462.500000,89.312865,82.869444,44.656432,41.434722,620,70,0.166667,290.000000,0.000000,40.000000,1.786439,1.661779
0,-0.000386,0.111111,0.125000,0.979297,0.787153,1307.444444,3754.000000,84.443010,89.934520,42.221505,44.967260,470,60,0.375000,240.000000,0.000000,40.000000,1.690742,1.798773
0,-0.000386,0.111111,0.125000,0.979297,0.787153,1307.444444,3754.000000,84.443010,89.934520,42.221505,44.967260,470,230,0.375000,240.000000,0.000000,40.000000,1.690742,1.798773
0,-0.000155,0.153846,0.133333,1.366322,0.070696,668.182500,626.095000,79.183925,80.875739,39.591962,40.437870,1080,560,0.153846,330.000000,0.000000,35.000000,1.585152,1.617519
0,0.000000,0.333333,0.333333,0.006826,0.070336,32.000000,141.750000,49.995583,35.852910,24.997791,17.926455,370,10,0.333333,200.000000,0.000000,20.000000,0.999913,0.000000
0,0.000000,0.166667,0.166667,0.006230,0.020591,44.000000,41.795918,51.679077,38.973078,25.839538,19.486539,450,10,0.166667,120.000000,0.000000,25.000000,1.033583,0.000000
0,-0.000000,0.500000,0.333333,0.109087,0.116617,107.604938,295.777778,55.815260,41.243782,27.907630,20.621891,360,10,0.500000,560.000000,0.000000,25.000000,1.116367,0.000000
0,0.000000,0.166667,0.166667,0.073099,0.014481,29.888889,32.000000,73.789619,40.798694,36.894810,20.399347,300,180,0.166667,270.000000,0.000000,35.000000,1.475964,0.000000
0,0.000000,0.250000,0.250000,0.027371,0.008104,83.839506,16.200000,77.345832,32.775683,38.672916,16.387842,1340,120,0.250000,110.000000,0.000000,35.000000,1.546921,0.000000
0,0.000000,0.125000,0.125000,2.053978,2.639014,3992.263889,4564.264463,61.129646,39.547917,30.564823,19.773959,750,10,0.125000,120.000000,0.000000,30.000000,1.223123,0.000000
0,0.000000,0.500000,0.500000,0.460350,0.458145,1165.888889,1089.204082,63.820229,40.047095,31.910114,20.023547,990,10,0.500000,120.000000,0.000000,30.000000,1.276497,0.000000
0,0.000000,0.500000,0.500000,0.173350,0.294430,576.388889,842.187500,64.734373,41.528892,32.367187,20.764446,370,10,0.500000,120.000000,0.000000,30.000000,1.294714,0.000000
0,0.000000,0.500000,1.000000,0.470865,0.000000,61.082840,0.000000,84.873718,0.000000,42.436859,0.000000,100,10,1.000000,1290.000000,0.000000,40.000000,1.701580,0.000000
0,0.000000,0.500000,1.000000,0.470865,0.000000,61.082840,0.000000,84.873718,0.000000,42.436859,0.000000,100,10,1.000000,1290.000000,0.000000,40.000000,1.701580,0.000000
0,0.000000,1.000000,1.000000,1.530228,0.000000,134.082645,0.000000,71.399298,0.000000,35.699649,0.000000,90,90,1.000000,1300.000000,0.000000,35.000000,1.437890,0.000000
0,0.000000,0.200000,0.200000,0.134890,0.146198,183.710000,34.431953,90.018773,45.454545,45.009386,22.727273,670,110,0.200000,140.000000,0.000000,45.000000,1.800509,0.000000
0,0.000000,1.000000,1.000000,0.255944,0.092607,187.750000,288.000000,52.197899,41.103356,26.098949,20.551678,620,10,1.000000,190.000000,0.000000,25.000000,1.044185,0.000000
0,0.000000,0.200000,0.200000,0.134890,0.146198,183.710000,34.431953,90.018773,45.454545,45.009386,22.727273,670,410,0.200000,140.000000,0.000000,45.000000,1.800509,0.000000
0,0.000295,0.076923,0.100000,0.022676,2.327961,78.941111,633.750000,72.296527,76.881196,36.148264,38.440598,420,60,0.100000,170.000000,0.000000,35.000000,1.445934,1.542806
0,0.000000,0.125000,0.125000,21.732416,0.170772,3059.753086,609.580247,73.432011,91.370387,36.716006,45.685194,1310,310,0.125000,200.000000,0.000000,35.000000,1.548025,1.827432
0,0.000000,0.125000,0.125000,21.732416,0.170772,3059.753086,609.580247,73.432011,91.370387,36.716006,45.685194,1630,310,0.125000,200.000000,0.000000,35.000000,1.548025,1.827432
0,-0.000005,0.030303,0.024390,0.295496,0.210736,228.993827,799.230000,84.708286,86.993403,42.354143,43.496701,880,370,0.038462,670.000000,0.000000,40.000000,1.694389,1.739896
0,0.000233,0.153846,0.250000,0.198969,0.095983,485.333333,377.160494,52.941761,77.028078,26.470881,38.514039,800,10,0.285714,240.000000,0.000000,25.000000,1.058879,1.540574
0,-0.000346,0.200000,0.125000,1.186426,0.188338,1002.583333,696.750000,74.807840,76.990971,37.403920,38.495485,690,220,0.200000,350.000000,0.000000,35.000000,1.496958,1.539845
0,-0.001164,0.181818,0.181818,0.019562,0.364504,69.440000,1159.625000,47.898737,88.689594,23.949369,44.344797,130,10,0.545455,180.000000,0.000000,20.000000,0.957979,1.773849
0,0.000695,0.045455,0.086957,1.024486,2.753055,544.556882,1359.625000,86.760958,81.104030,43.380479,40.552015,1030,320,0.086957,290.000000,0.000000,40.000000,1.736313,1.628329
0,0.000000,0.090909,0.090909,0.656737,0.244238,2003.440000,799.230000,58.337330,89.305134,29.168665,44.652567,1690,10,0.090909,180.000000,0.000000,25.000000,1.166855,1.786140
0,0.000000,1.000000,1.000000,0.290233,0.715024,624.875740,596.296296,49.214448,71.710736,24.607224,35.855368,720,10,1.000000,320.000000,0.000000,20.000000,0.984358,1.434926
0,-0.000147,0.125000,0.090909,1.018081,3.137077,510.612245,796.296296,61.321098,66.436903,30.660549,33.218452,320,40,0.125000,290.000000,0.000000,30.000000,1.227515,1.335649
0,0.000219,0.285714,0.153846,0.633376,0.331002,644.319204,1159.625000,80.003312,86.377864,40.001656,43.188932,420,90,0.578947,950.000000,0.000000,40.000000,1.600898,1.727605
0,0.000005,0.250000,0.214286,0.257145,0.069617,669.921947,300.000000,72.026356,37.268616,36.013178,18.634308,650,180,0.250000,390.000000,0.000000,35.000000,1.440725,0.000000
0,-0.000010,0.409091,0.391304,1.099078,2.561287,922.945578,800.000000,77.122990,69.263398,38.561495,34.631699,750,320,0.409091,290.000000,0.000000,35.000000,1.543561,1.391484
0,0.000219,0.285714,0.153846,0.633376,0.331002,644.319204,1159.625000,80.003312,86.377864,40.001656,43.188932,370,90,0.578947,950.000000,0.000000,40.000000,1.600898,1.727605
0,-0.000011,0.054054,0.050000,9.939345,2.214991,3293.958321,6461.242604,75.606755,75.871775,37.803378,37.935888,840,770,0.054054,200.000000,0.000000,35.000000,1.528669,1.517817
0,0.000695,0.045455,0.086957,1.024486,2.753055,544.556882,1359.625000,86.760958,81.104030,43.380479,40.552015,1080,320,0.086957,290.000000,0.000000,40.000000,1.736313,1.628329
0,0.000000,0.181818,0.181818,0.107370,0.172736,380.764100,600.000000,49.153474,76.848962,24.576737,38.424481,860,10,0.181818,180.000000,0.000000,20.000000,0.983085,1.537005
0,0.000146,0.043478,0.052632,0.468944,2.753055,204.984000,1359.625000,75.552924,81.104030,37.776462,40.552015,490,190,0.052632,120.000000,0.000000,35.000000,1.513163,1.628329
0,0.000000,0.090909,0.090909,0.656737,0.244238,2003.440000,799.230000,58.337330,89.305134,29.168665,44.652567,1370,10,0.090909,180.000000,0.000000,25.000000,1.166855,1.786140
0,0.000510,0.307692,0.263158,0.139953,0.331002,568.750000,1159.625000,48.305838,86.377864,24.152919,43.188932,740,10,0.307692,300.000000,0.000000,20.000000,0.966135,1.727605
0,-0.000032,0.080000,0.076923,0.502504,0.155662,1248.953767,645.088757,81.293970,79.267066,40.646985,39.633533,1010,840,0.080000,200.000000,0.000000,40.000000,1.625981,1.585360
0,0.000000,0.818182,0.818182,0.016866,0.364504,76.477500,1159.625000,58.337330,88.689594,29.168665,44.344797,1140,10,0.818182,180.000000,0.000000,25.000000,1.166749,1.773849
0,0.000000,0.818182,0.818182,0.016866,0.364504,76.477500,1159.625000,58.337330,88.689594,29.168665,44.344797,1190,10,0.818182,180.000000,0.000000,25.000000,1.166749,1.773849
0,-0.000005,0.030303,0.024390,0.295496,0.210736,228.993827,799.230000,84.708286,86.993403,42.354143,43.496701,1200,370,0.038462,670.000000,0.000000,40.000000,1.694389,1.739896
0,0.000000,0.166667,0.166667,0.011183,0.425708,47.222222,80.000000,46.828910,30.983589,23.414455,15.491795,470,10,0.166667,130.000000,0.000000,20.000000,0.936581,0.000000
0,0.000239,0.636364,0.571429,0.013439,0.035540,56.000000,77.160494,50.396870,41.483803,25.198435,20.741902,330,10,0.636364,270.000000,0.000000,25.000000,1.007941,0.000000
0,-0.000460,0.153846,0.071429,0.946568,0.231523,2016.000000,592.480000,88.594491,48.853344,44.297245,24.426672,1360,380,0.153846,220.000000,0.000000,40.000000,1.772112,0.000000
0,-0.000460,0.153846,0.071429,0.946568,0.231523,2016.000000,592.480000,88.594491,48.853344,44.297245,24.426672,1680,380,0.153846,220.000000,0.000000,40.000000,1.772112,0.000000
0,0.004832,0.285714,0.571429,0.011516,0.115949,40.000000,283.102041,47.244285,38.234431,23.622142,19.117216,250,10,0.571429,350.000000,0.000000,20.000000,0.944888,0.000000
0,-0.000076,0.142857,0.071429,0.090821,0.022659,89.500000,59.888889,29.608514,41.637184,14.804257,20.818592,90,10,0.375000,510.000000,0.000000,10.000000,0.592226,0.000000
0,0.000000,0.166667,0.166667,1.735927,0.000000,192.800000,0.000000,25.792471,0.000000,12.896236,0.000000,890,10,0.166667,140.000000,0.000000,10.000000,0.524220,0.000000
0,-0.000273,0.200000,0.166667,1.204087,0.098298,531.128028,592.480000,79.240804,49.349464,39.620402,24.674732,1760,880,0.200000,150.000000,0.000000,35.000000,1.593314,0.000000
0,-0.000273,0.200000,0.166667,1.204087,0.098298,531.128028,592.480000,79.240804,49.349464,39.620402,24.674732,1440,880,0.200000,150.000000,0.000000,35.000000,1.593314,0.000000
0,0.000000,1.000000,1.000000,0.509307,0.379915,312.480000,900.000000,69.020381,78.500570,34.510191,39.250285,350,10,1.000000,320.000000,0.000000,30.000000,1.381177,1.570094
0,0.000000,0.100000,0.100000,0.214153,0.224302,479.928028,592.480000,49.693641,50.000000,24.846821,25.000000,1450,10,0.100000,160.000000,0.000000,20.000000,0.993922,0.000000
0,0.000000,0.222222,0.222222,0.097581,0.168173,224.550000,400.000000,39.982596,30.267018,19.991298,15.133509,790,10,0.222222,160.000000,0.000000,15.000000,0.799674,0.000000
0,0.000000,0.100000,0.100000,0.214153,0.224302,479.928028,592.480000,49.693641,50.000000,24.846821,25.000000,1770,10,0.100000,160.000000,0.000000,20.000000,0.993922,0.000000
0,0.000000,0.250000,0.250000,0.040274,0.029828,108.800000,96.000000,41.622044,41.665833,20.811022,20.832917,450,10,0.250000,160.000000,0.000000,20.000000,0.832449,0.000000
0,0.000000,0.333333,0.333333,0.005238,0.156981,48.800000,400.000000,31.244259,36.819322,15.622129,18.409661,70,10,0.333333,100.000000,0.000000,15.000000,0.624886,0.000000
0,0.000000,0.142857,0.142857,0.026705,2.912323,57.800000,600.000000,39.013066,33.318969,19.506533,16.659485,920,10,0.142857,160.000000,0.000000,15.000000,0.780269,0.000000
0,0.001902,0.400000,0.428571,0.086331,0.126878,188.000000,592.480000,89.977031,50.000000,44.988515,25.000000,1130,660,0.428571,490.000000,0.000000,40.000000,1.799560,0.000000
0,0.001902,0.400000,0.428571,0.086331,0.126878,188.000000,592.480000,89.977031,50.000000,44.988515,25.000000,1450,660,0.428571,490.000000,0.000000,40.000000,1.799560,0.000000
0,0.000624,0.333333,0.428571,0.169918,0.094342,1169.204082,633.937500,48.454223,39.199096,24.227112,19.599548,1120,10,0.428571,170.000000,0.000000,20.000000,0.969098,0.000000
0,0.000000,0.222222,0.222222,0.169059,0.486301,459.937500,1187.500000,79.750953,75.474594,39.875476,37.737297,780,460,0.222222,210.000000,0.000000,35.000000,1.595050,1.509591
0,-0.000249,0.117647,0.076923,1.747424,2.014856,882.212500,2941.167355,84.921149,84.808339,42.460574,42.404170,1010,820,0.117647,440.000000,0.000000,40.000000,1.700320,1.697409
0,0.000000,0.100000,0.100000,1.064200,0.915209,4582.639463,4805.654321,59.245200,77.133448,29.622600,38.566724,800,10,0.100000,300.000000,0.000000,25.000000,1.185028,1.542756
0,-0.000249,0.117647,0.076923,1.747424,2.014856,882.212500,2941.167355,84.921149,84.808339,42.460574,42.404170,1060,820,0.117647,440.000000,0.000000,40.000000,1.700320,1.697409
0,-0.000184,0.050000,0.076923,1.204107,2.014856,1972.504000,2941.167355,72.495270,84.808339,36.247635,42.404170,1010,190,0.100000,250.000000,0.000000,35.000000,1.452163,1.697409
0,0.000369,0.250000,0.263158,1.163189,0.145539,502.776257,501.551020,75.053061,41.224997,37.526531,20.612498,1160,280,0.263158,190.000000,0.000000,35.000000,1.502445,0.000000
0,0.000184,0.250000,0.473684,0.021320,0.022171,73.000000,62.500000,48.761826,50.000000,24.380913,25.000000,90,10,0.500000,380.000000,0.000000,20.000000,0.975242,0.000000
0,0.000000,0.562500,0.562500,0.490582,0.022171,175.485261,62.500000,57.683586,50.000000,28.841793,25.000000,290,10,0.562500,180.000000,0.000000,25.000000,1.154505,0.000000
0,0.000010,0.052632,0.052632,0.807170,0.017451,166.718750,59.888889,71.101019,41.807009,35.550509,20.903504,400,240,0.052632,230.000000,0.000000,35.000000,1.424064,0.000000
0,-0.000000,0.333333,0.200000,0.623693,0.298211,147.444444,240.000000,51.107212,78.600358,25.553606,39.300179,320,10,0.333333,960.000000,0.000000,25.000000,1.023624,1.572240
0,0.000000,0.166667,0.166667,0.015743,0.121645,81.000000,300.000000,39.783407,39.999336,19.891703,19.999668,980,10,0.166667,190.000000,0.000000,15.000000,0.795671,0.000000
0,0.000000,0.142857,0.142857,1.938845,0.406898,682.000000,476.000000,56.056403,78.599695,28.028201,39.299848,910,800,0.142857,370.000000,0.000000,25.000000,1.130442,1.572250
0,0.000000,0.200000,0.200000,0.889481,0.134603,109.000000,364.000000,59.320542,79.999334,29.660271,39.999667,800,600,0.200000,370.000000,0.000000,25.000000,1.194832,1.600013
0,-0.000077,0.900000,0.833333,0.477180,0.326129,171.755556,700.000000,64.766583,32.374006,32.383292,16.187003,1440,10,0.909091,290.000000,0.000000,30.000000,1.302359,0.000000
0,0.000000,0.166667,0.166667,1.823070,0.793238,597.979167,835.440000,79.478550,45.665190,39.739275,22.832595,1620,310,0.166667,110.000000,0.000000,35.000000,1.592417,0.000000
0,0.002764,0.041667,0.214286,0.358449,0.429303,947.020408,953.920000,80.972104,70.383189,40.486052,35.191594,1140,140,0.214286,160.000000,0.000000,40.000000,1.619510,1.407761
0,0.000000,0.200000,0.200000,0.008119,0.009056,164.166667,27.222222,67.620558,40.007801,33.810279,20.003901,1520,10,0.200000,210.000000,0.000000,30.000000,1.352413,0.000000
0,0.000000,1.000000,1.000000,0.127391,0.335185,188.632653,727.222222,70.043667,72.381807,35.021834,36.190904,90,10,1.000000,210.000000,0.000000,35.000000,1.401055,1.447714
0,0.000000,0.166667,0.166667,0.008119,0.793238,51.207483,835.440000,62.221620,45.665190,31.110810,22.832595,1520,10,0.166667,210.000000,0.000000,30.000000,1.244434,0.000000
0,-0.000429,0.062500,0.035714,0.127391,1.119367,75.673469,1535.440000,64.644729,78.039196,32.322365,39.019598,90,10,0.062500,210.000000,0.000000,30.000000,1.293076,1.561236
0,0.000000,0.035714,0.035714,2.092959,1.119367,655.598214,1535.440000,74.429186,78.039196,37.214593,39.019598,310,190,0.035714,110.000000,0.000000,35.000000,1.491932,1.561236
0,0.000000,0.833333,0.833333,0.012625,0.008916,45.688776,25.862222,67.401321,50.000000,33.700660,25.000000,340,10,0.833333,210.000000,0.000000,30.000000,1.348029,0.000000
0,0.000000,0.166667,0.166667,0.229337,0.185921,521.750000,505.750000,57.575776,41.422415,28.787888,20.711208,650,10,0.166667,210.000000,0.000000,25.000000,1.151568,0.000000
0,0.000000,0.833333,0.833333,0.012625,0.008916,45.688776,25.862222,67.401321,50.000000,33.700660,25.000000,640,10,0.833333,210.000000,0.000000,30.000000,1.348029,0.000000
0,-0.000034,0.400000,0.375000,0.136612,0.265400,864.742347,1281.333333,64.352386,41.203778,32.176193,20.601889,1040,10,0.400000,430.000000,0.000000,30.000000,1.287059,0.000000
0,-0.000034,0.400000,0.375000,0.118731,0.042064,860.562500,48.675556,63.344230,37.278843,31.672115,18.639422,420,10,0.400000,430.000000,0.000000,30.000000,1.266893,0.000000
0,0.000000,0.333333,0.333333,0.013162,0.022685,53.555556,81.000000,50.014523,50.000000,25.007262,25.000000,830,10,0.333333,170.000000,0.000000,25.000000,1.000293,0.000000
0,0.000000,0.333333,0.333333,0.013162,0.022685,53.555556,81.000000,50.014523,50.000000,25.007262,25.000000,990,10,0.333333,170.000000,0.000000,25.000000,1.000293,0.000000
0,0.000000,0.333333,0.333333,0.016006,0.033419,70.000000,131.444444,41.680331,39.352948,20.840166,19.676474,1010,10,0.333333,170.000000,0.000000,20.000000,0.833609,0.000000
0,0.000000,0.166667,0.166667,0.196484,0.074716,553.396825,222.750000,50.014523,47.870278,25.007262,23.935139,1650,10,0.166667,170.000000,0.000000,25.000000,1.000326,0.000000
0,0.000000,0.166667,0.166667,0.196484,0.074716,553.396825,222.750000,50.014523,47.870278,25.007262,23.935139,1970,10,0.166667,170.000000,0.000000,25.000000,1.000326,0.000000
0,-0.000105,0.105263,0.100000,2.792001,1.517954,5959.860000,3869.476800,77.867642,78.669199,38.933821,39.334599,1000,760,0.105263,240.000000,0.000000,35.000000,1.558007,1.573682
0,0.000000,0.400000,0.400000,0.013752,0.054253,80.000000,245.000000,21.934011,38.749025,10.967006,19.374513,30,10,0.400000,170.000000,0.000000,10.000000,0.438682,0.000000
0,-0.000016,0.062500,0.157895,0.410980,0.335146,1471.156094,1327.915564,78.487145,81.079522,39.243572,40.539761,740,120,0.214286,750.000000,0.000000,35.000000,1.569800,1.621633
0,-0.000269,0.500000,0.500000,1.806639,0.371564,3150.250000,1455.555556,72.015121,81.418840,36.007560,40.709420,730,70,1.000000,760.000000,0.000000,35.000000,1.440821,1.628424
0,0.000000,0.025641,0.025641,1.791934,2.257410,4313.286667,4650.610425,81.184725,80.322519,40.592363,40.161259,1380,1140,0.025641,110.000000,0.000000,40.000000,1.624069,1.607045
0,0.000000,0.076923,0.076923,0.372114,0.673023,1051.024793,2421.760000,57.142857,90.055566,28.571429,45.027783,430,10,0.076923,170.000000,0.000000,25.000000,1.142925,1.801205
0,0.000000,0.333333,0.333333,1.075979,0.589740,1365.306122,2213.760000,75.459012,89.022617,37.729506,44.511309,470,70,0.333333,130.000000,0.000000,35.000000,1.509622,1.780531
0,-0.000524,0.888889,0.195652,0.096298,0.429590,155.618622,1577.413061,83.071814,100.000000,41.535907,50.000000,510,10,0.900000,1650.000000,0.000000,40.000000,1.661739,2.000058
0,-0.000671,0.333333,0.333333,0.227234,0.158083,612.480000,663.653061,55.173040,89.552480,27.586520,44.776240,1920,10,0.400000,240.000000,0.000000,25.000000,1.103504,1.791069
0,-0.000524,0.125000,0.195652,0.013182,0.429590,35.312500,1577.413061,77.309413,100.000000,38.654706,50.000000,560,10,0.454545,1600.000000,0.000000,35.000000,1.546194,2.000058
0,0.000000,0.076923,0.076923,0.372114,0.673023,1051.024793,2421.760000,57.142857,90.055566,28.571429,45.027783,1490,10,0.076923,170.000000,0.000000,25.000000,1.142925,1.801205
0,-0.000671,0.333333,0.333333,0.227234,0.158083,612.480000,663.653061,55.173040,89.552480,27.586520,44.776240,1600,10,0.400000,240.000000,0.000000,25.000000,1.103504,1.791069
0,0.000000,0.333333,0.333333,1.075979,0.589740,1365.306122,2213.760000,75.459012,89.022617,37.729506,44.511309,1530,70,0.333333,130.000000,0.000000,35.000000,1.509622,1.780531
0,-0.000519,0.076923,0.195652,0.083468,0.429590,375.280612,1577.413061,58.113893,100.000000,29.056946,50.000000,1570,10,0.324324,590.000000,0.000000,25.000000,1.162288,2.000058
0,-0.000519,0.076923,0.195652,0.083468,0.429590,375.280612,1577.413061,58.113893,100.000000,29.056946,50.000000,1250,10,0.324324,590.000000,0.000000,25.000000,1.162288,2.000058
0,-0.000524,0.888889,0.195652,0.096298,0.429590,155.618622,1577.413061,83.071814,100.000000,41.535907,50.000000,190,10,0.900000,1650.000000,0.000000,40.000000,1.661739,2.000058
0,-0.000524,0.125000,0.195652,0.013182,0.429590,35.312500,1577.413061,77.309413,100.000000,38.654706,50.000000,240,10,0.454545,1600.000000,0.000000,35.000000,1.546194,2.000058
0,0.000000,0.076923,0.076923,0.372114,0.673023,1051.024793,2421.760000,57.142857,90.055566,28.571429,45.027783,1440,10,0.076923,170.000000,0.000000,25.000000,1.142925,1.801205
0,0.000000,0.333333,0.333333,1.075979,0.589740,1365.306122,2213.760000,75.459012,89.022617,37.729506,44.511309,1480,70,0.333333,130.000000,0.000000,35.000000,1.509622,1.780531
0,0.000000,0.200000,0.200000,0.016570,0.031966,190.080000,144.000000,71.025329,42.296340,35.512664,21.148170,420,10,0.200000,160.000000,0.000000,35.000000,1.420510,0.000000
0,-0.000077,0.133333,0.083333,4.096892,0.953581,10142.492604,4255.993764,77.381783,79.132916,38.690892,39.566458,950,900,0.133333,330.000000,0.000000,35.000000,1.548570,1.582765
0,-0.000178,0.222222,0.133333,0.568380,0.825490,1395.750000,3686.812500,60.238513,49.646155,30.119256,24.823078,380,10,0.222222,570.000000,0.000000,30.000000,1.204890,0.000000
0,-0.000178,0.222222,0.133333,0.568380,0.825490,1395.750000,3686.812500,60.238513,49.646155,30.119256,24.823078,210,10,0.222222,570.000000,0.000000,30.000000,1.204890,0.000000
0,-0.000188,0.333333,0.285714,0.167097,0.480323,109.555556,111.111111,89.985101,45.000000,44.992551,22.500000,760,300,0.333333,280.000000,0.000000,40.000000,1.799961,0.000000
0,-0.000624,0.538462,0.466667,0.115354,0.004722,85.790000,25.862222,78.031916,50.000000,39.015958,25.000000,110,60,0.700000,520.000000,0.000000,35.000000,1.560770,0.000000
0,-0.000624,0.538462,0.466667,0.115354,0.004722,85.790000,25.862222,78.031916,50.000000,39.015958,25.000000,410,60,0.700000,520.000000,0.000000,35.000000,1.560770,0.000000
0,-0.000188,0.333333,0.285714,0.167097,0.480323,109.555556,111.111111,89.985101,45.000000,44.992551,22.500000,920,300,0.333333,280.000000,0.000000,40.000000,1.799961,0.000000
0,0.000281,0.181818,0.333333,0.388977,0.020768,1367.040000,104.040000,80.792525,42.210767,40.396262,21.105384,1070,210,0.357143,370.000000,0.000000,40.000000,1.615906,0.000000
0,-0.000000,0.086957,0.080000,1.938721,1.261518,524.251995,613.862222,95.241136,96.485192,47.620568,48.242596,1420,490,0.086957,450.000000,0.000000,45.000000,1.908771,1.931047
0,-0.000000,0.086957,0.080000,1.938721,1.261518,524.251995,613.862222,95.241136,96.485192,47.620568,48.242596,1420,190,0.086957,450.000000,0.000000,45.000000,1.908771,1.931047
0,-0.000002,0.250000,0.222222,3.599009,1.263500,683.128028,628.111111,89.418436,88.820732,44.709218,44.410366,1420,500,0.250000,450.000000,0.000000,40.000000,1.798841,1.777758
0,-0.000000,0.086957,0.080000,1.938721,1.261518,524.251995,613.862222,95.241136,96.485192,47.620568,48.242596,1740,190,0.086957,450.000000,0.000000,45.000000,1.908771,1.931047
0,-0.000000,0.086957,0.080000,1.938721,1.261518,524.251995,613.862222,95.241136,96.485192,47.620568,48.242596,1740,490,0.086957,450.000000,0.000000,45.000000,1.908771,1.931047
0,-0.000002,0.250000,0.222222,3.599009,1.263500,683.128028,628.111111,89.418436,88.820732,44.709218,44.410366,1740,500,0.250000,450.000000,0.000000,40.000000,1.798841,1.777758
0,-0.000076,0.071429,0.066667,0.940955,0.073026,240.055556,215.151111,76.221807,90.393817,38.110903,45.196908,1190,790,0.071429,270.000000,0.000000,35.000000,1.526562,1.807889
0,0.000000,0.294118,0.294118,0.097799,0.273836,285.560625,168.040000,74.349403,80.434601,37.174701,40.217300,1360,10,0.294118,100.000000,0.000000,35.000000,1.487007,1.609141
0,0.000000,0.200000,0.200000,0.060358,0.293130,175.640625,208.000000,74.626201,80.596539,37.313101,40.298269,90,10,0.200000,100.000000,0.000000,35.000000,1.492537,1.612384
0,-0.000035,0.071429,0.058824,0.939397,0.042936,232.188776,126.770469,76.221807,92.215318,38.110903,46.107659,1190,680,0.071429,270.000000,0.000000,35.000000,1.526562,1.844314
0,-0.000035,0.071429,0.058824,0.939397,0.042936,232.188776,126.770469,76.221807,92.215318,38.110903,46.107659,1190,380,0.071429,270.000000,0.000000,35.000000,1.526562,1.844314
0,-0.000076,0.071429,0.066667,0.940955,0.073026,240.055556,215.151111,76.221807,90.393817,38.110903,45.196908,1190,950,0.071429,270.000000,0.000000,35.000000,1.526562,1.807889
0,0.000000,0.200000,0.200000,1.018124,0.461028,877.201814,2633.000000,84.101355,82.284834,42.050678,41.142417,1140,10,0.200000,110.000000,0.000000,40.000000,1.685970,1.645737
0,-0.001196,0.181818,0.066667,0.298173,0.169087,576.580247,669.632653,98.285626,98.131875,49.142813,49.065937,1510,850,0.181818,380.000000,0.000000,45.000000,1.965915,1.962659
0,0.000000,0.076923,0.076923,0.008916,0.459161,771.619592,2623.730469,98.387097,90.093493,49.193548,45.046747,850,10,0.076923,110.000000,0.000000,45.000000,1.967743,1.801910
0,0.000000,0.021277,0.021277,0.782147,0.533357,1524.566259,2917.049383,97.442910,89.205197,48.721455,44.602599,480,10,0.021277,110.000000,0.000000,45.000000,1.949251,1.784154
0,0.000000,0.428571,0.428571,0.033078,0.454102,825.757370,2601.000000,90.330867,40.093493,45.165434,20.046747,340,10,0.428571,110.000000,0.000000,45.000000,1.806624,0.000000
0,0.000000,0.021277,0.021277,0.782147,0.533357,1524.566259,2917.049383,97.442910,89.205197,48.721455,44.602599,280,10,0.021277,110.000000,0.000000,45.000000,1.949251,1.784154
0,0.000000,0.133333,0.133333,0.027489,0.473456,826.757370,2682.632653,94.819722,89.350419,47.409861,44.675210,960,10,0.133333,110.000000,0.000000,45.000000,1.896399,1.787050
0,0.000000,0.076923,0.076923,0.008916,0.459161,771.619592,2623.730469,98.387097,90.093493,49.193548,45.046747,550,10,0.076923,110.000000,0.000000,45.000000,1.967743,1.801910
0,0.000000,0.846154,0.846154,0.011854,0.471319,773.757370,2664.000000,87.699155,80.109162,43.849578,40.054581,120,10,0.846154,110.000000,0.000000,40.000000,1.753986,1.602225
0,0.000000,0.021277,0.021277,4.368784,0.533357,1524.566259,2917.049383,97.442910,89.205197,48.721455,44.602599,260,10,0.021277,110.000000,0.000000,45.000000,1.961112,1.784154
0,-0.001957,0.250000,0.100000,1.952453,0.156659,588.628028,620.000000,87.626422,91.066290,43.813211,45.533145,1420,780,0.250000,470.000000,0.000000,40.000000,1.756477,1.821346
0,-0.009846,0.846154,0.230769,0.159996,0.166949,476.000000,651.000000,57.142857,88.890618,28.571429,44.445309,1670,10,0.846154,220.000000,0.000000,25.000000,1.142886,1.777834
0,-0.001196,0.181818,0.066667,0.298173,0.169087,576.580247,669.632653,98.285626,98.131875,49.142813,49.065937,1830,690,0.181818,380.000000,0.000000,45.000000,1.965915,1.962659
0,0.000000,0.222222,0.222222,0.185921,0.462289,1251.507370,2641.111111,89.809512,82.384011,44.904756,41.192005,860,10,0.222222,110.000000,0.000000,40.000000,1.796224,1.647721
0,0.000000,1.000000,1.000000,0.288626,0.603835,768.668612,3189.000000,70.297463,88.968443,35.148731,44.484221,2100,10,1.000000,110.000000,0.000000,35.000000,1.407767,1.779428
0,-0.001196,0.181818,0.066667,0.298173,0.169087,576.580247,669.632653,98.285626,98.131875,49.142813,49.065937,1830,850,0.181818,380.000000,0.000000,45.000000,1.965915,1.962659
0,-0.001196,0.181818,0.066667,0.298173,0.169087,576.580247,669.632653,98.285626,98.131875,49.142813,49.065937,1510,690,0.181818,380.000000,0.000000,45.000000,1.965915,1.962659
0,0.000000,1.000000,1.000000,0.288626,0.603835,768.668612,3189.000000,70.297463,88.968443,35.148731,44.484221,1780,10,1.000000,110.000000,0.000000,35.000000,1.407767,1.779428
0,0.000000,0.133333,0.133333,0.027489,0.473456,826.757370,2682.632653,94.819722,89.350419,47.409861,44.675210,1120,10,0.133333,110.000000,0.000000,45.000000,1.896399,1.787050
0,0.000000,0.021277,0.021277,0.782147,0.533357,1524.566259,2917.049383,97.442910,89.205197,48.721455,44.602599,140,10,0.021277,110.000000,0.000000,45.000000,1.949251,1.784154
0,-0.001957,0.250000,0.100000,1.952453,0.156659,588.628028,620.000000,87.626422,91.066290,43.813211,45.533145,1740,780,0.250000,470.000000,0.000000,40.000000,1.756477,1.821346
0,-0.009846,0.846154,0.230769,0.159996,0.166949,476.000000,651.000000,57.142857,88.890618,28.571429,44.445309,1990,10,0.846154,220.000000,0.000000,25.000000,1.142886,1.777834
0,0.000129,0.312500,0.350000,0.089437,0.962827,376.129574,2401.827160,65.500639,89.105990,32.750320,44.552995,1170,10,0.400000,390.000000,0.000000,30.000000,1.310024,1.782313
0,0.001579,0.062500,0.117647,0.147029,0.362557,544.621063,904.049383,73.967113,99.685766,36.983556,49.842883,1830,10,0.117647,390.000000,0.000000,35.000000,1.479363,1.993788
0,0.000104,0.153846,0.350000,0.473474,0.962827,1180.000000,2401.827160,51.453661,89.105990,25.726831,44.552995,970,10,0.470588,590.000000,0.000000,25.000000,1.029171,1.782313
0,0.000000,0.142857,0.142857,4.401862,0.125484,858.808889,316.049383,90.999584,50.000000,45.499792,25.000000,340,260,0.142857,120.000000,0.000000,45.000000,1.832252,0.000000
0,-0.000012,0.066667,0.058824,2.446847,0.163843,722.212500,345.209383,77.897374,92.209073,38.948687,46.104536,690,110,0.066667,290.000000,0.000000,35.000000,1.562873,1.844232
0,0.000000,0.350000,0.350000,4.436059,0.962827,958.996389,2401.827160,88.785424,89.105990,44.392712,44.552995,1440,260,0.350000,120.000000,0.000000,40.000000,1.787975,1.782313
0,0.000000,0.142857,0.142857,0.037676,0.125484,169.795918,316.049383,83.922200,50.000000,41.961100,25.000000,210,10,0.142857,250.000000,0.000000,40.000000,1.678453,0.000000
0,0.000000,0.058824,0.058824,0.970227,0.163843,993.700617,345.209383,79.972115,92.209073,39.986057,46.104536,790,70,0.058824,190.000000,0.000000,35.000000,1.599940,1.844232
0,0.001561,0.055556,0.117647,0.196484,0.362557,627.192744,904.049383,95.454545,99.685766,47.727273,49.842883,1970,10,0.117647,250.000000,0.000000,45.000000,1.909127,1.993788
0,0.001561,0.055556,0.117647,0.196484,0.362557,627.192744,904.049383,95.454545,99.685766,47.727273,49.842883,1650,10,0.117647,250.000000,0.000000,45.000000,1.909127,1.993788
0,0.001401,0.047619,0.117647,4.657410,0.362557,801.720131,904.049383,70.966180,99.685766,35.483090,49.842883,2100,260,0.117647,120.000000,0.000000,35.000000,1.433395,1.993788
0,-0.000013,0.076923,0.058824,0.248317,0.163843,118.970000,345.209383,79.756063,92.209073,39.878031,46.104536,580,200,0.076923,400.000000,0.000000,35.000000,1.595593,1.844232
0,0.001609,0.035714,0.117647,2.037172,0.362557,1170.292500,904.049383,88.105935,99.685766,44.052968,49.842883,1930,310,0.117647,290.000000,0.000000,40.000000,1.765005,1.993788
0,0.001609,0.035714,0.117647,2.037172,0.362557,1170.292500,904.049383,88.105935,99.685766,44.052968,49.842883,1610,310,0.117647,290.000000,0.000000,40.000000,1.765005,1.993788
0,0.001579,0.062500,0.117647,0.147029,0.362557,544.621063,904.049383,73.967113,99.685766,36.983556,49.842883,1510,10,0.117647,390.000000,0.000000,35.000000,1.479363,1.993788
0,0.001401,0.047619,0.117647,4.657410,0.362557,801.720131,904.049383,70.966180,99.685766,35.483090,49.842883,1780,260,0.117647,120.000000,0.000000,35.000000,1.433395,1.993788
0,0.000000,0.058824,0.058824,4.422151,0.163843,913.558889,345.209383,89.725578,92.209073,44.862789,46.104536,860,260,0.058824,120.000000,0.000000,40.000000,1.806776,1.844232
0,-0.000013,0.166667,0.142857,0.008968,0.125484,56.040816,316.049383,56.777137,50.000000,28.388569,25.000000,70,10,0.166667,390.000000,0.000000,25.000000,1.135544,0.000000
0,-0.000507,0.142857,0.050000,1.789432,0.853046,3139.250000,2132.817778,38.076284,80.772653,19.038142,40.386326,730,10,0.181818,830.000000,0.000000,15.000000,0.762038,1.615624
0,0.000000,0.142857,0.142857,1.851881,0.125484,657.812500,316.049383,73.887298,50.000000,36.943649,25.000000,310,170,0.142857,290.000000,0.000000,35.000000,1.480599,0.000000
0,0.000415,0.277778,0.350000,0.176810,0.962827,591.346939,2401.827160,85.905270,89.105990,42.952635,44.552995,1310,10,0.368421,250.000000,0.000000,40.000000,1.718137,1.782313
0,0.003262,0.500000,1.000000,0.214153,0.076661,492.128028,300.000000,55.541292,47.867105,27.770646,23.933552,1770,10,1.000000,500.000000,0.000000,25.000000,1.110875,0.000000
0,0.000000,0.142857,0.142857,0.018351,0.052196,254.222222,174.222222,91.973691,40.288833,45.986846,20.144416,370,10,0.142857,140.000000,0.000000,45.000000,1.839476,0.000000
0,0.003262,0.500000,1.000000,0.214153,0.076661,492.128028,300.000000,55.541292,47.867105,27.770646,23.933552,1450,10,1.000000,500.000000,0.000000,25.000000,1.110875,0.000000
0,0.000000,0.230769,0.230769,1.522111,0.848050,855.151111,2382.500000,81.866325,83.340106,40.933162,41.670053,1430,1200,0.230769,130.000000,0.000000,40.000000,1.638793,1.666953
0,0.000000,1.000000,1.000000,0.285253,0.780408,320.000000,2205.000000,65.876579,73.537152,32.938290,36.768576,1280,10,1.000000,280.000000,0.000000,30.000000,1.317763,1.470881
0,0.000000,0.230769,0.230769,1.522111,0.848050,855.151111,2382.500000,81.866325,83.340106,40.933162,41.670053,1430,1200,0.230769,130.000000,0.000000,40.000000,1.638793,1.666953
0,0.000000,0.200000,0.200000,0.068082,0.718356,168.040000,2024.000000,83.114140,75.822545,41.557070,37.911272,1430,160,0.200000,130.000000,0.000000,40.000000,1.662297,1.516578
0,0.000000,0.166667,0.166667,0.145192,0.185771,1080.000000,700.000000,79.501620,39.414695,39.750810,19.707348,1020,680,0.166667,330.000000,0.000000,35.000000,1.590046,0.000000
0,-0.000445,0.600000,0.615385,0.255822,61.423510,1292.000000,17340.000000,79.540401,31.553064,39.770201,15.776532,1020,520,0.666667,330.000000,0.000000,35.000000,1.590849,0.000000
0,-0.000341,0.200000,0.166667,0.014134,0.002833,80.000000,16.000000,49.999985,42.498455,24.999993,21.249228,880,10,0.200000,390.000000,0.000000,20.000000,1.000001,0.000000
0,-0.000000,0.500000,0.400000,1.508108,0.127262,1454.111111,500.000000,77.090122,73.712431,38.545061,36.856216,590,10,0.500000,840.000000,0.000000,35.000000,1.542599,1.474265
0,0.000000,0.200000,0.200000,2.011311,0.292536,4201.989367,988.000000,42.864538,70.596208,21.432269,35.298104,1220,10,0.200000,210.000000,0.000000,20.000000,0.857776,1.411968
0,0.000000,0.181818,0.181818,0.050230,0.142057,396.972222,474.222222,95.685155,90.063230,47.842578,45.031615,2130,10,0.181818,200.000000,0.000000,45.000000,1.913709,1.801286
0,0.004562,0.038462,0.500000,4.209689,0.786507,6163.281250,2360.000000,76.956241,68.096372,38.478121,34.048186,1160,1000,0.500000,430.000000,0.000000,35.000000,1.541441,1.362059
0,0.000000,0.200000,0.200000,0.647588,0.132294,3645.520661,472.000000,74.274545,65.705830,37.137272,32.852915,1180,260,0.200000,250.000000,0.000000,35.000000,1.485548,1.314135
0,0.000000,0.037037,0.037037,1.835432,0.114913,4079.754402,422.730469,88.444471,81.212432,44.222235,40.606216,1320,970,0.037037,110.000000,0.000000,40.000000,1.769302,1.624264
0,-0.000427,0.375000,0.333333,2.381995,1.002123,5161.277092,2802.500000,78.643401,79.390930,39.321700,39.695465,1250,430,0.375000,180.000000,0.000000,35.000000,1.573478,1.588000
0,0.000000,0.181818,0.181818,0.050230,0.142057,396.972222,474.222222,95.685155,90.063230,47.842578,45.031615,1810,10,0.181818,200.000000,0.000000,45.000000,1.913709,1.801286
0,0.002769,0.076923,0.250000,0.076057,0.907912,211.238056,2742.638889,78.321230,77.214991,39.160615,38.607495,1390,850,0.250000,200.000000,0.000000,35.000000,1.566446,1.544451
0,0.000000,0.100000,0.100000,0.046485,0.253699,72.675556,854.638889,75.820074,74.824449,37.910037,37.412224,850,310,0.100000,200.000000,0.000000,35.000000,1.516420,1.496527
0,0.001279,1.000000,0.901408,0.276944,0.338586,510.305556,1182.638889,79.878989,71.543482,39.939495,35.771741,390,10,1.000000,1040.000000,0.000000,35.000000,1.597665,1.430918
0,-0.000005,0.250000,0.200000,1.561538,0.116827,4392.208333,436.000000,70.480151,71.210596,35.240075,35.605298,900,70,0.250000,530.000000,0.000000,35.000000,1.409881,1.424228
0,0.000000,0.117647,0.117647,1.842893,0.118241,4093.023933,428.444444,78.695629,74.355497,39.347814,37.177749,1320,130,0.117647,110.000000,0.000000,35.000000,1.574327,1.487126
0,0.000000,0.037037,0.037037,1.835432,0.114913,4079.754402,422.730469,88.444471,81.212432,44.222235,40.606216,1320,670,0.037037,110.000000,0.000000,40.000000,1.769302,1.624264
0,-0.000082,0.090909,0.076923,0.159494,0.265315,524.222222,737.625000,80.026746,78.484997,40.013373,39.242498,840,820,0.090909,220.000000,0.000000,40.000000,1.600559,1.569748
0,-0.000133,0.200000,0.142857,0.059365,0.116588,208.400000,548.500000,90.434533,86.719067,45.217267,43.359534,770,720,0.200000,430.000000,0.000000,45.000000,1.808699,1.734394
0,-0.000133,0.200000,0.142857,0.059365,0.116588,208.400000,548.500000,90.434533,86.719067,45.217267,43.359534,910,720,0.200000,430.000000,0.000000,45.000000,1.808699,1.734394
0,0.000000,0.090909,0.090909,3.070624,0.382833,7312.730469,1822.500000,86.552507,39.922697,43.276253,19.961349,730,540,0.090909,150.000000,0.000000,40.000000,1.731695,0.000000
0,0.000000,0.090909,0.090909,3.070624,0.382833,7312.730469,1822.500000,86.552507,39.922697,43.276253,19.961349,1030,540,0.090909,150.000000,0.000000,40.000000,1.731695,0.000000
0,-0.000106,0.071429,0.050000,0.150407,0.024240,67.244331,126.000000,98.746762,48.698928,49.373381,24.349464,920,650,0.071429,530.000000,0.000000,45.000000,1.975191,0.000000
0,0.001261,0.375000,0.454545,0.045663,0.033532,56.910998,175.000000,90.016673,37.575826,45.008337,18.787913,460,190,0.454545,420.000000,0.000000,45.000000,1.800359,0.000000
0,-0.000030,0.076923,0.055556,0.369119,0.434828,102.831111,1585.540000,79.005396,79.676362,39.502698,39.838181,880,30,0.076923,310.000000,0.000000,35.000000,1.581653,1.594116
0,-0.000031,0.222222,0.074074,0.455855,0.307744,1391.710000,1600.830000,97.521263,50.000000,48.760632,25.000000,430,110,0.222222,770.000000,0.000000,45.000000,1.950602,0.000000
0,0.000000,0.500000,1.000000,0.039749,0.000000,63.000000,0.000000,72.996222,0.000000,36.498111,0.000000,310,10,1.000000,870.000000,0.000000,35.000000,1.459946,0.000000
0,0.001415,0.100000,0.272727,0.357380,0.307052,64.111111,1737.500000,81.009931,74.931288,40.504965,37.465644,880,300,0.272727,310.000000,0.000000,40.000000,1.621742,1.498653
0,-0.000280,0.125000,0.100000,0.455078,0.013300,99.362222,77.777778,81.911884,41.347159,40.955942,20.673580,590,460,0.125000,290.000000,0.000000,40.000000,1.639602,0.000000
0,-0.000280,0.125000,0.100000,0.455078,0.013300,99.362222,77.777778,81.911884,41.347159,40.955942,20.673580,890,460,0.125000,290.000000,0.000000,40.000000,1.639602,0.000000
0,-0.000031,0.222222,0.074074,0.455855,0.307744,1391.710000,1600.830000,97.521263,50.000000,48.760632,25.000000,430,410,0.222222,770.000000,0.000000,45.000000,1.950602,0.000000
0,0.000000,0.500000,0.500000,0.027980,0.039312,194.250000,225.625000,56.092190,40.804042,28.046095,20.402021,920,10,0.500000,190.000000,0.000000,25.000000,1.121846,0.000000
0,0.001261,0.375000,0.454545,0.045663,0.033532,56.910998,175.000000,90.016673,37.575826,45.008337,18.787913,760,190,0.454545,420.000000,0.000000,45.000000,1.800359,0.000000
0,-0.000165,0.470588,0.500000,0.008916,0.161308,57.502847,23.040000,83.669809,42.320901,41.834904,21.160450,550,10,0.615385,330.000000,0.000000,40.000000,1.673398,0.000000
0,-0.000010,1.000000,0.944444,0.340849,0.273520,66.375000,1562.500000,71.534737,37.355461,35.767368,18.677731,320,310,1.000000,870.000000,0.000000,35.000000,1.432209,0.000000
0,-0.000106,0.071429,0.050000,0.150407,0.024240,67.244331,126.000000,98.746762,48.698928,49.373381,24.349464,760,650,0.071429,530.000000,0.000000,45.000000,1.975191,0.000000
0,-0.000031,0.222222,0.074074,0.455855,0.307744,1391.710000,1600.830000,97.521263,50.000000,48.760632,25.000000,410,260,0.222222,770.000000,0.000000,45.000000,1.950602,0.000000
0,-0.000010,0.500000,0.944444,0.301100,0.273520,57.375000,1562.500000,78.511718,37.355461,39.255859,18.677731,320,10,1.000000,870.000000,0.000000,35.000000,1.571727,0.000000
0,-0.000165,0.470588,0.500000,0.008916,0.161308,57.502847,23.040000,83.669809,42.320901,41.834904,21.160450,850,10,0.615385,330.000000,0.000000,40.000000,1.673398,0.000000
0,-0.000106,0.071429,0.050000,0.150407,0.024240,67.244331,126.000000,98.746762,48.698928,49.373381,24.349464,920,350,0.071429,530.000000,0.000000,45.000000,1.975191,0.000000
0,-0.000106,0.071429,0.050000,0.150407,0.024240,67.244331,126.000000,98.746762,48.698928,49.373381,24.349464,760,350,0.071429,530.000000,0.000000,45.000000,1.975191,0.000000
0,-0.000031,0.222222,0.074074,0.455855,0.307744,1391.710000,1600.830000,97.521263,50.000000,48.760632,25.000000,260,110,0.222222,770.000000,0.000000,45.000000,1.950602,0.000000
0,0.000368,0.500000,1.000000,0.636812,3.940496,302.000000,1347.000000,80.400554,60.859177,40.200277,30.429588,210,10,1.000000,980.000000,0.000000,40.000000,1.608748,1.231303
0,-0.000141,0.050000,0.041667,0.247792,0.063094,135.968858,230.595556,95.247691,100.000000,47.623846,50.000000,1370,630,0.050000,120.000000,0.000000,45.000000,1.905257,2.000009
0,0.000000,0.200000,0.200000,0.030655,0.213705,166.791111,951.595556,72.665089,85.865566,36.332545,42.932783,790,550,0.200000,200.000000,0.000000,35.000000,1.453305,1.717335
0,0.000627,0.500000,0.843750,0.226457,3.783052,933.857143,604.595556,56.960578,74.993611,28.480289,37.496806,980,10,0.892857,210.000000,0.000000,25.000000,1.139240,1.513975
0,0.000000,0.200000,0.200000,0.021190,0.149031,102.791111,704.595556,70.156706,88.343391,35.078353,44.171696,550,540,0.200000,200.000000,0.000000,35.000000,1.403136,1.766884
0,-0.000141,0.050000,0.041667,0.247792,0.063094,135.968858,230.595556,95.247691,100.000000,47.623846,50.000000,1210,100,0.050000,120.000000,0.000000,45.000000,1.905257,2.000009
0,-0.000352,0.300000,0.250000,0.327833,4.161903,1632.041667,1944.000000,43.368842,62.291274,21.684421,31.145637,840,10,0.400000,350.000000,0.000000,20.000000,0.867410,1.259982
0,0.000521,0.125000,0.843750,0.459730,3.783052,1838.582231,604.595556,79.400404,74.993611,39.700202,37.496806,870,430,1.000000,320.000000,0.000000,35.000000,1.588066,1.513975
0,0.000271,0.200000,0.208333,2.928178,3.789886,822.638889,626.000000,89.925365,74.993611,44.962682,37.496806,1340,1040,0.208333,150.000000,0.000000,40.000000,1.803948,1.513977
0,0.000000,0.200000,0.200000,0.420071,0.213705,195.968858,951.595556,87.747691,85.865566,43.873846,42.932783,870,40,0.200000,120.000000,0.000000,40.000000,1.755828,1.717335
0,0.000000,0.200000,0.200000,0.414212,0.149031,131.968858,704.595556,85.246585,88.343391,42.623293,44.171696,620,40,0.200000,120.000000,0.000000,40.000000,1.705806,1.766884
0,-0.000141,0.050000,0.041667,0.247792,0.063094,135.968858,230.595556,95.247691,100.000000,47.623846,50.000000,1210,630,0.050000,120.000000,0.000000,45.000000,1.905257,2.000009
0,-0.000041,0.034483,0.031250,0.483529,0.133045,1029.634898,604.595556,96.153359,100.000000,48.076679,50.000000,1170,60,0.034483,160.000000,0.000000,45.000000,1.923337,2.000015
0,0.000000,0.031250,0.031250,0.596648,0.133045,1021.718858,604.595556,94.982308,100.000000,47.491154,50.000000,1210,40,0.031250,120.000000,0.000000,45.000000,1.900539,2.000015
0,0.000271,0.200000,0.208333,2.928178,3.789886,822.638889,626.000000,89.925365,74.993611,44.962682,37.496806,1180,1040,0.208333,150.000000,0.000000,40.000000,1.803948,1.513977
0,-0.000072,0.054054,0.046512,0.458506,3.859836,1643.307398,1000.000000,90.910868,74.993611,45.455434,37.496806,1170,1030,0.054054,160.000000,0.000000,45.000000,1.818282,1.513983
0,-0.000041,0.034483,0.031250,0.483529,0.133045,1029.634898,604.595556,96.153359,100.000000,48.076679,50.000000,1170,590,0.034483,160.000000,0.000000,45.000000,1.923337,2.000015
0,0.000336,0.058824,0.130435,0.073065,3.760824,82.751250,523.040000,78.584688,67.003154,39.292344,33.501577,940,130,0.166667,250.000000,0.000000,35.000000,1.571733,1.354163
0,-0.000067,0.066667,0.062500,0.223868,0.435112,654.791111,1548.595556,64.376897,87.297663,32.188448,43.648831,160,20,0.066667,200.000000,0.000000,30.000000,1.287586,1.746014
0,-0.000067,0.066667,0.062500,0.512873,0.435112,683.968858,1548.595556,85.207395,87.297663,42.603697,43.648831,240,40,0.066667,120.000000,0.000000,40.000000,1.705031,1.746014
0,-0.000072,0.054054,0.046512,0.458506,3.859836,1643.307398,1000.000000,90.910868,74.993611,45.455434,37.496806,1030,640,0.054054,160.000000,0.000000,45.000000,1.818282,1.513983
0,-0.000041,0.034483,0.031250,0.483529,0.133045,1029.634898,604.595556,96.153359,100.000000,48.076679,50.000000,640,60,0.034483,160.000000,0.000000,45.000000,1.923337,2.000015
0,0.000000,0.200000,0.200000,0.073952,0.213705,166.791111,951.595556,72.665089,85.865566,36.332545,42.932783,790,20,0.200000,200.000000,0.000000,35.000000,1.453328,1.717335
0,0.000000,0.200000,0.200000,0.064487,0.149031,102.791111,704.595556,70.156706,88.343391,35.078353,44.171696,540,20,0.200000,200.000000,0.000000,35.000000,1.403159,1.766884
0,-0.000141,0.050000,0.041667,0.416244,0.063094,135.968858,230.595556,95.247691,100.000000,47.623846,50.000000,1370,40,0.050000,120.000000,0.000000,45.000000,1.905828,2.000009
0,-0.000141,0.050000,0.041667,0.247792,0.063094,135.968858,230.595556,95.247691,100.000000,47.623846,50.000000,1370,100,0.050000,120.000000,0.000000,45.000000,1.905257,2.000009
0,-0.000091,0.111111,0.100000,2.967401,3.768928,957.638889,554.000000,80.035127,74.993611,40.017564,37.496806,1040,640,0.111111,150.000000,0.000000,40.000000,1.606149,1.513973
0,0.000000,0.031250,0.031250,0.596648,0.133045,1021.718858,604.595556,94.982308,100.000000,47.491154,50.000000,680,40,0.031250,120.000000,0.000000,45.000000,1.900539,2.000015
0,-0.000067,0.066667,0.062500,0.180571,0.435112,654.791111,1548.595556,64.376897,87.297663,32.188448,43.648831,550,160,0.066667,200.000000,0.000000,30.000000,1.287563,1.746014
0,-0.000000,0.500000,0.400000,0.212178,3.875822,899.520000,1100.000000,70.497183,63.337002,35.248592,31.668501,520,70,0.500000,670.000000,0.000000,35.000000,1.409969,1.280852
0,-0.000141,0.050000,0.041667,0.416244,0.063094,135.968858,230.595556,95.247691,100.000000,47.623846,50.000000,1210,40,0.050000,120.000000,0.000000,45.000000,1.905828,2.000009
0,0.004400,0.500000,0.843750,2.917915,3.783052,809.638889,604.595556,89.925365,74.993611,44.962682,37.496806,1040,10,0.843750,150.000000,0.000000,40.000000,1.803947,1.513975
0,-0.000041,0.034483,0.031250,0.483529,0.133045,1029.634898,604.595556,96.153359,100.000000,48.076679,50.000000,640,590,0.034483,160.000000,0.000000,45.000000,1.923337,2.000015
0,-0.000015,0.071429,0.062500,0.689084,0.104031,1324.888889,332.861111,81.897258,80.368397,40.948629,40.184199,1510,1210,0.071429,330.000000,0.000000,40.000000,1.638408,1.607384
0,-0.000963,0.538462,0.095238,0.951177,0.238770,407.808757,594.183673,79.486575,78.392027,39.743288,39.196013,1160,580,0.538462,690.000000,0.000000,35.000000,1.590929,1.567889
0,-0.000036,0.800000,0.571429,0.805395,2.033965,565.551020,4700.000000,90.100396,87.523029,45.050198,43.761514,1300,910,0.800000,550.000000,0.000000,45.000000,1.802633,1.750901
0,-0.000036,0.800000,0.571429,0.805395,2.033965,565.551020,4700.000000,90.100396,87.523029,45.050198,43.761514,1300,770,0.800000,550.000000,0.000000,45.000000,1.802633,1.750901
0,0.000051,0.166667,1.000000,5.946431,0.506354,5301.777778,1400.000000,83.752919,88.245479,41.876460,44.122740,910,140,1.000000,480.000000,0.000000,40.000000,1.678401,1.765003
0,-0.000093,0.033333,0.027027,1.130321,0.377032,1787.930556,691.764172,95.146993,97.727273,47.573496,48.863636,930,110,0.043478,460.000000,0.000000,45.000000,1.903356,1.954705
0,0.000000,0.200000,0.200000,0.300261,0.187393,984.994898,625.000000,89.721742,83.789354,44.860871,41.894677,1170,580,0.200000,220.000000,0.000000,40.000000,1.794481,1.675815
0,0.000000,0.200000,0.200000,0.404447,0.167276,1131.075556,554.000000,89.258085,100.000000,44.629042,50.000000,1190,650,0.200000,200.000000,0.000000,40.000000,1.785234,2.000025
0,-0.000093,0.033333,0.027027,1.130321,0.377032,1787.930556,691.764172,95.146993,97.727273,47.573496,48.863636,930,450,0.043478,460.000000,0.000000,45.000000,1.903356,1.954705
0,-0.000008,0.045455,0.090909,5.950332,0.165968,5317.868687,556.194444,91.814123,89.352957,45.907062,44.676479,670,380,0.173913,480.000000,0.000000,45.000000,1.839626,1.787084
0,0.000051,0.166667,1.000000,5.946431,0.506354,5301.777778,1400.000000,83.752919,88.245479,41.876460,44.122740,380,140,1.000000,480.000000,0.000000,40.000000,1.678401,1.765003
0,0.000004,0.181818,0.833333,6.056422,0.162819,5312.337778,543.750000,93.263723,91.428769,46.631862,45.714385,910,380,0.833333,480.000000,0.000000,45.000000,1.868815,1.828600
0,-0.000093,0.033333,0.027027,1.130321,0.377032,1787.930556,691.764172,95.146993,97.727273,47.573496,48.863636,450,400,0.043478,460.000000,0.000000,45.000000,1.903356,1.954705
0,0.000000,0.200000,0.200000,0.404447,0.167276,1131.075556,554.000000,89.258085,100.000000,44.629042,50.000000,660,650,0.200000,200.000000,0.000000,40.000000,1.785234,2.000025
0,-0.000317,0.095238,0.312500,5.952156,0.218672,5331.017778,700.687500,90.454124,90.876446,45.227062,45.438223,910,910,0.434783,480.000000,0.000000,45.000000,1.812426,1.817563
0,0.000004,0.181818,0.833333,6.056422,0.162819,5312.337778,543.750000,93.263723,91.428769,46.631862,45.714385,910,910,0.833333,480.000000,0.000000,45.000000,1.868815,1.828600
0,-0.000093,0.033333,0.027027,4.828840,0.377032,1935.183889,691.764172,98.718053,97.727273,49.359026,48.863636,960,260,0.043478,430.000000,0.000000,45.000000,1.986706,1.954705
0,-0.000093,0.033333,0.027027,4.828840,0.377032,1935.183889,691.764172,98.718053,97.727273,49.359026,48.863636,430,260,0.043478,430.000000,0.000000,45.000000,1.986706,1.954705
0,-0.000008,0.045455,0.090909,5.950332,0.165968,5317.868687,556.194444,91.814123,89.352957,45.907062,44.676479,910,670,0.173913,480.000000,0.000000,45.000000,1.839626,1.787084
0,0.000115,0.600000,0.666667,0.282845,0.203477,664.000000,450.000000,79.079312,38.692034,39.539656,19.346017,540,280,0.666667,240.000000,0.000000,35.000000,1.581769,0.000000
0,-0.000093,0.033333,0.027027,1.130321,0.377032,1787.930556,691.764172,95.146993,97.727273,47.573496,48.863636,400,110,0.043478,460.000000,0.000000,45.000000,1.903356,1.954705
0,-0.000093,0.033333,0.027027,1.130321,0.377032,1787.930556,691.764172,95.146993,97.727273,47.573496,48.863636,400,250,0.043478,460.000000,0.000000,45.000000,1.903356,1.954705
0,-0.000093,0.033333,0.027027,1.130321,0.377032,1787.930556,691.764172,95.146993,97.727273,47.573496,48.863636,930,250,0.043478,460.000000,0.000000,45.000000,1.903356,1.954705
0,0.000000,0.200000,0.200000,0.300261,0.187393,984.994898,625.000000,89.721742,83.789354,44.860871,41.894677,640,580,0.200000,220.000000,0.000000,40.000000,1.794481,1.675815
0,-0.000317,0.095238,0.312500,5.952156,0.218672,5331.017778,700.687500,90.454124,90.876446,45.227062,45.438223,910,380,0.434783,480.000000,0.000000,45.000000,1.812426,1.817563
0,0.000000,0.777778,0.777778,0.130488,0.234943,660.645833,700.000000,58.098321,33.950424,29.049160,16.975212,60,10,0.777778,130.000000,0.000000,25.000000,1.161980,0.000000
0,0.000000,0.777778,0.777778,0.130488,0.234943,660.645833,700.000000,58.098321,33.950424,29.049160,16.975212,450,10,0.777778,130.000000,0.000000,25.000000,1.161980,0.000000
0,0.001671,0.117647,0.269231,1.292023,0.834675,3156.640625,2495.010000,83.669809,87.188741,41.834904,43.594370,870,10,0.304348,490.000000,0.000000,40.000000,1.673663,1.743915
0,-0.001511,0.400000,0.222222,0.020915,0.086959,95.640625,319.440000,70.036553,87.268828,35.018277,43.634414,420,10,0.500000,490.000000,0.000000,35.000000,1.400734,1.745388
0,0.001537,0.304348,0.269231,140.691276,0.834675,5469.030000,2495.010000,92.916911,87.188741,46.458455,43.594370,260,230,0.304348,240.000000,0.000000,45.000000,3.676106,1.743915
0,-0.000875,0.307692,0.222222,1.497510,0.086959,240.817778,319.440000,81.671337,87.268828,40.835668,43.634414,350,90,0.307692,150.000000,0.000000,40.000000,1.638534,1.745388
0,-0.001368,0.266667,0.269231,0.027489,0.110701,112.640625,390.213018,80.102434,87.268828,40.051217,43.634414,1120,10,0.388889,490.000000,0.000000,40.000000,1.602053,1.745392
0,-0.000086,0.043478,0.038462,0.192642,0.251430,144.287778,790.965278,81.252843,74.177549,40.626421,37.088775,1210,260,0.043478,240.000000,0.000000,40.000000,1.625206,1.483592
0,-0.001368,0.266667,0.269231,0.027489,0.110701,112.640625,390.213018,80.102434,87.268828,40.051217,43.634414,960,10,0.388889,490.000000,0.000000,40.000000,1.602053,1.745392
0,0.001671,0.117647,0.269231,1.292023,0.834675,3156.640625,2495.010000,83.669809,87.188741,41.834904,43.594370,700,10,0.304348,490.000000,0.000000,40.000000,1.673663,1.743915
0,-0.001024,0.600000,0.500000,0.747735,0.059910,244.000000,180.000000,69.627944,39.901841,34.813972,19.950921,1050,10,0.600000,290.000000,0.000000,30.000000,1.394112,0.000000
0,0.000000,1.000000,1.000000,0.069497,0.000000,83.111111,0.000000,69.901148,0.000000,34.950574,0.000000,400,10,1.000000,270.000000,0.000000,30.000000,1.398240,0.000000
0,0.000000,0.250000,0.250000,0.033262,2.505128,151.702222,789.145833,57.860296,74.950215,28.930148,37.475108,1300,10,0.250000,230.000000,0.000000,25.000000,1.157210,1.503033
0,0.000000,0.250000,0.250000,0.016111,0.012803,75.000000,44.142857,58.098056,79.983992,29.049028,39.991996,1300,10,0.250000,230.000000,0.000000,25.000000,1.161963,1.599682
0,0.000767,0.100000,0.466667,3.070736,0.405041,7314.000000,1005.333333,76.519797,78.620556,38.259898,39.310278,540,460,0.466667,390.000000,0.000000,35.000000,1.531041,1.572493
0,0.000000,0.200000,0.200000,0.294694,0.418930,265.263158,1249.673469,84.868421,100.000000,42.434211,50.000000,620,10,0.200000,270.000000,0.000000,40.000000,1.697727,2.000071
0,0.000000,0.200000,0.200000,0.294694,0.418930,265.263158,1249.673469,84.868421,100.000000,42.434211,50.000000,600,10,0.200000,270.000000,0.000000,40.000000,1.697727,2.000071
0,-0.000024,0.090909,0.076923,0.210205,0.245994,303.040000,807.555556,91.666667,89.821006,45.833333,44.910503,1020,150,0.090909,310.000000,0.000000,45.000000,1.833412,1.796458
0,0.000014,0.703704,0.700000,0.285966,0.418930,422.159170,1249.673469,100.000000,100.000000,50.000000,50.000000,560,150,0.703704,310.000000,0.000000,50.000000,2.000100,2.000071
0,0.000014,0.703704,0.700000,0.285966,0.418930,422.159170,1249.673469,100.000000,100.000000,50.000000,50.000000,680,580,0.703704,310.000000,0.000000,50.000000,2.000100,2.000071
0,0.000014,0.703704,0.700000,0.285966,0.418930,422.159170,1249.673469,100.000000,100.000000,50.000000,50.000000,680,440,0.703704,310.000000,0.000000,50.000000,2.000100,2.000071
0,-0.000024,0.090909,0.076923,0.210205,0.245994,303.040000,807.555556,91.666667,89.821006,45.833333,44.910503,1020,90,0.090909,310.000000,0.000000,45.000000,1.833412,1.796458
0,0.000014,0.703704,0.700000,0.285966,0.418930,422.159170,1249.673469,100.000000,100.000000,50.000000,50.000000,560,90,0.703704,310.000000,0.000000,50.000000,2.000100,2.000071
0,0.000014,0.703704,0.700000,0.285966,0.418930,422.159170,1249.673469,100.000000,100.000000,50.000000,50.000000,680,560,0.703704,310.000000,0.000000,50.000000,2.000100,2.000071
0,-0.000024,0.090909,0.076923,0.210205,0.245994,303.040000,807.555556,91.666667,89.821006,45.833333,44.910503,1020,680,0.090909,310.000000,0.000000,45.000000,1.833412,1.796458
0,0.000014,0.703704,0.700000,0.285966,0.418930,422.159170,1249.673469,100.000000,100.000000,50.000000,50.000000,580,90,0.703704,310.000000,0.000000,50.000000,2.000100,2.000071
0,0.000014,0.703704,0.700000,0.285966,0.418930,422.159170,1249.673469,100.000000,100.000000,50.000000,50.000000,780,680,0.703704,310.000000,0.000000,50.000000,2.000100,2.000071
0,0.000014,0.703704,0.700000,0.285966,0.418930,422.159170,1249.673469,100.000000,100.000000,50.000000,50.000000,780,150,0.703704,310.000000,0.000000,50.000000,2.000100,2.000071
0,0.000014,0.703704,0.700000,0.285966,0.418930,422.159170,1249.673469,100.000000,100.000000,50.000000,50.000000,780,90,0.703704,310.000000,0.000000,50.000000,2.000100,2.000071
0,-0.000009,0.066667,0.047619,0.223725,1.213728,749.638889,974.953125,68.693300,87.287409,34.346650,43.643705,1060,190,0.066667,410.000000,0.000000,30.000000,1.373900,1.746569
0,0.000000,0.200000,0.200000,0.294694,0.418930,265.263158,1249.673469,84.868421,100.000000,42.434211,50.000000,480,10,0.200000,270.000000,0.000000,40.000000,1.697727,2.000071
0,0.000014,0.703704,0.700000,0.285966,0.418930,422.159170,1249.673469,100.000000,100.000000,50.000000,50.000000,580,150,0.703704,310.000000,0.000000,50.000000,2.000100,2.000071
0,0.000014,0.703704,0.700000,0.285966,0.418930,422.159170,1249.673469,100.000000,100.000000,50.000000,50.000000,440,90,0.703704,310.000000,0.000000,50.000000,2.000100,2.000071
0,0.000014,0.703704,0.700000,0.285966,0.418930,422.159170,1249.673469,100.000000,100.000000,50.000000,50.000000,440,150,0.703704,310.000000,0.000000,50.000000,2.000100,2.000071
0,0.000000,0.200000,0.200000,0.294694,0.418930,265.263158,1249.673469,84.868421,100.000000,42.434211,50.000000,820,10,0.200000,270.000000,0.000000,40.000000,1.697727,2.000071
0,0.000000,0.166667,0.166667,0.367095,0.379498,1306.080000,1767.040000,92.440400,92.543374,46.220200,46.271687,1720,280,0.166667,230.000000,0.000000,45.000000,1.848860,1.850908
0,0.000000,0.166667,0.166667,0.367095,0.379498,1306.080000,1767.040000,92.440400,92.543374,46.220200,46.271687,760,280,0.166667,230.000000,0.000000,45.000000,1.848860,1.850908
0,-0.000006,0.250000,0.062500,10.537162,0.024035,1586.962963,122.222222,81.282492,42.720640,40.641246,21.360320,1280,1180,0.250000,950.000000,0.000000,40.000000,1.673952,0.000000
0,0.000000,0.250000,0.250000,0.593562,0.228666,2352.000000,1008.000000,89.199558,39.970220,44.599779,19.985110,1040,640,0.250000,130.000000,0.000000,40.000000,1.784066,0.000000
0,0.000000,0.500000,0.500000,0.204900,0.249110,662.250000,972.000000,39.994208,39.377440,19.997104,19.688720,1230,10,0.500000,240.000000,0.000000,15.000000,0.799916,0.000000
0,0.000000,0.846154,1.000000,0.021671,0.000000,122.694637,0.000000,58.113893,0.000000,29.056946,0.000000,1070,10,1.000000,1160.000000,0.000000,25.000000,1.162281,0.000000
0,0.000000,0.250000,0.250000,0.593562,0.228666,2352.000000,1008.000000,89.199558,39.970220,44.599779,19.985110,2100,640,0.250000,130.000000,0.000000,40.000000,1.784066,0.000000
0,-0.000006,0.285714,0.062500,0.052888,0.024035,337.750000,122.222222,48.113670,42.720640,24.056835,21.360320,970,10,0.285714,1160.000000,0.000000,20.000000,0.962278,0.000000
0,-0.000078,0.076923,0.129032,0.127822,0.141341,119.757500,570.964286,90.632549,40.010126,45.316275,20.005063,1180,540,0.307692,1050.000000,0.000000,45.000000,1.812742,0.000000
0,-0.000491,0.400000,0.285714,0.682467,0.116424,1045.777778,600.000000,79.999990,41.418064,39.999995,20.709032,670,600,0.400000,500.000000,0.000000,35.000000,1.600709,0.000000
0,0.000000,0.846154,1.000000,0.021671,0.000000,122.694637,0.000000,58.113893,0.000000,29.056946,0.000000,1020,10,1.000000,1160.000000,0.000000,25.000000,1.162281,0.000000
0,0.000000,0.250000,0.250000,0.593562,0.228666,2352.000000,1008.000000,89.199558,39.970220,44.599779,19.985110,2050,640,0.250000,130.000000,0.000000,40.000000,1.784066,0.000000
0,0.000000,0.750000,1.000000,0.085331,0.000000,131.190083,0.000000,66.772360,0.000000,33.386180,0.000000,60,10,1.000000,2170.000000,0.000000,30.000000,1.335480,0.000000
0,-0.000491,0.400000,0.285714,0.682467,0.116424,1045.777778,600.000000,79.999990,41.418064,39.999995,20.709032,1680,600,0.400000,500.000000,0.000000,35.000000,1.600709,0.000000
0,-0.000491,0.400000,0.285714,0.682467,0.116424,1045.777778,600.000000,79.999990,41.418064,39.999995,20.709032,1730,600,0.400000,500.000000,0.000000,35.000000,1.600709,0.000000
0,-0.000078,0.307692,0.129032,0.131644,0.141341,112.720000,570.964286,78.266889,40.010126,39.133444,20.005063,540,120,0.307692,1050.000000,0.000000,35.000000,1.565432,0.000000
0,-0.000078,0.076923,0.129032,0.127822,0.141341,119.757500,570.964286,90.632549,40.010126,45.316275,20.005063,1130,540,0.307692,1050.000000,0.000000,45.000000,1.812742,0.000000
0,-0.000006,0.250000,0.062500,10.537162,0.024035,1586.962963,122.222222,81.282492,42.720640,40.641246,21.360320,1230,1180,0.250000,950.000000,0.000000,40.000000,1.673952,0.000000
0,-0.000181,0.500000,0.625000,0.001916,0.111185,43.000000,501.187500,34.908181,40.650274,17.454091,20.325137,80,10,0.833333,750.000000,0.000000,15.000000,0.698164,0.000000
0,0.000000,0.125000,0.125000,0.196503,0.002638,132.000000,20.000000,53.319532,41.878101,26.659766,20.939050,610,110,0.125000,220.000000,0.000000,25.000000,1.066554,0.000000
0,-0.000154,0.200000,0.090909,0.428757,0.018336,145.000000,96.266667,79.764402,49.504617,39.882201,24.752309,950,410,0.375000,660.000000,0.000000,35.000000,1.596346,0.000000
0,-0.000140,0.230769,0.090909,1.527512,0.018336,343.777778,96.266667,88.841740,49.504617,44.420870,24.752309,1460,90,0.230769,310.000000,0.000000,40.000000,1.781947,0.000000
0,0.000000,1.000000,1.000000,0.005988,0.002717,44.440000,11.111111,62.780287,39.738720,31.390143,19.869360,240,10,1.000000,160.000000,0.000000,30.000000,1.255607,0.000000
0,0.000000,1.000000,1.000000,0.005988,0.002717,44.440000,11.111111,62.780287,39.738720,31.390143,19.869360,910,10,1.000000,160.000000,0.000000,30.000000,1.255607,0.000000
0,0.000000,1.000000,1.000000,2.047542,0.000000,435.555556,0.000000,78.745015,0.000000,39.372508,0.000000,760,90,1.000000,310.000000,0.000000,35.000000,1.580717,0.000000
0,0.000000,0.250000,0.250000,0.368969,0.172816,314.183673,853.453125,73.214884,39.317922,36.607442,19.658961,1270,590,0.250000,240.000000,0.000000,35.000000,1.465928,0.000000
0,-0.000140,0.230769,0.090909,1.527512,0.018336,343.777778,96.266667,88.841740,49.504617,44.420870,24.752309,1300,90,0.230769,310.000000,0.000000,40.000000,1.781947,0.000000
0,-0.000154,0.200000,0.090909,0.428757,0.018336,145.000000,96.266667,79.764402,49.504617,39.882201,24.752309,1110,410,0.375000,660.000000,0.000000,35.000000,1.596346,0.000000
0,0.000000,0.125000,0.125000,1.336882,0.144759,700.625000,680.625000,79.308044,40.890576,39.654022,20.445288,1090,710,0.125000,120.000000,0.000000,35.000000,1.587465,0.000000
0,0.003006,0.250000,0.666667,0.378780,0.148513,1045.830450,900.000000,89.275214,39.188335,44.637607,19.594167,720,690,0.666667,340.000000,0.000000,40.000000,1.785603,0.000000
0,0.000000,1.000000,1.000000,19.754082,0.000000,2400.000000,0.000000,88.440676,0.000000,44.220338,0.000000,1300,290,1.000000,770.000000,0.000000,40.000000,1.853734,0.000000
0,-0.000102,0.181818,0.111111,0.342475,0.083573,1707.750000,528.285714,88.503749,38.962668,44.251875,19.481334,1090,650,0.400000,410.000000,0.000000,40.000000,1.770110,0.000000
0,0.000000,1.000000,1.000000,0.103818,0.000000,168.142857,0.000000,61.481236,0.000000,30.740618,0.000000,30,10,1.000000,2040.000000,0.000000,30.000000,1.229848,0.000000
0,0.000000,1.000000,1.000000,19.754082,0.000000,2400.000000,0.000000,88.440676,0.000000,44.220338,0.000000,1280,290,1.000000,770.000000,0.000000,40.000000,1.853734,0.000000
0,-0.000102,0.181818,0.111111,0.342475,0.083573,1707.750000,528.285714,88.503749,38.962668,44.251875,19.481334,1640,1090,0.400000,410.000000,0.000000,40.000000,1.770110,0.000000
0,0.003006,0.250000,0.666667,0.378780,0.148513,1045.830450,900.000000,89.275214,39.188335,44.637607,19.594167,1890,690,0.666667,340.000000,0.000000,40.000000,1.785603,0.000000
0,-0.000114,1.000000,0.555556,0.934747,2.258714,163.960000,12835.555556,91.277950,49.587442,45.638975,24.793721,1310,10,1.000000,740.000000,0.000000,45.000000,1.829304,0.000000
0,0.003006,0.250000,0.666667,0.378780,0.148513,1045.830450,900.000000,89.275214,39.188335,44.637607,19.594167,1710,690,0.666667,340.000000,0.000000,40.000000,1.785603,0.000000
0,0.000000,1.000000,1.000000,0.103818,0.000000,168.142857,0.000000,61.481236,0.000000,30.740618,0.000000,190,10,1.000000,2040.000000,0.000000,30.000000,1.229848,0.000000
0,-0.000114,1.000000,0.555556,0.934747,2.258714,163.960000,12835.555556,91.277950,49.587442,45.638975,24.793721,320,10,1.000000,740.000000,0.000000,45.000000,1.829304,0.000000
0,0.000000,0.111111,0.111111,0.608632,2.407227,418.140000,13735.555556,75.275608,88.775776,37.637804,44.387888,890,610,0.111111,140.000000,0.000000,35.000000,1.508042,1.775727
0,-0.000102,0.181818,0.111111,0.342475,0.083573,1707.750000,528.285714,88.503749,38.962668,44.251875,19.481334,1660,1090,0.400000,410.000000,0.000000,40.000000,1.770110,0.000000
0,0.000000,1.000000,1.000000,19.754082,0.000000,2400.000000,0.000000,88.440676,0.000000,44.220338,0.000000,1460,290,1.000000,770.000000,0.000000,40.000000,1.853734,0.000000
0,-0.000114,1.000000,0.555556,0.934747,2.258714,163.960000,12835.555556,91.277950,49.587442,45.638975,24.793721,1330,10,1.000000,740.000000,0.000000,45.000000,1.829304,0.000000
0,0.000000,1.000000,1.000000,0.509630,0.000000,288.000000,0.000000,59.738939,0.000000,29.869469,0.000000,180,20,1.000000,2050.000000,0.000000,25.000000,1.195462,0.000000
0,-0.000114,1.000000,0.555556,0.934747,2.258714,163.960000,12835.555556,91.277950,49.587442,45.638975,24.793721,1490,10,1.000000,740.000000,0.000000,45.000000,1.829304,0.000000
0,0.003006,0.250000,0.666667,0.378780,0.148513,1045.830450,900.000000,89.275214,39.188335,44.637607,19.594167,1730,690,0.666667,340.000000,0.000000,40.000000,1.785603,0.000000
0,-0.000102,0.181818,0.111111,0.342475,0.083573,1707.750000,528.285714,88.503749,38.962668,44.251875,19.481334,1820,1090,0.400000,410.000000,0.000000,40.000000,1.770110,0.000000
0,0.000486,0.666667,0.625000,0.054604,0.714906,198.250000,131.437500,59.724580,73.671915,29.862290,36.835957,950,10,0.666667,550.000000,0.000000,25.000000,1.194500,1.476055
0,0.000000,1.000000,1.000000,2.223875,0.000000,985.000000,0.000000,68.993642,0.000000,34.496821,0.000000,750,10,1.000000,620.000000,0.000000,30.000000,1.382813,0.000000
0,0.000000,1.000000,1.000000,1.529172,0.000000,1265.625000,0.000000,95.000000,0.000000,47.500000,0.000000,150,10,1.000000,480.000000,0.000000,45.000000,1.902338,0.000000
0,0.000000,1.000000,1.000000,1.529172,0.000000,1265.625000,0.000000,95.000000,0.000000,47.500000,0.000000,890,10,1.000000,480.000000,0.000000,45.000000,1.902338,0.000000
0,0.000833,0.625000,0.666667,0.301369,0.018020,727.591837,84.500000,86.624800,50.000000,43.312400,25.000000,2000,1840,0.666667,130.000000,0.000000,40.000000,1.732647,0.000000
0,-0.000126,0.200000,0.142857,2.159380,0.223477,6877.500000,994.674556,83.147221,50.000000,41.573610,25.000000,920,110,0.200000,550.000000,0.000000,40.000000,1.663284,0.000000
0,-0.000651,0.227273,0.095238,0.663456,0.270135,1914.977851,1202.674556,100.000000,99.428404,50.000000,49.714202,1630,1370,0.227273,270.000000,0.000000,50.000000,2.000259,1.988598
0,0.000833,0.625000,0.666667,0.301369,0.018020,727.591837,84.500000,86.624800,50.000000,43.312400,25.000000,1840,500,0.666667,130.000000,0.000000,40.000000,1.732647,0.000000
0,-0.000651,0.227273,0.095238,0.663456,0.270135,1914.977851,1202.674556,100.000000,99.428404,50.000000,49.714202,1630,1200,0.227273,270.000000,0.000000,50.000000,2.000259,1.988598
0,-0.000651,0.227273,0.095238,0.663456,0.270135,1914.977851,1202.674556,100.000000,99.428404,50.000000,49.714202,1630,1200,0.227273,270.000000,0.000000,50.000000,2.000259,1.988598
0,-0.000651,0.227273,0.095238,0.663456,0.270135,1914.977851,1202.674556,100.000000,99.428404,50.000000,49.714202,1630,1370,0.227273,270.000000,0.000000,50.000000,2.000259,1.988598
0,-0.000651,0.227273,0.095238,0.663456,0.270135,1914.977851,1202.674556,100.000000,99.428404,50.000000,49.714202,1630,480,0.227273,270.000000,0.000000,50.000000,2.000259,1.988598
0,-0.000126,0.200000,0.142857,2.159380,0.223477,6877.500000,994.674556,83.147221,50.000000,41.573610,25.000000,1090,110,0.200000,550.000000,0.000000,40.000000,1.663284,0.000000
0,-0.000126,0.200000,0.142857,140.712794,0.223477,5588.280000,994.674556,88.749300,50.000000,44.374650,25.000000,230,140,0.200000,520.000000,0.000000,40.000000,3.592755,0.000000
0,-0.000651,0.227273,0.095238,0.663456,0.270135,1914.977851,1202.674556,100.000000,99.428404,50.000000,49.714202,1630,480,0.227273,270.000000,0.000000,50.000000,2.000259,1.988598
0,0.000047,0.111111,0.125000,0.283566,0.008157,339.555556,54.000000,56.796807,37.782184,28.398403,18.891092,540,110,0.125000,350.000000,0.000000,25.000000,1.136117,0.000000
0,0.000000,0.600000,0.600000,0.201929,0.018664,531.562500,121.500000,49.913204,40.432159,24.956602,20.216079,750,10,0.600000,140.000000,0.000000,20.000000,0.998305,0.000000
0,0.000000,0.100000,0.100000,0.262905,0.213123,711.000000,1121.500000,51.244232,80.530515,25.622116,40.265258,1200,10,0.100000,140.000000,0.000000,25.000000,1.024935,1.610631
0,-0.000045,0.461538,0.428571,2.187469,0.194459,905.625000,1000.000000,74.316102,40.098356,37.158051,20.049178,1090,640,0.461538,250.000000,0.000000,35.000000,1.489252,0.000000
0,-0.000028,0.090909,0.066667,0.210502,0.124844,521.739229,674.333333,79.478923,40.433097,39.739462,20.216549,1270,520,0.090909,370.000000,0.000000,35.000000,1.589621,0.000000
0,0.000000,0.687500,0.687500,0.008190,0.095311,84.698272,425.000000,59.418078,50.000000,29.709039,25.000000,1480,10,0.687500,270.000000,0.000000,25.000000,1.188362,0.000000
0,-0.001600,0.600000,0.500000,3.126082,1.559343,1247.000000,1100.000000,69.880722,36.543806,34.940361,18.271903,370,10,0.600000,560.000000,0.000000,30.000000,1.401745,0.000000
0,0.000000,0.687500,0.687500,0.002138,0.020807,39.160494,116.640000,49.258128,41.010107,24.629064,20.505053,1660,10,0.687500,270.000000,0.000000,20.000000,0.985163,0.000000
0,0.000000,0.687500,0.687500,0.008190,0.095311,84.698272,425.000000,59.418078,50.000000,29.709039,25.000000,1640,10,0.687500,270.000000,0.000000,25.000000,1.188362,0.000000
0,0.000000,0.062500,0.062500,0.101348,0.116110,807.858272,528.285714,47.338948,40.606156,23.669474,20.303078,1340,10,0.062500,270.000000,0.000000,20.000000,0.946785,0.000000
0,-0.000264,0.200000,0.133333,0.433175,0.718950,3616.938272,3123.250000,47.235988,39.325738,23.617994,19.662869,680,10,0.200000,270.000000,0.000000,20.000000,0.944746,0.000000
0,-0.000093,0.100000,0.090909,1.298360,0.003875,79.938272,35.437500,69.452483,41.229628,34.726241,20.614814,1410,120,0.100000,160.000000,0.000000,30.000000,1.402335,0.000000
0,-0.000050,0.500000,0.428571,0.001697,0.027935,32.938272,121.500000,25.334437,42.629969,12.667219,21.314984,30,10,0.500000,270.000000,0.000000,10.000000,0.506689,0.000000
0,0.000000,0.142857,0.142857,6.425527,1.039280,988.000000,3811.500000,75.214541,38.435768,37.607271,19.217884,800,530,0.142857,190.000000,0.000000,35.000000,1.525500,0.000000
0,-0.000164,0.833333,0.714286,0.258755,0.012326,66.375000,50.000000,83.688357,40.872516,41.844178,20.436258,810,280,0.833333,440.000000,0.000000,40.000000,1.674788,0.000000
0,-0.000091,1.000000,0.285714,0.154199,0.612567,203.795556,390.027701,74.972357,39.085222,37.486178,19.542611,1180,110,1.000000,610.000000,0.000000,35.000000,1.499562,0.000000
0,0.000000,0.166667,0.166667,1.880699,0.172457,261.000000,600.000000,73.421835,39.288145,36.710918,19.644073,620,500,0.166667,220.000000,0.000000,35.000000,1.475620,0.000000
0,0.000000,0.142857,0.142857,0.009757,0.006446,27.111111,20.000000,81.836551,39.766741,40.918276,19.883370,500,130,0.142857,220.000000,0.000000,40.000000,1.636733,0.000000
0,0.000000,0.166667,0.166667,0.002512,0.009816,52.000000,36.000000,42.544581,39.580601,21.272290,19.790301,540,10,0.166667,180.000000,0.000000,20.000000,0.850892,0.000000
0,-0.000003,0.071429,0.062500,0.071211,0.283267,248.590028,1187.500000,86.148226,87.624467,43.074113,43.812234,650,510,0.071429,480.000000,0.000000,40.000000,1.722975,1.752523
0,-0.000098,0.052632,0.166667,2.671557,0.116233,1225.172500,531.406250,78.100968,91.900164,39.050484,45.950082,790,110,0.272727,1020.000000,0.000000,35.000000,1.566995,1.838016
0,-0.000008,0.047619,0.026316,4.383285,0.172675,832.048889,790.027701,91.142086,89.809868,45.571043,44.904934,960,260,0.047619,850.000000,0.000000,45.000000,1.835097,1.796216
0,-0.000998,0.909091,0.833333,4.381244,0.102185,818.899798,482.571429,91.781942,90.591935,45.890971,45.295968,720,260,1.000000,850.000000,0.000000,45.000000,1.847894,1.811850
0,0.000000,0.428571,0.428571,0.584168,3.850526,1595.277344,1600.000000,88.038919,85.973103,44.019459,42.986551,970,850,0.428571,140.000000,0.000000,40.000000,1.761040,1.725372
0,-0.000008,0.047619,0.026316,2.112551,0.172675,684.795556,790.027701,85.945937,89.809868,42.972969,44.904934,920,240,0.047619,890.000000,0.000000,40.000000,1.722417,1.796216
0,-0.000003,0.071429,0.062500,0.071211,0.283267,248.590028,1187.500000,86.148226,87.624467,43.074113,43.812234,650,630,0.071429,480.000000,0.000000,40.000000,1.722975,1.752523
0,-0.000098,0.272727,0.166667,4.381727,0.116233,813.368889,531.406250,92.369518,91.900164,46.184759,45.950082,960,260,0.272727,850.000000,0.000000,45.000000,1.859646,1.838016
0,0.000000,0.200000,0.200000,0.343583,0.100009,2756.277344,447.320000,88.703284,90.177335,44.351642,45.088668,1060,850,0.200000,140.000000,0.000000,40.000000,1.774087,1.803558
0,0.000000,0.428571,0.428571,0.584168,3.850526,1595.277344,1600.000000,88.038919,85.973103,44.019459,42.986551,850,850,0.428571,140.000000,0.000000,40.000000,1.761040,1.725372
0,0.000000,0.428571,0.428571,0.584168,3.850526,1595.277344,1600.000000,88.038919,85.973103,44.019459,42.986551,990,850,0.428571,140.000000,0.000000,40.000000,1.761040,1.725372
0,-0.000003,0.071429,0.062500,0.071211,0.283267,248.590028,1187.500000,86.148226,87.624467,43.074113,43.812234,650,650,0.071429,480.000000,0.000000,40.000000,1.722975,1.752523
0,0.000000,0.200000,0.200000,0.343583,0.100009,2756.277344,447.320000,88.703284,90.177335,44.351642,45.088668,1060,970,0.200000,140.000000,0.000000,40.000000,1.774087,1.803558
0,-0.000998,0.538462,0.833333,0.018319,0.102185,69.326531,482.571429,52.512259,90.591935,26.256130,45.295968,250,10,1.000000,1320.000000,0.000000,25.000000,1.050249,1.811850
0,-0.000098,0.052632,0.166667,1.175209,0.116233,1506.310617,531.406250,81.785815,91.900164,40.892907,45.950082,890,70,0.272727,920.000000,0.000000,40.000000,1.636255,1.838016
0,0.000000,0.200000,0.200000,0.343583,0.100009,2756.277344,447.320000,88.703284,90.177335,44.351642,45.088668,1190,1060,0.200000,140.000000,0.000000,40.000000,1.774087,1.803558
0,-0.000003,0.071429,0.062500,0.071211,0.283267,248.590028,1187.500000,86.148226,87.624467,43.074113,43.812234,850,650,0.071429,480.000000,0.000000,40.000000,1.722975,1.752523
0,-0.000008,0.047619,0.026316,2.112551,0.172675,684.795556,790.027701,85.945937,89.809868,42.972969,44.904934,920,100,0.047619,890.000000,0.000000,40.000000,1.722417,1.796216
0,0.000000,0.428571,0.428571,0.584168,3.850526,1595.277344,1600.000000,88.038919,85.973103,44.019459,42.986551,1190,850,0.428571,140.000000,0.000000,40.000000,1.761040,1.725372
0,0.000000,0.071429,0.071429,0.436329,3.777872,462.515625,1282.571429,78.351610,76.565038,39.175805,38.282519,1430,850,0.071429,140.000000,0.000000,35.000000,1.567284,1.537202
0,-0.000098,0.076923,0.166667,0.260168,0.116233,518.000000,531.406250,52.943485,91.900164,26.471742,45.950082,490,10,0.272727,1320.000000,0.000000,25.000000,1.058939,1.838016
0,-0.000998,0.055556,0.833333,0.021200,0.102185,149.684807,482.571429,87.241967,90.591935,43.620983,45.295968,590,10,1.000000,980.000000,0.000000,40.000000,1.744843,1.811850
0,0.000000,0.200000,0.200000,0.343583,0.100009,2756.277344,447.320000,88.703284,90.177335,44.351642,45.088668,1060,990,0.200000,140.000000,0.000000,40.000000,1.774087,1.803558
0,-0.000998,0.062500,0.833333,0.022114,0.102185,106.837691,482.571429,65.006090,90.591935,32.503045,45.295968,450,10,1.000000,1120.000000,0.000000,30.000000,1.300125,1.811850
0,-0.000008,0.047619,0.026316,2.112551,0.172675,684.795556,790.027701,85.945937,89.809868,42.972969,44.904934,920,440,0.047619,890.000000,0.000000,40.000000,1.722417,1.796216
0,-0.001520,0.400000,0.333333,0.592164,0.141440,1662.500000,441.000000,75.208935,39.445391,37.604467,19.722696,1170,230,0.500000,550.000000,0.000000,35.000000,1.504284,0.000000
0,0.000000,0.500000,0.500000,0.044040,0.021839,150.380000,121.500000,65.444984,41.765335,32.722492,20.882668,230,10,0.500000,160.000000,0.000000,30.000000,1.308908,0.000000
0,0.000000,0.666667,0.666667,0.058694,0.074513,194.895625,425.000000,76.475374,50.000000,38.237687,25.000000,1680,10,0.666667,160.000000,0.000000,35.000000,1.529518,0.000000
0,0.000000,0.090909,0.090909,0.006109,0.003029,64.317500,35.437500,67.170451,41.408194,33.585226,20.704097,1500,10,0.090909,160.000000,0.000000,30.000000,1.343410,0.000000
0,-0.000062,0.166667,0.125000,0.022087,0.096352,106.213018,546.500000,50.039601,91.765335,25.019800,45.882668,1460,10,0.166667,380.000000,0.000000,25.000000,1.000795,1.835315
0,0.000000,0.055556,0.055556,0.183047,0.060473,557.165714,358.518519,66.990518,40.979645,33.495259,20.489822,1540,10,0.055556,160.000000,0.000000,30.000000,1.339842,0.000000
0,0.000000,0.125000,0.125000,3.569213,0.068397,1416.991111,300.000000,62.945083,38.234938,31.472541,19.117469,880,10,0.125000,160.000000,0.000000,30.000000,1.263490,0.000000
0,0.000000,0.666667,0.666667,0.058694,0.074513,194.895625,425.000000,76.475374,50.000000,38.237687,25.000000,1840,10,0.666667,160.000000,0.000000,35.000000,1.529518,0.000000
0,0.000000,0.666667,0.666667,0.006777,0.016267,52.979174,116.640000,67.429273,41.100766,33.714636,20.550383,1860,10,0.666667,160.000000,0.000000,30.000000,1.348586,0.000000
0,-0.000040,0.200000,0.062500,0.006986,0.084664,118.000000,416.640000,51.665439,79.335704,25.832720,39.667852,990,10,0.200000,1030.000000,0.000000,25.000000,1.033309,1.586723
0,-0.000062,0.166667,0.125000,0.022087,0.096352,106.213018,546.500000,50.039601,91.765335,25.019800,45.882668,1620,10,0.166667,380.000000,0.000000,25.000000,1.000795,1.835315
0,-0.000062,0.166667,0.125000,0.007161,0.038106,52.734694,238.140000,38.950163,82.866101,19.475082,41.433050,1640,10,0.166667,380.000000,0.000000,15.000000,0.779004,1.657325
0,0.003234,0.142857,0.636364,0.262184,0.015233,755.333333,64.000000,91.116379,39.162558,45.558189,19.581279,1140,700,0.636364,180.000000,0.000000,45.000000,1.822373,0.000000
0,0.001350,0.066667,0.272727,0.512929,0.229405,1598.721088,1029.000000,100.000000,50.000000,50.000000,25.000000,1090,240,0.272727,180.000000,0.000000,50.000000,2.000083,0.000000
0,0.000000,1.000000,1.000000,0.049691,0.000000,160.400000,0.000000,46.257018,0.000000,23.128509,0.000000,470,10,1.000000,410.000000,0.000000,20.000000,0.925149,0.000000
0,0.001350,0.066667,0.272727,0.512929,0.229405,1598.721088,1029.000000,100.000000,50.000000,50.000000,25.000000,2050,700,0.272727,180.000000,0.000000,50.000000,2.000083,0.000000
0,0.001350,0.066667,0.272727,0.512929,0.229405,1598.721088,1029.000000,100.000000,50.000000,50.000000,25.000000,2050,240,0.272727,180.000000,0.000000,50.000000,2.000083,0.000000
0,0.001350,0.066667,0.272727,0.512929,0.229405,1598.721088,1029.000000,100.000000,50.000000,50.000000,25.000000,1090,700,0.272727,180.000000,0.000000,50.000000,2.000083,0.000000
0,0.003234,0.142857,0.636364,0.262184,0.015233,755.333333,64.000000,91.116379,39.162558,45.558189,19.581279,1140,240,0.636364,180.000000,0.000000,45.000000,1.822373,0.000000
0,0.000344,0.500000,0.750000,0.179782,0.082343,627.000000,500.000000,55.859331,40.148578,27.929665,20.074289,1010,30,0.750000,250.000000,0.000000,25.000000,1.117212,0.000000
0,0.000022,0.090909,0.090909,1.402529,0.072108,1394.916667,466.312500,85.319185,89.843607,42.659593,44.921803,720,660,0.090909,170.000000,0.000000,40.000000,1.708655,1.796878
0,0.000022,0.090909,0.090909,1.402529,0.072108,1394.916667,466.312500,85.319185,89.843607,42.659593,44.921803,1440,660,0.090909,170.000000,0.000000,40.000000,1.708655,1.796878
0,0.000022,0.090909,0.090909,1.402529,0.072108,1394.916667,466.312500,85.319185,89.843607,42.659593,44.921803,1610,660,0.090909,170.000000,0.000000,40.000000,1.708655,1.796878
0,0.000000,0.500000,0.500000,0.068472,0.049164,372.398148,288.888889,80.931243,39.335473,40.465621,19.667736,1740,610,0.500000,140.000000,0.000000,40.000000,1.618631,0.000000
0,0.002823,0.571429,0.571429,0.059037,1.356633,297.000000,493.687500,91.104652,87.427953,45.552326,43.713977,2580,340,0.571429,440.000000,0.000000,45.000000,1.822102,1.750669
0,-0.000511,0.400000,0.166667,0.044093,0.169355,139.796875,1008.000000,81.782257,81.755885,40.891128,40.877943,960,330,0.400000,820.000000,0.000000,40.000000,1.635652,1.635132
0,0.002823,0.571429,0.571429,2.322674,1.356633,276.500000,493.687500,84.910864,87.427953,42.455432,43.713977,2480,1740,0.571429,540.000000,0.000000,40.000000,1.708750,1.750669
0,0.002823,0.571429,0.571429,2.322674,1.356633,276.500000,493.687500,84.910864,87.427953,42.455432,43.713977,2160,1740,0.571429,540.000000,0.000000,40.000000,1.708750,1.750669
0,0.000000,0.250000,0.250000,0.012979,0.004325,62.555556,20.000000,79.172795,39.976108,39.586398,19.988054,610,300,0.250000,140.000000,0.000000,35.000000,1.583457,0.000000
0,0.002823,0.571429,0.571429,0.059037,1.356633,297.000000,493.687500,91.104652,87.427953,45.552326,43.713977,2260,340,0.571429,440.000000,0.000000,45.000000,1.822102,1.750669
0,-0.000256,0.400000,0.083333,0.026491,0.030316,96.000000,204.400000,82.085002,80.540527,41.042501,40.270263,1240,330,0.400000,820.000000,0.000000,40.000000,1.641704,1.610813
0,0.000419,0.357143,0.142857,0.219285,0.192379,142.555556,1156.400000,81.267144,79.465520,40.633572,39.732760,1210,930,0.400000,850.000000,0.000000,40.000000,1.625713,1.589326
0,0.000000,0.142857,0.142857,0.139200,0.176769,884.703125,1053.500000,79.923181,77.918868,39.961591,38.959434,1540,1050,0.142857,240.000000,0.000000,35.000000,1.598475,1.558392
0,-0.000064,0.166667,0.142857,6.515574,0.382200,1217.000000,1308.000000,68.414728,76.780131,34.207364,38.390065,800,650,0.166667,290.000000,0.000000,30.000000,1.389521,1.535659
0,-0.000193,0.142857,0.111111,6.425899,0.098804,983.111111,320.000000,72.351841,79.483725,36.175921,39.741863,800,160,0.142857,290.000000,0.000000,35.000000,1.468246,1.589690
0,-0.000522,0.200000,0.062500,0.005745,0.193876,101.555556,725.000000,60.000197,89.502274,30.000098,44.751137,810,10,0.200000,1080.000000,0.000000,30.000000,1.200004,1.790072
0,-0.000522,0.200000,0.062500,0.005745,0.193876,101.555556,725.000000,60.000197,89.502274,30.000098,44.751137,970,10,0.200000,1080.000000,0.000000,30.000000,1.200004,1.790072
0,0.000000,0.166667,0.166667,0.196038,0.108524,1008.000000,355.555556,34.348075,77.219689,17.174037,38.609845,810,10,0.166667,280.000000,0.000000,15.000000,0.686981,1.544410
0,0.000010,0.090909,0.111111,0.033679,4.388773,128.040000,832.000000,78.525529,33.821076,39.262765,16.910538,1090,650,0.125000,640.000000,0.000000,35.000000,1.570515,0.000000
0,-0.000017,0.076923,0.055556,0.035155,4.414793,124.750000,963.406250,78.288339,75.287222,39.144169,37.643611,1330,650,0.076923,640.000000,0.000000,35.000000,1.565772,1.517322
0,0.000000,0.818182,0.818182,0.951668,2.919956,4639.388889,3213.223140,68.000000,48.148148,34.000000,24.074074,440,10,0.818182,180.000000,0.000000,30.000000,1.360098,0.000000
0,0.000000,0.636364,0.636364,0.010972,0.011667,70.138889,52.900000,58.570234,40.687611,29.285117,20.343806,1110,10,0.636364,180.000000,0.000000,25.000000,1.171406,0.000000
0,0.000000,0.818182,0.818182,0.951668,2.919956,4639.388889,3213.223140,68.000000,48.148148,34.000000,24.074074,910,10,0.818182,180.000000,0.000000,30.000000,1.360098,0.000000
0,0.000000,1.000000,1.000000,0.124490,0.129670,504.000000,756.250000,60.000000,50.000000,30.000000,25.000000,2070,10,1.000000,120.000000,0.000000,30.000000,1.200016,0.000000
0,0.000000,1.000000,1.000000,0.124490,0.129670,504.000000,756.250000,60.000000,50.000000,30.000000,25.000000,2070,10,1.000000,120.000000,0.000000,30.000000,1.200016,0.000000
0,0.000059,0.333333,0.500000,0.350686,0.020908,345.250000,131.406250,69.294578,41.102047,34.647289,20.551023,370,130,0.500000,1660.000000,0.000000,30.000000,1.386304,0.000000
0,-0.000106,0.200000,0.461538,0.195745,0.009135,1623.515625,47.320000,79.015975,40.141556,39.507987,20.070778,1430,1060,0.500000,360.000000,0.000000,35.000000,1.580331,0.000000
0,-0.000089,0.333333,0.233333,0.242975,0.034098,152.250000,219.146722,75.254869,41.497688,37.627434,20.748844,370,130,0.333333,1660.000000,0.000000,35.000000,1.505481,0.000000
0,-0.000033,0.100000,0.076923,0.200488,0.030043,1652.406250,178.726250,77.163690,81.243603,38.581845,40.621802,1670,1060,0.100000,360.000000,0.000000,35.000000,1.543286,1.624875
0,0.000000,0.111111,0.111111,0.010240,0.125309,62.632500,647.320000,48.843143,78.215155,24.421572,39.107577,1230,10,0.111111,190.000000,0.000000,20.000000,0.976864,1.564315
0,0.000000,0.888889,0.888889,0.012010,0.116174,97.883929,600.000000,49.037128,38.073598,24.518564,19.036799,1600,10,0.888889,190.000000,0.000000,20.000000,0.980743,0.000000
0,0.000000,0.111111,0.111111,0.023436,0.137082,146.718750,731.406250,49.953293,79.175645,24.976647,39.587823,1840,10,0.111111,190.000000,0.000000,20.000000,0.999068,1.583526
0,-0.000895,0.666667,0.400000,0.184623,15.459060,847.312500,104080.000000,43.321629,79.657444,21.660815,39.828722,560,10,0.666667,580.000000,0.000000,20.000000,0.866453,1.594297
0,0.000000,0.166667,0.166667,0.092340,0.004571,42.888889,53.888889,84.421899,90.000000,42.210950,45.000000,450,150,0.166667,360.000000,0.000000,40.000000,1.688591,1.800000
0,-0.000020,0.500000,0.166667,0.041179,0.004571,218.500000,53.888889,50.121988,90.000000,25.060994,45.000000,1790,10,0.500000,800.000000,0.000000,25.000000,1.002444,1.800000
0,0.000000,1.000000,1.000000,1.945322,0.420456,2009.555556,2449.440000,81.885903,50.000000,40.942952,25.000000,1860,140,1.000000,110.000000,0.000000,40.000000,1.638663,0.000000
0,0.000000,0.142857,0.142857,0.420087,0.147539,1595.111111,766.640000,78.367477,38.786843,39.183739,19.393421,1220,90,0.142857,160.000000,0.000000,35.000000,1.567405,0.000000
0,0.000000,1.000000,1.000000,1.945322,0.420456,2009.555556,2449.440000,81.885903,50.000000,40.942952,25.000000,970,140,1.000000,110.000000,0.000000,40.000000,1.638663,0.000000
0,0.000000,0.222222,0.222222,21.384684,8.172102,118377.000000,45714.000000,79.772329,77.663943,39.886165,38.831971,1590,940,0.222222,150.000000,0.000000,35.000000,1.597378,1.554009
0,0.000000,1.000000,1.000000,1.945322,0.420456,2009.555556,2449.440000,81.885903,50.000000,40.942952,25.000000,1690,140,1.000000,110.000000,0.000000,40.000000,1.638663,0.000000
0,0.000000,1.000000,1.000000,0.200082,0.420456,701.194444,2449.440000,50.818043,50.000000,25.409021,25.000000,50,10,1.000000,240.000000,0.000000,25.000000,1.016390,0.000000
0,0.000000,0.142857,0.142857,1.210288,1.076367,5644.445312,6337.440000,89.873727,89.989959,44.936864,44.994980,1720,1520,0.142857,100.000000,0.000000,40.000000,1.797604,1.799891
0,0.000000,0.125000,0.125000,0.426102,0.417579,2018.444444,2469.440000,85.343691,89.712558,42.671845,44.856279,1710,1490,0.125000,110.000000,0.000000,40.000000,1.706919,1.794287
0,0.000000,0.125000,0.125000,0.426102,0.417579,2018.444444,2469.440000,85.343691,89.712558,42.671845,44.856279,1490,990,0.125000,110.000000,0.000000,40.000000,1.706919,1.794287
0,0.000000,0.142857,0.142857,1.210288,1.076367,5644.445312,6337.440000,89.873727,89.989959,44.936864,44.994980,1520,1000,0.142857,100.000000,0.000000,40.000000,1.797604,1.799891
0,0.000000,0.142857,0.142857,1.210288,1.076367,5644.445312,6337.440000,89.873727,89.989959,44.936864,44.994980,1890,1520,0.142857,100.000000,0.000000,40.000000,1.797604,1.799891
0,-0.000202,0.071429,0.058824,2.097265,0.561181,2702.444444,3216.080000,80.452874,89.268845,40.226437,44.634423,1690,1270,0.071429,130.000000,0.000000,40.000000,1.610019,1.785426
0,-0.000258,0.076923,0.058824,0.646396,0.561181,2497.052469,3216.080000,79.278919,89.268845,39.639459,44.634423,1220,130,0.076923,180.000000,0.000000,35.000000,1.585662,1.785426
0,0.000000,0.125000,0.125000,0.426102,0.417579,2018.444444,2469.440000,85.343691,89.712558,42.671845,44.856279,1490,200,0.125000,110.000000,0.000000,40.000000,1.706919,1.794287
0,-0.000202,0.071429,0.058824,2.097265,0.561181,2702.444444,3216.080000,80.452874,89.268845,40.226437,44.634423,1270,970,0.071429,130.000000,0.000000,40.000000,1.610019,1.785426
0,0.000000,0.142857,0.142857,1.210288,1.076367,5644.445312,6337.440000,89.873727,89.989959,44.936864,44.994980,1520,210,0.142857,100.000000,0.000000,40.000000,1.797604,1.799891
0,0.000000,0.125000,0.125000,0.426102,0.417579,2018.444444,2469.440000,85.343691,89.712558,42.671845,44.856279,1880,1490,0.125000,110.000000,0.000000,40.000000,1.706919,1.794287
0,-0.000202,0.071429,0.058824,2.097265,0.561181,2702.444444,3216.080000,80.452874,89.268845,40.226437,44.634423,1860,1270,0.071429,130.000000,0.000000,40.000000,1.610019,1.785426
0,0.000767,0.142857,0.500000,0.105725,0.051135,250.138889,391.355030,80.110774,49.041315,40.055387,24.520658,1660,470,0.500000,430.000000,0.000000,40.000000,1.602257,0.000000
0,0.000767,0.142857,0.500000,0.105725,0.051135,250.138889,391.355030,80.110774,49.041315,40.055387,24.520658,1820,470,0.500000,430.000000,0.000000,40.000000,1.602257,0.000000
0,-0.000698,0.600000,0.545455,0.020900,0.049424,152.000000,256.000000,58.333392,50.000000,29.166696,25.000000,970,10,0.600000,180.000000,0.000000,25.000000,1.166670,0.000000
0,-0.000233,0.200000,0.181818,0.052763,0.075967,291.857143,343.875556,49.252506,40.592665,24.626253,20.296332,1840,10,0.200000,180.000000,0.000000,20.000000,0.985055,0.000000
0,-0.000698,0.600000,0.545455,0.020900,0.049424,152.000000,256.000000,58.333392,50.000000,29.166696,25.000000,590,10,0.600000,180.000000,0.000000,25.000000,1.166670,0.000000
0,0.000000,0.600000,0.600000,9.855631,0.243025,1800.000000,1764.000000,87.500000,50.000000,43.750000,25.000000,750,10,0.600000,210.000000,0.000000,40.000000,1.777532,0.000000
0,0.000000,0.600000,0.600000,9.855631,0.243025,1800.000000,1764.000000,87.500000,50.000000,43.750000,25.000000,630,10,0.600000,210.000000,0.000000,40.000000,1.777532,0.000000
0,0.000000,0.600000,0.600000,9.855631,0.243025,1800.000000,1764.000000,87.500000,50.000000,43.750000,25.000000,640,10,0.600000,210.000000,0.000000,40.000000,1.777532,0.000000
0,0.000000,0.600000,0.600000,9.855631,0.243025,1800.000000,1764.000000,87.500000,50.000000,43.750000,25.000000,1340,10,0.600000,210.000000,0.000000,40.000000,1.777532,0.000000
0,0.000000,0.083333,0.083333,5.123225,0.709785,1447.320000,4096.000000,78.136467,39.197093,39.068234,19.598547,1390,1230,0.083333,130.000000,0.000000,35.000000,1.571869,0.000000
0,0.000000,0.600000,0.600000,9.855631,0.243025,1800.000000,1764.000000,87.500000,50.000000,43.750000,25.000000,810,10,0.600000,210.000000,0.000000,40.000000,1.777532,0.000000
0,0.000000,0.142857,0.142857,0.235245,0.142831,1024.000000,1008.000000,39.721288,39.995146,19.860644,19.997573,1030,10,0.142857,160.000000,0.000000,15.000000,0.794453,0.000000
0,0.000000,0.125000,0.125000,0.475636,0.179873,2373.333333,1365.333333,77.319198,39.786833,38.659599,19.893417,2900,1390,0.125000,100.000000,0.000000,35.000000,1.546432,0.000000
0,0.000000,0.142857,0.142857,0.045004,0.051808,250.000000,401.044922,41.009363,40.581407,20.504682,20.290704,1980,10,0.142857,160.000000,0.000000,20.000000,0.820192,0.000000
0,0.000000,0.285714,0.285714,0.004888,0.000000,36.000000,0.000000,39.998210,0.000000,19.999105,0.000000,540,10,0.285714,160.000000,0.000000,15.000000,0.799965,0.000000
0,0.000000,0.142857,0.142857,0.012789,0.007765,71.555556,55.555556,39.766311,39.995930,19.883155,19.997965,380,10,0.142857,160.000000,0.000000,15.000000,0.795328,0.000000
0,-0.000002,0.200000,0.125000,0.019174,0.103259,89.000000,1008.000000,75.432921,39.998631,37.716460,19.999316,590,100,0.200000,650.000000,0.000000,35.000000,1.508661,0.000000
0,-0.000017,0.133333,0.071429,0.252145,0.292894,972.382653,2688.533333,78.874287,49.392833,39.437144,24.696416,1090,340,0.133333,960.000000,0.000000,35.000000,1.577519,0.000000
0,-0.000006,0.142857,0.125000,1.310321,0.491064,5070.000000,4896.000000,50.338117,76.370126,25.169059,38.185063,1120,10,0.142857,300.000000,0.000000,25.000000,1.006932,1.527427
0,-0.000105,0.105263,0.100000,1.522447,0.094786,938.474320,860.444444,76.458157,38.076957,38.229079,19.038479,1860,1320,0.105263,190.000000,0.000000,35.000000,1.530606,0.000000
0,-0.000113,0.250000,0.263158,1.833980,0.408526,5412.518519,4096.000000,78.206226,39.824231,39.103113,19.912116,1690,1060,0.277778,360.000000,0.000000,35.000000,1.564619,0.000000
0,0.000022,0.800000,0.888889,0.335770,1.839384,407.000000,17602.222222,71.449758,50.000000,35.724879,25.000000,1050,10,0.888889,1310.000000,0.000000,35.000000,1.429160,0.000000
0,0.000039,0.062500,0.076923,1.439268,0.494829,5358.888889,4996.000000,78.219134,78.965019,39.109567,39.482509,1490,1060,0.076923,360.000000,0.000000,35.000000,1.564576,1.579325
0,0.000000,1.000000,1.000000,0.066452,0.082537,306.400000,800.000000,51.330418,36.545895,25.665209,18.272947,1750,10,1.000000,300.000000,0.000000,25.000000,1.026616,0.000000
0,0.000000,0.166667,0.166667,0.003843,0.003412,56.000000,36.000000,40.019278,37.531934,20.009639,18.765967,640,10,0.166667,110.000000,0.000000,20.000000,0.800386,0.000000
0,-0.000017,0.095238,0.071429,251.504679,0.292894,13363.841270,2688.533333,75.945002,49.392833,37.972501,24.696416,1480,260,0.095238,570.000000,0.000000,35.000000,3.958295,0.000000
0,-0.000006,0.166667,0.125000,0.002717,0.005614,47.111111,55.555556,39.763006,39.998852,19.881503,19.999426,170,10,0.166667,580.000000,0.000000,15.000000,0.795260,0.000000
0,0.000000,0.035714,0.035714,0.088840,0.049846,405.834320,512.000000,83.451138,39.713003,41.725569,19.856501,2000,1860,0.035714,190.000000,0.000000,40.000000,1.669032,0.000000
0,0.000000,0.500000,0.500000,0.020447,0.057388,198.834320,500.000000,41.999949,37.947196,20.999975,18.973598,1910,10,0.500000,140.000000,0.000000,20.000000,0.840000,0.000000
0,0.000008,0.285714,0.333333,0.099614,0.049846,582.075397,512.000000,76.822867,39.713003,38.411433,19.856501,1550,110,0.333333,640.000000,0.000000,35.000000,1.536466,0.000000
0,0.000506,0.437500,0.538462,0.369260,0.086303,483.808390,900.000000,78.285061,39.140787,39.142530,19.570394,1360,1160,0.538462,690.000000,0.000000,35.000000,1.566214,0.000000
0,-0.000019,0.428571,0.375000,0.074547,0.168840,320.888889,1700.000000,50.626750,75.686682,25.313375,37.843341,1550,10,0.428571,300.000000,0.000000,25.000000,1.012544,1.513742
0,0.000022,0.800000,0.888889,0.335770,1.839384,407.000000,17602.222222,71.449758,50.000000,35.724879,25.000000,1050,10,0.888889,1310.000000,0.000000,35.000000,1.429160,0.000000
0,0.000000,1.000000,1.000000,0.334456,0.000000,296.444444,0.000000,87.500000,0.000000,43.750000,0.000000,140,10,1.000000,1020.000000,0.000000,40.000000,1.750367,0.000000
0,0.000000,1.000000,1.000000,0.455901,0.000000,1800.000000,0.000000,74.159387,0.000000,37.079694,0.000000,750,70,1.000000,1090.000000,0.000000,35.000000,1.483274,0.000000
0,0.000000,1.000000,1.000000,0.334456,0.000000,296.444444,0.000000,87.500000,0.000000,43.750000,0.000000,820,10,1.000000,1020.000000,0.000000,40.000000,1.750367,0.000000
0,0.000000,0.400000,0.571429,0.055284,0.002043,221.500000,11.111111,89.961884,50.000000,44.980942,25.000000,1390,610,0.571429,920.000000,0.000000,40.000000,1.799245,0.000000
0,0.000000,0.062500,0.062500,0.038205,0.013856,415.855030,74.238025,55.779242,88.378744,27.889621,44.189372,2100,10,0.062500,120.000000,0.000000,25.000000,1.115587,1.767576
0,-0.000289,0.250000,0.260870,0.006370,0.028018,605.409722,149.950413,85.315259,47.706688,42.657630,23.853344,890,10,0.384615,640.000000,0.000000,40.000000,1.706306,0.000000
0,-0.000336,0.333333,0.347826,250.174967,0.575723,12902.222222,2688.533333,74.975670,50.000000,37.487835,25.000000,930,260,0.411765,600.000000,0.000000,35.000000,3.937188,0.000000
0,-0.000222,0.300000,0.272727,0.855876,0.313458,618.982143,1627.719506,88.131751,88.950101,44.065876,44.475050,1930,1830,0.300000,290.000000,0.000000,40.000000,1.763497,1.779032
0,-0.000253,0.300000,0.260870,10.885706,0.028018,1927.150000,149.950413,81.141242,47.706688,40.570621,23.853344,1360,1270,0.300000,260.000000,0.000000,40.000000,1.654414,0.000000
0,-0.000044,0.064516,0.060606,0.082775,0.102857,518.330154,537.205260,91.497688,90.530863,45.748844,45.265432,2190,2030,0.064516,190.000000,0.000000,45.000000,1.829960,1.810627
0,-0.000336,0.333333,0.347826,0.121540,0.575723,335.716049,2688.533333,79.325556,50.000000,39.662778,25.000000,670,470,0.411765,860.000000,0.000000,35.000000,1.586533,0.000000
0,0.000000,0.117647,0.117647,0.385930,0.181751,1224.888889,896.000000,80.261275,39.490765,40.130637,19.745383,1420,1290,0.117647,110.000000,0.000000,40.000000,1.605286,0.000000
0,-0.000032,0.045455,0.043478,0.227112,0.240227,1204.094545,1369.000000,90.262000,50.000000,45.131000,25.000000,2440,1380,0.045455,150.000000,0.000000,45.000000,1.805261,0.000000
0,-0.000009,0.066667,0.055556,0.104495,0.321550,444.257143,1689.027006,81.380824,80.759620,40.690412,40.379810,2110,1830,0.066667,290.000000,0.000000,40.000000,1.627631,1.615223
0,0.000000,0.400000,0.571429,0.055284,0.002043,221.500000,11.111111,89.961884,50.000000,44.980942,25.000000,1250,610,0.571429,920.000000,0.000000,40.000000,1.799245,0.000000
0,0.000000,0.062500,0.062500,0.038205,0.013856,415.855030,74.238025,55.779242,88.378744,27.889621,44.189372,2260,10,0.062500,120.000000,0.000000,25.000000,1.115587,1.767576
0,-0.000222,0.300000,0.272727,0.855876,0.313458,618.982143,1627.719506,88.131751,88.950101,44.065876,44.475050,2090,1830,0.300000,290.000000,0.000000,40.000000,1.763497,1.779032
0,-0.000032,0.045455,0.043478,0.227112,0.240227,1204.094545,1369.000000,90.262000,50.000000,45.131000,25.000000,1480,1380,0.045455,150.000000,0.000000,45.000000,1.805261,0.000000
0,-0.000044,0.064516,0.060606,0.082775,0.102857,518.330154,537.205260,91.497688,90.530863,45.748844,45.265432,2030,2030,0.064516,190.000000,0.000000,45.000000,1.829960,1.810627
0,0.000000,0.500000,0.500000,0.235732,0.079054,1392.333333,500.000000,48.735398,77.577550,24.367699,38.788775,2920,10,0.500000,180.000000,0.000000,20.000000,0.974728,1.551557
0,-0.000039,0.153846,0.133333,0.682771,0.089031,2671.416667,586.000000,75.530036,73.792915,37.765018,36.896458,2760,1780,0.153846,340.000000,0.000000,35.000000,1.510688,1.475865
0,0.000000,0.096774,0.096774,3.764362,1.648111,2913.917092,2913.046875,83.751848,85.497838,41.875924,42.748919,2050,380,0.096774,100.000000,0.000000,40.000000,1.678594,1.711643
0,0.000000,0.096774,0.096774,3.764362,1.648111,2913.917092,2913.046875,83.751848,85.497838,41.875924,42.748919,2050,1890,0.096774,100.000000,0.000000,40.000000,1.678594,1.711643
0,0.000000,0.096774,0.096774,3.764362,1.648111,2913.917092,2913.046875,83.751848,85.497838,41.875924,42.748919,2050,1170,0.096774,100.000000,0.000000,40.000000,1.678594,1.711643
0,0.000000,0.096774,0.096774,3.764362,1.648111,2913.917092,2913.046875,83.751848,85.497838,41.875924,42.748919,2060,2050,0.096774,100.000000,0.000000,40.000000,1.678594,1.711643
0,-0.000007,0.166667,0.125000,16.693359,0.039135,2328.000000,248.062500,80.808085,42.222222,40.404043,21.111111,1620,850,0.166667,950.000000,0.000000,40.000000,1.676411,0.000000
0,0.001540,0.400000,0.444444,0.040419,0.100894,176.000000,552.000000,72.093082,79.480147,36.046541,39.740074,1000,120,0.444444,160.000000,0.000000,35.000000,1.441866,1.589612
0,0.000000,0.250000,0.250000,0.001371,0.000000,161.750000,0.000000,61.579534,0.000000,30.789767,0.000000,1510,10,0.250000,290.000000,0.000000,30.000000,1.231591,0.000000
0,-0.000014,0.666667,0.250000,0.328855,0.012995,76.500000,102.400000,79.659036,50.000000,39.829518,25.000000,1540,520,0.666667,1280.000000,0.000000,35.000000,1.593981,0.000000
0,0.001975,0.666667,0.625000,0.002057,0.002827,32.000000,20.000000,52.517742,39.711001,26.258871,19.855501,770,10,0.666667,1030.000000,0.000000,25.000000,1.050355,0.000000
0,-0.000014,0.166667,0.250000,0.001265,0.012995,31.360000,102.400000,58.803314,50.000000,29.401657,25.000000,1070,10,0.333333,730.000000,0.000000,25.000000,1.176066,0.000000
0,0.000000,0.916667,0.916667,0.654100,0.407872,3529.166667,1669.716049,64.416953,50.000000,32.208477,25.000000,1240,10,0.916667,160.000000,0.000000,30.000000,1.288400,0.000000
0,0.000000,0.250000,0.250000,0.013804,0.006511,47.166667,27.000000,65.596266,39.999252,32.798133,19.999626,300,30,0.250000,140.000000,0.000000,30.000000,1.311927,0.000000
0,0.000000,0.400000,0.400000,0.003864,0.010600,104.640625,48.090909,51.628610,42.685167,25.814305,21.342583,410,10,0.400000,190.000000,0.000000,25.000000,1.032572,0.000000
0,0.000000,0.062500,0.062500,0.003197,0.008798,60.500000,40.640625,47.279521,39.691349,23.639761,19.845675,1560,10,0.062500,190.000000,0.000000,20.000000,0.945591,0.000000
0,0.000000,0.200000,0.200000,0.532341,0.119895,872.640000,561.555556,75.477976,40.707682,37.738988,20.353841,1610,80,0.200000,120.000000,0.000000,35.000000,1.509728,0.000000
0,-0.000121,0.125000,0.083333,0.035371,0.024138,123.500000,121.640625,79.709905,75.784606,39.854953,37.892303,1160,970,0.125000,590.000000,0.000000,35.000000,1.594203,1.515695
0,0.000000,0.916667,0.916667,0.654100,0.407872,3529.166667,1669.716049,64.416953,50.000000,32.208477,25.000000,770,10,0.916667,160.000000,0.000000,30.000000,1.288400,0.000000
0,0.000000,0.083333,0.083333,0.156577,0.082793,679.144490,567.000000,81.418589,77.404062,40.709295,38.702031,2080,1470,0.083333,110.000000,0.000000,40.000000,1.628390,1.548087
0,0.000004,0.250000,0.500000,0.107286,0.159553,495.000000,992.250000,39.763317,77.466587,19.881658,38.733294,1690,10,0.500000,500.000000,0.000000,15.000000,0.795279,1.549345
0,-0.000001,0.500000,0.250000,0.370093,0.075862,988.000000,513.000000,39.517351,79.317150,19.758676,39.658575,1480,10,0.500000,710.000000,0.000000,15.000000,0.790417,1.586349
0,0.000000,0.043478,0.043478,0.269587,0.130083,1173.224490,872.127424,80.046805,80.422449,40.023403,40.211224,2200,2080,0.043478,110.000000,0.000000,40.000000,1.600967,1.608459
0,-0.000190,0.222222,0.181818,0.096994,0.107071,973.750000,632.163265,60.661873,39.928453,30.330936,19.964227,1310,10,0.222222,330.000000,0.000000,30.000000,1.213243,0.000000
0,0.000000,0.125000,0.125000,0.136155,0.002295,308.000000,20.000000,71.779443,41.820617,35.889721,20.910308,930,190,0.125000,150.000000,0.000000,35.000000,1.435707,0.000000
0,0.000000,0.083333,0.083333,0.002893,0.012276,47.055556,114.195918,98.333333,90.737270,49.166666,45.368635,2520,10,0.083333,350.000000,0.000000,45.000000,1.966667,1.814746
0,0.000000,0.083333,0.083333,0.002893,0.012276,47.055556,114.195918,98.333333,90.737270,49.166666,45.368635,440,10,0.083333,350.000000,0.000000,45.000000,1.966667,1.814746
0,0.000000,0.166667,0.166667,0.034048,0.114216,264.062500,648.062500,50.022969,81.106930,25.011484,40.553465,2500,10,0.166667,130.000000,0.000000,25.000000,1.000462,1.622149
0,0.000000,0.166667,0.166667,0.253876,0.157933,1588.839506,900.000000,48.559766,78.892101,24.279883,39.446050,2110,10,0.166667,130.000000,0.000000,20.000000,0.971216,1.577856
0,0.000000,0.090909,0.090909,0.003300,0.043426,34.718025,300.000000,40.939425,38.164849,20.469712,19.082424,130,10,0.090909,120.000000,0.000000,20.000000,0.818789,0.000000
0,0.000000,0.100000,0.100000,0.568383,27.204350,1814.839506,3390.000000,63.949042,73.250961,31.974521,36.625480,2120,630,0.100000,130.000000,0.000000,30.000000,1.279156,1.592363
0,0.000000,0.125000,0.125000,0.202970,0.003013,1039.250000,23.485207,55.677282,35.891661,27.838641,17.945831,1270,10,0.125000,160.000000,0.000000,25.000000,1.113566,0.000000
0,0.000000,0.125000,0.125000,0.005367,0.003270,42.582222,27.222222,67.806349,44.000000,33.903175,22.000000,2700,10,0.125000,160.000000,0.000000,30.000000,1.356128,0.000000
0,0.000212,0.312500,0.352941,0.008354,0.003209,109.401235,26.252078,42.869045,50.000000,21.434523,25.000000,800,10,0.352941,280.000000,0.000000,20.000000,0.857381,0.000000
0,-0.000476,0.166667,0.142857,0.133076,0.013527,1044.000000,101.250000,39.999700,38.173305,19.999850,19.086653,1300,10,0.166667,130.000000,0.000000,15.000000,0.800003,0.000000
0,0.000000,0.352941,0.352941,4.786097,0.003209,276.456790,26.252078,78.038960,50.000000,39.019480,25.000000,140,20,0.352941,150.000000,0.000000,35.000000,1.605267,0.000000
0,0.000000,0.090909,0.090909,0.282621,0.057700,1473.360000,455.111111,74.017517,50.000000,37.008759,25.000000,1960,10,0.090909,160.000000,0.000000,35.000000,1.480378,0.000000
0,-0.000039,0.125000,0.117647,0.039900,0.045021,425.544922,386.127424,45.433570,40.966017,22.716785,20.483009,2100,10,0.125000,280.000000,0.000000,20.000000,0.908673,0.000000
0,0.000000,0.250000,0.250000,0.110000,0.000000,1032.500000,0.000000,46.156971,0.000000,23.078486,0.000000,1150,10,0.250000,280.000000,0.000000,20.000000,0.923145,0.000000
0,0.000000,0.363636,0.363636,0.002275,0.014641,33.280000,129.600000,65.446086,37.432113,32.723043,18.716057,1490,10,0.363636,160.000000,0.000000,30.000000,1.308922,0.000000
0,0.000000,0.111111,0.111111,0.000000,0.003013,46.610000,23.485207,39.695439,35.891661,19.847720,17.945831,10,10,0.111111,160.000000,0.000000,15.000000,0.793909,0.000000
0,0.000000,0.090909,0.090909,0.282621,0.057700,1473.360000,455.111111,74.017517,50.000000,37.008759,25.000000,1240,10,0.090909,160.000000,0.000000,35.000000,1.480378,0.000000
0,0.000000,0.090909,0.090909,0.282621,0.057700,1473.360000,455.111111,74.017517,50.000000,37.008759,25.000000,450,10,0.090909,160.000000,0.000000,35.000000,1.480378,0.000000
0,0.000000,0.181818,0.181818,0.003300,0.000000,34.718025,0.000000,62.396261,0.000000,31.198130,0.000000,130,10,0.181818,160.000000,0.000000,30.000000,1.247926,0.000000
0,0.000000,0.090909,0.090909,0.282621,0.057700,1473.360000,455.111111,74.017517,50.000000,37.008759,25.000000,2130,10,0.090909,160.000000,0.000000,35.000000,1.480378,0.000000
0,0.000000,0.125000,0.125000,0.202970,0.000000,1023.360000,0.000000,64.016877,0.000000,32.008438,0.000000,1270,10,0.125000,160.000000,0.000000,30.000000,1.280358,0.000000
0,-0.001429,0.500000,0.428571,0.002164,0.013527,55.358025,101.250000,40.577312,38.173305,20.288656,19.086653,160,10,0.500000,130.000000,0.000000,20.000000,0.811546,0.000000
0,-0.000000,0.166667,0.125000,0.052093,0.006723,281.000000,55.555556,36.706509,39.999991,18.353254,19.999995,660,10,0.166667,770.000000,0.000000,15.000000,0.734136,0.000000
0,0.000000,0.545455,0.545455,0.092300,0.045021,497.685260,386.127424,64.548380,40.966017,32.274190,20.483009,2220,10,0.545455,160.000000,0.000000,30.000000,1.290976,0.000000
0,0.000000,0.181818,0.181818,0.010292,0.003073,68.441633,26.010000,62.201399,39.968386,31.100700,19.984193,1680,10,0.181818,160.000000,0.000000,30.000000,1.244029,0.000000
0,0.000000,0.090909,0.090909,0.003480,0.001393,35.526667,11.795918,67.366162,42.900446,33.683081,21.450223,250,10,0.090909,160.000000,0.000000,30.000000,1.347324,0.000000
0,-0.000476,0.166667,0.142857,0.001432,0.013527,51.360000,101.250000,35.855581,38.173305,17.927791,19.086653,40,10,0.166667,130.000000,0.000000,15.000000,0.717112,0.000000
0,0.000000,0.888889,0.888889,0.003300,0.003013,50.608025,23.485207,54.056666,35.891661,27.028333,17.945831,130,10,0.888889,160.000000,0.000000,25.000000,1.081134,0.000000
0,0.000000,0.125000,0.125000,0.011035,0.006723,70.915556,55.555556,64.016980,39.999991,32.008490,19.999995,620,10,0.125000,160.000000,0.000000,30.000000,1.280341,0.000000
0,0.000000,0.250000,0.250000,0.005980,0.006723,80.055556,55.555556,46.159129,39.999991,23.079565,19.999995,500,10,0.250000,280.000000,0.000000,20.000000,0.923183,0.000000
0,-0.000000,0.142857,0.125000,0.532910,0.045021,911.538462,386.127424,75.237775,40.966017,37.618887,20.483009,1840,890,0.142857,540.000000,0.000000,35.000000,1.505043,0.000000
0,0.000000,0.352941,0.352941,3.985040,0.003209,276.456790,26.252078,78.038960,50.000000,39.019480,25.000000,140,20,0.352941,150.000000,0.000000,35.000000,1.591613,0.000000
0,-0.000078,0.272727,0.300000,2.738579,0.675489,1153.888889,1777.000000,67.108641,80.064729,33.554320,40.032364,1070,610,0.352941,1240.000000,0.000000,30.000000,1.345831,1.602350
0,-0.001044,0.285714,0.625000,0.099333,0.018326,766.640625,117.187500,79.217819,40.190559,39.608909,20.095279,2880,360,0.714286,360.000000,0.000000,35.000000,1.584363,0.000000
0,-0.000150,0.230769,0.352941,1.997733,0.109406,2246.506944,755.111111,80.481416,88.634304,40.240708,44.317152,970,910,0.500000,480.000000,0.000000,40.000000,1.610579,1.772694
0,-0.000019,0.062500,0.058824,0.032659,0.039156,175.085069,300.000000,79.452743,38.634304,39.726371,19.317152,1690,1190,0.062500,200.000000,0.000000,35.000000,1.589058,0.000000
0,-0.000021,0.083333,0.058824,0.501318,0.091195,752.538462,666.579882,75.104253,79.579845,37.552127,39.789923,1840,800,0.083333,590.000000,0.000000,35.000000,1.502369,1.591603
0,-0.000150,0.230769,0.352941,1.997733,0.109406,2246.506944,755.111111,80.481416,88.634304,40.240708,44.317152,1690,910,0.500000,480.000000,0.000000,40.000000,1.610579,1.772694
0,-0.000150,0.230769,0.352941,1.997733,0.109406,2246.506944,755.111111,80.481416,88.634304,40.240708,44.317152,1860,910,0.500000,480.000000,0.000000,40.000000,1.610579,1.772694
0,-0.000150,0.272727,0.352941,0.204797,0.109406,1765.907439,755.111111,77.575969,88.634304,38.787984,44.317152,740,10,0.500000,650.000000,0.000000,35.000000,1.551541,1.772694
0,-0.000356,0.250000,0.222222,0.768507,6.137945,2605.263039,800.000000,100.000000,71.511925,50.000000,35.755962,1260,1040,0.250000,290.000000,0.000000,50.000000,2.000113,1.491459
0,0.000000,0.687500,0.687500,0.476075,0.213705,1694.216049,1222.500000,62.074631,88.319895,31.037315,44.159948,900,10,0.687500,180.000000,0.000000,30.000000,1.241560,1.766417
0,-0.000007,0.833333,0.555556,0.312447,0.093357,4274.888889,580.666667,86.690288,90.169766,43.345144,45.084883,970,650,0.833333,580.000000,0.000000,40.000000,1.733826,1.803403
0,-0.000356,0.250000,0.222222,0.768507,6.137945,2605.263039,800.000000,100.000000,71.511925,50.000000,35.755962,1040,790,0.250000,290.000000,0.000000,50.000000,2.000113,1.491459
0,0.000000,0.250000,0.250000,0.007600,0.220303,51.500000,1122.500000,52.073033,78.575951,26.036517,39.287975,410,10,0.250000,180.000000,0.000000,25.000000,1.041462,1.571541
0,-0.000356,0.250000,0.222222,0.768507,6.137945,2605.263039,800.000000,100.000000,71.511925,50.000000,35.755962,860,790,0.250000,290.000000,0.000000,50.000000,2.000113,1.491459
0,0.000000,0.181818,0.181818,0.769191,0.221511,4738.581717,1310.000000,89.716014,89.989434,44.858007,44.994717,1970,950,0.181818,130.000000,0.000000,40.000000,1.794383,1.799807
0,-0.000356,0.250000,0.222222,0.768507,6.137945,2605.263039,800.000000,100.000000,71.511925,50.000000,35.755962,1260,860,0.250000,290.000000,0.000000,50.000000,2.000113,1.491459
0,-0.000007,0.833333,0.555556,0.312447,0.093357,4274.888889,580.666667,86.690288,90.169766,43.345144,45.084883,650,500,0.833333,580.000000,0.000000,40.000000,1.733826,1.803403
0,0.000000,0.111111,0.111111,0.760279,0.077525,2658.707483,500.000000,91.666667,50.000000,45.833333,25.000000,1260,10,0.111111,290.000000,0.000000,45.000000,1.833445,0.000000
0,-0.000356,0.250000,0.222222,0.768507,6.137945,2605.263039,800.000000,100.000000,71.511925,50.000000,35.755962,1260,980,0.250000,290.000000,0.000000,50.000000,2.000113,1.491459
0,0.000000,0.111111,0.111111,0.760279,0.077525,2658.707483,500.000000,91.666667,50.000000,45.833333,25.000000,790,10,0.111111,290.000000,0.000000,45.000000,1.833445,0.000000
0,0.000000,0.500000,0.500000,0.768434,0.161646,2605.040816,900.000000,89.974116,90.256055,44.987058,45.128028,1260,300,0.500000,290.000000,0.000000,40.000000,1.799596,1.805136
0,0.000000,0.181818,0.181818,0.769191,0.221511,4738.581717,1310.000000,89.716014,89.989434,44.858007,44.994717,1970,1420,0.181818,130.000000,0.000000,40.000000,1.794383,1.799807
0,-0.000356,0.250000,0.222222,0.768507,6.137945,2605.263039,800.000000,100.000000,71.511925,50.000000,35.755962,1570,1260,0.250000,290.000000,0.000000,50.000000,2.000113,1.491459
0,-0.000356,0.250000,0.222222,0.768507,6.137945,2605.263039,800.000000,100.000000,71.511925,50.000000,35.755962,1260,870,0.250000,290.000000,0.000000,50.000000,2.000113,1.491459
0,-0.000003,0.055556,0.047619,0.657302,0.106977,2778.893853,673.280000,91.996286,90.828550,45.998143,45.414275,1940,580,0.055556,500.000000,0.000000,45.000000,1.840004,1.816580
0,-0.000356,0.250000,0.222222,0.768507,6.137945,2605.263039,800.000000,100.000000,71.511925,50.000000,35.755962,870,790,0.250000,290.000000,0.000000,50.000000,2.000113,1.491459
0,-0.000002,0.333333,0.250000,0.318086,0.090005,2880.000000,573.500000,58.810875,89.999721,29.405438,44.999861,630,10,0.333333,450.000000,0.000000,25.000000,1.176236,1.800001
0,-0.000002,0.333333,0.250000,0.318086,0.090005,2880.000000,573.500000,58.810875,89.999721,29.405438,44.999861,1100,10,0.333333,450.000000,0.000000,25.000000,1.176236,1.800001
0,-0.000356,0.250000,0.222222,0.768507,6.137945,2605.263039,800.000000,100.000000,71.511925,50.000000,35.755962,980,790,0.250000,290.000000,0.000000,50.000000,2.000113,1.491459
0,-0.000356,0.250000,0.222222,0.768507,6.137945,2605.263039,800.000000,100.000000,71.511925,50.000000,35.755962,1570,790,0.250000,290.000000,0.000000,50.000000,2.000113,1.491459
0,0.000000,0.500000,0.500000,0.768434,0.161646,2605.040816,900.000000,89.974116,90.256055,44.987058,45.128028,790,300,0.500000,290.000000,0.000000,40.000000,1.799596,1.805136
0,0.000000,0.687500,0.687500,0.476075,0.213705,1694.216049,1222.500000,62.074631,88.319895,31.037315,44.159948,1370,10,0.687500,180.000000,0.000000,30.000000,1.241560,1.766417
0,-0.000003,0.055556,0.047619,0.657302,0.106977,2778.893853,673.280000,91.996286,90.828550,45.998143,45.414275,1940,1050,0.055556,500.000000,0.000000,45.000000,1.840004,1.816580
0,-0.000015,0.086957,0.074074,0.239558,0.028845,1275.760000,428.562500,100.000000,99.562897,50.000000,49.781449,1480,1470,0.086957,400.000000,0.000000,50.000000,2.000022,1.991259
0,-0.000015,0.086957,0.074074,0.239558,0.028845,1275.760000,428.562500,100.000000,99.562897,50.000000,49.781449,1480,500,0.086957,400.000000,0.000000,50.000000,2.000022,1.991259
0,0.000000,0.142857,0.142857,0.215866,0.014186,1153.751111,300.000000,100.000000,50.000000,50.000000,25.000000,2020,1480,0.142857,400.000000,0.000000,50.000000,2.000020,0.000000
0,0.000000,0.071429,0.071429,3.610356,8.557563,1216.875283,68236.000000,78.252253,79.777470,39.126127,39.888735,2110,1290,0.071429,140.000000,0.000000,35.000000,1.570742,1.596086
0,0.000218,0.800000,0.210526,0.684434,0.014186,1081.920000,300.000000,88.973790,50.000000,44.486895,25.000000,580,530,0.800000,1350.000000,0.000000,40.000000,1.779698,0.000000
0,0.000000,0.142857,0.142857,0.215866,0.014186,1153.751111,300.000000,100.000000,50.000000,50.000000,25.000000,2160,1480,0.142857,400.000000,0.000000,50.000000,2.000020,0.000000
0,-0.000118,1.000000,0.714286,0.562115,0.332194,294.222222,3188.000000,77.863925,90.095868,38.931963,45.047934,1000,410,1.000000,1840.000000,0.000000,35.000000,1.558115,1.801935
0,0.000000,0.142857,0.142857,0.215866,0.014186,1153.751111,300.000000,100.000000,50.000000,50.000000,25.000000,2440,2020,0.142857,400.000000,0.000000,50.000000,2.000020,0.000000
0,-0.000014,0.090909,0.071429,0.040933,0.332666,218.870000,3016.562500,91.301692,89.658765,45.650846,44.829383,1850,500,0.090909,400.000000,0.000000,45.000000,1.826038,1.793194
0,0.001811,0.142857,0.347826,1.582870,8.253742,6702.666667,65648.000000,87.177084,89.681602,43.588542,44.840801,2340,930,0.347826,500.000000,0.000000,40.000000,1.743730,1.794152
0,-0.000015,0.086957,0.074074,0.239558,0.028845,1275.760000,428.562500,100.000000,99.562897,50.000000,49.781449,2440,1470,0.086957,400.000000,0.000000,50.000000,2.000022,1.991259
0,-0.000118,1.000000,0.714286,9.440076,0.332194,800.111111,3188.000000,79.434831,90.095868,39.717416,45.047934,680,310,1.000000,1570.000000,0.000000,35.000000,1.646878,1.801935
0,0.000000,0.142857,0.142857,0.215866,0.014186,1153.751111,300.000000,100.000000,50.000000,50.000000,25.000000,2440,2160,0.142857,400.000000,0.000000,50.000000,2.000020,0.000000
0,-0.000014,0.090909,0.071429,0.040933,0.332666,218.870000,3016.562500,91.301692,89.658765,45.650846,44.829383,1850,1470,0.090909,400.000000,0.000000,45.000000,1.826038,1.793194
0,-0.000015,0.086957,0.074074,0.239558,0.028845,1275.760000,428.562500,100.000000,99.562897,50.000000,49.781449,2440,500,0.086957,400.000000,0.000000,50.000000,2.000022,1.991259
0,0.000218,0.800000,0.210526,0.684434,0.014186,1081.920000,300.000000,88.973790,50.000000,44.486895,25.000000,1490,580,0.800000,1350.000000,0.000000,40.000000,1.779698,0.000000
0,0.001811,0.142857,0.347826,1.582870,8.253742,6702.666667,65648.000000,87.177084,89.681602,43.588542,44.840801,1380,930,0.347826,500.000000,0.000000,40.000000,1.743730,1.794152
0,0.000000,1.000000,1.000000,0.044792,0.018243,589.298611,128.562500,95.454545,50.000000,47.727273,25.000000,1530,10,1.000000,900.000000,0.000000,45.000000,1.909181,0.000000
0,0.000000,1.000000,1.000000,10.882572,0.018243,1885.361111,128.562500,90.659568,50.000000,45.329784,25.000000,2050,1360,1.000000,520.000000,0.000000,45.000000,1.844781,0.000000
0,0.000000,0.142857,0.142857,0.077309,0.251182,22.907029,1792.000000,88.751176,42.779938,44.375588,21.389969,2400,340,0.142857,170.000000,0.000000,40.000000,1.775267,0.000000
0,0.000000,1.000000,1.000000,0.722421,0.000000,147.000000,0.000000,73.719654,0.000000,36.859827,0.000000,390,250,1.000000,2180.000000,0.000000,35.000000,1.476785,0.000000
0,0.000000,1.000000,1.000000,0.044792,0.018243,589.298611,128.562500,95.454545,50.000000,47.727273,25.000000,1670,10,1.000000,900.000000,0.000000,45.000000,1.909181,0.000000
0,0.000000,1.000000,1.000000,10.882572,0.018243,1885.361111,128.562500,90.659568,50.000000,45.329784,25.000000,1910,1360,1.000000,520.000000,0.000000,45.000000,1.844781,0.000000
0,0.000000,0.142857,0.142857,0.077309,0.251182,22.907029,1792.000000,88.751176,42.779938,44.375588,21.389969,2260,340,0.142857,170.000000,0.000000,40.000000,1.775267,0.000000
0,-0.000013,0.500000,0.307692,2.231065,0.073143,1064.000000,1054.080000,82.423686,90.676541,41.211843,45.338271,1260,230,0.500000,770.000000,0.000000,40.000000,1.651007,1.813533
0,-0.000291,0.625000,0.555556,0.008228,2.244009,107.888889,400.000000,91.666667,37.500000,45.833333,18.750000,980,10,0.625000,340.000000,0.000000,45.000000,1.833335,0.000000
0,-0.000291,0.625000,0.555556,0.008228,2.244009,107.888889,400.000000,91.666667,37.500000,45.833333,18.750000,870,10,0.625000,340.000000,0.000000,45.000000,1.833335,0.000000
0,0.000000,0.166667,0.166667,1.199667,0.071953,5348.500000,1025.000000,49.720970,90.659069,24.860485,45.329535,1740,10,0.166667,290.000000,0.000000,20.000000,0.994555,1.813184
0,-0.000291,0.625000,0.555556,0.008228,2.244009,107.888889,400.000000,91.666667,37.500000,45.833333,18.750000,1570,10,0.625000,340.000000,0.000000,45.000000,1.833335,0.000000
0,-0.000033,0.444444,0.235294,2.271522,0.076047,1311.000000,1102.083333,81.818549,89.840785,40.909274,44.920393,1260,1230,0.444444,770.000000,0.000000,40.000000,1.638907,1.796818
0,-0.000291,0.625000,0.555556,0.008228,2.244009,107.888889,400.000000,91.666667,37.500000,45.833333,18.750000,860,10,0.625000,340.000000,0.000000,45.000000,1.833335,0.000000
0,-0.000291,0.625000,0.555556,0.008228,2.244009,107.888889,400.000000,91.666667,37.500000,45.833333,18.750000,1040,10,0.625000,340.000000,0.000000,45.000000,1.833335,0.000000
0,0.000655,0.294118,0.150000,0.082827,0.028643,126.213018,128.562500,89.283237,50.000000,44.641618,25.000000,1550,520,0.312500,430.000000,0.000000,40.000000,1.785699,0.000000
0,0.000000,0.888889,0.888889,0.003073,0.004235,41.322500,15.312500,57.982228,39.569823,28.991114,19.784911,1840,10,0.888889,140.000000,0.000000,25.000000,1.159645,0.000000
0,-0.000055,0.058824,0.050000,0.081898,0.394367,52.436543,1792.000000,78.565156,41.919432,39.282578,20.959716,1770,340,0.058824,210.000000,0.000000,35.000000,1.571547,0.000000
0,-0.000055,0.058824,0.050000,0.280650,0.235361,431.783482,351.125000,85.019430,47.222222,42.509715,23.611111,1690,1250,0.058824,290.000000,0.000000,40.000000,1.700484,0.000000
0,-0.000055,0.058824,0.050000,0.280650,0.235361,431.783482,351.125000,85.019430,47.222222,42.509715,23.611111,1970,1690,0.058824,290.000000,0.000000,40.000000,1.700484,0.000000
0,-0.000082,0.400000,0.050000,0.719388,0.000000,258.712778,0.000000,79.970214,0.000000,39.985107,0.000000,1350,810,0.400000,1170.000000,0.000000,35.000000,1.600909,0.000000
0,-0.000055,0.058824,0.050000,0.280650,0.235361,431.783482,351.125000,85.019430,47.222222,42.509715,23.611111,2140,1690,0.058824,290.000000,0.000000,40.000000,1.700484,0.000000
0,0.000655,0.294118,0.150000,0.082827,0.028643,126.213018,128.562500,89.283237,50.000000,44.641618,25.000000,1550,1490,0.312500,430.000000,0.000000,40.000000,1.785699,0.000000
0,-0.000055,0.058824,0.050000,0.280650,0.235361,431.783482,351.125000,85.019430,47.222222,42.509715,23.611111,1690,460,0.058824,290.000000,0.000000,40.000000,1.700484,0.000000
0,0.000000,0.125000,0.125000,0.468279,0.031811,246.222222,141.000000,80.211924,81.665270,40.105962,40.832635,2310,100,0.125000,110.000000,0.000000,40.000000,1.605280,1.633309
0,0.000000,0.142857,0.142857,0.003905,0.007048,50.152857,24.142857,54.181117,41.143622,27.090558,20.571811,1800,10,0.142857,180.000000,0.000000,25.000000,1.083623,0.000000
0,0.000000,0.111111,0.111111,0.040236,0.038447,47.469796,285.826531,79.110124,89.554323,39.555062,44.777161,210,180,0.111111,110.000000,0.000000,35.000000,1.582231,1.791089
0,0.000000,0.047619,0.047619,13.342974,1.476641,6509.795918,12067.555556,80.173333,78.812785,40.086667,39.406392,2030,460,0.047619,100.000000,0.000000,40.000000,1.617163,1.576346
0,0.000000,0.111111,0.111111,0.040236,0.038447,47.469796,285.826531,79.110124,89.554323,39.555062,44.777161,1120,180,0.111111,110.000000,0.000000,35.000000,1.582231,1.791089
0,0.000000,0.125000,0.125000,0.873380,0.066685,1837.500000,432.666667,83.030171,91.666638,41.515085,45.833319,1460,60,0.125000,490.000000,0.000000,40.000000,1.662809,1.833338
0,0.000000,0.125000,0.125000,0.873380,0.066685,1837.500000,432.666667,83.030171,91.666638,41.515085,45.833319,870,60,0.125000,490.000000,0.000000,40.000000,1.662809,1.833338
0,0.000000,0.045455,0.045455,0.183319,0.294681,643.959184,2552.500000,78.659016,79.989779,39.329508,39.994889,1630,340,0.045455,220.000000,0.000000,35.000000,1.573432,1.599813
0,0.000000,0.090909,0.090909,1.527931,0.017363,689.062500,174.760000,63.386691,81.545958,31.693345,40.772979,2600,30,0.090909,220.000000,0.000000,30.000000,1.270273,1.630920
0,0.000000,0.125000,0.125000,0.873380,0.066685,1837.500000,432.666667,83.030171,91.666638,41.515085,45.833319,750,60,0.125000,490.000000,0.000000,40.000000,1.662809,1.833338
0,0.000000,0.111111,0.111111,0.040236,0.038447,47.469796,285.826531,79.110124,89.554323,39.555062,44.777161,210,180,0.111111,110.000000,0.000000,35.000000,1.582231,1.791089
0,0.000000,0.125000,0.125000,0.873380,0.066685,1837.500000,432.666667,83.030171,91.666638,41.515085,45.833319,760,60,0.125000,490.000000,0.000000,40.000000,1.662809,1.833338
0,0.000000,0.125000,0.125000,0.873380,0.066685,1837.500000,432.666667,83.030171,91.666638,41.515085,45.833319,930,60,0.125000,490.000000,0.000000,40.000000,1.662809,1.833338
0,0.000671,0.500000,0.750000,0.145709,0.016806,929.500000,144.400000,39.952314,41.102399,19.976157,20.551200,1130,10,0.750000,210.000000,0.000000,15.000000,0.799058,0.000000
0,0.000000,1.000000,1.000000,0.010556,0.000440,70.880000,16.000000,62.500000,42.494521,31.250000,21.247261,2380,10,1.000000,340.000000,0.000000,30.000000,1.250001,0.000000
0,-0.000001,0.125000,0.166667,0.110566,0.003320,424.594388,122.222222,91.082622,41.817370,45.541311,20.908685,2150,1500,0.200000,570.000000,0.000000,45.000000,1.821693,0.000000
0,-0.000001,0.125000,0.166667,0.110566,0.003320,424.594388,122.222222,91.082622,41.817370,45.541311,20.908685,1990,1500,0.200000,570.000000,0.000000,45.000000,1.821693,0.000000
0,0.000005,0.666667,0.583333,0.164336,0.010037,117.000000,365.234568,88.541695,41.861342,44.270847,20.930671,870,850,0.666667,1870.000000,0.000000,40.000000,1.771017,0.000000
0,0.000000,1.000000,1.000000,1.323871,0.000000,1070.240000,0.000000,78.931585,0.000000,39.465793,0.000000,470,310,1.000000,2250.000000,0.000000,35.000000,1.579648,0.000000
0,0.000005,0.666667,0.583333,0.164336,0.010037,117.000000,365.234568,88.541695,41.861342,44.270847,20.930671,870,690,0.666667,1870.000000,0.000000,40.000000,1.771017,0.000000
0,0.000000,1.000000,1.000000,0.010556,0.000440,70.880000,16.000000,62.500000,42.494521,31.250000,21.247261,2220,10,1.000000,340.000000,0.000000,30.000000,1.250001,0.000000
0,0.000000,0.500000,0.500000,0.469497,0.403760,437.044922,2592.000000,37.917988,50.000000,18.958994,25.000000,2080,10,0.500000,490.000000,0.000000,15.000000,0.758635,0.000000
0,0.000319,0.105263,0.130435,0.100459,0.016554,626.872135,122.222222,81.098503,41.817551,40.549251,20.908776,2210,1720,0.130435,360.000000,0.000000,40.000000,1.621978,0.000000
0,-0.000277,0.166667,0.125000,0.057108,0.057166,491.157551,343.000000,41.156168,36.417762,20.578084,18.208881,2250,10,0.166667,320.000000,0.000000,20.000000,0.823127,0.000000
0,-0.000014,0.090909,0.066667,0.418051,0.016751,339.538462,129.600000,76.830946,41.970106,38.415473,20.985053,1840,1110,0.090909,730.000000,0.000000,35.000000,1.536895,0.000000
0,-0.000050,0.045455,0.030303,0.156592,0.034765,398.345679,244.495868,91.009254,50.000000,45.504627,25.000000,1980,1380,0.045455,590.000000,0.000000,45.000000,1.820227,0.000000
0,0.000010,0.161290,0.440000,140.875603,0.050622,5563.817778,351.125000,86.079836,50.000000,43.039918,25.000000,1210,230,0.454545,1360.000000,0.000000,40.000000,3.539512,0.000000
0,-0.000288,0.142857,0.090909,0.072370,0.004488,348.622449,29.040000,82.407552,40.006316,41.203776,20.003158,1940,730,0.142857,630.000000,0.000000,40.000000,1.648159,0.000000
0,0.000000,0.250000,0.250000,0.038429,0.005472,154.555556,32.326531,75.327797,50.000000,37.663899,25.000000,590,290,0.250000,680.000000,0.000000,35.000000,1.506561,0.000000
0,0.000569,0.166667,0.153846,0.025844,0.087248,151.572917,647.755102,89.695216,37.914697,44.847608,18.957348,1980,10,0.166667,590.000000,0.000000,40.000000,1.793907,0.000000
0,0.000017,0.545455,0.583333,0.191555,0.009400,454.222222,50.000000,82.462590,39.327773,41.231295,19.663887,2270,600,0.583333,300.000000,0.000000,40.000000,1.649464,0.000000
0,0.000123,0.076923,0.071429,0.123028,0.567293,387.764722,3706.714286,81.400683,40.470263,40.700341,20.235132,1310,400,0.080000,1260.000000,0.000000,40.000000,1.628033,0.000000
0,0.000000,0.250000,0.250000,0.091724,0.003556,509.325260,27.000000,41.963431,39.992876,20.981716,19.996438,2230,10,0.250000,340.000000,0.000000,20.000000,0.839277,0.000000
0,0.002106,0.583333,0.538462,0.045004,0.000000,254.166667,0.000000,89.342587,0.000000,44.671293,0.000000,1980,10,0.583333,590.000000,0.000000,40.000000,1.786856,0.000000
0,0.000010,0.076923,0.440000,0.062346,0.050622,1119.055588,351.125000,80.047545,50.000000,40.023773,25.000000,1780,10,0.454545,790.000000,0.000000,40.000000,1.600957,0.000000
0,-0.000000,0.142857,0.125000,1.294102,0.000000,436.538462,0.000000,67.343897,0.000000,33.671948,0.000000,1840,240,0.142857,730.000000,0.000000,30.000000,1.350250,0.000000
0,0.000010,0.176471,0.440000,15.999866,0.050622,4397.500000,351.125000,84.904097,50.000000,42.452049,25.000000,780,520,0.454545,1790.000000,0.000000,40.000000,1.727544,0.000000
0,-0.000050,0.045455,0.030303,0.156592,0.034765,398.345679,244.495868,91.009254,50.000000,45.504627,25.000000,1980,410,0.045455,590.000000,0.000000,45.000000,1.820227,0.000000
0,0.000662,0.125000,0.375000,0.011035,0.010124,86.805556,60.500000,55.677385,42.416570,27.838693,21.208285,620,10,0.375000,350.000000,0.000000,25.000000,1.113549,0.000000
0,0.000301,0.083333,0.076923,0.369555,0.050622,1776.611979,351.125000,98.333333,50.000000,49.166666,25.000000,1720,10,0.083333,590.000000,0.000000,45.000000,1.966706,0.000000
0,0.000000,0.250000,0.250000,4.793783,0.005472,312.654321,32.326531,78.178821,50.000000,39.089410,25.000000,630,20,0.250000,340.000000,0.000000,35.000000,1.608065,0.000000
0,0.000000,0.166667,0.166667,36.835478,0.456394,4357.127424,3971.000000,72.856812,50.000000,36.428406,25.000000,2330,2330,0.166667,240.000000,0.000000,35.000000,1.627453,0.000000
0,-0.000018,0.363636,0.133333,0.097327,0.003500,586.324286,40.320000,51.819701,50.000000,25.909850,25.000000,1550,10,0.363636,1020.000000,0.000000,25.000000,1.036402,0.000000
0,0.000010,0.176471,0.440000,15.999866,0.050622,4397.500000,351.125000,84.904097,50.000000,42.452049,25.000000,780,690,0.454545,1790.000000,0.000000,40.000000,1.727544,0.000000
0,0.000000,0.250000,0.250000,0.048477,0.015354,413.127424,127.160000,80.648444,29.052190,40.324222,14.526095,2370,200,0.250000,200.000000,0.000000,40.000000,1.612972,0.000000
0,0.000301,0.083333,0.076923,0.369555,0.050622,1776.611979,351.125000,98.333333,50.000000,49.166666,25.000000,210,10,0.083333,590.000000,0.000000,45.000000,1.966706,0.000000
0,0.000301,0.083333,0.076923,0.369555,0.050622,1776.611979,351.125000,98.333333,50.000000,49.166666,25.000000,1890,10,0.083333,590.000000,0.000000,45.000000,1.966706,0.000000
0,0.000000,0.250000,0.250000,3.992727,0.005472,312.654321,32.326531,78.178821,50.000000,39.089410,25.000000,630,20,0.250000,340.000000,0.000000,35.000000,1.594411,0.000000
0,-0.000188,0.111111,0.100000,0.092300,0.010124,513.575260,60.500000,56.208785,42.416570,28.104393,21.208285,2220,10,0.150000,350.000000,0.000000,25.000000,1.124185,0.000000
0,-0.000028,0.133333,0.100000,0.237768,0.087985,1633.955782,622.222222,79.937969,39.999928,39.968984,19.999964,1930,1110,0.133333,640.000000,0.000000,35.000000,1.598777,0.000000
0,-0.000585,0.166667,0.125000,0.007235,0.057166,91.555556,343.000000,39.999749,36.417762,19.999874,18.208881,650,10,0.250000,320.000000,0.000000,15.000000,0.799995,0.000000
0,-0.000018,0.250000,0.133333,0.228143,0.003500,510.720000,40.320000,79.381590,50.000000,39.690795,25.000000,1080,540,0.285714,2030.000000,0.000000,35.000000,1.587735,0.000000
0,-0.000024,0.142857,0.166667,0.203290,0.121940,954.416171,760.500000,80.795637,39.338967,40.397818,19.669484,1950,1270,0.181818,620.000000,0.000000,40.000000,1.615934,0.000000
0,0.000301,0.083333,0.076923,0.369555,0.050622,1776.611979,351.125000,98.333333,50.000000,49.166666,25.000000,1000,10,0.083333,590.000000,0.000000,45.000000,1.966706,0.000000
0,-0.000840,0.666667,0.739130,0.000000,0.087248,336.000000,647.755102,22.500050,37.914697,11.250025,18.957348,10,10,0.850000,2560.000000,0.000000,10.000000,0.450001,0.000000
0,0.000000,0.428571,0.428571,0.057217,0.004332,410.270281,24.142857,55.284163,41.348219,27.642081,20.674110,2340,10,0.428571,230.000000,0.000000,25.000000,1.105687,0.000000
0,0.000000,0.222222,0.222222,0.648537,0.546339,2478.222222,3600.000000,80.590128,40.655782,40.295064,20.327891,2260,380,0.222222,310.000000,0.000000,40.000000,1.611887,0.000000
0,0.000000,0.166667,0.166667,36.835478,0.456394,4357.127424,3971.000000,72.856812,50.000000,36.428406,25.000000,2330,1800,0.166667,240.000000,0.000000,35.000000,1.627453,0.000000
0,0.000000,1.000000,1.000000,0.126947,0.144731,500.000000,760.500000,50.161517,39.601604,25.080758,19.800802,1710,10,1.000000,200.000000,0.000000,25.000000,1.003247,0.000000
0,0.000000,0.083333,0.083333,0.008844,0.015956,162.900000,100.820000,46.278314,91.243614,23.139157,45.621807,710,10,0.083333,340.000000,0.000000,20.000000,0.925567,1.824874
0,-0.000500,0.333333,0.285714,0.015060,0.008121,132.775000,56.320000,59.315919,89.981387,29.657959,44.990693,2830,10,0.363636,300.000000,0.000000,25.000000,1.186319,1.799628
0,0.000000,0.083333,0.083333,0.008844,0.015956,162.900000,100.820000,46.278314,91.243614,23.139157,45.621807,2790,10,0.083333,340.000000,0.000000,20.000000,0.925567,1.824874
0,-0.000500,0.333333,0.285714,0.015060,0.008121,132.775000,56.320000,59.315919,89.981387,29.657959,44.990693,750,10,0.363636,300.000000,0.000000,25.000000,1.186319,1.799628
0,0.000000,0.142857,0.142857,0.449988,0.008141,606.555556,72.000000,80.690869,80.003582,40.345434,40.001791,1680,1610,0.142857,350.000000,0.000000,40.000000,1.615277,1.600072
0,-0.000007,0.105263,0.100000,0.532842,0.023416,856.730909,144.187500,82.425172,81.654762,41.212586,40.827381,1610,480,0.105263,420.000000,0.000000,40.000000,1.648672,1.633097
0,-0.000001,0.066667,0.058824,20.533881,0.654728,6644.000000,4080.000000,64.312148,79.889287,32.156074,39.944643,2010,1400,0.066667,440.000000,0.000000,30.000000,1.360457,1.597839
0,0.000714,0.125000,0.294118,1.010819,0.086598,409.055556,744.000000,74.708415,80.999842,37.354208,40.499921,1570,1260,0.294118,880.000000,0.000000,35.000000,1.496229,1.620002
0,0.000000,0.083333,0.083333,0.384687,0.080251,1609.555556,716.666667,73.141254,80.966156,36.570627,40.483078,2290,1810,0.083333,160.000000,0.000000,35.000000,1.463602,1.619328
0,0.000000,0.333333,0.333333,0.043806,0.139440,282.083333,671.259259,81.610012,80.454256,40.805006,40.227128,1990,430,0.333333,140.000000,0.000000,40.000000,1.632204,1.609100
0,-0.000122,0.181818,0.125000,27.151507,0.166610,3040.222222,982.000000,69.748808,88.120004,34.874404,44.060002,760,40,0.181818,280.000000,0.000000,30.000000,1.522316,1.762414
0,-0.000020,0.100000,0.083333,0.274976,0.066963,290.090909,373.187500,67.478459,91.661042,33.739230,45.830521,630,530,0.100000,410.000000,0.000000,30.000000,1.349716,1.833227
0,-0.000029,0.125000,0.083333,0.399362,0.066963,212.421875,373.187500,74.890604,91.661042,37.445302,45.830521,640,530,0.125000,300.000000,0.000000,35.000000,1.498424,1.833227
0,-0.000110,0.090909,0.125000,0.087118,0.166610,656.472222,982.000000,68.418937,88.120004,34.209468,44.060002,520,10,0.250000,310.000000,0.000000,30.000000,1.368386,1.762414
0,-0.001068,0.166667,0.333333,0.004712,0.013173,67.250000,82.722222,32.854751,82.407158,16.427376,41.203579,40,10,0.666667,390.000000,0.000000,15.000000,0.657095,1.648144
0,0.000000,0.043478,0.043478,0.003488,0.013568,51.532585,86.362222,47.355283,78.862241,23.677641,39.431120,330,10,0.043478,100.000000,0.000000,20.000000,0.947106,1.577246
0,-0.000030,0.035714,0.033333,0.677028,0.067063,498.900000,459.631944,88.965754,91.689862,44.482877,45.844931,1500,270,0.035714,160.000000,0.000000,40.000000,1.779798,1.833802
0,-0.000030,0.035714,0.033333,0.677028,0.067063,498.900000,459.631944,88.965754,91.689862,44.482877,45.844931,2390,270,0.035714,160.000000,0.000000,40.000000,1.779798,1.833802
0,-0.000030,0.035714,0.033333,0.677028,0.067063,498.900000,459.631944,88.965754,91.689862,44.482877,45.844931,2220,270,0.035714,160.000000,0.000000,40.000000,1.779798,1.833802
0,-0.000030,0.035714,0.033333,0.677028,0.067063,498.900000,459.631944,88.965754,91.689862,44.482877,45.844931,710,270,0.035714,160.000000,0.000000,40.000000,1.779798,1.833802
0,0.001109,0.500000,0.875000,0.111588,0.040193,184.512346,283.451389,98.333333,49.562897,49.166666,24.781449,410,10,0.875000,670.000000,0.000000,45.000000,1.966705,0.000000
0,0.001109,0.500000,0.875000,0.111588,0.040193,184.512346,283.451389,98.333333,49.562897,49.166666,24.781449,1380,10,0.875000,670.000000,0.000000,45.000000,1.966705,0.000000
0,0.000000,0.125000,0.125000,0.938570,0.044221,154.382222,304.250000,63.728580,82.136101,31.864290,41.068050,3030,380,0.125000,130.000000,0.000000,30.000000,1.278024,1.642725
0,0.000000,0.111111,0.111111,0.005924,0.003784,50.586667,32.666667,83.094665,45.000000,41.547333,22.500000,1620,1480,0.111111,470.000000,0.000000,40.000000,1.661894,0.000000
0,-0.000002,1.000000,0.625000,0.061230,0.009532,161.920000,61.250000,78.854581,42.204854,39.427291,21.102427,2190,980,1.000000,970.000000,0.000000,35.000000,1.577133,0.000000
0,0.000000,0.266667,0.266667,0.943796,0.034689,256.760000,243.000000,60.680363,39.931246,30.340182,19.965623,1820,380,0.266667,130.000000,0.000000,30.000000,1.217060,0.000000
0,0.000000,1.000000,1.000000,2.107802,0.000000,1813.716049,0.000000,87.500000,0.000000,43.750000,0.000000,870,10,1.000000,460.000000,0.000000,40.000000,1.751330,0.000000
0,0.000000,1.000000,1.000000,2.107802,0.000000,1813.716049,0.000000,87.500000,0.000000,43.750000,0.000000,1340,10,1.000000,460.000000,0.000000,40.000000,1.751330,0.000000
0,0.000000,1.000000,1.000000,299.007012,0.000000,25671.111111,0.000000,76.274119,0.000000,38.137059,0.000000,730,260,1.000000,1070.000000,0.000000,35.000000,4.056118,0.000000
0,0.000000,0.300000,0.300000,0.044179,0.022916,274.562500,162.562500,74.307189,40.107644,37.153595,20.053822,2340,1320,0.300000,210.000000,0.000000,35.000000,1.486148,0.000000
0,-0.000125,0.285714,0.200000,3.128152,0.107680,713.555556,587.777778,74.323895,40.884422,37.161947,20.442211,970,620,0.285714,560.000000,0.000000,35.000000,1.496129,0.000000
0,-0.000104,0.090909,0.055556,4.166912,0.304800,1117.543210,1240.312500,77.480726,38.496493,38.740363,19.248247,1550,20,0.090909,540.000000,0.000000,35.000000,1.580468,0.000000
0,0.000032,0.041667,0.062500,0.044217,0.523729,505.560000,2040.312500,76.157801,76.696696,38.078901,38.348348,1720,190,0.062500,370.000000,0.000000,35.000000,1.523161,1.534001
0,0.000000,0.111111,0.111111,0.076416,0.055274,275.055556,243.055556,96.451842,50.000000,48.225921,25.000000,1800,460,0.111111,100.000000,0.000000,45.000000,1.929048,0.000000
0,-0.000013,0.125000,0.250000,0.001754,0.228022,45.138889,849.777778,57.677922,79.647942,28.838961,39.823971,730,10,0.333333,550.000000,0.000000,25.000000,1.153559,1.592990
0,-0.001123,0.666667,0.625000,4.789959,0.218929,288.348765,800.000000,62.876014,38.200203,31.438007,19.100101,20,20,1.000000,540.000000,0.000000,30.000000,1.302009,0.000000
0,-0.000740,0.625000,0.250000,4.784560,0.009093,270.987654,49.777778,80.179237,41.447739,40.089619,20.723870,740,20,0.625000,540.000000,0.000000,40.000000,1.648072,0.000000
0,-0.001123,0.666667,0.625000,3.988903,0.218929,288.348765,800.000000,62.876014,38.200203,31.438007,19.100101,20,20,1.000000,540.000000,0.000000,30.000000,1.288354,0.000000
0,-0.000046,1.000000,0.285714,0.034953,0.057491,250.666667,252.000000,87.500000,41.426748,43.750000,20.713374,960,10,1.000000,510.000000,0.000000,40.000000,1.750006,0.000000
0,0.000000,0.062500,0.062500,0.080888,0.274203,303.555556,1043.055556,87.907646,88.200203,43.953823,44.100101,460,370,0.062500,100.000000,0.000000,40.000000,1.758164,1.764040
0,0.000000,0.111111,0.111111,0.076416,0.055274,275.055556,243.055556,96.451842,50.000000,48.225921,25.000000,2840,460,0.111111,100.000000,0.000000,45.000000,1.929048,0.000000
0,0.000001,0.250000,1.000000,0.000000,0.000000,43.000000,0.000000,78.765286,0.000000,39.382643,0.000000,10,10,1.000000,550.000000,0.000000,35.000000,1.575306,0.000000
0,0.000000,0.111111,0.111111,0.076416,0.055274,275.055556,243.055556,96.451842,50.000000,48.225921,25.000000,1370,370,0.111111,100.000000,0.000000,45.000000,1.929048,0.000000
0,-0.000330,0.285714,0.055556,0.058554,0.115026,140.062500,499.720000,53.335945,41.338323,26.667973,20.669162,540,430,0.285714,1040.000000,0.000000,25.000000,1.066733,0.000000
0,0.000000,0.111111,0.111111,0.076416,0.055274,275.055556,243.055556,96.451842,50.000000,48.225921,25.000000,2840,1370,0.111111,100.000000,0.000000,45.000000,1.929048,0.000000
0,0.000000,0.111111,0.111111,0.076416,0.055274,275.055556,243.055556,96.451842,50.000000,48.225921,25.000000,2840,460,0.111111,100.000000,0.000000,45.000000,1.929048,0.000000
0,-0.001123,0.666667,0.625000,0.280165,0.218929,55.349174,800.000000,55.920903,38.200203,27.960452,19.100101,920,10,1.000000,550.000000,0.000000,25.000000,1.120047,0.000000
0,0.000001,0.500000,1.000000,0.280165,0.000000,51.099174,0.000000,80.242981,0.000000,40.121490,0.000000,920,10,1.000000,550.000000,0.000000,40.000000,1.606488,0.000000
0,-0.000330,0.166667,0.055556,4.166878,0.115026,1159.598765,499.720000,77.713677,41.338323,38.856838,20.669162,1040,20,0.166667,540.000000,0.000000,35.000000,1.585126,0.000000
0,-0.000740,0.285714,0.250000,0.054536,0.009093,126.312500,49.777778,53.247460,41.447739,26.623730,20.723870,430,240,0.625000,1040.000000,0.000000,25.000000,1.064962,0.000000
0,0.000000,0.111111,0.111111,0.076416,0.055274,275.055556,243.055556,96.451842,50.000000,48.225921,25.000000,460,370,0.111111,100.000000,0.000000,45.000000,1.929048,0.000000
0,-0.000104,0.083333,0.055556,0.145950,0.304800,491.812500,1240.312500,53.328091,38.496493,26.664046,19.248247,1050,430,0.166667,1040.000000,0.000000,25.000000,1.066586,0.000000
0,0.000000,0.062500,0.062500,0.080888,0.274203,303.555556,1043.055556,87.907646,88.200203,43.953823,44.100101,1800,460,0.062500,100.000000,0.000000,40.000000,1.758164,1.764040
0,0.000001,0.500000,1.000000,0.280165,0.000000,40.099174,0.000000,79.008267,0.000000,39.504133,0.000000,920,10,1.000000,550.000000,0.000000,35.000000,1.581794,0.000000
0,0.000000,0.111111,0.111111,0.076416,0.055274,275.055556,243.055556,96.451842,50.000000,48.225921,25.000000,2840,460,0.111111,100.000000,0.000000,45.000000,1.929048,0.000000
0,0.000000,0.062500,0.062500,0.080888,0.274203,303.555556,1043.055556,87.907646,88.200203,43.953823,44.100101,2840,460,0.062500,100.000000,0.000000,40.000000,1.758164,1.764040
0,-0.000046,1.000000,0.285714,0.034953,0.057491,250.666667,252.000000,87.500000,41.426748,43.750000,20.713374,50,10,1.000000,510.000000,0.000000,40.000000,1.750006,0.000000
0,-0.000740,0.625000,0.250000,3.983504,0.009093,270.987654,49.777778,80.179237,41.447739,40.089619,20.723870,740,20,0.625000,540.000000,0.000000,40.000000,1.634418,0.000000
0,0.000000,0.111111,0.111111,0.076416,0.055274,275.055556,243.055556,96.451842,50.000000,48.225921,25.000000,1800,1370,0.111111,100.000000,0.000000,45.000000,1.929048,0.000000
0,0.000000,0.111111,0.111111,0.076416,0.055274,275.055556,243.055556,96.451842,50.000000,48.225921,25.000000,460,370,0.111111,100.000000,0.000000,45.000000,1.929048,0.000000
0,-0.000331,0.333333,0.055556,0.186280,0.115026,918.500000,499.720000,78.165591,41.338323,39.082796,20.669162,1030,10,0.333333,550.000000,0.000000,35.000000,1.563331,0.000000
0,0.000000,0.111111,0.111111,0.076416,0.055274,275.055556,243.055556,96.451842,50.000000,48.225921,25.000000,2840,1370,0.111111,100.000000,0.000000,45.000000,1.929048,0.000000
0,-0.000046,1.000000,0.285714,0.034953,0.057491,250.666667,252.000000,87.500000,41.426748,43.750000,20.713374,50,10,1.000000,510.000000,0.000000,40.000000,1.750006,0.000000
0,-0.000005,0.200000,0.142857,0.020997,0.276420,165.560000,1052.000000,77.963649,79.626951,38.981824,39.813476,190,150,0.200000,370.000000,0.000000,35.000000,1.559277,1.592576
0,-0.000104,0.090909,0.055556,4.967968,0.304800,1117.543210,1240.312500,77.480726,38.496493,38.740363,19.248247,1550,20,0.090909,540.000000,0.000000,35.000000,1.594122,0.000000
0,0.000000,0.062500,0.062500,0.080888,0.274203,303.555556,1043.055556,87.907646,88.200203,43.953823,44.100101,2840,460,0.062500,100.000000,0.000000,40.000000,1.758164,1.764040
0,0.000000,0.111111,0.111111,0.076416,0.055274,275.055556,243.055556,96.451842,50.000000,48.225921,25.000000,2840,460,0.111111,100.000000,0.000000,45.000000,1.929048,0.000000
0,0.000000,0.111111,0.111111,0.076416,0.055274,275.055556,243.055556,96.451842,50.000000,48.225921,25.000000,1800,460,0.111111,100.000000,0.000000,45.000000,1.929048,0.000000
0,0.004442,0.142857,0.411765,0.655706,1.861632,836.440000,12174.000000,87.807948,81.924757,43.903974,40.962378,2220,1590,0.411765,230.000000,0.000000,40.000000,1.756847,1.638639
0,0.004442,0.142857,0.411765,0.655706,1.861632,836.440000,12174.000000,87.807948,81.924757,43.903974,40.962378,2220,1210,0.411765,230.000000,0.000000,40.000000,1.756847,1.638639
0,-0.000057,0.125000,0.125000,0.069721,0.007892,46.888889,90.000000,82.009817,50.000000,41.004909,25.000000,930,630,0.375000,630.000000,0.000000,40.000000,1.640306,0.000000
0,-0.000363,0.625000,0.375000,0.003276,0.010731,50.375000,55.555556,49.091561,39.820543,24.545780,19.910272,1050,10,0.625000,510.000000,0.000000,20.000000,0.981831,0.000000
0,0.000000,0.125000,0.125000,0.043830,0.070822,245.625000,499.720000,82.989118,41.444820,41.494559,20.722410,1250,1200,0.125000,360.000000,0.000000,40.000000,1.659786,0.000000
0,-0.000057,0.125000,0.125000,0.069721,0.007892,46.888889,90.000000,82.009817,50.000000,41.004909,25.000000,2710,930,0.375000,630.000000,0.000000,40.000000,1.640306,0.000000
0,-0.000005,0.043478,0.038462,0.040790,0.070048,374.793639,367.346939,56.036648,50.000000,28.018324,25.000000,1560,10,0.043478,280.000000,0.000000,25.000000,1.120735,0.000000
0,-0.000046,0.111111,0.058824,0.204884,0.065749,377.431953,36.000000,46.450086,33.784033,23.225043,16.892016,310,20,0.111111,270.000000,0.000000,20.000000,0.929222,0.000000
0,-0.000019,0.173913,0.153846,0.014184,0.232593,152.231139,1115.702479,56.036648,48.662235,28.018324,24.331117,970,10,0.173913,280.000000,0.000000,25.000000,1.120734,0.000000
0,-0.000019,0.173913,0.153846,0.014184,0.232593,152.231139,1115.702479,56.036648,48.662235,28.018324,24.331117,1940,10,0.173913,280.000000,0.000000,25.000000,1.120734,0.000000
0,-0.000026,0.043478,0.038462,1.275680,0.099159,10299.224195,500.000000,43.710100,39.702360,21.855050,19.851180,2140,10,0.043478,280.000000,0.000000,20.000000,0.874281,0.000000
0,-0.000005,0.043478,0.038462,0.040790,0.070048,374.793639,367.346939,56.036648,50.000000,28.018324,25.000000,770,10,0.043478,280.000000,0.000000,25.000000,1.120735,0.000000
0,-0.000005,0.043478,0.038462,0.040790,0.070048,374.793639,367.346939,56.036648,50.000000,28.018324,25.000000,2280,10,0.043478,280.000000,0.000000,25.000000,1.120735,0.000000
0,-0.000004,0.125000,0.125000,1.057202,0.037841,161.591953,243.000000,32.122438,40.807278,16.061219,20.403639,380,20,0.133333,270.000000,0.000000,15.000000,0.646111,0.000000
0,0.000000,0.142857,0.142857,0.003490,0.008398,47.811496,36.125000,47.293485,41.840210,23.646742,20.920105,210,10,0.142857,280.000000,0.000000,20.000000,0.945870,0.000000
0,-0.000005,0.043478,0.038462,0.040790,0.070048,374.793639,367.346939,56.036648,50.000000,28.018324,25.000000,2450,10,0.043478,280.000000,0.000000,25.000000,1.120735,0.000000
0,0.004273,0.095238,0.346154,13.361148,0.329085,6629.484444,1615.702479,86.662897,89.511002,43.331449,44.755501,2030,860,0.346154,410.000000,0.000000,40.000000,1.746955,1.790254
0,0.004273,0.095238,0.346154,13.361148,0.329085,6629.484444,1615.702479,86.662897,89.511002,43.331449,44.755501,2030,1830,0.346154,410.000000,0.000000,40.000000,1.746955,1.790254
0,0.000000,0.583333,0.583333,0.039145,0.016043,273.920000,131.444444,58.960075,50.000000,29.480037,25.000000,840,10,0.583333,240.000000,0.000000,25.000000,1.179204,0.000000
0,0.000000,0.583333,0.583333,0.039145,0.016043,273.920000,131.444444,58.960075,50.000000,29.480037,25.000000,1050,10,0.583333,240.000000,0.000000,25.000000,1.179204,0.000000
0,0.000000,0.083333,0.083333,0.678103,0.032955,4507.715918,400.000000,48.900953,37.810843,24.450477,18.905421,1730,10,0.083333,240.000000,0.000000,20.000000,0.978070,0.000000
0,0.000000,0.083333,0.083333,0.082946,0.066052,610.232500,630.750000,50.490287,41.460875,25.245143,20.730437,1050,10,0.083333,240.000000,0.000000,25.000000,1.009812,0.000000
0,0.000000,0.250000,0.500000,0.027583,0.338936,111.500000,2380.015625,50.000000,89.958838,25.000000,44.979419,600,10,0.500000,1190.000000,0.000000,25.000000,1.000005,1.799201
0,0.000000,0.250000,0.500000,0.027583,0.338936,111.500000,2380.015625,50.000000,89.958838,25.000000,44.979419,2100,10,0.500000,1190.000000,0.000000,25.000000,1.000005,1.799201
0,0.000000,0.166667,0.166667,0.936108,1.354382,5767.750000,256.444444,90.270977,81.180582,45.135488,40.590291,1520,630,0.166667,480.000000,0.000000,45.000000,1.805496,1.630697
0,-0.000179,0.100000,0.080000,1.965643,1.411392,11974.034722,628.913580,80.131545,71.250465,40.065773,35.625232,1590,1500,0.100000,500.000000,0.000000,40.000000,1.602792,1.432099
0,0.000000,0.166667,0.166667,0.936108,1.354382,5767.750000,256.444444,90.270977,81.180582,45.135488,40.590291,1520,840,0.166667,480.000000,0.000000,45.000000,1.805496,1.630697
0,0.000000,0.800000,0.800000,23.134491,1.346138,20245.000000,250.000000,69.062568,71.385427,34.531284,35.692714,1460,10,0.800000,540.000000,0.000000,30.000000,1.394511,1.434793
0,-0.000017,0.153846,0.115385,0.097518,2.744708,291.812500,751.580000,81.378509,69.506156,40.689254,34.753078,1310,400,0.153846,1600.000000,0.000000,40.000000,1.627587,1.398802
0,-0.000535,0.176471,0.111111,0.737017,1.336921,3728.936508,161.000000,78.038216,72.620220,39.019108,36.310110,1670,340,0.176471,330.000000,0.000000,35.000000,1.560907,1.459488
0,-0.000366,0.285714,0.250000,0.652432,1.531336,4301.500000,1308.000000,79.951601,72.609152,39.975800,36.304576,1750,960,0.285714,250.000000,0.000000,35.000000,1.599082,1.459283
0,-0.000023,0.095238,0.090909,2.307658,0.341159,3352.500000,2270.013605,79.160020,89.368466,39.580010,44.684233,1850,280,0.095238,420.000000,0.000000,35.000000,1.584148,1.787395
0,-0.000023,0.095238,0.090909,2.307658,0.341159,3352.500000,2270.013605,79.160020,89.368466,39.580010,44.684233,1850,530,0.095238,420.000000,0.000000,35.000000,1.584148,1.787395
0,-0.000025,0.166667,0.090909,0.207041,0.341159,896.444444,2270.013605,74.343758,89.368466,37.171879,44.684233,1500,110,0.285714,770.000000,0.000000,35.000000,1.486899,1.787395
0,0.000000,0.052632,0.052632,0.589145,0.235755,447.188272,2767.625000,86.247400,91.715745,43.123700,45.857872,3250,610,0.052632,110.000000,0.000000,40.000000,1.725359,1.834325
0,0.000000,0.052632,0.052632,0.589145,0.235755,447.188272,2767.625000,86.247400,91.715745,43.123700,45.857872,1750,610,0.052632,110.000000,0.000000,40.000000,1.725359,1.834325
0,-0.000045,0.050000,0.037037,1.292437,0.179303,1126.222222,885.714286,77.817924,80.688090,38.908962,40.344045,2280,1770,0.050000,410.000000,0.000000,35.000000,1.557767,1.613780
0,0.000000,0.500000,0.500000,27.317715,0.853678,5359.000000,5184.000000,75.555563,40.091992,37.777782,20.045996,2570,1890,0.500000,210.000000,0.000000,35.000000,1.580834,0.000000
0,0.000000,0.076923,0.076923,0.059325,0.341400,325.882353,1567.714286,75.634338,77.802025,37.817169,38.901013,2530,1110,0.076923,160.000000,0.000000,35.000000,1.512692,1.556078
0,0.000000,1.000000,1.000000,12.598896,0.000000,1528.222222,0.000000,73.869665,0.000000,36.934832,0.000000,1270,310,1.000000,2110.000000,0.000000,35.000000,1.542147,0.000000
0,-0.002607,0.500000,0.125000,0.615601,0.059542,701.000000,361.785714,79.802744,91.651355,39.901372,45.825678,930,250,0.500000,1220.000000,0.000000,35.000000,1.596361,1.833032
0,-0.002607,0.428571,0.125000,12.049748,0.059542,2295.000000,361.785714,82.997907,91.651355,41.498953,45.825678,2430,710,0.428571,760.000000,0.000000,40.000000,1.692163,1.833032
0,-0.002607,0.428571,0.125000,12.049748,0.059542,2295.000000,361.785714,82.997907,91.651355,41.498953,45.825678,2430,710,0.428571,760.000000,0.000000,40.000000,1.692163,1.833032
0,-0.002607,0.142857,0.125000,0.007054,0.059542,157.000000,361.785714,84.856894,91.651355,42.428447,45.825678,760,10,0.428571,710.000000,0.000000,40.000000,1.697138,1.833032
0,-0.000002,0.083333,0.076923,1.009044,0.047723,484.666667,240.285714,90.786417,50.000000,45.393209,25.000000,1990,330,0.083333,400.000000,0.000000,45.000000,1.816812,0.000000
0,-0.000002,0.083333,0.076923,1.009044,0.047723,484.666667,240.285714,90.786417,50.000000,45.393209,25.000000,2800,1990,0.083333,400.000000,0.000000,45.000000,1.816812,0.000000
0,-0.000015,0.500000,0.615385,0.386147,0.040270,1792.000000,215.111111,77.146209,37.817951,38.573104,18.908975,1330,1160,1.000000,1230.000000,0.000000,35.000000,1.543144,0.000000
0,-0.000002,0.083333,0.076923,1.009044,0.047723,484.666667,240.285714,90.786417,50.000000,45.393209,25.000000,2800,1990,0.083333,400.000000,0.000000,45.000000,1.816812,0.000000
0,-0.000002,0.083333,0.076923,1.009044,0.047723,484.666667,240.285714,90.786417,50.000000,45.393209,25.000000,1990,1760,0.083333,400.000000,0.000000,45.000000,1.816812,0.000000
0,-0.000002,0.083333,0.076923,0.966672,0.742550,5297.916667,4041.326531,71.921499,39.969019,35.960750,19.984510,1810,1680,0.083333,580.000000,0.000000,35.000000,1.439253,0.000000
0,0.000000,0.142857,0.142857,0.069407,0.167693,512.000000,1905.000000,74.486684,76.194497,37.243342,38.097249,1890,1110,0.142857,220.000000,0.000000,35.000000,1.489738,1.523898
0,0.000023,0.200000,0.100000,0.351804,0.014662,686.444444,131.444444,65.982726,50.000000,32.991363,25.000000,630,630,0.200000,850.000000,0.000000,30.000000,1.319809,0.000000
0,0.000023,0.090909,0.100000,6.746454,0.014662,1211.583333,131.444444,69.372920,50.000000,34.686460,25.000000,670,460,0.250000,810.000000,0.000000,30.000000,1.411180,0.000000
0,-0.000235,0.500000,0.235294,0.034513,0.006778,136.860000,68.642857,51.898317,40.685165,25.949159,20.342583,110,10,0.500000,1370.000000,0.000000,25.000000,1.037971,0.000000
0,-0.000024,0.090909,0.111111,0.230860,0.077817,689.693333,768.642857,54.158265,80.803440,27.079132,40.401720,1600,10,0.125000,1370.000000,0.000000,25.000000,1.083205,1.616073
0,-0.000095,0.200000,0.444444,0.313861,0.071039,883.828125,700.000000,49.369391,40.118275,24.684696,20.059137,1500,10,0.500000,1470.000000,0.000000,20.000000,0.987446,0.000000
0,-0.000379,0.454545,0.166667,0.109604,0.068798,855.555556,587.777778,69.616699,39.153521,34.808350,19.576761,730,10,0.454545,750.000000,0.000000,30.000000,1.392343,0.000000
0,-0.000010,0.125000,0.083333,0.004790,0.001589,50.375000,23.527778,52.228161,44.285714,26.114081,22.142857,320,10,0.125000,1470.000000,0.000000,25.000000,1.044564,0.000000
0,-0.000037,0.111111,0.100000,0.083412,0.001895,662.000000,20.000000,91.325210,44.029452,45.662605,22.014726,1270,10,0.111111,210.000000,0.000000,45.000000,1.826510,0.000000
0,0.000000,0.285714,0.285714,0.706205,0.010817,245.687500,96.333333,50.090848,42.499989,25.045424,21.249995,1730,10,0.285714,860.000000,0.000000,25.000000,1.002903,0.000000
0,0.000000,1.000000,1.000000,0.018648,0.026547,132.187500,229.691358,54.309519,41.391376,27.154759,20.695688,2400,10,1.000000,860.000000,0.000000,25.000000,1.086192,0.000000
0,-0.000139,0.076923,0.111111,29.340164,0.511966,6547.802469,2611.468750,83.803691,90.421597,41.901846,45.210799,1690,150,0.363636,310.000000,0.000000,40.000000,1.743625,1.808482
0,-0.000146,0.090909,0.111111,9.637246,0.511966,3472.760000,2611.468750,74.830351,90.421597,37.415175,45.210799,1480,40,0.363636,520.000000,0.000000,35.000000,1.510832,1.808482
0,-0.000146,0.142857,0.111111,0.727759,0.511966,832.760000,2611.468750,80.472369,90.421597,40.236185,45.210799,2380,1380,0.363636,620.000000,0.000000,40.000000,1.610303,1.808482
0,-0.000819,0.500000,0.400000,0.185151,0.041512,887.444444,486.000000,40.293619,38.674440,20.146809,19.337220,1550,10,0.500000,910.000000,0.000000,20.000000,0.805892,0.000000
0,-0.000169,0.285714,0.153846,0.169970,0.170196,736.583333,2250.000000,47.283248,40.408414,23.641624,20.204207,820,10,0.285714,1640.000000,0.000000,20.000000,0.945685,0.000000
0,-0.000033,0.117647,0.058824,4.638649,0.076975,2031.520000,898.836565,82.490508,50.000000,41.245254,25.000000,1370,1290,0.117647,1170.000000,0.000000,40.000000,1.661412,0.000000
0,0.000000,1.000000,1.000000,0.341791,0.046288,1265.583333,500.000000,46.598249,40.197329,23.299124,20.098664,2130,10,1.000000,330.000000,0.000000,20.000000,0.932012,0.000000
0,-0.000033,0.117647,0.058824,4.638649,0.076975,2031.520000,898.836565,82.490508,50.000000,41.245254,25.000000,1290,400,0.117647,1170.000000,0.000000,40.000000,1.661412,0.000000
0,-0.000008,0.111111,0.100000,2.137471,0.003690,1803.385802,47.040000,87.700526,39.319587,43.850263,19.659793,2180,10,0.111111,280.000000,0.000000,40.000000,1.755300,0.000000
0,-0.000004,0.034483,0.035714,2.156089,0.004313,1824.464691,59.795556,77.625284,41.302229,38.812642,20.651115,2180,1170,0.037037,280.000000,0.000000,35.000000,1.553798,0.000000
0,0.000000,0.500000,1.000000,0.510133,0.000000,2393.000000,0.000000,80.107714,0.000000,40.053857,0.000000,1830,290,1.000000,860.000000,0.000000,40.000000,1.602209,0.000000
0,0.000000,0.142857,0.142857,0.019259,0.002294,404.000000,20.000000,40.788931,36.882042,20.394466,18.441021,2110,10,0.142857,100.000000,0.000000,20.000000,0.815779,0.000000
0,0.000000,0.285714,0.285714,0.122485,0.026245,841.142857,255.444444,79.999318,41.004598,39.999659,20.502299,1810,1680,0.285714,530.000000,0.000000,35.000000,1.599995,0.000000
0,0.000000,0.058824,0.058824,0.203495,0.173891,1388.305556,1308.222222,75.157035,39.988072,37.578518,19.994036,1500,1280,0.058824,220.000000,0.000000,35.000000,1.503156,0.000000
0,-0.000503,0.615385,0.380952,0.519473,0.020573,172.563333,153.760000,86.059176,50.000000,43.029588,25.000000,1260,630,0.615385,240.000000,0.000000,40.000000,1.722012,0.000000
0,0.000000,0.380952,0.380952,1.115792,0.020573,320.369048,153.760000,86.008647,50.000000,43.004324,25.000000,1300,1180,0.380952,200.000000,0.000000,40.000000,1.722693,0.000000
0,-0.000002,0.043478,0.041667,0.186600,0.027300,124.462032,215.111111,76.550175,41.150871,38.275087,20.575436,2460,1260,0.043478,240.000000,0.000000,35.000000,1.531202,0.000000
0,0.000000,0.444444,0.444444,0.184392,0.004320,116.083333,36.000000,79.796101,43.334260,39.898050,21.667130,1260,50,0.444444,240.000000,0.000000,35.000000,1.596120,0.000000
0,-0.000211,0.636364,0.416667,0.172516,0.056283,350.666667,466.714286,91.269141,50.000000,45.634571,25.000000,600,500,0.714286,900.000000,0.000000,45.000000,1.825593,0.000000
0,-0.000503,0.615385,0.380952,0.519473,0.020573,172.563333,153.760000,86.059176,50.000000,43.029588,25.000000,2060,1260,0.615385,240.000000,0.000000,40.000000,1.722012,0.000000
0,-0.000211,0.636364,0.416667,0.172516,0.056283,350.666667,466.714286,91.269141,50.000000,45.634571,25.000000,2010,600,0.714286,900.000000,0.000000,45.000000,1.825593,0.000000
0,-0.000079,0.333333,0.222222,0.003183,0.006585,40.809524,44.444444,55.867260,42.217363,27.933630,21.108682,670,10,0.333333,830.000000,0.000000,25.000000,1.117345,0.000000
0,-0.000503,0.615385,0.380952,0.519473,0.020573,172.563333,153.760000,86.059176,50.000000,43.029588,25.000000,3100,1260,0.615385,240.000000,0.000000,40.000000,1.722012,0.000000
0,-0.000211,0.636364,0.416667,0.172516,0.056283,350.666667,466.714286,91.269141,50.000000,45.634571,25.000000,1290,600,0.714286,900.000000,0.000000,45.000000,1.825593,0.000000
0,-0.000503,0.615385,0.380952,0.519473,0.020573,172.563333,153.760000,86.059176,50.000000,43.029588,25.000000,3100,1260,0.615385,240.000000,0.000000,40.000000,1.722012,0.000000
0,0.000089,0.071429,0.071429,0.940843,0.006502,177.160000,70.560000,57.789156,42.222218,28.894578,21.111109,880,380,0.071429,620.000000,0.000000,25.000000,1.159236,0.000000
0,-0.000211,0.636364,0.416667,0.172516,0.056283,350.666667,466.714286,91.269141,50.000000,45.634571,25.000000,2180,600,0.714286,900.000000,0.000000,45.000000,1.825593,0.000000
0,-0.000001,0.166667,0.454545,0.212103,0.000000,207.222222,0.000000,89.982806,0.000000,44.991403,0.000000,1740,1000,0.500000,770.000000,0.000000,40.000000,1.800230,0.000000
0,-0.000000,0.125000,0.090909,0.504663,0.333328,1849.722222,2816.000000,79.978503,39.999985,39.989252,19.999993,2570,1000,0.125000,770.000000,0.000000,35.000000,1.600170,0.000000
0,-0.000001,0.166667,0.454545,0.212103,0.000000,207.222222,0.000000,89.982806,0.000000,44.991403,0.000000,1940,1000,0.500000,770.000000,0.000000,40.000000,1.800230,0.000000
0,-0.000003,0.100000,0.071429,1.019231,1.724054,523.730946,1289.121094,69.564836,73.480709,34.782418,36.740355,2390,1030,0.100000,490.000000,0.000000,30.000000,1.396404,1.471655
0,-0.000001,0.166667,0.454545,0.212103,0.000000,207.222222,0.000000,89.982806,0.000000,44.991403,0.000000,1720,1000,0.500000,770.000000,0.000000,40.000000,1.800230,0.000000
0,-0.000001,0.166667,0.454545,0.212103,0.000000,207.222222,0.000000,89.982806,0.000000,44.991403,0.000000,1600,1000,0.500000,770.000000,0.000000,40.000000,1.800230,0.000000
0,-0.000002,0.625000,0.545455,0.200641,0.098434,137.527778,705.333333,79.537527,40.690743,39.768764,20.345371,1000,950,0.625000,770.000000,0.000000,35.000000,1.591324,0.000000
0,0.000000,0.300000,0.300000,0.089669,0.033788,787.720000,288.000000,50.081646,41.377989,25.040823,20.688995,1490,10,0.300000,530.000000,0.000000,25.000000,1.001641,0.000000
0,0.000361,0.055556,0.111111,0.103949,0.003816,550.345000,31.250000,91.482025,50.000000,45.741012,25.000000,1630,1280,0.111111,390.000000,0.000000,45.000000,1.829650,0.000000
0,-0.000000,0.285714,0.250000,0.501497,0.004128,241.625000,24.500000,80.167616,38.975740,40.083808,19.487870,1250,160,0.285714,770.000000,0.000000,40.000000,1.609976,0.000000
0,-0.000071,0.333333,0.307692,0.130139,0.386724,162.320000,2250.000000,81.577331,40.069410,40.788665,20.034705,1290,990,0.400000,730.000000,0.000000,40.000000,1.631877,0.000000
0,0.000361,0.055556,0.111111,0.103949,0.003816,550.345000,31.250000,91.482025,50.000000,45.741012,25.000000,3360,1630,0.111111,390.000000,0.000000,45.000000,1.829650,0.000000
0,0.000000,0.111111,0.111111,1.126762,0.041092,751.720000,252.000000,80.226046,41.428571,40.113023,20.714286,1490,430,0.111111,530.000000,0.000000,40.000000,1.606663,0.000000
0,-0.000358,0.833333,0.880000,0.299295,0.064338,268.888889,705.333333,91.190624,40.194781,45.595312,20.097391,1100,450,0.952381,1320.000000,0.000000,45.000000,1.824230,0.000000
0,0.000000,1.000000,1.000000,5.150931,0.000000,1557.617778,0.000000,98.111627,0.000000,49.055814,0.000000,280,260,1.000000,2280.000000,0.000000,45.000000,1.974879,0.000000
0,-0.000022,0.086957,0.080000,0.304684,0.089279,926.658606,811.200000,95.205229,50.000000,47.602615,25.000000,2530,1440,0.086957,230.000000,0.000000,45.000000,1.904348,0.000000
0,-0.000022,0.086957,0.080000,0.304684,0.089279,926.658606,811.200000,95.205229,50.000000,47.602615,25.000000,2410,2190,0.086957,230.000000,0.000000,45.000000,1.904348,0.000000
0,-0.000000,0.083333,0.076923,0.310158,0.217868,1858.600000,2816.000000,78.999990,39.999996,39.499995,19.999998,2810,2180,0.083333,580.000000,0.000000,35.000000,1.580154,0.000000
0,-0.000022,0.086957,0.080000,0.304684,0.089279,926.658606,811.200000,95.205229,50.000000,47.602615,25.000000,2410,2310,0.086957,230.000000,0.000000,45.000000,1.904348,0.000000
0,-0.000022,0.086957,0.080000,0.304684,0.089279,926.658606,811.200000,95.205229,50.000000,47.602615,25.000000,2530,2410,0.086957,230.000000,0.000000,45.000000,1.904348,0.000000
0,0.000000,0.555556,1.000000,0.139428,0.000000,152.295918,0.000000,95.454545,0.000000,47.727273,0.000000,150,10,1.000000,2410.000000,0.000000,45.000000,1.909246,0.000000
0,-0.000022,0.086957,0.080000,0.304684,0.089279,926.658606,811.200000,95.205229,50.000000,47.602615,25.000000,2190,1440,0.086957,230.000000,0.000000,45.000000,1.904348,0.000000
0,-0.000022,0.086957,0.080000,0.304684,0.089279,926.658606,811.200000,95.205229,50.000000,47.602615,25.000000,2310,1440,0.086957,230.000000,0.000000,45.000000,1.904348,0.000000
0,0.000000,1.000000,1.000000,5.150931,0.000000,1557.617778,0.000000,98.111627,0.000000,49.055814,0.000000,480,260,1.000000,2280.000000,0.000000,45.000000,1.974879,0.000000
0,-0.000358,0.833333,0.880000,0.299295,0.064338,268.888889,705.333333,91.190624,40.194781,45.595312,20.097391,1220,450,0.952381,1320.000000,0.000000,45.000000,1.824230,0.000000
0,-0.000000,0.083333,0.076923,0.310158,0.217868,1858.600000,2816.000000,78.999990,39.999996,39.499995,19.999998,2810,1840,0.083333,580.000000,0.000000,35.000000,1.580154,0.000000
0,-0.000358,0.833333,0.880000,0.299295,0.064338,268.888889,705.333333,91.190624,40.194781,45.595312,20.097391,1240,450,0.952381,1320.000000,0.000000,45.000000,1.824230,0.000000
0,0.000000,0.562500,1.000000,0.015091,0.000000,75.485261,0.000000,66.082634,0.000000,33.041317,0.000000,210,10,1.000000,2550.000000,0.000000,30.000000,1.321655,0.000000
0,-0.000000,0.083333,0.076923,0.310158,0.217868,1858.600000,2816.000000,78.999990,39.999996,39.499995,19.999998,2810,1960,0.083333,580.000000,0.000000,35.000000,1.580154,0.000000
0,-0.000022,0.086957,0.080000,0.304684,0.089279,926.658606,811.200000,95.205229,50.000000,47.602615,25.000000,2330,1440,0.086957,230.000000,0.000000,45.000000,1.904348,0.000000
0,-0.000011,0.041667,0.040000,0.133010,0.153617,903.700617,1516.533333,91.871833,90.194781,45.935917,45.097391,1540,1440,0.041667,230.000000,0.000000,45.000000,1.837446,1.803903
0,-0.000011,0.041667,0.040000,0.133010,0.153617,903.700617,1516.533333,91.871833,90.194781,45.935917,45.097391,2410,1540,0.041667,230.000000,0.000000,45.000000,1.837446,1.803903
0,-0.000022,0.086957,0.080000,0.304684,0.089279,926.658606,811.200000,95.205229,50.000000,47.602615,25.000000,2410,2330,0.086957,230.000000,0.000000,45.000000,1.904348,0.000000
0,-0.000358,0.833333,0.880000,0.299295,0.064338,268.888889,705.333333,91.190624,40.194781,45.595312,20.097391,1440,450,0.952381,1320.000000,0.000000,45.000000,1.824230,0.000000
0,-0.000000,0.083333,0.076923,0.310158,0.217868,1858.600000,2816.000000,78.999990,39.999996,39.499995,19.999998,2810,1980,0.083333,580.000000,0.000000,35.000000,1.580154,0.000000
0,0.000000,1.000000,1.000000,5.150931,0.000000,1557.617778,0.000000,98.111627,0.000000,49.055814,0.000000,260,140,1.000000,2280.000000,0.000000,45.000000,1.974879,0.000000
0,0.000000,0.555556,1.000000,0.139428,0.000000,152.295918,0.000000,95.454545,0.000000,47.727273,0.000000,350,10,1.000000,2410.000000,0.000000,45.000000,1.909246,0.000000
0,0.000000,0.250000,0.250000,0.020444,0.048035,110.000000,360.000000,53.675603,37.178090,26.837801,18.589045,1250,10,0.250000,420.000000,0.000000,25.000000,1.073514,0.000000
0,-0.000006,0.428571,0.142857,0.304483,0.004575,92.320000,45.000000,92.000000,42.000000,46.000000,21.000000,2430,1160,0.428571,510.000000,0.000000,45.000000,1.840514,0.000000
0,0.000000,0.250000,0.250000,0.020444,0.048035,110.000000,360.000000,53.675603,37.178090,26.837801,18.589045,1040,10,0.250000,420.000000,0.000000,25.000000,1.073514,0.000000
0,0.000000,0.285714,0.285714,0.014321,0.008276,142.555556,73.500000,60.011423,40.410712,30.005712,20.205356,1330,10,0.285714,130.000000,0.000000,30.000000,1.200229,0.000000
0,0.000000,0.250000,1.000000,0.175839,0.000000,54.222222,0.000000,60.808796,0.000000,30.404398,0.000000,300,90,1.000000,1370.000000,0.000000,30.000000,1.216700,0.000000
0,-0.000006,0.428571,0.142857,0.304483,0.004575,92.320000,45.000000,92.000000,42.000000,46.000000,21.000000,2430,950,0.428571,510.000000,0.000000,45.000000,1.840514,0.000000
0,0.000000,0.285714,0.285714,0.014321,0.008276,142.555556,73.500000,60.011423,40.410712,30.005712,20.205356,1540,10,0.285714,130.000000,0.000000,30.000000,1.200229,0.000000
0,-0.000000,0.166667,0.125000,0.136009,0.003514,528.000000,27.222222,50.399910,42.000000,25.199955,21.000000,570,10,0.166667,1150.000000,0.000000,25.000000,1.008016,0.000000
0,-0.000009,0.142857,0.055556,2.611465,0.013725,501.360000,81.666667,47.925056,40.360326,23.962528,20.180163,150,10,0.142857,1570.000000,0.000000,20.000000,0.965517,0.000000
0,-0.000019,0.600000,0.307692,0.092757,0.003705,84.000000,33.880000,69.535221,43.003467,34.767611,21.501734,280,10,0.600000,1710.000000,0.000000,30.000000,1.390920,0.000000
0,0.000000,0.200000,0.200000,0.915662,0.043354,2730.888889,242.000000,65.035547,39.973207,32.517774,19.986604,1480,140,0.200000,240.000000,0.000000,30.000000,1.301068,0.000000
0,-0.000000,0.416667,0.384615,0.203603,0.058577,202.979167,309.760000,78.893464,40.566520,39.446732,20.283260,1510,1420,0.416667,670.000000,0.000000,35.000000,1.577979,0.000000
0,-0.000000,0.125000,0.076923,0.074994,0.056858,476.555556,385.333333,81.954317,40.833270,40.977158,20.416635,2310,810,0.125000,1280.000000,0.000000,40.000000,1.639092,0.000000
0,0.000000,0.285714,0.307692,0.045960,0.000927,211.406250,12.000000,83.648062,40.000000,41.824031,20.000000,1940,730,0.307692,1360.000000,0.000000,40.000000,1.672966,0.000000
0,-0.000010,0.428571,0.217391,0.103909,0.039244,984.000000,288.000000,52.572475,41.720360,26.286237,20.860180,1010,10,0.500000,1820.000000,0.000000,25.000000,1.051458,0.000000
0,-0.000005,0.125000,0.100000,0.081655,0.005634,146.969388,63.000000,80.933135,43.039485,40.466567,21.519742,1500,1400,0.125000,1330.000000,0.000000,40.000000,1.618702,0.000000
0,0.000038,0.437500,0.833333,0.089481,0.114986,225.224490,971.040000,79.063477,39.305885,39.531738,19.652942,2170,1500,0.833333,1330.000000,0.000000,35.000000,1.581309,0.000000
0,-0.000004,0.166667,0.125000,0.042504,0.003711,213.795918,27.222222,50.474229,41.999807,25.237115,20.999904,1710,10,0.166667,1120.000000,0.000000,25.000000,1.009489,0.000000
0,-0.000000,0.800000,0.500000,0.020964,0.006734,116.000000,52.937500,49.775771,37.668282,24.887885,18.834141,3160,10,0.800000,1020.000000,0.000000,20.000000,0.995518,0.000000
0,-0.000002,0.050000,0.043478,0.148376,0.154230,733.897539,1259.040000,79.233204,81.026245,39.616602,40.513122,3160,1490,0.050000,340.000000,0.000000,35.000000,1.584687,1.620534
0,0.000000,0.142857,0.142857,0.184414,0.059471,88.472222,542.312500,83.739452,89.180582,41.869726,44.590291,2690,210,0.142857,1120.000000,0.000000,40.000000,1.675349,1.783615
0,0.000000,0.125000,0.142857,9.909656,0.059471,2619.222222,542.312500,84.979883,89.180582,42.489941,44.590291,3010,460,0.142857,800.000000,0.000000,40.000000,1.718529,1.783615
0,0.000000,0.125000,0.142857,8.530919,0.059471,1358.222222,542.312500,82.117537,89.180582,41.058768,44.590291,3000,270,0.142857,810.000000,0.000000,40.000000,1.669651,1.783615
0,0.000000,0.125000,0.142857,0.550453,0.158637,248.425347,1376.040000,82.459471,78.748230,41.229736,39.374115,2750,2450,0.142857,1060.000000,0.000000,40.000000,1.649860,1.574974
0,0.000000,0.125000,0.125000,0.073282,0.092667,669.121094,575.000000,47.476828,40.802831,23.738414,20.401415,2910,10,0.125000,120.000000,0.000000,20.000000,0.949541,0.000000
0,0.000000,0.125000,0.125000,0.051062,0.000782,560.444444,12.000000,48.446935,40.000000,24.223468,20.000000,3220,10,0.125000,120.000000,0.000000,20.000000,0.968941,0.000000
0,0.000000,0.500000,0.500000,0.005982,0.044151,75.867769,275.000000,49.681426,41.128204,24.840713,20.564102,980,10,0.500000,120.000000,0.000000,20.000000,0.993629,0.000000
0,0.000000,0.125000,0.125000,0.005575,0.011423,79.795556,81.666667,49.411672,41.167970,24.705836,20.583985,1530,10,0.125000,120.000000,0.000000,20.000000,0.988234,0.000000
0,-0.000019,0.074074,0.064516,2.493857,0.063884,1581.025510,812.000000,86.187284,89.767789,43.093642,44.883895,2870,1300,0.074074,480.000000,0.000000,40.000000,1.726459,1.795358
0,-0.000019,0.074074,0.064516,2.493857,0.063884,1581.025510,812.000000,86.187284,89.767789,43.093642,44.883895,2870,2270,0.074074,480.000000,0.000000,40.000000,1.726459,1.795358
0,-0.000011,0.529412,0.476190,0.139572,0.022385,518.159722,287.000000,75.947744,81.282531,37.973872,40.641266,2580,340,0.529412,770.000000,0.000000,35.000000,1.519042,1.625652
0,-0.000010,0.038462,0.032258,0.450157,0.046556,858.267168,587.000000,80.722123,80.817757,40.361061,40.408879,2770,2460,0.038462,580.000000,0.000000,40.000000,1.614678,1.616357
0,0.000000,0.500000,0.500000,0.092358,0.003647,567.444444,76.000000,80.424361,80.000000,40.212180,40.000000,3210,970,0.500000,140.000000,0.000000,40.000000,1.608495,1.600000
0,0.000000,0.666667,0.666667,0.621444,0.009366,137.500000,175.000000,97.499813,50.000000,48.749906,25.000000,2230,10,0.666667,170.000000,0.000000,45.000000,1.951586,0.000000
0,0.000000,0.666667,0.666667,0.621444,0.009366,137.500000,175.000000,97.499813,50.000000,48.749906,25.000000,3360,10,0.666667,170.000000,0.000000,45.000000,1.951586,0.000000
0,0.000000,0.500000,0.500000,4.394068,0.134232,1589.000000,1798.222222,85.192055,40.684771,42.596028,20.342385,1320,10,0.500000,170.000000,0.000000,40.000000,1.709978,0.000000
0,0.000000,0.142857,0.142857,0.004269,0.736171,1778.437500,4183.110000,74.667234,79.580735,37.333617,39.790368,1870,10,0.142857,910.000000,0.000000,35.000000,1.493345,1.591682
0,-0.000001,0.666667,0.400000,0.012277,0.005644,89.500000,59.876033,49.909908,92.004444,24.954954,46.002222,1420,10,0.666667,1470.000000,0.000000,20.000000,0.998199,1.840089
0,-0.000002,0.095238,0.066667,0.298532,0.027780,1967.592593,240.509642,90.988646,91.328557,45.494323,45.664279,3050,960,0.095238,830.000000,0.000000,45.000000,1.819796,1.826573
0,-0.000035,0.076923,0.045455,8.606253,0.130848,1696.234568,1112.793388,79.954935,90.534539,39.977468,45.267270,2700,270,0.076923,960.000000,0.000000,35.000000,1.626408,1.810698
0,0.000000,0.200000,0.200000,0.003321,0.017925,112.777778,160.520000,85.765704,83.992308,42.882852,41.996154,2780,10,0.200000,110.000000,0.000000,40.000000,1.715314,1.679847
0,-0.000002,0.095238,0.066667,0.298532,0.027780,1967.592593,240.509642,90.988646,91.328557,45.494323,45.664279,1550,960,0.095238,830.000000,0.000000,45.000000,1.819796,1.826573
0,-0.000001,0.444444,0.400000,9.909333,0.005644,2624.666667,59.876033,85.979883,92.004444,42.989941,46.002222,1940,460,0.444444,950.000000,0.000000,40.000000,1.738529,1.840089
0,-0.000001,0.200000,0.400000,0.009572,0.005644,176.666667,59.876033,80.232445,92.004444,40.116223,46.002222,1900,240,0.444444,990.000000,0.000000,40.000000,1.604649,1.840089
0,-0.000035,0.142857,0.045455,0.557757,0.130848,282.453125,1112.793388,80.402583,90.534539,40.201292,45.267270,2450,270,0.142857,1210.000000,0.000000,40.000000,1.608723,1.810698
0,-0.000035,0.047619,0.045455,9.947106,0.130848,2957.234568,1112.793388,82.825691,90.534539,41.412846,45.267270,2710,460,0.052632,950.000000,0.000000,40.000000,1.675448,1.810698
0,0.000000,0.666667,0.666667,0.627406,0.000000,3580.000000,0.000000,48.340726,0.000000,24.170363,0.000000,1810,10,0.666667,210.000000,0.000000,20.000000,0.966870,0.000000
0,-0.000005,0.058824,0.050000,0.004384,2.519600,77.065459,850.000000,87.171591,79.554250,43.585795,39.777125,2420,10,0.058824,630.000000,0.000000,40.000000,1.743432,1.596234
0,0.000000,0.250000,0.250000,0.148434,0.001954,1541.000000,20.000000,36.983429,39.999793,18.491714,19.999897,1330,10,0.250000,480.000000,0.000000,15.000000,0.739676,0.000000
0,-0.000009,0.307692,0.076923,0.100721,0.019418,564.345679,208.372500,75.091326,40.908434,37.545663,20.454217,2020,1110,0.307692,700.000000,0.000000,35.000000,1.501836,0.000000
0,0.000844,0.222222,0.615385,0.377476,0.393851,2450.000000,4000.000000,73.100144,40.077134,36.550072,20.038567,1240,930,0.615385,570.000000,0.000000,35.000000,1.462033,0.000000
0,-0.000008,0.111111,0.100000,0.027868,0.064126,173.760000,600.000000,58.000000,40.150745,29.000000,20.075372,2380,10,0.111111,320.000000,0.000000,25.000000,1.160003,0.000000
0,-0.000008,0.111111,0.100000,0.027868,0.064126,173.760000,600.000000,58.000000,40.150745,29.000000,20.075372,3420,10,0.111111,320.000000,0.000000,25.000000,1.160003,0.000000
0,-0.000008,0.111111,0.100000,0.027868,0.064126,173.760000,600.000000,58.000000,40.150745,29.000000,20.075372,950,10,0.111111,320.000000,0.000000,25.000000,1.160003,0.000000
0,0.000000,1.000000,1.000000,0.007848,0.119390,62.707031,1200.000000,48.098556,79.466951,24.049278,39.733475,2780,10,1.000000,320.000000,0.000000,20.000000,0.961972,1.589345
0,-0.000008,0.111111,0.100000,0.027868,0.064126,173.760000,600.000000,58.000000,40.150745,29.000000,20.075372,3420,10,0.111111,320.000000,0.000000,25.000000,1.160003,0.000000
0,-0.000008,0.111111,0.100000,0.725248,1.604467,4165.632653,16850.000000,47.809600,80.274971,23.904800,40.137485,2480,10,0.111111,320.000000,0.000000,20.000000,0.956255,1.605576
0,-0.000008,0.111111,0.100000,0.027868,0.064126,173.760000,600.000000,58.000000,40.150745,29.000000,20.075372,1460,10,0.111111,320.000000,0.000000,25.000000,1.160003,0.000000
0,0.001598,0.294118,0.357143,1.013982,0.067959,504.972222,600.000000,90.866918,39.751624,45.433459,19.875812,2160,330,0.384615,980.000000,0.000000,45.000000,1.818422,0.000000
0,0.001598,0.294118,0.357143,1.013982,0.067959,504.972222,600.000000,90.866918,39.751624,45.433459,19.875812,2800,2160,0.384615,980.000000,0.000000,45.000000,1.818422,0.000000
0,0.001598,0.238095,0.357143,1.106726,0.067959,278.551020,600.000000,87.705639,39.751624,43.852820,19.875812,2500,1180,0.357143,640.000000,0.000000,40.000000,1.756632,0.000000
0,0.001598,0.294118,0.357143,1.013982,0.067959,504.972222,600.000000,90.866918,39.751624,45.433459,19.875812,2800,2160,0.384615,980.000000,0.000000,45.000000,1.818422,0.000000
0,0.001598,0.294118,0.357143,1.013982,0.067959,504.972222,600.000000,90.866918,39.751624,45.433459,19.875812,2160,1760,0.384615,980.000000,0.000000,45.000000,1.818422,0.000000
0,0.002922,0.333333,0.571429,31.304909,1.962123,8160.000000,16850.000000,73.088123,79.796747,36.544061,39.898373,1140,840,0.571429,2000.000000,0.000000,35.000000,1.524019,1.596049
0,0.000247,0.125000,0.142857,0.005578,0.099960,78.832031,856.888889,84.858837,81.909705,42.429418,40.954853,2790,10,0.142857,350.000000,0.000000,40.000000,1.697177,1.638200
0,0.000000,0.571429,0.571429,0.003844,0.002522,56.111111,32.666667,50.011556,40.170605,25.005778,20.085302,2810,10,0.571429,500.000000,0.000000,25.000000,1.000231,0.000000
0,0.000000,0.200000,0.200000,0.014114,0.015924,109.000000,180.000000,80.975728,38.640382,40.487864,19.320191,2870,770,0.200000,440.000000,0.000000,40.000000,1.619515,0.000000
0,0.001688,0.285714,0.444444,1.037197,0.046763,971.777778,320.760000,72.026889,40.908780,36.013444,20.454390,740,740,0.444444,590.000000,0.000000,35.000000,1.441721,0.000000
0,-0.000278,0.125000,0.111111,0.183705,0.002618,119.485207,18.720000,78.888520,42.291231,39.444260,21.145615,1190,650,0.125000,140.000000,0.000000,35.000000,1.578427,0.000000
0,0.000000,0.066667,0.066667,0.662961,0.234971,3701.594375,1647.998264,75.672621,82.663171,37.836311,41.331585,950,410,0.066667,200.000000,0.000000,35.000000,1.513666,1.653280
0,0.000000,0.714286,1.000000,0.134210,0.000000,173.250000,0.000000,92.857143,0.000000,46.428571,0.000000,2480,10,1.000000,1350.000000,0.000000,45.000000,1.857290,0.000000
0,0.000000,1.000000,1.000000,1.851594,0.000000,480.571429,0.000000,92.757607,0.000000,46.378803,0.000000,3140,1180,1.000000,690.000000,0.000000,45.000000,1.858846,0.000000
0,0.000000,1.000000,1.000000,0.156816,0.059405,942.020408,400.000000,49.999999,40.231041,25.000000,20.115520,2920,10,1.000000,280.000000,0.000000,20.000000,1.000013,0.000000
0,-0.000160,0.444444,0.083333,1.011643,0.015551,1808.285714,99.000000,83.747155,41.529009,41.873577,20.764504,1270,670,0.444444,690.000000,0.000000,40.000000,1.676139,0.000000
0,0.000179,0.812500,0.842105,0.017032,0.043898,62.160503,256.888889,93.750000,41.506068,46.875000,20.753034,960,10,0.842105,400.000000,0.000000,45.000000,1.875006,0.000000
0,-0.000000,0.125000,0.111111,0.099693,0.044390,275.260000,295.750000,90.393544,41.428566,45.196772,20.714283,2210,1530,0.125000,580.000000,0.000000,45.000000,1.807895,0.000000
0,-0.000160,0.444444,0.083333,1.011643,0.015551,1808.285714,99.000000,83.747155,41.529009,41.873577,20.764504,3140,1270,0.444444,690.000000,0.000000,40.000000,1.676139,0.000000
0,0.001541,0.235294,0.280000,1.576517,1.696376,3848.000000,10609.040000,89.673871,40.012724,44.836935,20.006362,2800,1860,0.307692,1030.000000,0.000000,40.000000,1.794609,0.000000
0,0.000179,0.812500,0.842105,0.017032,0.043898,62.160503,256.888889,93.750000,41.506068,46.875000,20.753034,3430,10,0.842105,400.000000,0.000000,45.000000,1.875006,0.000000
0,0.000000,0.714286,1.000000,0.134210,0.000000,173.250000,0.000000,92.857143,0.000000,46.428571,0.000000,1440,10,1.000000,1350.000000,0.000000,45.000000,1.857290,0.000000
0,-0.000026,0.120000,0.073171,0.702066,0.176414,862.381182,1171.039167,89.943922,90.522859,44.971961,45.261430,1980,1820,0.120000,860.000000,0.000000,40.000000,1.799357,1.810470
0,0.000000,1.000000,1.000000,1.042089,0.000000,58.080000,0.000000,55.925767,0.000000,27.962884,0.000000,50,50,1.000000,3780.000000,0.000000,25.000000,1.135354,0.000000
0,0.000000,1.000000,1.000000,1.851594,0.000000,480.571429,0.000000,92.757607,0.000000,46.378803,0.000000,2100,1180,1.000000,690.000000,0.000000,45.000000,1.858846,0.000000
0,-0.000000,0.125000,0.111111,0.099693,0.044390,275.260000,295.750000,90.393544,41.428566,45.196772,20.714283,1530,1290,0.125000,580.000000,0.000000,45.000000,1.807895,0.000000
0,-0.000160,0.444444,0.083333,1.011643,0.015551,1808.285714,99.000000,83.747155,41.529009,41.873577,20.764504,2100,1270,0.444444,690.000000,0.000000,40.000000,1.676139,0.000000
0,-0.000160,0.444444,0.083333,1.011643,0.015551,1808.285714,99.000000,83.747155,41.529009,41.873577,20.764504,3140,1270,0.444444,690.000000,0.000000,40.000000,1.676139,0.000000
0,-0.000168,0.705882,0.500000,0.072078,0.060885,91.125000,396.750000,94.444444,40.437041,47.222222,20.218521,590,10,0.722222,770.000000,0.000000,45.000000,1.888946,0.000000
0,0.001541,0.190476,0.280000,6.761282,1.696376,4281.612245,10609.040000,84.810096,40.012724,42.405048,20.006362,2200,1180,0.291667,690.000000,0.000000,40.000000,1.702686,0.000000
0,0.000000,0.200000,1.000000,1.544727,0.000000,895.111111,0.000000,83.017839,0.000000,41.508920,0.000000,1200,160,1.000000,2630.000000,0.000000,40.000000,1.661830,0.000000
0,-0.000168,0.444444,0.500000,1.105900,0.060885,276.285714,396.750000,89.151215,40.437041,44.575607,20.218521,1180,90,0.722222,690.000000,0.000000,40.000000,1.785544,0.000000
0,0.000000,0.857143,0.833333,0.073330,0.144032,479.253968,962.666667,64.268153,50.000000,32.134076,25.000000,570,10,0.866667,1320.000000,0.000000,30.000000,1.285369,0.000000
0,-0.000000,0.071429,0.055556,1.426108,0.144340,342.806437,834.567901,84.022579,50.000000,42.011289,25.000000,2130,400,0.071429,930.000000,0.000000,40.000000,1.683622,0.000000
0,0.000000,0.071429,0.071429,4.359994,1.757261,3459.876543,11005.790000,81.815526,80.449765,40.907763,40.224883,2770,660,0.071429,120.000000,0.000000,40.000000,1.639242,1.609136
0,0.003255,0.062500,0.315789,0.515501,1.740274,4181.757653,10865.928889,83.695383,81.518792,41.847691,40.759396,2490,10,0.333333,400.000000,0.000000,40.000000,1.673940,1.630515
0,-0.000168,0.705882,0.500000,0.072078,0.060885,91.125000,396.750000,94.444444,40.437041,47.222222,20.218521,3060,10,0.722222,770.000000,0.000000,45.000000,1.888946,0.000000
0,-0.000000,0.250000,0.222222,0.649328,0.032382,472.470679,208.372500,80.099136,40.522859,40.049568,20.261430,1980,470,0.250000,860.000000,0.000000,40.000000,1.602457,0.000000
0,-0.000000,0.125000,0.111111,0.099693,0.044390,275.260000,295.750000,90.393544,41.428566,45.196772,20.714283,3250,1530,0.125000,580.000000,0.000000,45.000000,1.807895,0.000000
0,-0.000000,0.125000,0.111111,0.099693,0.044390,275.260000,295.750000,90.393544,41.428566,45.196772,20.714283,3250,1530,0.125000,580.000000,0.000000,45.000000,1.807895,0.000000
0,-0.000508,0.142857,0.111111,0.012913,0.026156,72.250000,126.437500,40.169279,38.323348,20.084639,19.161674,600,10,0.142857,730.000000,0.000000,20.000000,0.803387,0.000000
0,-0.000000,0.071429,0.055556,1.426108,0.144340,342.806437,834.567901,84.022579,50.000000,42.011289,25.000000,1160,400,0.071429,930.000000,0.000000,40.000000,1.683622,0.000000
0,0.000000,0.200000,1.000000,1.544727,0.000000,895.111111,0.000000,83.017839,0.000000,41.508920,0.000000,1200,160,1.000000,2630.000000,0.000000,40.000000,1.661830,0.000000
0,0.000000,0.857143,0.833333,0.073330,0.144032,479.253968,962.666667,64.268153,50.000000,32.134076,25.000000,2080,10,0.866667,1320.000000,0.000000,30.000000,1.285369,0.000000
0,-0.000026,0.120000,0.073171,0.702066,0.176414,862.381182,1171.039167,89.943922,90.522859,44.971961,45.261430,2710,1980,0.120000,860.000000,0.000000,40.000000,1.799357,1.810470
0,0.000000,0.857143,0.833333,0.073330,0.144032,479.253968,962.666667,64.268153,50.000000,32.134076,25.000000,2250,10,0.866667,1320.000000,0.000000,30.000000,1.285369,0.000000
0,-0.000026,0.120000,0.073171,0.702066,0.176414,862.381182,1171.039167,89.943922,90.522859,44.971961,45.261430,1980,1030,0.120000,860.000000,0.000000,40.000000,1.799357,1.810470
0,0.001541,0.235294,0.280000,1.576517,1.696376,3848.000000,10609.040000,89.673871,40.012724,44.836935,20.006362,1860,1760,0.307692,1030.000000,0.000000,40.000000,1.794609,0.000000
0,-0.000000,0.125000,0.111111,0.099693,0.044390,275.260000,295.750000,90.393544,41.428566,45.196772,20.714283,1530,780,0.125000,580.000000,0.000000,45.000000,1.807895,0.000000
0,-0.000026,0.120000,0.073171,0.702066,0.176414,862.381182,1171.039167,89.943922,90.522859,44.971961,45.261430,2540,1980,0.120000,860.000000,0.000000,40.000000,1.799357,1.810470
0,0.000000,0.071429,0.071429,0.938807,0.007419,151.302857,70.560000,61.023828,42.222222,30.511914,21.111111,380,220,0.071429,1110.000000,0.000000,30.000000,1.223929,0.000000
0,0.001541,0.235294,0.280000,1.576517,1.696376,3848.000000,10609.040000,89.673871,40.012724,44.836935,20.006362,2800,1860,0.307692,1030.000000,0.000000,40.000000,1.794609,0.000000
0,0.000179,0.812500,0.842105,0.017032,0.043898,62.160503,256.888889,93.750000,41.506068,46.875000,20.753034,1470,10,0.842105,400.000000,0.000000,45.000000,1.875006,0.000000
0,0.000000,0.714286,1.000000,0.134210,0.000000,173.250000,0.000000,92.857143,0.000000,46.428571,0.000000,2480,10,1.000000,1350.000000,0.000000,45.000000,1.857290,0.000000
0,0.000000,1.000000,1.000000,1.851594,0.000000,480.571429,0.000000,92.757607,0.000000,46.378803,0.000000,3140,1180,1.000000,690.000000,0.000000,45.000000,1.858846,0.000000
0,-0.000160,0.571429,0.083333,0.383938,0.015551,277.250000,99.000000,79.968586,41.529009,39.984293,20.764504,1080,990,0.571429,880.000000,0.000000,35.000000,1.600418,0.000000
0,0.000179,0.812500,0.842105,0.017032,0.043898,62.160503,256.888889,93.750000,41.506068,46.875000,20.753034,3430,10,0.842105,400.000000,0.000000,45.000000,1.875006,0.000000
0,-0.000168,0.705882,0.500000,0.072078,0.060885,91.125000,396.750000,94.444444,40.437041,47.222222,20.218521,2020,10,0.722222,770.000000,0.000000,45.000000,1.888946,0.000000
0,0.001541,0.235294,0.280000,1.576517,1.696376,3848.000000,10609.040000,89.673871,40.012724,44.836935,20.006362,1860,330,0.307692,1030.000000,0.000000,40.000000,1.794609,0.000000
0,0.000179,0.812500,0.842105,0.017032,0.043898,62.160503,256.888889,93.750000,41.506068,46.875000,20.753034,2390,10,0.842105,400.000000,0.000000,45.000000,1.875006,0.000000
0,0.000000,0.857143,0.833333,0.073330,0.144032,479.253968,962.666667,64.268153,50.000000,32.134076,25.000000,1360,10,0.866667,1320.000000,0.000000,30.000000,1.285369,0.000000
0,-0.000168,0.705882,0.500000,0.072078,0.060885,91.125000,396.750000,94.444444,40.437041,47.222222,20.218521,3060,10,0.722222,770.000000,0.000000,45.000000,1.888946,0.000000
0,-0.000334,0.375000,0.071429,0.005032,0.104783,80.692901,653.638889,85.874423,81.943109,42.937211,40.971555,380,10,0.375000,400.000000,0.000000,40.000000,1.717489,1.638871
0,0.000000,1.000000,1.000000,1.851594,0.000000,480.571429,0.000000,92.757607,0.000000,46.378803,0.000000,1180,670,1.000000,690.000000,0.000000,45.000000,1.858846,0.000000
0,-0.000000,0.071429,0.066667,0.257599,1.433936,69.555556,845.000000,77.497033,73.250517,38.748517,36.625258,1140,370,0.071429,360.000000,0.000000,35.000000,1.550920,1.466749
0,0.000000,0.055556,0.055556,0.836034,0.067650,824.373333,470.586735,70.135400,80.025947,35.067700,40.012974,3910,1340,0.055556,120.000000,0.000000,35.000000,1.403427,1.600524
0,0.000853,0.133333,0.200000,0.254657,0.075613,56.500000,422.500000,76.233248,75.056289,38.116624,37.528144,1100,370,0.200000,360.000000,0.000000,35.000000,1.525644,1.501133
0,-0.000012,0.100000,0.090909,0.125700,0.044050,673.121094,274.318400,56.700030,81.756563,28.350015,40.878282,2960,10,0.100000,480.000000,0.000000,25.000000,1.134013,1.635135
0,-0.000012,0.100000,0.090909,0.013725,0.002928,105.666667,20.000000,56.583461,39.969385,28.291731,19.984693,1580,10,0.100000,480.000000,0.000000,25.000000,1.131670,0.000000
0,0.000000,0.066667,0.066667,0.169234,0.023745,632.884375,360.789388,75.693436,83.522073,37.846718,41.761036,1990,410,0.066667,320.000000,0.000000,35.000000,1.514043,1.670442
0,-0.000002,0.166667,0.142857,0.022596,0.005738,153.312500,69.361111,50.349924,91.998522,25.174962,45.999261,1140,10,0.166667,560.000000,0.000000,25.000000,1.007000,1.839971
0,-0.000002,0.166667,0.142857,0.022596,0.005738,153.312500,69.361111,50.349924,91.998522,25.174962,45.999261,1210,10,0.166667,560.000000,0.000000,25.000000,1.007000,1.839971
0,0.000000,0.090909,0.090909,7.269997,0.006925,3692.060942,74.060000,70.432510,41.468553,35.216255,20.734277,1270,1170,0.090909,260.000000,0.000000,35.000000,1.415959,0.000000
0,-0.000023,0.250000,0.181818,0.300721,0.023352,1403.061728,254.318400,79.720082,41.833895,39.860041,20.916948,2810,780,0.250000,650.000000,0.000000,35.000000,1.594434,0.000000
0,-0.000002,0.166667,0.142857,0.022596,0.005738,153.312500,69.361111,50.349924,91.998522,25.174962,45.999261,960,10,0.166667,560.000000,0.000000,25.000000,1.007000,1.839971
0,-0.000011,0.111111,0.090909,1.180346,0.017242,2187.979592,192.538194,88.813989,50.000000,44.406994,25.000000,3790,1050,0.111111,380.000000,0.000000,40.000000,1.778707,0.000000
0,0.000000,0.133333,0.133333,0.325469,0.001600,2211.437500,16.000000,80.078993,42.467762,40.039496,21.233881,2350,2050,0.133333,130.000000,0.000000,40.000000,1.601604,0.000000
0,-0.000011,0.111111,0.090909,1.180346,0.017242,2187.979592,192.538194,88.813989,50.000000,44.406994,25.000000,2290,1050,0.111111,380.000000,0.000000,40.000000,1.778707,0.000000
0,-0.005963,0.263158,0.076923,0.275817,0.004205,296.440000,38.111111,89.924758,50.000000,44.962379,25.000000,1170,790,0.380952,920.000000,0.000000,40.000000,1.798634,0.000000
0,-0.000004,0.272727,0.062500,0.014041,0.055471,241.144097,461.280000,72.563156,40.266823,36.281578,20.133411,630,10,0.272727,1460.000000,0.000000,35.000000,1.451264,0.000000
0,-0.005963,0.263158,0.076923,0.275817,0.004205,296.440000,38.111111,89.924758,50.000000,44.962379,25.000000,1170,610,0.380952,920.000000,0.000000,40.000000,1.798634,0.000000
0,-0.005963,0.263158,0.076923,0.275817,0.004205,296.440000,38.111111,89.924758,50.000000,44.962379,25.000000,1170,860,0.380952,920.000000,0.000000,40.000000,1.798634,0.000000
0,0.000000,0.200000,0.200000,0.027062,0.056613,106.666667,550.000000,75.833329,81.807924,37.916664,40.903962,1550,640,0.200000,260.000000,0.000000,35.000000,1.516672,1.636161
0,0.000000,0.111111,0.111111,0.148283,0.037384,237.534722,235.131657,83.999996,41.871605,41.999998,20.935802,3310,1430,0.111111,180.000000,0.000000,40.000000,1.680048,0.000000
0,0.000000,1.000000,1.000000,0.012311,0.019229,79.080000,118.750000,48.227646,39.986139,24.113823,19.993070,710,10,1.000000,1600.000000,0.000000,20.000000,0.964554,0.000000
0,-0.000075,0.250000,0.222222,0.382943,0.016467,101.612847,113.906250,80.385459,41.984757,40.192729,20.992378,2470,1100,0.250000,510.000000,0.000000,40.000000,1.608680,0.000000
0,-0.000000,0.166667,0.142857,0.065615,0.052104,527.222222,337.500000,81.836191,41.666570,40.918096,20.833285,2660,1070,0.166667,540.000000,0.000000,40.000000,1.636728,0.000000
0,0.000277,0.105263,0.083333,0.017517,0.081747,1850.625000,732.248521,76.182707,40.907135,38.091353,20.453568,810,10,0.105263,1320.000000,0.000000,35.000000,1.523655,0.000000
0,-0.002928,0.500000,0.142857,0.009800,0.002900,75.795556,31.250000,41.757023,41.999583,20.878512,20.999792,1520,10,0.500000,610.000000,0.000000,20.000000,0.835141,0.000000
0,-0.000211,0.888889,0.625000,0.018618,0.004742,83.578889,40.344000,89.924758,41.914976,44.962379,20.957488,1170,10,0.888889,960.000000,0.000000,40.000000,1.798498,0.000000
0,0.000000,0.583333,0.583333,0.057191,0.004301,75.055350,40.320000,81.963788,40.145280,40.981894,20.072640,3210,1990,0.583333,140.000000,0.000000,40.000000,1.639313,0.000000
0,-0.003413,0.625000,0.416667,0.004460,0.002113,35.360000,33.880000,55.788227,41.481721,27.894113,20.740861,420,10,0.750000,2120.000000,0.000000,25.000000,1.115765,0.000000
0,-0.002333,0.500000,0.111111,0.014309,0.006024,74.190000,66.666667,49.434259,41.641261,24.717130,20.820631,430,10,0.500000,1700.000000,0.000000,20.000000,0.988687,0.000000
0,0.000274,0.060606,0.083333,0.028250,0.013625,200.214693,118.750000,82.999695,40.409870,41.499847,20.204935,2090,1890,0.083333,240.000000,0.000000,40.000000,1.659996,0.000000
0,0.000000,0.058824,0.058824,0.048179,0.030822,166.151148,288.128472,77.019292,81.703014,38.509646,40.851507,2900,600,0.058824,120.000000,0.000000,35.000000,1.540398,1.634062
0,0.000000,0.125000,0.125000,0.014264,0.039379,412.947500,324.480000,77.118854,40.639368,38.559427,20.319684,2390,10,0.125000,180.000000,0.000000,35.000000,1.542378,0.000000
0,0.000000,0.111111,0.111111,0.256667,0.038687,311.750000,338.000000,75.416696,38.905421,37.708348,19.452711,2130,1060,0.111111,440.000000,0.000000,35.000000,1.508600,0.000000
0,0.002048,0.050000,0.250000,0.380142,0.055553,218.113426,445.280000,62.985541,39.862159,31.492770,19.931079,2420,790,0.250000,150.000000,0.000000,30.000000,1.261262,0.000000
0,-0.000005,0.066667,0.050000,0.332037,0.088544,882.517958,776.020408,85.431556,50.000000,42.715778,25.000000,2820,2130,0.066667,440.000000,0.000000,40.000000,1.708902,0.000000
0,-0.000224,0.615385,0.100000,0.431146,0.069372,1321.865702,631.377551,78.977316,40.908381,39.488658,20.454190,1750,550,0.615385,820.000000,0.000000,35.000000,1.579938,0.000000
0,-0.000005,0.066667,0.050000,0.332037,0.088544,882.517958,776.020408,85.431556,50.000000,42.715778,25.000000,2130,1850,0.066667,440.000000,0.000000,40.000000,1.708902,0.000000
0,0.000000,0.142857,0.142857,0.010797,0.011812,67.305556,107.555556,58.276960,39.810857,29.138480,19.905429,70,10,0.142857,120.000000,0.000000,25.000000,1.165540,0.000000
0,0.000000,0.714286,0.714286,0.004642,0.035900,44.991111,441.000000,73.759703,50.000000,36.879851,25.000000,2780,10,0.714286,120.000000,0.000000,35.000000,1.475194,0.000000
0,0.000000,0.285714,0.285714,0.232358,0.251810,1511.111111,2988.444444,64.379947,39.917944,32.189974,19.958972,1870,10,0.285714,120.000000,0.000000,30.000000,1.287617,0.000000
0,0.000000,0.714286,0.714286,0.004642,0.035900,44.991111,441.000000,73.759703,50.000000,36.879851,25.000000,3910,10,0.714286,120.000000,0.000000,35.000000,1.475194,0.000000
0,0.000000,0.714286,0.714286,0.005013,0.003077,47.111111,37.396122,72.985189,48.785666,36.492595,24.392833,550,10,0.714286,120.000000,0.000000,35.000000,1.459704,0.000000
0,0.000000,0.714286,0.714286,0.005013,0.003077,47.111111,37.396122,72.985189,48.785666,36.492595,24.392833,3570,10,0.714286,120.000000,0.000000,35.000000,1.459704,0.000000
0,0.000000,1.000000,1.000000,0.084946,0.038901,248.760000,324.480000,76.957987,40.742580,38.478994,20.371290,2090,10,1.000000,210.000000,0.000000,35.000000,1.539385,0.000000
0,-0.000273,0.444444,0.285714,2.206247,0.056973,8573.000000,448.000000,77.376415,41.428568,38.688208,20.714284,1960,640,0.444444,340.000000,0.000000,35.000000,1.549151,0.000000
0,0.000000,0.083333,0.083333,0.066987,0.033715,524.666667,181.187500,77.741620,79.058324,38.870810,39.529162,2030,740,0.083333,420.000000,0.000000,35.000000,1.554837,1.581170
0,0.000000,0.117647,0.117647,0.269313,0.087397,312.051358,445.280000,25.252954,40.503643,12.626477,20.251821,810,10,0.117647,170.000000,0.000000,10.000000,0.505183,0.000000
0,0.000000,0.066667,0.066667,0.002042,0.004732,46.949861,27.591837,40.778641,40.319851,20.389320,20.159926,50,10,0.066667,130.000000,0.000000,20.000000,0.815573,0.000000
0,0.000000,0.375000,0.375000,0.002958,0.087076,39.358025,486.000000,45.798927,34.823897,22.899464,17.411949,470,10,0.375000,170.000000,0.000000,20.000000,0.915979,0.000000
0,0.000000,0.176471,0.176471,0.012321,0.036699,93.418025,191.326531,47.388368,39.264509,23.694184,19.632255,1490,10,0.176471,170.000000,0.000000,20.000000,0.947768,0.000000
0,0.000000,0.125000,0.125000,0.272271,0.174473,312.693333,931.280000,59.352433,75.327540,29.676217,37.663770,810,470,0.125000,170.000000,0.000000,25.000000,1.187173,1.506567
0,0.000008,0.400000,0.375000,0.034489,0.123775,211.777778,677.326531,58.512415,74.088407,29.256208,37.044203,1030,10,0.400000,630.000000,0.000000,25.000000,1.170251,1.481779
0,0.000000,0.029412,0.029412,0.281634,0.124096,366.753333,636.606531,60.941874,79.768152,30.470937,39.884076,1490,810,0.029412,170.000000,0.000000,30.000000,1.218962,1.595375
0,-0.000037,0.125000,0.083333,5.015512,0.281794,1694.500000,3429.444444,87.692243,90.425619,43.846121,45.212809,2230,1320,0.125000,720.000000,0.000000,40.000000,1.761571,1.808524
0,0.000559,0.333333,0.250000,0.069622,0.039489,193.949219,492.235457,90.802201,97.993352,45.401100,48.996676,3440,3100,0.333333,640.000000,0.000000,45.000000,1.816120,1.959869
0,0.000428,0.105263,0.142857,1.084435,0.250959,1539.889197,3039.679902,75.867022,88.418971,37.933511,44.209485,1840,520,0.150000,200.000000,0.000000,35.000000,1.527110,1.768390
0,0.000559,0.333333,0.250000,0.069622,0.039489,193.949219,492.235457,90.802201,97.993352,45.401100,48.996676,3100,2310,0.333333,640.000000,0.000000,45.000000,1.816120,1.959869
0,0.000246,0.272727,0.250000,0.888543,0.039489,92.826697,492.235457,85.299572,97.993352,42.649786,48.996676,3880,520,0.272727,200.000000,0.000000,40.000000,1.715748,1.959869
0,-0.000037,0.125000,0.083333,5.015512,0.281794,1694.500000,3429.444444,87.692243,90.425619,43.846121,45.212809,3360,1320,0.125000,720.000000,0.000000,40.000000,1.761571,1.808524
0,0.000522,0.117647,0.142857,0.284890,0.250959,1817.171441,3039.679902,81.228333,88.418971,40.614166,44.209485,3100,1400,0.150000,640.000000,0.000000,40.000000,1.624657,1.768390
0,0.000246,0.272727,0.250000,0.888543,0.039489,92.826697,492.235457,85.299572,97.993352,42.649786,48.996676,2750,520,0.272727,200.000000,0.000000,40.000000,1.715748,1.959869
0,0.000194,0.166667,0.181818,0.006238,0.004120,59.678025,40.320000,47.268093,41.428507,23.634046,20.714253,3260,10,0.181818,200.000000,0.000000,20.000000,0.945362,0.000000
0,0.000821,0.117647,0.181818,0.118547,0.068361,751.606545,621.920000,46.739722,40.488727,23.369861,20.244363,1240,10,0.181818,200.000000,0.000000,20.000000,0.934804,0.000000
0,-0.000003,0.166667,0.100000,0.340977,0.029856,701.714286,267.701531,82.823231,81.131410,41.411616,40.565705,2720,330,0.166667,900.000000,0.000000,40.000000,1.657741,1.622630
0,0.002053,0.294118,0.454545,0.006876,0.004067,59.702025,35.485822,47.019634,43.064960,23.509817,21.532480,880,10,0.454545,200.000000,0.000000,20.000000,0.940393,0.000000
0,0.000000,0.100000,0.100000,0.333253,0.035058,773.930556,293.960000,82.195348,80.426193,41.097674,40.213096,1690,930,0.100000,300.000000,0.000000,40.000000,1.643980,1.608526
0,0.000097,0.083333,0.090909,0.003064,0.021604,53.238025,244.444444,47.797200,50.000000,23.898600,25.000000,2450,10,0.090909,200.000000,0.000000,20.000000,0.955944,0.000000
0,0.000000,0.083333,0.071429,1.120413,0.017125,4098.160000,283.080000,69.728580,91.428571,34.864290,45.714286,2020,380,0.111111,1400.000000,0.000000,30.000000,1.398029,1.828572
0,0.000000,0.083333,0.071429,1.120413,0.017125,4098.160000,283.080000,69.728580,91.428571,34.864290,45.714286,2550,380,0.111111,1400.000000,0.000000,30.000000,1.398029,1.828572
0,0.000000,0.066667,0.071429,16.665492,0.017125,2115.000000,283.080000,82.542540,91.428571,41.271270,45.714286,560,20,0.071429,1220.000000,0.000000,40.000000,1.724733,1.828572
0,0.000000,0.250000,0.250000,0.010341,0.033762,126.000000,390.687500,51.859943,79.671337,25.929971,39.835668,2140,10,0.250000,140.000000,0.000000,25.000000,1.037199,1.593428
0,0.000287,0.400000,0.666667,0.058013,0.047966,384.000000,347.000000,76.770480,90.204854,38.385240,45.102427,530,180,0.666667,370.000000,0.000000,35.000000,1.535414,1.804100
0,0.000440,0.166667,0.666667,0.120252,0.047966,336.000000,347.000000,78.625158,90.204854,39.312579,45.102427,560,260,0.666667,340.000000,0.000000,35.000000,1.572699,1.804100
0,0.000000,0.428571,0.428571,3.077941,0.626146,221.561419,615.375000,76.154076,87.916659,38.077038,43.958330,2600,680,0.428571,120.000000,0.000000,35.000000,1.547899,1.758896
0,0.000007,0.500000,0.714286,0.008385,0.036707,63.040000,331.500000,43.001118,82.406150,21.500559,41.203075,360,10,0.714286,790.000000,0.000000,20.000000,0.860023,1.648125
0,0.000000,0.428571,0.428571,0.002877,0.626146,77.187500,615.375000,56.672172,87.916659,28.336086,43.958330,640,10,0.428571,160.000000,0.000000,25.000000,1.133444,1.758896
0,-0.000048,0.125000,0.076923,0.179718,0.003244,1206.510204,36.000000,50.242094,80.298140,25.121047,40.149070,430,10,0.125000,770.000000,0.000000,25.000000,1.004856,1.605963
0,-0.000110,0.142857,0.083333,0.508643,0.306154,2042.361111,2146.000000,78.377806,77.641525,39.188903,38.820762,3790,1480,0.200000,1110.000000,0.000000,35.000000,1.568102,1.552852
0,-0.000055,0.117647,0.052632,0.226371,0.423097,1589.472222,3006.418367,86.869934,87.660579,43.434967,43.830289,1970,1500,0.117647,1090.000000,0.000000,40.000000,1.737415,1.753241
0,-0.000055,0.117647,0.052632,0.226371,0.423097,1589.472222,3006.418367,86.869934,87.660579,43.434967,43.830289,1500,1180,0.117647,1090.000000,0.000000,40.000000,1.737415,1.753241
0,-0.000109,0.238095,0.210526,0.339744,0.336004,661.479167,2292.495868,78.206858,78.883216,39.103429,39.441608,2030,1810,0.272727,560.000000,0.000000,35.000000,1.564317,1.577689
0,-0.000014,0.333333,0.157895,0.032020,0.450046,160.400000,2116.000000,40.168890,84.719402,20.084445,42.359701,1280,10,0.714286,2580.000000,0.000000,20.000000,0.803381,1.694593
0,-0.000055,0.117647,0.052632,0.226371,0.423097,1589.472222,3006.418367,86.869934,87.660579,43.434967,43.830289,2860,1500,0.117647,1090.000000,0.000000,40.000000,1.737415,1.753241
0,-0.000014,0.142857,0.157895,0.938453,0.450046,466.555863,2116.000000,75.966239,84.719402,37.983119,42.359701,2270,520,0.166667,320.000000,0.000000,35.000000,1.529085,1.694593
0,-0.000055,0.117647,0.052632,0.226371,0.423097,1589.472222,3006.418367,86.869934,87.660579,43.434967,43.830289,2690,1500,0.117647,1090.000000,0.000000,40.000000,1.737415,1.753241
0,0.000000,0.066667,0.066667,1.726584,3.844308,707.833333,3448.000000,76.506973,75.606012,38.253487,37.803006,2370,1780,0.066667,220.000000,0.000000,35.000000,1.532434,1.516648
0,0.000001,0.500000,0.625000,0.041804,0.044725,357.625000,745.000000,89.987879,90.204812,44.993940,45.102406,3360,330,0.625000,570.000000,0.000000,40.000000,1.799760,1.804098
0,0.000001,0.500000,0.625000,0.041804,0.044725,357.625000,745.000000,89.987879,90.204812,44.993940,45.102406,920,330,0.625000,570.000000,0.000000,40.000000,1.799760,1.804098
0,0.000001,0.500000,0.625000,0.041804,0.044725,357.625000,745.000000,89.987879,90.204812,44.993940,45.102406,820,330,0.625000,570.000000,0.000000,40.000000,1.799760,1.804098
0,-0.000000,0.375000,0.333333,0.020365,0.113019,275.444444,897.343750,41.237504,81.176039,20.618752,40.588019,2240,10,0.375000,1000.000000,0.000000,20.000000,0.824751,1.623528
0,-0.000015,0.062500,0.066667,0.503406,0.228235,335.955402,1730.343750,76.794462,79.076844,38.397231,39.538422,2520,1300,0.090909,720.000000,0.000000,35.000000,1.536887,1.581552
0,0.000000,0.200000,0.200000,0.200935,0.110765,272.372500,930.343750,70.851892,75.987668,35.425946,37.993834,2700,270,0.200000,540.000000,0.000000,35.000000,1.417270,1.519760
0,0.000000,0.500000,0.500000,0.057317,0.089141,472.280000,552.625000,32.697897,79.416196,16.348949,39.708098,860,10,0.500000,300.000000,0.000000,15.000000,0.653962,1.588331
0,0.000000,0.111111,0.200000,0.380488,0.129103,249.675926,863.625000,63.057526,79.432137,31.528763,39.716068,1350,790,0.222222,370.000000,0.000000,30.000000,1.262701,1.588653
0,0.000018,0.028571,0.027778,0.300791,0.125245,501.065833,855.968750,59.887352,79.464736,29.943676,39.732368,2910,810,0.028571,350.000000,0.000000,25.000000,1.197873,1.589304
0,-0.000063,0.076923,0.066667,1.436943,0.136559,335.488426,885.625000,59.720504,81.432629,29.860252,40.716315,790,680,0.076923,370.000000,0.000000,25.000000,1.197970,1.628663
0,0.000000,0.200000,0.200000,0.044306,0.028425,372.656000,338.000000,81.247710,39.996762,40.623855,19.998381,1630,10,0.200000,100.000000,0.000000,40.000000,1.624957,0.000000
0,0.000000,0.027027,0.027027,0.610105,0.025862,339.894281,330.343750,79.859874,40.123738,39.929937,20.061869,3170,10,0.027027,100.000000,0.000000,35.000000,1.597807,0.000000
0,0.000000,0.812500,0.812500,0.007126,0.010351,87.737633,108.653061,81.341900,38.626432,40.670950,19.313216,230,10,0.812500,100.000000,0.000000,40.000000,1.626838,0.000000
0,0.000000,0.256410,0.256410,0.154131,0.791637,1148.044823,1012.227539,91.288434,48.780488,45.644217,24.390244,2420,10,0.256410,100.000000,0.000000,45.000000,1.825779,0.000000
0,0.000000,0.066667,0.066667,0.052027,0.033379,394.656000,360.000000,83.252518,41.997144,41.626259,20.998572,960,10,0.066667,100.000000,0.000000,40.000000,1.665054,0.000000
0,0.000000,1.000000,1.000000,4.831815,0.057347,475.656000,525.625000,81.267483,39.562389,40.633741,19.781195,1070,10,1.000000,100.000000,0.000000,40.000000,1.651820,0.000000
0,0.000000,0.500000,0.500000,0.002924,0.001876,61.656000,27.000000,81.092085,39.984387,40.546042,19.992193,220,10,0.500000,100.000000,0.000000,40.000000,1.621842,0.000000
0,0.000000,0.166667,0.166667,0.003118,0.002000,74.976000,40.320000,82.717006,41.428571,41.358503,20.714286,1820,10,0.166667,100.000000,0.000000,40.000000,1.654340,0.000000
0,0.000000,0.256410,0.256410,0.154131,0.791637,1148.044823,1012.227539,91.288434,48.780488,45.644217,24.390244,3390,10,0.256410,100.000000,0.000000,45.000000,1.825779,0.000000
0,0.000000,0.090909,0.090909,0.046747,0.230436,476.480000,2324.480000,81.931962,81.153961,40.965981,40.576980,2510,2490,0.090909,140.000000,0.000000,40.000000,1.638642,1.623091
0,-0.000002,0.166667,0.125000,0.428724,0.014599,574.390625,113.906250,80.309639,41.999995,40.154819,20.999998,2690,2470,0.166667,830.000000,0.000000,40.000000,1.607165,0.000000
0,0.000000,1.000000,1.000000,0.256958,0.025701,747.834711,173.395062,80.685005,40.793393,40.342502,20.396696,2660,1770,1.000000,860.000000,0.000000,40.000000,1.613781,0.000000
0,-0.000027,0.066667,0.062500,0.351639,1.493194,683.662222,16032.000000,75.220706,78.601783,37.610353,39.300892,1930,290,0.066667,160.000000,0.000000,35.000000,1.505565,1.572105
0,0.000000,0.125000,0.125000,0.316937,1.300491,254.328889,13919.320000,76.965687,79.856567,38.482844,39.928283,940,290,0.125000,160.000000,0.000000,35.000000,1.540463,1.597192
0,-0.000012,0.026316,0.025000,0.377741,0.034451,1951.217041,455.140496,76.274979,81.603224,38.137489,40.801612,1110,750,0.029412,540.000000,0.000000,35.000000,1.525577,1.632066
0,-0.000126,0.111111,0.090909,0.676164,0.027542,85.386667,317.140496,71.678234,82.602114,35.839117,41.301057,1490,750,0.111111,540.000000,0.000000,35.000000,1.436623,1.652043
0,0.000000,0.083333,0.083333,0.064107,0.067634,168.320000,873.395062,81.630491,81.053542,40.815246,40.526771,3210,2190,0.083333,460.000000,0.000000,40.000000,1.632648,1.621073
0,0.000000,0.076923,0.076923,3.079880,0.048754,228.422530,757.000000,84.154167,100.000000,42.077084,50.000000,2600,1630,0.076923,260.000000,0.000000,40.000000,1.707901,2.000002
0,0.000034,0.051282,0.052632,3.094703,0.061184,309.061419,902.395062,75.066088,90.907218,37.533044,45.453609,2600,2390,0.054054,260.000000,0.000000,35.000000,1.526140,1.818146
0,0.000000,0.076923,0.076923,0.004108,0.048754,84.048611,757.000000,64.672423,100.000000,32.336211,50.000000,1840,10,0.076923,300.000000,0.000000,30.000000,1.293449,2.000002
0,0.000281,0.083333,0.583333,0.056418,0.099636,74.200000,1429.000000,82.820966,90.146324,41.410483,45.073162,3210,2400,0.583333,460.000000,0.000000,40.000000,1.656457,1.802930
0,-0.000024,0.057143,0.050000,0.069925,0.066671,677.315051,1029.000000,55.580335,90.000000,27.790168,45.000000,1350,10,0.057143,300.000000,0.000000,25.000000,1.111611,1.800002
0,-0.000022,0.054054,0.050000,3.201463,0.066671,904.250194,1029.000000,73.673185,90.000000,36.836592,45.000000,2600,1390,0.054054,260.000000,0.000000,35.000000,1.498292,1.800002
0,-0.000059,0.742857,0.650000,0.004704,0.060966,86.281500,884.140496,56.621180,91.603224,28.310590,45.801612,990,10,0.742857,300.000000,0.000000,25.000000,1.132424,1.832067
0,0.000000,0.583333,0.583333,0.004267,0.099636,86.257500,1429.000000,54.759981,90.146324,27.379991,45.073162,3370,10,0.583333,300.000000,0.000000,25.000000,1.095200,1.802930
0,0.000030,0.057143,0.052632,0.013517,0.061184,164.687500,902.395062,55.337670,90.907218,27.668835,45.453609,2350,10,0.057143,300.000000,0.000000,25.000000,1.106754,1.818146
0,0.000000,0.076923,0.076923,3.079880,0.048754,228.422530,757.000000,84.154167,100.000000,42.077084,50.000000,2600,1810,0.076923,260.000000,0.000000,40.000000,1.707901,2.000002
0,0.000125,0.111111,0.650000,0.003161,0.060966,65.130000,884.140496,94.285714,91.603224,47.142857,45.801612,1580,10,0.666667,1280.000000,0.000000,45.000000,1.885714,1.832067
0,0.000000,0.076923,0.076923,0.004108,0.048754,84.048611,757.000000,64.672423,100.000000,32.336211,50.000000,1770,10,0.076923,300.000000,0.000000,30.000000,1.293449,2.000002
0,-0.000029,0.058824,0.050000,0.054193,0.103023,507.217500,1351.222222,55.381738,91.423751,27.690869,45.711875,1530,10,0.058824,300.000000,0.000000,25.000000,1.107638,1.828479
0,0.000000,0.062500,0.062500,0.233286,0.026275,194.070400,315.140496,83.893261,83.603224,41.946630,41.801612,1770,1120,0.062500,170.000000,0.000000,40.000000,1.678031,1.672066
0,0.000000,0.076923,0.076923,3.079880,0.048754,228.422530,757.000000,84.154167,100.000000,42.077084,50.000000,2600,1880,0.076923,260.000000,0.000000,40.000000,1.707901,2.000002
0,0.000000,0.076923,0.076923,0.004108,0.048754,84.048611,757.000000,64.672423,100.000000,32.336211,50.000000,1590,10,0.076923,300.000000,0.000000,30.000000,1.293449,2.000002
0,0.000013,0.028571,0.026316,0.067025,0.028964,162.221730,328.535558,78.344945,82.510441,39.172473,41.255221,2110,750,0.028571,540.000000,0.000000,35.000000,1.566950,1.650210
0,-0.000027,0.052632,0.050000,3.252200,0.103023,1086.311419,1351.222222,71.385911,91.423751,35.692956,45.711875,2600,1570,0.052632,260.000000,0.000000,35.000000,1.452553,1.828479
0,0.000000,0.500000,0.500000,0.133124,0.067416,69.350400,855.140496,80.608482,81.749548,40.304241,40.874774,3210,830,0.500000,460.000000,0.000000,40.000000,1.612312,1.634994
0,-0.000229,0.200000,0.176471,1.723563,0.196461,669.659780,2172.000000,85.976206,90.780814,42.988103,45.390407,1780,620,0.200000,330.000000,0.000000,40.000000,1.721819,1.815625
0,-0.000222,0.111111,0.100000,0.146176,0.043732,55.201697,612.000000,75.043667,90.474329,37.521834,45.237165,3540,3160,0.111111,430.000000,0.000000,35.000000,1.501135,1.809488
0,0.000047,0.250000,0.875000,0.079701,0.004811,30.484375,59.320000,75.578952,91.574896,37.789476,45.787448,410,240,0.875000,710.000000,0.000000,35.000000,1.511747,1.831498
0,-0.000002,0.083333,0.062500,1.042615,0.123091,1039.889197,1312.000000,74.645754,91.536943,37.322877,45.768472,1670,520,0.083333,430.000000,0.000000,35.000000,1.502684,1.830745
0,-0.000051,0.147059,0.222222,1.002059,0.020815,899.264197,312.000000,76.184069,90.000000,38.092035,45.000000,1230,520,0.235294,430.000000,0.000000,35.000000,1.533446,1.800001
0,0.000000,0.125000,0.125000,0.034811,0.102762,263.320000,1230.320000,54.477265,82.324556,27.238632,41.162278,980,10,0.125000,140.000000,0.000000,25.000000,1.089548,1.646495
0,-0.000002,0.090909,0.062500,0.062062,0.123091,600.693878,1312.000000,81.208005,91.536943,40.604003,45.768472,3490,1620,0.090909,480.000000,0.000000,40.000000,1.624163,1.830745
0,0.000205,0.833333,0.846154,0.007328,0.099534,98.555457,1195.000000,62.810602,90.749660,31.405301,45.374830,3830,10,0.846154,140.000000,0.000000,30.000000,1.256213,1.814997
0,-0.000229,0.200000,0.176471,1.723563,0.196461,669.659780,2172.000000,85.976206,90.780814,42.988103,45.390407,3640,1780,0.200000,330.000000,0.000000,40.000000,1.721819,1.815625
0,0.000205,0.833333,0.846154,0.007328,0.099534,98.555457,1195.000000,62.810602,90.749660,31.405301,45.374830,810,10,0.846154,140.000000,0.000000,30.000000,1.256213,1.814997
0,-0.000049,0.190476,0.222222,1.957560,0.020815,2479.397851,312.000000,77.307362,90.000000,38.653681,45.000000,3010,700,0.235294,960.000000,0.000000,35.000000,1.547150,1.800001
0,-0.005436,0.416667,0.076923,0.006269,1.388105,85.648889,15055.000000,52.839696,79.655908,26.419848,39.827954,330,10,0.416667,140.000000,0.000000,25.000000,1.056794,1.593182
0,0.000041,1.000000,0.875000,0.194366,0.004811,166.306122,59.320000,68.169052,91.574896,34.084526,45.787448,2860,10,1.000000,1110.000000,0.000000,30.000000,1.363666,1.831498
0,-0.001692,0.583333,0.666667,0.886021,1.290154,63.889197,13884.000000,62.541082,88.906248,31.270541,44.453124,520,40,0.807692,430.000000,0.000000,30.000000,1.260578,1.778185
0,-0.000222,0.111111,0.100000,0.883823,0.043732,55.201697,612.000000,75.043667,90.474329,37.521834,45.237165,3160,520,0.111111,430.000000,0.000000,35.000000,1.510630,1.809488
0,-0.001687,0.166667,0.666667,0.001414,1.290154,48.693878,13884.000000,50.771814,88.906248,25.385907,44.453124,3510,10,0.807692,460.000000,0.000000,25.000000,1.015436,1.778185
0,-0.000019,0.031250,0.055556,0.663371,1.710922,4900.943815,2613.950139,89.056798,90.546795,44.528399,45.273397,2240,1440,0.068966,1160.000000,0.000000,40.000000,1.781181,1.811551
0,-0.000193,0.153846,0.125000,0.405794,0.090110,3484.423611,528.000000,81.185719,82.648319,40.592860,41.324160,2710,640,0.153846,690.000000,0.000000,40.000000,1.623738,1.652974
0,-0.000001,0.333333,0.166667,0.301812,1.182853,1580.000000,7275.000000,58.971254,81.935283,29.485627,40.967641,1270,10,0.333333,2130.000000,0.000000,25.000000,1.179458,1.638802
0,-0.000019,0.031250,0.055556,0.663371,1.710922,4900.943815,2613.950139,89.056798,90.546795,44.528399,45.273397,2410,2240,0.068966,1160.000000,0.000000,40.000000,1.781181,1.811551
0,0.000000,0.027778,0.027778,1.733944,0.124637,11543.677083,756.589844,79.125908,82.035555,39.562954,41.017778,3270,3220,0.027778,130.000000,0.000000,35.000000,1.582648,1.640721
0,-0.000017,0.142857,0.130435,0.043404,0.057493,396.444444,428.160000,41.666667,77.279945,20.833333,38.639973,3870,10,0.142857,600.000000,0.000000,20.000000,0.833336,1.545603
0,0.000173,0.428571,0.461538,0.008112,0.002501,67.517361,27.360000,39.604184,78.855019,19.802092,39.427509,1300,10,0.571429,600.000000,0.000000,15.000000,0.792084,1.577100
0,-0.000040,0.285714,0.214286,0.004001,0.322953,43.111111,1887.000000,42.468367,77.996570,21.234183,38.998285,570,10,0.285714,600.000000,0.000000,20.000000,0.849368,1.559959
0,0.000562,0.285714,1.000000,0.002806,0.005955,42.361111,56.567901,50.000000,87.269407,25.000000,43.634704,2040,10,1.000000,600.000000,0.000000,25.000000,1.000000,1.745388
0,0.000562,0.285714,1.000000,0.002806,0.005955,42.361111,56.567901,50.000000,87.269407,25.000000,43.634704,4120,10,1.000000,600.000000,0.000000,25.000000,1.000000,1.745388
0,0.000079,0.076923,0.166667,0.171024,0.003379,509.358025,51.555556,76.061249,81.965657,38.030624,40.982828,1110,200,0.166667,260.000000,0.000000,35.000000,1.521458,1.639313
0,0.000000,0.066667,0.066667,0.121487,0.026449,282.608025,451.715556,76.895565,82.491647,38.447782,41.245824,4230,200,0.066667,260.000000,0.000000,35.000000,1.538140,1.649834
0,0.000000,0.076923,0.076923,0.377797,0.457005,3908.333333,3888.888889,81.247736,39.999946,40.623868,19.999973,4110,1740,0.076923,250.000000,0.000000,40.000000,1.624982,0.000000
0,-0.000408,0.250000,0.222222,0.145884,0.275501,735.900000,2048.000000,79.994371,39.968385,39.997186,19.984193,1980,1210,0.625000,780.000000,0.000000,35.000000,1.599902,0.000000
0,-0.000034,0.125000,0.076923,0.054311,0.038199,312.883136,267.592593,90.000000,50.000000,45.000000,25.000000,4280,1660,0.125000,330.000000,0.000000,40.000000,1.800005,0.000000
0,-0.000034,0.125000,0.076923,0.054311,0.038199,312.883136,267.592593,90.000000,50.000000,45.000000,25.000000,2780,1660,0.125000,330.000000,0.000000,40.000000,1.800005,0.000000
0,0.000000,0.153846,0.153846,0.088038,0.086255,551.924444,532.480000,80.212262,40.765959,40.106131,20.382979,2100,1740,0.153846,250.000000,0.000000,40.000000,1.604260,0.000000
0,0.000000,0.461538,0.461538,0.047808,0.008143,295.924444,68.906250,82.091727,42.102427,41.045863,21.051214,2490,1740,0.461538,250.000000,0.000000,40.000000,1.641847,0.000000
0,0.000000,0.076923,0.076923,1.819519,0.038199,287.037037,267.592593,90.482880,50.000000,45.241440,25.000000,1860,170,0.076923,130.000000,0.000000,45.000000,1.815828,0.000000
0,0.000117,0.833333,0.823529,0.457609,1.276856,883.375000,14172.000000,49.116828,79.814116,24.558414,39.907058,1200,10,0.866667,530.000000,0.000000,20.000000,0.982458,1.596340
0,-0.000279,0.500000,0.600000,0.299402,0.061400,1760.437500,900.000000,74.702205,80.080613,37.351102,40.040306,1940,10,0.666667,1720.000000,0.000000,35.000000,1.495704,1.601614
0,-0.000233,0.555556,0.500000,0.038788,1.299204,39.312500,14472.000000,44.347891,79.894729,22.173945,39.947364,3130,10,0.555556,530.000000,0.000000,20.000000,0.887007,1.597953
0,-0.000067,0.100000,0.058824,0.406014,0.065795,237.500000,484.589844,80.569450,80.498977,40.284725,40.249489,2160,140,0.100000,1260.000000,0.000000,40.000000,1.611795,1.609984
0,-0.000048,0.111111,0.090909,0.916482,0.142200,328.611111,928.000000,75.618056,80.121076,37.809028,40.060538,900,670,0.111111,500.000000,0.000000,35.000000,1.513766,1.602432
0,0.000482,0.750000,0.666667,0.175633,0.449889,879.617284,2898.090000,60.000001,89.565082,30.000000,44.782541,2440,10,0.777778,1200.000000,0.000000,30.000000,1.200018,1.791337
0,0.000025,0.047619,0.040000,0.036211,0.048980,323.975309,371.949844,79.321834,82.026787,39.660917,41.013393,3020,1560,0.047619,400.000000,0.000000,35.000000,1.586439,1.640539
0,0.000482,0.750000,0.666667,0.175633,0.449889,879.617284,2898.090000,60.000001,89.565082,30.000000,44.782541,1470,10,0.777778,1200.000000,0.000000,30.000000,1.200018,1.791337
0,-0.000048,0.111111,0.090909,0.931351,0.259704,407.750000,1700.000000,75.617088,79.565046,37.808544,39.782523,710,670,0.111111,500.000000,0.000000,35.000000,1.513748,1.591321
0,0.000334,0.333333,0.363636,1.050931,0.438243,1130.317901,2798.090000,84.189567,89.999963,42.094784,44.999982,2170,670,0.363636,500.000000,0.000000,40.000000,1.685207,1.800034
0,-0.000122,0.125000,0.083333,0.047924,0.183299,275.444444,1256.589844,50.050357,79.942947,25.025179,39.971473,2220,10,0.125000,1200.000000,0.000000,25.000000,1.001012,1.598872
0,-0.000487,0.500000,0.333333,0.007129,0.153846,57.500000,1028.000000,51.201443,79.686195,25.600722,39.843098,200,10,0.500000,1200.000000,0.000000,25.000000,1.024030,1.593735
0,0.000334,0.333333,0.363636,1.050931,0.438243,1130.317901,2798.090000,84.189567,89.999963,42.094784,44.999982,3140,670,0.363636,500.000000,0.000000,40.000000,1.685207,1.800034
0,-0.000014,1.000000,0.764706,1.196658,0.332385,1071.562500,2126.090000,58.000263,90.121113,29.000131,45.060557,1280,10,1.000000,1390.000000,0.000000,25.000000,1.160683,1.802448
0,-0.000014,1.000000,0.764706,1.196658,0.332385,1071.562500,2126.090000,58.000263,90.121113,29.000131,45.060557,2250,10,1.000000,1390.000000,0.000000,25.000000,1.160683,1.802448
0,0.000000,0.166667,0.166667,0.861186,0.674752,6941.306122,10800.000000,79.996088,38.789177,39.998044,19.394588,2050,10,0.166667,170.000000,0.000000,35.000000,1.599976,0.000000
0,-0.001250,0.125000,0.062500,0.122241,0.134211,980.720185,1998.090000,90.000000,50.000000,45.000000,25.000000,3480,10,0.125000,170.000000,0.000000,40.000000,1.800008,0.000000
0,-0.001250,0.125000,0.062500,0.122241,0.134211,980.720185,1998.090000,90.000000,50.000000,45.000000,25.000000,2510,10,0.125000,170.000000,0.000000,40.000000,1.800008,0.000000
0,0.000000,1.000000,1.000000,0.028011,0.000000,77.417234,0.000000,79.949812,0.000000,39.974906,0.000000,3310,10,1.000000,170.000000,0.000000,35.000000,1.599032,0.000000
0,0.000833,0.125000,0.166667,0.004117,0.007761,98.306122,128.000000,80.852413,40.094024,40.426207,20.047012,1240,10,0.166667,170.000000,0.000000,40.000000,1.617049,0.000000
0,0.000019,0.076923,0.333333,0.985317,0.018622,887.246528,1100.000000,84.539270,88.975728,42.269635,44.487864,2020,480,0.333333,1170.000000,0.000000,40.000000,1.691572,1.779515
0,-0.000002,0.555556,0.333333,0.630752,0.018622,248.072500,1100.000000,78.111816,88.975728,39.055908,44.487864,1380,120,0.833333,1810.000000,0.000000,35.000000,1.563084,1.779515
0,0.000019,0.076923,0.333333,0.985317,0.018622,887.246528,1100.000000,84.539270,88.975728,42.269635,44.487864,2020,580,0.333333,1170.000000,0.000000,40.000000,1.691572,1.779515
0,-0.000592,0.285714,0.222222,0.048566,0.006029,320.871111,420.000000,50.624970,80.975027,25.312485,40.487514,2630,10,0.285714,560.000000,0.000000,25.000000,1.012503,1.619501
0,-0.000001,0.166667,0.080000,0.542818,0.050891,1338.562500,2409.917355,83.432018,88.975728,41.716009,44.487864,1320,870,0.166667,1870.000000,0.000000,40.000000,1.669023,1.779515
0,0.000000,0.333333,0.333333,0.042767,0.005845,706.890625,416.000000,62.446687,81.027269,31.223343,40.513635,3040,10,0.333333,150.000000,0.000000,30.000000,1.248935,1.620545
0,-0.000001,0.166667,0.080000,0.542818,0.050891,1338.562500,2409.917355,83.432018,88.975728,41.716009,44.487864,1840,1320,0.166667,1870.000000,0.000000,40.000000,1.669023,1.779515
0,0.000019,0.076923,0.333333,0.985317,0.018622,887.246528,1100.000000,84.539270,88.975728,42.269635,44.487864,3020,2020,0.333333,1170.000000,0.000000,40.000000,1.691572,1.779515
0,0.004366,0.125000,0.384615,0.317423,0.007617,1492.760000,490.000000,78.643829,77.007841,39.321914,38.503920,2090,380,0.384615,1100.000000,0.000000,35.000000,1.572910,1.540157
0,-0.000273,0.307692,0.200000,0.042595,0.006092,333.270204,426.035503,51.103763,81.373920,25.551882,40.686960,2140,10,0.307692,1050.000000,0.000000,25.000000,1.022078,1.627478
0,-0.000090,0.285714,0.333333,0.007379,0.741427,60.410000,494.111111,79.463854,74.432000,39.731927,37.216000,1820,1050,0.428571,2680.000000,0.000000,35.000000,1.589278,1.491261
0,-0.000013,1.000000,0.785714,0.130090,0.238504,1117.917355,1502.500000,47.878896,79.689367,23.939448,39.844683,3640,10,1.000000,860.000000,0.000000,20.000000,0.957586,1.593807
0,-0.000002,0.600000,0.375000,4.149377,0.011164,1436.000000,160.000000,79.863417,41.102427,39.931709,20.551214,760,410,0.600000,1720.000000,0.000000,35.000000,1.603507,0.000000
0,0.000000,0.200000,0.200000,0.483382,0.333754,854.250000,2416.062500,82.353932,81.311680,41.176966,40.655840,2160,1950,0.200000,240.000000,0.000000,40.000000,1.647384,1.626257
0,-0.000000,0.444444,0.400000,1.037093,0.119386,540.000000,1045.000000,52.677146,77.222142,26.338573,38.611071,430,10,0.444444,1760.000000,0.000000,25.000000,1.055677,1.544450
0,-0.000011,0.222222,0.166667,3.700137,0.042403,944.000000,343.000000,78.033574,77.093856,39.016787,38.546928,3040,1280,0.222222,490.000000,0.000000,35.000000,1.568256,1.541880
0,0.000000,0.437500,0.437500,0.483077,0.272046,849.250000,1861.062500,81.931324,78.277754,40.965662,39.138877,2160,1530,0.437500,240.000000,0.000000,40.000000,1.638931,1.565575
0,-0.000091,0.125000,0.111111,0.099465,0.359405,1690.000000,2557.000000,82.064516,78.231608,41.032258,39.115804,1530,200,0.125000,240.000000,0.000000,40.000000,1.641293,1.564657
0,0.000000,0.090909,0.090909,0.429545,0.072920,1121.940000,1138.055556,66.390487,81.949173,33.195244,40.974587,2000,790,0.090909,210.000000,0.000000,30.000000,1.329440,1.638986
0,0.000022,0.052632,0.055556,0.038199,0.021236,287.842593,286.715556,61.741115,89.926348,30.870558,44.963174,300,10,0.055556,280.000000,0.000000,30.000000,1.234825,1.798528
0,-0.000002,0.058824,0.055556,0.457005,0.137443,3909.138889,2250.500000,51.741061,80.640634,25.870531,40.320317,4360,10,0.058824,280.000000,0.000000,25.000000,1.034848,1.612817
0,0.000014,0.111111,0.111111,0.086255,0.117860,552.730000,1302.040000,52.507074,80.373854,26.253537,40.186927,2350,10,0.111111,280.000000,0.000000,25.000000,1.050148,1.607482
0,0.000000,0.200000,0.200000,0.014956,0.012100,120.250000,163.000000,51.421129,82.423996,25.710564,41.211998,60,10,0.200000,280.000000,0.000000,25.000000,1.028424,1.648480
0,0.000022,0.052632,0.055556,0.038199,0.021236,287.842593,286.715556,61.741115,89.926348,30.870558,44.963174,3110,10,0.055556,280.000000,0.000000,30.000000,1.234825,1.798528
0,0.000022,0.052632,0.055556,0.038199,0.021236,287.842593,286.715556,61.741115,89.926348,30.870558,44.963174,4610,10,0.055556,280.000000,0.000000,30.000000,1.234825,1.798528
0,-0.000734,0.666667,0.200000,0.275501,0.036319,2068.250000,363.000000,51.709500,79.973222,25.854750,39.986611,2760,10,0.666667,320.000000,0.000000,25.000000,1.034209,1.599466
0,-0.000000,0.090909,0.083333,0.267130,2.878208,5614.480000,924.160000,80.813888,34.716859,40.406944,17.358429,830,400,0.090909,470.000000,0.000000,40.000000,1.616284,0.000000
0,0.000001,0.363636,0.416667,0.443449,0.024503,5434.500000,116.640000,81.231507,42.336030,40.615753,21.168015,1160,830,0.416667,470.000000,0.000000,40.000000,1.624762,0.000000
0,0.000000,0.090909,0.090909,0.009498,0.008956,133.346250,113.906250,48.666667,42.000000,24.333333,21.000000,3570,10,0.090909,160.000000,0.000000,20.000000,0.973334,0.000000
0,0.000000,0.818182,0.818182,0.015013,0.015996,172.530000,167.818594,47.548024,40.901954,23.774012,20.450977,2900,10,0.818182,160.000000,0.000000,20.000000,0.950961,0.000000
0,0.000000,0.090909,0.090909,0.002373,0.002238,43.440000,24.000000,48.333333,41.666667,24.166667,20.833333,1050,10,0.090909,160.000000,0.000000,20.000000,0.966667,0.000000
0,0.000000,0.500000,0.500000,0.334640,0.000700,24.000000,12.000000,63.341142,39.999767,31.670571,19.999883,3910,520,0.500000,460.000000,0.000000,30.000000,1.271466,0.000000
0,0.000000,0.111111,0.111111,0.030596,0.028848,315.190000,295.750000,47.742486,41.422431,23.871243,20.711215,1970,10,0.111111,160.000000,0.000000,20.000000,0.954851,0.000000
0,0.000000,0.500000,0.500000,0.334640,0.000700,24.000000,12.000000,63.341142,39.999767,31.670571,19.999883,890,520,0.500000,460.000000,0.000000,30.000000,1.271466,0.000000
0,0.000000,0.181818,0.181818,0.015793,0.055014,193.662222,591.555556,46.666667,36.870967,23.333333,18.435483,1270,10,0.181818,160.000000,0.000000,20.000000,0.933334,0.000000
0,-0.000001,0.545455,0.538462,0.376881,0.092473,623.320000,903.062500,80.620061,82.221740,40.310030,41.110870,1620,640,0.583333,880.000000,0.000000,40.000000,1.613464,1.644440
0,0.000000,0.090909,0.090909,0.098287,0.136488,885.840000,1239.040000,47.286592,39.454526,23.643296,19.727263,890,10,0.090909,160.000000,0.000000,20.000000,0.945737,0.000000
0,0.000000,0.500000,1.000000,0.004472,0.000000,39.777778,0.000000,39.582647,0.000000,19.791323,0.000000,3030,10,1.000000,1340.000000,0.000000,15.000000,0.791653,0.000000
0,0.000279,0.242424,0.285714,0.487173,0.281125,1145.984375,2268.424805,91.027911,87.148407,45.513955,43.574203,2380,2160,0.285714,1590.000000,0.000000,45.000000,1.820968,1.742986
0,-0.000020,0.050000,0.047619,0.046553,0.122930,389.726632,1067.504132,90.693795,87.148407,45.346898,43.574203,3870,2650,0.055556,1100.000000,0.000000,45.000000,1.813879,1.742975
0,-0.000009,0.024390,0.023810,0.318428,0.153517,891.960797,1290.711911,66.538167,77.210853,33.269083,38.605427,3570,1470,0.024390,180.000000,0.000000,30.000000,1.330853,1.544226
0,0.000279,0.242424,0.285714,0.487173,0.281125,1145.984375,2268.424805,91.027911,87.148407,45.513955,43.574203,2160,1410,0.285714,1590.000000,0.000000,45.000000,1.820968,1.742986
0,0.000081,0.066667,0.076923,0.038168,0.044458,1017.520833,503.062500,79.097351,82.222222,39.548675,41.111111,1760,980,0.083333,760.000000,0.000000,35.000000,1.581948,1.644447
0,0.000057,0.454545,0.500000,0.032899,0.030882,175.360000,392.480000,79.608461,80.980448,39.804230,40.490224,740,440,0.500000,1300.000000,0.000000,35.000000,1.592172,1.619610
0,0.000000,0.166667,0.166667,0.021015,0.093445,372.589844,816.000000,62.503380,79.647786,31.251690,39.823893,3340,10,0.166667,410.000000,0.000000,30.000000,1.250068,1.592961
0,-0.000020,0.052632,0.047619,1.856114,0.122930,597.936343,1067.504132,88.839950,87.148407,44.419975,43.574203,3260,170,0.052632,490.000000,0.000000,40.000000,1.782971,1.742975
0,-0.000020,0.050000,0.047619,0.046553,0.122930,389.726632,1067.504132,90.693795,87.148407,45.346898,43.574203,2650,2370,0.055556,1100.000000,0.000000,45.000000,1.813879,1.742975
0,-0.000020,0.052632,0.047619,0.044789,0.111101,292.680000,967.818594,82.349433,78.053196,41.174717,39.026598,2930,2260,0.055556,820.000000,0.000000,40.000000,1.646992,1.561070
0,-0.000010,0.025000,0.023810,0.086135,0.130555,691.202216,1127.367326,81.995660,78.204342,40.997830,39.102171,3160,2650,0.027778,1100.000000,0.000000,40.000000,1.639919,1.564094
0,-0.000007,0.076923,0.071429,0.355307,0.440666,1958.222222,3904.480000,77.946584,80.266877,38.973292,40.133439,1390,440,0.083333,1300.000000,0.000000,35.000000,1.558964,1.605363
0,0.000000,1.000000,1.000000,0.020623,0.005253,62.168367,59.510204,92.857143,50.000000,46.428571,25.000000,1170,10,1.000000,170.000000,0.000000,45.000000,1.857154,0.000000
0,-0.000090,0.153846,0.142857,0.046127,0.027774,512.500000,300.000000,83.425414,40.829751,41.712707,20.414876,2720,10,0.153846,170.000000,0.000000,40.000000,1.668511,0.000000
0,0.000000,1.000000,1.000000,0.020623,0.005253,62.168367,59.510204,92.857143,50.000000,46.428571,25.000000,1050,10,1.000000,170.000000,0.000000,45.000000,1.857154,0.000000
0,-0.000045,0.076923,0.071429,0.024833,0.023363,271.900000,228.150000,84.856513,41.521317,42.428257,20.760658,4320,10,0.076923,170.000000,0.000000,40.000000,1.697132,0.000000
0,-0.000008,0.111111,0.058824,0.055970,0.140971,331.838452,1138.400000,81.999967,91.645510,40.999984,45.822755,2060,10,0.111111,1560.000000,0.000000,40.000000,1.640004,1.832919
0,-0.000004,0.083333,0.062500,36.851673,0.041159,4426.111111,351.364429,81.818182,100.000000,40.909091,50.000000,1800,1350,0.222222,2270.000000,0.000000,40.000000,1.806682,2.000002
0,0.000810,0.400000,0.384615,0.017017,0.006788,82.375000,61.000000,77.091472,79.149405,38.545736,39.574703,510,110,0.555556,1600.000000,0.000000,35.000000,1.541831,1.582989
0,0.000000,0.133333,0.133333,0.125252,0.038361,1109.692961,326.505000,88.624087,88.867329,44.312044,44.433664,2610,1550,0.133333,220.000000,0.000000,40.000000,1.772489,1.777349
0,-0.000026,0.181818,0.166667,0.058256,0.034839,992.978367,304.880000,64.151692,91.666665,32.075846,45.833332,3860,10,0.181818,650.000000,0.000000,30.000000,1.283036,1.833335
0,-0.000000,0.250000,0.166667,0.957403,0.041127,478.285000,446.880000,69.728580,90.769687,34.864290,45.384844,2290,380,0.357143,2050.000000,0.000000,30.000000,1.398025,1.815396
0,0.000000,0.600000,0.600000,0.931220,0.031382,1231.429688,286.880000,89.666667,90.256068,44.833333,45.128034,4070,960,0.600000,270.000000,0.000000,40.000000,1.793695,1.805123
0,-0.000000,0.250000,0.166667,0.957403,0.041127,478.285000,446.880000,69.728580,90.769687,34.864290,45.384844,1570,380,0.357143,2050.000000,0.000000,30.000000,1.398025,1.815396
0,-0.000026,0.181818,0.166667,0.058256,0.034839,992.978367,304.880000,64.151692,91.666665,32.075846,45.833332,3690,10,0.181818,650.000000,0.000000,30.000000,1.283036,1.833335
0,-0.000004,0.133333,0.062500,16.697599,0.041159,2271.131944,351.364429,91.963584,100.000000,45.981792,50.000000,2640,20,0.133333,1870.000000,0.000000,45.000000,1.913157,2.000002
0,-0.000008,0.111111,0.058824,0.055970,0.140971,331.838452,1138.400000,81.999967,91.645510,40.999984,45.822755,2780,10,0.111111,1560.000000,0.000000,40.000000,1.640004,1.832919
0,-0.000000,0.250000,0.200000,0.125220,0.229272,1525.418367,2014.880000,89.999166,89.999875,44.999583,44.999937,3820,1700,0.250000,690.000000,0.000000,40.000000,1.799988,1.800011
0,-0.000000,0.250000,0.200000,0.125220,0.229272,1525.418367,2014.880000,89.999166,89.999875,44.999583,44.999937,3650,1700,0.250000,690.000000,0.000000,40.000000,1.799988,1.800011
0,0.002110,0.142857,0.307692,0.393713,0.006732,110.250000,61.000000,86.666667,87.268607,43.333333,43.634304,3470,1950,0.307692,160.000000,0.000000,40.000000,1.734852,1.745373
0,0.000000,0.133333,0.133333,0.125252,0.038361,1109.692961,326.505000,88.624087,88.867329,44.312044,44.433664,4290,1550,0.133333,220.000000,0.000000,40.000000,1.772489,1.777349
0,-0.000004,0.083333,0.062500,36.851673,0.041159,4426.111111,351.364429,81.818182,100.000000,40.909091,50.000000,1800,560,0.222222,2270.000000,0.000000,40.000000,1.806682,2.000002
0,-0.000004,0.083333,0.062500,36.851673,0.041159,4426.111111,351.364429,81.818182,100.000000,40.909091,50.000000,2330,560,0.222222,2270.000000,0.000000,40.000000,1.806682,2.000002
0,-0.000004,0.133333,0.062500,16.697599,0.041159,2271.131944,351.364429,91.963584,100.000000,45.981792,50.000000,960,20,0.133333,1870.000000,0.000000,45.000000,1.913157,2.000002
0,0.000000,0.600000,0.600000,0.931220,0.031382,1231.429688,286.880000,89.666667,90.256068,44.833333,45.128034,3350,960,0.600000,270.000000,0.000000,40.000000,1.793695,1.805123
0,-0.000026,0.181818,0.166667,0.058256,0.034839,992.978367,304.880000,64.151692,91.666665,32.075846,45.833332,2970,10,0.181818,650.000000,0.000000,30.000000,1.283036,1.833335
0,-0.000000,0.250000,0.166667,0.957403,0.041127,478.285000,446.880000,69.728580,90.769687,34.864290,45.384844,2460,380,0.357143,2050.000000,0.000000,30.000000,1.398025,1.815396
0,-0.000004,0.133333,0.062500,16.697599,0.041159,2271.131944,351.364429,91.963584,100.000000,45.981792,50.000000,2470,20,0.133333,1870.000000,0.000000,45.000000,1.913157,2.000002
0,-0.000000,0.250000,0.200000,0.125220,0.229272,1525.418367,2014.880000,89.999166,89.999875,44.999583,44.999937,2930,1700,0.250000,690.000000,0.000000,40.000000,1.799988,1.800011
0,-0.000000,0.250000,0.200000,0.125220,0.229272,1525.418367,2014.880000,89.999166,89.999875,44.999583,44.999937,2140,1700,0.250000,690.000000,0.000000,40.000000,1.799988,1.800011
0,0.002110,0.142857,0.307692,0.393713,0.006732,110.250000,61.000000,86.666667,87.268607,43.333333,43.634304,3090,1950,0.307692,160.000000,0.000000,40.000000,1.734852,1.745373
0,-0.000004,0.083333,0.062500,36.851673,0.041159,4426.111111,351.364429,81.818182,100.000000,40.909091,50.000000,2240,1800,0.222222,2270.000000,0.000000,40.000000,1.806682,2.000002
0,-0.000008,0.111111,0.058824,0.055970,0.140971,331.838452,1138.400000,81.999967,91.645510,40.999984,45.822755,2950,10,0.111111,1560.000000,0.000000,40.000000,1.640004,1.832919
0,-0.000004,0.083333,0.062500,36.851673,0.041159,4426.111111,351.364429,81.818182,100.000000,40.909091,50.000000,2330,2240,0.222222,2270.000000,0.000000,40.000000,1.806682,2.000002
0,-0.000004,0.083333,0.062500,36.851673,0.041159,4426.111111,351.364429,81.818182,100.000000,40.909091,50.000000,2070,1800,0.222222,2270.000000,0.000000,40.000000,1.806682,2.000002
0,-0.000026,0.181818,0.166667,0.058256,0.034839,992.978367,304.880000,64.151692,91.666665,32.075846,45.833332,2180,10,0.181818,650.000000,0.000000,30.000000,1.283036,1.833335
0,-0.000004,0.133333,0.062500,16.697599,0.041159,2271.131944,351.364429,91.963584,100.000000,45.981792,50.000000,1750,20,0.133333,1870.000000,0.000000,45.000000,1.913157,2.000002
0,0.000000,0.133333,0.133333,0.125252,0.038361,1109.692961,326.505000,88.624087,88.867329,44.312044,44.433664,3400,1550,0.133333,220.000000,0.000000,40.000000,1.772489,1.777349
0,-0.000004,0.083333,0.062500,36.851673,0.041159,4426.111111,351.364429,81.818182,100.000000,40.909091,50.000000,2330,2070,0.222222,2270.000000,0.000000,40.000000,1.806682,2.000002
0,-0.000000,0.428571,0.500000,0.004495,0.044619,248.666667,512.000000,50.315316,77.473460,25.157658,38.736730,520,10,0.600000,2100.000000,0.000000,25.000000,1.006307,1.549471
0,-0.000000,0.250000,0.166667,0.957403,0.041127,478.285000,446.880000,69.728580,90.769687,34.864290,45.384844,780,380,0.357143,2050.000000,0.000000,30.000000,1.398025,1.815396
0,0.000000,0.600000,0.600000,0.931220,0.031382,1231.429688,286.880000,89.666667,90.256068,44.833333,45.128034,4240,960,0.600000,270.000000,0.000000,40.000000,1.793695,1.805123
0,0.000000,0.133333,0.133333,0.125252,0.038361,1109.692961,326.505000,88.624087,88.867329,44.312044,44.433664,4120,1550,0.133333,220.000000,0.000000,40.000000,1.772489,1.777349
0,-0.000004,0.083333,0.062500,36.851673,0.041159,4426.111111,351.364429,81.818182,100.000000,40.909091,50.000000,2330,1350,0.222222,2270.000000,0.000000,40.000000,1.806682,2.000002
0,0.000000,0.600000,0.600000,0.931220,0.031382,1231.429688,286.880000,89.666667,90.256068,44.833333,45.128034,2560,960,0.600000,270.000000,0.000000,40.000000,1.793695,1.805123
0,-0.000008,0.111111,0.058824,0.055970,0.140971,331.838452,1138.400000,81.999967,91.645510,40.999984,45.822755,1270,10,0.111111,1560.000000,0.000000,40.000000,1.640004,1.832919
0,0.000000,0.166667,0.166667,0.154509,0.007342,41.000000,75.888889,77.420433,81.932003,38.710216,40.966001,170,120,0.166667,330.000000,0.000000,35.000000,1.548874,1.638640
0,0.000025,0.055556,0.090909,0.513800,0.159700,2034.917355,1528.313694,85.268584,89.432084,42.634292,44.716042,3720,120,0.090909,330.000000,0.000000,40.000000,1.705869,1.788650
0,0.000025,0.055556,0.090909,0.513800,0.159700,2034.917355,1528.313694,85.268584,89.432084,42.634292,44.716042,2750,120,0.090909,330.000000,0.000000,40.000000,1.705869,1.788650
0,-0.000025,0.100000,0.095238,0.444376,0.003922,4330.040895,108.000000,80.988418,81.818181,40.494209,40.909091,2470,590,0.100000,340.000000,0.000000,40.000000,1.619791,1.636364
0,-0.000002,0.038462,0.037037,0.548954,0.018300,3156.179391,417.222222,66.842760,80.909084,33.421380,40.454542,2510,1470,0.038462,300.000000,0.000000,30.000000,1.336957,1.618182
0,0.000000,0.500000,0.500000,0.617703,0.014341,6035.888889,464.000000,79.027383,79.999975,39.513691,39.999988,2380,2060,0.500000,430.000000,0.000000,35.000000,1.580579,1.600000
0,-0.000042,0.050000,0.041667,0.873896,0.066483,14173.400000,1672.160000,79.246317,80.885601,39.623158,40.442800,2370,1370,0.050000,440.000000,0.000000,35.000000,1.584953,1.617713
0,0.000000,0.100000,0.100000,0.011813,0.007565,113.826843,195.237654,83.711115,41.176398,41.855558,20.588199,2190,1100,0.100000,270.000000,0.000000,40.000000,1.674223,0.000000
0,0.000000,0.666667,0.666667,0.212940,0.001227,75.333333,42.666667,73.333332,40.170712,36.666666,20.085356,670,10,0.666667,700.000000,0.000000,35.000000,1.467361,0.000000
0,-0.000000,0.625000,0.250000,0.471855,0.000685,981.888889,27.000000,55.038546,40.000000,27.519273,20.000000,450,10,0.625000,1360.000000,0.000000,25.000000,1.100886,0.000000
0,-0.001555,0.750000,0.700000,0.203024,0.064090,159.000000,600.000000,79.997941,40.170712,39.998971,20.085356,1640,720,0.777778,650.000000,0.000000,35.000000,1.600429,0.000000
0,-0.000222,0.166667,0.100000,1.825280,0.018327,342.000000,167.818594,73.666720,40.531672,36.833360,20.265836,2070,1140,0.166667,1150.000000,0.000000,35.000000,1.482349,0.000000
0,-0.000445,0.400000,0.200000,0.018687,0.063031,137.500000,591.555556,73.252284,39.945531,36.626142,19.972766,770,70,0.666667,1520.000000,0.000000,35.000000,1.465047,0.000000
0,-0.000284,0.222222,0.272727,0.369131,0.031239,2155.709751,412.818594,79.144732,80.501027,39.572366,40.250514,2410,400,0.333333,830.000000,0.000000,35.000000,1.582926,1.610022
0,0.000000,0.222222,0.222222,1.753034,0.025892,581.906250,358.906250,74.151508,81.999999,37.075754,41.000000,3290,610,0.222222,620.000000,0.000000,35.000000,1.486267,1.640001
0,-0.000020,0.090909,0.352941,0.003373,0.046828,96.817778,373.777778,86.178602,41.050223,43.089301,20.525112,520,10,0.461538,1380.000000,0.000000,40.000000,1.723572,0.000000
0,0.000003,1.000000,0.937500,0.041407,0.129558,63.410914,1372.000000,92.857143,50.000000,46.428571,25.000000,1120,10,1.000000,1380.000000,0.000000,45.000000,1.857206,0.000000
0,0.000003,1.000000,0.937500,0.041407,0.129558,63.410914,1372.000000,92.857143,50.000000,46.428571,25.000000,1300,10,1.000000,1380.000000,0.000000,45.000000,1.857206,0.000000
0,0.000003,1.000000,0.937500,0.041407,0.129558,63.410914,1372.000000,92.857143,50.000000,46.428571,25.000000,1370,10,1.000000,1380.000000,0.000000,45.000000,1.857206,0.000000
0,-0.000001,0.052632,0.050000,0.296396,0.008195,159.597487,131.388430,90.273034,92.499712,45.136517,46.249856,4980,2970,0.052632,330.000000,0.000000,45.000000,1.805831,1.849995
0,-0.000001,0.052632,0.050000,0.296396,0.008195,159.597487,131.388430,90.273034,92.499712,45.136517,46.249856,2970,2900,0.052632,330.000000,0.000000,45.000000,1.805831,1.849995
0,-0.000067,0.444444,0.333333,0.468554,0.005915,76.250000,59.753086,68.657849,40.997980,34.328924,20.498990,1380,470,0.444444,640.000000,0.000000,30.000000,1.375082,0.000000
0,-0.000068,1.000000,0.333333,0.003540,0.004015,36.111111,38.111111,49.999840,39.900528,24.999920,19.950264,500,10,1.000000,1100.000000,0.000000,20.000000,0.999997,0.000000
0,-0.000043,0.571429,0.333333,0.656131,0.013227,582.000000,245.000000,77.587800,40.000000,38.793900,20.000000,1390,1030,0.625000,680.000000,0.000000,35.000000,1.553507,0.000000
0,-0.000000,0.375000,0.500000,0.249221,0.001132,421.984375,15.312500,91.676924,50.000000,45.838462,25.000000,1770,140,0.545455,920.000000,0.000000,45.000000,1.833705,0.000000
0,-0.000000,0.375000,0.500000,0.249221,0.001132,421.984375,15.312500,91.676924,50.000000,45.838462,25.000000,2690,1770,0.545455,920.000000,0.000000,45.000000,1.833705,0.000000
0,-0.000009,0.200000,0.153846,0.242097,0.102250,312.444444,1190.250000,82.456936,40.511947,41.228468,20.255973,1860,1770,0.200000,920.000000,0.000000,40.000000,1.649305,0.000000
0,0.000235,0.571429,0.500000,1.551113,0.006953,671.250000,81.000000,80.999994,41.107899,40.499997,20.553949,2560,1270,0.625000,1420.000000,0.000000,40.000000,1.621872,0.000000
0,-0.000021,0.125000,0.095238,0.142298,0.012985,956.224490,143.439909,82.665481,41.764705,41.332740,20.882353,2040,2000,0.125000,650.000000,0.000000,40.000000,1.653320,0.000000
0,0.006667,0.181818,0.500000,0.338216,0.042369,2156.000000,348.444444,80.577608,41.017422,40.288804,20.508711,3280,1350,0.500000,500.000000,0.000000,40.000000,1.611579,0.000000
0,0.000001,0.125000,0.500000,0.131351,0.988291,1588.000000,7942.000000,40.481741,40.888012,20.240870,20.444006,1020,10,0.500000,1840.000000,0.000000,20.000000,0.809640,0.000000
0,0.000000,0.166667,0.166667,0.001760,0.011837,36.571429,120.571429,49.652649,78.761657,24.826324,39.380828,640,10,0.166667,120.000000,0.000000,20.000000,0.993053,1.575234
0,0.000000,0.166667,0.166667,0.092354,0.038671,863.728532,424.604444,92.496347,88.975728,46.248174,44.487864,2730,350,0.166667,410.000000,0.000000,45.000000,1.849932,1.779516
0,0.000000,0.166667,0.166667,0.092354,0.038671,863.728532,424.604444,92.496347,88.975728,46.248174,44.487864,4240,350,0.166667,410.000000,0.000000,45.000000,1.849932,1.779516
0,0.000000,0.166667,0.166667,0.092354,0.038671,863.728532,424.604444,92.496347,88.975728,46.248174,44.487864,4410,350,0.166667,410.000000,0.000000,45.000000,1.849932,1.779516
0,0.000000,0.166667,0.166667,0.092354,0.038671,863.728532,424.604444,92.496347,88.975728,46.248174,44.487864,3520,350,0.166667,410.000000,0.000000,45.000000,1.849932,1.779516
0,-0.000000,0.666667,0.333333,0.018150,0.162913,110.111111,1217.472222,52.850708,89.464600,26.425354,44.732300,840,10,0.666667,2830.000000,0.000000,25.000000,1.057016,1.789303
0,-0.000000,0.333333,0.333333,0.005976,0.162913,112.604167,1217.472222,56.323778,89.464600,28.161889,44.732300,1730,10,0.444444,1110.000000,0.000000,25.000000,1.126476,1.789303
0,-0.000050,0.166667,0.083333,2.420943,0.092591,1191.775510,1572.251278,86.185617,50.000000,43.092808,25.000000,2270,510,0.166667,2100.000000,0.000000,40.000000,1.726419,0.000000
0,-0.000050,0.100000,0.083333,0.110737,0.009356,1130.000000,159.058824,89.543682,50.000000,44.771841,25.000000,1760,1410,0.100000,850.000000,0.000000,40.000000,1.790880,0.000000
0,-0.000050,0.100000,0.083333,0.110737,0.009356,1130.000000,159.058824,89.543682,50.000000,44.771841,25.000000,4120,1760,0.100000,850.000000,0.000000,40.000000,1.790880,0.000000
0,-0.000050,0.100000,0.083333,0.110737,0.009356,1130.000000,159.058824,89.543682,50.000000,44.771841,25.000000,3590,1760,0.100000,850.000000,0.000000,40.000000,1.790880,0.000000
0,-0.000248,0.454545,0.416667,0.160516,0.006234,266.862222,108.653061,81.973699,42.820390,40.986850,21.410195,2100,1550,0.454545,510.000000,0.000000,40.000000,1.639564,0.000000
0,0.000754,0.100000,0.250000,0.408415,0.022907,380.958580,300.000000,66.771804,50.000000,33.385902,25.000000,1810,1250,0.250000,800.000000,0.000000,30.000000,1.336892,0.000000
0,-0.000099,0.222222,0.166667,0.018475,0.001949,239.341837,36.972222,53.183127,41.818182,26.591563,20.909091,1410,10,0.222222,1200.000000,0.000000,25.000000,1.063663,0.000000
0,0.000754,0.181818,0.250000,0.007747,0.022907,209.939059,300.000000,80.057992,50.000000,40.028996,25.000000,2310,10,0.250000,300.000000,0.000000,40.000000,1.601160,0.000000
0,-0.000050,0.166667,0.083333,2.420943,0.092591,1191.775510,1572.251278,86.185617,50.000000,43.092808,25.000000,1300,510,0.166667,2100.000000,0.000000,40.000000,1.726419,0.000000
0,-0.000000,0.250000,0.200000,0.023018,0.004871,238.750000,100.000000,39.999998,39.999999,19.999999,20.000000,1420,10,0.250000,1190.000000,0.000000,15.000000,0.800001,0.000000
0,0.000000,0.111111,0.111111,0.165374,0.002005,39.312500,44.854875,89.666667,91.666667,44.833333,45.833333,1030,920,0.111111,150.000000,0.000000,40.000000,1.794204,1.833333
0,0.000000,0.250000,0.250000,0.001591,0.000921,45.375000,27.000000,53.347579,40.000000,26.673789,20.000000,2020,10,0.250000,100.000000,0.000000,25.000000,1.066952,0.000000
0,0.000000,0.333333,0.333333,0.205497,0.020991,390.842500,337.577594,89.176315,91.176467,44.588157,45.588234,2120,1030,0.333333,150.000000,0.000000,40.000000,1.784399,1.823530
0,0.000000,0.166667,0.166667,0.132095,0.017021,285.409722,534.431953,89.090909,90.000000,44.545455,45.000000,3800,1980,0.166667,240.000000,0.000000,40.000000,1.782000,1.800000
0,0.000000,0.333333,0.333333,0.205497,0.020991,390.842500,337.577594,89.176315,91.176467,44.588157,45.588234,3580,2120,0.333333,150.000000,0.000000,40.000000,1.784399,1.823530
0,0.000000,0.500000,0.500000,0.010373,0.006005,114.375000,96.000000,53.347573,40.152732,26.673786,20.076366,950,10,0.500000,100.000000,0.000000,25.000000,1.066952,0.000000
0,0.000874,0.166667,0.333333,0.021852,0.017363,270.312500,535.654321,68.421274,81.728555,34.210637,40.864278,1990,10,0.333333,230.000000,0.000000,30.000000,1.368426,1.634571
0,0.000000,0.222222,0.222222,0.164866,0.002035,31.979167,43.888889,91.327060,93.333193,45.663530,46.666596,1030,340,0.222222,150.000000,0.000000,45.000000,1.827412,1.866664
0,0.000000,0.222222,0.222222,0.164866,0.002035,31.979167,43.888889,91.327060,93.333193,45.663530,46.666596,3580,340,0.222222,150.000000,0.000000,45.000000,1.827412,1.866664
0,0.000000,0.166667,0.166667,0.132095,0.017021,285.409722,534.431953,89.090909,90.000000,44.545455,45.000000,4930,1980,0.166667,240.000000,0.000000,40.000000,1.782000,1.800000
0,0.000000,0.111111,0.111111,0.165374,0.002005,39.312500,44.854875,89.666667,91.666667,44.833333,45.833333,3580,920,0.111111,150.000000,0.000000,40.000000,1.794204,1.833333
0,0.000000,0.600000,0.600000,0.006086,0.003524,96.152778,77.777778,52.995545,40.102921,26.497773,20.051461,920,10,0.600000,100.000000,0.000000,25.000000,1.059911,0.000000
0,-0.000074,0.222222,0.169492,0.091643,0.206737,1528.141641,2033.188366,88.807992,99.344768,44.403996,49.672384,3100,10,0.222222,380.000000,0.000000,40.000000,1.776163,1.986906
0,-0.000024,0.033333,0.117647,0.482290,0.050812,834.958580,441.876543,76.772231,100.000000,38.386116,50.000000,4170,1250,0.129032,880.000000,0.000000,35.000000,1.536906,2.000003
0,-0.000001,0.032258,0.030303,1.675852,0.061503,715.019391,585.296875,89.548747,100.000000,44.774374,50.000000,4420,1590,0.032258,540.000000,0.000000,40.000000,1.795646,2.000003
0,-0.000028,0.066667,0.050000,0.418061,0.121550,402.958580,1159.055556,68.771854,91.320421,34.385927,45.660211,1250,1140,0.066667,880.000000,0.000000,30.000000,1.376894,1.826415
0,-0.000001,0.031250,0.030303,0.014022,0.061503,310.596837,585.296875,88.807992,100.000000,44.403996,50.000000,3690,10,0.031250,380.000000,0.000000,40.000000,1.776160,2.000003
0,-0.000001,0.032258,0.030303,1.675852,0.061503,715.019391,585.296875,89.548747,100.000000,44.774374,50.000000,2740,1590,0.032258,540.000000,0.000000,40.000000,1.795646,2.000003
0,-0.000074,0.222222,0.169492,0.091643,0.206737,1528.141641,2033.188366,88.807992,99.344768,44.403996,49.672384,4070,10,0.222222,380.000000,0.000000,40.000000,1.776163,1.986906
0,-0.000048,0.052632,0.035714,0.126561,0.135874,2793.466837,1485.790000,78.506039,89.827174,39.253019,44.913587,4820,10,0.052632,380.000000,0.000000,35.000000,1.570124,1.796550
0,0.000000,0.071429,0.071429,0.105517,0.039256,660.639456,320.571429,56.082439,91.381127,28.041219,45.690563,130,10,0.071429,260.000000,0.000000,25.000000,1.121657,1.827625
0,0.000185,0.250000,0.294118,1.107869,0.047380,696.969167,408.653061,90.644474,92.739558,45.322237,46.369779,1930,180,0.294118,210.000000,0.000000,45.000000,1.813829,1.854794
0,0.000000,0.500000,0.500000,0.106978,0.069630,652.068027,700.000000,88.924116,90.256062,44.462058,45.128031,360,130,0.500000,260.000000,0.000000,40.000000,1.778491,1.805125
0,0.000000,0.500000,0.500000,0.106978,0.069630,652.068027,700.000000,88.924116,90.256062,44.462058,45.128031,1870,360,0.500000,260.000000,0.000000,40.000000,1.778491,1.805125
0,-0.000024,0.125000,0.117647,0.006142,0.050812,160.201266,441.876543,88.807992,100.000000,44.403996,50.000000,4140,10,0.125000,380.000000,0.000000,40.000000,1.776160,2.000003
0,-0.000149,0.200000,0.181818,0.898052,21.632312,6526.867500,13016.000000,80.207548,86.258606,40.103774,43.129303,1660,1660,0.200000,470.000000,0.000000,40.000000,1.604213,1.743511
0,0.000185,0.250000,0.294118,1.107869,0.047380,696.969167,408.653061,90.644474,92.739558,45.322237,46.369779,1930,1920,0.294118,210.000000,0.000000,45.000000,1.813829,1.854794
0,-0.000028,0.055556,0.050000,0.038221,0.121550,676.050170,1159.055556,80.471063,91.320421,40.235531,45.660211,1640,10,0.055556,380.000000,0.000000,40.000000,1.609422,1.826415
0,-0.000001,0.031250,0.030303,0.014022,0.061503,310.596837,585.296875,88.807992,100.000000,44.403996,50.000000,4410,10,0.031250,380.000000,0.000000,40.000000,1.776160,2.000003
0,-0.000324,0.727273,0.695652,0.002570,0.040412,103.716837,336.972222,80.626173,91.818182,40.313087,45.909091,910,10,0.727273,380.000000,0.000000,40.000000,1.612524,1.836366
0,0.000000,0.437500,0.437500,0.324432,0.047509,652.771004,407.959184,91.670250,91.320197,45.835125,45.660098,1940,860,0.437500,190.000000,0.000000,45.000000,1.833986,1.826407
0,-0.000149,0.200000,0.181818,0.410006,21.632312,6143.716837,13016.000000,78.807315,86.258606,39.403657,43.129303,1750,10,0.200000,380.000000,0.000000,35.000000,1.576160,1.743511
0,0.000000,0.250000,0.400000,0.356720,0.045164,69.958580,400.000000,66.770171,90.000000,33.385086,45.000000,1250,400,0.400000,880.000000,0.000000,30.000000,1.336855,1.800003
0,-0.000048,0.055556,0.035714,0.446179,0.135874,2614.519391,1485.790000,66.510032,89.827174,33.255016,44.913587,4540,1470,0.055556,660.000000,0.000000,30.000000,1.330295,1.796550
0,-0.000001,0.031250,0.030303,0.014022,0.061503,310.596837,585.296875,88.807992,100.000000,44.403996,50.000000,4580,10,0.031250,380.000000,0.000000,40.000000,1.776160,2.000003
0,-0.000131,0.166667,0.153846,0.006126,0.042298,255.716837,410.250000,79.861078,91.973696,39.930539,45.986848,2500,10,0.166667,380.000000,0.000000,35.000000,1.597222,1.839476
0,0.000000,0.071429,0.071429,0.105517,0.039256,660.639456,320.571429,56.082439,91.381127,28.041219,45.690563,1870,10,0.071429,260.000000,0.000000,25.000000,1.121657,1.827625
0,-0.000024,0.125000,0.117647,0.006142,0.050812,160.201266,441.876543,88.807992,100.000000,44.403996,50.000000,4670,10,0.125000,380.000000,0.000000,40.000000,1.776160,2.000003
0,0.000000,0.555556,0.555556,0.044602,0.041982,452.331891,340.560000,50.253028,86.491096,25.126514,43.245548,1600,10,0.555556,530.000000,0.000000,25.000000,1.005063,1.729825
0,-0.000234,0.800000,0.695652,1.211584,0.040412,472.871837,336.972222,43.150866,91.818182,21.575433,45.909091,850,10,0.812500,1280.000000,0.000000,20.000000,0.864666,1.836366
0,-0.000001,0.032258,0.030303,1.675852,0.061503,715.019391,585.296875,89.548747,100.000000,44.774374,50.000000,3530,1590,0.032258,540.000000,0.000000,40.000000,1.795646,2.000003
0,0.000000,0.400000,0.400000,0.005400,0.045164,159.716837,400.000000,78.806574,90.000000,39.403287,45.000000,900,10,0.400000,380.000000,0.000000,35.000000,1.576132,1.800003
0,-0.000024,0.033333,0.117647,0.482290,0.050812,834.958580,441.876543,76.772231,100.000000,38.386116,50.000000,3640,1250,0.129032,880.000000,0.000000,35.000000,1.536906,2.000003
0,-0.000119,0.142857,0.153846,0.035849,0.042298,259.000000,410.250000,40.894472,91.973696,20.447236,45.986848,760,10,0.166667,2120.000000,0.000000,20.000000,0.817892,1.839476
0,-0.000001,0.032258,0.030303,1.675852,0.061503,715.019391,585.296875,89.548747,100.000000,44.774374,50.000000,4250,1590,0.032258,540.000000,0.000000,40.000000,1.795646,2.000003
0,0.000000,0.555556,0.555556,0.001914,0.041982,85.029337,340.560000,80.090458,86.491096,40.045229,43.245548,160,10,0.555556,380.000000,0.000000,40.000000,1.601809,1.729825
0,-0.000067,0.428571,0.169492,0.194262,0.206737,945.280000,2033.188366,50.062747,99.344768,25.031373,49.672384,1360,10,0.428571,2120.000000,0.000000,25.000000,1.001275,1.986906
0,-0.000001,0.031250,0.030303,0.014022,0.061503,310.596837,585.296875,88.807992,100.000000,44.403996,50.000000,2900,10,0.031250,380.000000,0.000000,40.000000,1.776160,2.000003
0,-0.000024,0.125000,0.117647,0.006142,0.050812,160.201266,441.876543,88.807992,100.000000,44.403996,50.000000,1960,10,0.125000,380.000000,0.000000,40.000000,1.776160,2.000003
0,-0.000067,0.428571,0.169492,0.194262,0.206737,945.280000,2033.188366,50.062747,99.344768,25.031373,49.672384,2330,10,0.428571,2120.000000,0.000000,25.000000,1.001275,1.986906
0,-0.000024,0.033333,0.117647,0.482290,0.050812,834.958580,441.876543,76.772231,100.000000,38.386116,50.000000,1460,1250,0.129032,880.000000,0.000000,35.000000,1.536906,2.000003
0,0.000000,0.437500,0.437500,0.324432,0.047509,652.771004,407.959184,91.670250,91.320197,45.835125,45.660098,860,200,0.437500,190.000000,0.000000,45.000000,1.833986,1.826407
0,0.000030,0.083333,0.090909,0.491073,0.006134,206.567901,52.363636,77.326969,50.000000,38.663484,25.000000,4630,1980,0.090909,970.000000,0.000000,35.000000,1.549100,0.000000
0,0.000060,0.166667,0.181818,0.068188,0.046893,512.000000,292.571429,80.191228,40.664550,40.095614,20.332275,1970,1840,0.181818,980.000000,0.000000,40.000000,1.603829,0.000000
0,0.000032,0.125000,0.181818,0.019106,0.002555,82.777778,23.527778,81.885169,41.428343,40.942585,20.714171,710,540,0.250000,2240.000000,0.000000,40.000000,1.637706,0.000000
0,0.000030,0.083333,0.090909,0.491073,0.006134,206.567901,52.363636,77.326969,50.000000,38.663484,25.000000,2550,1980,0.090909,970.000000,0.000000,35.000000,1.549100,0.000000
0,0.000000,0.875000,0.875000,0.004969,0.156918,86.975309,1562.897959,47.946561,50.000000,23.973281,25.000000,1890,10,0.875000,350.000000,0.000000,20.000000,0.958931,0.000000
0,0.000000,0.875000,0.875000,0.717631,0.156918,379.222222,1562.897959,74.098529,50.000000,37.049264,25.000000,1630,170,0.875000,190.000000,0.000000,35.000000,1.482695,0.000000
0,-0.000012,0.076923,0.071429,0.421466,0.039436,271.314375,377.129000,72.900772,79.182162,36.450386,39.591081,2100,600,0.076923,280.000000,0.000000,35.000000,1.458397,1.583645
0,-0.000111,0.388889,0.105263,0.316989,0.112449,1061.666667,745.884444,91.338376,89.382684,45.669188,44.691342,3380,1940,0.388889,1460.000000,0.000000,45.000000,1.826963,1.787662
0,-0.000106,0.200000,0.233333,0.440095,3.797659,308.000000,2419.979592,86.728869,38.392044,43.364434,19.196022,580,40,0.466667,2210.000000,0.000000,40.000000,1.734910,0.000000
0,-0.000111,0.388889,0.105263,0.316989,0.112449,1061.666667,745.884444,91.338376,89.382684,45.669188,44.691342,2660,1940,0.388889,1460.000000,0.000000,45.000000,1.826963,1.787662
0,-0.000111,0.388889,0.105263,0.316989,0.112449,1061.666667,745.884444,91.338376,89.382684,45.669188,44.691342,1940,1870,0.388889,1460.000000,0.000000,45.000000,1.826963,1.787662
0,0.000096,0.312500,0.388889,0.187260,0.083379,614.108025,560.000000,79.673225,89.382684,39.836613,44.691342,2630,960,0.388889,770.000000,0.000000,35.000000,1.593542,1.787660
0,-0.000111,0.388889,0.105263,0.316989,0.112449,1061.666667,745.884444,91.338376,89.382684,45.669188,44.691342,3550,1940,0.388889,1460.000000,0.000000,45.000000,1.826963,1.787662
0,0.000000,0.500000,0.500000,0.005023,3.885038,61.875000,3019.979592,49.173813,78.562756,24.586906,39.281378,1160,10,0.500000,1090.000000,0.000000,20.000000,0.983477,1.574241
0,0.000096,0.400000,0.388889,0.258289,0.083379,2061.125000,560.000000,84.276194,89.382684,42.138097,44.691342,1560,10,0.416667,1840.000000,0.000000,40.000000,1.685540,1.787660
0,-0.000056,0.062500,0.052632,0.255328,0.152654,725.540123,961.125000,81.589523,79.046684,40.794761,39.523342,3420,2840,0.062500,560.000000,0.000000,40.000000,1.631853,1.580946
0,0.000000,0.900000,0.900000,0.103411,0.087378,652.597222,600.000000,47.251501,40.170712,23.625751,20.085356,1700,10,0.900000,1090.000000,0.000000,20.000000,0.945039,0.000000
0,0.000031,0.086957,0.103448,0.363932,0.166087,2602.888889,1222.479339,79.441899,38.748326,39.720950,19.374163,4930,2470,0.111111,320.000000,0.000000,35.000000,1.588864,0.000000
0,0.000001,0.181818,0.125000,0.461739,0.152486,467.346939,1372.000000,89.921563,50.000000,44.960782,25.000000,820,580,0.181818,2210.000000,0.000000,40.000000,1.798765,0.000000
0,0.000001,0.181818,0.125000,0.461739,0.152486,467.346939,1372.000000,89.921563,50.000000,44.960782,25.000000,640,580,0.181818,2210.000000,0.000000,40.000000,1.798765,0.000000
0,-0.000060,0.153846,0.133333,1.350080,1.096681,10310.387755,588.000000,81.137194,40.000000,40.568597,20.000000,2270,1550,0.153846,520.000000,0.000000,40.000000,1.622832,0.000000
0,0.000000,1.000000,1.000000,0.109233,0.203983,663.078125,1240.312500,48.581166,39.279991,24.290583,19.639995,2920,10,1.000000,320.000000,0.000000,20.000000,0.971633,0.000000
0,0.000000,0.111111,0.111111,0.013302,0.014658,126.866219,117.000000,50.499777,42.275411,25.249888,21.137706,3310,10,0.111111,320.000000,0.000000,25.000000,1.009996,0.000000
0,0.000000,1.000000,1.000000,0.023655,0.223650,230.074074,1280.000000,50.666666,39.875968,25.333333,19.937984,2770,10,1.000000,210.000000,0.000000,25.000000,1.013335,0.000000
0,0.000001,0.181818,0.125000,0.461739,0.152486,467.346939,1372.000000,89.921563,50.000000,44.960782,25.000000,890,580,0.181818,2210.000000,0.000000,40.000000,1.798765,0.000000
0,0.000000,0.125000,0.125000,0.000835,0.021039,117.140710,209.491047,85.587829,82.549577,42.793914,41.274789,320,10,0.125000,170.000000,0.000000,40.000000,1.711757,1.650993
0,-0.000017,0.037037,0.035714,0.040697,0.050403,478.781821,437.609102,84.776458,83.527339,42.388229,41.763669,2220,10,0.037037,170.000000,0.000000,40.000000,1.695531,1.670550
0,-0.000009,0.038462,0.034483,0.154359,0.142951,1842.715134,1471.851852,80.344954,80.861824,40.172477,40.430912,5140,5000,0.038462,290.000000,0.000000,40.000000,1.606906,1.617243
0,0.000006,0.153846,0.103448,0.041345,0.158303,408.843537,1466.851852,51.472922,91.316472,25.736461,45.658236,3550,10,0.157895,1880.000000,0.000000,25.000000,1.029461,1.826338
0,0.000000,0.250000,0.250000,0.034312,0.041404,397.222222,464.629630,40.661375,79.717414,20.330687,39.858707,5290,10,0.250000,140.000000,0.000000,20.000000,0.813229,1.594350
0,0.000000,0.500000,0.500000,1.526887,0.084486,17701.750000,800.000000,79.052668,79.999972,39.526334,39.999986,3040,160,0.500000,410.000000,0.000000,35.000000,1.581119,1.600004
0,0.000028,0.037037,0.103448,0.047089,0.158303,392.734666,1466.851852,76.054393,91.316472,38.027196,45.658236,5160,2040,0.111111,270.000000,0.000000,35.000000,1.521093,1.826338
0,0.000000,0.500000,0.500000,1.127392,0.083304,9129.222222,800.000000,79.720121,79.999955,39.860061,39.999977,3230,320,0.500000,220.000000,0.000000,35.000000,1.594472,1.600003
0,0.000000,0.333333,0.333333,0.002794,0.003819,52.777778,35.654321,45.132691,42.477718,22.566345,21.238859,100,10,0.333333,280.000000,0.000000,20.000000,0.902654,0.000000
0,0.000000,0.833333,0.833333,0.002177,0.002730,50.862222,29.688776,62.505881,50.000000,31.252941,25.000000,5030,10,0.833333,280.000000,0.000000,30.000000,1.250118,0.000000
0,0.000000,0.166667,0.166667,0.035692,0.209475,416.204995,2003.832031,52.837011,40.365703,26.418506,20.182851,4560,10,0.166667,280.000000,0.000000,25.000000,1.056742,0.000000
0,0.000000,0.333333,0.333333,0.019415,0.001976,239.668750,22.222222,62.505881,50.000000,31.252941,25.000000,960,10,0.333333,280.000000,0.000000,30.000000,1.250119,0.000000
0,0.000000,0.333333,0.333333,0.019415,0.001976,239.668750,22.222222,62.505881,50.000000,31.252941,25.000000,5270,10,0.333333,280.000000,0.000000,30.000000,1.250119,0.000000
0,0.000000,0.833333,0.833333,0.002177,0.002730,50.862222,29.688776,62.505881,50.000000,31.252941,25.000000,3900,10,0.833333,280.000000,0.000000,30.000000,1.250118,0.000000
0,0.000000,0.333333,0.333333,0.019415,0.001976,239.668750,22.222222,62.505881,50.000000,31.252941,25.000000,3770,10,0.333333,280.000000,0.000000,30.000000,1.250119,0.000000
0,0.000000,0.250000,0.250000,0.014413,0.366858,263.888889,136.687500,48.752996,40.367849,24.376498,20.183924,2480,10,0.250000,150.000000,0.000000,20.000000,0.975060,0.000000
0,0.000000,0.375000,0.375000,0.059878,0.102690,1199.678889,1027.222222,47.524199,39.725989,23.762100,19.862994,5160,10,0.375000,150.000000,0.000000,20.000000,0.950485,0.000000
0,-0.000039,0.270270,0.285714,1.853108,0.017610,552.712593,164.098765,98.811522,100.000000,49.405761,50.000000,3550,170,0.333333,1090.000000,0.000000,45.000000,1.982403,2.000001
0,-0.000032,0.437500,0.644068,1.143599,2.761876,1317.248889,2286.401910,87.250513,89.144599,43.625257,44.572300,1840,1050,0.658537,3020.000000,0.000000,40.000000,1.745771,1.784574
0,-0.000046,0.200000,0.166667,0.052414,1.143179,681.283951,10686.250000,77.989649,80.214581,38.994824,40.107291,2280,10,0.200000,950.000000,0.000000,35.000000,1.559795,1.604353
0,0.000000,0.200000,0.642857,3.518249,0.004409,848.000000,49.814059,84.476809,100.000000,42.238405,50.000000,3120,2380,0.642857,3190.000000,0.000000,40.000000,1.697380,2.000000
0,-0.000002,0.347826,0.228571,1.092105,1.127670,965.200168,10528.472222,86.004167,90.040213,43.002083,45.020106,2530,1690,0.347826,1540.000000,0.000000,40.000000,1.721536,1.800865
0,-0.000000,0.071429,0.066667,0.035068,2.759913,321.538194,2264.179688,57.048930,39.144599,28.524465,19.572300,4220,10,0.071429,640.000000,0.000000,25.000000,1.140981,0.000000
0,-0.000002,0.071429,0.066667,0.147635,0.017533,384.578540,158.909722,90.769522,91.217532,45.384761,45.608766,2300,920,0.071429,340.000000,0.000000,45.000000,1.815428,1.824352
0,-0.000026,0.142857,0.166667,0.119229,0.035053,545.979592,382.222222,91.995975,89.527435,45.997988,44.763718,1100,650,0.285714,2970.000000,0.000000,45.000000,1.839933,1.790550
0,-0.000000,0.250000,0.187500,1.827922,0.041981,302.625000,365.487528,84.320098,89.880385,42.160049,44.940193,690,120,0.600000,3380.000000,0.000000,40.000000,1.692422,1.797610
0,-0.000056,0.083333,0.062500,0.057221,2.764392,278.906667,2305.506218,71.196376,81.238433,35.598188,40.619217,3970,1580,0.083333,890.000000,0.000000,35.000000,1.423942,1.626451
0,-0.000039,0.270270,0.285714,1.853108,0.017610,552.712593,164.098765,98.811522,100.000000,49.405761,50.000000,1370,170,0.333333,1090.000000,0.000000,45.000000,1.982403,2.000001
0,-0.000000,0.185185,0.187500,1.854567,0.041981,512.088460,365.487528,90.051583,89.880385,45.025792,44.940193,2410,170,0.200000,1090.000000,0.000000,45.000000,1.807205,1.797610
0,0.000010,0.038462,0.062500,8.251044,0.016681,2585.378540,144.722222,86.805159,91.993732,43.402579,45.996866,3730,1950,0.066667,340.000000,0.000000,40.000000,1.750118,1.839876
0,-0.000002,0.071429,0.066667,0.147635,0.017533,384.578540,158.909722,90.769522,91.217532,45.384761,45.608766,3730,2300,0.071429,340.000000,0.000000,45.000000,1.815428,1.824352
0,0.000001,0.071429,0.041667,0.506076,0.004674,570.004132,51.910998,98.214286,100.000000,49.107143,50.000000,3570,630,0.071429,630.000000,0.000000,45.000000,1.964543,2.000000
0,-0.000047,0.055556,0.263158,0.893743,0.021855,596.312925,215.625850,88.374235,91.537465,44.187117,45.768732,3790,1150,0.500000,1780.000000,0.000000,40.000000,1.769886,1.830750
0,-0.000183,0.800000,0.666667,0.101211,0.019434,263.881094,202.222222,87.500000,90.174368,43.750000,45.087184,3120,10,0.800000,950.000000,0.000000,40.000000,1.750026,1.803488
0,-0.000039,0.041667,0.285714,0.110685,0.017610,1059.443200,164.098765,99.870971,100.000000,49.935486,50.000000,3290,2720,0.333333,1350.000000,0.000000,45.000000,1.997425,2.000001
0,-0.000056,0.083333,0.062500,0.103111,1.130186,645.283951,10547.576531,70.497817,82.134047,35.248908,41.067023,2340,1580,0.083333,890.000000,0.000000,35.000000,1.409973,1.642741
0,-0.000232,0.533333,0.529412,0.156285,0.149921,456.218540,1258.034722,91.654833,89.012091,45.827416,44.506046,5230,2780,0.562500,340.000000,0.000000,45.000000,1.833135,1.780251
0,-0.000026,0.200000,0.166667,1.831582,0.035053,399.037037,382.222222,90.240093,89.527435,45.120047,44.763718,2530,170,0.200000,1090.000000,0.000000,45.000000,1.810973,1.790550
0,0.000001,0.071429,0.041667,0.506076,0.004674,570.004132,51.910998,98.214286,100.000000,49.107143,50.000000,3570,3440,0.071429,630.000000,0.000000,45.000000,1.964543,2.000000
0,0.000001,0.071429,0.041667,0.506076,0.004674,570.004132,51.910998,98.214286,100.000000,49.107143,50.000000,4700,630,0.071429,630.000000,0.000000,45.000000,1.964543,2.000000
0,-0.000000,0.076923,0.071429,0.260217,1.128154,697.861111,10533.841837,82.184347,90.040213,41.092174,45.020106,5450,2370,0.076923,860.000000,0.000000,40.000000,1.644978,1.800865
0,0.000010,0.038462,0.062500,8.251044,0.016681,2585.378540,144.722222,86.805159,91.993732,43.402579,45.996866,5230,1950,0.066667,340.000000,0.000000,40.000000,1.750118,1.839876
0,-0.000000,0.076923,0.071429,0.251322,2.762360,258.508007,2291.771524,85.137195,89.144599,42.568597,44.572300,5450,4000,0.076923,860.000000,0.000000,40.000000,1.704035,1.784574
0,-0.000001,0.642857,0.600000,0.029073,0.001963,274.657746,22.222222,65.000000,50.000000,32.500000,25.000000,3430,10,0.642857,640.000000,0.000000,30.000000,1.300002,0.000000
0,-0.000002,0.071429,0.066667,0.147635,0.017533,384.578540,158.909722,90.769522,91.217532,45.384761,45.608766,5230,2300,0.071429,340.000000,0.000000,45.000000,1.815428,1.824352
0,0.000001,0.071429,0.041667,0.506076,0.004674,570.004132,51.910998,98.214286,100.000000,49.107143,50.000000,4700,3440,0.071429,630.000000,0.000000,45.000000,1.964543,2.000000
0,-0.000046,0.200000,0.166667,0.018956,2.777384,294.638889,2444.179688,79.237254,79.318967,39.618627,39.659484,3910,10,0.200000,950.000000,0.000000,35.000000,1.584746,1.588062
0,0.000010,0.038462,0.062500,8.251044,0.016681,2585.378540,144.722222,86.805159,91.993732,43.402579,45.996866,1950,920,0.066667,340.000000,0.000000,40.000000,1.750118,1.839876
0,-0.000039,0.041667,0.285714,0.110685,0.017610,1059.443200,164.098765,99.870971,100.000000,49.935486,50.000000,4220,3290,0.333333,1350.000000,0.000000,45.000000,1.997425,2.000001
0,0.000000,0.200000,0.642857,3.518249,0.004409,848.000000,49.814059,84.476809,100.000000,42.238405,50.000000,3120,880,0.642857,3190.000000,0.000000,40.000000,1.697380,2.000000
0,-0.000183,0.800000,0.666667,0.101211,0.019434,263.881094,202.222222,87.500000,90.174368,43.750000,45.087184,310,10,0.800000,950.000000,0.000000,40.000000,1.750026,1.803488
0,-0.000183,0.800000,0.666667,0.101211,0.019434,263.881094,202.222222,87.500000,90.174368,43.750000,45.087184,4620,10,0.800000,950.000000,0.000000,40.000000,1.750026,1.803488
0,0.000000,0.200000,0.642857,3.518249,0.004409,848.000000,49.814059,84.476809,100.000000,42.238405,50.000000,2800,2380,0.642857,3190.000000,0.000000,40.000000,1.697380,2.000000
0,-0.000032,0.437500,0.644068,1.143599,2.761876,1317.248889,2286.401910,87.250513,89.144599,43.625257,44.572300,2550,1840,0.658537,3020.000000,0.000000,40.000000,1.745771,1.784574
0,-0.000232,0.533333,0.529412,0.156285,0.149921,456.218540,1258.034722,91.654833,89.012091,45.827416,44.506046,3730,2780,0.562500,340.000000,0.000000,45.000000,1.833135,1.780251
0,-0.000232,0.533333,0.529412,0.156285,0.149921,456.218540,1258.034722,91.654833,89.012091,45.827416,44.506046,2780,920,0.562500,340.000000,0.000000,45.000000,1.833135,1.780251
0,-0.000032,0.607843,0.644068,1.849153,2.761876,514.411855,2286.401910,90.485691,89.144599,45.242845,44.572300,3770,170,0.649123,1090.000000,0.000000,45.000000,1.815886,1.784574
0,0.000001,0.071429,0.041667,0.506076,0.004674,570.004132,51.910998,98.214286,100.000000,49.107143,50.000000,4940,4700,0.071429,630.000000,0.000000,45.000000,1.964543,2.000000
0,0.000000,0.187500,0.642857,5.896065,0.004409,1655.703704,49.814059,94.393772,100.000000,47.196886,50.000000,4900,170,0.642857,1090.000000,0.000000,45.000000,1.900038,2.000000
0,-0.000047,0.095238,0.263158,1.967879,0.021855,1351.342593,215.625850,89.410064,91.537465,44.705032,45.768732,1840,170,0.439024,1090.000000,0.000000,40.000000,1.794382,1.830750
0,-0.000002,0.275862,0.228571,1.899778,1.127670,884.876543,10528.472222,88.953133,90.040213,44.476567,45.020106,2140,170,0.275862,1090.000000,0.000000,40.000000,1.785238,1.800865
0,-0.000074,0.066667,0.058824,0.190117,1.273666,1616.640000,11742.062500,80.847133,79.052304,40.423567,39.526152,2890,2780,0.066667,340.000000,0.000000,40.000000,1.616954,1.581115
0,-0.000039,0.041667,0.285714,0.110685,0.017610,1059.443200,164.098765,99.870971,100.000000,49.935486,50.000000,4220,3820,0.333333,1350.000000,0.000000,45.000000,1.997425,2.000001
0,-0.000039,0.041667,0.285714,0.110685,0.017610,1059.443200,164.098765,99.870971,100.000000,49.935486,50.000000,2720,1110,0.333333,1350.000000,0.000000,45.000000,1.997425,2.000001
0,-0.000002,0.347826,0.228571,1.092105,1.127670,965.200168,10528.472222,86.004167,90.040213,43.002083,45.020106,4030,1690,0.347826,1540.000000,0.000000,40.000000,1.721536,1.800865
0,-0.000000,0.076923,0.071429,0.251322,2.762360,258.508007,2291.771524,85.137195,89.144599,42.568597,44.572300,5130,4000,0.076923,860.000000,0.000000,40.000000,1.704035,1.784574
0,0.000000,0.200000,0.642857,3.518249,0.004409,848.000000,49.814059,84.476809,100.000000,42.238405,50.000000,2800,880,0.642857,3190.000000,0.000000,40.000000,1.697380,2.000000
0,-0.000000,0.250000,0.187500,1.827922,0.041981,302.625000,365.487528,84.320098,89.880385,42.160049,44.940193,2190,120,0.600000,3380.000000,0.000000,40.000000,1.692422,1.797610
0,-0.000039,0.041667,0.285714,0.110685,0.017610,1059.443200,164.098765,99.870971,100.000000,49.935486,50.000000,4220,1110,0.333333,1350.000000,0.000000,45.000000,1.997425,2.000001
0,-0.000001,0.642857,0.600000,0.029073,0.001963,274.657746,22.222222,65.000000,50.000000,32.500000,25.000000,4930,10,0.642857,640.000000,0.000000,30.000000,1.300002,0.000000
0,0.000001,0.071429,0.041667,0.506076,0.004674,570.004132,51.910998,98.214286,100.000000,49.107143,50.000000,4940,3570,0.071429,630.000000,0.000000,45.000000,1.964543,2.000000
0,-0.000039,0.270270,0.285714,1.853108,0.017610,552.712593,164.098765,98.811522,100.000000,49.405761,50.000000,4080,170,0.333333,1090.000000,0.000000,45.000000,1.982403,2.000001
0,-0.000026,0.142857,0.166667,0.119229,0.035053,545.979592,382.222222,91.995975,89.527435,45.997988,44.763718,2600,650,0.285714,2970.000000,0.000000,45.000000,1.839933,1.790550
0,0.000000,0.187500,0.642857,5.896065,0.004409,1655.703704,49.814059,94.393772,100.000000,47.196886,50.000000,5220,170,0.642857,1090.000000,0.000000,45.000000,1.900038,2.000000
0,-0.000000,0.071429,0.066667,0.076043,1.125708,695.427083,10506.250000,55.471812,40.040213,27.735906,20.020106,2590,10,0.071429,640.000000,0.000000,25.000000,1.109441,0.000000
0,-0.000039,0.041667,0.285714,0.110685,0.017610,1059.443200,164.098765,99.870971,100.000000,49.935486,50.000000,3820,2720,0.333333,1350.000000,0.000000,45.000000,1.997425,2.000001
0,-0.000000,0.076923,0.071429,0.260217,1.128154,697.861111,10533.841837,82.184347,90.040213,41.092174,45.020106,5130,2370,0.076923,860.000000,0.000000,40.000000,1.644978,1.800865
0,-0.000001,0.642857,0.600000,0.029073,0.001963,274.657746,22.222222,65.000000,50.000000,32.500000,25.000000,620,10,0.642857,640.000000,0.000000,30.000000,1.300002,0.000000
0,-0.000047,0.055556,0.263158,0.893743,0.021855,596.312925,215.625850,88.374235,91.537465,44.187117,45.768732,2290,1150,0.500000,1780.000000,0.000000,40.000000,1.769886,1.830750
0,-0.000074,0.066667,0.058824,0.062512,2.907872,557.767326,3499.992188,83.525960,78.156691,41.762980,39.078345,4520,2780,0.066667,340.000000,0.000000,40.000000,1.670523,1.564825
0,-0.000029,0.200000,0.166667,0.006328,0.020238,85.093750,180.000000,57.498048,40.105090,28.749024,20.052545,320,10,0.200000,660.000000,0.000000,25.000000,1.149961,0.000000
0,0.000000,0.642857,0.642857,0.001651,0.002834,38.379464,27.591837,65.000000,50.000000,32.500000,25.000000,5670,10,0.642857,660.000000,0.000000,30.000000,1.300000,0.000000
0,-0.000000,0.142857,0.133333,0.069933,0.511400,484.711034,338.000000,55.513451,39.444444,27.756726,19.722222,1790,10,0.142857,660.000000,0.000000,25.000000,1.110274,0.000000
0,0.000000,0.785714,0.800000,0.245376,0.046354,161.609375,343.265306,53.823529,40.325222,26.911765,20.162611,2860,10,0.800000,660.000000,0.000000,25.000000,1.076685,0.000000
0,0.000000,0.642857,0.642857,0.001651,0.002834,38.379464,27.591837,65.000000,50.000000,32.500000,25.000000,5350,10,0.642857,660.000000,0.000000,30.000000,1.300000,0.000000
0,0.000262,0.133333,0.206897,0.566358,0.388833,3644.062500,2916.888889,81.183523,77.182774,40.591761,38.591387,3280,2360,0.230769,800.000000,0.000000,40.000000,1.623714,1.543681
0,0.000159,0.533333,0.562500,0.391683,0.046384,337.790123,400.148148,90.768892,87.268607,45.384446,43.634304,3420,1290,0.562500,660.000000,0.000000,45.000000,1.815744,1.745375
0,0.000159,0.533333,0.562500,0.391683,0.046384,337.790123,400.148148,90.768892,87.268607,45.384446,43.634304,3420,1170,0.562500,660.000000,0.000000,45.000000,1.815744,1.745375
0,-0.000014,0.090909,0.068966,0.214502,0.123645,484.940123,961.390000,82.768862,78.811827,41.384431,39.405914,4440,3420,0.090909,660.000000,0.000000,40.000000,1.655436,1.576245
0,0.000000,0.500000,0.500000,0.150383,0.156364,1083.080000,2184.000000,79.954093,80.093086,39.977046,40.046543,4520,1540,0.500000,250.000000,0.000000,35.000000,1.599092,1.601867
0,0.000013,0.034483,0.034483,0.065711,0.181808,715.424446,1512.770408,77.034389,80.288705,38.517195,40.144353,2490,2040,0.034483,1300.000000,0.000000,35.000000,1.540691,1.605785
0,-0.000417,0.304348,0.034483,0.350851,0.453146,960.355556,3419.654321,82.549618,79.644307,41.274809,39.822154,3320,1690,0.304348,1650.000000,0.000000,40.000000,1.651066,1.592916
0,-0.000001,0.090909,0.076923,0.009726,0.056942,161.122500,361.527778,52.584170,80.289622,26.292085,40.144811,1210,10,0.100000,1340.000000,0.000000,25.000000,1.051684,1.605797
0,-0.000477,0.200000,0.142857,0.247647,0.049230,87.527778,420.000000,84.845007,89.204312,42.422503,44.602156,5450,100,0.200000,1030.000000,0.000000,40.000000,1.698191,1.784089
0,-0.000477,0.200000,0.142857,0.247647,0.049230,87.527778,420.000000,84.845007,89.204312,42.422503,44.602156,5130,100,0.200000,1030.000000,0.000000,40.000000,1.698191,1.784089
0,0.000000,0.285714,0.285714,1.975982,0.227658,1218.456747,1825.061224,68.647936,79.121317,34.323968,39.560659,3580,1040,0.285714,120.000000,0.000000,30.000000,1.375467,1.582441
0,0.000000,0.333333,0.333333,0.178292,0.045563,99.360000,623.777778,49.656407,81.331494,24.828203,40.665747,2010,10,0.333333,110.000000,0.000000,20.000000,0.993379,1.626632
0,-0.000002,0.111111,0.090909,0.006736,0.002534,91.040895,40.560000,51.818154,41.665721,25.909077,20.832861,760,10,0.111111,870.000000,0.000000,25.000000,1.036363,0.000000
0,-0.000185,0.125000,0.095238,0.266334,0.007948,103.510204,142.370370,84.040402,41.450930,42.020201,20.725465,1100,860,0.125000,530.000000,0.000000,40.000000,1.681386,0.000000
0,-0.000138,0.263158,0.200000,0.075268,0.008249,875.187500,156.365651,88.902526,50.000000,44.451263,25.000000,1410,360,0.263158,1270.000000,0.000000,40.000000,1.778054,0.000000
0,-0.000029,0.071429,0.066667,0.004053,0.000986,98.151837,32.000000,55.405351,42.491085,27.702676,21.245542,1600,10,0.083333,1620.000000,0.000000,25.000000,1.108107,0.000000
0,-0.000138,0.263158,0.200000,0.075268,0.008249,875.187500,156.365651,88.902526,50.000000,44.451263,25.000000,4120,360,0.263158,1270.000000,0.000000,40.000000,1.778054,0.000000
0,-0.000138,0.263158,0.200000,0.075268,0.008249,875.187500,156.365651,88.902526,50.000000,44.451263,25.000000,3590,360,0.263158,1270.000000,0.000000,40.000000,1.778054,0.000000
0,0.000529,0.266667,0.200000,0.078858,0.077587,862.159738,1468.063818,63.183129,50.000000,31.591564,25.000000,2200,10,0.266667,1620.000000,0.000000,30.000000,1.263666,0.000000
0,0.000197,0.695652,0.680000,0.003255,0.006018,140.224043,124.466263,85.418182,41.841380,42.709091,20.920690,1200,10,0.695652,430.000000,0.000000,40.000000,1.708364,0.000000
0,-0.000000,0.500000,0.400000,0.003104,0.004236,54.591837,100.000000,20.299621,40.000000,10.149810,20.000000,20,10,0.500000,1610.000000,0.000000,10.000000,0.405993,0.000000
0,-0.000004,0.050000,0.055556,0.015013,0.010060,97.240000,192.000000,84.515884,42.487299,42.257942,21.243650,1930,1080,0.058824,550.000000,0.000000,40.000000,1.690319,0.000000
0,0.000529,0.266667,0.200000,0.078858,0.077587,862.159738,1468.063818,63.183129,50.000000,31.591564,25.000000,3170,10,0.266667,1620.000000,0.000000,30.000000,1.263666,0.000000
0,0.000000,0.250000,0.250000,0.990466,0.004192,420.250000,51.000000,78.640984,90.000000,39.320492,45.000000,2450,1380,0.250000,110.000000,0.000000,35.000000,1.574063,1.800000
0,-0.000010,0.041667,0.038462,0.970116,0.398133,5434.431953,3557.571429,89.501743,90.655600,44.750871,45.327800,5220,3020,0.041667,390.000000,0.000000,40.000000,1.790121,1.813134
0,-0.000010,0.041667,0.038462,0.970116,0.398133,5434.431953,3557.571429,89.501743,90.655600,44.750871,45.327800,4090,3020,0.041667,390.000000,0.000000,40.000000,1.790121,1.813134
0,0.000000,0.250000,0.250000,0.002004,0.004192,55.000000,51.000000,58.574645,90.000000,29.287323,45.000000,2330,10,0.250000,230.000000,0.000000,25.000000,1.171493,1.800000
0,-0.000000,0.250000,0.166667,1.599962,0.089517,439.571429,635.371901,78.507130,41.496417,39.253565,20.748208,3990,260,0.250000,1410.000000,0.000000,35.000000,1.573237,0.000000
0,-0.000004,0.500000,0.333333,0.117468,0.048874,1138.538462,366.301038,60.044795,50.000000,30.022397,25.000000,2860,10,0.666667,1660.000000,0.000000,30.000000,1.200902,0.000000
0,-0.000004,0.500000,0.333333,0.117468,0.048874,1138.538462,366.301038,60.044795,50.000000,30.022397,25.000000,2070,10,0.666667,1660.000000,0.000000,30.000000,1.200902,0.000000
0,-0.000004,0.500000,0.333333,0.117468,0.048874,1138.538462,366.301038,60.044795,50.000000,30.022397,25.000000,3750,10,0.666667,1660.000000,0.000000,30.000000,1.200902,0.000000
0,-0.000004,0.500000,0.333333,0.117468,0.048874,1138.538462,366.301038,60.044795,50.000000,30.022397,25.000000,3580,10,0.666667,1660.000000,0.000000,30.000000,1.200902,0.000000
0,0.000000,0.166667,0.166667,0.214065,0.006753,52.000000,80.000000,82.385670,41.981624,41.192835,20.990812,2610,230,0.166667,420.000000,0.000000,40.000000,1.649060,0.000000
0,0.000005,0.500000,0.833333,0.212755,0.006398,110.000000,99.000000,53.333291,40.629344,26.666645,20.314672,3600,2020,0.833333,1010.000000,0.000000,25.000000,1.068420,0.000000
0,-0.000001,0.363636,0.307692,0.013855,0.406293,376.382222,3624.000000,78.620964,77.277131,39.310482,38.638565,3350,10,0.363636,630.000000,0.000000,35.000000,1.572420,1.545566
0,-0.000084,0.137931,0.125000,0.511343,0.098377,719.360000,683.880000,81.371403,77.330077,40.685702,38.665039,3170,400,0.137931,240.000000,0.000000,40.000000,1.627841,1.546609
0,-0.000396,0.800000,0.722222,1.280089,0.073702,302.160000,528.000000,77.725838,79.849486,38.862919,39.924743,2020,10,0.800000,630.000000,0.000000,35.000000,1.562710,1.596995
0,-0.000000,0.375000,0.076923,0.016339,0.372969,167.062500,3384.000000,85.699567,82.776886,42.849783,41.388443,1340,10,0.400000,2640.000000,0.000000,40.000000,1.713992,1.655558
0,0.000097,0.200000,0.190476,0.026406,0.250629,432.560000,1728.444444,80.369153,77.879574,40.184577,38.939787,2850,10,0.200000,630.000000,0.000000,40.000000,1.607385,1.557610
0,-0.000530,0.153846,0.080000,0.948537,0.024162,1241.459200,375.877551,86.323703,89.952128,43.161852,44.976064,5100,3730,0.153846,320.000000,0.000000,40.000000,1.726871,1.799043
0,-0.000530,0.153846,0.080000,0.948537,0.024162,1241.459200,375.877551,86.323703,89.952128,43.161852,44.976064,3730,2560,0.153846,320.000000,0.000000,40.000000,1.726871,1.799043
0,0.001846,0.500000,0.720000,0.744878,0.042029,2295.937500,599.880000,88.139951,90.120495,44.069976,45.060248,2680,2140,0.720000,740.000000,0.000000,40.000000,1.763178,1.802411
0,0.001846,0.500000,0.720000,0.744878,0.042029,2295.937500,599.880000,88.139951,90.120495,44.069976,45.060248,4680,2680,0.720000,740.000000,0.000000,40.000000,1.763178,1.802411
0,0.001846,0.500000,0.720000,0.744878,0.042029,2295.937500,599.880000,88.139951,90.120495,44.069976,45.060248,2680,2420,0.720000,740.000000,0.000000,40.000000,1.763178,1.802411
0,0.001846,0.500000,0.720000,0.744878,0.042029,2295.937500,599.880000,88.139951,90.120495,44.069976,45.060248,2680,2240,0.720000,740.000000,0.000000,40.000000,1.763178,1.802411
0,-0.000530,0.153846,0.080000,0.948537,0.024162,1241.459200,375.877551,86.323703,89.952128,43.161852,44.976064,3730,2660,0.153846,320.000000,0.000000,40.000000,1.726871,1.799043
0,-0.000530,0.153846,0.080000,0.948537,0.024162,1241.459200,375.877551,86.323703,89.952128,43.161852,44.976064,3730,2840,0.153846,320.000000,0.000000,40.000000,1.726871,1.799043
0,-0.000057,0.083333,0.066667,0.513095,0.000000,5077.262222,0.000000,79.545172,0.000000,39.772586,0.000000,5290,4920,0.083333,460.000000,0.000000,35.000000,1.590929,0.000000
0,-0.000003,0.470588,0.400000,0.289658,0.036469,437.906392,338.000000,81.106810,42.279073,40.553405,21.139536,2270,1900,0.470588,600.000000,0.000000,40.000000,1.622422,0.000000
0,-0.000003,0.428571,0.400000,0.659258,0.084623,345.175873,874.884298,54.521072,50.000000,27.260536,25.000000,3810,10,0.428571,820.000000,0.000000,25.000000,1.091091,0.000000
0,0.000000,0.928571,0.933333,0.919349,0.083388,1577.664854,686.000000,55.636762,46.199174,27.818381,23.099587,3220,10,0.933333,820.000000,0.000000,25.000000,1.113007,0.000000
0,0.000000,0.357143,0.333333,0.002067,5.209453,123.823250,400.000000,84.565366,39.999998,42.282683,19.999999,180,10,0.357143,650.000000,0.000000,40.000000,1.691307,0.000000
0,-0.000016,0.111111,0.083333,0.004922,0.083388,45.883929,686.000000,49.118264,46.199174,24.559132,23.099587,280,10,0.111111,820.000000,0.000000,20.000000,0.982366,0.000000
0,0.000000,0.125000,0.125000,0.271252,0.002414,163.106576,35.555556,83.930342,42.000004,41.965171,21.000002,2770,1900,0.125000,600.000000,0.000000,40.000000,1.678892,0.000000
0,-0.000001,0.111111,0.100000,0.600953,0.298324,524.902344,2834.297521,80.815731,39.676562,40.407866,19.838281,4710,1910,0.117647,590.000000,0.000000,40.000000,1.616724,0.000000
0,-0.000000,0.058824,0.050000,0.289404,0.089941,455.385340,891.358025,81.556780,41.220046,40.778390,20.610023,3340,1900,0.058824,600.000000,0.000000,40.000000,1.631421,0.000000
0,-0.000000,0.125000,0.111111,0.001426,0.002390,34.460317,32.666667,48.252008,41.666662,24.126004,20.833331,150,10,0.125000,820.000000,0.000000,20.000000,0.965040,0.000000
0,0.000000,0.100000,0.100000,1.682225,0.025139,418.506173,288.000000,76.713152,41.238516,38.356576,20.619258,2620,2260,0.100000,240.000000,0.000000,35.000000,1.539080,0.000000
0,0.000003,0.117647,0.200000,1.627956,0.151645,1374.750000,1399.680000,90.672330,50.000000,45.336165,25.000000,2260,1980,0.200000,520.000000,0.000000,45.000000,1.814463,0.000000
0,0.000003,0.117647,0.200000,1.627956,0.151645,1374.750000,1399.680000,90.672330,50.000000,45.336165,25.000000,1980,1840,0.200000,520.000000,0.000000,45.000000,1.814463,0.000000
0,-0.000003,0.428571,0.400000,0.659258,0.084623,345.175873,874.884298,54.521072,50.000000,27.260536,25.000000,4530,10,0.428571,820.000000,0.000000,25.000000,1.091091,0.000000
0,-0.000003,0.428571,0.400000,0.659258,0.084623,345.175873,874.884298,54.521072,50.000000,27.260536,25.000000,3020,10,0.428571,820.000000,0.000000,25.000000,1.091091,0.000000
0,0.003244,0.100000,0.350000,0.385555,0.009173,2152.551020,84.231405,79.930341,40.524091,39.965171,20.262046,1900,1810,0.350000,600.000000,0.000000,35.000000,1.598895,0.000000
0,-0.000003,0.428571,0.400000,0.659258,0.084623,345.175873,874.884298,54.521072,50.000000,27.260536,25.000000,4700,10,0.428571,820.000000,0.000000,25.000000,1.091091,0.000000
0,0.000000,0.928571,0.933333,0.919349,0.083388,1577.664854,686.000000,55.636762,46.199174,27.818381,23.099587,4190,10,0.933333,820.000000,0.000000,25.000000,1.113007,0.000000
0,0.000000,0.166667,0.166667,0.015733,0.018315,199.222222,141.120000,60.000000,50.000000,30.000000,25.000000,5300,10,0.166667,350.000000,0.000000,25.000000,1.200001,0.000000
0,0.000000,0.166667,0.166667,0.015733,0.018315,199.222222,141.120000,60.000000,50.000000,30.000000,25.000000,4770,10,0.166667,350.000000,0.000000,25.000000,1.200001,0.000000
0,0.000000,0.166667,0.166667,0.010301,0.006265,149.466263,64.000000,51.749614,39.999999,25.874807,20.000000,350,10,0.166667,350.000000,0.000000,25.000000,1.034993,0.000000
0,0.000000,0.166667,0.166667,0.015733,0.018315,199.222222,141.120000,60.000000,50.000000,30.000000,25.000000,2590,10,0.166667,350.000000,0.000000,25.000000,1.200001,0.000000
0,-0.000000,0.250000,0.181818,0.540697,0.117364,3532.591837,1296.000000,77.835002,40.669649,38.917501,20.334824,4990,1990,0.250000,820.000000,0.000000,35.000000,1.556742,0.000000
0,-0.000015,0.034483,0.025000,0.101346,0.003902,1289.041821,64.000000,81.912692,39.999999,40.956346,20.000000,5110,10,0.034483,700.000000,0.000000,40.000000,1.638258,0.000000
0,-0.000044,0.038462,0.055556,0.147945,0.124333,1547.582031,1399.680000,74.258933,50.000000,37.129466,25.000000,5020,2040,0.076923,790.000000,0.000000,35.000000,1.485188,0.000000
0,-0.000093,0.250000,0.200000,0.120076,0.928925,1212.790000,200.000000,39.387115,36.182410,19.693558,18.091205,5150,10,0.250000,660.000000,0.000000,15.000000,0.787748,0.000000
0,-0.000058,0.111111,0.076923,0.164813,0.061100,2212.812500,686.000000,50.714286,50.000000,25.357143,25.000000,4670,10,0.111111,1140.000000,0.000000,25.000000,1.014292,0.000000
0,-0.000030,0.111111,0.050000,0.568689,0.061100,4185.590000,686.000000,89.999975,50.000000,44.999987,25.000000,4390,2670,0.111111,1420.000000,0.000000,40.000000,1.800039,0.000000
0,-0.000044,0.076923,0.055556,0.131929,0.124333,1536.892361,1399.680000,78.995482,50.000000,39.497741,25.000000,5000,1600,0.076923,810.000000,0.000000,35.000000,1.579915,0.000000
0,-0.000002,0.055556,0.031250,0.997162,0.033902,2247.388889,375.555556,66.310053,41.496966,33.155027,20.748483,4710,360,0.055556,1100.000000,0.000000,30.000000,1.332029,0.000000
0,0.000000,0.200000,0.200000,0.226226,0.011436,2877.750000,144.000000,79.543063,42.500000,39.771531,21.250000,4830,180,0.200000,980.000000,0.000000,35.000000,1.590870,0.000000
0,0.000000,0.125000,0.125000,0.294342,0.813029,3134.610000,8712.000000,80.910080,80.961713,40.455040,40.480857,1300,760,0.125000,150.000000,0.000000,40.000000,1.618215,1.619272
0,-0.000030,0.111111,0.050000,0.568689,0.061100,4185.590000,686.000000,89.999975,50.000000,44.999987,25.000000,4390,3640,0.111111,1420.000000,0.000000,40.000000,1.800039,0.000000
0,0.000000,0.100000,0.100000,6.397927,0.716649,3949.421875,8169.750000,74.239523,79.377888,37.119761,39.688944,4490,3190,0.100000,610.000000,0.000000,35.000000,1.491585,1.587590
0,0.000000,0.600000,0.600000,0.143514,0.004154,1108.375000,54.000000,45.161660,40.153956,22.580830,20.076978,5510,10,0.600000,300.000000,0.000000,20.000000,0.903243,0.000000
0,-0.000033,0.055556,0.038462,0.347617,0.140636,2824.500000,1445.000000,81.434242,41.227342,40.717121,20.613671,4590,1430,0.055556,1220.000000,0.000000,40.000000,1.628707,0.000000
0,-0.000004,0.166667,0.148148,0.391962,0.016411,1982.500000,219.640000,79.163466,42.196553,39.581733,21.098276,2420,800,0.388889,3390.000000,0.000000,35.000000,1.583308,0.000000
0,-0.000000,0.250000,0.125000,0.160445,0.075063,838.200000,710.142857,90.000000,86.081323,45.000000,43.040661,1640,970,0.428571,2460.000000,0.000000,40.000000,1.800015,1.721630
0,-0.000046,0.111111,0.076923,0.028240,0.156121,313.312500,1560.884298,60.000000,100.000000,30.000000,50.000000,4260,10,0.111111,1150.000000,0.000000,30.000000,1.200001,2.000008
0,-0.000000,0.500000,0.444444,0.153505,0.075450,1482.313694,718.666667,60.817835,91.666666,30.408918,45.833333,3080,10,0.500000,1020.000000,0.000000,30.000000,1.216365,1.833337
0,0.000000,0.777778,0.777778,0.009125,0.005643,81.618622,61.250000,47.999989,40.204854,23.999995,20.102427,2100,10,0.777778,730.000000,0.000000,20.000000,0.960000,0.000000
0,-0.000011,0.040000,0.096774,0.396820,0.150933,2260.175600,1442.000000,91.999822,90.736654,45.999911,45.368327,4370,2900,0.120000,1200.000000,0.000000,45.000000,1.840031,1.814741
0,0.000000,0.062500,0.062500,3.766506,0.009116,284.000000,122.222222,82.631737,50.000000,41.315868,25.000000,2700,2510,0.062500,130.000000,0.000000,40.000000,1.692780,0.000000
0,-0.000000,0.250000,0.125000,0.160445,0.075063,838.200000,710.142857,90.000000,86.081323,45.000000,43.040661,2610,970,0.428571,2460.000000,0.000000,40.000000,1.800015,1.721630
0,-0.000057,0.151515,0.131579,0.028362,0.087684,427.856265,938.884298,93.600000,90.000000,46.800000,45.000000,4700,10,0.151515,710.000000,0.000000,45.000000,1.872001,1.800004
0,0.000248,0.041667,0.421053,0.494150,0.156121,2976.562637,1560.884298,100.000000,100.000000,50.000000,50.000000,3490,2900,0.454545,1200.000000,0.000000,50.000000,2.000041,2.000008
0,-0.000519,0.076923,0.250000,0.171479,0.082708,1785.835306,782.000000,91.231745,91.585068,45.615872,45.792534,3500,180,0.333333,600.000000,0.000000,45.000000,1.824643,1.831706
0,0.000000,0.125000,0.125000,0.271301,0.015611,252.944444,185.500000,75.356967,81.347172,37.678484,40.673586,1400,600,0.125000,120.000000,0.000000,35.000000,1.507306,1.626944
0,0.001280,0.666667,0.500000,0.139513,0.084049,2054.434903,807.500000,72.500000,91.347173,36.250000,45.673586,2590,10,0.666667,1510.000000,0.000000,35.000000,1.450005,1.826948
0,0.000248,0.041667,0.421053,0.494150,0.156121,2976.562637,1560.884298,100.000000,100.000000,50.000000,50.000000,3870,2700,0.454545,1200.000000,0.000000,50.000000,2.000041,2.000008
0,0.000000,0.100000,0.100000,1.679065,0.024661,396.000000,288.000000,74.485614,41.247486,37.242807,20.623743,2620,2530,0.100000,300.000000,0.000000,35.000000,1.494529,0.000000
0,0.000248,0.041667,0.421053,0.494150,0.156121,2976.562637,1560.884298,100.000000,100.000000,50.000000,50.000000,4210,2900,0.454545,1200.000000,0.000000,50.000000,2.000041,2.000008
0,0.000248,0.041667,0.421053,0.494150,0.156121,2976.562637,1560.884298,100.000000,100.000000,50.000000,50.000000,2900,2700,0.454545,1200.000000,0.000000,50.000000,2.000041,2.000008
0,-0.000046,0.111111,0.076923,0.028240,0.156121,313.312500,1560.884298,60.000000,100.000000,30.000000,50.000000,3540,10,0.111111,1150.000000,0.000000,30.000000,1.200001,2.000008
0,-0.000011,0.040000,0.096774,0.396820,0.150933,2260.175600,1442.000000,91.999822,90.736654,45.999911,45.368327,4370,3870,0.120000,1200.000000,0.000000,45.000000,1.840031,1.814741
0,-0.000049,0.083333,0.066667,4.106734,0.147351,3316.450139,1473.500000,86.967280,89.139773,43.483640,44.569886,2660,780,0.083333,1440.000000,0.000000,40.000000,1.746278,1.782803
0,0.000248,0.041667,0.421053,0.494150,0.156121,2976.562637,1560.884298,100.000000,100.000000,50.000000,50.000000,3870,3490,0.454545,1200.000000,0.000000,50.000000,2.000041,2.000008
0,-0.000519,0.076923,0.250000,0.171479,0.082708,1785.835306,782.000000,91.231745,91.585068,45.615872,45.792534,4470,180,0.333333,600.000000,0.000000,45.000000,1.824643,1.831706
0,-0.000043,0.066667,0.062500,0.024917,0.009116,165.333333,122.222222,79.582260,50.000000,39.791130,25.000000,3160,2490,0.066667,340.000000,0.000000,35.000000,1.591647,0.000000
0,0.000248,0.041667,0.421053,0.494150,0.156121,2976.562637,1560.884298,100.000000,100.000000,50.000000,50.000000,4210,3870,0.454545,1200.000000,0.000000,50.000000,2.000041,2.000008
0,-0.000049,0.083333,0.066667,4.106734,0.147351,3316.450139,1473.500000,86.967280,89.139773,43.483640,44.569886,3630,780,0.083333,1440.000000,0.000000,40.000000,1.746278,1.782803
0,-0.000000,0.047619,0.045455,0.081558,0.081157,471.333333,765.820000,79.281021,37.492171,39.640511,18.746085,2590,2490,0.047619,340.000000,0.000000,35.000000,1.585627,0.000000
0,-0.000057,0.151515,0.131579,0.028362,0.087684,427.856265,938.884298,93.600000,90.000000,46.800000,45.000000,4870,10,0.151515,710.000000,0.000000,45.000000,1.872001,1.800004
0,0.000248,0.041667,0.421053,0.494150,0.156121,2976.562637,1560.884298,100.000000,100.000000,50.000000,50.000000,4380,2900,0.454545,1200.000000,0.000000,50.000000,2.000041,2.000008
0,-0.000046,0.111111,0.076923,0.028240,0.156121,313.312500,1560.884298,60.000000,100.000000,30.000000,50.000000,2750,10,0.111111,1150.000000,0.000000,30.000000,1.200001,2.000008
0,-0.000057,0.151515,0.131579,0.028362,0.087684,427.856265,938.884298,93.600000,90.000000,46.800000,45.000000,3190,10,0.151515,710.000000,0.000000,45.000000,1.872001,1.800004
0,-0.000000,0.047619,0.045455,0.040299,0.004669,257.799596,64.000000,78.927000,40.000000,39.463500,20.000000,2490,380,0.047619,340.000000,0.000000,35.000000,1.578543,0.000000
0,0.000000,0.111111,0.111111,0.028912,0.007013,150.072917,96.666667,81.753600,81.666665,40.876800,40.833333,530,220,0.111111,500.000000,0.000000,40.000000,1.635075,1.633334
0,0.000248,0.041667,0.421053,0.494150,0.156121,2976.562637,1560.884298,100.000000,100.000000,50.000000,50.000000,4380,3870,0.454545,1200.000000,0.000000,50.000000,2.000041,2.000008
0,-0.000000,0.500000,0.444444,0.153505,0.075450,1482.313694,718.666667,60.817835,91.666666,30.408918,45.833333,4050,10,0.500000,1020.000000,0.000000,30.000000,1.216365,1.833337
0,0.001280,0.666667,0.500000,0.139513,0.084049,2054.434903,807.500000,72.500000,91.347173,36.250000,45.673586,3560,10,0.666667,1510.000000,0.000000,35.000000,1.450005,1.826948
0,0.000000,0.181818,0.181818,0.007678,0.003268,143.437500,35.437500,80.011591,41.428567,40.005795,20.714284,2510,260,0.181818,320.000000,0.000000,40.000000,1.600232,0.000000
0,-0.000057,0.151515,0.131579,0.028362,0.087684,427.856265,938.884298,93.600000,90.000000,46.800000,45.000000,3980,10,0.151515,710.000000,0.000000,45.000000,1.872001,1.800004
0,-0.000046,0.111111,0.076923,0.028240,0.156121,313.312500,1560.884298,60.000000,100.000000,30.000000,50.000000,4430,10,0.111111,1150.000000,0.000000,30.000000,1.200001,2.000008
0,0.000000,0.062500,0.062500,0.001813,0.011936,41.567901,122.698225,47.802642,39.727912,23.901321,19.863956,160,10,0.062500,170.000000,0.000000,20.000000,0.956053,0.000000
0,0.000000,0.062500,0.062500,0.022199,0.013606,175.810095,141.120000,55.714286,50.000000,27.857143,25.000000,4830,10,0.062500,320.000000,0.000000,25.000000,1.114287,0.000000
0,0.000000,0.062500,0.062500,0.022199,0.013606,175.810095,141.120000,55.714286,50.000000,27.857143,25.000000,2650,10,0.062500,320.000000,0.000000,25.000000,1.114287,0.000000
0,0.000000,0.062500,0.062500,0.022249,0.016269,189.916667,165.312500,45.771788,50.000000,22.885894,25.000000,2240,10,0.062500,320.000000,0.000000,20.000000,0.915437,0.000000
0,0.000000,0.125000,0.125000,0.019726,0.140329,190.703704,1769.444444,46.814443,40.002907,23.407222,20.001454,4540,10,0.125000,320.000000,0.000000,20.000000,0.936290,0.000000
0,0.000000,0.187500,0.187500,0.302552,1.166920,2141.384444,11337.190083,44.789079,40.381899,22.394539,20.190950,5050,10,0.187500,320.000000,0.000000,20.000000,0.895803,0.000000
0,-0.000000,0.052632,0.047619,0.328221,0.156598,302.150000,1934.756944,76.479817,90.002907,38.239908,45.001454,4280,1980,0.052632,580.000000,0.000000,35.000000,1.529973,1.800065
0,0.000000,0.062500,0.062500,0.022199,0.013606,175.810095,141.120000,55.714286,50.000000,27.857143,25.000000,5360,10,0.062500,320.000000,0.000000,25.000000,1.114287,0.000000
0,0.000000,0.937500,0.937500,0.010800,0.033036,110.402222,300.000000,46.623364,36.481659,23.311682,18.240829,3870,10,0.937500,320.000000,0.000000,20.000000,0.932468,0.000000
0,0.000000,0.100000,0.100000,0.006935,0.049149,261.304438,465.312500,80.912301,87.268607,40.456150,43.634304,4100,10,0.100000,100.000000,0.000000,40.000000,1.618246,1.745375
0,0.000000,0.111111,0.111111,0.016099,0.233648,194.379259,2665.444444,47.914991,78.260353,23.957495,39.130177,4770,10,0.111111,100.000000,0.000000,20.000000,0.958301,1.565217
0,-0.000000,0.100000,0.038462,0.210167,0.041513,210.895062,390.000000,79.796685,79.268602,39.898343,39.634301,2570,720,0.142857,1630.000000,0.000000,35.000000,1.596405,1.585374
0,-0.000029,0.142857,0.071429,0.018863,0.034625,185.104308,317.285714,53.764221,80.125750,26.882111,40.062875,3110,10,0.142857,1090.000000,0.000000,25.000000,1.075285,1.602517
0,0.000000,0.058824,0.058824,0.002071,0.105661,41.040000,1018.698225,43.154990,78.154400,21.577495,39.077200,90,10,0.058824,100.000000,0.000000,20.000000,0.863100,1.563093
0,-0.005460,0.222222,0.133333,0.027857,0.049149,194.666667,465.312500,82.670638,87.268607,41.335319,43.634304,2070,440,0.411765,2130.000000,0.000000,40.000000,1.653415,1.745375
0,0.000000,0.250000,0.250000,0.016085,0.034566,194.130435,320.000000,40.868115,77.207589,20.434057,38.603794,3680,10,0.250000,520.000000,0.000000,20.000000,0.817363,1.544154
0,-0.000000,0.047619,0.027027,0.130839,0.046494,883.341730,441.120000,91.666711,87.268607,45.833356,43.634304,2110,890,0.047619,2090.000000,0.000000,45.000000,1.833344,1.745375
0,-0.000000,0.500000,0.333333,0.011277,0.034971,200.395062,320.000000,56.260830,77.268607,28.130415,38.634304,2560,10,0.500000,1640.000000,0.000000,25.000000,1.125217,1.545374
0,-0.000074,0.062500,0.058824,0.011769,0.151783,193.382716,1892.142669,48.796821,80.242669,24.398411,40.121334,4690,10,0.062500,180.000000,0.000000,20.000000,0.975937,1.604859
0,0.000147,0.875000,0.882353,0.004428,0.044829,83.837743,422.698225,48.571428,77.336965,24.285714,38.668482,4020,10,0.882353,180.000000,0.000000,20.000000,0.971429,1.546742
0,0.000000,0.888889,0.888889,0.006935,0.126694,91.016275,1196.000000,47.215608,75.354649,23.607804,37.677325,4100,10,0.888889,100.000000,0.000000,20.000000,0.944313,1.507100
0,0.000001,0.470588,0.428571,0.411728,0.172816,362.390625,2069.444444,78.272434,77.442918,39.136217,38.721459,2470,1800,0.470588,2400.000000,0.000000,35.000000,1.566421,1.548866
0,-0.000016,0.105263,0.111111,0.175843,0.061920,478.090000,614.330000,79.723736,79.033313,39.861868,39.516657,2770,590,0.153846,1430.000000,0.000000,35.000000,1.594541,1.580669
0,-0.000020,0.027778,0.034483,0.164551,1.196155,350.222222,11637.190083,83.666690,77.623948,41.833345,38.811974,3310,2130,0.052632,2070.000000,0.000000,40.000000,1.673383,1.552540
0,-0.000000,0.047619,0.027027,0.130839,0.046494,883.341730,441.120000,91.666711,87.268607,45.833356,43.634304,3070,2110,0.047619,2090.000000,0.000000,45.000000,1.833344,1.745375
0,-0.000000,0.047619,0.027027,0.130839,0.046494,883.341730,441.120000,91.666711,87.268607,45.833356,43.634304,3600,2110,0.047619,2090.000000,0.000000,45.000000,1.833344,1.745375
0,-0.000007,0.027027,0.026316,0.751397,4.010632,4960.612670,5810.000000,80.895259,78.811106,40.447630,39.405553,3460,550,0.027027,200.000000,0.000000,40.000000,1.617962,1.577617
0,0.000000,0.062500,0.062500,3.769237,0.171050,318.370370,1117.534722,83.478446,90.532783,41.739223,45.266391,2510,1540,0.062500,160.000000,0.000000,40.000000,1.709714,1.810669
0,-0.000000,0.187500,0.142857,0.436244,0.266051,1781.088059,1681.312500,91.524255,90.532783,45.762128,45.266391,4260,860,0.187500,840.000000,0.000000,45.000000,1.831072,1.810677
0,0.001217,0.250000,0.437500,0.086628,0.020464,962.307377,186.222222,83.972697,90.000000,41.986348,45.000000,1930,10,0.437500,740.000000,0.000000,40.000000,1.679458,1.800001
0,0.000000,0.062500,0.062500,3.867808,0.122068,1772.641156,808.222222,91.670916,100.000000,45.835458,50.000000,3970,2510,0.062500,160.000000,0.000000,45.000000,1.873567,2.000009
0,0.002639,0.296296,0.500000,0.163399,0.115465,1764.063549,750.000000,93.600000,90.000000,46.800000,45.000000,4360,10,0.500000,740.000000,0.000000,45.000000,1.872008,1.800009
0,-0.000000,0.187500,0.142857,0.436244,0.266051,1781.088059,1681.312500,91.524255,90.532783,45.762128,45.266391,3290,860,0.187500,840.000000,0.000000,45.000000,1.831072,1.810677
0,-0.000000,0.117647,0.108108,0.015630,0.027195,262.310645,205.120000,93.600000,90.000000,46.800000,45.000000,2250,10,0.117647,740.000000,0.000000,45.000000,1.872001,1.800002
0,0.000000,0.062500,0.062500,1.122917,0.122068,298.880000,808.222222,94.270277,100.000000,47.135139,50.000000,2550,1070,0.062500,120.000000,0.000000,45.000000,1.890475,2.000009
0,-0.000047,0.050000,0.052632,0.259203,0.160436,1610.333426,1033.027778,92.697702,91.427304,46.348851,45.713652,4240,1930,0.058824,860.000000,0.000000,45.000000,1.853975,1.828559
0,-0.000000,0.437500,0.380952,0.005476,0.164448,162.762025,1059.312500,85.822222,80.532782,42.911111,40.266391,960,10,0.437500,740.000000,0.000000,40.000000,1.716445,1.610668
0,-0.000047,0.050000,0.052632,0.259203,0.160436,1610.333426,1033.027778,92.697702,91.427304,46.348851,45.713652,3270,1930,0.058824,860.000000,0.000000,45.000000,1.853975,1.828559
0,0.000000,0.062500,0.062500,3.867808,0.122068,1772.641156,808.222222,91.670916,100.000000,45.835458,50.000000,4940,2510,0.062500,160.000000,0.000000,45.000000,1.873567,2.000009
0,-0.000000,0.117647,0.108108,0.015630,0.027195,262.310645,205.120000,93.600000,90.000000,46.800000,45.000000,4960,10,0.117647,740.000000,0.000000,45.000000,1.872001,1.800002
0,-0.000153,0.538462,0.437500,0.005193,0.020464,213.501821,186.222222,84.711074,90.000000,42.355537,45.000000,2790,10,0.538462,740.000000,0.000000,40.000000,1.694222,1.800001
0,0.000000,0.400000,0.400000,0.008138,0.018460,203.251821,164.000000,83.599999,80.000000,41.800000,40.000000,1190,10,0.400000,740.000000,0.000000,40.000000,1.672000,1.600001
0,0.000000,0.400000,0.400000,0.016261,0.067765,181.455510,564.000000,81.849559,80.000000,40.924780,40.000000,1380,500,0.400000,250.000000,0.000000,40.000000,1.636992,1.600004
0,0.002639,0.296296,0.500000,0.163399,0.115465,1764.063549,750.000000,93.600000,90.000000,46.800000,45.000000,3390,10,0.500000,740.000000,0.000000,45.000000,1.872008,1.800009
0,0.000000,0.142857,0.142857,1.123661,0.266051,265.250370,1681.312500,85.935187,90.532783,42.967593,45.266391,1580,1070,0.142857,120.000000,0.000000,40.000000,1.723773,1.810677
0,0.000000,0.166667,0.166667,0.031258,0.118314,369.466263,790.000000,81.787768,75.982082,40.893884,37.991041,1250,370,0.166667,380.000000,0.000000,40.000000,1.635757,1.519651
0,-0.000022,0.062500,0.062500,1.455265,0.122068,561.663580,808.222222,83.174362,100.000000,41.587181,50.000000,1160,560,0.083333,2970.000000,0.000000,40.000000,1.666659,2.000009
0,-0.000002,0.181818,0.142857,1.155779,0.254948,10993.251821,1607.500000,82.472047,80.713168,41.236024,40.356584,2040,10,0.181818,740.000000,0.000000,40.000000,1.649502,1.614284
0,-0.000022,0.062500,0.062500,1.455265,0.122068,561.663580,808.222222,83.174362,100.000000,41.587181,50.000000,2130,560,0.083333,2970.000000,0.000000,40.000000,1.666659,2.000009
0,-0.000234,0.294118,0.263158,0.010415,0.058833,211.904882,411.027778,86.447218,81.427303,43.223609,40.713652,2050,10,0.294118,740.000000,0.000000,40.000000,1.728945,1.628550
0,0.000350,0.555556,0.500000,0.002885,0.115465,128.564321,750.000000,85.599535,90.000000,42.799768,45.000000,450,10,0.555556,740.000000,0.000000,40.000000,1.711991,1.800009
0,0.000000,0.100000,0.100000,1.679569,0.043544,412.466263,352.000000,76.834476,81.248824,38.417238,40.624412,2620,420,0.100000,330.000000,0.000000,35.000000,1.541506,1.624979
0,-0.000047,0.062500,0.052632,0.267610,0.209418,112.750204,1342.340278,85.858612,81.960086,42.929306,40.980043,1950,860,0.062500,840.000000,0.000000,40.000000,1.717751,1.639218
0,0.000000,0.062500,0.062500,1.122917,0.122068,298.880000,808.222222,94.270277,100.000000,47.135139,50.000000,3410,1070,0.062500,120.000000,0.000000,45.000000,1.890475,2.000009
0,-0.000000,0.117647,0.108108,0.015630,0.027195,262.310645,205.120000,93.600000,90.000000,46.800000,45.000000,4430,10,0.117647,740.000000,0.000000,45.000000,1.872001,1.800002
0,-0.000047,0.055556,0.052632,1.125655,0.160436,314.880000,1033.027778,86.770174,91.427304,43.385087,45.713652,2670,1070,0.055556,120.000000,0.000000,40.000000,1.740473,1.828559
0,0.000003,0.034483,0.033333,0.057874,0.127418,378.190972,829.820000,82.171183,79.552238,41.085591,39.776119,2430,220,0.034483,530.000000,0.000000,40.000000,1.643428,1.591055
0,-0.000022,0.083333,0.062500,0.271896,0.171050,255.510204,1117.534722,83.332858,90.532783,41.666429,45.266391,2690,860,0.083333,840.000000,0.000000,40.000000,1.667236,1.810669
0,-0.000001,0.636364,0.615385,0.137737,0.167184,429.596372,2460.000000,89.083986,89.999945,44.541993,44.999973,3580,1430,0.761905,1020.000000,0.000000,40.000000,1.781721,1.800005
0,-0.000001,0.636364,0.615385,0.137737,0.167184,429.596372,2460.000000,89.083986,89.999945,44.541993,44.999973,3520,1430,0.761905,1020.000000,0.000000,40.000000,1.781721,1.800005
0,-0.000001,0.636364,0.615385,0.137737,0.167184,429.596372,2460.000000,89.083986,89.999945,44.541993,44.999973,3410,1430,0.761905,1020.000000,0.000000,40.000000,1.781721,1.800005
0,-0.000001,0.636364,0.615385,0.137737,0.167184,429.596372,2460.000000,89.083986,89.999945,44.541993,44.999973,4110,1430,0.761905,1020.000000,0.000000,40.000000,1.781721,1.800005
0,-0.000001,0.636364,0.615385,0.137737,0.167184,429.596372,2460.000000,89.083986,89.999945,44.541993,44.999973,3400,1430,0.761905,1020.000000,0.000000,40.000000,1.781721,1.800005
0,0.000000,0.066667,0.066667,0.387443,0.003113,73.854938,55.975000,73.068598,81.998422,36.534299,40.999211,2690,1300,0.066667,330.000000,0.000000,35.000000,1.463134,1.639969
0,0.000000,0.066667,0.066667,0.404845,0.056071,408.551038,905.259298,81.111004,89.998432,40.555502,44.999216,4410,1300,0.066667,330.000000,0.000000,40.000000,1.623983,1.799970
0,0.000000,0.066667,0.066667,0.404845,0.056071,408.551038,905.259298,81.111004,89.998432,40.555502,44.999216,3620,1300,0.066667,330.000000,0.000000,40.000000,1.623983,1.799970
0,0.000000,0.066667,0.066667,0.407333,0.034880,417.828125,497.733025,72.641653,80.941428,36.320826,40.470714,2870,1300,0.066667,330.000000,0.000000,35.000000,1.454596,1.618830
0,0.000000,0.066667,0.066667,0.404845,0.056071,408.551038,905.259298,81.111004,89.998432,40.555502,44.999216,5300,1300,0.066667,330.000000,0.000000,40.000000,1.623983,1.799970
0,0.000000,0.066667,0.066667,0.404845,0.056071,408.551038,905.259298,81.111004,89.998432,40.555502,44.999216,5130,1300,0.066667,330.000000,0.000000,40.000000,1.623983,1.799970
0,0.000000,0.100000,0.100000,0.001425,0.000915,47.527778,23.527778,50.516788,40.518903,25.258394,20.259452,3330,10,0.100000,120.000000,0.000000,25.000000,1.010336,0.000000
0,0.000000,0.600000,0.600000,0.143145,0.091953,1320.000000,1296.000000,49.088202,40.113807,24.544101,20.056904,2760,10,0.600000,120.000000,0.000000,20.000000,0.981772,0.000000
0,-0.000058,0.111111,0.100000,2.068397,0.098057,2084.456747,1457.589569,73.804284,79.452210,36.902142,39.726105,3580,2000,0.111111,480.000000,0.000000,35.000000,1.478599,1.589048
0,-0.000004,0.047619,0.041667,6.857916,2.999893,2785.333333,192.000000,72.495505,79.290798,36.247752,39.645399,3220,2060,0.047619,490.000000,0.000000,35.000000,1.458381,1.610802
0,0.000000,0.100000,0.100000,1.676679,0.016795,373.333333,300.000000,75.611199,78.540467,37.805599,39.270233,2620,2170,0.100000,380.000000,0.000000,35.000000,1.517040,1.570810
0,-0.000879,0.125000,0.071429,0.281927,0.002029,120.888889,36.142857,78.428637,78.013866,39.214319,39.006933,3020,2060,0.125000,490.000000,0.000000,35.000000,1.569028,1.560277
0,-0.000004,0.047619,0.041667,0.371751,0.078874,817.790081,1150.862222,71.740814,78.239177,35.870407,39.119589,3590,2060,0.047619,490.000000,0.000000,35.000000,1.435278,1.564786
0,0.000166,0.500000,0.500000,0.019016,0.053538,125.000000,777.820000,77.699981,78.143642,38.849991,39.071821,740,280,0.545455,2270.000000,0.000000,35.000000,1.554001,1.562875
0,-0.000015,0.083333,0.085714,0.097098,0.052001,933.124260,478.512397,91.881494,87.268607,45.940747,43.634304,3820,1580,0.428571,1950.000000,0.000000,45.000000,1.837635,1.745375
0,-0.000015,0.083333,0.085714,0.097098,0.052001,933.124260,478.512397,91.881494,87.268607,45.940747,43.634304,1580,1110,0.428571,1950.000000,0.000000,45.000000,1.837635,1.745375
0,-0.000000,0.166667,0.125000,0.042520,0.116551,363.367326,1000.000000,51.534531,80.146087,25.767266,40.073044,4450,10,0.166667,1010.000000,0.000000,25.000000,1.030693,1.602929
0,-0.000015,0.083333,0.085714,0.097098,0.052001,933.124260,478.512397,91.881494,87.268607,45.940747,43.634304,3290,1580,0.428571,1950.000000,0.000000,45.000000,1.837635,1.745375
0,0.000000,1.000000,1.000000,0.023332,0.085816,211.227147,712.000000,51.176455,77.414703,25.588227,38.707352,2520,10,1.000000,1010.000000,0.000000,25.000000,1.023531,1.548299
0,-0.000927,0.631579,0.200000,0.051875,1.502631,621.589592,11276.000000,80.636042,76.225551,40.318021,38.112776,3270,1300,0.631579,260.000000,0.000000,40.000000,1.612723,1.524611
0,0.000080,0.666667,0.428571,0.522551,0.032645,336.057292,312.000000,80.417301,77.268598,40.208651,38.634299,2460,530,0.787879,3000.000000,0.000000,40.000000,1.608760,1.545374
0,-0.000001,0.058824,0.041667,0.506600,0.018805,369.047901,314.330000,77.800226,41.764706,38.900113,20.882353,4630,420,0.058824,1690.000000,0.000000,35.000000,1.558566,0.000000
0,0.000018,0.500000,0.416667,0.015286,0.085705,162.750000,1141.728395,50.000024,40.589360,25.000012,20.294680,3560,10,1.000000,2760.000000,0.000000,25.000000,1.000001,0.000000
0,-0.000006,0.090909,0.208333,0.074992,0.026792,456.360000,489.066116,54.771855,38.446678,27.385928,19.223339,1840,10,0.333333,4230.000000,0.000000,25.000000,1.095443,0.000000
0,-0.000006,0.333333,0.208333,16.720481,0.026792,2441.600000,489.066116,76.689901,38.446678,38.344951,19.223339,1870,1620,0.400000,4450.000000,0.000000,35.000000,1.594050,0.000000
0,0.000000,0.428571,0.428571,0.002893,0.001099,53.385714,17.285714,62.857143,41.574896,31.428571,20.787448,3060,10,0.428571,1180.000000,0.000000,30.000000,1.257143,0.000000
0,0.000000,0.545455,1.000000,0.016551,0.000000,137.582222,0.000000,55.603236,0.000000,27.801618,0.000000,2090,10,1.000000,4230.000000,0.000000,25.000000,1.112066,0.000000
0,-0.000001,0.058824,0.041667,0.506600,0.018805,369.047901,314.330000,77.800226,41.764706,38.900113,20.882353,2550,420,0.058824,1690.000000,0.000000,35.000000,1.558566,0.000000
0,0.000000,0.041667,0.041667,0.813273,0.016292,247.709204,271.953125,87.331773,42.640293,43.665887,21.320146,6110,4100,0.041667,210.000000,0.000000,40.000000,1.748131,0.000000
0,0.000000,1.000000,1.000000,0.086440,0.135019,844.000000,1902.690000,62.500000,48.264780,31.250000,24.132390,2210,10,1.000000,320.000000,0.000000,30.000000,1.250005,0.000000
0,-0.000007,0.052632,0.041667,0.509560,0.016628,394.567901,250.000000,77.195773,37.643297,38.597886,18.821648,2550,1850,0.052632,1690.000000,0.000000,35.000000,1.546477,0.000000
0,0.000018,0.500000,0.416667,0.015286,0.085705,162.750000,1141.728395,50.000024,40.589360,25.000012,20.294680,1480,10,1.000000,2760.000000,0.000000,25.000000,1.000001,0.000000
0,-0.000000,0.222222,0.461538,0.490637,0.000901,55.750000,23.527778,80.000121,40.146325,40.000061,20.073162,3660,840,0.545455,2660.000000,0.000000,40.000000,1.604837,0.000000
0,0.000000,1.000000,1.000000,0.086440,0.135019,844.000000,1902.690000,62.500000,48.264780,31.250000,24.132390,2630,10,1.000000,320.000000,0.000000,30.000000,1.250005,0.000000
0,0.000000,0.428571,0.428571,0.002893,0.001099,53.385714,17.285714,62.857143,41.574896,31.428571,20.787448,5140,10,0.428571,1180.000000,0.000000,30.000000,1.257143,0.000000
0,0.000000,0.041667,0.041667,0.813273,0.016292,247.709204,271.953125,87.331773,42.640293,43.665887,21.320146,4100,4030,0.041667,210.000000,0.000000,40.000000,1.748131,0.000000
0,-0.000007,0.052632,0.041667,0.509560,0.016628,394.567901,250.000000,77.195773,37.643297,38.597886,18.821648,4630,1850,0.052632,1690.000000,0.000000,35.000000,1.546477,0.000000
0,-0.000000,0.222222,0.461538,0.490637,0.000901,55.750000,23.527778,80.000121,40.146325,40.000061,20.073162,1580,840,0.545455,2660.000000,0.000000,40.000000,1.604837,0.000000
0,0.000000,0.181818,0.181818,7.933795,0.012729,2308.080000,100.746667,81.634077,91.666667,40.817038,45.833333,2780,630,0.181818,150.000000,0.000000,40.000000,1.646650,1.833334
0,0.000000,0.500000,0.500000,0.032562,0.052705,477.000000,400.000000,83.002542,40.060813,41.501271,20.030407,3620,70,0.500000,130.000000,0.000000,40.000000,1.660052,0.000000
0,0.000000,1.000000,1.000000,12.115654,0.000000,5184.000000,0.000000,81.959765,0.000000,40.979883,0.000000,530,460,1.000000,3290.000000,0.000000,40.000000,1.659068,0.000000
0,0.000000,0.250000,0.250000,0.465573,2.156247,4180.086420,14880.960000,73.782061,80.389119,36.891030,40.194560,2840,70,0.250000,130.000000,0.000000,35.000000,1.475667,1.607939
0,-0.000993,0.400000,0.181818,0.013532,0.012729,99.640000,100.746667,80.436709,91.666667,40.218355,45.833333,2140,200,0.400000,790.000000,0.000000,40.000000,1.608735,1.833334
0,0.000000,1.000000,1.000000,12.115654,0.000000,5184.000000,0.000000,81.959765,0.000000,40.979883,0.000000,460,280,1.000000,3290.000000,0.000000,40.000000,1.659068,0.000000
0,0.000000,0.500000,0.500000,0.032562,0.052705,477.000000,400.000000,83.002542,40.060813,41.501271,20.030407,3440,70,0.500000,130.000000,0.000000,40.000000,1.660052,0.000000
0,-0.000797,0.666667,0.700000,0.257199,2.103542,275.361111,14480.960000,100.000000,40.328306,50.000000,20.164153,610,10,0.875000,2960.000000,0.000000,50.000000,2.000135,0.000000
0,0.000000,0.500000,0.500000,0.032562,0.052705,477.000000,400.000000,83.002542,40.060813,41.501271,20.030407,3690,70,0.500000,130.000000,0.000000,40.000000,1.660052,0.000000
0,-0.000797,0.666667,0.700000,0.257199,2.103542,275.361111,14480.960000,100.000000,40.328306,50.000000,20.164153,790,10,0.875000,2960.000000,0.000000,50.000000,2.000135,0.000000
0,0.000000,1.000000,1.000000,0.211081,0.000000,184.320000,0.000000,73.822190,0.000000,36.911095,0.000000,490,240,1.000000,3330.000000,0.000000,35.000000,1.476954,0.000000
0,-0.000797,0.666667,0.700000,0.257199,2.103542,275.361111,14480.960000,100.000000,40.328306,50.000000,20.164153,860,10,0.875000,2960.000000,0.000000,50.000000,2.000135,0.000000
0,0.000099,0.033333,0.062500,0.302897,1.159929,2260.612245,983.099174,81.468162,81.515173,40.734081,40.757587,3210,2510,0.062500,590.000000,0.000000,40.000000,1.629384,1.631120
0,-0.000011,0.058824,0.055556,6.523324,0.069925,1749.254540,766.512397,71.313972,88.610531,35.656986,44.305266,5600,20,0.058824,240.000000,0.000000,35.000000,1.439564,1.772214
0,-0.000023,0.083333,0.315789,0.115753,0.084825,1100.037037,866.512397,92.231940,83.973122,46.115970,41.986561,3510,1110,0.400000,2020.000000,0.000000,45.000000,1.844645,1.679467
0,0.000139,0.333333,0.411765,0.128111,0.059666,879.320000,622.361111,52.113926,82.762401,26.056963,41.381201,1970,10,0.500000,1830.000000,0.000000,25.000000,1.042288,1.655251
0,0.000000,0.400000,0.400000,2.035163,0.075315,2120.786704,900.000000,78.089602,73.973120,39.044801,36.986560,5020,150,0.400000,510.000000,0.000000,35.000000,1.562791,1.479466
0,0.000000,0.111111,0.111111,0.189735,0.057002,2106.320000,575.000000,75.909187,78.456359,37.954594,39.228180,4620,80,0.111111,180.000000,0.000000,35.000000,1.518192,1.569130
0,0.000019,0.578947,0.166667,0.221762,1.301718,2519.120204,11664.000000,79.187091,73.795854,39.593546,36.897927,5200,1300,0.578947,330.000000,0.000000,35.000000,1.583752,1.475990
0,-0.000011,0.058824,0.055556,6.523324,0.069925,1749.254540,766.512397,71.313972,88.610531,35.656986,44.305266,5070,20,0.058824,240.000000,0.000000,35.000000,1.439564,1.772214
0,0.000017,0.166667,0.222222,2.499354,0.069107,3133.777596,700.000000,45.366375,72.583653,22.683188,36.291827,5280,10,0.235294,250.000000,0.000000,20.000000,0.908332,1.451676
0,-0.000052,0.043478,0.038462,0.355467,0.071901,4044.617521,675.000000,80.286548,73.818950,40.143274,36.909475,5350,4620,0.043478,180.000000,0.000000,40.000000,1.605747,1.476383
0,0.000000,0.066667,0.066667,1.024706,0.026032,212.496173,293.267857,78.160973,92.480946,39.080487,46.240473,2890,60,0.066667,200.000000,0.000000,35.000000,1.566373,1.849620
0,-0.000023,0.083333,0.315789,0.115753,0.084825,1100.037037,866.512397,92.231940,83.973122,46.115970,41.986561,3510,3290,0.400000,2020.000000,0.000000,45.000000,1.844645,1.679467
0,-0.000007,0.071429,0.066667,0.310616,0.026032,146.721429,293.267857,77.523793,92.480946,38.761896,46.240473,2350,1980,0.071429,740.000000,0.000000,35.000000,1.550852,1.849620
0,-0.000023,0.083333,0.315789,0.115753,0.084825,1100.037037,866.512397,92.231940,83.973122,46.115970,41.986561,3820,3510,0.400000,2020.000000,0.000000,45.000000,1.844645,1.679467
0,-0.000011,0.058824,0.055556,6.523324,0.069925,1749.254540,766.512397,71.313972,88.610531,35.656986,44.305266,2890,20,0.058824,240.000000,0.000000,35.000000,1.439564,1.772214
0,0.000000,0.571429,0.571429,0.011826,0.000000,99.456790,0.000000,53.582284,0.000000,26.791142,0.000000,590,10,0.571429,490.000000,0.000000,25.000000,1.071647,0.000000
0,0.000000,0.142857,0.142857,0.004513,0.008979,46.375000,73.937500,55.821061,39.413213,27.910530,19.706607,290,10,0.142857,490.000000,0.000000,25.000000,1.116422,0.000000
0,0.000000,1.000000,1.000000,0.482314,0.006749,97.000000,72.297521,62.500000,50.000000,31.250000,25.000000,5520,10,1.000000,490.000000,0.000000,30.000000,1.251436,0.000000
0,0.000000,1.000000,1.000000,0.482314,0.006749,97.000000,72.297521,62.500000,50.000000,31.250000,25.000000,4390,10,1.000000,490.000000,0.000000,30.000000,1.251436,0.000000
0,-0.000000,0.600000,0.500000,4.530532,0.227643,2665.000000,2883.000000,76.543463,40.062978,38.271732,20.031489,3770,2350,0.600000,980.000000,0.000000,35.000000,1.534809,0.000000
0,0.000000,0.200000,0.200000,0.003253,0.007623,66.029321,73.937500,69.324491,41.606196,34.662245,20.803098,310,10,0.200000,810.000000,0.000000,30.000000,1.386490,0.000000
0,-0.000112,0.240000,0.222222,0.201518,0.042274,223.202840,466.512397,91.631740,50.000000,45.815870,25.000000,5120,880,0.240000,240.000000,0.000000,45.000000,1.832840,0.000000
0,-0.000112,0.240000,0.222222,0.201518,0.042274,223.202840,466.512397,91.631740,50.000000,45.815870,25.000000,2940,880,0.240000,240.000000,0.000000,45.000000,1.832840,0.000000
0,0.000188,1.000000,0.705882,0.004804,0.029739,59.744453,342.250000,78.325530,45.725272,39.162765,22.862636,4940,10,1.000000,1110.000000,0.000000,35.000000,1.566511,0.000000
0,-0.000112,0.240000,0.222222,0.201518,0.042274,223.202840,466.512397,91.631740,50.000000,45.815870,25.000000,5650,880,0.240000,240.000000,0.000000,45.000000,1.832840,0.000000
0,0.000188,1.000000,0.705882,0.004804,0.029739,59.744453,342.250000,78.325530,45.725272,39.162765,22.862636,3810,10,1.000000,1110.000000,0.000000,35.000000,1.566511,0.000000
0,0.000000,0.066667,0.066667,0.302028,0.009319,655.833333,150.500000,91.165712,91.999983,45.582856,45.999992,1800,480,0.066667,160.000000,0.000000,45.000000,1.823391,1.840000
0,-0.000222,0.125000,0.111111,0.101059,0.018015,951.000000,299.000000,48.699289,90.485038,24.349644,45.242519,3710,10,0.125000,140.000000,0.000000,20.000000,0.973991,1.809701
0,-0.000129,0.315789,0.300000,0.112490,0.019163,745.576875,320.796875,81.433473,91.911273,40.716736,45.955636,4790,3650,0.315789,200.000000,0.000000,40.000000,1.628678,1.838226
0,0.000000,0.166667,0.166667,0.183624,0.017046,1736.000000,281.000000,50.150840,92.385676,25.075420,46.192838,3630,10,0.166667,220.000000,0.000000,25.000000,1.003027,1.847714
0,-0.000044,0.090909,0.068966,0.266992,0.030176,1484.424036,468.298677,83.281552,89.626634,41.640776,44.813317,3560,3360,0.090909,290.000000,0.000000,40.000000,1.665693,1.792534
0,-0.000000,0.285714,0.200000,0.437721,0.018241,3267.000000,309.000000,77.712632,89.999999,38.856316,44.999999,1200,1030,0.400000,2820.000000,0.000000,35.000000,1.554282,1.800001
0,0.000000,0.200000,0.200000,0.403326,0.056008,1299.153333,831.099174,89.872345,90.912669,44.936172,45.456335,3140,3000,0.200000,160.000000,0.000000,40.000000,1.797532,1.818255
0,0.000000,0.142857,0.142857,0.116430,0.020816,749.780000,325.000000,82.527124,91.999999,41.263562,45.999999,3650,830,0.142857,200.000000,0.000000,40.000000,1.650552,1.840001
0,0.000000,0.066667,0.066667,0.302028,0.009319,655.833333,150.500000,91.165712,91.999983,45.582856,45.999992,3140,1800,0.066667,160.000000,0.000000,45.000000,1.823391,1.840000
0,0.000000,0.200000,0.200000,0.403326,0.056008,1299.153333,831.099174,89.872345,90.912669,44.936172,45.456335,3000,480,0.200000,160.000000,0.000000,40.000000,1.797532,1.818255
0,-0.000022,0.058824,0.034483,3.027763,0.183550,1507.812500,2694.440000,78.705714,90.935193,39.352857,45.467596,3110,960,0.058824,740.000000,0.000000,35.000000,1.577743,1.818710
0,-0.000060,0.300000,0.181818,15.204936,0.123012,6086.400000,1885.250000,78.480799,91.089295,39.240399,45.544647,3240,2540,0.300000,610.000000,0.000000,35.000000,1.593268,1.821790
0,-0.000000,0.058824,0.050000,0.225495,0.336473,600.529514,2449.440000,79.709395,40.939037,39.854698,20.469519,2580,1080,0.058824,630.000000,0.000000,35.000000,1.594231,0.000000
0,-0.000006,0.666667,0.800000,0.615105,0.002781,2174.320988,26.851240,92.490917,50.000000,46.245459,25.000000,3430,330,0.882353,2880.000000,0.000000,45.000000,1.851120,0.000000
0,-0.000025,0.142857,0.125000,0.009526,0.019260,86.850000,150.000000,83.552389,39.974987,41.776194,19.987493,2890,660,0.142857,320.000000,0.000000,40.000000,1.671048,0.000000
0,0.000000,0.142857,0.150000,0.136651,0.030666,1004.000000,223.298677,81.924100,40.029674,40.962050,20.014837,2630,2180,0.150000,1030.000000,0.000000,40.000000,1.638491,0.000000
0,-0.000000,0.400000,0.333333,0.537689,0.024806,131.604938,180.000000,81.749798,39.999991,40.874899,19.999995,2620,570,0.400000,590.000000,0.000000,40.000000,1.636249,0.000000
0,-0.000006,0.333333,0.800000,1.820490,0.002781,292.592593,26.851240,88.811522,50.000000,44.405761,25.000000,1380,170,0.882353,1830.000000,0.000000,40.000000,1.782401,0.000000
0,-0.000006,0.666667,0.800000,0.615105,0.002781,2174.320988,26.851240,92.490917,50.000000,46.245459,25.000000,1930,330,0.882353,2880.000000,0.000000,45.000000,1.851120,0.000000
0,-0.000038,0.095238,0.074074,0.432711,0.071577,3676.330000,718.010000,81.658204,79.158294,40.829102,39.579147,4360,1730,0.095238,520.000000,0.000000,40.000000,1.633190,1.583170
0,0.000000,0.200000,0.200000,0.088784,0.105212,781.000000,1541.728395,81.166770,80.308837,40.583385,40.154419,1670,180,0.200000,1260.000000,0.000000,40.000000,1.623340,1.606180
0,-0.000005,0.100000,0.095238,1.135702,4.295620,5992.443878,7185.750000,79.059922,76.787162,39.529961,38.393581,3840,2650,0.100000,240.000000,0.000000,35.000000,1.581320,1.540791
0,-0.000052,0.333333,0.294118,0.008143,0.174049,89.156250,2625.440000,53.843542,81.647242,26.921771,40.823621,2740,10,0.400000,1730.000000,0.000000,25.000000,1.076871,1.632951
0,0.000031,0.400000,0.428571,0.207089,4.052425,682.249433,3949.440000,81.498897,77.379136,40.749448,38.689568,2650,1500,0.428571,240.000000,0.000000,40.000000,1.630018,1.552621
0,0.000000,0.200000,0.200000,0.021967,0.190089,203.888889,2849.440000,79.846387,81.202206,39.923194,40.601103,480,180,0.200000,1260.000000,0.000000,35.000000,1.596929,1.624050
0,0.000029,0.400000,1.000000,0.387722,0.030742,266.880000,576.000000,82.125554,80.957173,41.062777,40.478586,3210,180,1.000000,1260.000000,0.000000,40.000000,1.643075,1.619144
0,-0.000014,0.277778,0.214286,0.402673,0.089172,752.029586,1317.728395,80.992991,80.753874,40.496495,40.376937,2970,1430,0.277778,1500.000000,0.000000,40.000000,1.620240,1.615081
0,-0.000003,0.050000,0.047619,0.396685,3.967548,1751.693878,2641.728395,81.177290,76.485767,40.588645,38.242884,2690,2650,0.050000,240.000000,0.000000,40.000000,1.623603,1.534751
0,-0.000008,0.050000,0.040000,0.377644,0.048391,253.687500,773.530864,82.668474,81.939586,41.334237,40.969793,3690,2630,0.050000,780.000000,0.000000,40.000000,1.653862,1.638793
0,0.000000,0.200000,0.200000,0.167181,3.909118,450.693878,1900.000000,82.499999,76.689066,41.249999,38.344533,2650,1200,0.200000,240.000000,0.000000,40.000000,1.650037,1.538815
0,-0.000017,0.100000,0.058824,0.964714,0.576591,1193.694444,8135.190000,64.328954,81.300301,32.164477,40.650151,2700,360,0.100000,1380.000000,0.000000,30.000000,1.292408,1.626026
0,-0.000004,0.055556,0.035714,0.910794,0.248519,696.888889,3591.168395,67.133069,80.998907,33.566534,40.499453,1550,360,0.055556,1380.000000,0.000000,30.000000,1.348488,1.619987
0,0.000000,0.166667,0.166667,0.149784,3.886936,331.693878,1525.000000,82.499999,78.932998,41.249999,39.466499,2650,1550,0.166667,240.000000,0.000000,40.000000,1.650035,1.583693
0,-0.000000,0.200000,0.166667,0.844494,0.167907,159.888889,2474.440000,68.095368,83.446138,34.047684,41.723069,410,360,0.200000,1380.000000,0.000000,30.000000,1.367730,1.668928
0,0.000029,0.450000,0.476190,0.172489,3.893078,499.736846,1676.000000,82.473562,77.134103,41.236781,38.567051,4230,2650,0.476190,240.000000,0.000000,40.000000,1.649508,1.547715
0,-0.000278,0.125000,0.444444,0.058496,0.022602,123.222222,245.000000,83.283617,50.000000,41.641808,25.000000,1090,960,0.500000,1030.000000,0.000000,40.000000,1.665712,0.000000
0,-0.000278,0.500000,0.444444,0.002436,0.022602,55.222222,245.000000,68.574645,50.000000,34.287323,25.000000,3940,10,0.500000,730.000000,0.000000,30.000000,1.371493,0.000000
0,-0.000278,0.500000,0.444444,0.002436,0.022602,55.222222,245.000000,68.574645,50.000000,34.287323,25.000000,1390,10,0.500000,730.000000,0.000000,30.000000,1.371493,0.000000
0,0.000000,0.750000,1.000000,0.002096,0.000000,79.817500,0.000000,56.133027,0.000000,28.066514,0.000000,2560,10,1.000000,2110.000000,0.000000,25.000000,1.122661,0.000000
0,-0.000364,0.500000,0.444444,0.002653,0.022602,119.382222,245.000000,92.420554,50.000000,46.210277,25.000000,1530,10,0.500000,590.000000,0.000000,45.000000,1.848411,0.000000
0,-0.000273,0.375000,0.333333,0.053369,0.004792,105.000000,56.250000,82.797308,40.607718,41.398654,20.303859,1090,930,0.375000,1030.000000,0.000000,40.000000,1.655986,0.000000
0,-0.000182,0.166667,0.222222,0.065207,0.109081,499.053254,1102.617188,91.249630,40.848497,45.624815,20.424249,2540,380,0.666667,1740.000000,0.000000,45.000000,1.824997,0.000000
0,-0.000091,0.125000,0.111111,0.320746,0.004676,47.222222,54.000000,82.000000,41.589560,41.000000,20.794780,4400,2790,0.125000,270.000000,0.000000,40.000000,1.642543,0.000000
0,-0.000364,0.500000,0.444444,0.002653,0.022602,119.382222,245.000000,92.420554,50.000000,46.210277,25.000000,4080,10,0.500000,590.000000,0.000000,45.000000,1.848411,0.000000
0,-0.000278,0.125000,0.444444,0.058496,0.022602,123.222222,245.000000,83.283617,50.000000,41.641808,25.000000,3640,960,0.500000,1030.000000,0.000000,40.000000,1.665712,0.000000
0,0.000000,0.222222,0.222222,0.021020,0.023203,290.937500,275.625000,88.782466,39.972699,44.391233,19.986350,4250,1970,0.222222,150.000000,0.000000,40.000000,1.775650,0.000000
0,0.000000,0.222222,0.222222,0.021020,0.023203,290.937500,275.625000,88.782466,39.972699,44.391233,19.986350,4520,4250,0.222222,150.000000,0.000000,40.000000,1.775650,0.000000
0,-0.000273,0.375000,0.333333,0.053369,0.004792,105.000000,56.250000,82.797308,40.607718,41.398654,20.303859,3640,930,0.375000,1030.000000,0.000000,40.000000,1.655986,0.000000
0,-0.000182,0.166667,0.222222,0.065207,0.109081,499.053254,1102.617188,91.249630,40.848497,45.624815,20.424249,2930,2540,0.666667,1740.000000,0.000000,45.000000,1.824997,0.000000
0,-0.000091,0.125000,0.111111,0.320746,0.004676,47.222222,54.000000,82.000000,41.589560,41.000000,20.794780,2790,1850,0.125000,270.000000,0.000000,40.000000,1.642543,0.000000
0,-0.000000,0.666667,0.500000,2.540000,0.035974,1148.000000,1152.000000,79.340303,38.311872,39.670152,19.155936,2370,980,0.666667,2770.000000,0.000000,35.000000,1.590080,0.000000
0,-0.000038,0.250000,0.444444,0.002183,0.031364,119.160000,545.000000,82.420554,90.000000,41.210277,45.000000,2470,10,0.500000,620.000000,0.000000,40.000000,1.648411,1.800001
0,-0.000038,0.250000,0.444444,4.354469,0.031364,988.000000,545.000000,79.999667,90.000000,39.999834,45.000000,2760,1690,0.500000,330.000000,0.000000,35.000000,1.609850,1.800001
0,-0.000019,0.125000,0.500000,0.053326,0.061634,138.666667,845.000000,81.654616,88.866898,40.827308,44.433449,650,620,0.600000,1370.000000,0.000000,40.000000,1.633106,1.777340
0,-0.000019,0.600000,0.500000,0.007669,0.061634,105.777778,845.000000,58.575151,88.866898,29.287575,44.433449,1230,10,0.600000,760.000000,0.000000,25.000000,1.171503,1.777340
0,-0.000073,0.600000,0.500000,0.008353,0.061634,169.937778,845.000000,83.849121,88.866898,41.924561,44.433449,1370,10,0.600000,620.000000,0.000000,40.000000,1.676983,1.777340
0,-0.000038,0.250000,0.444444,4.354469,0.031364,988.000000,545.000000,79.999667,90.000000,39.999834,45.000000,2760,440,0.500000,330.000000,0.000000,35.000000,1.609850,1.800001
0,0.000000,0.625000,0.625000,0.047994,0.067340,164.166667,486.000000,91.666667,40.170712,45.833333,20.085356,690,10,0.625000,290.000000,0.000000,45.000000,1.833360,0.000000
0,0.000000,1.000000,1.000000,16.305040,0.000000,4500.000000,0.000000,79.934822,0.000000,39.967411,0.000000,840,630,1.000000,350.000000,0.000000,35.000000,1.628258,0.000000
0,0.000000,0.625000,0.625000,0.047994,0.067340,164.166667,486.000000,91.666667,40.170712,45.833333,20.085356,900,10,0.625000,290.000000,0.000000,45.000000,1.833360,0.000000
0,-0.000041,0.064516,0.052632,0.080498,0.048388,566.137773,535.128028,90.648060,50.000000,45.324030,25.000000,4380,3110,0.064516,690.000000,0.000000,45.000000,1.812967,0.000000
0,0.000000,0.047619,0.047619,0.181609,1.478956,1761.444444,1519.000000,89.147352,48.387097,44.573676,24.193548,3680,3100,0.047619,120.000000,0.000000,40.000000,1.782956,0.000000
0,-0.000000,0.062500,0.050000,0.278566,0.001688,1595.222222,22.562500,83.734869,50.000000,41.867435,25.000000,3980,2830,0.062500,970.000000,0.000000,40.000000,1.675082,0.000000
0,0.000011,0.500000,0.960000,0.733019,0.151351,2345.760000,1500.000000,79.534970,38.529296,39.767485,19.264648,2580,2310,0.960000,1220.000000,0.000000,35.000000,1.591419,0.000000
0,-0.000273,0.500000,0.466667,0.002503,0.126181,270.775510,1331.250000,88.653137,80.735792,44.326569,40.367896,1900,10,0.500000,160.000000,0.000000,40.000000,1.773063,1.614722
0,-0.000001,0.100000,0.090909,2.706210,0.220626,1264.753086,2229.000000,81.538432,78.642615,40.769216,39.321307,3090,2860,0.100000,440.000000,0.000000,40.000000,1.634465,1.572863
0,0.000000,0.444444,0.444444,0.004758,0.090610,292.775510,1031.250000,87.468294,80.928364,43.734147,40.464182,3000,10,0.444444,160.000000,0.000000,40.000000,1.749366,1.618572
0,-0.000041,0.064516,0.052632,0.080498,0.048388,566.137773,535.128028,90.648060,50.000000,45.324030,25.000000,5100,3110,0.064516,690.000000,0.000000,45.000000,1.812967,0.000000
0,-0.000000,0.062500,0.050000,0.278566,0.001688,1595.222222,22.562500,83.734869,50.000000,41.867435,25.000000,5480,2830,0.062500,970.000000,0.000000,40.000000,1.675082,0.000000
0,0.000026,0.285714,0.166667,2.865842,0.000768,657.000000,16.000000,58.385456,45.000000,29.192728,22.500000,4020,1770,0.285714,2030.000000,0.000000,25.000000,1.185948,0.000000
0,-0.000041,0.064516,0.052632,0.080498,0.048388,566.137773,535.128028,90.648060,50.000000,45.324030,25.000000,3590,3110,0.064516,690.000000,0.000000,45.000000,1.812967,0.000000
0,0.000022,0.500000,0.777778,0.003488,0.065230,69.666667,900.000000,73.333333,79.807428,36.666667,39.903714,1110,10,0.777778,2050.000000,0.000000,35.000000,1.466667,1.596151
0,-0.000004,0.800000,0.727273,2.797314,0.069275,1107.979592,729.000000,81.560958,40.113319,40.780479,20.056659,3360,2860,0.800000,440.000000,0.000000,40.000000,1.634968,0.000000
0,0.000000,0.047619,0.047619,0.181609,1.478956,1761.444444,1519.000000,89.147352,48.387097,44.573676,24.193548,3680,2680,0.047619,120.000000,0.000000,40.000000,1.782956,0.000000
0,-0.000003,0.833333,0.300000,0.018301,0.004351,212.000000,60.840000,49.786981,40.656012,24.893490,20.328006,1850,10,0.833333,1950.000000,0.000000,20.000000,0.995740,0.000000
0,-0.000000,0.062500,0.050000,0.278566,0.001688,1595.222222,22.562500,83.734869,50.000000,41.867435,25.000000,2830,1170,0.062500,970.000000,0.000000,40.000000,1.675082,0.000000
0,-0.000041,0.064516,0.052632,0.080498,0.048388,566.137773,535.128028,90.648060,50.000000,45.324030,25.000000,5270,3110,0.064516,690.000000,0.000000,45.000000,1.812967,0.000000
0,-0.000156,0.307692,0.235294,1.470534,0.026862,8256.400000,256.000000,79.996693,41.313900,39.998347,20.656950,4580,1880,0.307692,970.000000,0.000000,35.000000,1.601015,0.000000
0,-0.000000,0.076923,0.071429,0.766515,0.011109,10273.920000,104.040000,80.697198,41.110933,40.348599,20.555467,4480,2230,0.076923,620.000000,0.000000,40.000000,1.613982,0.000000
0,-0.000005,0.142857,0.125000,1.106411,0.360778,11056.000000,3200.000000,80.698950,38.233323,40.349475,19.116662,3430,2390,0.142857,460.000000,0.000000,40.000000,1.614034,0.000000
0,0.000000,0.200000,0.200000,0.555759,0.030773,414.159763,364.000000,79.964665,79.999101,39.982333,39.999550,2990,400,0.200000,140.000000,0.000000,35.000000,1.599728,1.599983
0,0.000000,0.111111,0.111111,0.002367,0.005374,43.040000,65.375000,58.000000,91.664277,29.000000,45.832139,6840,10,0.111111,180.000000,0.000000,25.000000,1.160000,1.833286
0,0.000000,0.142857,0.142857,0.187265,0.005159,73.444444,65.375000,74.391055,90.563975,37.195527,45.281988,6610,1420,0.142857,410.000000,0.000000,35.000000,1.488414,1.811280
0,-0.000024,0.055556,0.052632,0.317996,0.709699,1571.944444,7451.375000,73.135712,89.917476,36.567856,44.958738,6610,2870,0.055556,410.000000,0.000000,35.000000,1.463313,1.798383
0,-0.000024,0.055556,0.052632,0.317996,0.709699,1571.944444,7451.375000,73.135712,89.917476,36.567856,44.958738,6930,2870,0.055556,410.000000,0.000000,35.000000,1.463313,1.798383
0,0.000000,0.111111,0.111111,0.002367,0.005374,43.040000,65.375000,58.000000,91.664277,29.000000,45.832139,7160,10,0.111111,180.000000,0.000000,25.000000,1.160000,1.833286
0,0.000000,0.142857,0.142857,0.187265,0.005159,73.444444,65.375000,74.391055,90.563975,37.195527,45.281988,6930,1420,0.142857,410.000000,0.000000,35.000000,1.488414,1.811280
0,0.000000,0.500000,0.500000,0.044928,0.231151,357.600000,2312.000000,90.000000,50.000000,45.000000,25.000000,4480,800,0.500000,630.000000,0.000000,40.000000,1.800003,0.000000
0,-0.000975,0.833333,0.714286,0.171431,0.060823,333.888889,726.000000,71.999930,39.828671,35.999965,19.914335,2890,10,0.833333,150.000000,0.000000,35.000000,1.441057,0.000000
0,0.000000,0.500000,0.500000,0.002717,0.000000,28.000000,0.000000,82.490909,0.000000,41.245455,0.000000,800,330,0.500000,630.000000,0.000000,40.000000,1.649818,0.000000
0,0.000000,0.500000,0.500000,0.044928,0.231151,357.600000,2312.000000,90.000000,50.000000,45.000000,25.000000,4420,800,0.500000,630.000000,0.000000,40.000000,1.800003,0.000000
0,0.000000,0.500000,0.500000,0.044928,0.231151,357.600000,2312.000000,90.000000,50.000000,45.000000,25.000000,5010,800,0.500000,630.000000,0.000000,40.000000,1.800003,0.000000
0,0.000000,0.500000,0.500000,0.044928,0.231151,357.600000,2312.000000,90.000000,50.000000,45.000000,25.000000,4300,800,0.500000,630.000000,0.000000,40.000000,1.800003,0.000000
0,0.000000,0.500000,0.500000,0.044928,0.231151,357.600000,2312.000000,90.000000,50.000000,45.000000,25.000000,4310,800,0.500000,630.000000,0.000000,40.000000,1.800003,0.000000
0,0.000000,1.000000,1.000000,0.051621,0.192107,326.543210,2312.000000,62.500000,50.000000,31.250000,25.000000,4160,10,1.000000,960.000000,0.000000,30.000000,1.250005,0.000000
0,0.000000,1.000000,1.000000,0.051621,0.192107,326.543210,2312.000000,62.500000,50.000000,31.250000,25.000000,3990,10,1.000000,960.000000,0.000000,30.000000,1.250005,0.000000
0,0.000000,1.000000,1.000000,0.051621,0.192107,326.543210,2312.000000,62.500000,50.000000,31.250000,25.000000,4100,10,1.000000,960.000000,0.000000,30.000000,1.250005,0.000000
0,0.000000,1.000000,1.000000,0.051621,0.192107,326.543210,2312.000000,62.500000,50.000000,31.250000,25.000000,3980,10,1.000000,960.000000,0.000000,30.000000,1.250005,0.000000
0,0.000000,1.000000,1.000000,0.051621,0.192107,326.543210,2312.000000,62.500000,50.000000,31.250000,25.000000,4690,10,1.000000,960.000000,0.000000,30.000000,1.250005,0.000000
0,-0.000403,0.153846,0.076923,0.556311,0.030712,404.239763,354.080000,89.995795,90.000000,44.997897,45.000000,5090,2990,0.153846,210.000000,0.000000,40.000000,1.800350,1.800001
0,-0.000403,0.153846,0.076923,0.556311,0.030712,404.239763,354.080000,89.995795,90.000000,44.997897,45.000000,4710,2990,0.153846,210.000000,0.000000,40.000000,1.800350,1.800001
0,-0.000958,0.766667,0.578947,0.602399,0.050893,390.090511,562.413223,80.073547,81.202943,40.036774,40.601471,3170,2990,0.766667,210.000000,0.000000,40.000000,1.601938,1.624061
0,0.000000,0.500000,0.500000,3.286554,0.054908,37512.000000,700.000000,53.264410,79.999996,26.632205,39.999998,2590,2460,0.500000,610.000000,0.000000,25.000000,1.065667,1.600002
0,-0.000655,0.250000,0.125000,0.668350,0.136200,1533.159763,1483.000000,89.995795,90.000000,44.997897,45.000000,2990,1930,0.250000,210.000000,0.000000,40.000000,1.800356,1.800006
0,-0.000655,0.250000,0.125000,0.668350,0.136200,1533.159763,1483.000000,89.995795,90.000000,44.997897,45.000000,3260,2990,0.250000,210.000000,0.000000,40.000000,1.800356,1.800006
0,-0.000583,0.222222,0.111111,0.552880,0.027481,365.472263,315.312500,81.995788,82.000000,40.997894,41.000000,2990,620,0.222222,210.000000,0.000000,40.000000,1.640350,1.640001
0,-0.000004,0.333333,0.076923,0.460528,0.055614,1672.195556,896.218787,89.745410,90.622439,44.872705,45.311219,4070,480,0.333333,560.000000,0.000000,40.000000,1.794998,1.812450
0,-0.000004,0.333333,0.076923,0.460528,0.055614,1672.195556,896.218787,89.745410,90.622439,44.872705,45.311219,4070,3140,0.333333,560.000000,0.000000,40.000000,1.794998,1.812450
0,-0.000008,0.111111,0.043478,0.260709,0.093096,2321.902778,1052.733728,99.781449,100.000000,49.890724,50.000000,2930,1890,0.210526,2860.000000,0.000000,45.000000,1.995644,2.000004
0,-0.000008,0.045455,0.043478,1.123945,0.093096,279.245651,1052.733728,94.270277,100.000000,47.135139,50.000000,5580,1070,0.052632,740.000000,0.000000,45.000000,1.890475,2.000004
0,-0.000000,0.125000,0.111111,0.047509,0.061512,576.125000,671.120000,90.245411,91.249998,45.122706,45.624999,4230,2350,0.125000,520.000000,0.000000,45.000000,1.804910,1.825003
0,0.000000,0.200000,0.200000,1.120157,0.065756,222.880000,748.000000,84.270277,92.500000,42.135139,46.250000,1810,1070,0.200000,740.000000,0.000000,40.000000,1.690475,1.850003
0,-0.000000,0.125000,0.111111,0.047509,0.061512,576.125000,671.120000,90.245411,91.249998,45.122706,45.624999,5200,2350,0.125000,520.000000,0.000000,45.000000,1.804910,1.825003
0,-0.000008,0.045455,0.043478,1.123945,0.093096,279.245651,1052.733728,94.270277,100.000000,47.135139,50.000000,5050,1070,0.052632,740.000000,0.000000,45.000000,1.890475,2.000004
0,-0.000000,0.125000,0.111111,0.047509,0.061512,576.125000,671.120000,90.245411,91.249998,45.122706,45.624999,2350,1290,0.125000,520.000000,0.000000,45.000000,1.804910,1.825003
0,0.000000,0.615385,0.615385,0.186091,0.230980,524.653061,2216.000000,89.780566,89.258793,44.890283,44.629396,5550,540,0.615385,170.000000,0.000000,40.000000,1.795862,1.785188
0,0.000000,0.076923,0.076923,0.122550,0.179258,77.382716,1676.024691,80.780529,80.175228,40.390264,40.087614,550,540,0.076923,170.000000,0.000000,40.000000,1.615856,1.603514
0,-0.000008,0.111111,0.043478,0.260709,0.093096,2321.902778,1052.733728,99.781449,100.000000,49.890724,50.000000,1890,750,0.210526,2860.000000,0.000000,45.000000,1.995644,2.000004
0,-0.000000,0.250000,0.200000,0.098248,0.065756,861.567901,748.000000,50.000000,92.500000,25.000000,46.250000,3180,10,0.250000,2540.000000,0.000000,25.000000,1.000006,1.850003
0,-0.000008,0.111111,0.043478,0.260709,0.093096,2321.902778,1052.733728,99.781449,100.000000,49.890724,50.000000,2860,750,0.210526,2860.000000,0.000000,45.000000,1.995644,2.000004
0,-0.000001,0.176471,0.157895,0.083388,0.066884,767.632653,756.024691,55.212054,90.916435,27.606027,45.458217,5010,10,0.176471,710.000000,0.000000,25.000000,1.104246,1.818332
0,-0.000001,0.176471,0.157895,0.083388,0.066884,767.632653,756.024691,55.212054,90.916435,27.606027,45.458217,4040,10,0.176471,710.000000,0.000000,25.000000,1.104246,1.818332
0,-0.000008,0.111111,0.043478,0.260709,0.093096,2321.902778,1052.733728,99.781449,100.000000,49.890724,50.000000,2930,2860,0.210526,2860.000000,0.000000,45.000000,1.995644,2.000004
0,-0.000000,0.250000,0.200000,0.098248,0.065756,861.567901,748.000000,50.000000,92.500000,25.000000,46.250000,2210,10,0.250000,2540.000000,0.000000,25.000000,1.000006,1.850003
0,0.000000,0.615385,0.615385,0.186091,0.230980,524.653061,2216.000000,89.780566,89.258793,44.890283,44.629396,1640,540,0.615385,170.000000,0.000000,40.000000,1.795862,1.785188
0,-0.000008,0.111111,0.043478,0.260709,0.093096,2321.902778,1052.733728,99.781449,100.000000,49.890724,50.000000,3460,1890,0.210526,2860.000000,0.000000,45.000000,1.995644,2.000004
0,-0.000008,0.045455,0.043478,1.123945,0.093096,279.245651,1052.733728,94.270277,100.000000,47.135139,50.000000,2870,1070,0.052632,740.000000,0.000000,45.000000,1.890475,2.000004
0,-0.000001,0.176471,0.157895,0.083388,0.066884,767.632653,756.024691,55.212054,90.916435,27.606027,45.458217,1100,10,0.176471,710.000000,0.000000,25.000000,1.104246,1.818332
0,-0.000008,0.111111,0.043478,0.260709,0.093096,2321.902778,1052.733728,99.781449,100.000000,49.890724,50.000000,3460,2860,0.210526,2860.000000,0.000000,45.000000,1.995644,2.000004
0,0.000000,0.615385,0.615385,0.186091,0.230980,524.653061,2216.000000,89.780566,89.258793,44.890283,44.629396,4580,540,0.615385,170.000000,0.000000,40.000000,1.795862,1.785188
0,-0.000183,0.500000,0.222222,0.178522,0.156593,59.888889,2952.000000,83.665413,79.887900,41.832706,39.943950,2690,1620,0.571429,4200.000000,0.000000,40.000000,1.673868,1.597762
0,0.000000,0.400000,0.400000,0.123944,0.005085,258.040000,128.000000,65.813140,80.000275,32.906570,40.000138,4870,80,0.400000,950.000000,0.000000,30.000000,1.316349,1.600006
0,-0.000004,0.142857,0.111111,0.088020,0.506201,945.920000,8226.000000,81.179143,78.145249,40.589571,39.072624,4640,3430,0.142857,730.000000,0.000000,40.000000,1.623587,1.562921
0,-0.000000,0.538462,0.500000,0.055070,0.150043,216.670000,2665.000000,80.855658,80.114083,40.427829,40.057042,4930,4480,0.538462,890.000000,0.000000,40.000000,1.617127,1.602286
0,-0.000007,0.181818,0.080000,1.802497,0.028795,796.410000,265.214876,80.128832,89.999975,40.064416,44.999988,4660,980,0.222222,2050.000000,0.000000,40.000000,1.606674,1.800001
0,-0.000000,0.117647,0.200000,1.568934,0.007478,946.731852,100.000000,78.415722,82.499975,39.207861,41.249988,4410,440,0.500000,2300.000000,0.000000,35.000000,1.570393,1.650000
0,-0.000005,0.500000,0.333333,0.026634,0.080762,308.562500,761.760000,46.145669,78.192371,23.072835,39.096185,2540,10,0.500000,4170.000000,0.000000,20.000000,0.922915,1.563852
0,-0.000007,0.111111,0.080000,0.021971,0.028795,448.826667,265.214876,82.915335,89.999975,41.457667,44.999988,4740,10,0.111111,1970.000000,0.000000,40.000000,1.658307,1.800001
0,-0.000007,0.181818,0.080000,1.802497,0.028795,796.410000,265.214876,80.128832,89.999975,40.064416,44.999988,4660,930,0.222222,2050.000000,0.000000,40.000000,1.606674,1.800001
0,-0.000018,0.076923,0.071429,0.038433,0.002777,519.220000,36.000000,84.278583,39.999975,42.139292,19.999988,6350,10,0.076923,360.000000,0.000000,40.000000,1.685573,0.000000
0,-0.000007,0.250000,0.080000,0.037576,0.028795,290.472222,265.214876,90.765116,89.999975,45.382558,44.999988,4190,10,0.250000,2520.000000,0.000000,45.000000,1.815305,1.800001
0,-0.000005,0.500000,0.312500,0.312395,0.137262,2919.000000,1935.360000,81.076145,50.000000,40.538073,25.000000,3950,800,0.500000,2400.000000,0.000000,40.000000,1.621713,0.000000
0,-0.000063,0.166667,0.297297,0.240300,0.966707,794.371094,786.520000,89.952891,50.000000,44.976445,25.000000,3340,1670,0.380952,3010.000000,0.000000,40.000000,1.799113,0.000000
0,-0.000063,0.166667,0.297297,0.240300,0.966707,794.371094,786.520000,89.952891,50.000000,44.976445,25.000000,3340,3180,0.380952,3010.000000,0.000000,40.000000,1.799113,0.000000
0,-0.000003,0.100000,0.055556,4.293518,0.058116,3289.320000,818.755102,81.428564,89.998956,40.714282,44.999478,2610,1790,0.125000,2490.000000,0.000000,40.000000,1.631405,1.799981
0,-0.000003,0.300000,0.055556,4.334666,0.058116,3609.000000,818.755102,80.923224,89.998956,40.461612,44.999478,2610,930,0.300000,2490.000000,0.000000,40.000000,1.621301,1.799981
0,-0.000253,0.230769,0.187500,0.218042,0.011527,767.320237,127.551020,81.516196,40.737830,40.758098,20.368915,5940,4340,0.230769,410.000000,0.000000,40.000000,1.630439,0.000000
0,-0.000088,0.625000,0.428571,0.374994,0.564045,928.150000,8125.000000,81.280838,40.053727,40.640419,20.026864,4290,270,0.625000,2060.000000,0.000000,40.000000,1.625827,0.000000
0,-0.000005,0.333333,0.312500,0.185442,0.137262,557.929453,1935.360000,82.849690,50.000000,41.424845,25.000000,4230,960,0.368421,2120.000000,0.000000,40.000000,1.657072,0.000000
0,0.000000,0.142857,0.142857,0.050616,0.001739,787.250000,31.250000,49.342806,39.999999,24.671403,20.000000,5650,10,0.142857,700.000000,0.000000,20.000000,0.986858,0.000000
0,-0.000063,0.166667,0.297297,0.240300,0.966707,794.371094,786.520000,89.952891,50.000000,44.976445,25.000000,3340,2460,0.380952,3010.000000,0.000000,40.000000,1.799113,0.000000
0,-0.000063,0.166667,0.297297,0.240300,0.966707,794.371094,786.520000,89.952891,50.000000,44.976445,25.000000,3350,3340,0.380952,3010.000000,0.000000,40.000000,1.799113,0.000000
0,-0.000501,0.625000,0.333333,0.048243,0.077253,54.111111,15.312500,81.297469,40.000001,40.648734,20.000000,1340,190,0.625000,250.000000,0.000000,40.000000,1.625987,0.000000
0,0.000000,0.090909,0.090909,0.116870,0.103687,1228.970000,1190.250000,83.767045,41.111111,41.883522,20.555555,2970,10,0.090909,430.000000,0.000000,40.000000,1.675347,0.000000
0,-0.000035,0.692308,0.642857,0.404064,0.044227,251.660000,453.147929,93.774544,50.000000,46.887272,25.000000,2670,10,0.692308,430.000000,0.000000,45.000000,1.875874,0.000000
0,0.000000,0.071429,0.071429,0.044143,0.060557,593.168889,686.000000,81.065215,39.507864,40.532607,19.753932,3740,230,0.071429,210.000000,0.000000,40.000000,1.621306,0.000000
0,-0.000035,0.692308,0.642857,0.404064,0.044227,251.660000,453.147929,93.774544,50.000000,46.887272,25.000000,1620,10,0.692308,430.000000,0.000000,45.000000,1.875874,0.000000
0,-0.000035,0.692308,0.642857,0.404064,0.044227,251.660000,453.147929,93.774544,50.000000,46.887272,25.000000,2170,10,0.692308,430.000000,0.000000,45.000000,1.875874,0.000000
0,-0.000035,0.692308,0.642857,0.404064,0.044227,251.660000,453.147929,93.774544,50.000000,46.887272,25.000000,2620,10,0.692308,430.000000,0.000000,45.000000,1.875874,0.000000
0,0.000000,0.800000,0.800000,0.012129,0.010486,138.700000,90.000000,56.982806,41.102427,28.491403,20.551214,1740,10,0.800000,870.000000,0.000000,25.000000,1.139657,0.000000
0,0.000000,0.700000,0.700000,0.046021,0.090051,460.061111,676.000000,55.991286,40.422914,27.995643,20.211457,6540,10,0.700000,870.000000,0.000000,25.000000,1.119828,0.000000
0,0.000000,0.300000,0.300000,0.137449,0.115172,1323.567347,875.381688,56.174460,41.451653,28.087230,20.725826,4010,10,0.300000,870.000000,0.000000,25.000000,1.123496,0.000000
0,0.000000,0.714286,0.714286,0.078197,0.000000,744.375000,0.000000,46.768265,0.000000,23.384132,0.000000,290,10,0.714286,210.000000,0.000000,20.000000,0.935370,0.000000
0,-0.000014,0.062500,0.050000,0.189450,0.039339,1769.720000,498.990000,89.993515,91.277548,44.996758,45.638774,2860,2610,0.062500,880.000000,0.000000,40.000000,1.799880,1.825553
0,-0.000034,0.037037,0.033333,0.560122,0.193171,4220.423401,2382.240000,100.000000,100.000000,50.000000,50.000000,5060,190,0.037037,220.000000,0.000000,50.000000,2.000037,2.000008
0,-0.000034,0.037037,0.033333,0.560122,0.193171,4220.423401,2382.240000,100.000000,100.000000,50.000000,50.000000,5180,3520,0.037037,220.000000,0.000000,50.000000,2.000037,2.000008
0,-0.000000,0.100000,0.133333,0.161701,0.024872,1571.208333,324.490000,89.999992,91.111110,44.999996,45.555555,2680,1840,0.142857,640.000000,0.000000,40.000000,1.800008,1.822223
0,-0.000034,0.037037,0.033333,0.560122,0.193171,4220.423401,2382.240000,100.000000,100.000000,50.000000,50.000000,5060,3100,0.037037,220.000000,0.000000,50.000000,2.000037,2.000008
0,-0.000000,0.027027,0.026316,0.185107,0.028997,1587.000000,377.460000,100.000000,100.000000,50.000000,50.000000,3270,520,0.027027,470.000000,0.000000,50.000000,2.000011,2.000001
0,0.000000,0.133333,0.133333,0.003398,0.024872,180.966049,324.490000,87.964301,91.111110,43.982150,45.555555,2080,10,0.133333,400.000000,0.000000,40.000000,1.759286,1.822223
0,-0.000000,0.027027,0.026316,0.185107,0.028997,1587.000000,377.460000,100.000000,100.000000,50.000000,50.000000,3270,2980,0.027027,470.000000,0.000000,50.000000,2.000011,2.000001
0,-0.000034,0.037037,0.033333,0.560122,0.193171,4220.423401,2382.240000,100.000000,100.000000,50.000000,50.000000,5180,190,0.037037,220.000000,0.000000,50.000000,2.000037,2.000008
0,-0.000034,0.037037,0.033333,0.560122,0.193171,4220.423401,2382.240000,100.000000,100.000000,50.000000,50.000000,5240,3520,0.037037,220.000000,0.000000,50.000000,2.000037,2.000008
0,-0.000000,0.027027,0.026316,0.185107,0.028997,1587.000000,377.460000,100.000000,100.000000,50.000000,50.000000,2850,520,0.027027,470.000000,0.000000,50.000000,2.000011,2.000001
0,-0.000000,0.029412,0.026316,0.009818,0.028997,233.936049,377.460000,96.875000,100.000000,48.437500,50.000000,3050,10,0.029412,400.000000,0.000000,45.000000,1.937501,2.000001
0,-0.000034,0.037037,0.033333,0.560122,0.193171,4220.423401,2382.240000,100.000000,100.000000,50.000000,50.000000,5770,3520,0.037037,220.000000,0.000000,50.000000,2.000037,2.000008
0,-0.000034,0.037037,0.033333,0.560122,0.193171,4220.423401,2382.240000,100.000000,100.000000,50.000000,50.000000,5770,3100,0.037037,220.000000,0.000000,50.000000,2.000037,2.000008
0,-0.000034,0.037037,0.033333,0.560122,0.193171,4220.423401,2382.240000,100.000000,100.000000,50.000000,50.000000,5240,190,0.037037,220.000000,0.000000,50.000000,2.000037,2.000008
0,-0.000014,0.055556,0.050000,0.021572,0.039339,327.511968,498.990000,87.784091,91.277548,43.892045,45.638774,3090,10,0.055556,400.000000,0.000000,40.000000,1.755683,1.825553
0,-0.000034,0.037037,0.033333,0.560122,0.193171,4220.423401,2382.240000,100.000000,100.000000,50.000000,50.000000,5070,3100,0.037037,220.000000,0.000000,50.000000,2.000037,2.000008
0,-0.000034,0.037037,0.033333,0.560122,0.193171,4220.423401,2382.240000,100.000000,100.000000,50.000000,50.000000,5070,190,0.037037,220.000000,0.000000,50.000000,2.000037,2.000008
0,-0.000034,0.037037,0.033333,0.560122,0.193171,4220.423401,2382.240000,100.000000,100.000000,50.000000,50.000000,5060,3520,0.037037,220.000000,0.000000,50.000000,2.000037,2.000008
0,-0.000000,0.027027,0.026316,0.185107,0.028997,1587.000000,377.460000,100.000000,100.000000,50.000000,50.000000,2980,2850,0.027027,470.000000,0.000000,50.000000,2.000011,2.000001
0,-0.000000,0.100000,0.133333,0.161701,0.024872,1571.208333,324.490000,89.999992,91.111110,44.999996,45.555555,3100,1840,0.142857,640.000000,0.000000,40.000000,1.800008,1.822223
0,-0.000034,0.037037,0.033333,0.560122,0.193171,4220.423401,2382.240000,100.000000,100.000000,50.000000,50.000000,5770,190,0.037037,220.000000,0.000000,50.000000,2.000037,2.000008
0,-0.000000,0.029412,0.026316,0.009818,0.028997,233.936049,377.460000,96.875000,100.000000,48.437500,50.000000,590,10,0.029412,400.000000,0.000000,45.000000,1.937501,2.000001
0,-0.000034,0.037037,0.033333,0.560122,0.193171,4220.423401,2382.240000,100.000000,100.000000,50.000000,50.000000,5070,3520,0.037037,220.000000,0.000000,50.000000,2.000037,2.000008
0,-0.000034,0.037037,0.033333,0.560122,0.193171,4220.423401,2382.240000,100.000000,100.000000,50.000000,50.000000,5240,3100,0.037037,220.000000,0.000000,50.000000,2.000037,2.000008
0,-0.000014,0.062500,0.050000,0.189450,0.039339,1769.720000,498.990000,89.993515,91.277548,44.996758,45.638774,2610,2440,0.062500,880.000000,0.000000,40.000000,1.799880,1.825553
0,-0.000034,0.037037,0.033333,0.560122,0.193171,4220.423401,2382.240000,100.000000,100.000000,50.000000,50.000000,5180,3100,0.037037,220.000000,0.000000,50.000000,2.000037,2.000008
0,-0.000099,0.050000,0.172414,0.860901,0.177070,327.393021,2843.750000,75.512821,90.412779,37.756410,45.206389,650,360,0.238095,2020.000000,0.000000,35.000000,1.516080,1.808261
0,-0.000099,0.050000,0.172414,0.860901,0.177070,327.393021,2843.750000,75.512821,90.412779,37.756410,45.206389,3460,360,0.238095,2020.000000,0.000000,35.000000,1.516080,1.808261
0,-0.000099,0.050000,0.172414,0.860901,0.177070,327.393021,2843.750000,75.512821,90.412779,37.756410,45.206389,4960,360,0.238095,2020.000000,0.000000,35.000000,1.516080,1.808261
0,-0.004263,0.500000,0.200000,0.116516,0.036126,972.456790,282.240000,48.540620,50.000000,24.270310,25.000000,1750,10,0.625000,1590.000000,0.000000,20.000000,0.970820,0.000000
0,-0.000000,0.076923,0.066667,0.529046,0.056723,5877.064815,400.000000,80.014986,39.815772,40.007493,19.907886,4140,1010,0.076923,590.000000,0.000000,40.000000,1.600324,0.000000
0,0.000000,0.200000,0.200000,0.018239,0.017805,341.542500,147.942500,88.054525,40.987675,44.027263,20.493838,1490,10,0.200000,110.000000,0.000000,40.000000,1.761091,0.000000
0,-0.004259,0.214286,0.200000,0.013235,0.036126,255.356049,282.240000,87.985871,50.000000,43.992936,25.000000,1180,10,0.500000,420.000000,0.000000,40.000000,1.759718,0.000000
0,-0.004263,0.500000,0.200000,0.116516,0.036126,972.456790,282.240000,48.540620,50.000000,24.270310,25.000000,2170,10,0.625000,1590.000000,0.000000,20.000000,0.970820,0.000000
0,-0.000000,0.153846,0.200000,0.139106,0.768491,1183.203125,978.834721,81.691550,40.472020,40.845775,20.236010,4180,860,0.214286,740.000000,0.000000,40.000000,1.633839,0.000000
0,-0.000000,0.500000,0.400000,0.003723,0.004735,58.080000,64.000000,40.206232,39.999998,20.103116,19.999999,710,10,0.500000,800.000000,0.000000,20.000000,0.804125,0.000000
0,0.000182,1.000000,0.777778,0.144133,0.094572,207.000000,1183.000000,68.435560,40.018194,34.217780,20.009097,1730,10,1.000000,1500.000000,0.000000,30.000000,1.368783,0.000000
0,0.000105,1.000000,1.000000,0.009770,0.004767,117.000000,56.000000,50.146612,92.000000,25.073306,46.000000,3970,10,1.000000,1750.000000,0.000000,25.000000,1.002933,1.840000
0,0.000309,0.142857,1.000000,0.002826,0.004651,46.375000,52.000000,51.666630,92.490909,25.833315,46.245455,560,10,1.000000,320.000000,0.000000,25.000000,1.033333,1.849818
0,0.000280,0.142857,1.000000,0.009401,0.004767,100.000000,56.000000,50.006074,92.000000,25.003037,46.000000,890,10,1.000000,870.000000,0.000000,25.000000,1.000122,1.840000
0,0.000000,1.000000,1.000000,0.037449,0.004651,37.437500,52.000000,50.000005,92.490909,25.000002,46.245455,5400,10,1.000000,320.000000,0.000000,25.000000,1.000033,1.849818
0,0.000000,0.027027,0.027027,0.417375,0.055148,4386.609167,547.942500,87.000092,80.648922,43.500046,40.324461,4620,10,0.027027,160.000000,0.000000,40.000000,1.740022,1.612981
0,-0.000038,0.181818,0.153846,5.309512,0.135576,536.875000,1371.500000,74.060390,83.378194,37.030195,41.689097,3950,1240,0.181818,450.000000,0.000000,35.000000,1.509032,1.667571
0,-0.000009,0.023810,0.021739,0.602233,0.121472,5212.838622,1314.666667,81.139384,81.106885,40.569692,40.553443,4640,4450,0.023810,330.000000,0.000000,40.000000,1.622822,1.622143
0,0.000000,0.923077,0.923077,0.351466,0.065026,3632.338848,653.500000,53.534351,80.139252,26.767176,40.069626,4670,10,0.923077,110.000000,0.000000,25.000000,1.070704,1.602788
0,-0.000000,0.428571,0.352941,0.453079,0.051097,477.762222,576.000000,79.790312,80.950256,39.895156,40.475128,2160,1770,0.428571,3010.000000,0.000000,35.000000,1.596658,1.619008
0,-0.000476,0.200000,0.142857,0.037677,0.044779,632.480000,445.000000,70.757253,81.311911,35.378627,40.655956,2300,10,0.200000,2480.000000,0.000000,35.000000,1.415146,1.626241
0,0.000000,0.285714,0.285714,0.430174,0.117563,6333.910000,1200.000000,80.282446,77.608628,40.141223,38.804314,4740,4330,0.285714,450.000000,0.000000,40.000000,1.605664,1.552178
0,-0.000010,0.047619,0.100000,1.428626,0.082693,1068.109375,869.444444,78.888791,80.350397,39.444395,40.175198,5870,3150,0.160000,1630.000000,0.000000,35.000000,1.579039,1.607012
0,0.000000,0.500000,0.500000,0.350543,0.072377,4265.666667,800.000000,39.529845,79.703708,19.764922,39.851854,4590,10,0.500000,190.000000,0.000000,15.000000,0.790611,1.594078
0,0.000000,0.250000,0.250000,0.001990,0.053458,47.693878,653.500000,48.055821,79.946860,24.027911,39.973430,90,10,0.250000,110.000000,0.000000,20.000000,0.961116,1.598939
0,0.000000,0.076923,0.076923,0.006525,0.032178,142.916100,429.500000,55.151515,81.193409,27.575757,40.596704,5060,10,0.076923,110.000000,0.000000,25.000000,1.103030,1.623869
0,-0.000034,0.051282,0.038462,0.624963,0.068704,7007.714223,682.240000,88.921634,89.948050,44.460817,44.974025,4140,3170,0.051282,640.000000,0.000000,40.000000,1.778461,1.798964
0,-0.000034,0.029412,0.038462,0.797584,0.068704,6706.506173,682.240000,87.131112,89.948050,43.565556,44.974025,4310,10,0.048780,470.000000,0.000000,40.000000,1.742671,1.798964
0,0.000000,0.200000,0.200000,0.515845,0.043058,4409.419835,412.800000,82.299936,81.948045,41.149968,40.974022,4450,300,0.200000,330.000000,0.000000,40.000000,1.646029,1.638963
0,-0.000034,0.051282,0.038462,0.624963,0.068704,7007.714223,682.240000,88.921634,89.948050,44.460817,44.974025,4140,2750,0.051282,640.000000,0.000000,40.000000,1.778461,1.798964
0,0.000006,0.071429,0.166667,0.041628,0.001499,433.445714,17.285714,54.107113,41.428571,27.053557,20.714286,4890,10,0.166667,2090.000000,0.000000,25.000000,1.082144,0.000000
0,0.000019,0.500000,0.500000,0.078616,0.177039,590.880000,1652.444444,40.757969,39.996500,20.378985,19.998250,3310,10,0.500000,3670.000000,0.000000,20.000000,0.815165,0.000000
0,0.000005,0.047619,0.166667,2.206950,0.003566,880.760204,49.000000,71.073324,39.963973,35.536662,19.981987,4190,1620,0.166667,2790.000000,0.000000,35.000000,1.425280,0.000000
0,0.000000,0.100000,0.100000,0.276612,0.006614,2933.375000,109.375000,89.855778,91.475728,44.927889,45.737864,7340,4490,0.100000,530.000000,0.000000,40.000000,1.797129,1.829515
0,0.000394,0.083333,0.137931,0.329696,0.076230,3512.139031,920.607700,80.437374,83.114766,40.218687,41.557383,4530,4490,0.137931,530.000000,0.000000,40.000000,1.608763,1.662299
0,-0.000005,0.133333,0.111111,2.821475,0.047380,5333.266667,545.333333,87.839652,91.475728,43.919826,45.737864,4120,2230,0.133333,900.000000,0.000000,40.000000,1.757565,1.829517
0,0.000000,0.100000,0.100000,0.276612,0.006614,2933.375000,109.375000,89.855778,91.475728,44.927889,45.737864,7020,4490,0.100000,530.000000,0.000000,40.000000,1.797129,1.829515
0,0.000006,0.300000,0.368421,0.450551,1.913295,3952.000000,21724.000000,79.469432,79.935927,39.734716,39.967963,4340,3810,0.368421,680.000000,0.000000,35.000000,1.589448,1.598803
0,-0.000005,0.133333,0.111111,2.821475,0.047380,5333.266667,545.333333,87.839652,91.475728,43.919826,45.737864,4120,2640,0.133333,900.000000,0.000000,40.000000,1.757565,1.829517
0,-0.000005,0.133333,0.111111,2.821475,0.047380,5333.266667,545.333333,87.839652,91.475728,43.919826,45.737864,4120,900,0.133333,900.000000,0.000000,40.000000,1.757565,1.829517
0,0.000000,0.166667,0.166667,0.018511,0.036490,364.979592,471.836735,60.002686,50.000000,30.001343,25.000000,6500,10,0.166667,250.000000,0.000000,30.000000,1.200054,0.000000
0,0.000000,0.166667,0.166667,0.016468,7.694503,336.000000,1372.000000,50.643080,35.695649,25.321540,17.847824,2730,10,0.166667,250.000000,0.000000,25.000000,1.012862,0.000000
0,0.000000,0.166667,0.166667,0.018511,0.036490,364.979592,471.836735,60.002686,50.000000,30.001343,25.000000,3790,10,0.166667,250.000000,0.000000,30.000000,1.200054,0.000000
0,0.000000,0.833333,0.833333,0.004192,0.007757,103.604167,103.435556,50.747230,40.985823,25.373615,20.492911,900,10,0.833333,250.000000,0.000000,25.000000,1.014945,0.000000
0,0.000000,0.166667,0.166667,0.018511,0.036490,364.979592,471.836735,60.002686,50.000000,30.001343,25.000000,5970,10,0.166667,250.000000,0.000000,30.000000,1.200054,0.000000
0,-0.000000,0.166667,0.142857,0.665050,0.006102,288.000000,65.000000,90.333357,92.000000,45.166679,46.000000,5960,3760,0.166667,960.000000,0.000000,45.000000,1.808638,1.840000
0,-0.000000,0.166667,0.142857,0.665050,0.006102,288.000000,65.000000,90.333357,92.000000,45.166679,46.000000,4830,3760,0.166667,960.000000,0.000000,45.000000,1.808638,1.840000
0,-0.000008,0.090909,0.071429,0.049546,0.033300,480.041983,279.102041,89.779484,90.313389,44.889742,45.156694,5970,3690,0.090909,950.000000,0.000000,40.000000,1.795592,1.806270
0,-0.000008,0.090909,0.071429,0.049546,0.033300,480.041983,279.102041,89.779484,90.313389,44.889742,45.156694,4840,3690,0.090909,950.000000,0.000000,40.000000,1.795592,1.806270
0,-0.000888,0.166667,0.066667,0.003352,0.007648,42.285714,122.400000,47.251251,79.727974,23.625626,39.863987,1270,10,0.166667,760.000000,0.000000,20.000000,0.945025,1.594560
0,-0.000032,0.090909,0.086957,0.195895,0.034364,2244.901235,571.500000,90.769231,90.631762,45.384615,45.315881,3600,3260,0.090909,170.000000,0.000000,45.000000,1.815393,1.812636
0,0.000314,0.074074,0.100000,0.023357,0.032761,510.850000,560.372449,88.823529,91.764706,44.411765,45.882353,2460,2040,0.100000,1090.000000,0.000000,40.000000,1.776471,1.835295
0,-0.000000,0.125000,0.111111,0.109094,0.054134,487.801038,776.222117,85.000000,89.317152,42.500000,44.658576,3780,1400,0.125000,1250.000000,0.000000,40.000000,1.700027,1.786345
0,-0.000000,0.125000,0.111111,0.109094,0.054134,487.801038,776.222117,85.000000,89.317152,42.500000,44.658576,5290,1400,0.125000,1250.000000,0.000000,40.000000,1.700027,1.786345
0,-0.000032,0.090909,0.086957,0.195895,0.034364,2244.901235,571.500000,90.769231,90.631762,45.384615,45.315881,3600,3380,0.090909,170.000000,0.000000,45.000000,1.815393,1.812636
0,0.000314,0.074074,0.100000,0.023357,0.032761,510.850000,560.372449,88.823529,91.764706,44.411765,45.882353,2340,2040,0.100000,1090.000000,0.000000,40.000000,1.776471,1.835295
0,-0.000000,0.125000,0.111111,0.109094,0.054134,487.801038,776.222117,85.000000,89.317152,42.500000,44.658576,5460,1400,0.125000,1250.000000,0.000000,40.000000,1.700027,1.786345
0,-0.000000,0.125000,0.111111,0.109094,0.054134,487.801038,776.222117,85.000000,89.317152,42.500000,44.658576,4570,1400,0.125000,1250.000000,0.000000,40.000000,1.700027,1.786345
0,-0.000001,0.200000,0.166667,0.002052,0.017764,159.312500,362.666667,59.906977,81.316532,29.953488,40.658266,910,10,0.200000,670.000000,0.000000,25.000000,1.198140,1.626331
0,-0.000001,0.222222,0.166667,0.252265,0.011635,78.312500,245.166667,69.784691,79.441247,34.892346,39.720624,700,180,0.222222,880.000000,0.000000,30.000000,1.397689,1.588825
0,0.000000,0.166667,0.166667,0.002081,0.002337,53.000000,53.777778,51.328952,81.763455,25.664476,40.881727,1330,10,0.166667,250.000000,0.000000,25.000000,1.026579,1.635269
0,0.000000,0.800000,0.800000,0.002749,0.000591,80.000000,16.000000,60.000068,40.256004,30.000034,20.128002,2650,10,0.800000,500.000000,0.000000,30.000000,1.200001,0.000000
0,0.002971,0.142857,0.375000,0.054269,0.059661,819.099174,848.979592,50.898827,39.846534,25.449414,19.923267,3160,10,0.375000,950.000000,0.000000,25.000000,1.017978,0.000000
0,-0.001600,1.000000,0.875000,0.000934,0.002883,34.484375,41.813333,51.398910,41.086086,25.699455,20.543043,3660,10,1.000000,950.000000,0.000000,25.000000,1.027978,0.000000
0,0.000000,0.062500,0.062500,0.039113,0.012240,237.875000,171.259259,67.091066,41.666618,33.545533,20.833309,3650,840,0.062500,120.000000,0.000000,30.000000,1.341832,0.000000
0,0.000571,0.142857,0.187500,0.037843,0.033741,630.400000,475.000000,49.530581,40.479025,24.765290,20.239513,2450,10,0.187500,950.000000,0.000000,20.000000,0.990613,0.000000
0,-0.000002,0.052632,0.050000,0.751098,0.081023,1139.147929,736.942222,76.123795,89.999882,38.061898,44.999941,3920,3070,0.052632,400.000000,0.000000,35.000000,1.523019,1.800002
0,0.000000,0.285714,0.285714,0.077178,0.055774,765.750000,545.000000,82.000032,83.999882,41.000016,41.999941,4130,3630,0.285714,690.000000,0.000000,40.000000,1.640005,1.680001
0,-0.000004,0.133333,0.100000,0.173464,0.117014,1885.442708,1094.722117,90.003018,89.999882,45.001509,44.999941,5730,3450,0.133333,870.000000,0.000000,45.000000,1.800068,1.800004
0,-0.000005,0.333333,0.222222,0.108639,0.053927,602.280000,515.750000,78.560358,81.574778,39.280179,40.787389,3740,1380,0.333333,580.000000,0.000000,35.000000,1.571270,1.631498
0,-0.000001,0.076923,0.052632,0.278452,0.078429,1373.813333,692.000000,81.249263,80.490775,40.624632,40.245387,4340,3500,0.076923,820.000000,0.000000,40.000000,1.625103,1.609820
0,-0.000002,0.052632,0.050000,0.751098,0.081023,1139.147929,736.942222,76.123795,89.999882,38.061898,44.999941,3920,3020,0.052632,400.000000,0.000000,35.000000,1.523019,1.800002
0,-0.000002,0.052632,0.050000,0.751098,0.081023,1139.147929,736.942222,76.123795,89.999882,38.061898,44.999941,3920,2570,0.052632,400.000000,0.000000,35.000000,1.523019,1.800002
0,-0.000004,0.133333,0.100000,0.173464,0.117014,1885.442708,1094.722117,90.003018,89.999882,45.001509,44.999941,4220,3450,0.133333,870.000000,0.000000,45.000000,1.800068,1.800004
0,-0.000004,0.133333,0.100000,0.173464,0.117014,1885.442708,1094.722117,90.003018,89.999882,45.001509,44.999941,5900,3450,0.133333,870.000000,0.000000,45.000000,1.800068,1.800004
0,-0.000004,0.133333,0.100000,0.173464,0.117014,1885.442708,1094.722117,90.003018,89.999882,45.001509,44.999941,5010,3450,0.133333,870.000000,0.000000,45.000000,1.800068,1.800004
0,-0.000002,0.052632,0.050000,0.751098,0.081023,1139.147929,736.942222,76.123795,89.999882,38.061898,44.999941,3920,2020,0.052632,400.000000,0.000000,35.000000,1.523019,1.800002
0,0.000000,0.090909,0.090909,0.160217,0.004015,36.725714,68.000000,76.428571,81.063976,38.214286,40.531988,3480,1950,0.090909,370.000000,0.000000,35.000000,1.529223,1.621280
0,-0.000000,0.200000,0.133333,0.109597,0.019650,745.527778,336.000000,81.333924,77.268470,40.666962,38.634235,2750,2180,0.200000,1880.000000,0.000000,40.000000,1.626687,1.545370
0,0.000000,0.058824,0.058824,0.007101,0.006144,167.300525,219.021429,81.839417,88.244105,40.919708,44.122052,2600,350,0.058824,110.000000,0.000000,40.000000,1.636788,1.764882
0,-0.000005,0.222222,0.181818,0.088462,0.121805,694.826389,1400.000000,49.285577,76.626335,24.642788,38.313168,3280,10,0.222222,950.000000,0.000000,20.000000,0.985717,1.532532
0,-0.000000,0.187500,0.166667,0.064349,0.078210,661.034091,911.600000,85.001816,77.589702,42.500908,38.794851,3070,10,0.187500,1160.000000,0.000000,40.000000,1.700040,1.551797
0,0.000000,0.100000,0.100000,1.391471,1.217804,12158.408058,12774.605769,55.799622,88.252079,27.899811,44.126039,3860,10,0.100000,260.000000,0.000000,25.000000,1.116072,1.765100
0,-0.000009,0.048780,0.035714,0.342754,0.032520,2834.672133,397.839360,91.372464,91.875000,45.686232,45.937500,4180,3020,0.066667,1120.000000,0.000000,45.000000,1.827470,1.837501
0,0.000000,0.117647,0.117647,0.634620,0.460961,6218.906250,5553.062500,80.449825,81.871463,40.224912,40.935732,5070,4500,0.117647,230.000000,0.000000,40.000000,1.609029,1.637448
0,0.000000,0.500000,0.500000,0.001242,0.002096,50.527778,36.000000,40.000074,39.999970,20.000037,19.999985,3800,10,0.500000,890.000000,0.000000,20.000000,0.800002,0.000000
0,0.000003,1.000000,0.909091,0.113125,0.071092,891.203704,838.062500,49.250935,82.014061,24.625468,41.007030,4350,10,1.000000,950.000000,0.000000,20.000000,0.985026,1.640284
0,-0.000075,0.333333,0.200000,0.030165,0.011677,307.673469,156.437500,80.267640,81.875000,40.133820,40.937500,3410,1040,0.333333,1890.000000,0.000000,40.000000,1.605354,1.637500
0,0.000000,0.025000,0.025000,1.510762,0.026921,1002.356250,336.512500,81.688463,91.875000,40.844231,45.937500,5170,110,0.025000,130.000000,0.000000,40.000000,1.639028,1.837501
0,-0.000005,0.222222,0.181818,0.003463,0.077953,48.125000,911.600000,51.750000,81.241488,25.875000,40.620744,220,10,0.222222,950.000000,0.000000,25.000000,1.035000,1.624833
0,-0.000000,0.312500,0.277778,0.115238,0.027497,1166.987222,349.662500,85.110461,82.977427,42.555230,41.488714,4140,10,0.312500,1160.000000,0.000000,40.000000,1.702215,1.659550
0,-0.000007,0.058824,0.055556,0.073897,0.013600,926.128472,206.812500,82.564854,82.784113,41.282427,41.392056,5280,5080,0.058824,220.000000,0.000000,40.000000,1.651300,1.655683
0,-0.000129,0.636364,0.368421,0.019595,0.027916,279.055868,358.470663,54.527608,82.583018,27.263804,41.291509,2280,10,0.692308,3020.000000,0.000000,25.000000,1.090553,1.651661
0,-0.000009,0.048780,0.035714,0.342754,0.032520,2834.672133,397.839360,91.372464,91.875000,45.686232,45.937500,4180,2600,0.066667,1120.000000,0.000000,45.000000,1.827470,1.837501
0,-0.000029,0.625000,0.125000,0.113824,0.071350,250.400000,838.062500,73.761459,78.362275,36.880729,39.181137,1720,650,0.625000,3580.000000,0.000000,35.000000,1.475369,1.567249
0,-0.000001,0.062500,0.055556,0.011673,0.034776,150.625000,432.008163,85.749838,81.810445,42.874919,40.905223,1870,10,0.062500,1160.000000,0.000000,40.000000,1.714997,1.636210
0,-0.000021,0.027027,0.025000,0.078149,0.026921,1023.324188,336.512500,88.453030,91.875000,44.226515,45.937500,4810,10,0.027027,490.000000,0.000000,40.000000,1.769064,1.837501
0,-0.000018,0.066667,0.052632,0.679701,0.078629,464.400000,920.408163,74.734948,77.195293,37.367474,38.597646,2670,1470,0.066667,1560.000000,0.000000,35.000000,1.495886,1.543909
0,-0.000028,0.125000,0.037037,0.027110,0.018194,271.718090,232.429847,81.214754,79.788945,40.607377,39.894473,2360,1790,0.142857,2940.000000,0.000000,40.000000,1.624296,1.595780
0,-0.000009,0.029412,0.035714,0.310882,0.032520,809.943759,397.839360,86.273795,91.875000,43.136897,45.937500,4500,10,0.063830,800.000000,0.000000,40.000000,1.725548,1.837501
0,0.000000,1.000000,1.000000,0.200474,0.018058,1557.333333,400.000000,74.568951,40.256060,37.284475,20.128030,3940,10,1.000000,370.000000,0.000000,35.000000,1.492635,0.000000
0,-0.000001,0.062500,0.050000,3.783961,0.075715,514.000000,771.839506,84.373350,88.356451,42.186675,44.178225,2800,2510,0.062500,1460.000000,0.000000,40.000000,1.727613,1.767133
0,0.000000,0.285714,0.400000,0.108129,0.230886,759.530000,2725.000000,81.174509,75.019905,40.587255,37.509953,2020,2010,0.400000,2240.000000,0.000000,40.000000,1.623498,1.500408
0,0.000000,0.333333,0.333333,0.037839,0.073565,456.573333,725.000000,41.427724,78.350780,20.713862,39.175390,3910,10,0.333333,350.000000,0.000000,20.000000,0.828556,1.567019
0,-0.000001,0.083333,0.050000,0.026552,0.075715,166.147160,771.839506,80.277923,88.356451,40.138961,44.178225,2010,1440,0.083333,2820.000000,0.000000,40.000000,1.605561,1.767133
0,-0.000045,0.166667,0.045455,0.076319,0.083997,534.551020,838.720000,79.751769,80.023117,39.875884,40.011558,1370,1030,0.307692,2890.000000,0.000000,35.000000,1.595041,1.600467
0,-0.000279,0.625000,0.285714,0.081377,0.079735,79.467120,794.367347,80.681928,77.712991,40.340964,38.856496,1790,1290,0.714286,2970.000000,0.000000,40.000000,1.613699,1.554264
0,-0.000001,0.142857,0.111111,3.565012,0.127330,501.312500,2312.000000,84.760979,50.000000,42.380490,25.000000,2810,170,0.142857,1430.000000,0.000000,40.000000,1.708283,0.000000
0,0.000000,0.888889,0.888889,0.006054,0.013298,73.392500,248.349112,51.666427,41.500621,25.833213,20.750311,2560,10,0.888889,1590.000000,0.000000,25.000000,1.033329,0.000000
0,0.000000,0.888889,0.888889,0.005309,0.011708,68.250000,225.694444,60.000000,50.000000,30.000000,25.000000,4480,10,0.888889,1590.000000,0.000000,30.000000,1.200000,0.000000
0,-0.000001,0.555556,0.454545,0.129034,0.030221,504.000000,540.800000,78.922238,39.845993,39.461119,19.922997,3050,1530,0.555556,540.000000,0.000000,35.000000,1.578462,0.000000
0,-0.000001,0.285714,0.181818,0.982458,0.014854,8506.064815,294.000000,82.268373,36.880771,41.134187,18.440386,3530,1410,0.285714,660.000000,0.000000,40.000000,1.645424,0.000000
0,0.000000,0.888889,0.888889,0.005309,0.011708,68.250000,225.694444,60.000000,50.000000,30.000000,25.000000,4100,10,0.888889,1590.000000,0.000000,30.000000,1.200000,0.000000
0,-0.000000,0.100000,0.090909,0.212820,2.730465,2729.680556,2164.906250,81.996584,38.671142,40.998292,19.335571,2370,1600,0.100000,470.000000,0.000000,40.000000,1.639940,0.000000
0,0.000019,0.333333,0.545455,0.052734,0.005863,280.555556,102.400000,79.980555,40.100666,39.990277,20.050333,1530,1310,0.833333,760.000000,0.000000,35.000000,1.599629,0.000000
0,-0.000001,0.142857,0.111111,0.009072,0.127330,95.312500,2312.000000,52.944498,50.000000,26.472249,25.000000,1320,10,0.142857,1590.000000,0.000000,25.000000,1.058890,0.000000
0,-0.000010,0.200000,0.242424,0.208919,0.002767,211.722222,78.694215,79.998804,50.000000,39.999402,25.000000,940,720,0.533333,3000.000000,0.000000,35.000000,1.600447,0.000000
0,-0.000011,0.400000,0.333333,0.238350,0.011139,482.511506,303.510204,91.428565,50.000000,45.714283,25.000000,3610,580,0.400000,740.000000,0.000000,45.000000,1.828842,0.000000
0,-0.000011,0.400000,0.333333,0.238350,0.011139,482.511506,303.510204,91.428565,50.000000,45.714283,25.000000,5790,580,0.400000,740.000000,0.000000,45.000000,1.828842,0.000000
0,0.000000,0.125000,0.125000,0.007136,0.000461,100.288889,13.888889,52.666584,41.992472,26.333292,20.996236,3390,10,0.125000,330.000000,0.000000,25.000000,1.053332,0.000000
0,-0.000007,0.062500,0.181818,0.002749,0.930005,54.511212,576.000000,50.475806,38.577009,25.237903,19.288505,2170,10,0.352941,1550.000000,0.000000,25.000000,1.009516,0.000000
0,-0.000055,0.095238,0.090909,0.386915,0.010676,267.937500,219.716049,80.156709,40.619781,40.078354,20.309890,5070,3430,0.095238,290.000000,0.000000,40.000000,1.603514,0.000000
0,0.000000,0.200000,0.200000,0.063773,0.010776,122.367347,478.694215,90.000000,90.256068,45.000000,45.128034,1200,770,0.200000,280.000000,0.000000,40.000000,1.800049,1.805121
0,0.000000,0.600000,0.600000,0.063104,0.008009,103.266436,400.000000,82.666643,40.256068,41.333322,20.128034,3440,770,0.600000,280.000000,0.000000,40.000000,1.653382,0.000000
0,-0.000006,0.200000,0.166667,1.961399,0.034613,17405.777778,790.920000,81.424982,40.769231,40.712491,20.384615,2110,580,0.200000,740.000000,0.000000,40.000000,1.628858,0.000000
0,0.000000,1.000000,1.000000,0.139542,0.323077,104.320000,8410.000000,77.873731,36.880388,38.936866,18.440194,2250,1660,1.000000,2060.000000,0.000000,35.000000,1.557619,0.000000
0,-0.000011,0.400000,0.333333,0.238350,0.011139,482.511506,303.510204,91.428565,50.000000,45.714283,25.000000,6320,580,0.400000,740.000000,0.000000,45.000000,1.828842,0.000000
0,-0.000002,0.058824,0.052632,0.017966,0.325844,103.889470,8488.694215,79.576479,86.880388,39.788240,43.440194,3260,430,0.058824,1050.000000,0.000000,35.000000,1.591531,1.737614
0,-0.000010,0.300000,0.242424,0.003761,0.002767,225.795918,78.694215,83.279975,50.000000,41.639988,25.000000,2250,10,0.470588,1470.000000,0.000000,40.000000,1.665600,0.000000
0,0.000000,0.200000,0.200000,0.060491,0.331086,59.120000,8810.000000,82.500000,77.136456,41.250000,38.568228,4030,770,0.200000,280.000000,0.000000,40.000000,1.650049,1.542735
0,-0.000002,0.058824,0.052632,0.017966,0.325844,103.889470,8488.694215,79.576479,86.880388,39.788240,43.440194,3260,2890,0.058824,1050.000000,0.000000,35.000000,1.591531,1.737614
0,-0.000003,0.100000,0.083333,0.207092,0.000944,105.777778,23.120000,82.856508,42.485208,41.428254,21.242604,3040,580,0.100000,740.000000,0.000000,40.000000,1.657399,0.000000
0,0.000000,0.200000,0.200000,0.063773,0.010776,122.367347,478.694215,90.000000,90.256068,45.000000,45.128034,3660,770,0.200000,280.000000,0.000000,40.000000,1.800049,1.805121
0,0.000011,0.600000,0.500000,0.474242,0.021477,2964.510000,704.000000,77.132961,40.093116,38.566481,20.046558,2770,1680,0.600000,2040.000000,0.000000,35.000000,1.543349,0.000000
0,0.000000,0.333333,0.333333,1.166582,0.024990,12176.033058,390.000000,40.126732,78.648957,20.063366,39.324478,3940,10,0.333333,310.000000,0.000000,20.000000,0.802591,1.572980
0,-0.000004,0.769231,0.444444,0.002273,0.012384,39.848214,175.289941,57.251251,50.000000,28.625626,25.000000,2110,10,0.769231,1080.000000,0.000000,25.000000,1.145025,0.000000
0,-0.000004,0.769231,0.444444,0.002273,0.012384,39.848214,175.289941,57.251251,50.000000,28.625626,25.000000,6420,10,0.769231,1080.000000,0.000000,25.000000,1.145025,0.000000
0,-0.000012,0.153846,0.142857,57.270167,1.083746,22940.033058,14451.000000,79.253856,89.317152,39.626928,44.658576,3870,180,0.153846,380.000000,0.000000,35.000000,1.730741,1.786384
0,-0.000109,0.500000,0.357143,0.619605,0.019636,1977.796875,314.571429,79.240016,80.721994,39.620008,40.360997,2270,900,0.571429,1980.000000,0.000000,35.000000,1.585447,1.614440
0,-0.000004,0.769231,0.444444,0.004069,0.010989,45.285714,134.750000,42.533482,40.880434,21.266741,20.440217,70,10,0.769231,1080.000000,0.000000,20.000000,0.850670,0.000000
0,0.000000,0.035714,0.035714,0.590965,0.036224,12399.809917,553.776860,90.207106,89.317152,45.103553,44.658576,3990,3970,0.035714,280.000000,0.000000,45.000000,1.804156,1.786344
0,0.000000,0.125000,0.125000,1.244760,0.019173,11690.500000,307.888889,73.119218,81.317062,36.559609,40.658531,3800,1030,0.125000,450.000000,0.000000,35.000000,1.462551,1.626342
0,0.000000,0.166667,0.166667,0.817191,0.019143,8460.814815,310.000000,53.548803,81.817148,26.774402,40.908574,3620,10,0.166667,630.000000,0.000000,25.000000,1.071016,1.636344
0,0.000000,0.166667,0.166667,0.881715,0.019344,10703.968750,310.000000,90.104429,89.317152,45.052215,44.658576,3480,750,0.166667,770.000000,0.000000,45.000000,1.802970,1.786344
0,0.000000,0.166667,0.166667,0.881715,0.019344,10703.968750,310.000000,90.104429,89.317152,45.052215,44.658576,3480,1200,0.166667,770.000000,0.000000,45.000000,1.802970,1.786344
0,0.000000,0.035714,0.035714,0.590965,0.036224,12399.809917,553.776860,90.207106,89.317152,45.103553,44.658576,3970,660,0.035714,280.000000,0.000000,45.000000,1.804156,1.786344
0,-0.000014,0.250000,0.142857,1.276556,1.083746,10456.250000,14451.000000,79.539508,89.317152,39.769754,44.658576,3250,2300,0.250000,1000.000000,0.000000,35.000000,1.590868,1.786384
0,0.000000,0.285714,0.285714,1.253868,0.026149,13230.230769,415.500000,78.252079,80.983819,39.126039,40.491909,4120,1770,0.285714,130.000000,0.000000,35.000000,1.565101,1.619677
0,0.000000,0.333333,0.333333,3.270145,0.057017,12924.230769,780.000000,70.838437,74.882128,35.419218,37.441064,4140,730,0.333333,110.000000,0.000000,35.000000,1.424507,1.497645
0,-0.000000,0.111111,0.200000,2.430591,0.019172,14534.960000,312.375000,79.978141,80.983819,39.989071,40.491909,2890,390,0.285714,1360.000000,0.000000,35.000000,1.599766,1.619677
0,0.000000,0.038462,0.500000,0.035162,0.036686,405.970795,694.000000,82.667198,79.317152,41.333599,39.658576,2250,1640,0.500000,2610.000000,0.000000,40.000000,1.653345,1.586344
0,0.000000,0.333333,0.333333,1.528406,0.055814,10351.250000,894.000000,79.254798,79.317152,39.627399,39.658576,3700,1210,0.333333,550.000000,0.000000,35.000000,1.585209,1.586345
0,0.000000,0.035714,0.035714,0.590965,0.036224,12399.809917,553.776860,90.207106,89.317152,45.103553,44.658576,3970,3570,0.035714,280.000000,0.000000,45.000000,1.804156,1.786344
0,-0.000004,0.769231,0.444444,0.002273,0.012384,39.848214,175.289941,57.251251,50.000000,28.625626,25.000000,4920,10,0.769231,1080.000000,0.000000,25.000000,1.145025,0.000000
0,0.000000,0.076923,0.076923,0.166958,0.003595,39.277778,51.527778,84.285714,90.843273,42.142857,45.421636,3000,2060,0.076923,170.000000,0.000000,40.000000,1.686297,1.816866
0,0.000000,0.076923,0.076923,0.166958,0.003595,39.277778,51.527778,84.285714,90.843273,42.142857,45.421636,2060,1750,0.076923,170.000000,0.000000,40.000000,1.686297,1.816866
0,0.000000,0.076923,0.076923,0.166958,0.003595,39.277778,51.527778,84.285714,90.843273,42.142857,45.421636,2060,1610,0.076923,170.000000,0.000000,40.000000,1.686297,1.816866
0,0.001707,0.833333,1.000000,0.405833,0.000000,471.666667,0.000000,75.488516,0.000000,37.744258,0.000000,950,630,1.000000,470.000000,0.000000,35.000000,1.510758,0.000000
0,-0.000000,0.250000,0.125000,0.064802,0.262515,819.000000,3923.500000,89.537892,91.428433,44.768946,45.714217,1410,350,0.250000,3050.000000,0.000000,40.000000,1.790760,1.828577
0,-0.000039,0.125000,0.090909,0.031740,0.172191,176.365651,2595.250000,89.999998,89.922777,44.999999,44.961389,2890,1560,0.125000,1570.000000,0.000000,40.000000,1.800006,1.798461
0,-0.000039,0.125000,0.090909,0.031740,0.172191,176.365651,2595.250000,89.999998,89.922777,44.999999,44.961389,5600,1560,0.125000,1570.000000,0.000000,40.000000,1.800006,1.798461
0,0.000611,0.333333,0.944444,0.064932,0.322552,546.876543,4863.500000,89.999999,90.255155,44.999999,45.127577,2290,1720,0.944444,2170.000000,0.000000,40.000000,1.800004,1.805114
0,-0.000455,0.272727,0.250000,0.036490,0.268281,485.725624,3979.800000,58.000000,97.859575,29.000000,48.929788,4040,10,0.272727,420.000000,0.000000,25.000000,1.160001,1.957201
0,-0.000178,0.294118,0.166667,0.015417,0.268281,237.998304,3979.800000,59.012881,97.859575,29.506440,48.929788,5610,10,0.294118,1560.000000,0.000000,25.000000,1.180258,1.957201
0,0.000000,0.125000,0.125000,0.036490,0.170681,491.836735,2571.500000,60.620316,91.999287,30.310158,45.999644,6220,10,0.125000,420.000000,0.000000,30.000000,1.212408,1.839991
0,-0.000178,0.294118,0.166667,0.015417,0.268281,237.998304,3979.800000,59.012881,97.859575,29.506440,48.929788,5080,10,0.294118,1560.000000,0.000000,25.000000,1.180258,1.957201
0,0.000000,0.125000,0.125000,0.036490,0.170681,491.836735,2571.500000,60.620316,91.999287,30.310158,45.999644,4040,10,0.125000,420.000000,0.000000,30.000000,1.212408,1.839991
0,-0.000047,0.105263,0.111111,0.017891,0.208332,203.975651,3100.750000,89.646560,91.232837,44.823280,45.616418,2800,1300,0.181818,1660.000000,0.000000,40.000000,1.792932,1.824664
0,0.000000,0.032258,0.032258,1.841433,0.492231,3335.000000,7110.750000,80.529145,80.153367,40.264573,40.076683,4450,4420,0.032258,220.000000,0.000000,40.000000,1.611544,1.603084
0,0.000611,0.333333,0.944444,0.064932,0.322552,546.876543,4863.500000,89.999999,90.255155,44.999999,45.127577,5000,1720,0.944444,2170.000000,0.000000,40.000000,1.800004,1.805114
0,-0.000114,0.111111,0.100000,0.388153,0.206028,586.620000,3063.500000,87.325812,89.814204,43.662906,44.907102,6430,5270,0.111111,210.000000,0.000000,40.000000,1.746718,1.796291
0,0.000000,0.125000,0.125000,0.036490,0.170681,491.836735,2571.500000,60.620316,91.999287,30.310158,45.999644,6750,10,0.125000,420.000000,0.000000,30.000000,1.212408,1.839991
0,-0.000178,0.294118,0.166667,0.015417,0.268281,237.998304,3979.800000,59.012881,97.859575,29.506440,48.929788,2900,10,0.294118,1560.000000,0.000000,25.000000,1.180258,1.957201
0,-0.000047,0.105263,0.111111,0.017891,0.208332,203.975651,3100.750000,89.646560,91.232837,44.823280,45.616418,5510,1300,0.181818,1660.000000,0.000000,40.000000,1.792932,1.824664
0,0.000611,0.333333,0.944444,0.064932,0.322552,546.876543,4863.500000,89.999999,90.255155,44.999999,45.127577,4470,1720,0.944444,2170.000000,0.000000,40.000000,1.800004,1.805114
0,-0.000006,0.071429,0.055556,0.215081,0.252184,90.500000,3740.300000,76.709751,88.114730,38.354875,44.057365,2680,360,0.071429,1210.000000,0.000000,35.000000,1.535003,1.762303
0,-0.000000,0.250000,0.125000,0.064802,0.262515,819.000000,3923.500000,89.537892,91.428433,44.768946,45.714217,3590,350,0.250000,3050.000000,0.000000,40.000000,1.790760,1.828577
0,-0.000000,0.250000,0.125000,0.064802,0.262515,819.000000,3923.500000,89.537892,91.428433,44.768946,45.714217,4120,350,0.250000,3050.000000,0.000000,40.000000,1.790760,1.828577
0,-0.000114,0.111111,0.100000,0.388153,0.206028,586.620000,3063.500000,87.325812,89.814204,43.662906,44.907102,6960,5270,0.111111,210.000000,0.000000,40.000000,1.746718,1.796291
0,-0.000455,0.272727,0.250000,0.036490,0.268281,485.725624,3979.800000,58.000000,97.859575,29.000000,48.929788,6220,10,0.272727,420.000000,0.000000,25.000000,1.160001,1.957201
0,-0.000047,0.105263,0.111111,0.017891,0.208332,203.975651,3100.750000,89.646560,91.232837,44.823280,45.616418,4980,1300,0.181818,1660.000000,0.000000,40.000000,1.792932,1.824664
0,-0.000039,0.125000,0.090909,0.031740,0.172191,176.365651,2595.250000,89.999998,89.922777,44.999999,44.961389,5070,1560,0.125000,1570.000000,0.000000,40.000000,1.800006,1.798461
0,-0.000455,0.272727,0.250000,0.036490,0.268281,485.725624,3979.800000,58.000000,97.859575,29.000000,48.929788,6750,10,0.272727,420.000000,0.000000,25.000000,1.160001,1.957201
0,-0.000114,0.111111,0.100000,0.388153,0.206028,586.620000,3063.500000,87.325812,89.814204,43.662906,44.907102,5270,4250,0.111111,210.000000,0.000000,40.000000,1.746718,1.796291
0,-0.000091,0.142857,0.100000,3.566552,0.093551,519.880000,1125.694444,93.318022,100.000000,46.659011,50.000000,4640,2810,0.142857,1580.000000,0.000000,45.000000,1.879424,2.000004
0,-0.000091,0.166667,0.100000,0.006688,0.093551,55.375000,1125.694444,92.499998,100.000000,46.249999,50.000000,3400,620,0.166667,2440.000000,0.000000,45.000000,1.850000,2.000004
0,-0.000364,0.300000,0.400000,0.147592,0.076592,220.888889,900.000000,82.585271,50.000000,41.292635,25.000000,1950,1860,0.571429,2440.000000,0.000000,40.000000,1.652068,0.000000
0,-0.000029,0.800000,0.473684,0.105441,0.016959,141.777778,225.694444,91.428487,50.000000,45.714244,25.000000,2790,1250,0.933333,3050.000000,0.000000,45.000000,1.828636,0.000000
0,-0.000001,0.500000,0.714286,0.005650,0.049245,85.080000,700.000000,41.666666,40.146275,20.833333,20.073137,2780,10,0.833333,1520.000000,0.000000,20.000000,0.833334,0.000000
0,-0.000029,0.800000,0.473684,0.105441,0.016959,141.777778,225.694444,91.428487,50.000000,45.714244,25.000000,3170,1250,0.933333,3050.000000,0.000000,45.000000,1.828636,0.000000
0,-0.000000,0.250000,0.250000,0.003700,0.055292,179.580000,800.000000,83.333333,40.000000,41.666667,20.000000,2840,10,0.285714,1460.000000,0.000000,40.000000,1.666667,0.000000
0,-0.000091,0.166667,0.100000,0.006688,0.093551,55.375000,1125.694444,92.499998,100.000000,46.249999,50.000000,3780,620,0.166667,2440.000000,0.000000,45.000000,1.850000,2.000004
0,-0.000091,0.142857,0.100000,3.566552,0.093551,519.880000,1125.694444,93.318022,100.000000,46.659011,50.000000,4260,2810,0.142857,1580.000000,0.000000,45.000000,1.879424,2.000004
0,-0.000364,0.666667,0.400000,0.128693,0.076592,46.777778,900.000000,83.656702,50.000000,41.828351,25.000000,1860,620,0.666667,2440.000000,0.000000,40.000000,1.673496,0.000000
0,-0.000007,0.208333,0.147059,0.453582,1.594600,2531.390582,21086.663435,89.982123,90.202271,44.991062,45.101135,4850,4020,0.208333,1070.000000,0.000000,40.000000,1.799731,1.804106
0,-0.000007,0.208333,0.147059,0.453582,1.594600,2531.390582,21086.663435,89.982123,90.202271,44.991062,45.101135,4970,4020,0.208333,1070.000000,0.000000,40.000000,1.799731,1.804106
0,-0.000222,0.125000,0.111111,0.028598,0.085575,364.437500,1353.163435,79.621068,80.202271,39.810534,40.101135,4340,740,0.125000,750.000000,0.000000,35.000000,1.592422,1.604048
0,-0.000004,0.100000,0.090909,4.804915,1.580695,4160.518519,20913.750000,77.915291,89.989466,38.957645,44.994733,5630,390,0.100000,290.000000,0.000000,35.000000,1.561170,1.799849
0,-0.000004,0.100000,0.090909,4.804915,1.580695,4160.518519,20913.750000,77.915291,89.989466,38.957645,44.994733,5750,390,0.100000,290.000000,0.000000,35.000000,1.561170,1.799849
0,-0.000007,0.208333,0.147059,0.453582,1.594600,2531.390582,21086.663435,89.982123,90.202271,44.991062,45.101135,5030,4020,0.208333,1070.000000,0.000000,40.000000,1.799731,1.804106
0,-0.000444,0.250000,0.222222,0.184657,1.600800,2221.500000,21333.500000,90.000002,90.000000,45.000001,45.000000,5170,740,0.250000,750.000000,0.000000,45.000000,1.800008,1.800060
0,-0.000004,0.100000,0.090909,4.804915,1.580695,4160.518519,20913.750000,77.915291,89.989466,38.957645,44.994733,5640,390,0.100000,290.000000,0.000000,35.000000,1.561170,1.799849
0,-0.000444,0.250000,0.222222,0.184657,1.600800,2221.500000,21333.500000,90.000002,90.000000,45.000001,45.000000,5290,740,0.250000,750.000000,0.000000,45.000000,1.800008,1.800060
0,-0.000444,0.250000,0.222222,0.184657,1.600800,2221.500000,21333.500000,90.000002,90.000000,45.000001,45.000000,5880,740,0.250000,750.000000,0.000000,45.000000,1.800008,1.800060
0,-0.000444,0.250000,0.222222,0.184657,1.600800,2221.500000,21333.500000,90.000002,90.000000,45.000001,45.000000,5180,740,0.250000,750.000000,0.000000,45.000000,1.800008,1.800060
0,-0.000007,0.208333,0.147059,0.453582,1.594600,2531.390582,21086.663435,89.982123,90.202271,44.991062,45.101135,5560,4020,0.208333,1070.000000,0.000000,40.000000,1.799731,1.804106
0,-0.000004,0.100000,0.090909,4.804915,1.580695,4160.518519,20913.750000,77.915291,89.989466,38.957645,44.994733,6340,390,0.100000,290.000000,0.000000,35.000000,1.561170,1.799849
0,-0.000444,0.250000,0.222222,0.184657,1.600800,2221.500000,21333.500000,90.000002,90.000000,45.000001,45.000000,5350,740,0.250000,750.000000,0.000000,45.000000,1.800008,1.800060
0,-0.000004,0.100000,0.090909,4.804915,1.580695,4160.518519,20913.750000,77.915291,89.989466,38.957645,44.994733,5810,390,0.100000,290.000000,0.000000,35.000000,1.561170,1.799849
0,-0.000007,0.208333,0.147059,0.453582,1.594600,2531.390582,21086.663435,89.982123,90.202271,44.991062,45.101135,4860,4020,0.208333,1070.000000,0.000000,40.000000,1.799731,1.804106
0,-0.000093,0.333333,0.625000,1.160487,0.271567,993.000000,6492.222222,80.000000,79.814441,40.000000,39.907220,2070,1650,0.642857,2120.000000,0.000000,35.000000,1.601028,1.596295
0,-0.000009,0.111111,0.071429,1.542703,0.232331,271.107438,5386.500000,75.535675,79.705995,37.767838,39.852998,3000,1510,0.111111,770.000000,0.000000,35.000000,1.515427,1.594125
0,-0.000033,0.058824,0.038462,0.092416,0.056674,807.663740,1523.196712,90.769215,90.088810,45.384607,45.044405,4490,2560,0.058824,1630.000000,0.000000,45.000000,1.815390,1.801777
0,-0.000002,0.111111,0.071429,0.168830,0.284820,39.455357,6515.000000,76.025083,79.722594,38.012541,39.861297,1680,200,0.166667,2090.000000,0.000000,35.000000,1.521080,1.594458
0,0.000621,0.071429,0.166667,0.243314,0.226727,728.142857,5238.000000,75.194494,76.601029,37.597247,38.300514,1680,1680,0.176471,2090.000000,0.000000,35.000000,1.504473,1.532025
0,0.000670,0.076923,0.153846,0.405407,0.050094,2629.333333,1362.222222,79.961846,76.964209,39.980923,38.482104,1910,1490,0.166667,2280.000000,0.000000,35.000000,1.599268,1.539285
0,-0.000033,0.058824,0.038462,0.092416,0.056674,807.663740,1523.196712,90.769215,90.088810,45.384607,45.044405,5990,2560,0.058824,1630.000000,0.000000,45.000000,1.815390,1.801777
0,-0.000033,0.058824,0.038462,0.092416,0.056674,807.663740,1523.196712,90.769215,90.088810,45.384607,45.044405,2560,1680,0.058824,1630.000000,0.000000,45.000000,1.815390,1.801777
0,-0.000006,0.222222,0.214286,0.162360,0.108187,1060.645833,2639.222222,47.999997,80.085774,23.999998,40.042887,1910,10,0.333333,2280.000000,0.000000,20.000000,0.960013,1.601718
0,-0.000028,0.333333,0.214286,1.553755,0.055698,447.203125,1510.722222,75.054906,80.069175,37.527453,40.034587,3420,1510,0.333333,770.000000,0.000000,35.000000,1.505812,1.601385
0,-0.000000,0.200000,0.066667,0.497244,0.024482,132.490000,337.196712,89.999316,88.602871,44.999658,44.301436,4220,570,0.200000,1910.000000,0.000000,40.000000,1.801210,1.772058
0,-0.000000,0.200000,0.066667,0.497244,0.024482,132.490000,337.196712,89.999316,88.602871,44.999658,44.301436,5720,570,0.200000,1910.000000,0.000000,40.000000,1.801210,1.772058
0,-0.000000,0.166667,0.066667,0.009173,0.024841,208.000000,314.222222,53.352282,76.847462,26.676141,38.423731,1210,10,0.166667,1270.000000,0.000000,25.000000,1.067046,1.536950
0,-0.000000,0.200000,0.066667,0.497244,0.024482,132.490000,337.196712,89.999316,88.602871,44.999658,44.301436,1410,570,0.200000,1910.000000,0.000000,40.000000,1.801210,1.772058
0,0.000019,0.076923,0.034483,0.361150,0.019204,820.361111,339.234568,68.161454,79.462057,34.080727,39.731029,3400,2190,0.076923,1620.000000,0.000000,30.000000,1.364589,1.589242
0,0.000000,0.500000,0.500000,0.047222,0.091706,380.440000,1022.222222,40.993917,40.307722,20.496958,20.153861,3640,10,0.500000,720.000000,0.000000,20.000000,0.819881,0.000000
0,-0.000000,0.181818,0.142857,0.150083,0.076946,1516.500000,1175.333333,78.494333,77.110360,39.247166,38.555180,3380,2180,0.181818,1640.000000,0.000000,35.000000,1.569894,1.542210
0,0.000000,0.750000,0.750000,0.103254,0.004663,107.888889,80.666667,72.245174,40.140989,36.122587,20.070495,4310,10,0.750000,220.000000,0.000000,35.000000,1.445099,0.000000
0,0.000032,0.100000,0.125000,1.667772,0.003412,320.000000,71.839506,77.485208,50.000000,38.742604,25.000000,3200,2620,0.125000,1910.000000,0.000000,35.000000,1.554520,0.000000
0,-0.000128,0.333333,0.285714,0.018785,0.000877,313.000000,11.111111,41.250000,39.999995,20.625000,19.999998,3900,10,0.333333,630.000000,0.000000,20.000000,0.825001,0.000000
0,0.000032,0.100000,0.125000,3.776243,0.003412,464.000000,71.839506,82.999046,50.000000,41.499523,25.000000,2790,2510,0.125000,1740.000000,0.000000,40.000000,1.700126,0.000000
0,-0.000000,0.500000,0.333333,0.015215,0.032652,143.187500,383.750000,40.625838,89.487865,20.312919,44.743932,1250,10,0.700000,2040.000000,0.000000,20.000000,0.812518,1.789759
0,-0.000072,0.800000,0.588235,0.076820,0.084945,667.375000,951.750000,64.166192,90.102421,32.083096,45.051211,1770,10,0.818182,1520.000000,0.000000,30.000000,1.283328,1.802052
0,0.000000,0.125000,0.125000,0.022234,0.001468,41.111111,27.222222,77.578724,42.000000,38.789362,21.000000,1040,850,0.125000,660.000000,0.000000,35.000000,1.551590,0.000000
0,0.000000,0.400000,0.500000,0.011280,0.000991,96.666667,18.375000,73.200520,40.170712,36.600260,20.085356,670,400,0.500000,1300.000000,0.000000,35.000000,1.464011,0.000000
0,0.000000,0.125000,0.125000,0.021544,0.002345,29.201389,37.500000,79.578714,42.803218,39.789357,21.401609,6660,1040,0.125000,660.000000,0.000000,35.000000,1.591590,0.000000
0,-0.000157,0.290323,0.080000,1.830678,0.991281,3257.375000,14402.777778,80.268939,78.906764,40.134470,39.453382,4450,2750,0.290323,380.000000,0.000000,40.000000,1.606339,1.578169
0,-0.000000,0.166667,0.142857,0.305201,0.034927,2715.305556,461.250000,87.898273,89.993521,43.949136,44.996761,3680,2360,0.166667,770.000000,0.000000,40.000000,1.758552,1.799872
0,0.000000,0.166667,0.166667,0.084725,0.034935,63.222222,441.000000,84.472316,81.680582,42.236158,40.840291,1060,270,0.166667,430.000000,0.000000,40.000000,1.689570,1.633613
0,-0.000013,0.166667,0.142857,0.040435,0.038996,411.555556,525.000000,51.498172,81.982448,25.749086,40.991224,1480,10,0.166667,1650.000000,0.000000,25.000000,1.029966,1.639650
0,-0.000006,0.250000,0.171429,0.400595,0.219934,408.687500,3183.000000,80.789351,80.907578,40.394675,40.453789,2630,960,0.250000,2170.000000,0.000000,40.000000,1.616281,1.618159
0,-0.000000,0.166667,0.142857,0.305201,0.034927,2715.305556,461.250000,87.898273,89.993521,43.949136,44.996761,4510,2360,0.166667,770.000000,0.000000,40.000000,1.758552,1.799872
0,-0.000045,0.250000,0.125000,0.006196,0.045807,73.777778,632.320000,50.249920,79.934216,25.124960,39.967108,450,10,0.250000,2680.000000,0.000000,25.000000,1.004999,1.598686
0,-0.000033,0.444444,0.166667,0.120153,0.006170,483.312500,60.500000,80.769234,41.248115,40.384617,20.624057,1590,610,0.444444,850.000000,0.000000,40.000000,1.615582,0.000000
0,0.000000,0.111111,0.111111,0.432976,0.034173,95.590278,470.694444,84.094140,89.180578,42.047070,44.590289,5460,3690,0.111111,530.000000,0.000000,40.000000,1.683045,1.783613
0,0.000000,0.285714,0.285714,0.288772,0.016381,31.312500,261.000000,50.946815,81.680565,25.473408,40.840283,3650,20,0.285714,570.000000,0.000000,25.000000,1.021639,1.633612
0,0.000000,0.111111,0.111111,0.432976,0.034173,95.590278,470.694444,84.094140,89.180578,42.047070,44.590289,5840,3690,0.111111,530.000000,0.000000,40.000000,1.683045,1.783613
0,0.000000,1.000000,1.000000,1.252244,0.059857,483.775510,700.000000,96.153846,50.000000,48.076923,25.000000,680,10,1.000000,1450.000000,0.000000,45.000000,1.926277,0.000000
0,0.000000,1.000000,1.000000,1.252244,0.059857,483.775510,700.000000,96.153846,50.000000,48.076923,25.000000,1930,10,1.000000,1450.000000,0.000000,45.000000,1.926277,0.000000
0,0.000000,1.000000,1.000000,1.252244,0.059857,483.775510,700.000000,96.153846,50.000000,48.076923,25.000000,540,10,1.000000,1450.000000,0.000000,45.000000,1.926277,0.000000
0,-0.000037,0.363636,0.294118,0.001021,0.009044,32.645714,442.560000,54.523808,60.622427,27.261904,30.311214,2320,10,0.363636,2770.000000,0.000000,25.000000,1.090476,1.212449
0,-0.000036,0.071429,0.294118,0.089590,0.512661,654.285714,21256.000000,54.395183,59.297822,27.197591,29.648911,1590,10,0.312500,2770.000000,0.000000,25.000000,1.087910,1.185963
0,-0.000001,0.083333,0.250000,4.938545,0.510223,1827.510204,21098.560000,62.715441,81.324496,31.357721,40.662248,1620,890,0.263158,3470.000000,0.000000,30.000000,1.261288,1.626496
0,-0.000047,0.125000,0.100000,0.078381,0.005431,1260.544022,64.500000,93.993326,93.243240,46.996663,46.621620,6410,6320,0.125000,980.000000,0.000000,45.000000,1.879869,1.864865
0,-0.000047,0.125000,0.100000,0.078381,0.005431,1260.544022,64.500000,93.993326,93.243240,46.996663,46.621620,6410,5430,0.125000,980.000000,0.000000,45.000000,1.879869,1.864865
0,-0.000000,0.142857,0.125000,0.080010,0.004282,1294.571799,54.222222,91.998863,92.000000,45.999432,46.000000,5430,600,0.142857,980.000000,0.000000,45.000000,1.839980,1.840000
0,-0.000053,0.538462,0.434783,0.199645,0.734621,627.608028,6027.000000,91.248412,89.521976,45.624206,44.760988,5780,4340,0.538462,1350.000000,0.000000,45.000000,1.825082,1.790484
0,-0.000000,0.142857,0.125000,0.080010,0.004282,1294.571799,54.222222,91.998863,92.000000,45.999432,46.000000,4640,600,0.142857,980.000000,0.000000,45.000000,1.839980,1.840000
0,-0.000053,0.538462,0.434783,0.199645,0.734621,627.608028,6027.000000,91.248412,89.521976,45.624206,44.760988,5060,4340,0.538462,1350.000000,0.000000,45.000000,1.825082,1.790484
0,-0.000053,0.538462,0.434783,0.199645,0.734621,627.608028,6027.000000,91.248412,89.521976,45.624206,44.760988,4340,4270,0.538462,1350.000000,0.000000,45.000000,1.825082,1.790484
0,0.000001,0.166667,0.166667,0.134099,0.009322,903.000000,87.500000,90.000000,91.249468,45.000000,45.624734,6190,1380,0.166667,1110.000000,0.000000,40.000000,1.800064,1.824990
0,-0.000053,0.538462,0.434783,0.199645,0.734621,627.608028,6027.000000,91.248412,89.521976,45.624206,44.760988,5950,4340,0.538462,1350.000000,0.000000,45.000000,1.825082,1.790484
0,0.000000,0.500000,0.500000,0.149561,0.004681,714.564444,54.222222,81.506146,92.000000,40.753073,46.000000,5690,690,0.500000,1440.000000,0.000000,40.000000,1.630261,1.840000
0,0.000000,0.076923,0.083333,0.429809,0.739225,207.750000,6060.500000,80.347215,80.771444,40.173608,40.385722,5070,1870,0.083333,620.000000,0.000000,40.000000,1.607397,1.615474
0,-0.000060,0.285714,0.222222,0.045367,0.023810,766.395833,269.000000,58.005524,90.096419,29.002762,45.048209,5490,10,0.285714,1640.000000,0.000000,25.000000,1.160112,1.801929
0,-0.000000,0.142857,0.125000,0.080010,0.004282,1294.571799,54.222222,91.998863,92.000000,45.999432,46.000000,6320,600,0.142857,980.000000,0.000000,45.000000,1.839980,1.840000
0,0.000000,0.500000,0.500000,0.149561,0.004681,714.564444,54.222222,81.506146,92.000000,40.753073,46.000000,4180,690,0.500000,1440.000000,0.000000,40.000000,1.630261,1.840000
0,-0.000000,0.142857,0.125000,0.080010,0.004282,1294.571799,54.222222,91.998863,92.000000,45.999432,46.000000,6150,600,0.142857,980.000000,0.000000,45.000000,1.839980,1.840000
0,-0.000022,0.181818,0.200000,0.078398,0.022094,861.564444,201.222222,89.999743,89.988569,44.999871,44.994285,5860,2290,0.250000,1440.000000,0.000000,40.000000,1.799998,1.799773
0,0.000001,0.166667,0.166667,0.134099,0.009322,903.000000,87.500000,90.000000,91.249468,45.000000,45.624734,6020,1380,0.166667,1110.000000,0.000000,40.000000,1.800064,1.824990
0,-0.000000,0.111111,0.100000,0.239990,0.065060,3281.321799,675.000000,89.998824,91.248048,44.999412,45.624024,4720,4620,0.111111,1000.000000,0.000000,40.000000,1.799985,1.824964
0,-0.000060,0.285714,0.222222,0.045367,0.023810,766.395833,269.000000,58.005524,90.096419,29.002762,45.048209,5660,10,0.285714,1640.000000,0.000000,25.000000,1.160112,1.801929
0,-0.000000,0.111111,0.100000,0.239990,0.065060,3281.321799,675.000000,89.998824,91.248048,44.999412,45.624024,6300,4720,0.111111,1000.000000,0.000000,40.000000,1.799985,1.824964
0,0.000000,1.000000,1.000000,0.966707,0.066441,930.520000,627.000000,87.500000,90.341424,43.750000,45.170712,4680,10,1.000000,940.000000,0.000000,40.000000,1.750594,1.806832
0,0.000001,0.166667,0.166667,0.134099,0.009322,903.000000,87.500000,90.000000,91.249468,45.000000,45.624734,5300,1380,0.166667,1110.000000,0.000000,40.000000,1.800064,1.824990
0,-0.000060,0.285714,0.222222,0.045367,0.023810,766.395833,269.000000,58.005524,90.096419,29.002762,45.048209,4770,10,0.285714,1640.000000,0.000000,25.000000,1.160112,1.801929
0,-0.000022,0.181818,0.200000,0.078398,0.022094,861.564444,201.222222,89.999743,89.988569,44.999871,44.994285,4180,2290,0.250000,1440.000000,0.000000,40.000000,1.799998,1.799773
0,-0.000022,0.181818,0.200000,0.078398,0.022094,861.564444,201.222222,89.999743,89.988569,44.999871,44.994285,5690,2290,0.250000,1440.000000,0.000000,40.000000,1.799998,1.799773
0,0.000000,0.500000,0.500000,0.149561,0.004681,714.564444,54.222222,81.506146,92.000000,40.753073,46.000000,4970,690,0.500000,1440.000000,0.000000,40.000000,1.630261,1.840000
0,-0.000060,0.285714,0.222222,0.045367,0.023810,766.395833,269.000000,58.005524,90.096419,29.002762,45.048209,3980,10,0.285714,1640.000000,0.000000,25.000000,1.160112,1.801929
0,0.000000,1.000000,1.000000,0.966707,0.066441,930.520000,627.000000,87.500000,90.341424,43.750000,45.170712,5470,10,1.000000,940.000000,0.000000,40.000000,1.750594,1.806832
0,-0.000047,0.125000,0.100000,0.078381,0.005431,1260.544022,64.500000,93.993326,93.243240,46.996663,46.621620,6410,4640,0.125000,980.000000,0.000000,45.000000,1.879869,1.864865
0,-0.000000,0.200000,0.166667,0.011527,0.796344,271.551020,6600.000000,78.237830,79.863400,39.118915,39.931700,4750,10,0.200000,940.000000,0.000000,35.000000,1.564757,1.597316
0,0.000000,1.000000,1.000000,0.966707,0.066441,930.520000,627.000000,87.500000,90.341424,43.750000,45.170712,6190,10,1.000000,940.000000,0.000000,40.000000,1.750594,1.806832
0,-0.000047,0.125000,0.100000,0.078381,0.005431,1260.544022,64.500000,93.993326,93.243240,46.996663,46.621620,6410,6150,0.125000,980.000000,0.000000,45.000000,1.879869,1.864865
0,-0.000022,0.181818,0.200000,0.078398,0.022094,861.564444,201.222222,89.999743,89.988569,44.999871,44.994285,4970,2290,0.250000,1440.000000,0.000000,40.000000,1.799998,1.799773
0,0.000001,0.166667,0.166667,0.134099,0.009322,903.000000,87.500000,90.000000,91.249468,45.000000,45.624734,4510,1380,0.166667,1110.000000,0.000000,40.000000,1.800064,1.824990
0,-0.000000,0.111111,0.100000,0.239990,0.065060,3281.321799,675.000000,89.998824,91.248048,44.999412,45.624024,6130,4720,0.111111,1000.000000,0.000000,40.000000,1.799985,1.824964
0,-0.000000,0.111111,0.100000,0.239990,0.065060,3281.321799,675.000000,89.998824,91.248048,44.999412,45.624024,5410,4720,0.111111,1000.000000,0.000000,40.000000,1.799985,1.824964
0,0.000000,0.500000,0.500000,0.149561,0.004681,714.564444,54.222222,81.506146,92.000000,40.753073,46.000000,5860,690,0.500000,1440.000000,0.000000,40.000000,1.630261,1.840000
0,0.000000,1.000000,1.000000,0.966707,0.066441,930.520000,627.000000,87.500000,90.341424,43.750000,45.170712,6360,10,1.000000,940.000000,0.000000,40.000000,1.750594,1.806832
0,-0.000001,0.100000,0.105263,0.331206,1.452262,2162.469388,23728.000000,77.652051,79.545944,38.826026,39.772972,2520,1750,0.142857,2660.000000,0.000000,35.000000,1.553066,1.590963
0,0.000000,1.000000,1.000000,0.049106,1.064989,56.125000,13068.000000,93.750000,37.156167,46.875000,18.578084,550,10,1.000000,1620.000000,0.000000,45.000000,1.875043,0.000000
0,0.000000,1.000000,1.000000,0.049106,1.064989,56.125000,13068.000000,93.750000,37.156167,46.875000,18.578084,3210,10,1.000000,1620.000000,0.000000,45.000000,1.875043,0.000000
0,0.000000,1.000000,1.000000,0.206246,0.000000,166.666667,0.000000,64.824434,0.000000,32.412217,0.000000,2670,10,1.000000,2160.000000,0.000000,30.000000,1.296808,0.000000
0,0.000000,0.083333,0.083333,0.026336,4.144893,71.820000,547.320000,81.248766,70.430129,40.624383,35.215065,2560,1540,0.083333,300.000000,0.000000,40.000000,1.624982,1.425749
0,0.000654,0.642857,0.692308,0.046067,4.162070,378.285714,827.834320,52.813758,69.713723,26.406879,34.856861,930,10,0.692308,2850.000000,0.000000,25.000000,1.056278,1.411422
0,0.000038,0.071429,0.076923,0.342139,4.142205,48.642857,518.484375,71.251180,70.425670,35.625590,35.212835,4080,2550,0.076923,310.000000,0.000000,35.000000,1.427427,1.425660
0,0.000145,0.142857,0.153846,0.005514,4.359686,61.853616,2894.187500,55.879566,69.509274,27.939783,34.754637,1690,10,0.153846,2850.000000,0.000000,25.000000,1.117592,1.407342
0,-0.000000,0.117647,0.071429,0.012315,0.041084,279.134884,403.916667,91.250000,90.751563,45.625000,45.375782,3990,2600,0.117647,640.000000,0.000000,45.000000,1.825000,1.815033
0,-0.000000,0.333333,0.166667,0.167732,0.006372,48.000000,58.666667,91.247331,90.983815,45.623665,45.491908,2110,1200,0.333333,1130.000000,0.000000,45.000000,1.825804,1.819677
0,-0.000000,0.117647,0.071429,0.012315,0.041084,279.134884,403.916667,91.250000,90.751563,45.625000,45.375782,2600,660,0.117647,640.000000,0.000000,45.000000,1.825000,1.815033
0,-0.000000,0.333333,0.166667,0.002976,0.006076,48.000000,58.666667,54.472004,83.483815,27.236002,41.741908,2250,10,0.333333,990.000000,0.000000,25.000000,1.089440,1.669677
0,-0.000000,0.333333,0.166667,0.167732,0.006372,48.000000,58.666667,91.247331,90.983815,45.623665,45.491908,2110,750,0.333333,1130.000000,0.000000,45.000000,1.825804,1.819677
0,0.000000,0.166667,0.166667,0.007763,0.005568,59.555556,58.666667,80.995575,80.983815,40.497788,40.491908,3260,1930,0.166667,1310.000000,0.000000,40.000000,1.619912,1.619677
0,-0.000000,0.117647,0.071429,0.012315,0.041084,279.134884,403.916667,91.250000,90.751563,45.625000,45.375782,3570,2600,0.117647,640.000000,0.000000,45.000000,1.825000,1.815033
0,0.000000,0.571429,0.571429,0.001088,0.091570,137.211429,771.666667,66.630192,81.097475,33.315096,40.548738,2790,10,0.571429,450.000000,0.000000,30.000000,1.332604,1.621955
0,-0.000006,0.153846,0.142857,0.394628,0.042321,1359.160000,533.297068,76.302457,80.618711,38.151228,40.309355,4500,1790,0.153846,730.000000,0.000000,35.000000,1.527115,1.612376
0,-0.000000,0.750000,0.700000,0.182976,3.356177,831.687500,27104.000000,80.304090,39.468759,40.152045,19.734379,1670,120,0.777778,870.000000,0.000000,40.000000,1.606105,0.000000
0,0.000520,0.384615,0.700000,0.060387,0.044789,696.693878,432.000000,53.371354,40.423441,26.685677,20.211720,7390,10,0.777778,980.000000,0.000000,25.000000,1.067430,0.000000
0,-0.000235,0.678571,0.666667,1.467288,0.054984,458.226860,607.810651,90.023502,100.000000,45.011751,50.000000,4010,110,0.689655,690.000000,0.000000,45.000000,1.805727,2.000002
0,-0.000001,0.047619,0.041667,1.459104,0.038373,369.709259,411.076923,81.690106,90.263554,40.845053,45.131777,3760,110,0.047619,690.000000,0.000000,40.000000,1.639059,1.805273
0,0.000102,0.071429,0.090909,0.010951,0.061575,315.090000,624.000000,76.861861,90.019317,38.430930,45.009658,540,10,0.090909,520.000000,0.000000,35.000000,1.537238,1.800389
0,-0.000003,0.032258,0.034483,1.686342,2.308973,2806.943827,23176.562500,90.023502,100.000000,45.011751,50.000000,6260,110,0.035714,690.000000,0.000000,45.000000,1.805738,2.000115
0,-0.000235,0.678571,0.666667,1.467288,0.054984,458.226860,607.810651,90.023502,100.000000,45.011751,50.000000,680,110,0.689655,690.000000,0.000000,45.000000,1.805727,2.000002
0,-0.000001,0.133333,0.117647,0.002680,0.031014,190.192500,340.000000,88.169926,92.000000,44.084963,46.000000,2390,10,0.133333,1050.000000,0.000000,40.000000,1.763399,1.840001
0,0.000004,0.027027,0.095238,0.007743,0.265886,243.162500,435.653061,97.058824,97.826087,48.529412,48.913043,3360,10,0.095238,1050.000000,0.000000,45.000000,1.941177,1.956731
0,-0.000003,0.033333,0.034483,0.209297,2.308973,2247.942500,23176.562500,97.058824,100.000000,48.529412,50.000000,5310,10,0.035714,1050.000000,0.000000,45.000000,1.941187,2.000115
0,0.000004,0.025641,0.095238,1.450782,0.265886,284.817347,435.653061,90.023502,97.826087,45.011751,48.913043,3720,110,0.095238,690.000000,0.000000,45.000000,1.805727,1.956731
0,-0.000003,0.032258,0.034483,1.686342,2.308973,2806.943827,23176.562500,90.023502,100.000000,45.011751,50.000000,5730,110,0.035714,690.000000,0.000000,45.000000,1.805738,2.000115
0,0.000004,0.027027,0.095238,0.007743,0.265886,243.162500,435.653061,97.058824,97.826087,48.529412,48.913043,900,10,0.095238,1050.000000,0.000000,45.000000,1.941177,1.956731
0,-0.000003,0.033333,0.034483,0.209297,2.308973,2247.942500,23176.562500,97.058824,100.000000,48.529412,50.000000,5200,10,0.035714,1050.000000,0.000000,45.000000,1.941187,2.000115
0,0.000004,0.025641,0.095238,1.450782,0.265886,284.817347,435.653061,90.023502,97.826087,45.011751,48.913043,1260,110,0.095238,690.000000,0.000000,45.000000,1.805727,1.956731
0,-0.000001,0.050000,0.041667,0.020441,0.038373,364.692500,411.076923,88.158988,90.263554,44.079494,45.131777,3400,10,0.050000,1050.000000,0.000000,40.000000,1.763181,1.805273
0,-0.000235,0.678571,0.666667,1.467288,0.054984,458.226860,607.810651,90.023502,100.000000,45.011751,50.000000,3590,110,0.689655,690.000000,0.000000,45.000000,1.805727,2.000002
0,-0.000235,0.730769,0.666667,1.062144,0.054984,430.182500,607.810651,97.058824,100.000000,48.529412,50.000000,3650,10,0.730769,1050.000000,0.000000,45.000000,1.943175,2.000002
0,-0.000003,0.032258,0.034483,1.686342,2.308973,2806.943827,23176.562500,90.023502,100.000000,45.011751,50.000000,5670,110,0.035714,690.000000,0.000000,45.000000,1.805738,2.000115
0,-0.000001,0.125000,0.117647,1.449011,0.031014,269.561111,340.000000,81.017965,92.000000,40.508982,46.000000,2750,110,0.125000,690.000000,0.000000,40.000000,1.625616,1.840001
0,0.000102,0.071429,0.090909,0.010951,0.061575,315.090000,624.000000,76.861861,90.019317,38.430930,45.009658,280,10,0.090909,520.000000,0.000000,35.000000,1.537238,1.800389
0,-0.000003,0.033333,0.034483,0.209297,2.308973,2247.942500,23176.562500,97.058824,100.000000,48.529412,50.000000,5190,10,0.035714,1050.000000,0.000000,45.000000,1.941187,2.000115
0,-0.000003,0.032258,0.034483,1.686342,2.308973,2806.943827,23176.562500,90.023502,100.000000,45.011751,50.000000,5550,110,0.035714,690.000000,0.000000,45.000000,1.805738,2.000115
0,-0.000003,0.032258,0.034483,1.686342,2.308973,2806.943827,23176.562500,90.023502,100.000000,45.011751,50.000000,5560,110,0.035714,690.000000,0.000000,45.000000,1.805738,2.000115
0,-0.000003,0.033333,0.034483,0.209297,2.308973,2247.942500,23176.562500,97.058824,100.000000,48.529412,50.000000,5370,10,0.035714,1050.000000,0.000000,45.000000,1.941187,2.000115
0,-0.000003,0.033333,0.034483,0.209297,2.308973,2247.942500,23176.562500,97.058824,100.000000,48.529412,50.000000,5900,10,0.035714,1050.000000,0.000000,45.000000,1.941187,2.000115
0,-0.000235,0.730769,0.666667,1.062144,0.054984,430.182500,607.810651,97.058824,100.000000,48.529412,50.000000,320,10,0.730769,1050.000000,0.000000,45.000000,1.943175,2.000002
0,-0.000235,0.730769,0.666667,1.062144,0.054984,430.182500,607.810651,97.058824,100.000000,48.529412,50.000000,3230,10,0.730769,1050.000000,0.000000,45.000000,1.943175,2.000002
0,0.000000,0.500000,0.500000,0.023336,0.009752,259.320000,193.408163,79.421003,40.532849,39.710502,20.266424,2600,1410,0.500000,350.000000,0.000000,35.000000,1.588421,0.000000
0,0.000000,1.000000,1.000000,0.001480,0.006600,88.600000,96.666667,89.077914,92.500000,44.538957,46.250000,240,10,1.000000,1070.000000,0.000000,40.000000,1.781558,1.850000
0,0.000000,1.000000,1.000000,0.290734,0.006238,252.750000,93.466667,83.066671,92.000000,41.533336,46.000000,5850,1890,1.000000,850.000000,0.000000,40.000000,1.661512,1.840000
0,0.000000,1.000000,1.000000,0.001579,0.006238,92.600000,93.466667,88.666667,92.000000,44.333333,46.000000,1670,10,1.000000,1070.000000,0.000000,40.000000,1.773333,1.840000
0,0.000000,1.000000,1.000000,0.290585,0.006600,248.750000,96.666667,83.566333,92.500000,41.783167,46.250000,1010,460,1.000000,850.000000,0.000000,40.000000,1.671505,1.850000
0,0.000000,1.000000,1.000000,0.001229,0.006600,124.764706,96.666667,89.558824,92.500000,44.779412,46.250000,1000,10,1.000000,310.000000,0.000000,40.000000,1.791177,1.850000
0,0.000000,1.000000,1.000000,0.001311,0.006238,128.764706,93.466667,89.058824,92.000000,44.529412,46.000000,2430,10,1.000000,310.000000,0.000000,40.000000,1.781177,1.840000
0,0.000000,1.000000,1.000000,0.290734,0.006238,252.750000,93.466667,83.066671,92.000000,41.533336,46.000000,1890,1010,1.000000,850.000000,0.000000,40.000000,1.661512,1.840000
0,0.000000,1.000000,1.000000,0.290585,0.006600,248.750000,96.666667,83.566333,92.500000,41.783167,46.250000,5850,460,1.000000,850.000000,0.000000,40.000000,1.671505,1.850000
0,-0.000001,0.047619,0.057143,0.251091,0.289674,1681.728395,2916.444444,80.921963,80.996861,40.460981,40.498431,3240,3140,0.066667,1480.000000,0.000000,40.000000,1.618458,1.619952
0,-0.000876,0.800000,0.714286,0.030149,0.132996,222.000000,1444.463668,46.652788,79.985459,23.326394,39.992730,4030,10,0.800000,1480.000000,0.000000,20.000000,0.933058,1.599715
0,0.000000,0.111111,0.111111,0.001937,0.024262,44.000000,320.000000,51.666662,82.000000,25.833331,41.000000,630,10,0.111111,860.000000,0.000000,25.000000,1.033333,1.640001
0,-0.000012,0.035714,0.060606,0.205232,0.046232,1401.505255,671.124260,81.764965,81.446515,40.882482,40.723257,3140,2480,0.066667,1480.000000,0.000000,40.000000,1.635314,1.628932
0,-0.000089,0.100000,0.071429,0.032377,0.075108,236.940000,838.207031,56.666667,90.000000,28.333333,45.000000,2260,10,0.100000,1480.000000,0.000000,25.000000,1.133336,1.800003
0,-0.000089,0.100000,0.071429,0.032377,0.075108,236.940000,838.207031,56.666667,90.000000,28.333333,45.000000,2760,10,0.100000,1480.000000,0.000000,25.000000,1.133336,1.800003
0,-0.000089,0.100000,0.071429,0.032377,0.075108,236.940000,838.207031,56.666667,90.000000,28.333333,45.000000,1710,10,0.100000,1480.000000,0.000000,25.000000,1.133336,1.800003
0,-0.000089,0.100000,0.071429,0.032377,0.075108,236.940000,838.207031,56.666667,90.000000,28.333333,45.000000,2710,10,0.100000,1480.000000,0.000000,25.000000,1.133336,1.800003
0,0.000000,0.636364,0.636364,0.282076,0.003327,97.465278,52.937500,45.712569,40.511900,22.856285,20.255950,4060,10,0.636364,130.000000,0.000000,20.000000,0.914789,0.000000
0,-0.000003,0.037037,0.125000,9.877748,0.076360,11205.555556,1152.000000,77.461684,38.182322,38.730842,19.091161,3650,3050,0.142857,1140.000000,0.000000,35.000000,1.553672,0.000000
0,-0.000014,0.062500,0.055556,0.266597,0.012384,148.175583,211.513314,85.999999,92.000000,42.999999,46.000000,4050,3080,0.062500,470.000000,0.000000,40.000000,1.720449,1.840000
0,-0.000012,0.043478,0.038462,0.270619,0.017524,191.709100,282.590237,86.666667,90.738015,43.333333,45.369007,4090,1590,0.043478,470.000000,0.000000,40.000000,1.733782,1.814761
0,-0.000012,0.043478,0.038462,0.270619,0.017524,191.709100,282.590237,86.666667,90.738015,43.333333,45.369007,4090,4050,0.043478,470.000000,0.000000,40.000000,1.733782,1.814761
0,-0.000014,0.062500,0.055556,0.266597,0.012384,148.175583,211.513314,85.999999,92.000000,42.999999,46.000000,3080,1590,0.062500,470.000000,0.000000,40.000000,1.720449,1.840000
0,-0.000826,0.111111,0.363636,0.127108,0.008308,470.000000,122.222222,79.372442,40.909048,39.686221,20.454524,3050,1750,0.500000,1140.000000,0.000000,35.000000,1.587466,0.000000
0,0.000000,1.000000,0.750000,0.227708,0.003837,168.906250,107.555556,71.362858,40.128034,35.681429,20.064017,2690,10,1.000000,3520.000000,0.000000,35.000000,1.427633,0.000000
0,0.000000,0.250000,0.250000,0.005171,0.004278,110.750000,73.500000,49.645592,41.498053,24.822796,20.749027,6010,10,0.250000,200.000000,0.000000,20.000000,0.992912,0.000000
0,-0.000037,0.250000,0.272727,0.091061,0.053649,969.222222,1100.000000,81.699683,39.613680,40.849841,19.806840,4560,1430,0.300000,1650.000000,0.000000,40.000000,1.633998,0.000000
0,-0.000065,0.200000,0.150000,6.301487,0.088996,3033.000000,1898.437500,77.748770,40.068172,38.874385,20.034086,4490,3580,0.200000,2630.000000,0.000000,35.000000,1.561764,0.000000
0,-0.000118,0.133333,0.117647,3.098453,0.005492,27218.644628,111.076923,81.005739,40.757892,40.502870,20.378946,4070,3990,0.133333,530.000000,0.000000,40.000000,1.620291,0.000000
0,-0.000000,0.400000,0.600000,0.340794,0.015129,3486.375000,161.638889,66.986398,41.707960,33.493199,20.853980,3040,10,0.666667,2630.000000,0.000000,30.000000,1.339745,0.000000
0,-0.000000,0.142857,0.100000,0.002482,0.024301,161.403061,300.000000,88.666667,19.297877,44.333333,9.648938,4630,10,0.142857,1040.000000,0.000000,40.000000,1.773333,0.000000
0,-0.000005,0.200000,0.166667,0.011807,0.021937,226.000000,188.861111,62.475456,81.910391,31.237728,40.955195,1700,10,0.200000,940.000000,0.000000,30.000000,1.249510,1.638209
0,0.000000,0.166667,0.166667,0.054467,0.040526,712.000000,320.000000,82.444781,41.999997,41.222390,20.999999,5290,1270,0.166667,380.000000,0.000000,40.000000,1.648898,0.000000
0,-0.000015,0.600000,0.500000,0.002410,0.006808,109.000000,27.222222,62.000000,40.202430,31.000000,20.101215,4730,10,0.600000,940.000000,0.000000,30.000000,1.240000,0.000000
0,-0.000001,0.125000,0.111111,0.561777,0.020552,2673.000000,306.855000,91.666667,91.666670,45.833333,45.833335,7200,1060,0.125000,520.000000,0.000000,45.000000,1.834088,1.833334
0,-0.000001,0.125000,0.111111,0.561777,0.020552,2673.000000,306.855000,91.666667,91.666670,45.833333,45.833335,4490,1060,0.125000,520.000000,0.000000,45.000000,1.834088,1.833334
0,-0.000001,0.125000,0.111111,0.561777,0.020552,2673.000000,306.855000,91.666667,91.666670,45.833333,45.833335,6670,1060,0.125000,520.000000,0.000000,45.000000,1.834088,1.833334
0,0.000000,0.250000,0.500000,0.293235,0.011986,315.510204,276.480000,63.333333,50.000000,31.666667,25.000000,4850,4350,0.500000,720.000000,0.000000,30.000000,1.269983,0.000000
0,0.000000,0.250000,0.500000,0.293235,0.011986,315.510204,276.480000,63.333333,50.000000,31.666667,25.000000,7060,4850,0.500000,720.000000,0.000000,30.000000,1.269983,0.000000
0,0.000000,0.250000,0.500000,0.293235,0.011986,315.510204,276.480000,63.333333,50.000000,31.666667,25.000000,6530,4850,0.500000,720.000000,0.000000,30.000000,1.269983,0.000000
0,0.000000,1.000000,1.000000,0.121674,0.042297,136.403061,800.000000,96.666667,87.268607,48.333333,43.634304,6830,10,1.000000,1120.000000,0.000000,45.000000,1.933703,1.745373
0,0.000000,0.166667,0.166667,0.033396,0.039809,421.400000,620.000000,81.294064,79.268607,40.647032,39.634303,1270,670,0.166667,460.000000,0.000000,40.000000,1.625883,1.585373
0,0.000471,0.666667,0.562500,0.012159,0.024213,278.403061,461.638889,88.858009,78.283099,44.429004,39.141550,1600,10,0.666667,1120.000000,0.000000,40.000000,1.777161,1.565663
0,-0.000000,0.068966,0.100000,0.019935,0.105169,375.505102,1594.495845,86.075026,76.263056,43.037513,38.131528,4550,10,0.107143,1120.000000,0.000000,40.000000,1.721501,1.525265
0,-0.000000,0.600000,0.100000,0.002325,0.036665,60.063776,661.638889,76.955598,91.014492,38.477799,45.507246,4110,10,0.666667,2710.000000,0.000000,35.000000,1.539112,1.820291
0,-0.000094,0.142857,0.125000,0.004176,0.000746,51.555556,12.800000,52.000000,42.000000,26.000000,21.000000,1440,10,0.571429,1480.000000,0.000000,25.000000,1.040000,0.000000
0,0.000000,1.000000,1.000000,0.121674,0.042297,136.403061,800.000000,96.666667,87.268607,48.333333,43.634304,5700,10,1.000000,1120.000000,0.000000,45.000000,1.933703,1.745373
0,-0.000000,0.600000,0.100000,0.002325,0.036665,60.063776,661.638889,76.955598,91.014492,38.477799,45.507246,5240,10,0.666667,2710.000000,0.000000,35.000000,1.539112,1.820291
0,-0.000005,0.222222,0.181818,0.138602,0.051884,1901.400000,876.000000,81.206144,78.379718,40.603072,39.189859,4440,520,0.222222,610.000000,0.000000,40.000000,1.624128,1.567596
0,0.000000,1.000000,1.000000,0.001161,0.010328,169.473684,182.882812,89.868421,41.117678,44.934211,20.558839,1220,10,1.000000,270.000000,0.000000,40.000000,1.797368,0.000000
0,-0.000009,0.083333,0.076923,0.374506,0.005801,90.000000,67.813533,89.481189,92.851307,44.740594,46.425653,7490,3530,0.083333,310.000000,0.000000,40.000000,1.790593,1.857026
0,-0.000009,0.083333,0.076923,0.374506,0.005801,90.000000,67.813533,89.481189,92.851307,44.740594,46.425653,7490,2140,0.083333,310.000000,0.000000,40.000000,1.790593,1.857026
0,0.000000,0.500000,0.500000,0.025695,0.038642,342.875000,368.640000,79.863074,40.568943,39.931537,20.284471,5880,890,0.500000,880.000000,0.000000,35.000000,1.597262,0.000000
0,-0.000009,0.083333,0.076923,0.374506,0.005801,90.000000,67.813533,89.481189,92.851307,44.740594,46.425653,7490,2280,0.083333,310.000000,0.000000,40.000000,1.790593,1.857026
0,0.000000,0.250000,0.250000,0.139192,0.123609,1227.419753,1471.606648,79.422912,39.095042,39.711456,19.547521,5590,950,0.250000,120.000000,0.000000,35.000000,1.588466,0.000000
0,-0.000002,0.200000,0.111111,0.020627,0.002148,124.840000,35.883929,77.768286,83.502981,38.884143,41.751491,1870,150,0.200000,1880.000000,0.000000,35.000000,1.555369,1.670060
0,0.000000,0.153846,0.153846,0.181089,0.021521,327.255095,352.000000,85.537661,50.000000,42.768831,25.000000,1350,210,0.153846,340.000000,0.000000,40.000000,1.711338,0.000000
0,0.000000,0.153846,0.153846,0.181089,0.021521,327.255095,352.000000,85.537661,50.000000,42.768831,25.000000,4260,210,0.153846,340.000000,0.000000,40.000000,1.711338,0.000000
0,0.000000,0.153846,0.153846,0.181089,0.021521,327.255095,352.000000,85.537661,50.000000,42.768831,25.000000,4680,210,0.153846,340.000000,0.000000,40.000000,1.711338,0.000000
0,-0.000011,0.727273,0.615385,1.924252,0.219050,1790.446944,3113.785124,45.674396,40.750583,22.837198,20.375291,4400,10,0.727273,540.000000,0.000000,20.000000,0.914533,0.000000
0,-0.000003,0.400000,0.133333,0.200643,0.098575,1047.631944,1765.396450,80.515235,80.391974,40.257617,40.195987,7500,1670,0.437500,1220.000000,0.000000,40.000000,1.610329,1.607842
0,0.000000,1.000000,1.000000,3.219952,0.030512,681.777778,600.000000,65.999980,40.170710,32.999990,20.085355,2140,10,1.000000,1720.000000,0.000000,30.000000,1.329639,0.000000
0,0.000000,0.400000,0.400000,5.611578,0.022613,1164.000000,364.000000,76.361809,80.000000,38.180905,40.000000,5820,1670,0.400000,1010.000000,0.000000,35.000000,1.541518,1.600001
0,0.000000,0.400000,0.400000,0.049411,0.021716,145.920000,364.000000,76.643537,80.000000,38.321769,40.000000,4480,140,0.400000,2350.000000,0.000000,35.000000,1.532884,1.600001
0,0.000000,0.375000,0.375000,0.020762,0.054786,323.187500,867.000000,40.430094,80.700700,20.215047,40.350350,6630,10,0.375000,200.000000,0.000000,20.000000,0.808603,1.614016
0,-0.000000,0.166667,0.142857,0.138244,0.002740,52.000000,61.250000,90.000000,50.000000,45.000000,25.000000,3680,890,0.166667,1340.000000,0.000000,45.000000,1.800581,0.000000
0,0.000000,1.000000,1.000000,0.000793,0.007144,166.273684,162.000000,89.368421,40.612865,44.684211,20.306432,2650,10,1.000000,380.000000,0.000000,40.000000,1.787368,0.000000
0,-0.000000,0.166667,0.142857,0.138244,0.002740,52.000000,61.250000,90.000000,50.000000,45.000000,25.000000,4510,890,0.166667,1340.000000,0.000000,45.000000,1.800581,0.000000
0,-0.000000,0.166667,0.250000,0.004955,0.000576,90.000000,18.375000,50.092788,40.000000,25.046394,20.000000,330,10,0.333333,2220.000000,0.000000,25.000000,1.001856,0.000000
0,0.000000,1.000000,1.000000,0.044152,0.225413,445.074074,4280.066116,50.573247,40.163468,25.286624,20.081734,3150,10,1.000000,2220.000000,0.000000,25.000000,1.011467,0.000000
0,-0.000009,0.166667,0.166667,15.700161,0.027787,20568.656250,253.234694,90.999999,91.002206,45.500000,45.501103,5840,4840,0.200000,790.000000,0.000000,45.000000,1.825993,1.820046
0,0.000000,0.125000,0.125000,1.531004,0.022680,20553.500000,200.500000,58.000960,91.999996,29.000480,45.999998,6110,10,0.125000,630.000000,0.000000,25.000000,1.160076,1.840001
0,-0.000009,0.166667,0.166667,15.700161,0.027787,20568.656250,253.234694,90.999999,91.002206,45.500000,45.501103,6010,4840,0.200000,790.000000,0.000000,45.000000,1.825993,1.820046
0,0.000000,0.125000,0.125000,1.531004,0.022680,20553.500000,200.500000,58.000960,91.999996,29.000480,45.999998,6700,10,0.125000,630.000000,0.000000,25.000000,1.160076,1.840001
0,-0.000009,0.166667,0.166667,15.700161,0.027787,20568.656250,253.234694,90.999999,91.002206,45.500000,45.501103,5950,4840,0.200000,790.000000,0.000000,45.000000,1.825993,1.820046
0,0.000000,0.125000,0.125000,1.531004,0.022680,20553.500000,200.500000,58.000960,91.999996,29.000480,45.999998,6000,10,0.125000,630.000000,0.000000,25.000000,1.160076,1.840001
0,-0.000009,0.166667,0.166667,15.700161,0.027787,20568.656250,253.234694,90.999999,91.002206,45.500000,45.501103,5830,4840,0.200000,790.000000,0.000000,45.000000,1.825993,1.820046
0,-0.000009,0.166667,0.166667,15.700161,0.027787,20568.656250,253.234694,90.999999,91.002206,45.500000,45.501103,6540,4840,0.200000,790.000000,0.000000,45.000000,1.825993,1.820046
0,0.000000,0.125000,0.125000,1.531004,0.022680,20553.500000,200.500000,58.000960,91.999996,29.000480,45.999998,5990,10,0.125000,630.000000,0.000000,25.000000,1.160076,1.840001
0,0.000000,0.125000,0.125000,1.531004,0.022680,20553.500000,200.500000,58.000960,91.999996,29.000480,45.999998,6170,10,0.125000,630.000000,0.000000,25.000000,1.160076,1.840001
0,-0.000024,0.055556,0.052632,0.913969,0.247021,516.109844,2961.155556,84.615380,90.211631,42.307690,45.105815,6610,2960,0.055556,210.000000,0.000000,40.000000,1.693454,1.804243
0,-0.000024,0.055556,0.052632,0.913969,0.247021,516.109844,2961.155556,84.615380,90.211631,42.307690,45.105815,8110,2960,0.055556,210.000000,0.000000,40.000000,1.693454,1.804243
0,0.000090,0.769231,0.538462,0.001028,0.283573,54.851240,3373.805556,63.352284,91.111111,31.676142,45.555556,6360,10,0.769231,1960.000000,0.000000,30.000000,1.267046,1.822234
0,0.000090,0.769231,0.538462,0.001028,0.283573,54.851240,3373.805556,63.352284,91.111111,31.676142,45.555556,4860,10,0.769231,1960.000000,0.000000,30.000000,1.267046,1.822234
0,-0.000024,0.055556,0.052632,0.916951,0.168070,518.594380,1967.850000,76.043920,81.322742,38.021960,40.661371,2960,1760,0.055556,210.000000,0.000000,35.000000,1.522025,1.626462
0,-0.000024,0.055556,0.052632,0.913969,0.247021,516.109844,2961.155556,84.615380,90.211631,42.307690,45.105815,3800,2960,0.055556,210.000000,0.000000,40.000000,1.693454,1.804243
0,0.000090,0.769231,0.538462,0.001028,0.283573,54.851240,3373.805556,63.352284,91.111111,31.676142,45.555556,2050,10,0.769231,1960.000000,0.000000,30.000000,1.267046,1.822234
0,0.000000,0.125000,0.125000,0.010379,0.035013,118.000000,363.000000,75.730547,79.412276,37.865273,39.706138,430,130,0.125000,300.000000,0.000000,35.000000,1.514611,1.588247
0,-0.000069,0.111111,0.076923,0.004817,0.036110,108.080000,370.562500,67.916667,81.469336,33.958333,40.734668,5360,10,0.111111,720.000000,0.000000,30.000000,1.358334,1.629388
0,-0.000000,0.222222,0.153846,0.019122,0.477623,245.694444,8125.000000,58.582996,50.000000,29.291498,25.000000,6370,10,0.222222,640.000000,0.000000,25.000000,1.171661,0.000000
0,-0.000000,0.222222,0.153846,0.019122,0.477623,245.694444,8125.000000,58.582996,50.000000,29.291498,25.000000,5990,10,0.222222,640.000000,0.000000,25.000000,1.171661,0.000000
0,0.000000,0.111111,0.153846,0.022665,0.477623,306.361111,8125.000000,91.376481,50.000000,45.688240,25.000000,6220,140,0.153846,790.000000,0.000000,45.000000,1.827530,0.000000
0,-0.003128,0.888889,0.250000,0.020776,0.041081,340.312500,800.000000,60.717534,38.303713,30.358767,19.151857,5750,10,0.888889,880.000000,0.000000,30.000000,1.214351,0.000000
0,0.000000,1.000000,1.000000,0.294713,0.000000,960.160000,0.000000,48.722068,0.000000,24.361034,0.000000,390,10,1.000000,6620.000000,0.000000,20.000000,0.974488,0.000000
0,-0.003128,0.888889,0.250000,0.020776,0.041081,340.312500,800.000000,60.717534,38.303713,30.358767,19.151857,6130,10,0.888889,880.000000,0.000000,30.000000,1.214351,0.000000
0,0.000000,0.111111,0.153846,0.022665,0.477623,306.361111,8125.000000,91.376481,50.000000,45.688240,25.000000,5840,140,0.153846,790.000000,0.000000,45.000000,1.827530,0.000000
0,-0.000007,0.125000,0.095238,0.456291,0.023913,424.079431,401.285714,85.828451,41.071090,42.914226,20.535545,7670,5840,0.125000,1170.000000,0.000000,40.000000,1.717732,0.000000
0,-0.000007,0.125000,0.095238,0.456291,0.023913,424.079431,401.285714,85.828451,41.071090,42.914226,20.535545,7670,5460,0.125000,1170.000000,0.000000,40.000000,1.717732,0.000000
0,0.002288,0.090909,0.230769,0.680260,0.015221,5119.897959,282.562130,81.624827,41.479608,40.812414,20.739804,5230,5000,0.230769,240.000000,0.000000,40.000000,1.632610,0.000000
0,-0.001318,0.625000,0.600000,14.759589,0.271174,8239.000000,3969.000000,79.544115,39.756690,39.772057,19.878345,6420,4210,0.666667,1260.000000,0.000000,35.000000,1.606085,0.000000
0,0.000000,0.111111,0.111111,0.660129,0.017388,6732.000000,252.000000,80.486382,41.428192,40.243191,20.714096,5190,1450,0.111111,280.000000,0.000000,40.000000,1.609760,0.000000
0,-0.000003,0.312500,0.260870,0.371944,0.009603,4222.440000,170.828125,80.605674,42.307692,40.302837,21.153846,4310,4040,0.312500,1160.000000,0.000000,40.000000,1.612199,0.000000
0,-0.000000,0.052632,0.047619,0.812008,0.057161,421.173611,554.714034,79.565983,91.052333,39.782991,45.526166,5300,360,0.052632,1060.000000,0.000000,35.000000,1.592455,1.821050
0,-0.000000,0.083333,0.047619,1.340623,0.057161,946.935764,554.714034,81.135181,91.052333,40.567590,45.526166,4440,2860,0.083333,1920.000000,0.000000,40.000000,1.623907,1.821050
0,0.000000,0.250000,0.250000,0.019218,0.042433,198.513314,371.673600,89.999999,92.500000,45.000000,46.250000,4590,2960,0.250000,330.000000,0.000000,40.000000,1.800001,1.850002
0,-0.000075,0.750000,0.666667,0.006574,0.054129,100.256236,607.673600,60.000000,90.000000,30.000000,45.000000,3610,10,0.800000,1310.000000,0.000000,30.000000,1.200000,1.800003
0,0.000000,0.100000,0.100000,0.205884,0.135421,503.614669,1145.258979,79.853281,82.378405,39.926640,41.189203,2310,1550,0.100000,230.000000,0.000000,35.000000,1.597417,1.647576
0,-0.000356,0.111111,0.200000,1.073446,0.096045,8464.814815,777.600000,80.267651,40.644859,40.133825,20.322430,3530,1630,0.285714,1660.000000,0.000000,40.000000,1.605644,0.000000
0,0.000000,0.400000,0.400000,0.187908,0.127589,204.418896,1033.673600,89.999977,91.666667,44.999989,45.833333,2230,1550,0.400000,230.000000,0.000000,40.000000,1.800351,1.833341
0,0.000000,0.500000,0.500000,0.007778,0.026498,79.937500,364.000000,81.428340,82.500000,40.714170,41.250000,2960,990,0.500000,330.000000,0.000000,40.000000,1.628567,1.650001
0,-0.000356,0.250000,0.200000,0.070402,0.005459,723.527778,52.937500,51.382030,41.428535,25.691015,20.714267,4660,10,0.250000,530.000000,0.000000,25.000000,1.027644,0.000000
0,-0.000075,0.750000,0.666667,0.006574,0.054129,100.256236,607.673600,60.000000,90.000000,30.000000,45.000000,1150,10,0.800000,1310.000000,0.000000,30.000000,1.200000,1.800003
0,0.000000,0.250000,0.250000,0.019218,0.042433,198.513314,371.673600,89.999999,92.500000,45.000000,46.250000,2960,2130,0.250000,330.000000,0.000000,40.000000,1.800001,1.850002
0,0.000000,0.600000,0.600000,0.180517,0.111654,79.255000,1026.000000,81.428531,81.666667,40.714265,40.833333,1550,1090,0.600000,230.000000,0.000000,40.000000,1.628922,1.633340
0,-0.000038,0.500000,0.333333,0.019851,0.061960,266.262222,719.258979,50.952345,80.711739,25.476173,40.355869,1230,10,0.500000,1310.000000,0.000000,25.000000,1.019048,1.614238
0,0.000000,0.400000,0.400000,0.187908,0.127589,204.418896,1033.673600,89.999977,91.666667,44.999989,45.833333,4690,1550,0.400000,230.000000,0.000000,40.000000,1.800351,1.833341
0,0.000000,0.166667,0.166667,0.002061,0.005448,72.000000,101.250000,62.500004,42.000000,31.250002,21.000000,1230,10,0.166667,1410.000000,0.000000,30.000000,1.250000,0.000000
0,0.000000,0.500000,0.500000,0.003085,0.002203,81.375000,45.375000,70.000004,50.000000,35.000002,25.000000,7780,10,0.500000,1410.000000,0.000000,35.000000,1.400000,0.000000
0,0.000000,0.500000,0.500000,0.003085,0.002203,81.375000,45.375000,70.000004,50.000000,35.000002,25.000000,7460,10,0.500000,1410.000000,0.000000,35.000000,1.400000,0.000000
0,0.000000,1.000000,1.000000,0.079499,0.030250,950.666667,448.244898,61.158839,41.052451,30.579419,20.526226,4970,10,1.000000,1410.000000,0.000000,30.000000,1.223180,0.000000
0,-0.000038,0.058824,0.052632,0.039334,0.034048,406.810651,503.081633,91.803924,91.819803,45.901962,45.909901,5230,1350,0.058824,560.000000,0.000000,45.000000,1.836080,1.836397
0,-0.000038,0.058824,0.052632,0.039334,0.034048,406.810651,503.081633,91.803924,91.819803,45.901962,45.909901,5230,4260,0.058824,560.000000,0.000000,45.000000,1.836080,1.836397
0,-0.000038,0.058824,0.052632,0.039334,0.034048,406.810651,503.081633,91.803924,91.819803,45.901962,45.909901,5230,4680,0.058824,560.000000,0.000000,45.000000,1.836080,1.836397
0,0.000000,0.555556,0.555556,0.024823,0.042744,341.717531,550.000000,58.889557,50.000000,29.444778,25.000000,2990,10,0.555556,1210.000000,0.000000,25.000000,1.177792,0.000000
0,-0.000115,0.384615,0.181818,0.001202,0.004164,39.947531,52.937500,51.195913,39.995232,25.597956,19.997616,1980,10,0.416667,1210.000000,0.000000,25.000000,1.023918,0.000000
0,0.000000,0.555556,0.555556,0.024823,0.042744,341.717531,550.000000,58.889557,50.000000,29.444778,25.000000,3490,10,0.555556,1210.000000,0.000000,25.000000,1.177792,0.000000
0,0.000000,0.166667,0.166667,0.435767,0.013244,305.000000,225.000000,71.999997,81.180582,35.999999,40.590291,2030,1700,0.166667,480.000000,0.000000,35.000000,1.440728,1.623612
0,0.000000,0.555556,0.555556,0.024823,0.042744,341.717531,550.000000,58.889557,50.000000,29.444778,25.000000,3440,10,0.555556,1210.000000,0.000000,25.000000,1.177792,0.000000
0,0.000000,0.555556,0.555556,0.024823,0.042744,341.717531,550.000000,58.889557,50.000000,29.444778,25.000000,2440,10,0.555556,1210.000000,0.000000,25.000000,1.177792,0.000000
0,-0.000005,0.083333,0.062500,0.118787,0.023807,1714.197531,341.333333,47.869348,39.994057,23.934674,19.997028,3790,10,0.083333,1210.000000,0.000000,20.000000,0.957391,0.000000
0,-0.000001,0.500000,0.400000,0.018738,0.005605,192.000000,64.000000,40.107913,39.999912,20.053956,19.999956,1970,10,0.500000,1030.000000,0.000000,20.000000,0.802159,0.000000
0,0.000000,0.285714,0.285714,0.713055,0.092812,8421.111111,1200.000000,80.000000,39.195538,40.000000,19.597769,3070,2560,0.285714,440.000000,0.000000,35.000000,1.600199,0.000000
0,0.000000,0.062500,0.062500,4.314822,1.565776,1008.248514,24232.000000,81.449345,90.761456,40.724672,45.380728,4750,3030,0.062500,280.000000,0.000000,40.000000,1.640120,1.815280
0,0.000000,0.033333,0.043478,0.063983,0.192201,715.000739,2964.500000,90.739664,90.000000,45.369832,45.000000,6380,1980,0.047619,670.000000,0.000000,45.000000,1.814796,1.800006
0,0.000000,0.033333,0.043478,0.063983,0.192201,715.000739,2964.500000,90.739664,90.000000,45.369832,45.000000,3570,1980,0.047619,670.000000,0.000000,45.000000,1.814796,1.800006
0,0.000000,1.000000,1.000000,2.053566,0.339669,954.000000,4864.000000,87.500000,50.000000,43.750000,25.000000,2220,10,1.000000,2740.000000,0.000000,40.000000,1.752603,0.000000
0,0.000003,0.875000,0.843137,0.013072,1.531419,178.261235,23700.000000,47.896596,90.000000,23.948298,45.000000,2390,10,0.933333,2640.000000,0.000000,20.000000,0.957932,1.800050
0,-0.000556,0.222222,0.133333,0.172902,0.027950,2985.619835,511.600000,78.401314,80.995542,39.200657,40.497771,2280,1640,0.222222,370.000000,0.000000,35.000000,1.568031,1.619912
0,0.000000,0.062500,0.062500,4.314822,1.565776,1008.248514,24232.000000,81.449345,90.761456,40.724672,45.380728,3030,2290,0.062500,280.000000,0.000000,40.000000,1.640120,1.815280
0,0.000000,0.033333,0.043478,0.063983,0.192201,715.000739,2964.500000,90.739664,90.000000,45.369832,45.000000,7880,1980,0.047619,670.000000,0.000000,45.000000,1.814796,1.800006
0,0.000003,0.117647,0.843137,0.002071,1.531419,211.328163,23700.000000,76.851682,90.000000,38.425841,45.000000,90,10,0.933333,2560.000000,0.000000,35.000000,1.537034,1.800050
0,0.000000,1.000000,1.000000,2.053566,0.339669,954.000000,4864.000000,87.500000,50.000000,43.750000,25.000000,1810,10,1.000000,2740.000000,0.000000,40.000000,1.752603,0.000000
0,-0.000001,0.125000,0.133333,2.278212,1.374060,722.123457,22700.000000,53.958252,79.999685,26.979126,39.999843,1970,40,0.222222,2610.000000,0.000000,25.000000,1.082868,1.600035
0,0.000015,0.100000,0.125000,0.188633,0.059662,550.414072,1132.000000,80.739664,80.761456,40.369832,40.380728,2640,1980,0.125000,670.000000,0.000000,40.000000,1.615241,1.615231
0,-0.000278,0.111111,0.066667,0.162602,1.534064,2763.513314,23611.600000,87.660574,90.995542,43.830287,45.497771,2200,1640,0.111111,370.000000,0.000000,40.000000,1.753216,1.819961
0,0.000000,1.000000,1.000000,2.053566,0.339669,954.000000,4864.000000,87.500000,50.000000,43.750000,25.000000,480,10,1.000000,2740.000000,0.000000,40.000000,1.752603,0.000000
0,-0.000278,0.111111,0.066667,0.162602,1.534064,2763.513314,23611.600000,87.660574,90.995542,43.830287,45.497771,4660,1640,0.111111,370.000000,0.000000,40.000000,1.753216,1.819961
0,-0.000001,0.173913,0.102564,0.281231,0.052164,625.280000,790.586420,84.860276,87.269063,42.430138,43.634532,3600,2280,0.173913,2440.000000,0.000000,40.000000,1.697408,1.745383
0,-0.000008,0.023256,0.021277,1.139117,0.046000,1997.147929,751.200617,88.396673,87.269063,44.198337,43.634532,5620,1000,0.023256,420.000000,0.000000,40.000000,1.768449,1.745383
0,-0.000087,0.153846,0.166667,0.338704,0.043129,1543.606648,661.000000,80.084312,87.269063,40.042156,43.634532,5700,1020,0.181818,340.000000,0.000000,40.000000,1.602144,1.745383
0,-0.000000,0.200000,0.153846,0.126943,0.931890,1535.782313,14172.000000,80.245952,77.269063,40.122976,38.634532,5980,5310,0.200000,730.000000,0.000000,40.000000,1.604924,1.545412
0,0.000000,1.000000,1.000000,1.679114,0.000000,396.900000,0.000000,80.047003,0.000000,40.023502,0.000000,370,110,1.000000,1320.000000,0.000000,40.000000,1.606335,0.000000
0,0.000000,0.444444,0.444444,0.019359,0.024991,279.102041,354.000000,50.336489,77.476292,25.168244,38.738146,4650,10,0.444444,1390.000000,0.000000,25.000000,1.006730,1.549527
0,-0.000093,0.222222,0.166667,1.108327,0.043129,1495.000000,661.000000,79.825245,87.269063,39.912622,43.634532,5620,3970,0.222222,420.000000,0.000000,35.000000,1.597019,1.745383
0,-0.000001,0.173913,0.102564,0.281231,0.052164,625.280000,790.586420,84.860276,87.269063,42.430138,43.634532,3600,1830,0.173913,2440.000000,0.000000,40.000000,1.697408,1.745383
0,-0.000000,0.125000,0.086957,0.995589,0.095285,605.724286,1693.920000,76.339252,77.269058,38.169626,38.634529,4580,4010,0.125000,2030.000000,0.000000,35.000000,1.528755,1.545384
0,-0.000008,0.023256,0.021277,1.139117,0.046000,1997.147929,751.200617,88.396673,87.269063,44.198337,43.634532,5620,2140,0.023256,420.000000,0.000000,40.000000,1.768449,1.745383
0,-0.000001,0.173913,0.102564,0.281231,0.052164,625.280000,790.586420,84.860276,87.269063,42.430138,43.634532,3600,2330,0.173913,2440.000000,0.000000,40.000000,1.697408,1.745383
0,-0.000000,0.090909,0.083333,0.073110,0.068720,1743.413435,1110.000000,80.239870,78.269018,40.119935,39.134509,5100,3510,0.090909,940.000000,0.000000,40.000000,1.604799,1.565383
0,-0.000001,0.148148,0.102564,4.223348,0.052164,1309.861111,790.586420,84.456647,87.269063,42.228323,43.634532,3740,1420,0.166667,2300.000000,0.000000,40.000000,1.698158,1.745383
0,0.000000,0.333333,0.333333,0.000849,0.028446,132.640000,537.777778,76.861861,39.999735,38.430930,19.999867,1880,10,0.333333,1170.000000,0.000000,35.000000,1.537237,0.000000
0,0.000000,0.666667,0.666667,0.001461,0.000523,32.000000,16.000000,63.222081,40.256068,31.611041,20.128034,1340,10,0.666667,1710.000000,0.000000,30.000000,1.264442,0.000000
0,0.000000,0.666667,0.666667,0.001461,0.000523,32.000000,16.000000,63.222081,40.256068,31.611041,20.128034,890,10,0.666667,1710.000000,0.000000,30.000000,1.264442,0.000000
0,-0.000848,0.750000,0.545455,0.257451,0.008559,122.400000,222.750000,48.852140,41.002307,24.426070,20.501153,5000,10,0.750000,900.000000,0.000000,20.000000,0.977366,0.000000
0,0.000000,0.333333,0.333333,0.000849,0.028446,132.640000,537.777778,76.861861,39.999735,38.430930,19.999867,1430,10,0.333333,1170.000000,0.000000,35.000000,1.537237,0.000000
0,-0.000395,0.333333,0.272727,0.640269,0.019355,548.361111,363.204082,77.613897,40.769128,38.806949,20.384564,6260,680,0.333333,230.000000,0.000000,35.000000,1.552688,0.000000
0,0.000000,1.000000,1.000000,22.876881,0.000000,1200.000000,0.000000,79.999983,0.000000,39.999992,0.000000,1040,590,1.000000,2010.000000,0.000000,35.000000,1.818069,0.000000
0,-0.000001,0.333333,0.714286,0.013494,0.004907,232.000000,59.888889,47.361244,38.504451,23.680622,19.252226,4100,10,0.789474,4100.000000,0.000000,20.000000,0.947225,0.000000
0,0.000000,0.111111,0.111111,0.661087,0.236082,556.000000,2533.297521,78.361847,79.719292,39.180923,39.859646,5130,1620,0.111111,320.000000,0.000000,35.000000,1.567904,1.594397
0,-0.000003,1.000000,0.666667,0.033368,0.040480,499.617284,508.297521,50.106223,39.780963,25.053112,19.890482,4870,10,1.000000,580.000000,0.000000,25.000000,1.002126,0.000000
0,0.000000,0.111111,0.111111,0.004201,0.003440,74.571429,54.000000,83.095236,41.666667,41.547618,20.833333,3860,660,0.111111,250.000000,0.000000,40.000000,1.661905,0.000000
0,0.000000,0.444444,0.444444,0.044373,0.012830,124.642500,170.828125,82.845206,40.926811,41.422603,20.463406,4970,150,0.444444,440.000000,0.000000,40.000000,1.656945,0.000000
0,0.000000,0.041667,0.041667,1.834468,0.029198,1119.918367,534.484898,73.952595,91.052630,36.976297,45.526315,6400,1460,0.041667,160.000000,0.000000,35.000000,1.481476,1.821053
0,0.000000,0.500000,0.500000,0.006099,0.006315,110.000000,129.600000,79.999990,41.000000,39.999995,20.500000,5160,610,0.500000,1090.000000,0.000000,35.000000,1.600000,0.000000
0,0.000000,0.041667,0.041667,1.834468,0.029198,1119.918367,534.484898,73.952595,91.052630,36.976297,45.526315,6400,4820,0.041667,160.000000,0.000000,35.000000,1.481476,1.821053
0,-0.000000,0.285714,0.125000,0.009441,0.106899,88.101240,1440.750000,91.552657,90.000000,45.776328,45.000000,1680,660,0.285714,2660.000000,0.000000,45.000000,1.831054,1.800004
0,-0.000001,0.166667,0.153846,0.137796,0.034793,1125.320000,476.480000,79.350069,79.883876,39.675035,39.941938,4240,1540,0.166667,1100.000000,0.000000,35.000000,1.587014,1.597679
0,-0.000030,0.064516,0.083333,0.255089,0.284819,2756.325381,3896.444444,90.766071,90.714208,45.383036,45.357104,5100,3720,0.095238,620.000000,0.000000,45.000000,1.815333,1.814295
0,-0.000030,0.064516,0.083333,0.255089,0.284819,2756.325381,3896.444444,90.766071,90.714208,45.383036,45.357104,6530,5100,0.095238,620.000000,0.000000,45.000000,1.815333,1.814295
0,0.000000,0.055556,0.055556,2.925842,0.064347,825.141667,937.875000,89.772803,100.000000,44.886402,50.000000,7940,1130,0.055556,710.000000,0.000000,40.000000,1.802132,2.000002
0,-0.000000,0.111111,0.055556,1.549300,0.064347,356.595556,937.875000,84.285675,100.000000,42.142838,50.000000,5350,1510,0.111111,1800.000000,0.000000,40.000000,1.690427,2.000002
0,0.000000,0.400000,0.733333,0.032645,0.028874,470.666667,402.484375,81.333126,80.062875,40.666563,40.031438,3540,3390,0.733333,1800.000000,0.000000,40.000000,1.626664,1.601259
0,-0.000030,0.064516,0.083333,0.255089,0.284819,2756.325381,3896.444444,90.766071,90.714208,45.383036,45.357104,8030,5100,0.095238,620.000000,0.000000,45.000000,1.815333,1.814295
0,0.000000,0.125000,0.125000,0.118507,0.028606,2636.444444,404.000000,72.343424,78.634303,36.171712,39.317152,4630,10,0.125000,710.000000,0.000000,35.000000,1.446871,1.572687
0,0.000002,0.500000,0.375000,0.586129,0.077244,134.970556,1132.000000,84.457690,90.078172,42.228845,45.039086,6790,1550,0.500000,1860.000000,0.000000,40.000000,1.690785,1.801566
0,-0.000000,0.285714,0.125000,0.009441,0.106899,88.101240,1440.750000,91.552657,90.000000,45.776328,45.000000,4490,660,0.285714,2660.000000,0.000000,45.000000,1.831054,1.800004
0,0.000002,0.500000,0.375000,0.586129,0.077244,134.970556,1132.000000,84.457690,90.078172,42.228845,45.039086,5290,1550,0.500000,1860.000000,0.000000,40.000000,1.690785,1.801566
0,-0.000000,0.285714,0.125000,0.009441,0.106899,88.101240,1440.750000,91.552657,90.000000,45.776328,45.000000,5990,660,0.285714,2660.000000,0.000000,45.000000,1.831054,1.800004
0,-0.000000,0.111111,0.055556,1.549300,0.064347,356.595556,937.875000,84.285675,100.000000,42.142838,50.000000,2540,1510,0.111111,1800.000000,0.000000,40.000000,1.690427,2.000002
0,0.000000,0.055556,0.055556,2.925842,0.064347,825.141667,937.875000,89.772803,100.000000,44.886402,50.000000,3630,1130,0.055556,710.000000,0.000000,40.000000,1.802132,2.000002
0,0.000000,0.055556,0.055556,2.925842,0.064347,825.141667,937.875000,89.772803,100.000000,44.886402,50.000000,6440,1130,0.055556,710.000000,0.000000,40.000000,1.802132,2.000002
0,-0.000000,0.111111,0.055556,1.549300,0.064347,356.595556,937.875000,84.285675,100.000000,42.142838,50.000000,6850,1510,0.111111,1800.000000,0.000000,40.000000,1.690427,2.000002
0,0.000002,0.500000,0.375000,0.586129,0.077244,134.970556,1132.000000,84.457690,90.078172,42.228845,45.039086,2480,1550,0.500000,1860.000000,0.000000,40.000000,1.690785,1.801566
0,0.000000,0.333333,0.333333,0.643885,0.012678,6570.000000,320.000000,88.640379,39.988926,44.320189,19.994463,3950,1310,0.333333,190.000000,0.000000,40.000000,1.772839,0.000000
0,-0.000450,0.153846,0.083333,0.118952,0.518511,1646.222222,141.061224,100.000000,50.000000,50.000000,25.000000,4250,3850,0.153846,420.000000,0.000000,50.000000,2.000004,0.000000
0,-0.000001,0.333333,0.250000,0.144102,0.027169,1341.062500,700.000000,84.505600,40.146324,42.252800,20.073162,4170,1180,0.333333,910.000000,0.000000,40.000000,1.690120,0.000000
0,-0.000450,0.153846,0.083333,0.118952,0.518511,1646.222222,141.061224,100.000000,50.000000,50.000000,25.000000,4250,1290,0.153846,420.000000,0.000000,50.000000,2.000004,0.000000
0,-0.000450,0.153846,0.083333,0.118952,0.518511,1646.222222,141.061224,100.000000,50.000000,50.000000,25.000000,3850,2920,0.153846,420.000000,0.000000,50.000000,2.000004,0.000000
0,-0.000450,0.153846,0.083333,0.118952,0.518511,1646.222222,141.061224,100.000000,50.000000,50.000000,25.000000,4660,1290,0.153846,420.000000,0.000000,50.000000,2.000004,0.000000
0,0.000000,0.333333,0.333333,0.643885,0.012678,6570.000000,320.000000,88.640379,39.988926,44.320189,19.994463,5280,1310,0.333333,190.000000,0.000000,40.000000,1.772839,0.000000
0,-0.000450,0.153846,0.083333,0.118952,0.518511,1646.222222,141.061224,100.000000,50.000000,50.000000,25.000000,4660,3850,0.153846,420.000000,0.000000,50.000000,2.000004,0.000000
0,-0.000001,0.333333,0.250000,0.144102,0.027169,1341.062500,700.000000,84.505600,40.146324,42.252800,20.073162,3760,1180,0.333333,910.000000,0.000000,40.000000,1.690120,0.000000
0,-0.000450,0.153846,0.083333,0.118952,0.518511,1646.222222,141.061224,100.000000,50.000000,50.000000,25.000000,2920,1290,0.153846,420.000000,0.000000,50.000000,2.000004,0.000000
0,-0.000001,0.333333,0.250000,0.144102,0.027169,1341.062500,700.000000,84.505600,40.146324,42.252800,20.073162,2430,1180,0.333333,910.000000,0.000000,40.000000,1.690120,0.000000
0,0.000000,1.000000,1.000000,0.274003,0.000000,180.666667,0.000000,69.999880,0.000000,34.999940,0.000000,1340,10,1.000000,4130.000000,0.000000,30.000000,1.400463,0.000000
0,-0.000170,0.192308,0.172414,9.003807,0.053399,1434.784205,541.578824,78.025731,90.389125,39.012866,45.194562,8780,1050,0.192308,360.000000,0.000000,35.000000,1.602018,1.807785
0,-0.000168,0.416667,0.384615,0.084506,0.024516,997.554422,212.444444,56.666667,91.320442,28.333333,45.660221,1090,10,0.416667,320.000000,0.000000,25.000000,1.133337,1.826410
0,-0.000168,0.416667,0.384615,0.084506,0.024516,997.554422,212.444444,56.666667,91.320442,28.333333,45.660221,4020,10,0.416667,320.000000,0.000000,25.000000,1.133337,1.826410
0,0.000000,0.090909,0.090909,0.096262,0.058362,795.125000,507.770000,89.996299,85.858985,44.998149,42.929492,4160,3200,0.090909,180.000000,0.000000,40.000000,1.799932,1.717183
0,-0.000174,0.181818,0.172414,0.006345,0.053399,132.560000,541.578824,53.965668,90.389125,26.982834,45.194562,4810,10,0.380952,4330.000000,0.000000,25.000000,1.079314,1.807785
0,0.000000,0.090909,0.090909,0.096262,0.058362,795.125000,507.770000,89.996299,85.858985,44.998149,42.929492,3200,1230,0.090909,180.000000,0.000000,40.000000,1.799932,1.717183
0,0.000000,0.142857,0.142857,0.021706,0.014558,253.111111,335.555556,52.355757,74.423667,26.177878,37.211833,2100,10,0.142857,950.000000,0.000000,25.000000,1.047116,1.488474
0,-0.000143,0.100000,0.076923,1.073440,0.018981,272.375000,407.959184,85.000008,88.634304,42.500004,44.317152,1960,500,0.100000,1090.000000,0.000000,40.000000,1.702373,1.772687
0,-0.000143,0.125000,0.076923,1.076892,0.146601,338.000000,2652.000000,74.946875,78.559259,37.473438,39.279630,1960,420,0.125000,1090.000000,0.000000,35.000000,1.501311,1.571189
0,-0.000143,0.100000,0.076923,1.073440,0.018981,272.375000,407.959184,85.000008,88.634304,42.500004,44.317152,1960,500,0.100000,1090.000000,0.000000,40.000000,1.702373,1.772687
0,0.000000,0.250000,0.250000,0.239473,0.024573,667.852041,444.799308,66.666667,50.000000,33.333333,25.000000,3250,670,0.250000,120.000000,0.000000,30.000000,1.335168,0.000000
0,0.000000,0.250000,0.250000,0.239473,0.024573,667.852041,444.799308,66.666667,50.000000,33.333333,25.000000,4990,890,0.250000,120.000000,0.000000,30.000000,1.335168,0.000000
0,0.000000,0.250000,0.250000,0.239473,0.024573,667.852041,444.799308,66.666667,50.000000,33.333333,25.000000,3250,1650,0.250000,120.000000,0.000000,30.000000,1.335168,0.000000
0,0.000000,0.250000,0.250000,0.239473,0.024573,667.852041,444.799308,66.666667,50.000000,33.333333,25.000000,4580,890,0.250000,120.000000,0.000000,30.000000,1.335168,0.000000
0,0.000000,0.250000,0.250000,0.239473,0.024573,667.852041,444.799308,66.666667,50.000000,33.333333,25.000000,3250,890,0.250000,120.000000,0.000000,30.000000,1.335168,0.000000
0,0.000000,0.500000,1.000000,0.045313,0.000000,432.000000,0.000000,79.998858,0.000000,39.999429,0.000000,1030,620,1.000000,4080.000000,0.000000,35.000000,1.599980,0.000000
0,0.000000,0.250000,0.250000,0.239473,0.024573,667.852041,444.799308,66.666667,50.000000,33.333333,25.000000,4990,950,0.250000,120.000000,0.000000,30.000000,1.335168,0.000000
0,0.000000,0.250000,0.250000,0.239473,0.024573,667.852041,444.799308,66.666667,50.000000,33.333333,25.000000,3250,950,0.250000,120.000000,0.000000,30.000000,1.335168,0.000000
0,0.000000,0.250000,0.250000,0.239473,0.024573,667.852041,444.799308,66.666667,50.000000,33.333333,25.000000,4580,670,0.250000,120.000000,0.000000,30.000000,1.335168,0.000000
0,0.000000,0.500000,1.000000,0.344904,0.000000,2050.000000,0.000000,92.857143,0.000000,46.428571,0.000000,1750,10,1.000000,3360.000000,0.000000,45.000000,1.859346,0.000000
0,0.000000,0.250000,0.250000,0.239473,0.024573,667.852041,444.799308,66.666667,50.000000,33.333333,25.000000,7270,4990,0.250000,120.000000,0.000000,30.000000,1.335168,0.000000
0,0.000000,0.250000,0.250000,0.239473,0.024573,667.852041,444.799308,66.666667,50.000000,33.333333,25.000000,4580,950,0.250000,120.000000,0.000000,30.000000,1.335168,0.000000
0,0.000000,0.250000,0.250000,0.239473,0.024573,667.852041,444.799308,66.666667,50.000000,33.333333,25.000000,7270,4580,0.250000,120.000000,0.000000,30.000000,1.335168,0.000000
0,0.000000,0.250000,0.250000,0.239473,0.024573,667.852041,444.799308,66.666667,50.000000,33.333333,25.000000,4990,670,0.250000,120.000000,0.000000,30.000000,1.335168,0.000000
0,0.000000,0.250000,0.250000,0.239473,0.024573,667.852041,444.799308,66.666667,50.000000,33.333333,25.000000,3250,2430,0.250000,120.000000,0.000000,30.000000,1.335168,0.000000
0,0.000000,0.250000,0.250000,0.239473,0.024573,667.852041,444.799308,66.666667,50.000000,33.333333,25.000000,4990,2430,0.250000,120.000000,0.000000,30.000000,1.335168,0.000000
0,0.000000,0.250000,0.250000,0.239473,0.024573,667.852041,444.799308,66.666667,50.000000,33.333333,25.000000,4580,2430,0.250000,120.000000,0.000000,30.000000,1.335168,0.000000
0,0.000000,0.500000,1.000000,0.344904,0.000000,2050.000000,0.000000,92.857143,0.000000,46.428571,0.000000,1340,10,1.000000,3360.000000,0.000000,45.000000,1.859346,0.000000
0,0.000000,0.250000,0.250000,0.239473,0.024573,667.852041,444.799308,66.666667,50.000000,33.333333,25.000000,4990,1650,0.250000,120.000000,0.000000,30.000000,1.335168,0.000000
0,0.000000,0.250000,0.250000,0.239473,0.024573,667.852041,444.799308,66.666667,50.000000,33.333333,25.000000,4580,1650,0.250000,120.000000,0.000000,30.000000,1.335168,0.000000
0,0.000000,0.250000,0.250000,0.239473,0.024573,667.852041,444.799308,66.666667,50.000000,33.333333,25.000000,7270,3250,0.250000,120.000000,0.000000,30.000000,1.335168,0.000000
0,-0.000013,0.181818,0.120000,0.134183,0.054133,1267.161243,685.328824,80.334810,80.800035,40.167405,40.400017,6690,5270,0.214286,2490.000000,0.000000,40.000000,1.606703,1.616003
0,-0.000098,0.285714,0.150000,1.859858,0.022667,1244.250000,492.000000,77.755933,89.999992,38.877966,44.999996,1280,930,0.454545,3980.000000,0.000000,35.000000,1.559219,1.800000
0,-0.000738,0.750000,0.733333,0.042978,0.104202,578.000000,1900.000000,62.857143,100.000000,31.428571,50.000000,4180,10,0.785714,280.000000,0.000000,30.000000,1.257145,2.000003
0,-0.000738,0.750000,0.733333,0.042978,0.104202,578.000000,1900.000000,62.857143,100.000000,31.428571,50.000000,4680,10,0.785714,280.000000,0.000000,30.000000,1.257145,2.000003
0,0.000000,0.500000,0.500000,0.021773,0.026113,578.160000,570.750000,74.274241,89.704638,37.137121,44.852319,3580,10,0.500000,330.000000,0.000000,35.000000,1.485485,1.794093
0,-0.000098,0.333333,0.150000,0.060149,0.022667,347.222222,492.000000,91.999996,89.999992,45.999998,44.999996,810,10,0.454545,4450.000000,0.000000,45.000000,1.840006,1.800000
0,0.001586,0.500000,0.222222,0.078367,0.027968,304.572222,544.111111,90.020983,89.934731,45.010491,44.967365,2350,1340,0.500000,2110.000000,0.000000,45.000000,1.800459,1.798695
0,-0.000033,0.062500,0.050000,0.027285,0.020397,796.160000,462.750000,64.239270,79.704630,32.119635,39.852315,4930,10,0.062500,330.000000,0.000000,30.000000,1.284786,1.594093
0,0.000000,0.500000,0.500000,0.021773,0.026113,578.160000,570.750000,74.274241,89.704638,37.137121,44.852319,4580,10,0.500000,330.000000,0.000000,35.000000,1.485485,1.794093
0,0.000000,1.000000,1.000000,0.827166,0.104202,256.942222,1900.000000,57.058824,100.000000,28.529412,50.000000,3330,10,1.000000,1580.000000,0.000000,25.000000,1.142620,2.000003
0,0.000000,0.500000,0.500000,0.021773,0.026113,578.160000,570.750000,74.274241,89.704638,37.137121,44.852319,4130,10,0.500000,330.000000,0.000000,35.000000,1.485485,1.794093
0,0.001586,0.500000,0.222222,0.078367,0.027968,304.572222,544.111111,90.020983,89.934731,45.010491,44.967365,2800,1340,0.500000,2110.000000,0.000000,45.000000,1.800459,1.798695
0,-0.000738,0.750000,0.733333,0.042978,0.104202,578.000000,1900.000000,62.857143,100.000000,31.428571,50.000000,3630,10,0.785714,280.000000,0.000000,30.000000,1.257145,2.000003
0,0.000000,1.000000,1.000000,0.827166,0.104202,256.942222,1900.000000,57.058824,100.000000,28.529412,50.000000,2330,10,1.000000,1580.000000,0.000000,25.000000,1.142620,2.000003
0,-0.000098,0.285714,0.150000,1.859858,0.022667,1244.250000,492.000000,77.755933,89.999992,38.877966,44.999996,1280,980,0.454545,3980.000000,0.000000,35.000000,1.559219,1.800000
0,0.001586,0.500000,0.222222,0.078367,0.027968,304.572222,544.111111,90.020983,89.934731,45.010491,44.967365,2850,1340,0.500000,2110.000000,0.000000,45.000000,1.800459,1.798695
0,0.000000,1.000000,1.000000,0.827166,0.104202,256.942222,1900.000000,57.058824,100.000000,28.529412,50.000000,2880,10,1.000000,1580.000000,0.000000,25.000000,1.142620,2.000003
0,0.001586,0.500000,0.222222,0.078367,0.027968,304.572222,544.111111,90.020983,89.934731,45.010491,44.967365,1800,1340,0.500000,2110.000000,0.000000,45.000000,1.800459,1.798695
0,-0.000738,0.750000,0.733333,0.042978,0.104202,578.000000,1900.000000,62.857143,100.000000,31.428571,50.000000,4630,10,0.785714,280.000000,0.000000,30.000000,1.257145,2.000003
0,0.000000,0.500000,0.500000,0.021773,0.026113,578.160000,570.750000,74.274241,89.704638,37.137121,44.852319,4630,10,0.500000,330.000000,0.000000,35.000000,1.485485,1.794093
0,0.000000,1.000000,1.000000,0.827166,0.104202,256.942222,1900.000000,57.058824,100.000000,28.529412,50.000000,3380,10,1.000000,1580.000000,0.000000,25.000000,1.142620,2.000003
0,-0.000098,0.142857,0.150000,0.055390,0.022667,896.666667,492.000000,81.517182,89.999992,40.758591,44.999996,1360,10,0.454545,3900.000000,0.000000,40.000000,1.630345,1.800000
0,0.000000,0.500000,0.500000,0.691693,0.097490,427.109694,1215.000000,82.070565,40.734951,41.035282,20.367476,2250,1630,0.500000,310.000000,0.000000,40.000000,1.642010,0.000000
0,0.000000,0.083333,0.083333,0.724987,0.185200,837.734694,2207.250000,81.654300,80.848739,40.827150,40.424369,7740,2250,0.083333,310.000000,0.000000,40.000000,1.633686,1.616983
0,-0.000010,0.555556,0.500000,0.216438,0.087710,1046.250000,992.250000,79.128263,40.113787,39.564132,20.056894,7690,1580,0.555556,360.000000,0.000000,35.000000,1.582680,0.000000
0,0.000000,0.750000,0.750000,0.023876,0.013180,388.640000,163.840000,48.609192,40.689017,24.304596,20.344509,6810,10,0.750000,570.000000,0.000000,20.000000,0.972185,0.000000
0,0.000000,0.500000,0.500000,0.003806,0.004727,74.000000,54.000000,49.665059,41.666667,24.832529,20.833333,540,10,0.500000,570.000000,0.000000,20.000000,0.993301,0.000000
0,0.000000,0.333333,0.333333,0.183008,0.028885,272.201389,628.000000,73.249651,80.349298,36.624826,40.174649,850,450,0.333333,290.000000,0.000000,35.000000,1.465957,1.606987
0,0.000000,0.666667,0.666667,0.367192,0.045077,2608.000000,700.000000,79.999363,80.256068,39.999682,40.128034,1760,780,0.666667,1120.000000,0.000000,35.000000,1.600525,1.605123
0,0.000000,1.000000,1.000000,0.038453,0.474644,605.686864,5292.000000,58.333747,50.000000,29.166874,25.000000,2470,10,1.000000,230.000000,0.000000,25.000000,1.166676,0.000000
0,0.000000,1.000000,1.000000,0.038453,0.474644,605.686864,5292.000000,58.333747,50.000000,29.166874,25.000000,930,10,1.000000,230.000000,0.000000,25.000000,1.166676,0.000000
0,0.000000,1.000000,1.000000,0.038453,0.474644,605.686864,5292.000000,58.333747,50.000000,29.166874,25.000000,710,10,1.000000,230.000000,0.000000,25.000000,1.166676,0.000000
0,0.000000,1.000000,1.000000,0.038453,0.474644,605.686864,5292.000000,58.333747,50.000000,29.166874,25.000000,7310,10,1.000000,230.000000,0.000000,25.000000,1.166676,0.000000
0,0.000000,1.000000,1.000000,0.038453,0.474644,605.686864,5292.000000,58.333747,50.000000,29.166874,25.000000,990,10,1.000000,230.000000,0.000000,25.000000,1.166676,0.000000
0,0.000000,1.000000,1.000000,0.038453,0.474644,605.686864,5292.000000,58.333747,50.000000,29.166874,25.000000,1690,10,1.000000,230.000000,0.000000,25.000000,1.166676,0.000000
0,-0.000100,0.090909,0.100000,0.004084,0.194663,232.701389,2567.937500,85.897425,89.588455,42.948712,44.794228,3290,10,0.117647,280.000000,0.000000,40.000000,1.717949,1.791776
0,-0.000084,0.105263,0.100000,16.535655,0.194663,2212.048611,2567.937500,81.276972,89.588455,40.638486,44.794228,4380,3420,0.105263,150.000000,0.000000,40.000000,1.694808,1.791776
0,0.000437,0.181818,0.400000,0.002121,2.505762,81.097500,1364.111111,64.246189,76.540392,32.123094,38.270196,3120,10,0.400000,450.000000,0.000000,30.000000,1.284924,1.534763
0,-0.000084,0.105263,0.100000,16.535655,0.194663,2212.048611,2567.937500,81.276972,89.588455,40.638486,44.794228,3420,1450,0.105263,150.000000,0.000000,40.000000,1.694808,1.791776
0,-0.000132,0.062500,0.100000,2.113245,0.219171,20842.091942,3246.938776,89.940205,86.256926,44.970103,43.128463,4810,2910,0.222222,3070.000000,0.000000,40.000000,1.798911,1.725146
0,-0.000132,0.062500,0.100000,2.113245,0.219171,20842.091942,3246.938776,89.940205,86.256926,44.970103,43.128463,3840,2910,0.222222,3070.000000,0.000000,40.000000,1.798911,1.725146
0,-0.000530,0.500000,0.400000,0.253813,0.118991,545.040000,1665.333333,90.138152,90.918555,45.069076,45.459278,2690,2250,0.500000,1720.000000,0.000000,45.000000,1.802964,1.818375
0,-0.000132,0.166667,0.100000,1.969400,0.219171,19468.166667,3246.938776,81.606302,86.256926,40.803151,43.128463,2910,900,0.222222,3070.000000,0.000000,40.000000,1.632226,1.725146
0,-0.000000,0.222222,0.153846,0.128569,0.013600,1898.000000,190.562500,79.947211,79.063983,39.973605,39.531991,5310,4190,0.222222,630.000000,0.000000,35.000000,1.598949,1.581280
0,-0.000530,0.500000,0.400000,0.253813,0.118991,545.040000,1665.333333,90.138152,90.918555,45.069076,45.459278,5190,2690,0.500000,1720.000000,0.000000,45.000000,1.802964,1.818375
0,-0.000530,0.500000,0.400000,0.253813,0.118991,545.040000,1665.333333,90.138152,90.918555,45.069076,45.459278,6160,2690,0.500000,1720.000000,0.000000,45.000000,1.802964,1.818375
0,-0.000000,0.083333,0.071429,0.247676,0.003804,2346.333333,73.328125,81.666667,41.538462,40.833333,20.769231,5130,4300,0.083333,1110.000000,0.000000,40.000000,1.633346,0.000000
0,0.000046,0.181818,0.571429,0.359293,0.035178,4813.888889,576.000000,55.999363,50.000000,27.999681,25.000000,5820,10,0.571429,420.000000,0.000000,25.000000,1.120001,0.000000
0,0.000000,0.166667,0.166667,0.948566,0.045023,389.000000,821.000000,78.606796,90.000000,39.303398,45.000000,7570,100,0.166667,330.000000,0.000000,35.000000,1.575192,1.800001
0,0.000000,0.166667,0.166667,1.226327,0.045023,389.000000,821.000000,78.606796,90.000000,39.303398,45.000000,7570,3210,0.166667,330.000000,0.000000,35.000000,1.577269,1.800001
0,0.000051,0.166667,0.571429,1.121737,0.035178,2498.062500,576.000000,79.939938,50.000000,39.969969,25.000000,5130,2430,0.571429,1110.000000,0.000000,35.000000,1.600386,0.000000
0,-0.000000,0.714286,0.333333,0.337856,0.009846,964.308642,245.000000,79.047519,40.000000,39.523760,20.000000,5090,3430,0.750000,2810.000000,0.000000,35.000000,1.581288,0.000000
0,-0.000476,0.166667,0.142857,1.737511,0.054859,486.535156,845.000000,73.237492,80.742252,36.618746,40.371126,6540,5140,0.166667,670.000000,0.000000,35.000000,1.467911,1.614847
0,0.000000,0.285714,0.285714,0.938953,0.075104,160.000000,755.555556,81.106769,50.000000,40.553384,25.000000,560,100,0.285714,410.000000,0.000000,40.000000,1.625191,0.000000
0,0.000000,1.000000,1.000000,0.016105,0.230609,281.408163,734.096939,62.500000,44.444444,31.250000,22.222222,1450,10,1.000000,960.000000,0.000000,30.000000,1.250000,0.000000
0,0.000000,0.285714,0.285714,0.006393,0.075104,114.775510,755.555556,53.499840,50.000000,26.749920,25.000000,2660,10,0.285714,960.000000,0.000000,25.000000,1.069997,0.000000
0,0.000000,1.000000,1.000000,0.016105,0.230609,281.408163,734.096939,62.500000,44.444444,31.250000,22.222222,4360,10,1.000000,960.000000,0.000000,30.000000,1.250000,0.000000
0,0.000000,1.000000,1.000000,0.016105,0.230609,281.408163,734.096939,62.500000,44.444444,31.250000,22.222222,4780,10,1.000000,960.000000,0.000000,30.000000,1.250000,0.000000
0,0.000000,0.285714,0.285714,0.814503,0.049056,392.320000,468.000000,80.000000,40.410086,40.000000,20.205043,1440,840,0.285714,130.000000,0.000000,35.000000,1.600879,0.000000
0,0.000036,0.050000,0.066667,0.055837,0.186211,244.000000,3117.703125,81.468707,90.240251,40.734354,45.120125,4140,1410,0.066667,380.000000,0.000000,40.000000,1.629391,1.804811
0,0.000036,0.050000,0.066667,0.055837,0.186211,244.000000,3117.703125,81.468707,90.240251,40.734354,45.120125,4440,4140,0.066667,380.000000,0.000000,40.000000,1.629391,1.804811
0,-0.000944,0.500000,0.153846,17.319480,0.022241,3622.000000,538.720000,83.333333,91.369423,41.666667,45.684711,3730,10,0.500000,970.000000,0.000000,40.000000,1.708213,1.827389
0,-0.000944,0.500000,0.153846,17.319480,0.022241,3622.000000,538.720000,83.333333,91.369423,41.666667,45.684711,570,10,0.500000,970.000000,0.000000,40.000000,1.708213,1.827389
0,0.000002,0.058824,0.062500,0.111943,0.234783,1396.331590,5429.148148,100.000000,100.000000,50.000000,50.000000,6360,1670,0.250000,1360.000000,0.000000,50.000000,2.000004,2.000005
0,0.000002,0.058824,0.062500,0.111943,0.234783,1396.331590,5429.148148,100.000000,100.000000,50.000000,50.000000,1520,530,0.250000,1360.000000,0.000000,50.000000,2.000004,2.000005
0,0.000003,0.026316,0.062500,0.053762,0.234783,998.621613,5429.148148,97.368421,100.000000,48.684211,50.000000,780,10,0.064516,1110.000000,0.000000,45.000000,1.947370,2.000005
0,0.000000,0.333333,0.333333,1.277373,0.011550,2084.000000,245.000000,62.497297,41.404669,31.248649,20.702334,2930,10,0.333333,130.000000,0.000000,30.000000,1.250344,0.000000
0,0.000002,0.058824,0.062500,0.111943,0.234783,1396.331590,5429.148148,100.000000,100.000000,50.000000,50.000000,740,530,0.250000,1360.000000,0.000000,50.000000,2.000004,2.000005
0,0.000002,0.058824,0.062500,0.111943,0.234783,1396.331590,5429.148148,100.000000,100.000000,50.000000,50.000000,1670,740,0.250000,1360.000000,0.000000,50.000000,2.000004,2.000005
0,-0.000000,0.125000,0.200000,0.030662,0.006920,293.588889,169.148148,80.878119,91.378034,40.439059,45.689017,1880,1480,0.375000,1550.000000,0.000000,40.000000,1.617564,1.827561
0,0.000002,0.058824,0.062500,0.111943,0.234783,1396.331590,5429.148148,100.000000,100.000000,50.000000,50.000000,1670,1520,0.250000,1360.000000,0.000000,50.000000,2.000004,2.000005
0,0.000002,0.058824,0.062500,0.111943,0.234783,1396.331590,5429.148148,100.000000,100.000000,50.000000,50.000000,6360,530,0.250000,1360.000000,0.000000,50.000000,2.000004,2.000005
0,0.000059,0.222222,0.266667,0.183166,0.151380,2061.888889,3209.148148,46.590059,90.087267,23.295030,45.043633,2680,10,0.266667,1880.000000,0.000000,20.000000,0.931809,1.801749
0,0.000059,0.333333,0.266667,0.023014,0.151380,326.632653,3209.148148,49.012879,90.087267,24.506440,45.043633,1540,10,0.333333,3020.000000,0.000000,20.000000,0.980259,1.801749
0,-0.000000,0.375000,0.200000,0.289572,0.006920,158.071429,169.148148,76.987025,91.378034,38.493513,45.689017,1880,340,0.375000,1550.000000,0.000000,35.000000,1.540790,1.827561
0,0.000003,0.026316,0.062500,0.053762,0.234783,998.621613,5429.148148,97.368421,100.000000,48.684211,50.000000,1920,10,0.064516,1110.000000,0.000000,45.000000,1.947370,2.000005
0,0.000003,0.026316,0.062500,0.363918,0.234783,641.844291,5429.148148,90.514325,100.000000,45.257163,50.000000,1170,680,0.064516,720.000000,0.000000,45.000000,1.810522,2.000005
0,0.000002,0.029412,0.062500,0.066765,0.234783,1100.639706,5429.148148,97.058824,100.000000,48.529412,50.000000,560,10,0.222222,1330.000000,0.000000,45.000000,1.941179,2.000005
0,0.000003,0.026316,0.062500,0.363918,0.234783,641.844291,5429.148148,90.514325,100.000000,45.257163,50.000000,2310,680,0.064516,720.000000,0.000000,45.000000,1.810522,2.000005
0,-0.001654,0.125000,0.111111,1.296532,0.026492,1645.000000,540.000000,79.028417,50.000000,39.514208,25.000000,3410,2410,0.272727,650.000000,0.000000,35.000000,1.581773,0.000000
0,-0.001654,0.500000,0.111111,0.019002,0.026492,513.000000,540.000000,79.999266,50.000000,39.999633,25.000000,5730,1650,0.500000,1410.000000,0.000000,35.000000,1.599986,0.000000
0,0.000002,0.029412,0.062500,0.066765,0.234783,1100.639706,5429.148148,97.058824,100.000000,48.529412,50.000000,1700,10,0.222222,1330.000000,0.000000,45.000000,1.941179,2.000005
0,0.000000,0.111111,0.111111,0.095776,0.026241,378.516582,459.875000,72.943302,79.908605,36.471651,39.954303,6610,2940,0.111111,360.000000,0.000000,35.000000,1.459037,1.598173
0,0.000000,0.062500,0.062500,598.820740,0.066061,25136.000000,1011.500000,88.628828,38.638670,44.314414,19.319335,5250,2640,0.062500,430.000000,0.000000,40.000000,9.075738,0.000000
0,-0.000000,0.300000,0.062500,16.153403,0.066061,13077.000000,1011.500000,91.051035,38.638670,45.525517,19.319335,1400,810,0.300000,1670.000000,0.000000,45.000000,1.853404,0.000000
0,-0.000000,0.300000,0.062500,16.153403,0.066061,13077.000000,1011.500000,91.051035,38.638670,45.525517,19.319335,7210,1400,0.300000,1670.000000,0.000000,45.000000,1.853404,0.000000
0,0.000000,1.000000,1.000000,0.362182,0.000000,156.444444,0.000000,74.284994,0.000000,37.142497,0.000000,6410,10,1.000000,2490.000000,0.000000,35.000000,1.488323,0.000000
0,0.000000,0.500000,0.500000,0.708171,0.489215,7083.000000,7056.000000,96.729842,40.415444,48.364921,20.207722,2390,10,0.500000,110.000000,0.000000,45.000000,1.943884,0.000000
0,0.000000,1.000000,1.000000,728.055497,0.000000,49096.000000,0.000000,96.470588,0.000000,48.235294,0.000000,8450,5250,1.000000,450.000000,0.000000,45.000000,9.572888,0.000000
0,0.000000,1.000000,1.000000,728.055497,0.000000,49096.000000,0.000000,96.470588,0.000000,48.235294,0.000000,5250,2050,1.000000,450.000000,0.000000,45.000000,9.572888,0.000000
0,0.000000,0.500000,0.500000,0.708171,0.489215,7083.000000,7056.000000,96.729842,40.415444,48.364921,20.207722,8790,10,0.500000,110.000000,0.000000,45.000000,1.943884,0.000000
0,0.000000,0.500000,0.500000,0.708171,0.489215,7083.000000,7056.000000,96.729842,40.415444,48.364921,20.207722,5590,10,0.500000,110.000000,0.000000,45.000000,1.943884,0.000000
0,-0.000002,0.181818,0.166667,0.000875,0.003245,56.616389,63.000000,61.837056,50.000000,30.918528,25.000000,9230,10,0.181818,330.000000,0.000000,30.000000,1.236741,0.000000
0,0.000000,0.076923,0.076923,0.001065,0.001498,55.576389,28.000000,61.837056,50.000000,30.918528,25.000000,3850,10,0.076923,330.000000,0.000000,30.000000,1.236741,0.000000
0,0.000000,0.461538,0.461538,0.018225,0.022627,428.687500,332.750000,52.837056,41.338408,26.418528,20.669204,3520,10,0.461538,330.000000,0.000000,25.000000,1.056742,0.000000
0,0.000000,0.058824,0.058824,0.001577,0.002218,63.576389,36.000000,52.548605,42.221867,26.274302,21.110933,2840,10,0.058824,330.000000,0.000000,25.000000,1.050972,0.000000
0,0.000000,0.043478,0.043478,0.023652,0.037872,571.351899,597.333333,52.713593,40.932370,26.356796,20.466185,6740,10,0.043478,330.000000,0.000000,25.000000,1.054272,0.000000
0,-0.000005,0.588235,0.555556,0.003824,0.004072,113.816389,70.083333,61.837056,50.000000,30.918528,25.000000,1800,10,0.588235,330.000000,0.000000,30.000000,1.236741,0.000000
0,-0.000023,0.050000,0.045455,0.018502,0.022256,390.780471,315.875000,52.606286,40.607986,26.303143,20.303993,6720,10,0.050000,330.000000,0.000000,25.000000,1.052126,0.000000
0,0.000000,0.500000,0.500000,0.004673,0.006573,149.076389,121.500000,51.830968,41.666666,25.915484,20.833333,350,10,0.500000,330.000000,0.000000,25.000000,1.036619,0.000000
0,-0.001491,0.555556,0.200000,0.000715,0.008769,42.888889,144.000000,51.353949,40.000000,25.676974,20.000000,3050,10,0.555556,330.000000,0.000000,25.000000,1.027079,0.000000
0,-0.000002,0.181818,0.166667,0.000875,0.003245,56.616389,63.000000,61.837056,50.000000,30.918528,25.000000,9550,10,0.181818,330.000000,0.000000,30.000000,1.236741,0.000000
0,0.000000,0.076923,0.076923,0.001065,0.001498,55.576389,28.000000,61.837056,50.000000,30.918528,25.000000,6700,10,0.076923,330.000000,0.000000,30.000000,1.236741,0.000000
0,0.000000,0.076923,0.076923,0.682131,0.008403,137.826389,110.250000,73.727599,40.562386,36.863799,20.281193,2850,230,0.076923,110.000000,0.000000,35.000000,1.476655,0.000000
0,-0.000005,0.588235,0.555556,0.003824,0.004072,113.816389,70.083333,61.837056,50.000000,30.918528,25.000000,5160,10,0.588235,330.000000,0.000000,30.000000,1.236741,0.000000
0,-0.000041,0.200000,0.142857,0.054683,0.062478,601.777778,686.000000,60.013825,40.629046,30.006913,20.314523,5850,1390,0.200000,370.000000,0.000000,30.000000,1.200281,0.000000
0,-0.000070,0.166667,0.285714,0.294069,0.002927,784.000000,45.000000,83.292453,39.999991,41.646226,19.999995,5550,1630,0.400000,670.000000,0.000000,40.000000,1.665905,0.000000
0,0.000000,0.857143,0.857143,0.003075,0.012381,78.720000,332.750000,62.500000,39.639115,31.250000,19.819558,4350,10,0.857143,760.000000,0.000000,30.000000,1.250000,0.000000
0,0.000000,0.714286,0.714286,0.022929,0.019347,458.361111,540.000000,72.500000,50.000000,36.250000,25.000000,3440,10,0.714286,760.000000,0.000000,35.000000,1.450001,0.000000
0,0.000000,0.714286,0.714286,0.022929,0.019347,458.361111,540.000000,72.500000,50.000000,36.250000,25.000000,6520,10,0.714286,760.000000,0.000000,35.000000,1.450001,0.000000
